page,source_url,screenshot,screenshot_sha256,table,key,field,expected,actual,passed
Tier 1 Santiago Haven,https://www.vlr.gg/625788/gentle-mates-vs-edward-gaming-valorant-masters-santiago-2026-r1/?game=254143,screenshots/audit-santiago-stats.png,3a46ff6c2ea28f301a1b51c4a094ebf2e621f11622bd1d10d0f2af64a2064030,map_outcomes.csv,"{""map_id"": 254143, ""match_id"": 625788}",map_name,Haven,Haven,True
Tier 1 Santiago Haven,https://www.vlr.gg/625788/gentle-mates-vs-edward-gaming-valorant-masters-santiago-2026-r1/?game=254143,screenshots/audit-santiago-stats.png,3a46ff6c2ea28f301a1b51c4a094ebf2e621f11622bd1d10d0f2af64a2064030,map_outcomes.csv,"{""map_id"": 254143, ""match_id"": 625788}",team1_name,Gentle Mates,Gentle Mates,True
Tier 1 Santiago Haven,https://www.vlr.gg/625788/gentle-mates-vs-edward-gaming-valorant-masters-santiago-2026-r1/?game=254143,screenshots/audit-santiago-stats.png,3a46ff6c2ea28f301a1b51c4a094ebf2e621f11622bd1d10d0f2af64a2064030,map_outcomes.csv,"{""map_id"": 254143, ""match_id"": 625788}",team2_name,EDward Gaming,EDward Gaming,True
Tier 1 Santiago Haven,https://www.vlr.gg/625788/gentle-mates-vs-edward-gaming-valorant-masters-santiago-2026-r1/?game=254143,screenshots/audit-santiago-stats.png,3a46ff6c2ea28f301a1b51c4a094ebf2e621f11622bd1d10d0f2af64a2064030,map_outcomes.csv,"{""map_id"": 254143, ""match_id"": 625788}",team1_rounds,13,13,True
Tier 1 Santiago Haven,https://www.vlr.gg/625788/gentle-mates-vs-edward-gaming-valorant-masters-santiago-2026-r1/?game=254143,screenshots/audit-santiago-stats.png,3a46ff6c2ea28f301a1b51c4a094ebf2e621f11622bd1d10d0f2af64a2064030,map_outcomes.csv,"{""map_id"": 254143, ""match_id"": 625788}",team2_rounds,11,11,True
Tier 1 Santiago Haven,https://www.vlr.gg/625788/gentle-mates-vs-edward-gaming-valorant-masters-santiago-2026-r1/?game=254143,screenshots/audit-santiago-stats.png,3a46ff6c2ea28f301a1b51c4a094ebf2e621f11622bd1d10d0f2af64a2064030,map_outcomes.csv,"{""map_id"": 254143, ""match_id"": 625788}",rounds,24,24,True
Tier 1 Santiago Haven,https://www.vlr.gg/625788/gentle-mates-vs-edward-gaming-valorant-masters-santiago-2026-r1/?game=254143,screenshots/audit-santiago-stats.png,3a46ff6c2ea28f301a1b51c4a094ebf2e621f11622bd1d10d0f2af64a2064030,player_map_stats.csv,"{""handle"": ""Minny"", ""map_id"": 254143, ""match_id"": 625788}",vlr_rating,1.33,1.33,True
Tier 1 Santiago Haven,https://www.vlr.gg/625788/gentle-mates-vs-edward-gaming-valorant-masters-santiago-2026-r1/?game=254143,screenshots/audit-santiago-stats.png,3a46ff6c2ea28f301a1b51c4a094ebf2e621f11622bd1d10d0f2af64a2064030,player_map_stats.csv,"{""handle"": ""Minny"", ""map_id"": 254143, ""match_id"": 625788}",acs,241,241,True
Tier 1 Santiago Haven,https://www.vlr.gg/625788/gentle-mates-vs-edward-gaming-valorant-masters-santiago-2026-r1/?game=254143,screenshots/audit-santiago-stats.png,3a46ff6c2ea28f301a1b51c4a094ebf2e621f11622bd1d10d0f2af64a2064030,player_map_stats.csv,"{""handle"": ""Minny"", ""map_id"": 254143, ""match_id"": 625788}",kills,21,21,True
Tier 1 Santiago Haven,https://www.vlr.gg/625788/gentle-mates-vs-edward-gaming-valorant-masters-santiago-2026-r1/?game=254143,screenshots/audit-santiago-stats.png,3a46ff6c2ea28f301a1b51c4a094ebf2e621f11622bd1d10d0f2af64a2064030,player_map_stats.csv,"{""handle"": ""Minny"", ""map_id"": 254143, ""match_id"": 625788}",deaths,16,16,True
Tier 1 Santiago Haven,https://www.vlr.gg/625788/gentle-mates-vs-edward-gaming-valorant-masters-santiago-2026-r1/?game=254143,screenshots/audit-santiago-stats.png,3a46ff6c2ea28f301a1b51c4a094ebf2e621f11622bd1d10d0f2af64a2064030,player_map_stats.csv,"{""handle"": ""Minny"", ""map_id"": 254143, ""match_id"": 625788}",assists,5,5,True
Tier 1 Santiago Haven,https://www.vlr.gg/625788/gentle-mates-vs-edward-gaming-valorant-masters-santiago-2026-r1/?game=254143,screenshots/audit-santiago-stats.png,3a46ff6c2ea28f301a1b51c4a094ebf2e621f11622bd1d10d0f2af64a2064030,player_map_stats.csv,"{""handle"": ""Minny"", ""map_id"": 254143, ""match_id"": 625788}",kast_pct,71,71,True
Tier 1 Santiago Haven,https://www.vlr.gg/625788/gentle-mates-vs-edward-gaming-valorant-masters-santiago-2026-r1/?game=254143,screenshots/audit-santiago-stats.png,3a46ff6c2ea28f301a1b51c4a094ebf2e621f11622bd1d10d0f2af64a2064030,player_map_stats.csv,"{""handle"": ""Minny"", ""map_id"": 254143, ""match_id"": 625788}",adr,163,163,True
Tier 1 Santiago Haven,https://www.vlr.gg/625788/gentle-mates-vs-edward-gaming-valorant-masters-santiago-2026-r1/?game=254143,screenshots/audit-santiago-stats.png,3a46ff6c2ea28f301a1b51c4a094ebf2e621f11622bd1d10d0f2af64a2064030,player_map_stats.csv,"{""handle"": ""Minny"", ""map_id"": 254143, ""match_id"": 625788}",hs_pct,42,42,True
Tier 1 Santiago Haven,https://www.vlr.gg/625788/gentle-mates-vs-edward-gaming-valorant-masters-santiago-2026-r1/?game=254143,screenshots/audit-santiago-stats.png,3a46ff6c2ea28f301a1b51c4a094ebf2e621f11622bd1d10d0f2af64a2064030,player_map_stats.csv,"{""handle"": ""Minny"", ""map_id"": 254143, ""match_id"": 625788}",first_kills,1,1,True
Tier 1 Santiago Haven,https://www.vlr.gg/625788/gentle-mates-vs-edward-gaming-valorant-masters-santiago-2026-r1/?game=254143,screenshots/audit-santiago-stats.png,3a46ff6c2ea28f301a1b51c4a094ebf2e621f11622bd1d10d0f2af64a2064030,player_map_stats.csv,"{""handle"": ""Minny"", ""map_id"": 254143, ""match_id"": 625788}",first_deaths,1,1,True
Tier 1 Santiago Haven,https://www.vlr.gg/625788/gentle-mates-vs-edward-gaming-valorant-masters-santiago-2026-r1/?game=254143,screenshots/audit-santiago-stats.png,3a46ff6c2ea28f301a1b51c4a094ebf2e621f11622bd1d10d0f2af64a2064030,player_map_stats.csv,"{""handle"": ""starxo"", ""map_id"": 254143, ""match_id"": 625788}",vlr_rating,1.07,1.07,True
Tier 1 Santiago Haven,https://www.vlr.gg/625788/gentle-mates-vs-edward-gaming-valorant-masters-santiago-2026-r1/?game=254143,screenshots/audit-santiago-stats.png,3a46ff6c2ea28f301a1b51c4a094ebf2e621f11622bd1d10d0f2af64a2064030,player_map_stats.csv,"{""handle"": ""starxo"", ""map_id"": 254143, ""match_id"": 625788}",acs,207,207,True
Tier 1 Santiago Haven,https://www.vlr.gg/625788/gentle-mates-vs-edward-gaming-valorant-masters-santiago-2026-r1/?game=254143,screenshots/audit-santiago-stats.png,3a46ff6c2ea28f301a1b51c4a094ebf2e621f11622bd1d10d0f2af64a2064030,player_map_stats.csv,"{""handle"": ""starxo"", ""map_id"": 254143, ""match_id"": 625788}",kills,17,17,True
Tier 1 Santiago Haven,https://www.vlr.gg/625788/gentle-mates-vs-edward-gaming-valorant-masters-santiago-2026-r1/?game=254143,screenshots/audit-santiago-stats.png,3a46ff6c2ea28f301a1b51c4a094ebf2e621f11622bd1d10d0f2af64a2064030,player_map_stats.csv,"{""handle"": ""starxo"", ""map_id"": 254143, ""match_id"": 625788}",deaths,15,15,True
Tier 1 Santiago Haven,https://www.vlr.gg/625788/gentle-mates-vs-edward-gaming-valorant-masters-santiago-2026-r1/?game=254143,screenshots/audit-santiago-stats.png,3a46ff6c2ea28f301a1b51c4a094ebf2e621f11622bd1d10d0f2af64a2064030,player_map_stats.csv,"{""handle"": ""starxo"", ""map_id"": 254143, ""match_id"": 625788}",assists,4,4,True
Tier 1 Santiago Haven,https://www.vlr.gg/625788/gentle-mates-vs-edward-gaming-valorant-masters-santiago-2026-r1/?game=254143,screenshots/audit-santiago-stats.png,3a46ff6c2ea28f301a1b51c4a094ebf2e621f11622bd1d10d0f2af64a2064030,player_map_stats.csv,"{""handle"": ""starxo"", ""map_id"": 254143, ""match_id"": 625788}",kast_pct,58,58,True
Tier 1 Santiago Haven,https://www.vlr.gg/625788/gentle-mates-vs-edward-gaming-valorant-masters-santiago-2026-r1/?game=254143,screenshots/audit-santiago-stats.png,3a46ff6c2ea28f301a1b51c4a094ebf2e621f11622bd1d10d0f2af64a2064030,player_map_stats.csv,"{""handle"": ""starxo"", ""map_id"": 254143, ""match_id"": 625788}",adr,125,125,True
Tier 1 Santiago Haven,https://www.vlr.gg/625788/gentle-mates-vs-edward-gaming-valorant-masters-santiago-2026-r1/?game=254143,screenshots/audit-santiago-stats.png,3a46ff6c2ea28f301a1b51c4a094ebf2e621f11622bd1d10d0f2af64a2064030,player_map_stats.csv,"{""handle"": ""starxo"", ""map_id"": 254143, ""match_id"": 625788}",hs_pct,26,26,True
Tier 1 Santiago Haven,https://www.vlr.gg/625788/gentle-mates-vs-edward-gaming-valorant-masters-santiago-2026-r1/?game=254143,screenshots/audit-santiago-stats.png,3a46ff6c2ea28f301a1b51c4a094ebf2e621f11622bd1d10d0f2af64a2064030,player_map_stats.csv,"{""handle"": ""starxo"", ""map_id"": 254143, ""match_id"": 625788}",first_kills,4,4,True
Tier 1 Santiago Haven,https://www.vlr.gg/625788/gentle-mates-vs-edward-gaming-valorant-masters-santiago-2026-r1/?game=254143,screenshots/audit-santiago-stats.png,3a46ff6c2ea28f301a1b51c4a094ebf2e621f11622bd1d10d0f2af64a2064030,player_map_stats.csv,"{""handle"": ""starxo"", ""map_id"": 254143, ""match_id"": 625788}",first_deaths,5,5,True
Tier 1 Santiago Haven,https://www.vlr.gg/625788/gentle-mates-vs-edward-gaming-valorant-masters-santiago-2026-r1/?game=254143,screenshots/audit-santiago-stats.png,3a46ff6c2ea28f301a1b51c4a094ebf2e621f11622bd1d10d0f2af64a2064030,player_map_stats.csv,"{""handle"": ""marteen"", ""map_id"": 254143, ""match_id"": 625788}",vlr_rating,0.94,0.94,True
Tier 1 Santiago Haven,https://www.vlr.gg/625788/gentle-mates-vs-edward-gaming-valorant-masters-santiago-2026-r1/?game=254143,screenshots/audit-santiago-stats.png,3a46ff6c2ea28f301a1b51c4a094ebf2e621f11622bd1d10d0f2af64a2064030,player_map_stats.csv,"{""handle"": ""marteen"", ""map_id"": 254143, ""match_id"": 625788}",acs,164,164,True
Tier 1 Santiago Haven,https://www.vlr.gg/625788/gentle-mates-vs-edward-gaming-valorant-masters-santiago-2026-r1/?game=254143,screenshots/audit-santiago-stats.png,3a46ff6c2ea28f301a1b51c4a094ebf2e621f11622bd1d10d0f2af64a2064030,player_map_stats.csv,"{""handle"": ""marteen"", ""map_id"": 254143, ""match_id"": 625788}",kills,12,12,True
Tier 1 Santiago Haven,https://www.vlr.gg/625788/gentle-mates-vs-edward-gaming-valorant-masters-santiago-2026-r1/?game=254143,screenshots/audit-santiago-stats.png,3a46ff6c2ea28f301a1b51c4a094ebf2e621f11622bd1d10d0f2af64a2064030,player_map_stats.csv,"{""handle"": ""marteen"", ""map_id"": 254143, ""match_id"": 625788}",deaths,15,15,True
Tier 1 Santiago Haven,https://www.vlr.gg/625788/gentle-mates-vs-edward-gaming-valorant-masters-santiago-2026-r1/?game=254143,screenshots/audit-santiago-stats.png,3a46ff6c2ea28f301a1b51c4a094ebf2e621f11622bd1d10d0f2af64a2064030,player_map_stats.csv,"{""handle"": ""marteen"", ""map_id"": 254143, ""match_id"": 625788}",assists,7,7,True
Tier 1 Santiago Haven,https://www.vlr.gg/625788/gentle-mates-vs-edward-gaming-valorant-masters-santiago-2026-r1/?game=254143,screenshots/audit-santiago-stats.png,3a46ff6c2ea28f301a1b51c4a094ebf2e621f11622bd1d10d0f2af64a2064030,player_map_stats.csv,"{""handle"": ""marteen"", ""map_id"": 254143, ""match_id"": 625788}",kast_pct,63,63,True
Tier 1 Santiago Haven,https://www.vlr.gg/625788/gentle-mates-vs-edward-gaming-valorant-masters-santiago-2026-r1/?game=254143,screenshots/audit-santiago-stats.png,3a46ff6c2ea28f301a1b51c4a094ebf2e621f11622bd1d10d0f2af64a2064030,player_map_stats.csv,"{""handle"": ""marteen"", ""map_id"": 254143, ""match_id"": 625788}",adr,107,107,True
Tier 1 Santiago Haven,https://www.vlr.gg/625788/gentle-mates-vs-edward-gaming-valorant-masters-santiago-2026-r1/?game=254143,screenshots/audit-santiago-stats.png,3a46ff6c2ea28f301a1b51c4a094ebf2e621f11622bd1d10d0f2af64a2064030,player_map_stats.csv,"{""handle"": ""marteen"", ""map_id"": 254143, ""match_id"": 625788}",hs_pct,26,26,True
Tier 1 Santiago Haven,https://www.vlr.gg/625788/gentle-mates-vs-edward-gaming-valorant-masters-santiago-2026-r1/?game=254143,screenshots/audit-santiago-stats.png,3a46ff6c2ea28f301a1b51c4a094ebf2e621f11622bd1d10d0f2af64a2064030,player_map_stats.csv,"{""handle"": ""marteen"", ""map_id"": 254143, ""match_id"": 625788}",first_kills,2,2,True
Tier 1 Santiago Haven,https://www.vlr.gg/625788/gentle-mates-vs-edward-gaming-valorant-masters-santiago-2026-r1/?game=254143,screenshots/audit-santiago-stats.png,3a46ff6c2ea28f301a1b51c4a094ebf2e621f11622bd1d10d0f2af64a2064030,player_map_stats.csv,"{""handle"": ""marteen"", ""map_id"": 254143, ""match_id"": 625788}",first_deaths,4,4,True
Tier 1 Santiago Haven,https://www.vlr.gg/625788/gentle-mates-vs-edward-gaming-valorant-masters-santiago-2026-r1/?game=254143,screenshots/audit-santiago-stats.png,3a46ff6c2ea28f301a1b51c4a094ebf2e621f11622bd1d10d0f2af64a2064030,player_map_stats.csv,"{""handle"": ""bipo"", ""map_id"": 254143, ""match_id"": 625788}",vlr_rating,0.93,0.93,True
Tier 1 Santiago Haven,https://www.vlr.gg/625788/gentle-mates-vs-edward-gaming-valorant-masters-santiago-2026-r1/?game=254143,screenshots/audit-santiago-stats.png,3a46ff6c2ea28f301a1b51c4a094ebf2e621f11622bd1d10d0f2af64a2064030,player_map_stats.csv,"{""handle"": ""bipo"", ""map_id"": 254143, ""match_id"": 625788}",acs,162,162,True
Tier 1 Santiago Haven,https://www.vlr.gg/625788/gentle-mates-vs-edward-gaming-valorant-masters-santiago-2026-r1/?game=254143,screenshots/audit-santiago-stats.png,3a46ff6c2ea28f301a1b51c4a094ebf2e621f11622bd1d10d0f2af64a2064030,player_map_stats.csv,"{""handle"": ""bipo"", ""map_id"": 254143, ""match_id"": 625788}",kills,14,14,True
Tier 1 Santiago Haven,https://www.vlr.gg/625788/gentle-mates-vs-edward-gaming-valorant-masters-santiago-2026-r1/?game=254143,screenshots/audit-santiago-stats.png,3a46ff6c2ea28f301a1b51c4a094ebf2e621f11622bd1d10d0f2af64a2064030,player_map_stats.csv,"{""handle"": ""bipo"", ""map_id"": 254143, ""match_id"": 625788}",deaths,13,13,True
Tier 1 Santiago Haven,https://www.vlr.gg/625788/gentle-mates-vs-edward-gaming-valorant-masters-santiago-2026-r1/?game=254143,screenshots/audit-santiago-stats.png,3a46ff6c2ea28f301a1b51c4a094ebf2e621f11622bd1d10d0f2af64a2064030,player_map_stats.csv,"{""handle"": ""bipo"", ""map_id"": 254143, ""match_id"": 625788}",assists,6,6,True
Tier 1 Santiago Haven,https://www.vlr.gg/625788/gentle-mates-vs-edward-gaming-valorant-masters-santiago-2026-r1/?game=254143,screenshots/audit-santiago-stats.png,3a46ff6c2ea28f301a1b51c4a094ebf2e621f11622bd1d10d0f2af64a2064030,player_map_stats.csv,"{""handle"": ""bipo"", ""map_id"": 254143, ""match_id"": 625788}",kast_pct,63,63,True
Tier 1 Santiago Haven,https://www.vlr.gg/625788/gentle-mates-vs-edward-gaming-valorant-masters-santiago-2026-r1/?game=254143,screenshots/audit-santiago-stats.png,3a46ff6c2ea28f301a1b51c4a094ebf2e621f11622bd1d10d0f2af64a2064030,player_map_stats.csv,"{""handle"": ""bipo"", ""map_id"": 254143, ""match_id"": 625788}",adr,104,104,True
Tier 1 Santiago Haven,https://www.vlr.gg/625788/gentle-mates-vs-edward-gaming-valorant-masters-santiago-2026-r1/?game=254143,screenshots/audit-santiago-stats.png,3a46ff6c2ea28f301a1b51c4a094ebf2e621f11622bd1d10d0f2af64a2064030,player_map_stats.csv,"{""handle"": ""bipo"", ""map_id"": 254143, ""match_id"": 625788}",hs_pct,21,21,True
Tier 1 Santiago Haven,https://www.vlr.gg/625788/gentle-mates-vs-edward-gaming-valorant-masters-santiago-2026-r1/?game=254143,screenshots/audit-santiago-stats.png,3a46ff6c2ea28f301a1b51c4a094ebf2e621f11622bd1d10d0f2af64a2064030,player_map_stats.csv,"{""handle"": ""bipo"", ""map_id"": 254143, ""match_id"": 625788}",first_kills,2,2,True
Tier 1 Santiago Haven,https://www.vlr.gg/625788/gentle-mates-vs-edward-gaming-valorant-masters-santiago-2026-r1/?game=254143,screenshots/audit-santiago-stats.png,3a46ff6c2ea28f301a1b51c4a094ebf2e621f11622bd1d10d0f2af64a2064030,player_map_stats.csv,"{""handle"": ""bipo"", ""map_id"": 254143, ""match_id"": 625788}",first_deaths,4,4,True
Tier 1 Santiago Haven,https://www.vlr.gg/625788/gentle-mates-vs-edward-gaming-valorant-masters-santiago-2026-r1/?game=254143,screenshots/audit-santiago-stats.png,3a46ff6c2ea28f301a1b51c4a094ebf2e621f11622bd1d10d0f2af64a2064030,player_map_stats.csv,"{""handle"": ""GLYPH"", ""map_id"": 254143, ""match_id"": 625788}",vlr_rating,0.85,0.85,True
Tier 1 Santiago Haven,https://www.vlr.gg/625788/gentle-mates-vs-edward-gaming-valorant-masters-santiago-2026-r1/?game=254143,screenshots/audit-santiago-stats.png,3a46ff6c2ea28f301a1b51c4a094ebf2e621f11622bd1d10d0f2af64a2064030,player_map_stats.csv,"{""handle"": ""GLYPH"", ""map_id"": 254143, ""match_id"": 625788}",acs,114,114,True
Tier 1 Santiago Haven,https://www.vlr.gg/625788/gentle-mates-vs-edward-gaming-valorant-masters-santiago-2026-r1/?game=254143,screenshots/audit-santiago-stats.png,3a46ff6c2ea28f301a1b51c4a094ebf2e621f11622bd1d10d0f2af64a2064030,player_map_stats.csv,"{""handle"": ""GLYPH"", ""map_id"": 254143, ""match_id"": 625788}",kills,10,10,True
Tier 1 Santiago Haven,https://www.vlr.gg/625788/gentle-mates-vs-edward-gaming-valorant-masters-santiago-2026-r1/?game=254143,screenshots/audit-santiago-stats.png,3a46ff6c2ea28f301a1b51c4a094ebf2e621f11622bd1d10d0f2af64a2064030,player_map_stats.csv,"{""handle"": ""GLYPH"", ""map_id"": 254143, ""match_id"": 625788}",deaths,15,15,True
Tier 1 Santiago Haven,https://www.vlr.gg/625788/gentle-mates-vs-edward-gaming-valorant-masters-santiago-2026-r1/?game=254143,screenshots/audit-santiago-stats.png,3a46ff6c2ea28f301a1b51c4a094ebf2e621f11622bd1d10d0f2af64a2064030,player_map_stats.csv,"{""handle"": ""GLYPH"", ""map_id"": 254143, ""match_id"": 625788}",assists,8,8,True
Tier 1 Santiago Haven,https://www.vlr.gg/625788/gentle-mates-vs-edward-gaming-valorant-masters-santiago-2026-r1/?game=254143,screenshots/audit-santiago-stats.png,3a46ff6c2ea28f301a1b51c4a094ebf2e621f11622bd1d10d0f2af64a2064030,player_map_stats.csv,"{""handle"": ""GLYPH"", ""map_id"": 254143, ""match_id"": 625788}",kast_pct,54,54,True
Tier 1 Santiago Haven,https://www.vlr.gg/625788/gentle-mates-vs-edward-gaming-valorant-masters-santiago-2026-r1/?game=254143,screenshots/audit-santiago-stats.png,3a46ff6c2ea28f301a1b51c4a094ebf2e621f11622bd1d10d0f2af64a2064030,player_map_stats.csv,"{""handle"": ""GLYPH"", ""map_id"": 254143, ""match_id"": 625788}",adr,73,73,True
Tier 1 Santiago Haven,https://www.vlr.gg/625788/gentle-mates-vs-edward-gaming-valorant-masters-santiago-2026-r1/?game=254143,screenshots/audit-santiago-stats.png,3a46ff6c2ea28f301a1b51c4a094ebf2e621f11622bd1d10d0f2af64a2064030,player_map_stats.csv,"{""handle"": ""GLYPH"", ""map_id"": 254143, ""match_id"": 625788}",hs_pct,25,25,True
Tier 1 Santiago Haven,https://www.vlr.gg/625788/gentle-mates-vs-edward-gaming-valorant-masters-santiago-2026-r1/?game=254143,screenshots/audit-santiago-stats.png,3a46ff6c2ea28f301a1b51c4a094ebf2e621f11622bd1d10d0f2af64a2064030,player_map_stats.csv,"{""handle"": ""GLYPH"", ""map_id"": 254143, ""match_id"": 625788}",first_kills,1,1,True
Tier 1 Santiago Haven,https://www.vlr.gg/625788/gentle-mates-vs-edward-gaming-valorant-masters-santiago-2026-r1/?game=254143,screenshots/audit-santiago-stats.png,3a46ff6c2ea28f301a1b51c4a094ebf2e621f11622bd1d10d0f2af64a2064030,player_map_stats.csv,"{""handle"": ""GLYPH"", ""map_id"": 254143, ""match_id"": 625788}",first_deaths,0,0,True
Tier 1 Santiago Haven,https://www.vlr.gg/625788/gentle-mates-vs-edward-gaming-valorant-masters-santiago-2026-r1/?game=254143,screenshots/audit-santiago-stats.png,3a46ff6c2ea28f301a1b51c4a094ebf2e621f11622bd1d10d0f2af64a2064030,player_map_stats.csv,"{""handle"": ""ZmjjKK"", ""map_id"": 254143, ""match_id"": 625788}",vlr_rating,1.21,1.21,True
Tier 1 Santiago Haven,https://www.vlr.gg/625788/gentle-mates-vs-edward-gaming-valorant-masters-santiago-2026-r1/?game=254143,screenshots/audit-santiago-stats.png,3a46ff6c2ea28f301a1b51c4a094ebf2e621f11622bd1d10d0f2af64a2064030,player_map_stats.csv,"{""handle"": ""ZmjjKK"", ""map_id"": 254143, ""match_id"": 625788}",acs,240,240,True
Tier 1 Santiago Haven,https://www.vlr.gg/625788/gentle-mates-vs-edward-gaming-valorant-masters-santiago-2026-r1/?game=254143,screenshots/audit-santiago-stats.png,3a46ff6c2ea28f301a1b51c4a094ebf2e621f11622bd1d10d0f2af64a2064030,player_map_stats.csv,"{""handle"": ""ZmjjKK"", ""map_id"": 254143, ""match_id"": 625788}",kills,21,21,True
Tier 1 Santiago Haven,https://www.vlr.gg/625788/gentle-mates-vs-edward-gaming-valorant-masters-santiago-2026-r1/?game=254143,screenshots/audit-santiago-stats.png,3a46ff6c2ea28f301a1b51c4a094ebf2e621f11622bd1d10d0f2af64a2064030,player_map_stats.csv,"{""handle"": ""ZmjjKK"", ""map_id"": 254143, ""match_id"": 625788}",deaths,14,14,True
Tier 1 Santiago Haven,https://www.vlr.gg/625788/gentle-mates-vs-edward-gaming-valorant-masters-santiago-2026-r1/?game=254143,screenshots/audit-santiago-stats.png,3a46ff6c2ea28f301a1b51c4a094ebf2e621f11622bd1d10d0f2af64a2064030,player_map_stats.csv,"{""handle"": ""ZmjjKK"", ""map_id"": 254143, ""match_id"": 625788}",assists,1,1,True
Tier 1 Santiago Haven,https://www.vlr.gg/625788/gentle-mates-vs-edward-gaming-valorant-masters-santiago-2026-r1/?game=254143,screenshots/audit-santiago-stats.png,3a46ff6c2ea28f301a1b51c4a094ebf2e621f11622bd1d10d0f2af64a2064030,player_map_stats.csv,"{""handle"": ""ZmjjKK"", ""map_id"": 254143, ""match_id"": 625788}",kast_pct,67,67,True
Tier 1 Santiago Haven,https://www.vlr.gg/625788/gentle-mates-vs-edward-gaming-valorant-masters-santiago-2026-r1/?game=254143,screenshots/audit-santiago-stats.png,3a46ff6c2ea28f301a1b51c4a094ebf2e621f11622bd1d10d0f2af64a2064030,player_map_stats.csv,"{""handle"": ""ZmjjKK"", ""map_id"": 254143, ""match_id"": 625788}",adr,153,153,True
Tier 1 Santiago Haven,https://www.vlr.gg/625788/gentle-mates-vs-edward-gaming-valorant-masters-santiago-2026-r1/?game=254143,screenshots/audit-santiago-stats.png,3a46ff6c2ea28f301a1b51c4a094ebf2e621f11622bd1d10d0f2af64a2064030,player_map_stats.csv,"{""handle"": ""ZmjjKK"", ""map_id"": 254143, ""match_id"": 625788}",hs_pct,28,28,True
Tier 1 Santiago Haven,https://www.vlr.gg/625788/gentle-mates-vs-edward-gaming-valorant-masters-santiago-2026-r1/?game=254143,screenshots/audit-santiago-stats.png,3a46ff6c2ea28f301a1b51c4a094ebf2e621f11622bd1d10d0f2af64a2064030,player_map_stats.csv,"{""handle"": ""ZmjjKK"", ""map_id"": 254143, ""match_id"": 625788}",first_kills,6,6,True
Tier 1 Santiago Haven,https://www.vlr.gg/625788/gentle-mates-vs-edward-gaming-valorant-masters-santiago-2026-r1/?game=254143,screenshots/audit-santiago-stats.png,3a46ff6c2ea28f301a1b51c4a094ebf2e621f11622bd1d10d0f2af64a2064030,player_map_stats.csv,"{""handle"": ""ZmjjKK"", ""map_id"": 254143, ""match_id"": 625788}",first_deaths,2,2,True
Tier 1 Santiago Haven,https://www.vlr.gg/625788/gentle-mates-vs-edward-gaming-valorant-masters-santiago-2026-r1/?game=254143,screenshots/audit-santiago-stats.png,3a46ff6c2ea28f301a1b51c4a094ebf2e621f11622bd1d10d0f2af64a2064030,player_map_stats.csv,"{""handle"": ""cb"", ""map_id"": 254143, ""match_id"": 625788}",vlr_rating,0.93,0.93,True
Tier 1 Santiago Haven,https://www.vlr.gg/625788/gentle-mates-vs-edward-gaming-valorant-masters-santiago-2026-r1/?game=254143,screenshots/audit-santiago-stats.png,3a46ff6c2ea28f301a1b51c4a094ebf2e621f11622bd1d10d0f2af64a2064030,player_map_stats.csv,"{""handle"": ""cb"", ""map_id"": 254143, ""match_id"": 625788}",acs,204,204,True
Tier 1 Santiago Haven,https://www.vlr.gg/625788/gentle-mates-vs-edward-gaming-valorant-masters-santiago-2026-r1/?game=254143,screenshots/audit-santiago-stats.png,3a46ff6c2ea28f301a1b51c4a094ebf2e621f11622bd1d10d0f2af64a2064030,player_map_stats.csv,"{""handle"": ""cb"", ""map_id"": 254143, ""match_id"": 625788}",kills,19,19,True
Tier 1 Santiago Haven,https://www.vlr.gg/625788/gentle-mates-vs-edward-gaming-valorant-masters-santiago-2026-r1/?game=254143,screenshots/audit-santiago-stats.png,3a46ff6c2ea28f301a1b51c4a094ebf2e621f11622bd1d10d0f2af64a2064030,player_map_stats.csv,"{""handle"": ""cb"", ""map_id"": 254143, ""match_id"": 625788}",deaths,15,15,True
Tier 1 Santiago Haven,https://www.vlr.gg/625788/gentle-mates-vs-edward-gaming-valorant-masters-santiago-2026-r1/?game=254143,screenshots/audit-santiago-stats.png,3a46ff6c2ea28f301a1b51c4a094ebf2e621f11622bd1d10d0f2af64a2064030,player_map_stats.csv,"{""handle"": ""cb"", ""map_id"": 254143, ""match_id"": 625788}",assists,0,0,True
Tier 1 Santiago Haven,https://www.vlr.gg/625788/gentle-mates-vs-edward-gaming-valorant-masters-santiago-2026-r1/?game=254143,screenshots/audit-santiago-stats.png,3a46ff6c2ea28f301a1b51c4a094ebf2e621f11622bd1d10d0f2af64a2064030,player_map_stats.csv,"{""handle"": ""cb"", ""map_id"": 254143, ""match_id"": 625788}",kast_pct,71,71,True
Tier 1 Santiago Haven,https://www.vlr.gg/625788/gentle-mates-vs-edward-gaming-valorant-masters-santiago-2026-r1/?game=254143,screenshots/audit-santiago-stats.png,3a46ff6c2ea28f301a1b51c4a094ebf2e621f11622bd1d10d0f2af64a2064030,player_map_stats.csv,"{""handle"": ""cb"", ""map_id"": 254143, ""match_id"": 625788}",adr,128,128,True
Tier 1 Santiago Haven,https://www.vlr.gg/625788/gentle-mates-vs-edward-gaming-valorant-masters-santiago-2026-r1/?game=254143,screenshots/audit-santiago-stats.png,3a46ff6c2ea28f301a1b51c4a094ebf2e621f11622bd1d10d0f2af64a2064030,player_map_stats.csv,"{""handle"": ""cb"", ""map_id"": 254143, ""match_id"": 625788}",hs_pct,33,33,True
Tier 1 Santiago Haven,https://www.vlr.gg/625788/gentle-mates-vs-edward-gaming-valorant-masters-santiago-2026-r1/?game=254143,screenshots/audit-santiago-stats.png,3a46ff6c2ea28f301a1b51c4a094ebf2e621f11622bd1d10d0f2af64a2064030,player_map_stats.csv,"{""handle"": ""cb"", ""map_id"": 254143, ""match_id"": 625788}",first_kills,3,3,True
Tier 1 Santiago Haven,https://www.vlr.gg/625788/gentle-mates-vs-edward-gaming-valorant-masters-santiago-2026-r1/?game=254143,screenshots/audit-santiago-stats.png,3a46ff6c2ea28f301a1b51c4a094ebf2e621f11622bd1d10d0f2af64a2064030,player_map_stats.csv,"{""handle"": ""cb"", ""map_id"": 254143, ""match_id"": 625788}",first_deaths,2,2,True
Tier 1 Santiago Haven,https://www.vlr.gg/625788/gentle-mates-vs-edward-gaming-valorant-masters-santiago-2026-r1/?game=254143,screenshots/audit-santiago-stats.png,3a46ff6c2ea28f301a1b51c4a094ebf2e621f11622bd1d10d0f2af64a2064030,player_map_stats.csv,"{""handle"": ""nobody"", ""map_id"": 254143, ""match_id"": 625788}",vlr_rating,0.92,0.92,True
Tier 1 Santiago Haven,https://www.vlr.gg/625788/gentle-mates-vs-edward-gaming-valorant-masters-santiago-2026-r1/?game=254143,screenshots/audit-santiago-stats.png,3a46ff6c2ea28f301a1b51c4a094ebf2e621f11622bd1d10d0f2af64a2064030,player_map_stats.csv,"{""handle"": ""nobody"", ""map_id"": 254143, ""match_id"": 625788}",acs,147,147,True
Tier 1 Santiago Haven,https://www.vlr.gg/625788/gentle-mates-vs-edward-gaming-valorant-masters-santiago-2026-r1/?game=254143,screenshots/audit-santiago-stats.png,3a46ff6c2ea28f301a1b51c4a094ebf2e621f11622bd1d10d0f2af64a2064030,player_map_stats.csv,"{""handle"": ""nobody"", ""map_id"": 254143, ""match_id"": 625788}",kills,13,13,True
Tier 1 Santiago Haven,https://www.vlr.gg/625788/gentle-mates-vs-edward-gaming-valorant-masters-santiago-2026-r1/?game=254143,screenshots/audit-santiago-stats.png,3a46ff6c2ea28f301a1b51c4a094ebf2e621f11622bd1d10d0f2af64a2064030,player_map_stats.csv,"{""handle"": ""nobody"", ""map_id"": 254143, ""match_id"": 625788}",deaths,14,14,True
Tier 1 Santiago Haven,https://www.vlr.gg/625788/gentle-mates-vs-edward-gaming-valorant-masters-santiago-2026-r1/?game=254143,screenshots/audit-santiago-stats.png,3a46ff6c2ea28f301a1b51c4a094ebf2e621f11622bd1d10d0f2af64a2064030,player_map_stats.csv,"{""handle"": ""nobody"", ""map_id"": 254143, ""match_id"": 625788}",assists,3,3,True
Tier 1 Santiago Haven,https://www.vlr.gg/625788/gentle-mates-vs-edward-gaming-valorant-masters-santiago-2026-r1/?game=254143,screenshots/audit-santiago-stats.png,3a46ff6c2ea28f301a1b51c4a094ebf2e621f11622bd1d10d0f2af64a2064030,player_map_stats.csv,"{""handle"": ""nobody"", ""map_id"": 254143, ""match_id"": 625788}",kast_pct,50,50,True
Tier 1 Santiago Haven,https://www.vlr.gg/625788/gentle-mates-vs-edward-gaming-valorant-masters-santiago-2026-r1/?game=254143,screenshots/audit-santiago-stats.png,3a46ff6c2ea28f301a1b51c4a094ebf2e621f11622bd1d10d0f2af64a2064030,player_map_stats.csv,"{""handle"": ""nobody"", ""map_id"": 254143, ""match_id"": 625788}",adr,101,101,True
Tier 1 Santiago Haven,https://www.vlr.gg/625788/gentle-mates-vs-edward-gaming-valorant-masters-santiago-2026-r1/?game=254143,screenshots/audit-santiago-stats.png,3a46ff6c2ea28f301a1b51c4a094ebf2e621f11622bd1d10d0f2af64a2064030,player_map_stats.csv,"{""handle"": ""nobody"", ""map_id"": 254143, ""match_id"": 625788}",hs_pct,18,18,True
Tier 1 Santiago Haven,https://www.vlr.gg/625788/gentle-mates-vs-edward-gaming-valorant-masters-santiago-2026-r1/?game=254143,screenshots/audit-santiago-stats.png,3a46ff6c2ea28f301a1b51c4a094ebf2e621f11622bd1d10d0f2af64a2064030,player_map_stats.csv,"{""handle"": ""nobody"", ""map_id"": 254143, ""match_id"": 625788}",first_kills,0,0,True
Tier 1 Santiago Haven,https://www.vlr.gg/625788/gentle-mates-vs-edward-gaming-valorant-masters-santiago-2026-r1/?game=254143,screenshots/audit-santiago-stats.png,3a46ff6c2ea28f301a1b51c4a094ebf2e621f11622bd1d10d0f2af64a2064030,player_map_stats.csv,"{""handle"": ""nobody"", ""map_id"": 254143, ""match_id"": 625788}",first_deaths,2,2,True
Tier 1 Santiago Haven,https://www.vlr.gg/625788/gentle-mates-vs-edward-gaming-valorant-masters-santiago-2026-r1/?game=254143,screenshots/audit-santiago-stats.png,3a46ff6c2ea28f301a1b51c4a094ebf2e621f11622bd1d10d0f2af64a2064030,player_map_stats.csv,"{""handle"": ""Smoggy"", ""map_id"": 254143, ""match_id"": 625788}",vlr_rating,0.81,0.81,True
Tier 1 Santiago Haven,https://www.vlr.gg/625788/gentle-mates-vs-edward-gaming-valorant-masters-santiago-2026-r1/?game=254143,screenshots/audit-santiago-stats.png,3a46ff6c2ea28f301a1b51c4a094ebf2e621f11622bd1d10d0f2af64a2064030,player_map_stats.csv,"{""handle"": ""Smoggy"", ""map_id"": 254143, ""match_id"": 625788}",acs,148,148,True
Tier 1 Santiago Haven,https://www.vlr.gg/625788/gentle-mates-vs-edward-gaming-valorant-masters-santiago-2026-r1/?game=254143,screenshots/audit-santiago-stats.png,3a46ff6c2ea28f301a1b51c4a094ebf2e621f11622bd1d10d0f2af64a2064030,player_map_stats.csv,"{""handle"": ""Smoggy"", ""map_id"": 254143, ""match_id"": 625788}",kills,10,10,True
Tier 1 Santiago Haven,https://www.vlr.gg/625788/gentle-mates-vs-edward-gaming-valorant-masters-santiago-2026-r1/?game=254143,screenshots/audit-santiago-stats.png,3a46ff6c2ea28f301a1b51c4a094ebf2e621f11622bd1d10d0f2af64a2064030,player_map_stats.csv,"{""handle"": ""Smoggy"", ""map_id"": 254143, ""match_id"": 625788}",deaths,16,16,True
Tier 1 Santiago Haven,https://www.vlr.gg/625788/gentle-mates-vs-edward-gaming-valorant-masters-santiago-2026-r1/?game=254143,screenshots/audit-santiago-stats.png,3a46ff6c2ea28f301a1b51c4a094ebf2e621f11622bd1d10d0f2af64a2064030,player_map_stats.csv,"{""handle"": ""Smoggy"", ""map_id"": 254143, ""match_id"": 625788}",assists,9,9,True
Tier 1 Santiago Haven,https://www.vlr.gg/625788/gentle-mates-vs-edward-gaming-valorant-masters-santiago-2026-r1/?game=254143,screenshots/audit-santiago-stats.png,3a46ff6c2ea28f301a1b51c4a094ebf2e621f11622bd1d10d0f2af64a2064030,player_map_stats.csv,"{""handle"": ""Smoggy"", ""map_id"": 254143, ""match_id"": 625788}",kast_pct,71,71,True
Tier 1 Santiago Haven,https://www.vlr.gg/625788/gentle-mates-vs-edward-gaming-valorant-masters-santiago-2026-r1/?game=254143,screenshots/audit-santiago-stats.png,3a46ff6c2ea28f301a1b51c4a094ebf2e621f11622bd1d10d0f2af64a2064030,player_map_stats.csv,"{""handle"": ""Smoggy"", ""map_id"": 254143, ""match_id"": 625788}",adr,104,104,True
Tier 1 Santiago Haven,https://www.vlr.gg/625788/gentle-mates-vs-edward-gaming-valorant-masters-santiago-2026-r1/?game=254143,screenshots/audit-santiago-stats.png,3a46ff6c2ea28f301a1b51c4a094ebf2e621f11622bd1d10d0f2af64a2064030,player_map_stats.csv,"{""handle"": ""Smoggy"", ""map_id"": 254143, ""match_id"": 625788}",hs_pct,23,23,True
Tier 1 Santiago Haven,https://www.vlr.gg/625788/gentle-mates-vs-edward-gaming-valorant-masters-santiago-2026-r1/?game=254143,screenshots/audit-santiago-stats.png,3a46ff6c2ea28f301a1b51c4a094ebf2e621f11622bd1d10d0f2af64a2064030,player_map_stats.csv,"{""handle"": ""Smoggy"", ""map_id"": 254143, ""match_id"": 625788}",first_kills,3,3,True
Tier 1 Santiago Haven,https://www.vlr.gg/625788/gentle-mates-vs-edward-gaming-valorant-masters-santiago-2026-r1/?game=254143,screenshots/audit-santiago-stats.png,3a46ff6c2ea28f301a1b51c4a094ebf2e621f11622bd1d10d0f2af64a2064030,player_map_stats.csv,"{""handle"": ""Smoggy"", ""map_id"": 254143, ""match_id"": 625788}",first_deaths,2,2,True
Tier 1 Santiago Haven,https://www.vlr.gg/625788/gentle-mates-vs-edward-gaming-valorant-masters-santiago-2026-r1/?game=254143,screenshots/audit-santiago-stats.png,3a46ff6c2ea28f301a1b51c4a094ebf2e621f11622bd1d10d0f2af64a2064030,player_map_stats.csv,"{""handle"": ""CHICHOO"", ""map_id"": 254143, ""match_id"": 625788}",vlr_rating,0.8,0.8,True
Tier 1 Santiago Haven,https://www.vlr.gg/625788/gentle-mates-vs-edward-gaming-valorant-masters-santiago-2026-r1/?game=254143,screenshots/audit-santiago-stats.png,3a46ff6c2ea28f301a1b51c4a094ebf2e621f11622bd1d10d0f2af64a2064030,player_map_stats.csv,"{""handle"": ""CHICHOO"", ""map_id"": 254143, ""match_id"": 625788}",acs,146,146,True
Tier 1 Santiago Haven,https://www.vlr.gg/625788/gentle-mates-vs-edward-gaming-valorant-masters-santiago-2026-r1/?game=254143,screenshots/audit-santiago-stats.png,3a46ff6c2ea28f301a1b51c4a094ebf2e621f11622bd1d10d0f2af64a2064030,player_map_stats.csv,"{""handle"": ""CHICHOO"", ""map_id"": 254143, ""match_id"": 625788}",kills,11,11,True
Tier 1 Santiago Haven,https://www.vlr.gg/625788/gentle-mates-vs-edward-gaming-valorant-masters-santiago-2026-r1/?game=254143,screenshots/audit-santiago-stats.png,3a46ff6c2ea28f301a1b51c4a094ebf2e621f11622bd1d10d0f2af64a2064030,player_map_stats.csv,"{""handle"": ""CHICHOO"", ""map_id"": 254143, ""match_id"": 625788}",deaths,15,15,True
Tier 1 Santiago Haven,https://www.vlr.gg/625788/gentle-mates-vs-edward-gaming-valorant-masters-santiago-2026-r1/?game=254143,screenshots/audit-santiago-stats.png,3a46ff6c2ea28f301a1b51c4a094ebf2e621f11622bd1d10d0f2af64a2064030,player_map_stats.csv,"{""handle"": ""CHICHOO"", ""map_id"": 254143, ""match_id"": 625788}",assists,5,5,True
Tier 1 Santiago Haven,https://www.vlr.gg/625788/gentle-mates-vs-edward-gaming-valorant-masters-santiago-2026-r1/?game=254143,screenshots/audit-santiago-stats.png,3a46ff6c2ea28f301a1b51c4a094ebf2e621f11622bd1d10d0f2af64a2064030,player_map_stats.csv,"{""handle"": ""CHICHOO"", ""map_id"": 254143, ""match_id"": 625788}",kast_pct,58,58,True
Tier 1 Santiago Haven,https://www.vlr.gg/625788/gentle-mates-vs-edward-gaming-valorant-masters-santiago-2026-r1/?game=254143,screenshots/audit-santiago-stats.png,3a46ff6c2ea28f301a1b51c4a094ebf2e621f11622bd1d10d0f2af64a2064030,player_map_stats.csv,"{""handle"": ""CHICHOO"", ""map_id"": 254143, ""match_id"": 625788}",adr,106,106,True
Tier 1 Santiago Haven,https://www.vlr.gg/625788/gentle-mates-vs-edward-gaming-valorant-masters-santiago-2026-r1/?game=254143,screenshots/audit-santiago-stats.png,3a46ff6c2ea28f301a1b51c4a094ebf2e621f11622bd1d10d0f2af64a2064030,player_map_stats.csv,"{""handle"": ""CHICHOO"", ""map_id"": 254143, ""match_id"": 625788}",hs_pct,21,21,True
Tier 1 Santiago Haven,https://www.vlr.gg/625788/gentle-mates-vs-edward-gaming-valorant-masters-santiago-2026-r1/?game=254143,screenshots/audit-santiago-stats.png,3a46ff6c2ea28f301a1b51c4a094ebf2e621f11622bd1d10d0f2af64a2064030,player_map_stats.csv,"{""handle"": ""CHICHOO"", ""map_id"": 254143, ""match_id"": 625788}",first_kills,2,2,True
Tier 1 Santiago Haven,https://www.vlr.gg/625788/gentle-mates-vs-edward-gaming-valorant-masters-santiago-2026-r1/?game=254143,screenshots/audit-santiago-stats.png,3a46ff6c2ea28f301a1b51c4a094ebf2e621f11622bd1d10d0f2af64a2064030,player_map_stats.csv,"{""handle"": ""CHICHOO"", ""map_id"": 254143, ""match_id"": 625788}",first_deaths,2,2,True
Overtime Santiago Split,https://www.vlr.gg/625789/t1-vs-team-liquid-valorant-masters-santiago-2026-r1/?game=254147,screenshots/audit-overtime-stats.png,259e41b7ec35f46b1b164ef0aba7d51893e176f03f38a50a21fadd1efaa99fad,map_outcomes.csv,"{""map_id"": 254147, ""match_id"": 625789}",map_name,Split,Split,True
Overtime Santiago Split,https://www.vlr.gg/625789/t1-vs-team-liquid-valorant-masters-santiago-2026-r1/?game=254147,screenshots/audit-overtime-stats.png,259e41b7ec35f46b1b164ef0aba7d51893e176f03f38a50a21fadd1efaa99fad,map_outcomes.csv,"{""map_id"": 254147, ""match_id"": 625789}",team1_name,T1,T1,True
Overtime Santiago Split,https://www.vlr.gg/625789/t1-vs-team-liquid-valorant-masters-santiago-2026-r1/?game=254147,screenshots/audit-overtime-stats.png,259e41b7ec35f46b1b164ef0aba7d51893e176f03f38a50a21fadd1efaa99fad,map_outcomes.csv,"{""map_id"": 254147, ""match_id"": 625789}",team2_name,Team Liquid,Team Liquid,True
Overtime Santiago Split,https://www.vlr.gg/625789/t1-vs-team-liquid-valorant-masters-santiago-2026-r1/?game=254147,screenshots/audit-overtime-stats.png,259e41b7ec35f46b1b164ef0aba7d51893e176f03f38a50a21fadd1efaa99fad,map_outcomes.csv,"{""map_id"": 254147, ""match_id"": 625789}",team1_rounds,13,13,True
Overtime Santiago Split,https://www.vlr.gg/625789/t1-vs-team-liquid-valorant-masters-santiago-2026-r1/?game=254147,screenshots/audit-overtime-stats.png,259e41b7ec35f46b1b164ef0aba7d51893e176f03f38a50a21fadd1efaa99fad,map_outcomes.csv,"{""map_id"": 254147, ""match_id"": 625789}",team2_rounds,15,15,True
Overtime Santiago Split,https://www.vlr.gg/625789/t1-vs-team-liquid-valorant-masters-santiago-2026-r1/?game=254147,screenshots/audit-overtime-stats.png,259e41b7ec35f46b1b164ef0aba7d51893e176f03f38a50a21fadd1efaa99fad,map_outcomes.csv,"{""map_id"": 254147, ""match_id"": 625789}",rounds,28,28,True
Overtime Santiago Split,https://www.vlr.gg/625789/t1-vs-team-liquid-valorant-masters-santiago-2026-r1/?game=254147,screenshots/audit-overtime-stats.png,259e41b7ec35f46b1b164ef0aba7d51893e176f03f38a50a21fadd1efaa99fad,player_map_stats.csv,"{""handle"": ""stax"", ""map_id"": 254147, ""match_id"": 625789}",vlr_rating,1.32,1.32,True
Overtime Santiago Split,https://www.vlr.gg/625789/t1-vs-team-liquid-valorant-masters-santiago-2026-r1/?game=254147,screenshots/audit-overtime-stats.png,259e41b7ec35f46b1b164ef0aba7d51893e176f03f38a50a21fadd1efaa99fad,player_map_stats.csv,"{""handle"": ""stax"", ""map_id"": 254147, ""match_id"": 625789}",acs,221,221,True
Overtime Santiago Split,https://www.vlr.gg/625789/t1-vs-team-liquid-valorant-masters-santiago-2026-r1/?game=254147,screenshots/audit-overtime-stats.png,259e41b7ec35f46b1b164ef0aba7d51893e176f03f38a50a21fadd1efaa99fad,player_map_stats.csv,"{""handle"": ""stax"", ""map_id"": 254147, ""match_id"": 625789}",kills,24,24,True
Overtime Santiago Split,https://www.vlr.gg/625789/t1-vs-team-liquid-valorant-masters-santiago-2026-r1/?game=254147,screenshots/audit-overtime-stats.png,259e41b7ec35f46b1b164ef0aba7d51893e176f03f38a50a21fadd1efaa99fad,player_map_stats.csv,"{""handle"": ""stax"", ""map_id"": 254147, ""match_id"": 625789}",deaths,17,17,True
Overtime Santiago Split,https://www.vlr.gg/625789/t1-vs-team-liquid-valorant-masters-santiago-2026-r1/?game=254147,screenshots/audit-overtime-stats.png,259e41b7ec35f46b1b164ef0aba7d51893e176f03f38a50a21fadd1efaa99fad,player_map_stats.csv,"{""handle"": ""stax"", ""map_id"": 254147, ""match_id"": 625789}",assists,6,6,True
Overtime Santiago Split,https://www.vlr.gg/625789/t1-vs-team-liquid-valorant-masters-santiago-2026-r1/?game=254147,screenshots/audit-overtime-stats.png,259e41b7ec35f46b1b164ef0aba7d51893e176f03f38a50a21fadd1efaa99fad,player_map_stats.csv,"{""handle"": ""stax"", ""map_id"": 254147, ""match_id"": 625789}",kast_pct,79,79,True
Overtime Santiago Split,https://www.vlr.gg/625789/t1-vs-team-liquid-valorant-masters-santiago-2026-r1/?game=254147,screenshots/audit-overtime-stats.png,259e41b7ec35f46b1b164ef0aba7d51893e176f03f38a50a21fadd1efaa99fad,player_map_stats.csv,"{""handle"": ""stax"", ""map_id"": 254147, ""match_id"": 625789}",adr,140,140,True
Overtime Santiago Split,https://www.vlr.gg/625789/t1-vs-team-liquid-valorant-masters-santiago-2026-r1/?game=254147,screenshots/audit-overtime-stats.png,259e41b7ec35f46b1b164ef0aba7d51893e176f03f38a50a21fadd1efaa99fad,player_map_stats.csv,"{""handle"": ""stax"", ""map_id"": 254147, ""match_id"": 625789}",hs_pct,27,27,True
Overtime Santiago Split,https://www.vlr.gg/625789/t1-vs-team-liquid-valorant-masters-santiago-2026-r1/?game=254147,screenshots/audit-overtime-stats.png,259e41b7ec35f46b1b164ef0aba7d51893e176f03f38a50a21fadd1efaa99fad,player_map_stats.csv,"{""handle"": ""stax"", ""map_id"": 254147, ""match_id"": 625789}",first_kills,1,1,True
Overtime Santiago Split,https://www.vlr.gg/625789/t1-vs-team-liquid-valorant-masters-santiago-2026-r1/?game=254147,screenshots/audit-overtime-stats.png,259e41b7ec35f46b1b164ef0aba7d51893e176f03f38a50a21fadd1efaa99fad,player_map_stats.csv,"{""handle"": ""stax"", ""map_id"": 254147, ""match_id"": 625789}",first_deaths,2,2,True
Overtime Santiago Split,https://www.vlr.gg/625789/t1-vs-team-liquid-valorant-masters-santiago-2026-r1/?game=254147,screenshots/audit-overtime-stats.png,259e41b7ec35f46b1b164ef0aba7d51893e176f03f38a50a21fadd1efaa99fad,player_map_stats.csv,"{""handle"": ""iZu"", ""map_id"": 254147, ""match_id"": 625789}",vlr_rating,1.16,1.16,True
Overtime Santiago Split,https://www.vlr.gg/625789/t1-vs-team-liquid-valorant-masters-santiago-2026-r1/?game=254147,screenshots/audit-overtime-stats.png,259e41b7ec35f46b1b164ef0aba7d51893e176f03f38a50a21fadd1efaa99fad,player_map_stats.csv,"{""handle"": ""iZu"", ""map_id"": 254147, ""match_id"": 625789}",acs,239,239,True
Overtime Santiago Split,https://www.vlr.gg/625789/t1-vs-team-liquid-valorant-masters-santiago-2026-r1/?game=254147,screenshots/audit-overtime-stats.png,259e41b7ec35f46b1b164ef0aba7d51893e176f03f38a50a21fadd1efaa99fad,player_map_stats.csv,"{""handle"": ""iZu"", ""map_id"": 254147, ""match_id"": 625789}",kills,26,26,True
Overtime Santiago Split,https://www.vlr.gg/625789/t1-vs-team-liquid-valorant-masters-santiago-2026-r1/?game=254147,screenshots/audit-overtime-stats.png,259e41b7ec35f46b1b164ef0aba7d51893e176f03f38a50a21fadd1efaa99fad,player_map_stats.csv,"{""handle"": ""iZu"", ""map_id"": 254147, ""match_id"": 625789}",deaths,20,20,True
Overtime Santiago Split,https://www.vlr.gg/625789/t1-vs-team-liquid-valorant-masters-santiago-2026-r1/?game=254147,screenshots/audit-overtime-stats.png,259e41b7ec35f46b1b164ef0aba7d51893e176f03f38a50a21fadd1efaa99fad,player_map_stats.csv,"{""handle"": ""iZu"", ""map_id"": 254147, ""match_id"": 625789}",assists,2,2,True
Overtime Santiago Split,https://www.vlr.gg/625789/t1-vs-team-liquid-valorant-masters-santiago-2026-r1/?game=254147,screenshots/audit-overtime-stats.png,259e41b7ec35f46b1b164ef0aba7d51893e176f03f38a50a21fadd1efaa99fad,player_map_stats.csv,"{""handle"": ""iZu"", ""map_id"": 254147, ""match_id"": 625789}",kast_pct,64,64,True
Overtime Santiago Split,https://www.vlr.gg/625789/t1-vs-team-liquid-valorant-masters-santiago-2026-r1/?game=254147,screenshots/audit-overtime-stats.png,259e41b7ec35f46b1b164ef0aba7d51893e176f03f38a50a21fadd1efaa99fad,player_map_stats.csv,"{""handle"": ""iZu"", ""map_id"": 254147, ""match_id"": 625789}",adr,154,154,True
Overtime Santiago Split,https://www.vlr.gg/625789/t1-vs-team-liquid-valorant-masters-santiago-2026-r1/?game=254147,screenshots/audit-overtime-stats.png,259e41b7ec35f46b1b164ef0aba7d51893e176f03f38a50a21fadd1efaa99fad,player_map_stats.csv,"{""handle"": ""iZu"", ""map_id"": 254147, ""match_id"": 625789}",hs_pct,30,30,True
Overtime Santiago Split,https://www.vlr.gg/625789/t1-vs-team-liquid-valorant-masters-santiago-2026-r1/?game=254147,screenshots/audit-overtime-stats.png,259e41b7ec35f46b1b164ef0aba7d51893e176f03f38a50a21fadd1efaa99fad,player_map_stats.csv,"{""handle"": ""iZu"", ""map_id"": 254147, ""match_id"": 625789}",first_kills,4,4,True
Overtime Santiago Split,https://www.vlr.gg/625789/t1-vs-team-liquid-valorant-masters-santiago-2026-r1/?game=254147,screenshots/audit-overtime-stats.png,259e41b7ec35f46b1b164ef0aba7d51893e176f03f38a50a21fadd1efaa99fad,player_map_stats.csv,"{""handle"": ""iZu"", ""map_id"": 254147, ""match_id"": 625789}",first_deaths,2,2,True
Overtime Santiago Split,https://www.vlr.gg/625789/t1-vs-team-liquid-valorant-masters-santiago-2026-r1/?game=254147,screenshots/audit-overtime-stats.png,259e41b7ec35f46b1b164ef0aba7d51893e176f03f38a50a21fadd1efaa99fad,player_map_stats.csv,"{""handle"": ""BuZz"", ""map_id"": 254147, ""match_id"": 625789}",vlr_rating,0.82,0.82,True
Overtime Santiago Split,https://www.vlr.gg/625789/t1-vs-team-liquid-valorant-masters-santiago-2026-r1/?game=254147,screenshots/audit-overtime-stats.png,259e41b7ec35f46b1b164ef0aba7d51893e176f03f38a50a21fadd1efaa99fad,player_map_stats.csv,"{""handle"": ""BuZz"", ""map_id"": 254147, ""match_id"": 625789}",acs,205,205,True
Overtime Santiago Split,https://www.vlr.gg/625789/t1-vs-team-liquid-valorant-masters-santiago-2026-r1/?game=254147,screenshots/audit-overtime-stats.png,259e41b7ec35f46b1b164ef0aba7d51893e176f03f38a50a21fadd1efaa99fad,player_map_stats.csv,"{""handle"": ""BuZz"", ""map_id"": 254147, ""match_id"": 625789}",kills,17,17,True
Overtime Santiago Split,https://www.vlr.gg/625789/t1-vs-team-liquid-valorant-masters-santiago-2026-r1/?game=254147,screenshots/audit-overtime-stats.png,259e41b7ec35f46b1b164ef0aba7d51893e176f03f38a50a21fadd1efaa99fad,player_map_stats.csv,"{""handle"": ""BuZz"", ""map_id"": 254147, ""match_id"": 625789}",deaths,22,22,True
Overtime Santiago Split,https://www.vlr.gg/625789/t1-vs-team-liquid-valorant-masters-santiago-2026-r1/?game=254147,screenshots/audit-overtime-stats.png,259e41b7ec35f46b1b164ef0aba7d51893e176f03f38a50a21fadd1efaa99fad,player_map_stats.csv,"{""handle"": ""BuZz"", ""map_id"": 254147, ""match_id"": 625789}",assists,8,8,True
Overtime Santiago Split,https://www.vlr.gg/625789/t1-vs-team-liquid-valorant-masters-santiago-2026-r1/?game=254147,screenshots/audit-overtime-stats.png,259e41b7ec35f46b1b164ef0aba7d51893e176f03f38a50a21fadd1efaa99fad,player_map_stats.csv,"{""handle"": ""BuZz"", ""map_id"": 254147, ""match_id"": 625789}",kast_pct,68,68,True
Overtime Santiago Split,https://www.vlr.gg/625789/t1-vs-team-liquid-valorant-masters-santiago-2026-r1/?game=254147,screenshots/audit-overtime-stats.png,259e41b7ec35f46b1b164ef0aba7d51893e176f03f38a50a21fadd1efaa99fad,player_map_stats.csv,"{""handle"": ""BuZz"", ""map_id"": 254147, ""match_id"": 625789}",adr,146,146,True
Overtime Santiago Split,https://www.vlr.gg/625789/t1-vs-team-liquid-valorant-masters-santiago-2026-r1/?game=254147,screenshots/audit-overtime-stats.png,259e41b7ec35f46b1b164ef0aba7d51893e176f03f38a50a21fadd1efaa99fad,player_map_stats.csv,"{""handle"": ""BuZz"", ""map_id"": 254147, ""match_id"": 625789}",hs_pct,12,12,True
Overtime Santiago Split,https://www.vlr.gg/625789/t1-vs-team-liquid-valorant-masters-santiago-2026-r1/?game=254147,screenshots/audit-overtime-stats.png,259e41b7ec35f46b1b164ef0aba7d51893e176f03f38a50a21fadd1efaa99fad,player_map_stats.csv,"{""handle"": ""BuZz"", ""map_id"": 254147, ""match_id"": 625789}",first_kills,2,2,True
Overtime Santiago Split,https://www.vlr.gg/625789/t1-vs-team-liquid-valorant-masters-santiago-2026-r1/?game=254147,screenshots/audit-overtime-stats.png,259e41b7ec35f46b1b164ef0aba7d51893e176f03f38a50a21fadd1efaa99fad,player_map_stats.csv,"{""handle"": ""BuZz"", ""map_id"": 254147, ""match_id"": 625789}",first_deaths,3,3,True
Overtime Santiago Split,https://www.vlr.gg/625789/t1-vs-team-liquid-valorant-masters-santiago-2026-r1/?game=254147,screenshots/audit-overtime-stats.png,259e41b7ec35f46b1b164ef0aba7d51893e176f03f38a50a21fadd1efaa99fad,player_map_stats.csv,"{""handle"": ""Munchkin"", ""map_id"": 254147, ""match_id"": 625789}",vlr_rating,0.78,0.78,True
Overtime Santiago Split,https://www.vlr.gg/625789/t1-vs-team-liquid-valorant-masters-santiago-2026-r1/?game=254147,screenshots/audit-overtime-stats.png,259e41b7ec35f46b1b164ef0aba7d51893e176f03f38a50a21fadd1efaa99fad,player_map_stats.csv,"{""handle"": ""Munchkin"", ""map_id"": 254147, ""match_id"": 625789}",acs,166,166,True
Overtime Santiago Split,https://www.vlr.gg/625789/t1-vs-team-liquid-valorant-masters-santiago-2026-r1/?game=254147,screenshots/audit-overtime-stats.png,259e41b7ec35f46b1b164ef0aba7d51893e176f03f38a50a21fadd1efaa99fad,player_map_stats.csv,"{""handle"": ""Munchkin"", ""map_id"": 254147, ""match_id"": 625789}",kills,13,13,True
Overtime Santiago Split,https://www.vlr.gg/625789/t1-vs-team-liquid-valorant-masters-santiago-2026-r1/?game=254147,screenshots/audit-overtime-stats.png,259e41b7ec35f46b1b164ef0aba7d51893e176f03f38a50a21fadd1efaa99fad,player_map_stats.csv,"{""handle"": ""Munchkin"", ""map_id"": 254147, ""match_id"": 625789}",deaths,21,21,True
Overtime Santiago Split,https://www.vlr.gg/625789/t1-vs-team-liquid-valorant-masters-santiago-2026-r1/?game=254147,screenshots/audit-overtime-stats.png,259e41b7ec35f46b1b164ef0aba7d51893e176f03f38a50a21fadd1efaa99fad,player_map_stats.csv,"{""handle"": ""Munchkin"", ""map_id"": 254147, ""match_id"": 625789}",assists,15,15,True
Overtime Santiago Split,https://www.vlr.gg/625789/t1-vs-team-liquid-valorant-masters-santiago-2026-r1/?game=254147,screenshots/audit-overtime-stats.png,259e41b7ec35f46b1b164ef0aba7d51893e176f03f38a50a21fadd1efaa99fad,player_map_stats.csv,"{""handle"": ""Munchkin"", ""map_id"": 254147, ""match_id"": 625789}",kast_pct,68,68,True
Overtime Santiago Split,https://www.vlr.gg/625789/t1-vs-team-liquid-valorant-masters-santiago-2026-r1/?game=254147,screenshots/audit-overtime-stats.png,259e41b7ec35f46b1b164ef0aba7d51893e176f03f38a50a21fadd1efaa99fad,player_map_stats.csv,"{""handle"": ""Munchkin"", ""map_id"": 254147, ""match_id"": 625789}",adr,113,113,True
Overtime Santiago Split,https://www.vlr.gg/625789/t1-vs-team-liquid-valorant-masters-santiago-2026-r1/?game=254147,screenshots/audit-overtime-stats.png,259e41b7ec35f46b1b164ef0aba7d51893e176f03f38a50a21fadd1efaa99fad,player_map_stats.csv,"{""handle"": ""Munchkin"", ""map_id"": 254147, ""match_id"": 625789}",hs_pct,11,11,True
Overtime Santiago Split,https://www.vlr.gg/625789/t1-vs-team-liquid-valorant-masters-santiago-2026-r1/?game=254147,screenshots/audit-overtime-stats.png,259e41b7ec35f46b1b164ef0aba7d51893e176f03f38a50a21fadd1efaa99fad,player_map_stats.csv,"{""handle"": ""Munchkin"", ""map_id"": 254147, ""match_id"": 625789}",first_kills,3,3,True
Overtime Santiago Split,https://www.vlr.gg/625789/t1-vs-team-liquid-valorant-masters-santiago-2026-r1/?game=254147,screenshots/audit-overtime-stats.png,259e41b7ec35f46b1b164ef0aba7d51893e176f03f38a50a21fadd1efaa99fad,player_map_stats.csv,"{""handle"": ""Munchkin"", ""map_id"": 254147, ""match_id"": 625789}",first_deaths,3,3,True
Overtime Santiago Split,https://www.vlr.gg/625789/t1-vs-team-liquid-valorant-masters-santiago-2026-r1/?game=254147,screenshots/audit-overtime-stats.png,259e41b7ec35f46b1b164ef0aba7d51893e176f03f38a50a21fadd1efaa99fad,player_map_stats.csv,"{""handle"": ""Meteor"", ""map_id"": 254147, ""match_id"": 625789}",vlr_rating,0.66,0.66,True
Overtime Santiago Split,https://www.vlr.gg/625789/t1-vs-team-liquid-valorant-masters-santiago-2026-r1/?game=254147,screenshots/audit-overtime-stats.png,259e41b7ec35f46b1b164ef0aba7d51893e176f03f38a50a21fadd1efaa99fad,player_map_stats.csv,"{""handle"": ""Meteor"", ""map_id"": 254147, ""match_id"": 625789}",acs,176,176,True
Overtime Santiago Split,https://www.vlr.gg/625789/t1-vs-team-liquid-valorant-masters-santiago-2026-r1/?game=254147,screenshots/audit-overtime-stats.png,259e41b7ec35f46b1b164ef0aba7d51893e176f03f38a50a21fadd1efaa99fad,player_map_stats.csv,"{""handle"": ""Meteor"", ""map_id"": 254147, ""match_id"": 625789}",kills,17,17,True
Overtime Santiago Split,https://www.vlr.gg/625789/t1-vs-team-liquid-valorant-masters-santiago-2026-r1/?game=254147,screenshots/audit-overtime-stats.png,259e41b7ec35f46b1b164ef0aba7d51893e176f03f38a50a21fadd1efaa99fad,player_map_stats.csv,"{""handle"": ""Meteor"", ""map_id"": 254147, ""match_id"": 625789}",deaths,22,22,True
Overtime Santiago Split,https://www.vlr.gg/625789/t1-vs-team-liquid-valorant-masters-santiago-2026-r1/?game=254147,screenshots/audit-overtime-stats.png,259e41b7ec35f46b1b164ef0aba7d51893e176f03f38a50a21fadd1efaa99fad,player_map_stats.csv,"{""handle"": ""Meteor"", ""map_id"": 254147, ""match_id"": 625789}",assists,3,3,True
Overtime Santiago Split,https://www.vlr.gg/625789/t1-vs-team-liquid-valorant-masters-santiago-2026-r1/?game=254147,screenshots/audit-overtime-stats.png,259e41b7ec35f46b1b164ef0aba7d51893e176f03f38a50a21fadd1efaa99fad,player_map_stats.csv,"{""handle"": ""Meteor"", ""map_id"": 254147, ""match_id"": 625789}",kast_pct,54,54,True
Overtime Santiago Split,https://www.vlr.gg/625789/t1-vs-team-liquid-valorant-masters-santiago-2026-r1/?game=254147,screenshots/audit-overtime-stats.png,259e41b7ec35f46b1b164ef0aba7d51893e176f03f38a50a21fadd1efaa99fad,player_map_stats.csv,"{""handle"": ""Meteor"", ""map_id"": 254147, ""match_id"": 625789}",adr,115,115,True
Overtime Santiago Split,https://www.vlr.gg/625789/t1-vs-team-liquid-valorant-masters-santiago-2026-r1/?game=254147,screenshots/audit-overtime-stats.png,259e41b7ec35f46b1b164ef0aba7d51893e176f03f38a50a21fadd1efaa99fad,player_map_stats.csv,"{""handle"": ""Meteor"", ""map_id"": 254147, ""match_id"": 625789}",hs_pct,33,33,True
Overtime Santiago Split,https://www.vlr.gg/625789/t1-vs-team-liquid-valorant-masters-santiago-2026-r1/?game=254147,screenshots/audit-overtime-stats.png,259e41b7ec35f46b1b164ef0aba7d51893e176f03f38a50a21fadd1efaa99fad,player_map_stats.csv,"{""handle"": ""Meteor"", ""map_id"": 254147, ""match_id"": 625789}",first_kills,1,1,True
Overtime Santiago Split,https://www.vlr.gg/625789/t1-vs-team-liquid-valorant-masters-santiago-2026-r1/?game=254147,screenshots/audit-overtime-stats.png,259e41b7ec35f46b1b164ef0aba7d51893e176f03f38a50a21fadd1efaa99fad,player_map_stats.csv,"{""handle"": ""Meteor"", ""map_id"": 254147, ""match_id"": 625789}",first_deaths,7,7,True
Overtime Santiago Split,https://www.vlr.gg/625789/t1-vs-team-liquid-valorant-masters-santiago-2026-r1/?game=254147,screenshots/audit-overtime-stats.png,259e41b7ec35f46b1b164ef0aba7d51893e176f03f38a50a21fadd1efaa99fad,player_map_stats.csv,"{""handle"": ""wayne"", ""map_id"": 254147, ""match_id"": 625789}",vlr_rating,1.23,1.23,True
Overtime Santiago Split,https://www.vlr.gg/625789/t1-vs-team-liquid-valorant-masters-santiago-2026-r1/?game=254147,screenshots/audit-overtime-stats.png,259e41b7ec35f46b1b164ef0aba7d51893e176f03f38a50a21fadd1efaa99fad,player_map_stats.csv,"{""handle"": ""wayne"", ""map_id"": 254147, ""match_id"": 625789}",acs,225,225,True
Overtime Santiago Split,https://www.vlr.gg/625789/t1-vs-team-liquid-valorant-masters-santiago-2026-r1/?game=254147,screenshots/audit-overtime-stats.png,259e41b7ec35f46b1b164ef0aba7d51893e176f03f38a50a21fadd1efaa99fad,player_map_stats.csv,"{""handle"": ""wayne"", ""map_id"": 254147, ""match_id"": 625789}",kills,22,22,True
Overtime Santiago Split,https://www.vlr.gg/625789/t1-vs-team-liquid-valorant-masters-santiago-2026-r1/?game=254147,screenshots/audit-overtime-stats.png,259e41b7ec35f46b1b164ef0aba7d51893e176f03f38a50a21fadd1efaa99fad,player_map_stats.csv,"{""handle"": ""wayne"", ""map_id"": 254147, ""match_id"": 625789}",deaths,18,18,True
Overtime Santiago Split,https://www.vlr.gg/625789/t1-vs-team-liquid-valorant-masters-santiago-2026-r1/?game=254147,screenshots/audit-overtime-stats.png,259e41b7ec35f46b1b164ef0aba7d51893e176f03f38a50a21fadd1efaa99fad,player_map_stats.csv,"{""handle"": ""wayne"", ""map_id"": 254147, ""match_id"": 625789}",assists,7,7,True
Overtime Santiago Split,https://www.vlr.gg/625789/t1-vs-team-liquid-valorant-masters-santiago-2026-r1/?game=254147,screenshots/audit-overtime-stats.png,259e41b7ec35f46b1b164ef0aba7d51893e176f03f38a50a21fadd1efaa99fad,player_map_stats.csv,"{""handle"": ""wayne"", ""map_id"": 254147, ""match_id"": 625789}",kast_pct,79,79,True
Overtime Santiago Split,https://www.vlr.gg/625789/t1-vs-team-liquid-valorant-masters-santiago-2026-r1/?game=254147,screenshots/audit-overtime-stats.png,259e41b7ec35f46b1b164ef0aba7d51893e176f03f38a50a21fadd1efaa99fad,player_map_stats.csv,"{""handle"": ""wayne"", ""map_id"": 254147, ""match_id"": 625789}",adr,143,143,True
Overtime Santiago Split,https://www.vlr.gg/625789/t1-vs-team-liquid-valorant-masters-santiago-2026-r1/?game=254147,screenshots/audit-overtime-stats.png,259e41b7ec35f46b1b164ef0aba7d51893e176f03f38a50a21fadd1efaa99fad,player_map_stats.csv,"{""handle"": ""wayne"", ""map_id"": 254147, ""match_id"": 625789}",hs_pct,24,24,True
Overtime Santiago Split,https://www.vlr.gg/625789/t1-vs-team-liquid-valorant-masters-santiago-2026-r1/?game=254147,screenshots/audit-overtime-stats.png,259e41b7ec35f46b1b164ef0aba7d51893e176f03f38a50a21fadd1efaa99fad,player_map_stats.csv,"{""handle"": ""wayne"", ""map_id"": 254147, ""match_id"": 625789}",first_kills,4,4,True
Overtime Santiago Split,https://www.vlr.gg/625789/t1-vs-team-liquid-valorant-masters-santiago-2026-r1/?game=254147,screenshots/audit-overtime-stats.png,259e41b7ec35f46b1b164ef0aba7d51893e176f03f38a50a21fadd1efaa99fad,player_map_stats.csv,"{""handle"": ""wayne"", ""map_id"": 254147, ""match_id"": 625789}",first_deaths,3,3,True
Overtime Santiago Split,https://www.vlr.gg/625789/t1-vs-team-liquid-valorant-masters-santiago-2026-r1/?game=254147,screenshots/audit-overtime-stats.png,259e41b7ec35f46b1b164ef0aba7d51893e176f03f38a50a21fadd1efaa99fad,player_map_stats.csv,"{""handle"": ""purp0"", ""map_id"": 254147, ""match_id"": 625789}",vlr_rating,1.12,1.12,True
Overtime Santiago Split,https://www.vlr.gg/625789/t1-vs-team-liquid-valorant-masters-santiago-2026-r1/?game=254147,screenshots/audit-overtime-stats.png,259e41b7ec35f46b1b164ef0aba7d51893e176f03f38a50a21fadd1efaa99fad,player_map_stats.csv,"{""handle"": ""purp0"", ""map_id"": 254147, ""match_id"": 625789}",acs,227,227,True
Overtime Santiago Split,https://www.vlr.gg/625789/t1-vs-team-liquid-valorant-masters-santiago-2026-r1/?game=254147,screenshots/audit-overtime-stats.png,259e41b7ec35f46b1b164ef0aba7d51893e176f03f38a50a21fadd1efaa99fad,player_map_stats.csv,"{""handle"": ""purp0"", ""map_id"": 254147, ""match_id"": 625789}",kills,22,22,True
Overtime Santiago Split,https://www.vlr.gg/625789/t1-vs-team-liquid-valorant-masters-santiago-2026-r1/?game=254147,screenshots/audit-overtime-stats.png,259e41b7ec35f46b1b164ef0aba7d51893e176f03f38a50a21fadd1efaa99fad,player_map_stats.csv,"{""handle"": ""purp0"", ""map_id"": 254147, ""match_id"": 625789}",deaths,20,20,True
Overtime Santiago Split,https://www.vlr.gg/625789/t1-vs-team-liquid-valorant-masters-santiago-2026-r1/?game=254147,screenshots/audit-overtime-stats.png,259e41b7ec35f46b1b164ef0aba7d51893e176f03f38a50a21fadd1efaa99fad,player_map_stats.csv,"{""handle"": ""purp0"", ""map_id"": 254147, ""match_id"": 625789}",assists,9,9,True
Overtime Santiago Split,https://www.vlr.gg/625789/t1-vs-team-liquid-valorant-masters-santiago-2026-r1/?game=254147,screenshots/audit-overtime-stats.png,259e41b7ec35f46b1b164ef0aba7d51893e176f03f38a50a21fadd1efaa99fad,player_map_stats.csv,"{""handle"": ""purp0"", ""map_id"": 254147, ""match_id"": 625789}",kast_pct,79,79,True
Overtime Santiago Split,https://www.vlr.gg/625789/t1-vs-team-liquid-valorant-masters-santiago-2026-r1/?game=254147,screenshots/audit-overtime-stats.png,259e41b7ec35f46b1b164ef0aba7d51893e176f03f38a50a21fadd1efaa99fad,player_map_stats.csv,"{""handle"": ""purp0"", ""map_id"": 254147, ""match_id"": 625789}",adr,147,147,True
Overtime Santiago Split,https://www.vlr.gg/625789/t1-vs-team-liquid-valorant-masters-santiago-2026-r1/?game=254147,screenshots/audit-overtime-stats.png,259e41b7ec35f46b1b164ef0aba7d51893e176f03f38a50a21fadd1efaa99fad,player_map_stats.csv,"{""handle"": ""purp0"", ""map_id"": 254147, ""match_id"": 625789}",hs_pct,40,40,True
Overtime Santiago Split,https://www.vlr.gg/625789/t1-vs-team-liquid-valorant-masters-santiago-2026-r1/?game=254147,screenshots/audit-overtime-stats.png,259e41b7ec35f46b1b164ef0aba7d51893e176f03f38a50a21fadd1efaa99fad,player_map_stats.csv,"{""handle"": ""purp0"", ""map_id"": 254147, ""match_id"": 625789}",first_kills,3,3,True
Overtime Santiago Split,https://www.vlr.gg/625789/t1-vs-team-liquid-valorant-masters-santiago-2026-r1/?game=254147,screenshots/audit-overtime-stats.png,259e41b7ec35f46b1b164ef0aba7d51893e176f03f38a50a21fadd1efaa99fad,player_map_stats.csv,"{""handle"": ""purp0"", ""map_id"": 254147, ""match_id"": 625789}",first_deaths,0,0,True
Overtime Santiago Split,https://www.vlr.gg/625789/t1-vs-team-liquid-valorant-masters-santiago-2026-r1/?game=254147,screenshots/audit-overtime-stats.png,259e41b7ec35f46b1b164ef0aba7d51893e176f03f38a50a21fadd1efaa99fad,player_map_stats.csv,"{""handle"": ""nAts"", ""map_id"": 254147, ""match_id"": 625789}",vlr_rating,1.04,1.04,True
Overtime Santiago Split,https://www.vlr.gg/625789/t1-vs-team-liquid-valorant-masters-santiago-2026-r1/?game=254147,screenshots/audit-overtime-stats.png,259e41b7ec35f46b1b164ef0aba7d51893e176f03f38a50a21fadd1efaa99fad,player_map_stats.csv,"{""handle"": ""nAts"", ""map_id"": 254147, ""match_id"": 625789}",acs,238,238,True
Overtime Santiago Split,https://www.vlr.gg/625789/t1-vs-team-liquid-valorant-masters-santiago-2026-r1/?game=254147,screenshots/audit-overtime-stats.png,259e41b7ec35f46b1b164ef0aba7d51893e176f03f38a50a21fadd1efaa99fad,player_map_stats.csv,"{""handle"": ""nAts"", ""map_id"": 254147, ""match_id"": 625789}",kills,24,24,True
Overtime Santiago Split,https://www.vlr.gg/625789/t1-vs-team-liquid-valorant-masters-santiago-2026-r1/?game=254147,screenshots/audit-overtime-stats.png,259e41b7ec35f46b1b164ef0aba7d51893e176f03f38a50a21fadd1efaa99fad,player_map_stats.csv,"{""handle"": ""nAts"", ""map_id"": 254147, ""match_id"": 625789}",deaths,22,22,True
Overtime Santiago Split,https://www.vlr.gg/625789/t1-vs-team-liquid-valorant-masters-santiago-2026-r1/?game=254147,screenshots/audit-overtime-stats.png,259e41b7ec35f46b1b164ef0aba7d51893e176f03f38a50a21fadd1efaa99fad,player_map_stats.csv,"{""handle"": ""nAts"", ""map_id"": 254147, ""match_id"": 625789}",assists,7,7,True
Overtime Santiago Split,https://www.vlr.gg/625789/t1-vs-team-liquid-valorant-masters-santiago-2026-r1/?game=254147,screenshots/audit-overtime-stats.png,259e41b7ec35f46b1b164ef0aba7d51893e176f03f38a50a21fadd1efaa99fad,player_map_stats.csv,"{""handle"": ""nAts"", ""map_id"": 254147, ""match_id"": 625789}",kast_pct,75,75,True
Overtime Santiago Split,https://www.vlr.gg/625789/t1-vs-team-liquid-valorant-masters-santiago-2026-r1/?game=254147,screenshots/audit-overtime-stats.png,259e41b7ec35f46b1b164ef0aba7d51893e176f03f38a50a21fadd1efaa99fad,player_map_stats.csv,"{""handle"": ""nAts"", ""map_id"": 254147, ""match_id"": 625789}",adr,155,155,True
Overtime Santiago Split,https://www.vlr.gg/625789/t1-vs-team-liquid-valorant-masters-santiago-2026-r1/?game=254147,screenshots/audit-overtime-stats.png,259e41b7ec35f46b1b164ef0aba7d51893e176f03f38a50a21fadd1efaa99fad,player_map_stats.csv,"{""handle"": ""nAts"", ""map_id"": 254147, ""match_id"": 625789}",hs_pct,32,32,True
Overtime Santiago Split,https://www.vlr.gg/625789/t1-vs-team-liquid-valorant-masters-santiago-2026-r1/?game=254147,screenshots/audit-overtime-stats.png,259e41b7ec35f46b1b164ef0aba7d51893e176f03f38a50a21fadd1efaa99fad,player_map_stats.csv,"{""handle"": ""nAts"", ""map_id"": 254147, ""match_id"": 625789}",first_kills,1,1,True
Overtime Santiago Split,https://www.vlr.gg/625789/t1-vs-team-liquid-valorant-masters-santiago-2026-r1/?game=254147,screenshots/audit-overtime-stats.png,259e41b7ec35f46b1b164ef0aba7d51893e176f03f38a50a21fadd1efaa99fad,player_map_stats.csv,"{""handle"": ""nAts"", ""map_id"": 254147, ""match_id"": 625789}",first_deaths,2,2,True
Overtime Santiago Split,https://www.vlr.gg/625789/t1-vs-team-liquid-valorant-masters-santiago-2026-r1/?game=254147,screenshots/audit-overtime-stats.png,259e41b7ec35f46b1b164ef0aba7d51893e176f03f38a50a21fadd1efaa99fad,player_map_stats.csv,"{""handle"": ""MiniBoo"", ""map_id"": 254147, ""match_id"": 625789}",vlr_rating,1.02,1.02,True
Overtime Santiago Split,https://www.vlr.gg/625789/t1-vs-team-liquid-valorant-masters-santiago-2026-r1/?game=254147,screenshots/audit-overtime-stats.png,259e41b7ec35f46b1b164ef0aba7d51893e176f03f38a50a21fadd1efaa99fad,player_map_stats.csv,"{""handle"": ""MiniBoo"", ""map_id"": 254147, ""match_id"": 625789}",acs,202,202,True
Overtime Santiago Split,https://www.vlr.gg/625789/t1-vs-team-liquid-valorant-masters-santiago-2026-r1/?game=254147,screenshots/audit-overtime-stats.png,259e41b7ec35f46b1b164ef0aba7d51893e176f03f38a50a21fadd1efaa99fad,player_map_stats.csv,"{""handle"": ""MiniBoo"", ""map_id"": 254147, ""match_id"": 625789}",kills,18,18,True
Overtime Santiago Split,https://www.vlr.gg/625789/t1-vs-team-liquid-valorant-masters-santiago-2026-r1/?game=254147,screenshots/audit-overtime-stats.png,259e41b7ec35f46b1b164ef0aba7d51893e176f03f38a50a21fadd1efaa99fad,player_map_stats.csv,"{""handle"": ""MiniBoo"", ""map_id"": 254147, ""match_id"": 625789}",deaths,19,19,True
Overtime Santiago Split,https://www.vlr.gg/625789/t1-vs-team-liquid-valorant-masters-santiago-2026-r1/?game=254147,screenshots/audit-overtime-stats.png,259e41b7ec35f46b1b164ef0aba7d51893e176f03f38a50a21fadd1efaa99fad,player_map_stats.csv,"{""handle"": ""MiniBoo"", ""map_id"": 254147, ""match_id"": 625789}",assists,9,9,True
Overtime Santiago Split,https://www.vlr.gg/625789/t1-vs-team-liquid-valorant-masters-santiago-2026-r1/?game=254147,screenshots/audit-overtime-stats.png,259e41b7ec35f46b1b164ef0aba7d51893e176f03f38a50a21fadd1efaa99fad,player_map_stats.csv,"{""handle"": ""MiniBoo"", ""map_id"": 254147, ""match_id"": 625789}",kast_pct,79,79,True
Overtime Santiago Split,https://www.vlr.gg/625789/t1-vs-team-liquid-valorant-masters-santiago-2026-r1/?game=254147,screenshots/audit-overtime-stats.png,259e41b7ec35f46b1b164ef0aba7d51893e176f03f38a50a21fadd1efaa99fad,player_map_stats.csv,"{""handle"": ""MiniBoo"", ""map_id"": 254147, ""match_id"": 625789}",adr,125,125,True
Overtime Santiago Split,https://www.vlr.gg/625789/t1-vs-team-liquid-valorant-masters-santiago-2026-r1/?game=254147,screenshots/audit-overtime-stats.png,259e41b7ec35f46b1b164ef0aba7d51893e176f03f38a50a21fadd1efaa99fad,player_map_stats.csv,"{""handle"": ""MiniBoo"", ""map_id"": 254147, ""match_id"": 625789}",hs_pct,23,23,True
Overtime Santiago Split,https://www.vlr.gg/625789/t1-vs-team-liquid-valorant-masters-santiago-2026-r1/?game=254147,screenshots/audit-overtime-stats.png,259e41b7ec35f46b1b164ef0aba7d51893e176f03f38a50a21fadd1efaa99fad,player_map_stats.csv,"{""handle"": ""MiniBoo"", ""map_id"": 254147, ""match_id"": 625789}",first_kills,7,7,True
Overtime Santiago Split,https://www.vlr.gg/625789/t1-vs-team-liquid-valorant-masters-santiago-2026-r1/?game=254147,screenshots/audit-overtime-stats.png,259e41b7ec35f46b1b164ef0aba7d51893e176f03f38a50a21fadd1efaa99fad,player_map_stats.csv,"{""handle"": ""MiniBoo"", ""map_id"": 254147, ""match_id"": 625789}",first_deaths,4,4,True
Overtime Santiago Split,https://www.vlr.gg/625789/t1-vs-team-liquid-valorant-masters-santiago-2026-r1/?game=254147,screenshots/audit-overtime-stats.png,259e41b7ec35f46b1b164ef0aba7d51893e176f03f38a50a21fadd1efaa99fad,player_map_stats.csv,"{""handle"": ""kamo"", ""map_id"": 254147, ""match_id"": 625789}",vlr_rating,0.81,0.81,True
Overtime Santiago Split,https://www.vlr.gg/625789/t1-vs-team-liquid-valorant-masters-santiago-2026-r1/?game=254147,screenshots/audit-overtime-stats.png,259e41b7ec35f46b1b164ef0aba7d51893e176f03f38a50a21fadd1efaa99fad,player_map_stats.csv,"{""handle"": ""kamo"", ""map_id"": 254147, ""match_id"": 625789}",acs,159,159,True
Overtime Santiago Split,https://www.vlr.gg/625789/t1-vs-team-liquid-valorant-masters-santiago-2026-r1/?game=254147,screenshots/audit-overtime-stats.png,259e41b7ec35f46b1b164ef0aba7d51893e176f03f38a50a21fadd1efaa99fad,player_map_stats.csv,"{""handle"": ""kamo"", ""map_id"": 254147, ""match_id"": 625789}",kills,16,16,True
Overtime Santiago Split,https://www.vlr.gg/625789/t1-vs-team-liquid-valorant-masters-santiago-2026-r1/?game=254147,screenshots/audit-overtime-stats.png,259e41b7ec35f46b1b164ef0aba7d51893e176f03f38a50a21fadd1efaa99fad,player_map_stats.csv,"{""handle"": ""kamo"", ""map_id"": 254147, ""match_id"": 625789}",deaths,18,18,True
Overtime Santiago Split,https://www.vlr.gg/625789/t1-vs-team-liquid-valorant-masters-santiago-2026-r1/?game=254147,screenshots/audit-overtime-stats.png,259e41b7ec35f46b1b164ef0aba7d51893e176f03f38a50a21fadd1efaa99fad,player_map_stats.csv,"{""handle"": ""kamo"", ""map_id"": 254147, ""match_id"": 625789}",assists,3,3,True
Overtime Santiago Split,https://www.vlr.gg/625789/t1-vs-team-liquid-valorant-masters-santiago-2026-r1/?game=254147,screenshots/audit-overtime-stats.png,259e41b7ec35f46b1b164ef0aba7d51893e176f03f38a50a21fadd1efaa99fad,player_map_stats.csv,"{""handle"": ""kamo"", ""map_id"": 254147, ""match_id"": 625789}",kast_pct,71,71,True
Overtime Santiago Split,https://www.vlr.gg/625789/t1-vs-team-liquid-valorant-masters-santiago-2026-r1/?game=254147,screenshots/audit-overtime-stats.png,259e41b7ec35f46b1b164ef0aba7d51893e176f03f38a50a21fadd1efaa99fad,player_map_stats.csv,"{""handle"": ""kamo"", ""map_id"": 254147, ""match_id"": 625789}",adr,100,100,True
Overtime Santiago Split,https://www.vlr.gg/625789/t1-vs-team-liquid-valorant-masters-santiago-2026-r1/?game=254147,screenshots/audit-overtime-stats.png,259e41b7ec35f46b1b164ef0aba7d51893e176f03f38a50a21fadd1efaa99fad,player_map_stats.csv,"{""handle"": ""kamo"", ""map_id"": 254147, ""match_id"": 625789}",hs_pct,48,48,True
Overtime Santiago Split,https://www.vlr.gg/625789/t1-vs-team-liquid-valorant-masters-santiago-2026-r1/?game=254147,screenshots/audit-overtime-stats.png,259e41b7ec35f46b1b164ef0aba7d51893e176f03f38a50a21fadd1efaa99fad,player_map_stats.csv,"{""handle"": ""kamo"", ""map_id"": 254147, ""match_id"": 625789}",first_kills,2,2,True
Overtime Santiago Split,https://www.vlr.gg/625789/t1-vs-team-liquid-valorant-masters-santiago-2026-r1/?game=254147,screenshots/audit-overtime-stats.png,259e41b7ec35f46b1b164ef0aba7d51893e176f03f38a50a21fadd1efaa99fad,player_map_stats.csv,"{""handle"": ""kamo"", ""map_id"": 254147, ""match_id"": 625789}",first_deaths,2,2,True
Tier 2 NA Breeze,https://www.vlr.gg/645242/shopify-rebellion-black-vs-rose-challengers-2026-north-america-ace-stage-2-r1/?game=258547,screenshots/audit-na-tier2-stats.png,a0c35444041001f1e29a9f0d0988ab9b7f41cf9a50ae88873dd7b0c58b09a6c0,map_outcomes.csv,"{""map_id"": 258547, ""match_id"": 645242}",map_name,Breeze,Breeze,True
Tier 2 NA Breeze,https://www.vlr.gg/645242/shopify-rebellion-black-vs-rose-challengers-2026-north-america-ace-stage-2-r1/?game=258547,screenshots/audit-na-tier2-stats.png,a0c35444041001f1e29a9f0d0988ab9b7f41cf9a50ae88873dd7b0c58b09a6c0,map_outcomes.csv,"{""map_id"": 258547, ""match_id"": 645242}",team1_name,Shopify Rebellion Black,Shopify Rebellion Black,True
Tier 2 NA Breeze,https://www.vlr.gg/645242/shopify-rebellion-black-vs-rose-challengers-2026-north-america-ace-stage-2-r1/?game=258547,screenshots/audit-na-tier2-stats.png,a0c35444041001f1e29a9f0d0988ab9b7f41cf9a50ae88873dd7b0c58b09a6c0,map_outcomes.csv,"{""map_id"": 258547, ""match_id"": 645242}",team2_name,ROSE,ROSE,True
Tier 2 NA Breeze,https://www.vlr.gg/645242/shopify-rebellion-black-vs-rose-challengers-2026-north-america-ace-stage-2-r1/?game=258547,screenshots/audit-na-tier2-stats.png,a0c35444041001f1e29a9f0d0988ab9b7f41cf9a50ae88873dd7b0c58b09a6c0,map_outcomes.csv,"{""map_id"": 258547, ""match_id"": 645242}",team1_rounds,13,13,True
Tier 2 NA Breeze,https://www.vlr.gg/645242/shopify-rebellion-black-vs-rose-challengers-2026-north-america-ace-stage-2-r1/?game=258547,screenshots/audit-na-tier2-stats.png,a0c35444041001f1e29a9f0d0988ab9b7f41cf9a50ae88873dd7b0c58b09a6c0,map_outcomes.csv,"{""map_id"": 258547, ""match_id"": 645242}",team2_rounds,7,7,True
Tier 2 NA Breeze,https://www.vlr.gg/645242/shopify-rebellion-black-vs-rose-challengers-2026-north-america-ace-stage-2-r1/?game=258547,screenshots/audit-na-tier2-stats.png,a0c35444041001f1e29a9f0d0988ab9b7f41cf9a50ae88873dd7b0c58b09a6c0,map_outcomes.csv,"{""map_id"": 258547, ""match_id"": 645242}",rounds,20,20,True
Tier 2 NA Breeze,https://www.vlr.gg/645242/shopify-rebellion-black-vs-rose-challengers-2026-north-america-ace-stage-2-r1/?game=258547,screenshots/audit-na-tier2-stats.png,a0c35444041001f1e29a9f0d0988ab9b7f41cf9a50ae88873dd7b0c58b09a6c0,player_map_stats.csv,"{""handle"": ""satellite"", ""map_id"": 258547, ""match_id"": 645242}",vlr_rating,1.75,1.75,True
Tier 2 NA Breeze,https://www.vlr.gg/645242/shopify-rebellion-black-vs-rose-challengers-2026-north-america-ace-stage-2-r1/?game=258547,screenshots/audit-na-tier2-stats.png,a0c35444041001f1e29a9f0d0988ab9b7f41cf9a50ae88873dd7b0c58b09a6c0,player_map_stats.csv,"{""handle"": ""satellite"", ""map_id"": 258547, ""match_id"": 645242}",acs,351,351,True
Tier 2 NA Breeze,https://www.vlr.gg/645242/shopify-rebellion-black-vs-rose-challengers-2026-north-america-ace-stage-2-r1/?game=258547,screenshots/audit-na-tier2-stats.png,a0c35444041001f1e29a9f0d0988ab9b7f41cf9a50ae88873dd7b0c58b09a6c0,player_map_stats.csv,"{""handle"": ""satellite"", ""map_id"": 258547, ""match_id"": 645242}",kills,26,26,True
Tier 2 NA Breeze,https://www.vlr.gg/645242/shopify-rebellion-black-vs-rose-challengers-2026-north-america-ace-stage-2-r1/?game=258547,screenshots/audit-na-tier2-stats.png,a0c35444041001f1e29a9f0d0988ab9b7f41cf9a50ae88873dd7b0c58b09a6c0,player_map_stats.csv,"{""handle"": ""satellite"", ""map_id"": 258547, ""match_id"": 645242}",deaths,12,12,True
Tier 2 NA Breeze,https://www.vlr.gg/645242/shopify-rebellion-black-vs-rose-challengers-2026-north-america-ace-stage-2-r1/?game=258547,screenshots/audit-na-tier2-stats.png,a0c35444041001f1e29a9f0d0988ab9b7f41cf9a50ae88873dd7b0c58b09a6c0,player_map_stats.csv,"{""handle"": ""satellite"", ""map_id"": 258547, ""match_id"": 645242}",assists,4,4,True
Tier 2 NA Breeze,https://www.vlr.gg/645242/shopify-rebellion-black-vs-rose-challengers-2026-north-america-ace-stage-2-r1/?game=258547,screenshots/audit-na-tier2-stats.png,a0c35444041001f1e29a9f0d0988ab9b7f41cf9a50ae88873dd7b0c58b09a6c0,player_map_stats.csv,"{""handle"": ""satellite"", ""map_id"": 258547, ""match_id"": 645242}",kast_pct,95,95,True
Tier 2 NA Breeze,https://www.vlr.gg/645242/shopify-rebellion-black-vs-rose-challengers-2026-north-america-ace-stage-2-r1/?game=258547,screenshots/audit-na-tier2-stats.png,a0c35444041001f1e29a9f0d0988ab9b7f41cf9a50ae88873dd7b0c58b09a6c0,player_map_stats.csv,"{""handle"": ""satellite"", ""map_id"": 258547, ""match_id"": 645242}",adr,224,224,True
Tier 2 NA Breeze,https://www.vlr.gg/645242/shopify-rebellion-black-vs-rose-challengers-2026-north-america-ace-stage-2-r1/?game=258547,screenshots/audit-na-tier2-stats.png,a0c35444041001f1e29a9f0d0988ab9b7f41cf9a50ae88873dd7b0c58b09a6c0,player_map_stats.csv,"{""handle"": ""satellite"", ""map_id"": 258547, ""match_id"": 645242}",hs_pct,24,24,True
Tier 2 NA Breeze,https://www.vlr.gg/645242/shopify-rebellion-black-vs-rose-challengers-2026-north-america-ace-stage-2-r1/?game=258547,screenshots/audit-na-tier2-stats.png,a0c35444041001f1e29a9f0d0988ab9b7f41cf9a50ae88873dd7b0c58b09a6c0,player_map_stats.csv,"{""handle"": ""satellite"", ""map_id"": 258547, ""match_id"": 645242}",first_kills,5,5,True
Tier 2 NA Breeze,https://www.vlr.gg/645242/shopify-rebellion-black-vs-rose-challengers-2026-north-america-ace-stage-2-r1/?game=258547,screenshots/audit-na-tier2-stats.png,a0c35444041001f1e29a9f0d0988ab9b7f41cf9a50ae88873dd7b0c58b09a6c0,player_map_stats.csv,"{""handle"": ""satellite"", ""map_id"": 258547, ""match_id"": 645242}",first_deaths,1,1,True
Tier 2 NA Breeze,https://www.vlr.gg/645242/shopify-rebellion-black-vs-rose-challengers-2026-north-america-ace-stage-2-r1/?game=258547,screenshots/audit-na-tier2-stats.png,a0c35444041001f1e29a9f0d0988ab9b7f41cf9a50ae88873dd7b0c58b09a6c0,player_map_stats.csv,"{""handle"": ""Smoke"", ""map_id"": 258547, ""match_id"": 645242}",vlr_rating,1.36,1.36,True
Tier 2 NA Breeze,https://www.vlr.gg/645242/shopify-rebellion-black-vs-rose-challengers-2026-north-america-ace-stage-2-r1/?game=258547,screenshots/audit-na-tier2-stats.png,a0c35444041001f1e29a9f0d0988ab9b7f41cf9a50ae88873dd7b0c58b09a6c0,player_map_stats.csv,"{""handle"": ""Smoke"", ""map_id"": 258547, ""match_id"": 645242}",acs,312,312,True
Tier 2 NA Breeze,https://www.vlr.gg/645242/shopify-rebellion-black-vs-rose-challengers-2026-north-america-ace-stage-2-r1/?game=258547,screenshots/audit-na-tier2-stats.png,a0c35444041001f1e29a9f0d0988ab9b7f41cf9a50ae88873dd7b0c58b09a6c0,player_map_stats.csv,"{""handle"": ""Smoke"", ""map_id"": 258547, ""match_id"": 645242}",kills,23,23,True
Tier 2 NA Breeze,https://www.vlr.gg/645242/shopify-rebellion-black-vs-rose-challengers-2026-north-america-ace-stage-2-r1/?game=258547,screenshots/audit-na-tier2-stats.png,a0c35444041001f1e29a9f0d0988ab9b7f41cf9a50ae88873dd7b0c58b09a6c0,player_map_stats.csv,"{""handle"": ""Smoke"", ""map_id"": 258547, ""match_id"": 645242}",deaths,13,13,True
Tier 2 NA Breeze,https://www.vlr.gg/645242/shopify-rebellion-black-vs-rose-challengers-2026-north-america-ace-stage-2-r1/?game=258547,screenshots/audit-na-tier2-stats.png,a0c35444041001f1e29a9f0d0988ab9b7f41cf9a50ae88873dd7b0c58b09a6c0,player_map_stats.csv,"{""handle"": ""Smoke"", ""map_id"": 258547, ""match_id"": 645242}",assists,0,0,True
Tier 2 NA Breeze,https://www.vlr.gg/645242/shopify-rebellion-black-vs-rose-challengers-2026-north-america-ace-stage-2-r1/?game=258547,screenshots/audit-na-tier2-stats.png,a0c35444041001f1e29a9f0d0988ab9b7f41cf9a50ae88873dd7b0c58b09a6c0,player_map_stats.csv,"{""handle"": ""Smoke"", ""map_id"": 258547, ""match_id"": 645242}",kast_pct,80,80,True
Tier 2 NA Breeze,https://www.vlr.gg/645242/shopify-rebellion-black-vs-rose-challengers-2026-north-america-ace-stage-2-r1/?game=258547,screenshots/audit-na-tier2-stats.png,a0c35444041001f1e29a9f0d0988ab9b7f41cf9a50ae88873dd7b0c58b09a6c0,player_map_stats.csv,"{""handle"": ""Smoke"", ""map_id"": 258547, ""match_id"": 645242}",adr,180,180,True
Tier 2 NA Breeze,https://www.vlr.gg/645242/shopify-rebellion-black-vs-rose-challengers-2026-north-america-ace-stage-2-r1/?game=258547,screenshots/audit-na-tier2-stats.png,a0c35444041001f1e29a9f0d0988ab9b7f41cf9a50ae88873dd7b0c58b09a6c0,player_map_stats.csv,"{""handle"": ""Smoke"", ""map_id"": 258547, ""match_id"": 645242}",hs_pct,7,7,True
Tier 2 NA Breeze,https://www.vlr.gg/645242/shopify-rebellion-black-vs-rose-challengers-2026-north-america-ace-stage-2-r1/?game=258547,screenshots/audit-na-tier2-stats.png,a0c35444041001f1e29a9f0d0988ab9b7f41cf9a50ae88873dd7b0c58b09a6c0,player_map_stats.csv,"{""handle"": ""Smoke"", ""map_id"": 258547, ""match_id"": 645242}",first_kills,7,7,True
Tier 2 NA Breeze,https://www.vlr.gg/645242/shopify-rebellion-black-vs-rose-challengers-2026-north-america-ace-stage-2-r1/?game=258547,screenshots/audit-na-tier2-stats.png,a0c35444041001f1e29a9f0d0988ab9b7f41cf9a50ae88873dd7b0c58b09a6c0,player_map_stats.csv,"{""handle"": ""Smoke"", ""map_id"": 258547, ""match_id"": 645242}",first_deaths,2,2,True
Tier 2 NA Breeze,https://www.vlr.gg/645242/shopify-rebellion-black-vs-rose-challengers-2026-north-america-ace-stage-2-r1/?game=258547,screenshots/audit-na-tier2-stats.png,a0c35444041001f1e29a9f0d0988ab9b7f41cf9a50ae88873dd7b0c58b09a6c0,player_map_stats.csv,"{""handle"": ""NaturE"", ""map_id"": 258547, ""match_id"": 645242}",vlr_rating,1.03,1.03,True
Tier 2 NA Breeze,https://www.vlr.gg/645242/shopify-rebellion-black-vs-rose-challengers-2026-north-america-ace-stage-2-r1/?game=258547,screenshots/audit-na-tier2-stats.png,a0c35444041001f1e29a9f0d0988ab9b7f41cf9a50ae88873dd7b0c58b09a6c0,player_map_stats.csv,"{""handle"": ""NaturE"", ""map_id"": 258547, ""match_id"": 645242}",acs,188,188,True
Tier 2 NA Breeze,https://www.vlr.gg/645242/shopify-rebellion-black-vs-rose-challengers-2026-north-america-ace-stage-2-r1/?game=258547,screenshots/audit-na-tier2-stats.png,a0c35444041001f1e29a9f0d0988ab9b7f41cf9a50ae88873dd7b0c58b09a6c0,player_map_stats.csv,"{""handle"": ""NaturE"", ""map_id"": 258547, ""match_id"": 645242}",kills,14,14,True
Tier 2 NA Breeze,https://www.vlr.gg/645242/shopify-rebellion-black-vs-rose-challengers-2026-north-america-ace-stage-2-r1/?game=258547,screenshots/audit-na-tier2-stats.png,a0c35444041001f1e29a9f0d0988ab9b7f41cf9a50ae88873dd7b0c58b09a6c0,player_map_stats.csv,"{""handle"": ""NaturE"", ""map_id"": 258547, ""match_id"": 645242}",deaths,9,9,True
Tier 2 NA Breeze,https://www.vlr.gg/645242/shopify-rebellion-black-vs-rose-challengers-2026-north-america-ace-stage-2-r1/?game=258547,screenshots/audit-na-tier2-stats.png,a0c35444041001f1e29a9f0d0988ab9b7f41cf9a50ae88873dd7b0c58b09a6c0,player_map_stats.csv,"{""handle"": ""NaturE"", ""map_id"": 258547, ""match_id"": 645242}",assists,3,3,True
Tier 2 NA Breeze,https://www.vlr.gg/645242/shopify-rebellion-black-vs-rose-challengers-2026-north-america-ace-stage-2-r1/?game=258547,screenshots/audit-na-tier2-stats.png,a0c35444041001f1e29a9f0d0988ab9b7f41cf9a50ae88873dd7b0c58b09a6c0,player_map_stats.csv,"{""handle"": ""NaturE"", ""map_id"": 258547, ""match_id"": 645242}",kast_pct,75,75,True
Tier 2 NA Breeze,https://www.vlr.gg/645242/shopify-rebellion-black-vs-rose-challengers-2026-north-america-ace-stage-2-r1/?game=258547,screenshots/audit-na-tier2-stats.png,a0c35444041001f1e29a9f0d0988ab9b7f41cf9a50ae88873dd7b0c58b09a6c0,player_map_stats.csv,"{""handle"": ""NaturE"", ""map_id"": 258547, ""match_id"": 645242}",adr,135,135,True
Tier 2 NA Breeze,https://www.vlr.gg/645242/shopify-rebellion-black-vs-rose-challengers-2026-north-america-ace-stage-2-r1/?game=258547,screenshots/audit-na-tier2-stats.png,a0c35444041001f1e29a9f0d0988ab9b7f41cf9a50ae88873dd7b0c58b09a6c0,player_map_stats.csv,"{""handle"": ""NaturE"", ""map_id"": 258547, ""match_id"": 645242}",hs_pct,23,23,True
Tier 2 NA Breeze,https://www.vlr.gg/645242/shopify-rebellion-black-vs-rose-challengers-2026-north-america-ace-stage-2-r1/?game=258547,screenshots/audit-na-tier2-stats.png,a0c35444041001f1e29a9f0d0988ab9b7f41cf9a50ae88873dd7b0c58b09a6c0,player_map_stats.csv,"{""handle"": ""NaturE"", ""map_id"": 258547, ""match_id"": 645242}",first_kills,0,0,True
Tier 2 NA Breeze,https://www.vlr.gg/645242/shopify-rebellion-black-vs-rose-challengers-2026-north-america-ace-stage-2-r1/?game=258547,screenshots/audit-na-tier2-stats.png,a0c35444041001f1e29a9f0d0988ab9b7f41cf9a50ae88873dd7b0c58b09a6c0,player_map_stats.csv,"{""handle"": ""NaturE"", ""map_id"": 258547, ""match_id"": 645242}",first_deaths,1,1,True
Tier 2 NA Breeze,https://www.vlr.gg/645242/shopify-rebellion-black-vs-rose-challengers-2026-north-america-ace-stage-2-r1/?game=258547,screenshots/audit-na-tier2-stats.png,a0c35444041001f1e29a9f0d0988ab9b7f41cf9a50ae88873dd7b0c58b09a6c0,player_map_stats.csv,"{""handle"": ""exa"", ""map_id"": 258547, ""match_id"": 645242}",vlr_rating,0.95,0.95,True
Tier 2 NA Breeze,https://www.vlr.gg/645242/shopify-rebellion-black-vs-rose-challengers-2026-north-america-ace-stage-2-r1/?game=258547,screenshots/audit-na-tier2-stats.png,a0c35444041001f1e29a9f0d0988ab9b7f41cf9a50ae88873dd7b0c58b09a6c0,player_map_stats.csv,"{""handle"": ""exa"", ""map_id"": 258547, ""match_id"": 645242}",acs,175,175,True
Tier 2 NA Breeze,https://www.vlr.gg/645242/shopify-rebellion-black-vs-rose-challengers-2026-north-america-ace-stage-2-r1/?game=258547,screenshots/audit-na-tier2-stats.png,a0c35444041001f1e29a9f0d0988ab9b7f41cf9a50ae88873dd7b0c58b09a6c0,player_map_stats.csv,"{""handle"": ""exa"", ""map_id"": 258547, ""match_id"": 645242}",kills,13,13,True
Tier 2 NA Breeze,https://www.vlr.gg/645242/shopify-rebellion-black-vs-rose-challengers-2026-north-america-ace-stage-2-r1/?game=258547,screenshots/audit-na-tier2-stats.png,a0c35444041001f1e29a9f0d0988ab9b7f41cf9a50ae88873dd7b0c58b09a6c0,player_map_stats.csv,"{""handle"": ""exa"", ""map_id"": 258547, ""match_id"": 645242}",deaths,13,13,True
Tier 2 NA Breeze,https://www.vlr.gg/645242/shopify-rebellion-black-vs-rose-challengers-2026-north-america-ace-stage-2-r1/?game=258547,screenshots/audit-na-tier2-stats.png,a0c35444041001f1e29a9f0d0988ab9b7f41cf9a50ae88873dd7b0c58b09a6c0,player_map_stats.csv,"{""handle"": ""exa"", ""map_id"": 258547, ""match_id"": 645242}",assists,6,6,True
Tier 2 NA Breeze,https://www.vlr.gg/645242/shopify-rebellion-black-vs-rose-challengers-2026-north-america-ace-stage-2-r1/?game=258547,screenshots/audit-na-tier2-stats.png,a0c35444041001f1e29a9f0d0988ab9b7f41cf9a50ae88873dd7b0c58b09a6c0,player_map_stats.csv,"{""handle"": ""exa"", ""map_id"": 258547, ""match_id"": 645242}",kast_pct,80,80,True
Tier 2 NA Breeze,https://www.vlr.gg/645242/shopify-rebellion-black-vs-rose-challengers-2026-north-america-ace-stage-2-r1/?game=258547,screenshots/audit-na-tier2-stats.png,a0c35444041001f1e29a9f0d0988ab9b7f41cf9a50ae88873dd7b0c58b09a6c0,player_map_stats.csv,"{""handle"": ""exa"", ""map_id"": 258547, ""match_id"": 645242}",adr,113,113,True
Tier 2 NA Breeze,https://www.vlr.gg/645242/shopify-rebellion-black-vs-rose-challengers-2026-north-america-ace-stage-2-r1/?game=258547,screenshots/audit-na-tier2-stats.png,a0c35444041001f1e29a9f0d0988ab9b7f41cf9a50ae88873dd7b0c58b09a6c0,player_map_stats.csv,"{""handle"": ""exa"", ""map_id"": 258547, ""match_id"": 645242}",hs_pct,34,34,True
Tier 2 NA Breeze,https://www.vlr.gg/645242/shopify-rebellion-black-vs-rose-challengers-2026-north-america-ace-stage-2-r1/?game=258547,screenshots/audit-na-tier2-stats.png,a0c35444041001f1e29a9f0d0988ab9b7f41cf9a50ae88873dd7b0c58b09a6c0,player_map_stats.csv,"{""handle"": ""exa"", ""map_id"": 258547, ""match_id"": 645242}",first_kills,0,0,True
Tier 2 NA Breeze,https://www.vlr.gg/645242/shopify-rebellion-black-vs-rose-challengers-2026-north-america-ace-stage-2-r1/?game=258547,screenshots/audit-na-tier2-stats.png,a0c35444041001f1e29a9f0d0988ab9b7f41cf9a50ae88873dd7b0c58b09a6c0,player_map_stats.csv,"{""handle"": ""exa"", ""map_id"": 258547, ""match_id"": 645242}",first_deaths,2,2,True
Tier 2 NA Breeze,https://www.vlr.gg/645242/shopify-rebellion-black-vs-rose-challengers-2026-north-america-ace-stage-2-r1/?game=258547,screenshots/audit-na-tier2-stats.png,a0c35444041001f1e29a9f0d0988ab9b7f41cf9a50ae88873dd7b0c58b09a6c0,player_map_stats.csv,"{""handle"": ""zander"", ""map_id"": 258547, ""match_id"": 645242}",vlr_rating,0.91,0.91,True
Tier 2 NA Breeze,https://www.vlr.gg/645242/shopify-rebellion-black-vs-rose-challengers-2026-north-america-ace-stage-2-r1/?game=258547,screenshots/audit-na-tier2-stats.png,a0c35444041001f1e29a9f0d0988ab9b7f41cf9a50ae88873dd7b0c58b09a6c0,player_map_stats.csv,"{""handle"": ""zander"", ""map_id"": 258547, ""match_id"": 645242}",acs,101,101,True
Tier 2 NA Breeze,https://www.vlr.gg/645242/shopify-rebellion-black-vs-rose-challengers-2026-north-america-ace-stage-2-r1/?game=258547,screenshots/audit-na-tier2-stats.png,a0c35444041001f1e29a9f0d0988ab9b7f41cf9a50ae88873dd7b0c58b09a6c0,player_map_stats.csv,"{""handle"": ""zander"", ""map_id"": 258547, ""match_id"": 645242}",kills,7,7,True
Tier 2 NA Breeze,https://www.vlr.gg/645242/shopify-rebellion-black-vs-rose-challengers-2026-north-america-ace-stage-2-r1/?game=258547,screenshots/audit-na-tier2-stats.png,a0c35444041001f1e29a9f0d0988ab9b7f41cf9a50ae88873dd7b0c58b09a6c0,player_map_stats.csv,"{""handle"": ""zander"", ""map_id"": 258547, ""match_id"": 645242}",deaths,9,9,True
Tier 2 NA Breeze,https://www.vlr.gg/645242/shopify-rebellion-black-vs-rose-challengers-2026-north-america-ace-stage-2-r1/?game=258547,screenshots/audit-na-tier2-stats.png,a0c35444041001f1e29a9f0d0988ab9b7f41cf9a50ae88873dd7b0c58b09a6c0,player_map_stats.csv,"{""handle"": ""zander"", ""map_id"": 258547, ""match_id"": 645242}",assists,5,5,True
Tier 2 NA Breeze,https://www.vlr.gg/645242/shopify-rebellion-black-vs-rose-challengers-2026-north-america-ace-stage-2-r1/?game=258547,screenshots/audit-na-tier2-stats.png,a0c35444041001f1e29a9f0d0988ab9b7f41cf9a50ae88873dd7b0c58b09a6c0,player_map_stats.csv,"{""handle"": ""zander"", ""map_id"": 258547, ""match_id"": 645242}",kast_pct,90,90,True
Tier 2 NA Breeze,https://www.vlr.gg/645242/shopify-rebellion-black-vs-rose-challengers-2026-north-america-ace-stage-2-r1/?game=258547,screenshots/audit-na-tier2-stats.png,a0c35444041001f1e29a9f0d0988ab9b7f41cf9a50ae88873dd7b0c58b09a6c0,player_map_stats.csv,"{""handle"": ""zander"", ""map_id"": 258547, ""match_id"": 645242}",adr,66,66,True
Tier 2 NA Breeze,https://www.vlr.gg/645242/shopify-rebellion-black-vs-rose-challengers-2026-north-america-ace-stage-2-r1/?game=258547,screenshots/audit-na-tier2-stats.png,a0c35444041001f1e29a9f0d0988ab9b7f41cf9a50ae88873dd7b0c58b09a6c0,player_map_stats.csv,"{""handle"": ""zander"", ""map_id"": 258547, ""match_id"": 645242}",hs_pct,27,27,True
Tier 2 NA Breeze,https://www.vlr.gg/645242/shopify-rebellion-black-vs-rose-challengers-2026-north-america-ace-stage-2-r1/?game=258547,screenshots/audit-na-tier2-stats.png,a0c35444041001f1e29a9f0d0988ab9b7f41cf9a50ae88873dd7b0c58b09a6c0,player_map_stats.csv,"{""handle"": ""zander"", ""map_id"": 258547, ""match_id"": 645242}",first_kills,0,0,True
Tier 2 NA Breeze,https://www.vlr.gg/645242/shopify-rebellion-black-vs-rose-challengers-2026-north-america-ace-stage-2-r1/?game=258547,screenshots/audit-na-tier2-stats.png,a0c35444041001f1e29a9f0d0988ab9b7f41cf9a50ae88873dd7b0c58b09a6c0,player_map_stats.csv,"{""handle"": ""zander"", ""map_id"": 258547, ""match_id"": 645242}",first_deaths,2,2,True
Tier 2 NA Breeze,https://www.vlr.gg/645242/shopify-rebellion-black-vs-rose-challengers-2026-north-america-ace-stage-2-r1/?game=258547,screenshots/audit-na-tier2-stats.png,a0c35444041001f1e29a9f0d0988ab9b7f41cf9a50ae88873dd7b0c58b09a6c0,player_map_stats.csv,"{""handle"": ""k0rupt"", ""map_id"": 258547, ""match_id"": 645242}",vlr_rating,1.28,1.28,True
Tier 2 NA Breeze,https://www.vlr.gg/645242/shopify-rebellion-black-vs-rose-challengers-2026-north-america-ace-stage-2-r1/?game=258547,screenshots/audit-na-tier2-stats.png,a0c35444041001f1e29a9f0d0988ab9b7f41cf9a50ae88873dd7b0c58b09a6c0,player_map_stats.csv,"{""handle"": ""k0rupt"", ""map_id"": 258547, ""match_id"": 645242}",acs,242,242,True
Tier 2 NA Breeze,https://www.vlr.gg/645242/shopify-rebellion-black-vs-rose-challengers-2026-north-america-ace-stage-2-r1/?game=258547,screenshots/audit-na-tier2-stats.png,a0c35444041001f1e29a9f0d0988ab9b7f41cf9a50ae88873dd7b0c58b09a6c0,player_map_stats.csv,"{""handle"": ""k0rupt"", ""map_id"": 258547, ""match_id"": 645242}",kills,17,17,True
Tier 2 NA Breeze,https://www.vlr.gg/645242/shopify-rebellion-black-vs-rose-challengers-2026-north-america-ace-stage-2-r1/?game=258547,screenshots/audit-na-tier2-stats.png,a0c35444041001f1e29a9f0d0988ab9b7f41cf9a50ae88873dd7b0c58b09a6c0,player_map_stats.csv,"{""handle"": ""k0rupt"", ""map_id"": 258547, ""match_id"": 645242}",deaths,15,15,True
Tier 2 NA Breeze,https://www.vlr.gg/645242/shopify-rebellion-black-vs-rose-challengers-2026-north-america-ace-stage-2-r1/?game=258547,screenshots/audit-na-tier2-stats.png,a0c35444041001f1e29a9f0d0988ab9b7f41cf9a50ae88873dd7b0c58b09a6c0,player_map_stats.csv,"{""handle"": ""k0rupt"", ""map_id"": 258547, ""match_id"": 645242}",assists,5,5,True
Tier 2 NA Breeze,https://www.vlr.gg/645242/shopify-rebellion-black-vs-rose-challengers-2026-north-america-ace-stage-2-r1/?game=258547,screenshots/audit-na-tier2-stats.png,a0c35444041001f1e29a9f0d0988ab9b7f41cf9a50ae88873dd7b0c58b09a6c0,player_map_stats.csv,"{""handle"": ""k0rupt"", ""map_id"": 258547, ""match_id"": 645242}",kast_pct,85,85,True
Tier 2 NA Breeze,https://www.vlr.gg/645242/shopify-rebellion-black-vs-rose-challengers-2026-north-america-ace-stage-2-r1/?game=258547,screenshots/audit-na-tier2-stats.png,a0c35444041001f1e29a9f0d0988ab9b7f41cf9a50ae88873dd7b0c58b09a6c0,player_map_stats.csv,"{""handle"": ""k0rupt"", ""map_id"": 258547, ""match_id"": 645242}",adr,150,150,True
Tier 2 NA Breeze,https://www.vlr.gg/645242/shopify-rebellion-black-vs-rose-challengers-2026-north-america-ace-stage-2-r1/?game=258547,screenshots/audit-na-tier2-stats.png,a0c35444041001f1e29a9f0d0988ab9b7f41cf9a50ae88873dd7b0c58b09a6c0,player_map_stats.csv,"{""handle"": ""k0rupt"", ""map_id"": 258547, ""match_id"": 645242}",hs_pct,41,41,True
Tier 2 NA Breeze,https://www.vlr.gg/645242/shopify-rebellion-black-vs-rose-challengers-2026-north-america-ace-stage-2-r1/?game=258547,screenshots/audit-na-tier2-stats.png,a0c35444041001f1e29a9f0d0988ab9b7f41cf9a50ae88873dd7b0c58b09a6c0,player_map_stats.csv,"{""handle"": ""k0rupt"", ""map_id"": 258547, ""match_id"": 645242}",first_kills,1,1,True
Tier 2 NA Breeze,https://www.vlr.gg/645242/shopify-rebellion-black-vs-rose-challengers-2026-north-america-ace-stage-2-r1/?game=258547,screenshots/audit-na-tier2-stats.png,a0c35444041001f1e29a9f0d0988ab9b7f41cf9a50ae88873dd7b0c58b09a6c0,player_map_stats.csv,"{""handle"": ""k0rupt"", ""map_id"": 258547, ""match_id"": 645242}",first_deaths,1,1,True
Tier 2 NA Breeze,https://www.vlr.gg/645242/shopify-rebellion-black-vs-rose-challengers-2026-north-america-ace-stage-2-r1/?game=258547,screenshots/audit-na-tier2-stats.png,a0c35444041001f1e29a9f0d0988ab9b7f41cf9a50ae88873dd7b0c58b09a6c0,player_map_stats.csv,"{""handle"": ""Bob"", ""map_id"": 258547, ""match_id"": 645242}",vlr_rating,0.87,0.87,True
Tier 2 NA Breeze,https://www.vlr.gg/645242/shopify-rebellion-black-vs-rose-challengers-2026-north-america-ace-stage-2-r1/?game=258547,screenshots/audit-na-tier2-stats.png,a0c35444041001f1e29a9f0d0988ab9b7f41cf9a50ae88873dd7b0c58b09a6c0,player_map_stats.csv,"{""handle"": ""Bob"", ""map_id"": 258547, ""match_id"": 645242}",acs,188,188,True
Tier 2 NA Breeze,https://www.vlr.gg/645242/shopify-rebellion-black-vs-rose-challengers-2026-north-america-ace-stage-2-r1/?game=258547,screenshots/audit-na-tier2-stats.png,a0c35444041001f1e29a9f0d0988ab9b7f41cf9a50ae88873dd7b0c58b09a6c0,player_map_stats.csv,"{""handle"": ""Bob"", ""map_id"": 258547, ""match_id"": 645242}",kills,12,12,True
Tier 2 NA Breeze,https://www.vlr.gg/645242/shopify-rebellion-black-vs-rose-challengers-2026-north-america-ace-stage-2-r1/?game=258547,screenshots/audit-na-tier2-stats.png,a0c35444041001f1e29a9f0d0988ab9b7f41cf9a50ae88873dd7b0c58b09a6c0,player_map_stats.csv,"{""handle"": ""Bob"", ""map_id"": 258547, ""match_id"": 645242}",deaths,17,17,True
Tier 2 NA Breeze,https://www.vlr.gg/645242/shopify-rebellion-black-vs-rose-challengers-2026-north-america-ace-stage-2-r1/?game=258547,screenshots/audit-na-tier2-stats.png,a0c35444041001f1e29a9f0d0988ab9b7f41cf9a50ae88873dd7b0c58b09a6c0,player_map_stats.csv,"{""handle"": ""Bob"", ""map_id"": 258547, ""match_id"": 645242}",assists,4,4,True
Tier 2 NA Breeze,https://www.vlr.gg/645242/shopify-rebellion-black-vs-rose-challengers-2026-north-america-ace-stage-2-r1/?game=258547,screenshots/audit-na-tier2-stats.png,a0c35444041001f1e29a9f0d0988ab9b7f41cf9a50ae88873dd7b0c58b09a6c0,player_map_stats.csv,"{""handle"": ""Bob"", ""map_id"": 258547, ""match_id"": 645242}",kast_pct,50,50,True
Tier 2 NA Breeze,https://www.vlr.gg/645242/shopify-rebellion-black-vs-rose-challengers-2026-north-america-ace-stage-2-r1/?game=258547,screenshots/audit-na-tier2-stats.png,a0c35444041001f1e29a9f0d0988ab9b7f41cf9a50ae88873dd7b0c58b09a6c0,player_map_stats.csv,"{""handle"": ""Bob"", ""map_id"": 258547, ""match_id"": 645242}",adr,128,128,True
Tier 2 NA Breeze,https://www.vlr.gg/645242/shopify-rebellion-black-vs-rose-challengers-2026-north-america-ace-stage-2-r1/?game=258547,screenshots/audit-na-tier2-stats.png,a0c35444041001f1e29a9f0d0988ab9b7f41cf9a50ae88873dd7b0c58b09a6c0,player_map_stats.csv,"{""handle"": ""Bob"", ""map_id"": 258547, ""match_id"": 645242}",hs_pct,33,33,True
Tier 2 NA Breeze,https://www.vlr.gg/645242/shopify-rebellion-black-vs-rose-challengers-2026-north-america-ace-stage-2-r1/?game=258547,screenshots/audit-na-tier2-stats.png,a0c35444041001f1e29a9f0d0988ab9b7f41cf9a50ae88873dd7b0c58b09a6c0,player_map_stats.csv,"{""handle"": ""Bob"", ""map_id"": 258547, ""match_id"": 645242}",first_kills,1,1,True
Tier 2 NA Breeze,https://www.vlr.gg/645242/shopify-rebellion-black-vs-rose-challengers-2026-north-america-ace-stage-2-r1/?game=258547,screenshots/audit-na-tier2-stats.png,a0c35444041001f1e29a9f0d0988ab9b7f41cf9a50ae88873dd7b0c58b09a6c0,player_map_stats.csv,"{""handle"": ""Bob"", ""map_id"": 258547, ""match_id"": 645242}",first_deaths,1,1,True
Tier 2 NA Breeze,https://www.vlr.gg/645242/shopify-rebellion-black-vs-rose-challengers-2026-north-america-ace-stage-2-r1/?game=258547,screenshots/audit-na-tier2-stats.png,a0c35444041001f1e29a9f0d0988ab9b7f41cf9a50ae88873dd7b0c58b09a6c0,player_map_stats.csv,"{""handle"": ""RetrQ"", ""map_id"": 258547, ""match_id"": 645242}",vlr_rating,0.51,0.51,True
Tier 2 NA Breeze,https://www.vlr.gg/645242/shopify-rebellion-black-vs-rose-challengers-2026-north-america-ace-stage-2-r1/?game=258547,screenshots/audit-na-tier2-stats.png,a0c35444041001f1e29a9f0d0988ab9b7f41cf9a50ae88873dd7b0c58b09a6c0,player_map_stats.csv,"{""handle"": ""RetrQ"", ""map_id"": 258547, ""match_id"": 645242}",acs,127,127,True
Tier 2 NA Breeze,https://www.vlr.gg/645242/shopify-rebellion-black-vs-rose-challengers-2026-north-america-ace-stage-2-r1/?game=258547,screenshots/audit-na-tier2-stats.png,a0c35444041001f1e29a9f0d0988ab9b7f41cf9a50ae88873dd7b0c58b09a6c0,player_map_stats.csv,"{""handle"": ""RetrQ"", ""map_id"": 258547, ""match_id"": 645242}",kills,9,9,True
Tier 2 NA Breeze,https://www.vlr.gg/645242/shopify-rebellion-black-vs-rose-challengers-2026-north-america-ace-stage-2-r1/?game=258547,screenshots/audit-na-tier2-stats.png,a0c35444041001f1e29a9f0d0988ab9b7f41cf9a50ae88873dd7b0c58b09a6c0,player_map_stats.csv,"{""handle"": ""RetrQ"", ""map_id"": 258547, ""match_id"": 645242}",deaths,17,17,True
Tier 2 NA Breeze,https://www.vlr.gg/645242/shopify-rebellion-black-vs-rose-challengers-2026-north-america-ace-stage-2-r1/?game=258547,screenshots/audit-na-tier2-stats.png,a0c35444041001f1e29a9f0d0988ab9b7f41cf9a50ae88873dd7b0c58b09a6c0,player_map_stats.csv,"{""handle"": ""RetrQ"", ""map_id"": 258547, ""match_id"": 645242}",assists,2,2,True
Tier 2 NA Breeze,https://www.vlr.gg/645242/shopify-rebellion-black-vs-rose-challengers-2026-north-america-ace-stage-2-r1/?game=258547,screenshots/audit-na-tier2-stats.png,a0c35444041001f1e29a9f0d0988ab9b7f41cf9a50ae88873dd7b0c58b09a6c0,player_map_stats.csv,"{""handle"": ""RetrQ"", ""map_id"": 258547, ""match_id"": 645242}",kast_pct,50,50,True
Tier 2 NA Breeze,https://www.vlr.gg/645242/shopify-rebellion-black-vs-rose-challengers-2026-north-america-ace-stage-2-r1/?game=258547,screenshots/audit-na-tier2-stats.png,a0c35444041001f1e29a9f0d0988ab9b7f41cf9a50ae88873dd7b0c58b09a6c0,player_map_stats.csv,"{""handle"": ""RetrQ"", ""map_id"": 258547, ""match_id"": 645242}",adr,83,83,True
Tier 2 NA Breeze,https://www.vlr.gg/645242/shopify-rebellion-black-vs-rose-challengers-2026-north-america-ace-stage-2-r1/?game=258547,screenshots/audit-na-tier2-stats.png,a0c35444041001f1e29a9f0d0988ab9b7f41cf9a50ae88873dd7b0c58b09a6c0,player_map_stats.csv,"{""handle"": ""RetrQ"", ""map_id"": 258547, ""match_id"": 645242}",hs_pct,14,14,True
Tier 2 NA Breeze,https://www.vlr.gg/645242/shopify-rebellion-black-vs-rose-challengers-2026-north-america-ace-stage-2-r1/?game=258547,screenshots/audit-na-tier2-stats.png,a0c35444041001f1e29a9f0d0988ab9b7f41cf9a50ae88873dd7b0c58b09a6c0,player_map_stats.csv,"{""handle"": ""RetrQ"", ""map_id"": 258547, ""match_id"": 645242}",first_kills,1,1,True
Tier 2 NA Breeze,https://www.vlr.gg/645242/shopify-rebellion-black-vs-rose-challengers-2026-north-america-ace-stage-2-r1/?game=258547,screenshots/audit-na-tier2-stats.png,a0c35444041001f1e29a9f0d0988ab9b7f41cf9a50ae88873dd7b0c58b09a6c0,player_map_stats.csv,"{""handle"": ""RetrQ"", ""map_id"": 258547, ""match_id"": 645242}",first_deaths,5,5,True
Tier 2 NA Breeze,https://www.vlr.gg/645242/shopify-rebellion-black-vs-rose-challengers-2026-north-america-ace-stage-2-r1/?game=258547,screenshots/audit-na-tier2-stats.png,a0c35444041001f1e29a9f0d0988ab9b7f41cf9a50ae88873dd7b0c58b09a6c0,player_map_stats.csv,"{""handle"": ""CHAROD"", ""map_id"": 258547, ""match_id"": 645242}",vlr_rating,0.51,0.51,True
Tier 2 NA Breeze,https://www.vlr.gg/645242/shopify-rebellion-black-vs-rose-challengers-2026-north-america-ace-stage-2-r1/?game=258547,screenshots/audit-na-tier2-stats.png,a0c35444041001f1e29a9f0d0988ab9b7f41cf9a50ae88873dd7b0c58b09a6c0,player_map_stats.csv,"{""handle"": ""CHAROD"", ""map_id"": 258547, ""match_id"": 645242}",acs,109,109,True
Tier 2 NA Breeze,https://www.vlr.gg/645242/shopify-rebellion-black-vs-rose-challengers-2026-north-america-ace-stage-2-r1/?game=258547,screenshots/audit-na-tier2-stats.png,a0c35444041001f1e29a9f0d0988ab9b7f41cf9a50ae88873dd7b0c58b09a6c0,player_map_stats.csv,"{""handle"": ""CHAROD"", ""map_id"": 258547, ""match_id"": 645242}",kills,9,9,True
Tier 2 NA Breeze,https://www.vlr.gg/645242/shopify-rebellion-black-vs-rose-challengers-2026-north-america-ace-stage-2-r1/?game=258547,screenshots/audit-na-tier2-stats.png,a0c35444041001f1e29a9f0d0988ab9b7f41cf9a50ae88873dd7b0c58b09a6c0,player_map_stats.csv,"{""handle"": ""CHAROD"", ""map_id"": 258547, ""match_id"": 645242}",deaths,16,16,True
Tier 2 NA Breeze,https://www.vlr.gg/645242/shopify-rebellion-black-vs-rose-challengers-2026-north-america-ace-stage-2-r1/?game=258547,screenshots/audit-na-tier2-stats.png,a0c35444041001f1e29a9f0d0988ab9b7f41cf9a50ae88873dd7b0c58b09a6c0,player_map_stats.csv,"{""handle"": ""CHAROD"", ""map_id"": 258547, ""match_id"": 645242}",assists,0,0,True
Tier 2 NA Breeze,https://www.vlr.gg/645242/shopify-rebellion-black-vs-rose-challengers-2026-north-america-ace-stage-2-r1/?game=258547,screenshots/audit-na-tier2-stats.png,a0c35444041001f1e29a9f0d0988ab9b7f41cf9a50ae88873dd7b0c58b09a6c0,player_map_stats.csv,"{""handle"": ""CHAROD"", ""map_id"": 258547, ""match_id"": 645242}",kast_pct,40,40,True
Tier 2 NA Breeze,https://www.vlr.gg/645242/shopify-rebellion-black-vs-rose-challengers-2026-north-america-ace-stage-2-r1/?game=258547,screenshots/audit-na-tier2-stats.png,a0c35444041001f1e29a9f0d0988ab9b7f41cf9a50ae88873dd7b0c58b09a6c0,player_map_stats.csv,"{""handle"": ""CHAROD"", ""map_id"": 258547, ""match_id"": 645242}",adr,79,79,True
Tier 2 NA Breeze,https://www.vlr.gg/645242/shopify-rebellion-black-vs-rose-challengers-2026-north-america-ace-stage-2-r1/?game=258547,screenshots/audit-na-tier2-stats.png,a0c35444041001f1e29a9f0d0988ab9b7f41cf9a50ae88873dd7b0c58b09a6c0,player_map_stats.csv,"{""handle"": ""CHAROD"", ""map_id"": 258547, ""match_id"": 645242}",hs_pct,38,38,True
Tier 2 NA Breeze,https://www.vlr.gg/645242/shopify-rebellion-black-vs-rose-challengers-2026-north-america-ace-stage-2-r1/?game=258547,screenshots/audit-na-tier2-stats.png,a0c35444041001f1e29a9f0d0988ab9b7f41cf9a50ae88873dd7b0c58b09a6c0,player_map_stats.csv,"{""handle"": ""CHAROD"", ""map_id"": 258547, ""match_id"": 645242}",first_kills,3,3,True
Tier 2 NA Breeze,https://www.vlr.gg/645242/shopify-rebellion-black-vs-rose-challengers-2026-north-america-ace-stage-2-r1/?game=258547,screenshots/audit-na-tier2-stats.png,a0c35444041001f1e29a9f0d0988ab9b7f41cf9a50ae88873dd7b0c58b09a6c0,player_map_stats.csv,"{""handle"": ""CHAROD"", ""map_id"": 258547, ""match_id"": 645242}",first_deaths,2,2,True
Tier 2 NA Breeze,https://www.vlr.gg/645242/shopify-rebellion-black-vs-rose-challengers-2026-north-america-ace-stage-2-r1/?game=258547,screenshots/audit-na-tier2-stats.png,a0c35444041001f1e29a9f0d0988ab9b7f41cf9a50ae88873dd7b0c58b09a6c0,player_map_stats.csv,"{""handle"": ""Tim"", ""map_id"": 258547, ""match_id"": 645242}",vlr_rating,0.39,0.39,True
Tier 2 NA Breeze,https://www.vlr.gg/645242/shopify-rebellion-black-vs-rose-challengers-2026-north-america-ace-stage-2-r1/?game=258547,screenshots/audit-na-tier2-stats.png,a0c35444041001f1e29a9f0d0988ab9b7f41cf9a50ae88873dd7b0c58b09a6c0,player_map_stats.csv,"{""handle"": ""Tim"", ""map_id"": 258547, ""match_id"": 645242}",acs,135,135,True
Tier 2 NA Breeze,https://www.vlr.gg/645242/shopify-rebellion-black-vs-rose-challengers-2026-north-america-ace-stage-2-r1/?game=258547,screenshots/audit-na-tier2-stats.png,a0c35444041001f1e29a9f0d0988ab9b7f41cf9a50ae88873dd7b0c58b09a6c0,player_map_stats.csv,"{""handle"": ""Tim"", ""map_id"": 258547, ""match_id"": 645242}",kills,9,9,True
Tier 2 NA Breeze,https://www.vlr.gg/645242/shopify-rebellion-black-vs-rose-challengers-2026-north-america-ace-stage-2-r1/?game=258547,screenshots/audit-na-tier2-stats.png,a0c35444041001f1e29a9f0d0988ab9b7f41cf9a50ae88873dd7b0c58b09a6c0,player_map_stats.csv,"{""handle"": ""Tim"", ""map_id"": 258547, ""match_id"": 645242}",deaths,18,18,True
Tier 2 NA Breeze,https://www.vlr.gg/645242/shopify-rebellion-black-vs-rose-challengers-2026-north-america-ace-stage-2-r1/?game=258547,screenshots/audit-na-tier2-stats.png,a0c35444041001f1e29a9f0d0988ab9b7f41cf9a50ae88873dd7b0c58b09a6c0,player_map_stats.csv,"{""handle"": ""Tim"", ""map_id"": 258547, ""match_id"": 645242}",assists,3,3,True
Tier 2 NA Breeze,https://www.vlr.gg/645242/shopify-rebellion-black-vs-rose-challengers-2026-north-america-ace-stage-2-r1/?game=258547,screenshots/audit-na-tier2-stats.png,a0c35444041001f1e29a9f0d0988ab9b7f41cf9a50ae88873dd7b0c58b09a6c0,player_map_stats.csv,"{""handle"": ""Tim"", ""map_id"": 258547, ""match_id"": 645242}",kast_pct,55,55,True
Tier 2 NA Breeze,https://www.vlr.gg/645242/shopify-rebellion-black-vs-rose-challengers-2026-north-america-ace-stage-2-r1/?game=258547,screenshots/audit-na-tier2-stats.png,a0c35444041001f1e29a9f0d0988ab9b7f41cf9a50ae88873dd7b0c58b09a6c0,player_map_stats.csv,"{""handle"": ""Tim"", ""map_id"": 258547, ""match_id"": 645242}",adr,88,88,True
Tier 2 NA Breeze,https://www.vlr.gg/645242/shopify-rebellion-black-vs-rose-challengers-2026-north-america-ace-stage-2-r1/?game=258547,screenshots/audit-na-tier2-stats.png,a0c35444041001f1e29a9f0d0988ab9b7f41cf9a50ae88873dd7b0c58b09a6c0,player_map_stats.csv,"{""handle"": ""Tim"", ""map_id"": 258547, ""match_id"": 645242}",hs_pct,20,20,True
Tier 2 NA Breeze,https://www.vlr.gg/645242/shopify-rebellion-black-vs-rose-challengers-2026-north-america-ace-stage-2-r1/?game=258547,screenshots/audit-na-tier2-stats.png,a0c35444041001f1e29a9f0d0988ab9b7f41cf9a50ae88873dd7b0c58b09a6c0,player_map_stats.csv,"{""handle"": ""Tim"", ""map_id"": 258547, ""match_id"": 645242}",first_kills,2,2,True
Tier 2 NA Breeze,https://www.vlr.gg/645242/shopify-rebellion-black-vs-rose-challengers-2026-north-america-ace-stage-2-r1/?game=258547,screenshots/audit-na-tier2-stats.png,a0c35444041001f1e29a9f0d0988ab9b7f41cf9a50ae88873dd7b0c58b09a6c0,player_map_stats.csv,"{""handle"": ""Tim"", ""map_id"": 258547, ""match_id"": 645242}",first_deaths,3,3,True
NA source missing optional stats,https://www.vlr.gg/606535/qor-vs-evictix-challengers-2026-north-america-ace-stage-1-r2-0-1/?game=248834,screenshots/audit-missing-stats-stats.png,a27fb3f2e9e528cf640b6b2cdb9583f87c287e616362c81684ac4bd5c8812ac1,map_outcomes.csv,"{""map_id"": 248834, ""match_id"": 606535}",map_name,Pearl,Pearl,True
NA source missing optional stats,https://www.vlr.gg/606535/qor-vs-evictix-challengers-2026-north-america-ace-stage-1-r2-0-1/?game=248834,screenshots/audit-missing-stats-stats.png,a27fb3f2e9e528cf640b6b2cdb9583f87c287e616362c81684ac4bd5c8812ac1,map_outcomes.csv,"{""map_id"": 248834, ""match_id"": 606535}",team1_name,QoR,QoR,True
NA source missing optional stats,https://www.vlr.gg/606535/qor-vs-evictix-challengers-2026-north-america-ace-stage-1-r2-0-1/?game=248834,screenshots/audit-missing-stats-stats.png,a27fb3f2e9e528cf640b6b2cdb9583f87c287e616362c81684ac4bd5c8812ac1,map_outcomes.csv,"{""map_id"": 248834, ""match_id"": 606535}",team2_name,Evictix,Evictix,True
NA source missing optional stats,https://www.vlr.gg/606535/qor-vs-evictix-challengers-2026-north-america-ace-stage-1-r2-0-1/?game=248834,screenshots/audit-missing-stats-stats.png,a27fb3f2e9e528cf640b6b2cdb9583f87c287e616362c81684ac4bd5c8812ac1,map_outcomes.csv,"{""map_id"": 248834, ""match_id"": 606535}",team1_rounds,13,13,True
NA source missing optional stats,https://www.vlr.gg/606535/qor-vs-evictix-challengers-2026-north-america-ace-stage-1-r2-0-1/?game=248834,screenshots/audit-missing-stats-stats.png,a27fb3f2e9e528cf640b6b2cdb9583f87c287e616362c81684ac4bd5c8812ac1,map_outcomes.csv,"{""map_id"": 248834, ""match_id"": 606535}",team2_rounds,8,8,True
NA source missing optional stats,https://www.vlr.gg/606535/qor-vs-evictix-challengers-2026-north-america-ace-stage-1-r2-0-1/?game=248834,screenshots/audit-missing-stats-stats.png,a27fb3f2e9e528cf640b6b2cdb9583f87c287e616362c81684ac4bd5c8812ac1,map_outcomes.csv,"{""map_id"": 248834, ""match_id"": 606535}",rounds,21,21,True
NA source missing optional stats,https://www.vlr.gg/606535/qor-vs-evictix-challengers-2026-north-america-ace-stage-1-r2-0-1/?game=248834,screenshots/audit-missing-stats-stats.png,a27fb3f2e9e528cf640b6b2cdb9583f87c287e616362c81684ac4bd5c8812ac1,player_map_stats.csv,"{""handle"": ""Notexxd"", ""map_id"": 248834, ""match_id"": 606535}",vlr_rating,,,True
NA source missing optional stats,https://www.vlr.gg/606535/qor-vs-evictix-challengers-2026-north-america-ace-stage-1-r2-0-1/?game=248834,screenshots/audit-missing-stats-stats.png,a27fb3f2e9e528cf640b6b2cdb9583f87c287e616362c81684ac4bd5c8812ac1,player_map_stats.csv,"{""handle"": ""Notexxd"", ""map_id"": 248834, ""match_id"": 606535}",acs,,,True
NA source missing optional stats,https://www.vlr.gg/606535/qor-vs-evictix-challengers-2026-north-america-ace-stage-1-r2-0-1/?game=248834,screenshots/audit-missing-stats-stats.png,a27fb3f2e9e528cf640b6b2cdb9583f87c287e616362c81684ac4bd5c8812ac1,player_map_stats.csv,"{""handle"": ""Notexxd"", ""map_id"": 248834, ""match_id"": 606535}",kills,23,23,True
NA source missing optional stats,https://www.vlr.gg/606535/qor-vs-evictix-challengers-2026-north-america-ace-stage-1-r2-0-1/?game=248834,screenshots/audit-missing-stats-stats.png,a27fb3f2e9e528cf640b6b2cdb9583f87c287e616362c81684ac4bd5c8812ac1,player_map_stats.csv,"{""handle"": ""Notexxd"", ""map_id"": 248834, ""match_id"": 606535}",deaths,14,14,True
NA source missing optional stats,https://www.vlr.gg/606535/qor-vs-evictix-challengers-2026-north-america-ace-stage-1-r2-0-1/?game=248834,screenshots/audit-missing-stats-stats.png,a27fb3f2e9e528cf640b6b2cdb9583f87c287e616362c81684ac4bd5c8812ac1,player_map_stats.csv,"{""handle"": ""Notexxd"", ""map_id"": 248834, ""match_id"": 606535}",assists,12,12,True
NA source missing optional stats,https://www.vlr.gg/606535/qor-vs-evictix-challengers-2026-north-america-ace-stage-1-r2-0-1/?game=248834,screenshots/audit-missing-stats-stats.png,a27fb3f2e9e528cf640b6b2cdb9583f87c287e616362c81684ac4bd5c8812ac1,player_map_stats.csv,"{""handle"": ""Notexxd"", ""map_id"": 248834, ""match_id"": 606535}",kast_pct,,,True
NA source missing optional stats,https://www.vlr.gg/606535/qor-vs-evictix-challengers-2026-north-america-ace-stage-1-r2-0-1/?game=248834,screenshots/audit-missing-stats-stats.png,a27fb3f2e9e528cf640b6b2cdb9583f87c287e616362c81684ac4bd5c8812ac1,player_map_stats.csv,"{""handle"": ""Notexxd"", ""map_id"": 248834, ""match_id"": 606535}",adr,,,True
NA source missing optional stats,https://www.vlr.gg/606535/qor-vs-evictix-challengers-2026-north-america-ace-stage-1-r2-0-1/?game=248834,screenshots/audit-missing-stats-stats.png,a27fb3f2e9e528cf640b6b2cdb9583f87c287e616362c81684ac4bd5c8812ac1,player_map_stats.csv,"{""handle"": ""Notexxd"", ""map_id"": 248834, ""match_id"": 606535}",hs_pct,,,True
NA source missing optional stats,https://www.vlr.gg/606535/qor-vs-evictix-challengers-2026-north-america-ace-stage-1-r2-0-1/?game=248834,screenshots/audit-missing-stats-stats.png,a27fb3f2e9e528cf640b6b2cdb9583f87c287e616362c81684ac4bd5c8812ac1,player_map_stats.csv,"{""handle"": ""Notexxd"", ""map_id"": 248834, ""match_id"": 606535}",first_kills,,,True
NA source missing optional stats,https://www.vlr.gg/606535/qor-vs-evictix-challengers-2026-north-america-ace-stage-1-r2-0-1/?game=248834,screenshots/audit-missing-stats-stats.png,a27fb3f2e9e528cf640b6b2cdb9583f87c287e616362c81684ac4bd5c8812ac1,player_map_stats.csv,"{""handle"": ""Notexxd"", ""map_id"": 248834, ""match_id"": 606535}",first_deaths,,,True
NA source missing optional stats,https://www.vlr.gg/606535/qor-vs-evictix-challengers-2026-north-america-ace-stage-1-r2-0-1/?game=248834,screenshots/audit-missing-stats-stats.png,a27fb3f2e9e528cf640b6b2cdb9583f87c287e616362c81684ac4bd5c8812ac1,player_map_stats.csv,"{""handle"": ""flyuh"", ""map_id"": 248834, ""match_id"": 606535}",vlr_rating,,,True
NA source missing optional stats,https://www.vlr.gg/606535/qor-vs-evictix-challengers-2026-north-america-ace-stage-1-r2-0-1/?game=248834,screenshots/audit-missing-stats-stats.png,a27fb3f2e9e528cf640b6b2cdb9583f87c287e616362c81684ac4bd5c8812ac1,player_map_stats.csv,"{""handle"": ""flyuh"", ""map_id"": 248834, ""match_id"": 606535}",acs,,,True
NA source missing optional stats,https://www.vlr.gg/606535/qor-vs-evictix-challengers-2026-north-america-ace-stage-1-r2-0-1/?game=248834,screenshots/audit-missing-stats-stats.png,a27fb3f2e9e528cf640b6b2cdb9583f87c287e616362c81684ac4bd5c8812ac1,player_map_stats.csv,"{""handle"": ""flyuh"", ""map_id"": 248834, ""match_id"": 606535}",kills,17,17,True
NA source missing optional stats,https://www.vlr.gg/606535/qor-vs-evictix-challengers-2026-north-america-ace-stage-1-r2-0-1/?game=248834,screenshots/audit-missing-stats-stats.png,a27fb3f2e9e528cf640b6b2cdb9583f87c287e616362c81684ac4bd5c8812ac1,player_map_stats.csv,"{""handle"": ""flyuh"", ""map_id"": 248834, ""match_id"": 606535}",deaths,11,11,True
NA source missing optional stats,https://www.vlr.gg/606535/qor-vs-evictix-challengers-2026-north-america-ace-stage-1-r2-0-1/?game=248834,screenshots/audit-missing-stats-stats.png,a27fb3f2e9e528cf640b6b2cdb9583f87c287e616362c81684ac4bd5c8812ac1,player_map_stats.csv,"{""handle"": ""flyuh"", ""map_id"": 248834, ""match_id"": 606535}",assists,8,8,True
NA source missing optional stats,https://www.vlr.gg/606535/qor-vs-evictix-challengers-2026-north-america-ace-stage-1-r2-0-1/?game=248834,screenshots/audit-missing-stats-stats.png,a27fb3f2e9e528cf640b6b2cdb9583f87c287e616362c81684ac4bd5c8812ac1,player_map_stats.csv,"{""handle"": ""flyuh"", ""map_id"": 248834, ""match_id"": 606535}",kast_pct,,,True
NA source missing optional stats,https://www.vlr.gg/606535/qor-vs-evictix-challengers-2026-north-america-ace-stage-1-r2-0-1/?game=248834,screenshots/audit-missing-stats-stats.png,a27fb3f2e9e528cf640b6b2cdb9583f87c287e616362c81684ac4bd5c8812ac1,player_map_stats.csv,"{""handle"": ""flyuh"", ""map_id"": 248834, ""match_id"": 606535}",adr,,,True
NA source missing optional stats,https://www.vlr.gg/606535/qor-vs-evictix-challengers-2026-north-america-ace-stage-1-r2-0-1/?game=248834,screenshots/audit-missing-stats-stats.png,a27fb3f2e9e528cf640b6b2cdb9583f87c287e616362c81684ac4bd5c8812ac1,player_map_stats.csv,"{""handle"": ""flyuh"", ""map_id"": 248834, ""match_id"": 606535}",hs_pct,,,True
NA source missing optional stats,https://www.vlr.gg/606535/qor-vs-evictix-challengers-2026-north-america-ace-stage-1-r2-0-1/?game=248834,screenshots/audit-missing-stats-stats.png,a27fb3f2e9e528cf640b6b2cdb9583f87c287e616362c81684ac4bd5c8812ac1,player_map_stats.csv,"{""handle"": ""flyuh"", ""map_id"": 248834, ""match_id"": 606535}",first_kills,,,True
NA source missing optional stats,https://www.vlr.gg/606535/qor-vs-evictix-challengers-2026-north-america-ace-stage-1-r2-0-1/?game=248834,screenshots/audit-missing-stats-stats.png,a27fb3f2e9e528cf640b6b2cdb9583f87c287e616362c81684ac4bd5c8812ac1,player_map_stats.csv,"{""handle"": ""flyuh"", ""map_id"": 248834, ""match_id"": 606535}",first_deaths,,,True
NA source missing optional stats,https://www.vlr.gg/606535/qor-vs-evictix-challengers-2026-north-america-ace-stage-1-r2-0-1/?game=248834,screenshots/audit-missing-stats-stats.png,a27fb3f2e9e528cf640b6b2cdb9583f87c287e616362c81684ac4bd5c8812ac1,player_map_stats.csv,"{""handle"": ""kumi"", ""map_id"": 248834, ""match_id"": 606535}",vlr_rating,,,True
NA source missing optional stats,https://www.vlr.gg/606535/qor-vs-evictix-challengers-2026-north-america-ace-stage-1-r2-0-1/?game=248834,screenshots/audit-missing-stats-stats.png,a27fb3f2e9e528cf640b6b2cdb9583f87c287e616362c81684ac4bd5c8812ac1,player_map_stats.csv,"{""handle"": ""kumi"", ""map_id"": 248834, ""match_id"": 606535}",acs,,,True
NA source missing optional stats,https://www.vlr.gg/606535/qor-vs-evictix-challengers-2026-north-america-ace-stage-1-r2-0-1/?game=248834,screenshots/audit-missing-stats-stats.png,a27fb3f2e9e528cf640b6b2cdb9583f87c287e616362c81684ac4bd5c8812ac1,player_map_stats.csv,"{""handle"": ""kumi"", ""map_id"": 248834, ""match_id"": 606535}",kills,15,15,True
NA source missing optional stats,https://www.vlr.gg/606535/qor-vs-evictix-challengers-2026-north-america-ace-stage-1-r2-0-1/?game=248834,screenshots/audit-missing-stats-stats.png,a27fb3f2e9e528cf640b6b2cdb9583f87c287e616362c81684ac4bd5c8812ac1,player_map_stats.csv,"{""handle"": ""kumi"", ""map_id"": 248834, ""match_id"": 606535}",deaths,9,9,True
NA source missing optional stats,https://www.vlr.gg/606535/qor-vs-evictix-challengers-2026-north-america-ace-stage-1-r2-0-1/?game=248834,screenshots/audit-missing-stats-stats.png,a27fb3f2e9e528cf640b6b2cdb9583f87c287e616362c81684ac4bd5c8812ac1,player_map_stats.csv,"{""handle"": ""kumi"", ""map_id"": 248834, ""match_id"": 606535}",assists,1,1,True
NA source missing optional stats,https://www.vlr.gg/606535/qor-vs-evictix-challengers-2026-north-america-ace-stage-1-r2-0-1/?game=248834,screenshots/audit-missing-stats-stats.png,a27fb3f2e9e528cf640b6b2cdb9583f87c287e616362c81684ac4bd5c8812ac1,player_map_stats.csv,"{""handle"": ""kumi"", ""map_id"": 248834, ""match_id"": 606535}",kast_pct,,,True
NA source missing optional stats,https://www.vlr.gg/606535/qor-vs-evictix-challengers-2026-north-america-ace-stage-1-r2-0-1/?game=248834,screenshots/audit-missing-stats-stats.png,a27fb3f2e9e528cf640b6b2cdb9583f87c287e616362c81684ac4bd5c8812ac1,player_map_stats.csv,"{""handle"": ""kumi"", ""map_id"": 248834, ""match_id"": 606535}",adr,,,True
NA source missing optional stats,https://www.vlr.gg/606535/qor-vs-evictix-challengers-2026-north-america-ace-stage-1-r2-0-1/?game=248834,screenshots/audit-missing-stats-stats.png,a27fb3f2e9e528cf640b6b2cdb9583f87c287e616362c81684ac4bd5c8812ac1,player_map_stats.csv,"{""handle"": ""kumi"", ""map_id"": 248834, ""match_id"": 606535}",hs_pct,,,True
NA source missing optional stats,https://www.vlr.gg/606535/qor-vs-evictix-challengers-2026-north-america-ace-stage-1-r2-0-1/?game=248834,screenshots/audit-missing-stats-stats.png,a27fb3f2e9e528cf640b6b2cdb9583f87c287e616362c81684ac4bd5c8812ac1,player_map_stats.csv,"{""handle"": ""kumi"", ""map_id"": 248834, ""match_id"": 606535}",first_kills,,,True
NA source missing optional stats,https://www.vlr.gg/606535/qor-vs-evictix-challengers-2026-north-america-ace-stage-1-r2-0-1/?game=248834,screenshots/audit-missing-stats-stats.png,a27fb3f2e9e528cf640b6b2cdb9583f87c287e616362c81684ac4bd5c8812ac1,player_map_stats.csv,"{""handle"": ""kumi"", ""map_id"": 248834, ""match_id"": 606535}",first_deaths,,,True
NA source missing optional stats,https://www.vlr.gg/606535/qor-vs-evictix-challengers-2026-north-america-ace-stage-1-r2-0-1/?game=248834,screenshots/audit-missing-stats-stats.png,a27fb3f2e9e528cf640b6b2cdb9583f87c287e616362c81684ac4bd5c8812ac1,player_map_stats.csv,"{""handle"": ""Smoke"", ""map_id"": 248834, ""match_id"": 606535}",vlr_rating,,,True
NA source missing optional stats,https://www.vlr.gg/606535/qor-vs-evictix-challengers-2026-north-america-ace-stage-1-r2-0-1/?game=248834,screenshots/audit-missing-stats-stats.png,a27fb3f2e9e528cf640b6b2cdb9583f87c287e616362c81684ac4bd5c8812ac1,player_map_stats.csv,"{""handle"": ""Smoke"", ""map_id"": 248834, ""match_id"": 606535}",acs,,,True
NA source missing optional stats,https://www.vlr.gg/606535/qor-vs-evictix-challengers-2026-north-america-ace-stage-1-r2-0-1/?game=248834,screenshots/audit-missing-stats-stats.png,a27fb3f2e9e528cf640b6b2cdb9583f87c287e616362c81684ac4bd5c8812ac1,player_map_stats.csv,"{""handle"": ""Smoke"", ""map_id"": 248834, ""match_id"": 606535}",kills,13,13,True
NA source missing optional stats,https://www.vlr.gg/606535/qor-vs-evictix-challengers-2026-north-america-ace-stage-1-r2-0-1/?game=248834,screenshots/audit-missing-stats-stats.png,a27fb3f2e9e528cf640b6b2cdb9583f87c287e616362c81684ac4bd5c8812ac1,player_map_stats.csv,"{""handle"": ""Smoke"", ""map_id"": 248834, ""match_id"": 606535}",deaths,14,14,True
NA source missing optional stats,https://www.vlr.gg/606535/qor-vs-evictix-challengers-2026-north-america-ace-stage-1-r2-0-1/?game=248834,screenshots/audit-missing-stats-stats.png,a27fb3f2e9e528cf640b6b2cdb9583f87c287e616362c81684ac4bd5c8812ac1,player_map_stats.csv,"{""handle"": ""Smoke"", ""map_id"": 248834, ""match_id"": 606535}",assists,7,7,True
NA source missing optional stats,https://www.vlr.gg/606535/qor-vs-evictix-challengers-2026-north-america-ace-stage-1-r2-0-1/?game=248834,screenshots/audit-missing-stats-stats.png,a27fb3f2e9e528cf640b6b2cdb9583f87c287e616362c81684ac4bd5c8812ac1,player_map_stats.csv,"{""handle"": ""Smoke"", ""map_id"": 248834, ""match_id"": 606535}",kast_pct,,,True
NA source missing optional stats,https://www.vlr.gg/606535/qor-vs-evictix-challengers-2026-north-america-ace-stage-1-r2-0-1/?game=248834,screenshots/audit-missing-stats-stats.png,a27fb3f2e9e528cf640b6b2cdb9583f87c287e616362c81684ac4bd5c8812ac1,player_map_stats.csv,"{""handle"": ""Smoke"", ""map_id"": 248834, ""match_id"": 606535}",adr,,,True
NA source missing optional stats,https://www.vlr.gg/606535/qor-vs-evictix-challengers-2026-north-america-ace-stage-1-r2-0-1/?game=248834,screenshots/audit-missing-stats-stats.png,a27fb3f2e9e528cf640b6b2cdb9583f87c287e616362c81684ac4bd5c8812ac1,player_map_stats.csv,"{""handle"": ""Smoke"", ""map_id"": 248834, ""match_id"": 606535}",hs_pct,,,True
NA source missing optional stats,https://www.vlr.gg/606535/qor-vs-evictix-challengers-2026-north-america-ace-stage-1-r2-0-1/?game=248834,screenshots/audit-missing-stats-stats.png,a27fb3f2e9e528cf640b6b2cdb9583f87c287e616362c81684ac4bd5c8812ac1,player_map_stats.csv,"{""handle"": ""Smoke"", ""map_id"": 248834, ""match_id"": 606535}",first_kills,,,True
NA source missing optional stats,https://www.vlr.gg/606535/qor-vs-evictix-challengers-2026-north-america-ace-stage-1-r2-0-1/?game=248834,screenshots/audit-missing-stats-stats.png,a27fb3f2e9e528cf640b6b2cdb9583f87c287e616362c81684ac4bd5c8812ac1,player_map_stats.csv,"{""handle"": ""Smoke"", ""map_id"": 248834, ""match_id"": 606535}",first_deaths,,,True
NA source missing optional stats,https://www.vlr.gg/606535/qor-vs-evictix-challengers-2026-north-america-ace-stage-1-r2-0-1/?game=248834,screenshots/audit-missing-stats-stats.png,a27fb3f2e9e528cf640b6b2cdb9583f87c287e616362c81684ac4bd5c8812ac1,player_map_stats.csv,"{""handle"": ""moose"", ""map_id"": 248834, ""match_id"": 606535}",vlr_rating,,,True
NA source missing optional stats,https://www.vlr.gg/606535/qor-vs-evictix-challengers-2026-north-america-ace-stage-1-r2-0-1/?game=248834,screenshots/audit-missing-stats-stats.png,a27fb3f2e9e528cf640b6b2cdb9583f87c287e616362c81684ac4bd5c8812ac1,player_map_stats.csv,"{""handle"": ""moose"", ""map_id"": 248834, ""match_id"": 606535}",acs,,,True
NA source missing optional stats,https://www.vlr.gg/606535/qor-vs-evictix-challengers-2026-north-america-ace-stage-1-r2-0-1/?game=248834,screenshots/audit-missing-stats-stats.png,a27fb3f2e9e528cf640b6b2cdb9583f87c287e616362c81684ac4bd5c8812ac1,player_map_stats.csv,"{""handle"": ""moose"", ""map_id"": 248834, ""match_id"": 606535}",kills,12,12,True
NA source missing optional stats,https://www.vlr.gg/606535/qor-vs-evictix-challengers-2026-north-america-ace-stage-1-r2-0-1/?game=248834,screenshots/audit-missing-stats-stats.png,a27fb3f2e9e528cf640b6b2cdb9583f87c287e616362c81684ac4bd5c8812ac1,player_map_stats.csv,"{""handle"": ""moose"", ""map_id"": 248834, ""match_id"": 606535}",deaths,12,12,True
NA source missing optional stats,https://www.vlr.gg/606535/qor-vs-evictix-challengers-2026-north-america-ace-stage-1-r2-0-1/?game=248834,screenshots/audit-missing-stats-stats.png,a27fb3f2e9e528cf640b6b2cdb9583f87c287e616362c81684ac4bd5c8812ac1,player_map_stats.csv,"{""handle"": ""moose"", ""map_id"": 248834, ""match_id"": 606535}",assists,7,7,True
NA source missing optional stats,https://www.vlr.gg/606535/qor-vs-evictix-challengers-2026-north-america-ace-stage-1-r2-0-1/?game=248834,screenshots/audit-missing-stats-stats.png,a27fb3f2e9e528cf640b6b2cdb9583f87c287e616362c81684ac4bd5c8812ac1,player_map_stats.csv,"{""handle"": ""moose"", ""map_id"": 248834, ""match_id"": 606535}",kast_pct,,,True
NA source missing optional stats,https://www.vlr.gg/606535/qor-vs-evictix-challengers-2026-north-america-ace-stage-1-r2-0-1/?game=248834,screenshots/audit-missing-stats-stats.png,a27fb3f2e9e528cf640b6b2cdb9583f87c287e616362c81684ac4bd5c8812ac1,player_map_stats.csv,"{""handle"": ""moose"", ""map_id"": 248834, ""match_id"": 606535}",adr,,,True
NA source missing optional stats,https://www.vlr.gg/606535/qor-vs-evictix-challengers-2026-north-america-ace-stage-1-r2-0-1/?game=248834,screenshots/audit-missing-stats-stats.png,a27fb3f2e9e528cf640b6b2cdb9583f87c287e616362c81684ac4bd5c8812ac1,player_map_stats.csv,"{""handle"": ""moose"", ""map_id"": 248834, ""match_id"": 606535}",hs_pct,,,True
NA source missing optional stats,https://www.vlr.gg/606535/qor-vs-evictix-challengers-2026-north-america-ace-stage-1-r2-0-1/?game=248834,screenshots/audit-missing-stats-stats.png,a27fb3f2e9e528cf640b6b2cdb9583f87c287e616362c81684ac4bd5c8812ac1,player_map_stats.csv,"{""handle"": ""moose"", ""map_id"": 248834, ""match_id"": 606535}",first_kills,,,True
NA source missing optional stats,https://www.vlr.gg/606535/qor-vs-evictix-challengers-2026-north-america-ace-stage-1-r2-0-1/?game=248834,screenshots/audit-missing-stats-stats.png,a27fb3f2e9e528cf640b6b2cdb9583f87c287e616362c81684ac4bd5c8812ac1,player_map_stats.csv,"{""handle"": ""moose"", ""map_id"": 248834, ""match_id"": 606535}",first_deaths,,,True
NA source missing optional stats,https://www.vlr.gg/606535/qor-vs-evictix-challengers-2026-north-america-ace-stage-1-r2-0-1/?game=248834,screenshots/audit-missing-stats-stats.png,a27fb3f2e9e528cf640b6b2cdb9583f87c287e616362c81684ac4bd5c8812ac1,player_map_stats.csv,"{""handle"": ""traded"", ""map_id"": 248834, ""match_id"": 606535}",vlr_rating,,,True
NA source missing optional stats,https://www.vlr.gg/606535/qor-vs-evictix-challengers-2026-north-america-ace-stage-1-r2-0-1/?game=248834,screenshots/audit-missing-stats-stats.png,a27fb3f2e9e528cf640b6b2cdb9583f87c287e616362c81684ac4bd5c8812ac1,player_map_stats.csv,"{""handle"": ""traded"", ""map_id"": 248834, ""match_id"": 606535}",acs,,,True
NA source missing optional stats,https://www.vlr.gg/606535/qor-vs-evictix-challengers-2026-north-america-ace-stage-1-r2-0-1/?game=248834,screenshots/audit-missing-stats-stats.png,a27fb3f2e9e528cf640b6b2cdb9583f87c287e616362c81684ac4bd5c8812ac1,player_map_stats.csv,"{""handle"": ""traded"", ""map_id"": 248834, ""match_id"": 606535}",kills,15,15,True
NA source missing optional stats,https://www.vlr.gg/606535/qor-vs-evictix-challengers-2026-north-america-ace-stage-1-r2-0-1/?game=248834,screenshots/audit-missing-stats-stats.png,a27fb3f2e9e528cf640b6b2cdb9583f87c287e616362c81684ac4bd5c8812ac1,player_map_stats.csv,"{""handle"": ""traded"", ""map_id"": 248834, ""match_id"": 606535}",deaths,18,18,True
NA source missing optional stats,https://www.vlr.gg/606535/qor-vs-evictix-challengers-2026-north-america-ace-stage-1-r2-0-1/?game=248834,screenshots/audit-missing-stats-stats.png,a27fb3f2e9e528cf640b6b2cdb9583f87c287e616362c81684ac4bd5c8812ac1,player_map_stats.csv,"{""handle"": ""traded"", ""map_id"": 248834, ""match_id"": 606535}",assists,3,3,True
NA source missing optional stats,https://www.vlr.gg/606535/qor-vs-evictix-challengers-2026-north-america-ace-stage-1-r2-0-1/?game=248834,screenshots/audit-missing-stats-stats.png,a27fb3f2e9e528cf640b6b2cdb9583f87c287e616362c81684ac4bd5c8812ac1,player_map_stats.csv,"{""handle"": ""traded"", ""map_id"": 248834, ""match_id"": 606535}",kast_pct,,,True
NA source missing optional stats,https://www.vlr.gg/606535/qor-vs-evictix-challengers-2026-north-america-ace-stage-1-r2-0-1/?game=248834,screenshots/audit-missing-stats-stats.png,a27fb3f2e9e528cf640b6b2cdb9583f87c287e616362c81684ac4bd5c8812ac1,player_map_stats.csv,"{""handle"": ""traded"", ""map_id"": 248834, ""match_id"": 606535}",adr,,,True
NA source missing optional stats,https://www.vlr.gg/606535/qor-vs-evictix-challengers-2026-north-america-ace-stage-1-r2-0-1/?game=248834,screenshots/audit-missing-stats-stats.png,a27fb3f2e9e528cf640b6b2cdb9583f87c287e616362c81684ac4bd5c8812ac1,player_map_stats.csv,"{""handle"": ""traded"", ""map_id"": 248834, ""match_id"": 606535}",hs_pct,,,True
NA source missing optional stats,https://www.vlr.gg/606535/qor-vs-evictix-challengers-2026-north-america-ace-stage-1-r2-0-1/?game=248834,screenshots/audit-missing-stats-stats.png,a27fb3f2e9e528cf640b6b2cdb9583f87c287e616362c81684ac4bd5c8812ac1,player_map_stats.csv,"{""handle"": ""traded"", ""map_id"": 248834, ""match_id"": 606535}",first_kills,,,True
NA source missing optional stats,https://www.vlr.gg/606535/qor-vs-evictix-challengers-2026-north-america-ace-stage-1-r2-0-1/?game=248834,screenshots/audit-missing-stats-stats.png,a27fb3f2e9e528cf640b6b2cdb9583f87c287e616362c81684ac4bd5c8812ac1,player_map_stats.csv,"{""handle"": ""traded"", ""map_id"": 248834, ""match_id"": 606535}",first_deaths,,,True
NA source missing optional stats,https://www.vlr.gg/606535/qor-vs-evictix-challengers-2026-north-america-ace-stage-1-r2-0-1/?game=248834,screenshots/audit-missing-stats-stats.png,a27fb3f2e9e528cf640b6b2cdb9583f87c287e616362c81684ac4bd5c8812ac1,player_map_stats.csv,"{""handle"": ""Scottie"", ""map_id"": 248834, ""match_id"": 606535}",vlr_rating,,,True
NA source missing optional stats,https://www.vlr.gg/606535/qor-vs-evictix-challengers-2026-north-america-ace-stage-1-r2-0-1/?game=248834,screenshots/audit-missing-stats-stats.png,a27fb3f2e9e528cf640b6b2cdb9583f87c287e616362c81684ac4bd5c8812ac1,player_map_stats.csv,"{""handle"": ""Scottie"", ""map_id"": 248834, ""match_id"": 606535}",acs,,,True
NA source missing optional stats,https://www.vlr.gg/606535/qor-vs-evictix-challengers-2026-north-america-ace-stage-1-r2-0-1/?game=248834,screenshots/audit-missing-stats-stats.png,a27fb3f2e9e528cf640b6b2cdb9583f87c287e616362c81684ac4bd5c8812ac1,player_map_stats.csv,"{""handle"": ""Scottie"", ""map_id"": 248834, ""match_id"": 606535}",kills,12,12,True
NA source missing optional stats,https://www.vlr.gg/606535/qor-vs-evictix-challengers-2026-north-america-ace-stage-1-r2-0-1/?game=248834,screenshots/audit-missing-stats-stats.png,a27fb3f2e9e528cf640b6b2cdb9583f87c287e616362c81684ac4bd5c8812ac1,player_map_stats.csv,"{""handle"": ""Scottie"", ""map_id"": 248834, ""match_id"": 606535}",deaths,14,14,True
NA source missing optional stats,https://www.vlr.gg/606535/qor-vs-evictix-challengers-2026-north-america-ace-stage-1-r2-0-1/?game=248834,screenshots/audit-missing-stats-stats.png,a27fb3f2e9e528cf640b6b2cdb9583f87c287e616362c81684ac4bd5c8812ac1,player_map_stats.csv,"{""handle"": ""Scottie"", ""map_id"": 248834, ""match_id"": 606535}",assists,4,4,True
NA source missing optional stats,https://www.vlr.gg/606535/qor-vs-evictix-challengers-2026-north-america-ace-stage-1-r2-0-1/?game=248834,screenshots/audit-missing-stats-stats.png,a27fb3f2e9e528cf640b6b2cdb9583f87c287e616362c81684ac4bd5c8812ac1,player_map_stats.csv,"{""handle"": ""Scottie"", ""map_id"": 248834, ""match_id"": 606535}",kast_pct,,,True
NA source missing optional stats,https://www.vlr.gg/606535/qor-vs-evictix-challengers-2026-north-america-ace-stage-1-r2-0-1/?game=248834,screenshots/audit-missing-stats-stats.png,a27fb3f2e9e528cf640b6b2cdb9583f87c287e616362c81684ac4bd5c8812ac1,player_map_stats.csv,"{""handle"": ""Scottie"", ""map_id"": 248834, ""match_id"": 606535}",adr,,,True
NA source missing optional stats,https://www.vlr.gg/606535/qor-vs-evictix-challengers-2026-north-america-ace-stage-1-r2-0-1/?game=248834,screenshots/audit-missing-stats-stats.png,a27fb3f2e9e528cf640b6b2cdb9583f87c287e616362c81684ac4bd5c8812ac1,player_map_stats.csv,"{""handle"": ""Scottie"", ""map_id"": 248834, ""match_id"": 606535}",hs_pct,,,True
NA source missing optional stats,https://www.vlr.gg/606535/qor-vs-evictix-challengers-2026-north-america-ace-stage-1-r2-0-1/?game=248834,screenshots/audit-missing-stats-stats.png,a27fb3f2e9e528cf640b6b2cdb9583f87c287e616362c81684ac4bd5c8812ac1,player_map_stats.csv,"{""handle"": ""Scottie"", ""map_id"": 248834, ""match_id"": 606535}",first_kills,,,True
NA source missing optional stats,https://www.vlr.gg/606535/qor-vs-evictix-challengers-2026-north-america-ace-stage-1-r2-0-1/?game=248834,screenshots/audit-missing-stats-stats.png,a27fb3f2e9e528cf640b6b2cdb9583f87c287e616362c81684ac4bd5c8812ac1,player_map_stats.csv,"{""handle"": ""Scottie"", ""map_id"": 248834, ""match_id"": 606535}",first_deaths,,,True
NA source missing optional stats,https://www.vlr.gg/606535/qor-vs-evictix-challengers-2026-north-america-ace-stage-1-r2-0-1/?game=248834,screenshots/audit-missing-stats-stats.png,a27fb3f2e9e528cf640b6b2cdb9583f87c287e616362c81684ac4bd5c8812ac1,player_map_stats.csv,"{""handle"": ""squirmor"", ""map_id"": 248834, ""match_id"": 606535}",vlr_rating,,,True
NA source missing optional stats,https://www.vlr.gg/606535/qor-vs-evictix-challengers-2026-north-america-ace-stage-1-r2-0-1/?game=248834,screenshots/audit-missing-stats-stats.png,a27fb3f2e9e528cf640b6b2cdb9583f87c287e616362c81684ac4bd5c8812ac1,player_map_stats.csv,"{""handle"": ""squirmor"", ""map_id"": 248834, ""match_id"": 606535}",acs,,,True
NA source missing optional stats,https://www.vlr.gg/606535/qor-vs-evictix-challengers-2026-north-america-ace-stage-1-r2-0-1/?game=248834,screenshots/audit-missing-stats-stats.png,a27fb3f2e9e528cf640b6b2cdb9583f87c287e616362c81684ac4bd5c8812ac1,player_map_stats.csv,"{""handle"": ""squirmor"", ""map_id"": 248834, ""match_id"": 606535}",kills,11,11,True
NA source missing optional stats,https://www.vlr.gg/606535/qor-vs-evictix-challengers-2026-north-america-ace-stage-1-r2-0-1/?game=248834,screenshots/audit-missing-stats-stats.png,a27fb3f2e9e528cf640b6b2cdb9583f87c287e616362c81684ac4bd5c8812ac1,player_map_stats.csv,"{""handle"": ""squirmor"", ""map_id"": 248834, ""match_id"": 606535}",deaths,17,17,True
NA source missing optional stats,https://www.vlr.gg/606535/qor-vs-evictix-challengers-2026-north-america-ace-stage-1-r2-0-1/?game=248834,screenshots/audit-missing-stats-stats.png,a27fb3f2e9e528cf640b6b2cdb9583f87c287e616362c81684ac4bd5c8812ac1,player_map_stats.csv,"{""handle"": ""squirmor"", ""map_id"": 248834, ""match_id"": 606535}",assists,6,6,True
NA source missing optional stats,https://www.vlr.gg/606535/qor-vs-evictix-challengers-2026-north-america-ace-stage-1-r2-0-1/?game=248834,screenshots/audit-missing-stats-stats.png,a27fb3f2e9e528cf640b6b2cdb9583f87c287e616362c81684ac4bd5c8812ac1,player_map_stats.csv,"{""handle"": ""squirmor"", ""map_id"": 248834, ""match_id"": 606535}",kast_pct,,,True
NA source missing optional stats,https://www.vlr.gg/606535/qor-vs-evictix-challengers-2026-north-america-ace-stage-1-r2-0-1/?game=248834,screenshots/audit-missing-stats-stats.png,a27fb3f2e9e528cf640b6b2cdb9583f87c287e616362c81684ac4bd5c8812ac1,player_map_stats.csv,"{""handle"": ""squirmor"", ""map_id"": 248834, ""match_id"": 606535}",adr,,,True
NA source missing optional stats,https://www.vlr.gg/606535/qor-vs-evictix-challengers-2026-north-america-ace-stage-1-r2-0-1/?game=248834,screenshots/audit-missing-stats-stats.png,a27fb3f2e9e528cf640b6b2cdb9583f87c287e616362c81684ac4bd5c8812ac1,player_map_stats.csv,"{""handle"": ""squirmor"", ""map_id"": 248834, ""match_id"": 606535}",hs_pct,,,True
NA source missing optional stats,https://www.vlr.gg/606535/qor-vs-evictix-challengers-2026-north-america-ace-stage-1-r2-0-1/?game=248834,screenshots/audit-missing-stats-stats.png,a27fb3f2e9e528cf640b6b2cdb9583f87c287e616362c81684ac4bd5c8812ac1,player_map_stats.csv,"{""handle"": ""squirmor"", ""map_id"": 248834, ""match_id"": 606535}",first_kills,,,True
NA source missing optional stats,https://www.vlr.gg/606535/qor-vs-evictix-challengers-2026-north-america-ace-stage-1-r2-0-1/?game=248834,screenshots/audit-missing-stats-stats.png,a27fb3f2e9e528cf640b6b2cdb9583f87c287e616362c81684ac4bd5c8812ac1,player_map_stats.csv,"{""handle"": ""squirmor"", ""map_id"": 248834, ""match_id"": 606535}",first_deaths,,,True
NA source missing optional stats,https://www.vlr.gg/606535/qor-vs-evictix-challengers-2026-north-america-ace-stage-1-r2-0-1/?game=248834,screenshots/audit-missing-stats-stats.png,a27fb3f2e9e528cf640b6b2cdb9583f87c287e616362c81684ac4bd5c8812ac1,player_map_stats.csv,"{""handle"": ""dre"", ""map_id"": 248834, ""match_id"": 606535}",vlr_rating,,,True
NA source missing optional stats,https://www.vlr.gg/606535/qor-vs-evictix-challengers-2026-north-america-ace-stage-1-r2-0-1/?game=248834,screenshots/audit-missing-stats-stats.png,a27fb3f2e9e528cf640b6b2cdb9583f87c287e616362c81684ac4bd5c8812ac1,player_map_stats.csv,"{""handle"": ""dre"", ""map_id"": 248834, ""match_id"": 606535}",acs,,,True
NA source missing optional stats,https://www.vlr.gg/606535/qor-vs-evictix-challengers-2026-north-america-ace-stage-1-r2-0-1/?game=248834,screenshots/audit-missing-stats-stats.png,a27fb3f2e9e528cf640b6b2cdb9583f87c287e616362c81684ac4bd5c8812ac1,player_map_stats.csv,"{""handle"": ""dre"", ""map_id"": 248834, ""match_id"": 606535}",kills,11,11,True
NA source missing optional stats,https://www.vlr.gg/606535/qor-vs-evictix-challengers-2026-north-america-ace-stage-1-r2-0-1/?game=248834,screenshots/audit-missing-stats-stats.png,a27fb3f2e9e528cf640b6b2cdb9583f87c287e616362c81684ac4bd5c8812ac1,player_map_stats.csv,"{""handle"": ""dre"", ""map_id"": 248834, ""match_id"": 606535}",deaths,16,16,True
NA source missing optional stats,https://www.vlr.gg/606535/qor-vs-evictix-challengers-2026-north-america-ace-stage-1-r2-0-1/?game=248834,screenshots/audit-missing-stats-stats.png,a27fb3f2e9e528cf640b6b2cdb9583f87c287e616362c81684ac4bd5c8812ac1,player_map_stats.csv,"{""handle"": ""dre"", ""map_id"": 248834, ""match_id"": 606535}",assists,5,5,True
NA source missing optional stats,https://www.vlr.gg/606535/qor-vs-evictix-challengers-2026-north-america-ace-stage-1-r2-0-1/?game=248834,screenshots/audit-missing-stats-stats.png,a27fb3f2e9e528cf640b6b2cdb9583f87c287e616362c81684ac4bd5c8812ac1,player_map_stats.csv,"{""handle"": ""dre"", ""map_id"": 248834, ""match_id"": 606535}",kast_pct,,,True
NA source missing optional stats,https://www.vlr.gg/606535/qor-vs-evictix-challengers-2026-north-america-ace-stage-1-r2-0-1/?game=248834,screenshots/audit-missing-stats-stats.png,a27fb3f2e9e528cf640b6b2cdb9583f87c287e616362c81684ac4bd5c8812ac1,player_map_stats.csv,"{""handle"": ""dre"", ""map_id"": 248834, ""match_id"": 606535}",adr,,,True
NA source missing optional stats,https://www.vlr.gg/606535/qor-vs-evictix-challengers-2026-north-america-ace-stage-1-r2-0-1/?game=248834,screenshots/audit-missing-stats-stats.png,a27fb3f2e9e528cf640b6b2cdb9583f87c287e616362c81684ac4bd5c8812ac1,player_map_stats.csv,"{""handle"": ""dre"", ""map_id"": 248834, ""match_id"": 606535}",hs_pct,,,True
NA source missing optional stats,https://www.vlr.gg/606535/qor-vs-evictix-challengers-2026-north-america-ace-stage-1-r2-0-1/?game=248834,screenshots/audit-missing-stats-stats.png,a27fb3f2e9e528cf640b6b2cdb9583f87c287e616362c81684ac4bd5c8812ac1,player_map_stats.csv,"{""handle"": ""dre"", ""map_id"": 248834, ""match_id"": 606535}",first_kills,,,True
NA source missing optional stats,https://www.vlr.gg/606535/qor-vs-evictix-challengers-2026-north-america-ace-stage-1-r2-0-1/?game=248834,screenshots/audit-missing-stats-stats.png,a27fb3f2e9e528cf640b6b2cdb9583f87c287e616362c81684ac4bd5c8812ac1,player_map_stats.csv,"{""handle"": ""dre"", ""map_id"": 248834, ""match_id"": 606535}",first_deaths,,,True
NA source missing optional stats,https://www.vlr.gg/606535/qor-vs-evictix-challengers-2026-north-america-ace-stage-1-r2-0-1/?game=248834,screenshots/audit-missing-stats-stats.png,a27fb3f2e9e528cf640b6b2cdb9583f87c287e616362c81684ac4bd5c8812ac1,player_map_stats.csv,"{""handle"": ""Racoone"", ""map_id"": 248834, ""match_id"": 606535}",vlr_rating,,,True
NA source missing optional stats,https://www.vlr.gg/606535/qor-vs-evictix-challengers-2026-north-america-ace-stage-1-r2-0-1/?game=248834,screenshots/audit-missing-stats-stats.png,a27fb3f2e9e528cf640b6b2cdb9583f87c287e616362c81684ac4bd5c8812ac1,player_map_stats.csv,"{""handle"": ""Racoone"", ""map_id"": 248834, ""match_id"": 606535}",acs,,,True
NA source missing optional stats,https://www.vlr.gg/606535/qor-vs-evictix-challengers-2026-north-america-ace-stage-1-r2-0-1/?game=248834,screenshots/audit-missing-stats-stats.png,a27fb3f2e9e528cf640b6b2cdb9583f87c287e616362c81684ac4bd5c8812ac1,player_map_stats.csv,"{""handle"": ""Racoone"", ""map_id"": 248834, ""match_id"": 606535}",kills,11,11,True
NA source missing optional stats,https://www.vlr.gg/606535/qor-vs-evictix-challengers-2026-north-america-ace-stage-1-r2-0-1/?game=248834,screenshots/audit-missing-stats-stats.png,a27fb3f2e9e528cf640b6b2cdb9583f87c287e616362c81684ac4bd5c8812ac1,player_map_stats.csv,"{""handle"": ""Racoone"", ""map_id"": 248834, ""match_id"": 606535}",deaths,15,15,True
NA source missing optional stats,https://www.vlr.gg/606535/qor-vs-evictix-challengers-2026-north-america-ace-stage-1-r2-0-1/?game=248834,screenshots/audit-missing-stats-stats.png,a27fb3f2e9e528cf640b6b2cdb9583f87c287e616362c81684ac4bd5c8812ac1,player_map_stats.csv,"{""handle"": ""Racoone"", ""map_id"": 248834, ""match_id"": 606535}",assists,5,5,True
NA source missing optional stats,https://www.vlr.gg/606535/qor-vs-evictix-challengers-2026-north-america-ace-stage-1-r2-0-1/?game=248834,screenshots/audit-missing-stats-stats.png,a27fb3f2e9e528cf640b6b2cdb9583f87c287e616362c81684ac4bd5c8812ac1,player_map_stats.csv,"{""handle"": ""Racoone"", ""map_id"": 248834, ""match_id"": 606535}",kast_pct,,,True
NA source missing optional stats,https://www.vlr.gg/606535/qor-vs-evictix-challengers-2026-north-america-ace-stage-1-r2-0-1/?game=248834,screenshots/audit-missing-stats-stats.png,a27fb3f2e9e528cf640b6b2cdb9583f87c287e616362c81684ac4bd5c8812ac1,player_map_stats.csv,"{""handle"": ""Racoone"", ""map_id"": 248834, ""match_id"": 606535}",adr,,,True
NA source missing optional stats,https://www.vlr.gg/606535/qor-vs-evictix-challengers-2026-north-america-ace-stage-1-r2-0-1/?game=248834,screenshots/audit-missing-stats-stats.png,a27fb3f2e9e528cf640b6b2cdb9583f87c287e616362c81684ac4bd5c8812ac1,player_map_stats.csv,"{""handle"": ""Racoone"", ""map_id"": 248834, ""match_id"": 606535}",hs_pct,,,True
NA source missing optional stats,https://www.vlr.gg/606535/qor-vs-evictix-challengers-2026-north-america-ace-stage-1-r2-0-1/?game=248834,screenshots/audit-missing-stats-stats.png,a27fb3f2e9e528cf640b6b2cdb9583f87c287e616362c81684ac4bd5c8812ac1,player_map_stats.csv,"{""handle"": ""Racoone"", ""map_id"": 248834, ""match_id"": 606535}",first_kills,,,True
NA source missing optional stats,https://www.vlr.gg/606535/qor-vs-evictix-challengers-2026-north-america-ace-stage-1-r2-0-1/?game=248834,screenshots/audit-missing-stats-stats.png,a27fb3f2e9e528cf640b6b2cdb9583f87c287e616362c81684ac4bd5c8812ac1,player_map_stats.csv,"{""handle"": ""Racoone"", ""map_id"": 248834, ""match_id"": 606535}",first_deaths,,,True
China source missing lineup,https://www.vlr.gg/653018/ace-vs-octagonal-disposition-gaming-china-national-tournament-2026-split-alpha-pro-division-w1/?game=262427,screenshots/audit-china-stats.png,f59cd59f4751d2b57027c8c1124cbabf514f4cd2b9244a68e90103ab7ef1600c,map_outcomes.csv,"{""map_id"": 262427, ""match_id"": 653018}",map_name,Pearl,Pearl,True
China source missing lineup,https://www.vlr.gg/653018/ace-vs-octagonal-disposition-gaming-china-national-tournament-2026-split-alpha-pro-division-w1/?game=262427,screenshots/audit-china-stats.png,f59cd59f4751d2b57027c8c1124cbabf514f4cd2b9244a68e90103ab7ef1600c,map_outcomes.csv,"{""map_id"": 262427, ""match_id"": 653018}",team1_name,ACE,ACE,True
China source missing lineup,https://www.vlr.gg/653018/ace-vs-octagonal-disposition-gaming-china-national-tournament-2026-split-alpha-pro-division-w1/?game=262427,screenshots/audit-china-stats.png,f59cd59f4751d2b57027c8c1124cbabf514f4cd2b9244a68e90103ab7ef1600c,map_outcomes.csv,"{""map_id"": 262427, ""match_id"": 653018}",team2_name,Octagonal Disposition Gaming,Octagonal Disposition Gaming,True
China source missing lineup,https://www.vlr.gg/653018/ace-vs-octagonal-disposition-gaming-china-national-tournament-2026-split-alpha-pro-division-w1/?game=262427,screenshots/audit-china-stats.png,f59cd59f4751d2b57027c8c1124cbabf514f4cd2b9244a68e90103ab7ef1600c,map_outcomes.csv,"{""map_id"": 262427, ""match_id"": 653018}",team1_rounds,13,13,True
China source missing lineup,https://www.vlr.gg/653018/ace-vs-octagonal-disposition-gaming-china-national-tournament-2026-split-alpha-pro-division-w1/?game=262427,screenshots/audit-china-stats.png,f59cd59f4751d2b57027c8c1124cbabf514f4cd2b9244a68e90103ab7ef1600c,map_outcomes.csv,"{""map_id"": 262427, ""match_id"": 653018}",team2_rounds,10,10,True
China source missing lineup,https://www.vlr.gg/653018/ace-vs-octagonal-disposition-gaming-china-national-tournament-2026-split-alpha-pro-division-w1/?game=262427,screenshots/audit-china-stats.png,f59cd59f4751d2b57027c8c1124cbabf514f4cd2b9244a68e90103ab7ef1600c,map_outcomes.csv,"{""map_id"": 262427, ""match_id"": 653018}",rounds,23,23,True
China source missing lineup,https://www.vlr.gg/653018/ace-vs-octagonal-disposition-gaming-china-national-tournament-2026-split-alpha-pro-division-w1/?game=262427,screenshots/audit-china-stats.png,f59cd59f4751d2b57027c8c1124cbabf514f4cd2b9244a68e90103ab7ef1600c,player_map_stats.csv,"{""handle"": ""Eren"", ""map_id"": 262427, ""match_id"": 653018}",vlr_rating,,,True
China source missing lineup,https://www.vlr.gg/653018/ace-vs-octagonal-disposition-gaming-china-national-tournament-2026-split-alpha-pro-division-w1/?game=262427,screenshots/audit-china-stats.png,f59cd59f4751d2b57027c8c1124cbabf514f4cd2b9244a68e90103ab7ef1600c,player_map_stats.csv,"{""handle"": ""Eren"", ""map_id"": 262427, ""match_id"": 653018}",acs,,,True
China source missing lineup,https://www.vlr.gg/653018/ace-vs-octagonal-disposition-gaming-china-national-tournament-2026-split-alpha-pro-division-w1/?game=262427,screenshots/audit-china-stats.png,f59cd59f4751d2b57027c8c1124cbabf514f4cd2b9244a68e90103ab7ef1600c,player_map_stats.csv,"{""handle"": ""Eren"", ""map_id"": 262427, ""match_id"": 653018}",kills,,,True
China source missing lineup,https://www.vlr.gg/653018/ace-vs-octagonal-disposition-gaming-china-national-tournament-2026-split-alpha-pro-division-w1/?game=262427,screenshots/audit-china-stats.png,f59cd59f4751d2b57027c8c1124cbabf514f4cd2b9244a68e90103ab7ef1600c,player_map_stats.csv,"{""handle"": ""Eren"", ""map_id"": 262427, ""match_id"": 653018}",deaths,,,True
China source missing lineup,https://www.vlr.gg/653018/ace-vs-octagonal-disposition-gaming-china-national-tournament-2026-split-alpha-pro-division-w1/?game=262427,screenshots/audit-china-stats.png,f59cd59f4751d2b57027c8c1124cbabf514f4cd2b9244a68e90103ab7ef1600c,player_map_stats.csv,"{""handle"": ""Eren"", ""map_id"": 262427, ""match_id"": 653018}",assists,,,True
China source missing lineup,https://www.vlr.gg/653018/ace-vs-octagonal-disposition-gaming-china-national-tournament-2026-split-alpha-pro-division-w1/?game=262427,screenshots/audit-china-stats.png,f59cd59f4751d2b57027c8c1124cbabf514f4cd2b9244a68e90103ab7ef1600c,player_map_stats.csv,"{""handle"": ""Eren"", ""map_id"": 262427, ""match_id"": 653018}",kast_pct,,,True
China source missing lineup,https://www.vlr.gg/653018/ace-vs-octagonal-disposition-gaming-china-national-tournament-2026-split-alpha-pro-division-w1/?game=262427,screenshots/audit-china-stats.png,f59cd59f4751d2b57027c8c1124cbabf514f4cd2b9244a68e90103ab7ef1600c,player_map_stats.csv,"{""handle"": ""Eren"", ""map_id"": 262427, ""match_id"": 653018}",adr,,,True
China source missing lineup,https://www.vlr.gg/653018/ace-vs-octagonal-disposition-gaming-china-national-tournament-2026-split-alpha-pro-division-w1/?game=262427,screenshots/audit-china-stats.png,f59cd59f4751d2b57027c8c1124cbabf514f4cd2b9244a68e90103ab7ef1600c,player_map_stats.csv,"{""handle"": ""Eren"", ""map_id"": 262427, ""match_id"": 653018}",hs_pct,,,True
China source missing lineup,https://www.vlr.gg/653018/ace-vs-octagonal-disposition-gaming-china-national-tournament-2026-split-alpha-pro-division-w1/?game=262427,screenshots/audit-china-stats.png,f59cd59f4751d2b57027c8c1124cbabf514f4cd2b9244a68e90103ab7ef1600c,player_map_stats.csv,"{""handle"": ""Eren"", ""map_id"": 262427, ""match_id"": 653018}",first_kills,,,True
China source missing lineup,https://www.vlr.gg/653018/ace-vs-octagonal-disposition-gaming-china-national-tournament-2026-split-alpha-pro-division-w1/?game=262427,screenshots/audit-china-stats.png,f59cd59f4751d2b57027c8c1124cbabf514f4cd2b9244a68e90103ab7ef1600c,player_map_stats.csv,"{""handle"": ""Eren"", ""map_id"": 262427, ""match_id"": 653018}",first_deaths,,,True
China source missing lineup,https://www.vlr.gg/653018/ace-vs-octagonal-disposition-gaming-china-national-tournament-2026-split-alpha-pro-division-w1/?game=262427,screenshots/audit-china-stats.png,f59cd59f4751d2b57027c8c1124cbabf514f4cd2b9244a68e90103ab7ef1600c,player_map_stats.csv,"{""handle"": ""YHchen"", ""map_id"": 262427, ""match_id"": 653018}",vlr_rating,,,True
China source missing lineup,https://www.vlr.gg/653018/ace-vs-octagonal-disposition-gaming-china-national-tournament-2026-split-alpha-pro-division-w1/?game=262427,screenshots/audit-china-stats.png,f59cd59f4751d2b57027c8c1124cbabf514f4cd2b9244a68e90103ab7ef1600c,player_map_stats.csv,"{""handle"": ""YHchen"", ""map_id"": 262427, ""match_id"": 653018}",acs,,,True
China source missing lineup,https://www.vlr.gg/653018/ace-vs-octagonal-disposition-gaming-china-national-tournament-2026-split-alpha-pro-division-w1/?game=262427,screenshots/audit-china-stats.png,f59cd59f4751d2b57027c8c1124cbabf514f4cd2b9244a68e90103ab7ef1600c,player_map_stats.csv,"{""handle"": ""YHchen"", ""map_id"": 262427, ""match_id"": 653018}",kills,,,True
China source missing lineup,https://www.vlr.gg/653018/ace-vs-octagonal-disposition-gaming-china-national-tournament-2026-split-alpha-pro-division-w1/?game=262427,screenshots/audit-china-stats.png,f59cd59f4751d2b57027c8c1124cbabf514f4cd2b9244a68e90103ab7ef1600c,player_map_stats.csv,"{""handle"": ""YHchen"", ""map_id"": 262427, ""match_id"": 653018}",deaths,,,True
China source missing lineup,https://www.vlr.gg/653018/ace-vs-octagonal-disposition-gaming-china-national-tournament-2026-split-alpha-pro-division-w1/?game=262427,screenshots/audit-china-stats.png,f59cd59f4751d2b57027c8c1124cbabf514f4cd2b9244a68e90103ab7ef1600c,player_map_stats.csv,"{""handle"": ""YHchen"", ""map_id"": 262427, ""match_id"": 653018}",assists,,,True
China source missing lineup,https://www.vlr.gg/653018/ace-vs-octagonal-disposition-gaming-china-national-tournament-2026-split-alpha-pro-division-w1/?game=262427,screenshots/audit-china-stats.png,f59cd59f4751d2b57027c8c1124cbabf514f4cd2b9244a68e90103ab7ef1600c,player_map_stats.csv,"{""handle"": ""YHchen"", ""map_id"": 262427, ""match_id"": 653018}",kast_pct,,,True
China source missing lineup,https://www.vlr.gg/653018/ace-vs-octagonal-disposition-gaming-china-national-tournament-2026-split-alpha-pro-division-w1/?game=262427,screenshots/audit-china-stats.png,f59cd59f4751d2b57027c8c1124cbabf514f4cd2b9244a68e90103ab7ef1600c,player_map_stats.csv,"{""handle"": ""YHchen"", ""map_id"": 262427, ""match_id"": 653018}",adr,,,True
China source missing lineup,https://www.vlr.gg/653018/ace-vs-octagonal-disposition-gaming-china-national-tournament-2026-split-alpha-pro-division-w1/?game=262427,screenshots/audit-china-stats.png,f59cd59f4751d2b57027c8c1124cbabf514f4cd2b9244a68e90103ab7ef1600c,player_map_stats.csv,"{""handle"": ""YHchen"", ""map_id"": 262427, ""match_id"": 653018}",hs_pct,,,True
China source missing lineup,https://www.vlr.gg/653018/ace-vs-octagonal-disposition-gaming-china-national-tournament-2026-split-alpha-pro-division-w1/?game=262427,screenshots/audit-china-stats.png,f59cd59f4751d2b57027c8c1124cbabf514f4cd2b9244a68e90103ab7ef1600c,player_map_stats.csv,"{""handle"": ""YHchen"", ""map_id"": 262427, ""match_id"": 653018}",first_kills,,,True
China source missing lineup,https://www.vlr.gg/653018/ace-vs-octagonal-disposition-gaming-china-national-tournament-2026-split-alpha-pro-division-w1/?game=262427,screenshots/audit-china-stats.png,f59cd59f4751d2b57027c8c1124cbabf514f4cd2b9244a68e90103ab7ef1600c,player_map_stats.csv,"{""handle"": ""YHchen"", ""map_id"": 262427, ""match_id"": 653018}",first_deaths,,,True
China source missing lineup,https://www.vlr.gg/653018/ace-vs-octagonal-disposition-gaming-china-national-tournament-2026-split-alpha-pro-division-w1/?game=262427,screenshots/audit-china-stats.png,f59cd59f4751d2b57027c8c1124cbabf514f4cd2b9244a68e90103ab7ef1600c,player_map_stats.csv,"{""handle"": ""ZiXuan"", ""map_id"": 262427, ""match_id"": 653018}",vlr_rating,,,True
China source missing lineup,https://www.vlr.gg/653018/ace-vs-octagonal-disposition-gaming-china-national-tournament-2026-split-alpha-pro-division-w1/?game=262427,screenshots/audit-china-stats.png,f59cd59f4751d2b57027c8c1124cbabf514f4cd2b9244a68e90103ab7ef1600c,player_map_stats.csv,"{""handle"": ""ZiXuan"", ""map_id"": 262427, ""match_id"": 653018}",acs,,,True
China source missing lineup,https://www.vlr.gg/653018/ace-vs-octagonal-disposition-gaming-china-national-tournament-2026-split-alpha-pro-division-w1/?game=262427,screenshots/audit-china-stats.png,f59cd59f4751d2b57027c8c1124cbabf514f4cd2b9244a68e90103ab7ef1600c,player_map_stats.csv,"{""handle"": ""ZiXuan"", ""map_id"": 262427, ""match_id"": 653018}",kills,,,True
China source missing lineup,https://www.vlr.gg/653018/ace-vs-octagonal-disposition-gaming-china-national-tournament-2026-split-alpha-pro-division-w1/?game=262427,screenshots/audit-china-stats.png,f59cd59f4751d2b57027c8c1124cbabf514f4cd2b9244a68e90103ab7ef1600c,player_map_stats.csv,"{""handle"": ""ZiXuan"", ""map_id"": 262427, ""match_id"": 653018}",deaths,,,True
China source missing lineup,https://www.vlr.gg/653018/ace-vs-octagonal-disposition-gaming-china-national-tournament-2026-split-alpha-pro-division-w1/?game=262427,screenshots/audit-china-stats.png,f59cd59f4751d2b57027c8c1124cbabf514f4cd2b9244a68e90103ab7ef1600c,player_map_stats.csv,"{""handle"": ""ZiXuan"", ""map_id"": 262427, ""match_id"": 653018}",assists,,,True
China source missing lineup,https://www.vlr.gg/653018/ace-vs-octagonal-disposition-gaming-china-national-tournament-2026-split-alpha-pro-division-w1/?game=262427,screenshots/audit-china-stats.png,f59cd59f4751d2b57027c8c1124cbabf514f4cd2b9244a68e90103ab7ef1600c,player_map_stats.csv,"{""handle"": ""ZiXuan"", ""map_id"": 262427, ""match_id"": 653018}",kast_pct,,,True
China source missing lineup,https://www.vlr.gg/653018/ace-vs-octagonal-disposition-gaming-china-national-tournament-2026-split-alpha-pro-division-w1/?game=262427,screenshots/audit-china-stats.png,f59cd59f4751d2b57027c8c1124cbabf514f4cd2b9244a68e90103ab7ef1600c,player_map_stats.csv,"{""handle"": ""ZiXuan"", ""map_id"": 262427, ""match_id"": 653018}",adr,,,True
China source missing lineup,https://www.vlr.gg/653018/ace-vs-octagonal-disposition-gaming-china-national-tournament-2026-split-alpha-pro-division-w1/?game=262427,screenshots/audit-china-stats.png,f59cd59f4751d2b57027c8c1124cbabf514f4cd2b9244a68e90103ab7ef1600c,player_map_stats.csv,"{""handle"": ""ZiXuan"", ""map_id"": 262427, ""match_id"": 653018}",hs_pct,,,True
China source missing lineup,https://www.vlr.gg/653018/ace-vs-octagonal-disposition-gaming-china-national-tournament-2026-split-alpha-pro-division-w1/?game=262427,screenshots/audit-china-stats.png,f59cd59f4751d2b57027c8c1124cbabf514f4cd2b9244a68e90103ab7ef1600c,player_map_stats.csv,"{""handle"": ""ZiXuan"", ""map_id"": 262427, ""match_id"": 653018}",first_kills,,,True
China source missing lineup,https://www.vlr.gg/653018/ace-vs-octagonal-disposition-gaming-china-national-tournament-2026-split-alpha-pro-division-w1/?game=262427,screenshots/audit-china-stats.png,f59cd59f4751d2b57027c8c1124cbabf514f4cd2b9244a68e90103ab7ef1600c,player_map_stats.csv,"{""handle"": ""ZiXuan"", ""map_id"": 262427, ""match_id"": 653018}",first_deaths,,,True
China source missing lineup,https://www.vlr.gg/653018/ace-vs-octagonal-disposition-gaming-china-national-tournament-2026-split-alpha-pro-division-w1/?game=262427,screenshots/audit-china-stats.png,f59cd59f4751d2b57027c8c1124cbabf514f4cd2b9244a68e90103ab7ef1600c,player_map_stats.csv,"{""handle"": ""W1nner"", ""map_id"": 262427, ""match_id"": 653018}",vlr_rating,,,True
China source missing lineup,https://www.vlr.gg/653018/ace-vs-octagonal-disposition-gaming-china-national-tournament-2026-split-alpha-pro-division-w1/?game=262427,screenshots/audit-china-stats.png,f59cd59f4751d2b57027c8c1124cbabf514f4cd2b9244a68e90103ab7ef1600c,player_map_stats.csv,"{""handle"": ""W1nner"", ""map_id"": 262427, ""match_id"": 653018}",acs,,,True
China source missing lineup,https://www.vlr.gg/653018/ace-vs-octagonal-disposition-gaming-china-national-tournament-2026-split-alpha-pro-division-w1/?game=262427,screenshots/audit-china-stats.png,f59cd59f4751d2b57027c8c1124cbabf514f4cd2b9244a68e90103ab7ef1600c,player_map_stats.csv,"{""handle"": ""W1nner"", ""map_id"": 262427, ""match_id"": 653018}",kills,,,True
China source missing lineup,https://www.vlr.gg/653018/ace-vs-octagonal-disposition-gaming-china-national-tournament-2026-split-alpha-pro-division-w1/?game=262427,screenshots/audit-china-stats.png,f59cd59f4751d2b57027c8c1124cbabf514f4cd2b9244a68e90103ab7ef1600c,player_map_stats.csv,"{""handle"": ""W1nner"", ""map_id"": 262427, ""match_id"": 653018}",deaths,,,True
China source missing lineup,https://www.vlr.gg/653018/ace-vs-octagonal-disposition-gaming-china-national-tournament-2026-split-alpha-pro-division-w1/?game=262427,screenshots/audit-china-stats.png,f59cd59f4751d2b57027c8c1124cbabf514f4cd2b9244a68e90103ab7ef1600c,player_map_stats.csv,"{""handle"": ""W1nner"", ""map_id"": 262427, ""match_id"": 653018}",assists,,,True
China source missing lineup,https://www.vlr.gg/653018/ace-vs-octagonal-disposition-gaming-china-national-tournament-2026-split-alpha-pro-division-w1/?game=262427,screenshots/audit-china-stats.png,f59cd59f4751d2b57027c8c1124cbabf514f4cd2b9244a68e90103ab7ef1600c,player_map_stats.csv,"{""handle"": ""W1nner"", ""map_id"": 262427, ""match_id"": 653018}",kast_pct,,,True
China source missing lineup,https://www.vlr.gg/653018/ace-vs-octagonal-disposition-gaming-china-national-tournament-2026-split-alpha-pro-division-w1/?game=262427,screenshots/audit-china-stats.png,f59cd59f4751d2b57027c8c1124cbabf514f4cd2b9244a68e90103ab7ef1600c,player_map_stats.csv,"{""handle"": ""W1nner"", ""map_id"": 262427, ""match_id"": 653018}",adr,,,True
China source missing lineup,https://www.vlr.gg/653018/ace-vs-octagonal-disposition-gaming-china-national-tournament-2026-split-alpha-pro-division-w1/?game=262427,screenshots/audit-china-stats.png,f59cd59f4751d2b57027c8c1124cbabf514f4cd2b9244a68e90103ab7ef1600c,player_map_stats.csv,"{""handle"": ""W1nner"", ""map_id"": 262427, ""match_id"": 653018}",hs_pct,,,True
China source missing lineup,https://www.vlr.gg/653018/ace-vs-octagonal-disposition-gaming-china-national-tournament-2026-split-alpha-pro-division-w1/?game=262427,screenshots/audit-china-stats.png,f59cd59f4751d2b57027c8c1124cbabf514f4cd2b9244a68e90103ab7ef1600c,player_map_stats.csv,"{""handle"": ""W1nner"", ""map_id"": 262427, ""match_id"": 653018}",first_kills,,,True
China source missing lineup,https://www.vlr.gg/653018/ace-vs-octagonal-disposition-gaming-china-national-tournament-2026-split-alpha-pro-division-w1/?game=262427,screenshots/audit-china-stats.png,f59cd59f4751d2b57027c8c1124cbabf514f4cd2b9244a68e90103ab7ef1600c,player_map_stats.csv,"{""handle"": ""W1nner"", ""map_id"": 262427, ""match_id"": 653018}",first_deaths,,,True
China source missing lineup,https://www.vlr.gg/653018/ace-vs-octagonal-disposition-gaming-china-national-tournament-2026-split-alpha-pro-division-w1/?game=262427,screenshots/audit-china-stats.png,f59cd59f4751d2b57027c8c1124cbabf514f4cd2b9244a68e90103ab7ef1600c,player_map_stats.csv,"{""handle"": ""XyuS"", ""map_id"": 262427, ""match_id"": 653018}",vlr_rating,,,True
China source missing lineup,https://www.vlr.gg/653018/ace-vs-octagonal-disposition-gaming-china-national-tournament-2026-split-alpha-pro-division-w1/?game=262427,screenshots/audit-china-stats.png,f59cd59f4751d2b57027c8c1124cbabf514f4cd2b9244a68e90103ab7ef1600c,player_map_stats.csv,"{""handle"": ""XyuS"", ""map_id"": 262427, ""match_id"": 653018}",acs,,,True
China source missing lineup,https://www.vlr.gg/653018/ace-vs-octagonal-disposition-gaming-china-national-tournament-2026-split-alpha-pro-division-w1/?game=262427,screenshots/audit-china-stats.png,f59cd59f4751d2b57027c8c1124cbabf514f4cd2b9244a68e90103ab7ef1600c,player_map_stats.csv,"{""handle"": ""XyuS"", ""map_id"": 262427, ""match_id"": 653018}",kills,,,True
China source missing lineup,https://www.vlr.gg/653018/ace-vs-octagonal-disposition-gaming-china-national-tournament-2026-split-alpha-pro-division-w1/?game=262427,screenshots/audit-china-stats.png,f59cd59f4751d2b57027c8c1124cbabf514f4cd2b9244a68e90103ab7ef1600c,player_map_stats.csv,"{""handle"": ""XyuS"", ""map_id"": 262427, ""match_id"": 653018}",deaths,,,True
China source missing lineup,https://www.vlr.gg/653018/ace-vs-octagonal-disposition-gaming-china-national-tournament-2026-split-alpha-pro-division-w1/?game=262427,screenshots/audit-china-stats.png,f59cd59f4751d2b57027c8c1124cbabf514f4cd2b9244a68e90103ab7ef1600c,player_map_stats.csv,"{""handle"": ""XyuS"", ""map_id"": 262427, ""match_id"": 653018}",assists,,,True
China source missing lineup,https://www.vlr.gg/653018/ace-vs-octagonal-disposition-gaming-china-national-tournament-2026-split-alpha-pro-division-w1/?game=262427,screenshots/audit-china-stats.png,f59cd59f4751d2b57027c8c1124cbabf514f4cd2b9244a68e90103ab7ef1600c,player_map_stats.csv,"{""handle"": ""XyuS"", ""map_id"": 262427, ""match_id"": 653018}",kast_pct,,,True
China source missing lineup,https://www.vlr.gg/653018/ace-vs-octagonal-disposition-gaming-china-national-tournament-2026-split-alpha-pro-division-w1/?game=262427,screenshots/audit-china-stats.png,f59cd59f4751d2b57027c8c1124cbabf514f4cd2b9244a68e90103ab7ef1600c,player_map_stats.csv,"{""handle"": ""XyuS"", ""map_id"": 262427, ""match_id"": 653018}",adr,,,True
China source missing lineup,https://www.vlr.gg/653018/ace-vs-octagonal-disposition-gaming-china-national-tournament-2026-split-alpha-pro-division-w1/?game=262427,screenshots/audit-china-stats.png,f59cd59f4751d2b57027c8c1124cbabf514f4cd2b9244a68e90103ab7ef1600c,player_map_stats.csv,"{""handle"": ""XyuS"", ""map_id"": 262427, ""match_id"": 653018}",hs_pct,,,True
China source missing lineup,https://www.vlr.gg/653018/ace-vs-octagonal-disposition-gaming-china-national-tournament-2026-split-alpha-pro-division-w1/?game=262427,screenshots/audit-china-stats.png,f59cd59f4751d2b57027c8c1124cbabf514f4cd2b9244a68e90103ab7ef1600c,player_map_stats.csv,"{""handle"": ""XyuS"", ""map_id"": 262427, ""match_id"": 653018}",first_kills,,,True
China source missing lineup,https://www.vlr.gg/653018/ace-vs-octagonal-disposition-gaming-china-national-tournament-2026-split-alpha-pro-division-w1/?game=262427,screenshots/audit-china-stats.png,f59cd59f4751d2b57027c8c1124cbabf514f4cd2b9244a68e90103ab7ef1600c,player_map_stats.csv,"{""handle"": ""XyuS"", ""map_id"": 262427, ""match_id"": 653018}",first_deaths,,,True
Santiago event aggregate All/Both/Min rounds 0,https://www.vlr.gg/event/stats/2760?min_rounds=0,screenshots/audit-event-stats-stats.png,af42cc857e931b7560901e3efff73bbeb74b15b0ed4413395ec82b02d489b61d,player_event_stats.csv,"{""event_id"": 2760, ""handle"": ""marteen""}",rounds,186,186,True
Santiago event aggregate All/Both/Min rounds 0,https://www.vlr.gg/event/stats/2760?min_rounds=0,screenshots/audit-event-stats-stats.png,af42cc857e931b7560901e3efff73bbeb74b15b0ed4413395ec82b02d489b61d,player_event_stats.csv,"{""event_id"": 2760, ""handle"": ""marteen""}",vlr_rating,1.41,1.41,True
Santiago event aggregate All/Both/Min rounds 0,https://www.vlr.gg/event/stats/2760?min_rounds=0,screenshots/audit-event-stats-stats.png,af42cc857e931b7560901e3efff73bbeb74b15b0ed4413395ec82b02d489b61d,player_event_stats.csv,"{""event_id"": 2760, ""handle"": ""marteen""}",acs,268,268,True
Santiago event aggregate All/Both/Min rounds 0,https://www.vlr.gg/event/stats/2760?min_rounds=0,screenshots/audit-event-stats-stats.png,af42cc857e931b7560901e3efff73bbeb74b15b0ed4413395ec82b02d489b61d,player_event_stats.csv,"{""event_id"": 2760, ""handle"": ""marteen""}",kd,1.43,1.43,True
Santiago event aggregate All/Both/Min rounds 0,https://www.vlr.gg/event/stats/2760?min_rounds=0,screenshots/audit-event-stats-stats.png,af42cc857e931b7560901e3efff73bbeb74b15b0ed4413395ec82b02d489b61d,player_event_stats.csv,"{""event_id"": 2760, ""handle"": ""marteen""}",kast_pct,76,76,True
Santiago event aggregate All/Both/Min rounds 0,https://www.vlr.gg/event/stats/2760?min_rounds=0,screenshots/audit-event-stats-stats.png,af42cc857e931b7560901e3efff73bbeb74b15b0ed4413395ec82b02d489b61d,player_event_stats.csv,"{""event_id"": 2760, ""handle"": ""marteen""}",adr,169.1,169.1,True
Santiago event aggregate All/Both/Min rounds 0,https://www.vlr.gg/event/stats/2760?min_rounds=0,screenshots/audit-event-stats-stats.png,af42cc857e931b7560901e3efff73bbeb74b15b0ed4413395ec82b02d489b61d,player_event_stats.csv,"{""event_id"": 2760, ""handle"": ""marteen""}",kpr,0.95,0.95,True
Santiago event aggregate All/Both/Min rounds 0,https://www.vlr.gg/event/stats/2760?min_rounds=0,screenshots/audit-event-stats-stats.png,af42cc857e931b7560901e3efff73bbeb74b15b0ed4413395ec82b02d489b61d,player_event_stats.csv,"{""event_id"": 2760, ""handle"": ""marteen""}",apr,0.31,0.31,True
Santiago event aggregate All/Both/Min rounds 0,https://www.vlr.gg/event/stats/2760?min_rounds=0,screenshots/audit-event-stats-stats.png,af42cc857e931b7560901e3efff73bbeb74b15b0ed4413395ec82b02d489b61d,player_event_stats.csv,"{""event_id"": 2760, ""handle"": ""marteen""}",fk_fd_ratio,1.47,1.47,True
Santiago event aggregate All/Both/Min rounds 0,https://www.vlr.gg/event/stats/2760?min_rounds=0,screenshots/audit-event-stats-stats.png,af42cc857e931b7560901e3efff73bbeb74b15b0ed4413395ec82b02d489b61d,player_event_stats.csv,"{""event_id"": 2760, ""handle"": ""marteen""}",hs_pct,31,31,True
Santiago event aggregate All/Both/Min rounds 0,https://www.vlr.gg/event/stats/2760?min_rounds=0,screenshots/audit-event-stats-stats.png,af42cc857e931b7560901e3efff73bbeb74b15b0ed4413395ec82b02d489b61d,player_event_stats.csv,"{""event_id"": 2760, ""handle"": ""marteen""}",clutch_pct,32,32,True
Santiago event aggregate All/Both/Min rounds 0,https://www.vlr.gg/event/stats/2760?min_rounds=0,screenshots/audit-event-stats-stats.png,af42cc857e931b7560901e3efff73bbeb74b15b0ed4413395ec82b02d489b61d,player_event_stats.csv,"{""event_id"": 2760, ""handle"": ""marteen""}",clutches_won,7,7,True
Santiago event aggregate All/Both/Min rounds 0,https://www.vlr.gg/event/stats/2760?min_rounds=0,screenshots/audit-event-stats-stats.png,af42cc857e931b7560901e3efff73bbeb74b15b0ed4413395ec82b02d489b61d,player_event_stats.csv,"{""event_id"": 2760, ""handle"": ""marteen""}",clutch_attempts,22,22,True
Santiago event aggregate All/Both/Min rounds 0,https://www.vlr.gg/event/stats/2760?min_rounds=0,screenshots/audit-event-stats-stats.png,af42cc857e931b7560901e3efff73bbeb74b15b0ed4413395ec82b02d489b61d,player_event_stats.csv,"{""event_id"": 2760, ""handle"": ""marteen""}",max_kills,30,30,True
Santiago event aggregate All/Both/Min rounds 0,https://www.vlr.gg/event/stats/2760?min_rounds=0,screenshots/audit-event-stats-stats.png,af42cc857e931b7560901e3efff73bbeb74b15b0ed4413395ec82b02d489b61d,player_event_stats.csv,"{""event_id"": 2760, ""handle"": ""marteen""}",kills,176,176,True
Santiago event aggregate All/Both/Min rounds 0,https://www.vlr.gg/event/stats/2760?min_rounds=0,screenshots/audit-event-stats-stats.png,af42cc857e931b7560901e3efff73bbeb74b15b0ed4413395ec82b02d489b61d,player_event_stats.csv,"{""event_id"": 2760, ""handle"": ""marteen""}",deaths,123,123,True
Santiago event aggregate All/Both/Min rounds 0,https://www.vlr.gg/event/stats/2760?min_rounds=0,screenshots/audit-event-stats-stats.png,af42cc857e931b7560901e3efff73bbeb74b15b0ed4413395ec82b02d489b61d,player_event_stats.csv,"{""event_id"": 2760, ""handle"": ""marteen""}",assists,57,57,True
Santiago event aggregate All/Both/Min rounds 0,https://www.vlr.gg/event/stats/2760?min_rounds=0,screenshots/audit-event-stats-stats.png,af42cc857e931b7560901e3efff73bbeb74b15b0ed4413395ec82b02d489b61d,player_event_stats.csv,"{""event_id"": 2760, ""handle"": ""eeiu""}",rounds,126,126,True
Santiago event aggregate All/Both/Min rounds 0,https://www.vlr.gg/event/stats/2760?min_rounds=0,screenshots/audit-event-stats-stats.png,af42cc857e931b7560901e3efff73bbeb74b15b0ed4413395ec82b02d489b61d,player_event_stats.csv,"{""event_id"": 2760, ""handle"": ""eeiu""}",vlr_rating,1.24,1.24,True
Santiago event aggregate All/Both/Min rounds 0,https://www.vlr.gg/event/stats/2760?min_rounds=0,screenshots/audit-event-stats-stats.png,af42cc857e931b7560901e3efff73bbeb74b15b0ed4413395ec82b02d489b61d,player_event_stats.csv,"{""event_id"": 2760, ""handle"": ""eeiu""}",acs,244,244,True
Santiago event aggregate All/Both/Min rounds 0,https://www.vlr.gg/event/stats/2760?min_rounds=0,screenshots/audit-event-stats-stats.png,af42cc857e931b7560901e3efff73bbeb74b15b0ed4413395ec82b02d489b61d,player_event_stats.csv,"{""event_id"": 2760, ""handle"": ""eeiu""}",kd,1.34,1.34,True
Santiago event aggregate All/Both/Min rounds 0,https://www.vlr.gg/event/stats/2760?min_rounds=0,screenshots/audit-event-stats-stats.png,af42cc857e931b7560901e3efff73bbeb74b15b0ed4413395ec82b02d489b61d,player_event_stats.csv,"{""event_id"": 2760, ""handle"": ""eeiu""}",kast_pct,69,69,True
Santiago event aggregate All/Both/Min rounds 0,https://www.vlr.gg/event/stats/2760?min_rounds=0,screenshots/audit-event-stats-stats.png,af42cc857e931b7560901e3efff73bbeb74b15b0ed4413395ec82b02d489b61d,player_event_stats.csv,"{""event_id"": 2760, ""handle"": ""eeiu""}",adr,166.5,166.5,True
Santiago event aggregate All/Both/Min rounds 0,https://www.vlr.gg/event/stats/2760?min_rounds=0,screenshots/audit-event-stats-stats.png,af42cc857e931b7560901e3efff73bbeb74b15b0ed4413395ec82b02d489b61d,player_event_stats.csv,"{""event_id"": 2760, ""handle"": ""eeiu""}",kpr,0.88,0.88,True
Santiago event aggregate All/Both/Min rounds 0,https://www.vlr.gg/event/stats/2760?min_rounds=0,screenshots/audit-event-stats-stats.png,af42cc857e931b7560901e3efff73bbeb74b15b0ed4413395ec82b02d489b61d,player_event_stats.csv,"{""event_id"": 2760, ""handle"": ""eeiu""}",apr,0.23,0.23,True
Santiago event aggregate All/Both/Min rounds 0,https://www.vlr.gg/event/stats/2760?min_rounds=0,screenshots/audit-event-stats-stats.png,af42cc857e931b7560901e3efff73bbeb74b15b0ed4413395ec82b02d489b61d,player_event_stats.csv,"{""event_id"": 2760, ""handle"": ""eeiu""}",fk_fd_ratio,2.0,2,True
Santiago event aggregate All/Both/Min rounds 0,https://www.vlr.gg/event/stats/2760?min_rounds=0,screenshots/audit-event-stats-stats.png,af42cc857e931b7560901e3efff73bbeb74b15b0ed4413395ec82b02d489b61d,player_event_stats.csv,"{""event_id"": 2760, ""handle"": ""eeiu""}",hs_pct,35,35,True
Santiago event aggregate All/Both/Min rounds 0,https://www.vlr.gg/event/stats/2760?min_rounds=0,screenshots/audit-event-stats-stats.png,af42cc857e931b7560901e3efff73bbeb74b15b0ed4413395ec82b02d489b61d,player_event_stats.csv,"{""event_id"": 2760, ""handle"": ""eeiu""}",clutch_pct,17,17,True
Santiago event aggregate All/Both/Min rounds 0,https://www.vlr.gg/event/stats/2760?min_rounds=0,screenshots/audit-event-stats-stats.png,af42cc857e931b7560901e3efff73bbeb74b15b0ed4413395ec82b02d489b61d,player_event_stats.csv,"{""event_id"": 2760, ""handle"": ""eeiu""}",clutches_won,3,3,True
Santiago event aggregate All/Both/Min rounds 0,https://www.vlr.gg/event/stats/2760?min_rounds=0,screenshots/audit-event-stats-stats.png,af42cc857e931b7560901e3efff73bbeb74b15b0ed4413395ec82b02d489b61d,player_event_stats.csv,"{""event_id"": 2760, ""handle"": ""eeiu""}",clutch_attempts,18,18,True
Santiago event aggregate All/Both/Min rounds 0,https://www.vlr.gg/event/stats/2760?min_rounds=0,screenshots/audit-event-stats-stats.png,af42cc857e931b7560901e3efff73bbeb74b15b0ed4413395ec82b02d489b61d,player_event_stats.csv,"{""event_id"": 2760, ""handle"": ""eeiu""}",max_kills,22,22,True
Santiago event aggregate All/Both/Min rounds 0,https://www.vlr.gg/event/stats/2760?min_rounds=0,screenshots/audit-event-stats-stats.png,af42cc857e931b7560901e3efff73bbeb74b15b0ed4413395ec82b02d489b61d,player_event_stats.csv,"{""event_id"": 2760, ""handle"": ""eeiu""}",kills,111,111,True
Santiago event aggregate All/Both/Min rounds 0,https://www.vlr.gg/event/stats/2760?min_rounds=0,screenshots/audit-event-stats-stats.png,af42cc857e931b7560901e3efff73bbeb74b15b0ed4413395ec82b02d489b61d,player_event_stats.csv,"{""event_id"": 2760, ""handle"": ""eeiu""}",deaths,83,83,True
Santiago event aggregate All/Both/Min rounds 0,https://www.vlr.gg/event/stats/2760?min_rounds=0,screenshots/audit-event-stats-stats.png,af42cc857e931b7560901e3efff73bbeb74b15b0ed4413395ec82b02d489b61d,player_event_stats.csv,"{""event_id"": 2760, ""handle"": ""eeiu""}",assists,29,29,True
Santiago event aggregate All/Both/Min rounds 0,https://www.vlr.gg/event/stats/2760?min_rounds=0,screenshots/audit-event-stats-stats.png,af42cc857e931b7560901e3efff73bbeb74b15b0ed4413395ec82b02d489b61d,player_event_stats.csv,"{""event_id"": 2760, ""handle"": ""trent""}",rounds,330,330,True
Santiago event aggregate All/Both/Min rounds 0,https://www.vlr.gg/event/stats/2760?min_rounds=0,screenshots/audit-event-stats-stats.png,af42cc857e931b7560901e3efff73bbeb74b15b0ed4413395ec82b02d489b61d,player_event_stats.csv,"{""event_id"": 2760, ""handle"": ""trent""}",vlr_rating,1.15,1.15,True
Santiago event aggregate All/Both/Min rounds 0,https://www.vlr.gg/event/stats/2760?min_rounds=0,screenshots/audit-event-stats-stats.png,af42cc857e931b7560901e3efff73bbeb74b15b0ed4413395ec82b02d489b61d,player_event_stats.csv,"{""event_id"": 2760, ""handle"": ""trent""}",acs,194,194,True
Santiago event aggregate All/Both/Min rounds 0,https://www.vlr.gg/event/stats/2760?min_rounds=0,screenshots/audit-event-stats-stats.png,af42cc857e931b7560901e3efff73bbeb74b15b0ed4413395ec82b02d489b61d,player_event_stats.csv,"{""event_id"": 2760, ""handle"": ""trent""}",kd,1.11,1.11,True
Santiago event aggregate All/Both/Min rounds 0,https://www.vlr.gg/event/stats/2760?min_rounds=0,screenshots/audit-event-stats-stats.png,af42cc857e931b7560901e3efff73bbeb74b15b0ed4413395ec82b02d489b61d,player_event_stats.csv,"{""event_id"": 2760, ""handle"": ""trent""}",kast_pct,73,73,True
Santiago event aggregate All/Both/Min rounds 0,https://www.vlr.gg/event/stats/2760?min_rounds=0,screenshots/audit-event-stats-stats.png,af42cc857e931b7560901e3efff73bbeb74b15b0ed4413395ec82b02d489b61d,player_event_stats.csv,"{""event_id"": 2760, ""handle"": ""trent""}",adr,131.1,131.1,True
Santiago event aggregate All/Both/Min rounds 0,https://www.vlr.gg/event/stats/2760?min_rounds=0,screenshots/audit-event-stats-stats.png,af42cc857e931b7560901e3efff73bbeb74b15b0ed4413395ec82b02d489b61d,player_event_stats.csv,"{""event_id"": 2760, ""handle"": ""trent""}",kpr,0.69,0.69,True
Santiago event aggregate All/Both/Min rounds 0,https://www.vlr.gg/event/stats/2760?min_rounds=0,screenshots/audit-event-stats-stats.png,af42cc857e931b7560901e3efff73bbeb74b15b0ed4413395ec82b02d489b61d,player_event_stats.csv,"{""event_id"": 2760, ""handle"": ""trent""}",apr,0.34,0.34,True
Santiago event aggregate All/Both/Min rounds 0,https://www.vlr.gg/event/stats/2760?min_rounds=0,screenshots/audit-event-stats-stats.png,af42cc857e931b7560901e3efff73bbeb74b15b0ed4413395ec82b02d489b61d,player_event_stats.csv,"{""event_id"": 2760, ""handle"": ""trent""}",fk_fd_ratio,1.42,1.42,True
Santiago event aggregate All/Both/Min rounds 0,https://www.vlr.gg/event/stats/2760?min_rounds=0,screenshots/audit-event-stats-stats.png,af42cc857e931b7560901e3efff73bbeb74b15b0ed4413395ec82b02d489b61d,player_event_stats.csv,"{""event_id"": 2760, ""handle"": ""trent""}",hs_pct,29,29,True
Santiago event aggregate All/Both/Min rounds 0,https://www.vlr.gg/event/stats/2760?min_rounds=0,screenshots/audit-event-stats-stats.png,af42cc857e931b7560901e3efff73bbeb74b15b0ed4413395ec82b02d489b61d,player_event_stats.csv,"{""event_id"": 2760, ""handle"": ""trent""}",clutch_pct,19,19,True
Santiago event aggregate All/Both/Min rounds 0,https://www.vlr.gg/event/stats/2760?min_rounds=0,screenshots/audit-event-stats-stats.png,af42cc857e931b7560901e3efff73bbeb74b15b0ed4413395ec82b02d489b61d,player_event_stats.csv,"{""event_id"": 2760, ""handle"": ""trent""}",clutches_won,10,10,True
Santiago event aggregate All/Both/Min rounds 0,https://www.vlr.gg/event/stats/2760?min_rounds=0,screenshots/audit-event-stats-stats.png,af42cc857e931b7560901e3efff73bbeb74b15b0ed4413395ec82b02d489b61d,player_event_stats.csv,"{""event_id"": 2760, ""handle"": ""trent""}",clutch_attempts,52,52,True
Santiago event aggregate All/Both/Min rounds 0,https://www.vlr.gg/event/stats/2760?min_rounds=0,screenshots/audit-event-stats-stats.png,af42cc857e931b7560901e3efff73bbeb74b15b0ed4413395ec82b02d489b61d,player_event_stats.csv,"{""event_id"": 2760, ""handle"": ""trent""}",max_kills,32,32,True
Santiago event aggregate All/Both/Min rounds 0,https://www.vlr.gg/event/stats/2760?min_rounds=0,screenshots/audit-event-stats-stats.png,af42cc857e931b7560901e3efff73bbeb74b15b0ed4413395ec82b02d489b61d,player_event_stats.csv,"{""event_id"": 2760, ""handle"": ""trent""}",kills,229,229,True
Santiago event aggregate All/Both/Min rounds 0,https://www.vlr.gg/event/stats/2760?min_rounds=0,screenshots/audit-event-stats-stats.png,af42cc857e931b7560901e3efff73bbeb74b15b0ed4413395ec82b02d489b61d,player_event_stats.csv,"{""event_id"": 2760, ""handle"": ""trent""}",deaths,207,207,True
Santiago event aggregate All/Both/Min rounds 0,https://www.vlr.gg/event/stats/2760?min_rounds=0,screenshots/audit-event-stats-stats.png,af42cc857e931b7560901e3efff73bbeb74b15b0ed4413395ec82b02d489b61d,player_event_stats.csv,"{""event_id"": 2760, ""handle"": ""trent""}",assists,111,111,True
Santiago event aggregate All/Both/Min rounds 0,https://www.vlr.gg/event/stats/2760?min_rounds=0,screenshots/audit-event-stats-stats.png,af42cc857e931b7560901e3efff73bbeb74b15b0ed4413395ec82b02d489b61d,player_event_stats.csv,"{""event_id"": 2760, ""handle"": ""iZu""}",rounds,135,135,True
Santiago event aggregate All/Both/Min rounds 0,https://www.vlr.gg/event/stats/2760?min_rounds=0,screenshots/audit-event-stats-stats.png,af42cc857e931b7560901e3efff73bbeb74b15b0ed4413395ec82b02d489b61d,player_event_stats.csv,"{""event_id"": 2760, ""handle"": ""iZu""}",vlr_rating,1.14,1.14,True
Santiago event aggregate All/Both/Min rounds 0,https://www.vlr.gg/event/stats/2760?min_rounds=0,screenshots/audit-event-stats-stats.png,af42cc857e931b7560901e3efff73bbeb74b15b0ed4413395ec82b02d489b61d,player_event_stats.csv,"{""event_id"": 2760, ""handle"": ""iZu""}",acs,234,234,True
Santiago event aggregate All/Both/Min rounds 0,https://www.vlr.gg/event/stats/2760?min_rounds=0,screenshots/audit-event-stats-stats.png,af42cc857e931b7560901e3efff73bbeb74b15b0ed4413395ec82b02d489b61d,player_event_stats.csv,"{""event_id"": 2760, ""handle"": ""iZu""}",kd,1.24,1.24,True
Santiago event aggregate All/Both/Min rounds 0,https://www.vlr.gg/event/stats/2760?min_rounds=0,screenshots/audit-event-stats-stats.png,af42cc857e931b7560901e3efff73bbeb74b15b0ed4413395ec82b02d489b61d,player_event_stats.csv,"{""event_id"": 2760, ""handle"": ""iZu""}",kast_pct,65,65,True
Santiago event aggregate All/Both/Min rounds 0,https://www.vlr.gg/event/stats/2760?min_rounds=0,screenshots/audit-event-stats-stats.png,af42cc857e931b7560901e3efff73bbeb74b15b0ed4413395ec82b02d489b61d,player_event_stats.csv,"{""event_id"": 2760, ""handle"": ""iZu""}",adr,155.2,155.2,True
Santiago event aggregate All/Both/Min rounds 0,https://www.vlr.gg/event/stats/2760?min_rounds=0,screenshots/audit-event-stats-stats.png,af42cc857e931b7560901e3efff73bbeb74b15b0ed4413395ec82b02d489b61d,player_event_stats.csv,"{""event_id"": 2760, ""handle"": ""iZu""}",kpr,0.87,0.87,True
Santiago event aggregate All/Both/Min rounds 0,https://www.vlr.gg/event/stats/2760?min_rounds=0,screenshots/audit-event-stats-stats.png,af42cc857e931b7560901e3efff73bbeb74b15b0ed4413395ec82b02d489b61d,player_event_stats.csv,"{""event_id"": 2760, ""handle"": ""iZu""}",apr,0.21,0.21,True
Santiago event aggregate All/Both/Min rounds 0,https://www.vlr.gg/event/stats/2760?min_rounds=0,screenshots/audit-event-stats-stats.png,af42cc857e931b7560901e3efff73bbeb74b15b0ed4413395ec82b02d489b61d,player_event_stats.csv,"{""event_id"": 2760, ""handle"": ""iZu""}",fk_fd_ratio,0.88,0.88,True
Santiago event aggregate All/Both/Min rounds 0,https://www.vlr.gg/event/stats/2760?min_rounds=0,screenshots/audit-event-stats-stats.png,af42cc857e931b7560901e3efff73bbeb74b15b0ed4413395ec82b02d489b61d,player_event_stats.csv,"{""event_id"": 2760, ""handle"": ""iZu""}",hs_pct,40,40,True
Santiago event aggregate All/Both/Min rounds 0,https://www.vlr.gg/event/stats/2760?min_rounds=0,screenshots/audit-event-stats-stats.png,af42cc857e931b7560901e3efff73bbeb74b15b0ed4413395ec82b02d489b61d,player_event_stats.csv,"{""event_id"": 2760, ""handle"": ""iZu""}",clutch_pct,0,0,True
Santiago event aggregate All/Both/Min rounds 0,https://www.vlr.gg/event/stats/2760?min_rounds=0,screenshots/audit-event-stats-stats.png,af42cc857e931b7560901e3efff73bbeb74b15b0ed4413395ec82b02d489b61d,player_event_stats.csv,"{""event_id"": 2760, ""handle"": ""iZu""}",clutches_won,0,0,True
Santiago event aggregate All/Both/Min rounds 0,https://www.vlr.gg/event/stats/2760?min_rounds=0,screenshots/audit-event-stats-stats.png,af42cc857e931b7560901e3efff73bbeb74b15b0ed4413395ec82b02d489b61d,player_event_stats.csv,"{""event_id"": 2760, ""handle"": ""iZu""}",clutch_attempts,19,19,True
Santiago event aggregate All/Both/Min rounds 0,https://www.vlr.gg/event/stats/2760?min_rounds=0,screenshots/audit-event-stats-stats.png,af42cc857e931b7560901e3efff73bbeb74b15b0ed4413395ec82b02d489b61d,player_event_stats.csv,"{""event_id"": 2760, ""handle"": ""iZu""}",max_kills,29,29,True
Santiago event aggregate All/Both/Min rounds 0,https://www.vlr.gg/event/stats/2760?min_rounds=0,screenshots/audit-event-stats-stats.png,af42cc857e931b7560901e3efff73bbeb74b15b0ed4413395ec82b02d489b61d,player_event_stats.csv,"{""event_id"": 2760, ""handle"": ""iZu""}",kills,117,117,True
Santiago event aggregate All/Both/Min rounds 0,https://www.vlr.gg/event/stats/2760?min_rounds=0,screenshots/audit-event-stats-stats.png,af42cc857e931b7560901e3efff73bbeb74b15b0ed4413395ec82b02d489b61d,player_event_stats.csv,"{""event_id"": 2760, ""handle"": ""iZu""}",deaths,94,94,True
Santiago event aggregate All/Both/Min rounds 0,https://www.vlr.gg/event/stats/2760?min_rounds=0,screenshots/audit-event-stats-stats.png,af42cc857e931b7560901e3efff73bbeb74b15b0ed4413395ec82b02d489b61d,player_event_stats.csv,"{""event_id"": 2760, ""handle"": ""iZu""}",assists,29,29,True
China Stage 1 discrepant-round Pearl,https://www.vlr.gg/642919/bilibili-gaming-vs-tyloo-vct-2026-china-stage-1-w1/?game=257941,screenshots/audit-china-pearl-stats.png,d21fd8b53b45c9d5c951aebe4526041964f24c2ab5267f1cdcbdf3442db154d5,map_outcomes.csv,"{""map_id"": 257941, ""match_id"": 642919}",map_name,Pearl,Pearl,True
China Stage 1 discrepant-round Pearl,https://www.vlr.gg/642919/bilibili-gaming-vs-tyloo-vct-2026-china-stage-1-w1/?game=257941,screenshots/audit-china-pearl-stats.png,d21fd8b53b45c9d5c951aebe4526041964f24c2ab5267f1cdcbdf3442db154d5,map_outcomes.csv,"{""map_id"": 257941, ""match_id"": 642919}",team1_rounds,13,13,True
China Stage 1 discrepant-round Pearl,https://www.vlr.gg/642919/bilibili-gaming-vs-tyloo-vct-2026-china-stage-1-w1/?game=257941,screenshots/audit-china-pearl-stats.png,d21fd8b53b45c9d5c951aebe4526041964f24c2ab5267f1cdcbdf3442db154d5,map_outcomes.csv,"{""map_id"": 257941, ""match_id"": 642919}",team2_rounds,3,3,True
China Stage 1 discrepant-round Pearl,https://www.vlr.gg/642919/bilibili-gaming-vs-tyloo-vct-2026-china-stage-1-w1/?game=257941,screenshots/audit-china-pearl-stats.png,d21fd8b53b45c9d5c951aebe4526041964f24c2ab5267f1cdcbdf3442db154d5,map_outcomes.csv,"{""map_id"": 257941, ""match_id"": 642919}",rounds,16,16,True
China Stage 1 discrepant-round Pearl,https://www.vlr.gg/642919/bilibili-gaming-vs-tyloo-vct-2026-china-stage-1-w1/?game=257941,screenshots/audit-china-pearl-stats.png,d21fd8b53b45c9d5c951aebe4526041964f24c2ab5267f1cdcbdf3442db154d5,player_map_stats.csv,"{""handle"": ""whzy"", ""map_id"": 257941, ""match_id"": 642919}",vlr_rating,1.54,1.54,True
China Stage 1 discrepant-round Pearl,https://www.vlr.gg/642919/bilibili-gaming-vs-tyloo-vct-2026-china-stage-1-w1/?game=257941,screenshots/audit-china-pearl-stats.png,d21fd8b53b45c9d5c951aebe4526041964f24c2ab5267f1cdcbdf3442db154d5,player_map_stats.csv,"{""handle"": ""whzy"", ""map_id"": 257941, ""match_id"": 642919}",acs,374,374,True
China Stage 1 discrepant-round Pearl,https://www.vlr.gg/642919/bilibili-gaming-vs-tyloo-vct-2026-china-stage-1-w1/?game=257941,screenshots/audit-china-pearl-stats.png,d21fd8b53b45c9d5c951aebe4526041964f24c2ab5267f1cdcbdf3442db154d5,player_map_stats.csv,"{""handle"": ""whzy"", ""map_id"": 257941, ""match_id"": 642919}",kills,23,23,True
China Stage 1 discrepant-round Pearl,https://www.vlr.gg/642919/bilibili-gaming-vs-tyloo-vct-2026-china-stage-1-w1/?game=257941,screenshots/audit-china-pearl-stats.png,d21fd8b53b45c9d5c951aebe4526041964f24c2ab5267f1cdcbdf3442db154d5,player_map_stats.csv,"{""handle"": ""whzy"", ""map_id"": 257941, ""match_id"": 642919}",deaths,12,12,True
China Stage 1 discrepant-round Pearl,https://www.vlr.gg/642919/bilibili-gaming-vs-tyloo-vct-2026-china-stage-1-w1/?game=257941,screenshots/audit-china-pearl-stats.png,d21fd8b53b45c9d5c951aebe4526041964f24c2ab5267f1cdcbdf3442db154d5,player_map_stats.csv,"{""handle"": ""whzy"", ""map_id"": 257941, ""match_id"": 642919}",assists,4,4,True
China Stage 1 discrepant-round Pearl,https://www.vlr.gg/642919/bilibili-gaming-vs-tyloo-vct-2026-china-stage-1-w1/?game=257941,screenshots/audit-china-pearl-stats.png,d21fd8b53b45c9d5c951aebe4526041964f24c2ab5267f1cdcbdf3442db154d5,player_map_stats.csv,"{""handle"": ""whzy"", ""map_id"": 257941, ""match_id"": 642919}",kast_pct,94,94,True
China Stage 1 discrepant-round Pearl,https://www.vlr.gg/642919/bilibili-gaming-vs-tyloo-vct-2026-china-stage-1-w1/?game=257941,screenshots/audit-china-pearl-stats.png,d21fd8b53b45c9d5c951aebe4526041964f24c2ab5267f1cdcbdf3442db154d5,player_map_stats.csv,"{""handle"": ""whzy"", ""map_id"": 257941, ""match_id"": 642919}",adr,222,222,True
China Stage 1 discrepant-round Pearl,https://www.vlr.gg/642919/bilibili-gaming-vs-tyloo-vct-2026-china-stage-1-w1/?game=257941,screenshots/audit-china-pearl-stats.png,d21fd8b53b45c9d5c951aebe4526041964f24c2ab5267f1cdcbdf3442db154d5,player_map_stats.csv,"{""handle"": ""whzy"", ""map_id"": 257941, ""match_id"": 642919}",hs_pct,21,21,True
China Stage 1 discrepant-round Pearl,https://www.vlr.gg/642919/bilibili-gaming-vs-tyloo-vct-2026-china-stage-1-w1/?game=257941,screenshots/audit-china-pearl-stats.png,d21fd8b53b45c9d5c951aebe4526041964f24c2ab5267f1cdcbdf3442db154d5,player_map_stats.csv,"{""handle"": ""whzy"", ""map_id"": 257941, ""match_id"": 642919}",first_kills,5,5,True
China Stage 1 discrepant-round Pearl,https://www.vlr.gg/642919/bilibili-gaming-vs-tyloo-vct-2026-china-stage-1-w1/?game=257941,screenshots/audit-china-pearl-stats.png,d21fd8b53b45c9d5c951aebe4526041964f24c2ab5267f1cdcbdf3442db154d5,player_map_stats.csv,"{""handle"": ""whzy"", ""map_id"": 257941, ""match_id"": 642919}",first_deaths,1,1,True
China Stage 1 discrepant-round Pearl,https://www.vlr.gg/642919/bilibili-gaming-vs-tyloo-vct-2026-china-stage-1-w1/?game=257941,screenshots/audit-china-pearl-stats.png,d21fd8b53b45c9d5c951aebe4526041964f24c2ab5267f1cdcbdf3442db154d5,player_map_stats.csv,"{""handle"": ""nephh"", ""map_id"": 257941, ""match_id"": 642919}",vlr_rating,1.51,1.51,True
China Stage 1 discrepant-round Pearl,https://www.vlr.gg/642919/bilibili-gaming-vs-tyloo-vct-2026-china-stage-1-w1/?game=257941,screenshots/audit-china-pearl-stats.png,d21fd8b53b45c9d5c951aebe4526041964f24c2ab5267f1cdcbdf3442db154d5,player_map_stats.csv,"{""handle"": ""nephh"", ""map_id"": 257941, ""match_id"": 642919}",acs,262,262,True
China Stage 1 discrepant-round Pearl,https://www.vlr.gg/642919/bilibili-gaming-vs-tyloo-vct-2026-china-stage-1-w1/?game=257941,screenshots/audit-china-pearl-stats.png,d21fd8b53b45c9d5c951aebe4526041964f24c2ab5267f1cdcbdf3442db154d5,player_map_stats.csv,"{""handle"": ""nephh"", ""map_id"": 257941, ""match_id"": 642919}",kills,16,16,True
China Stage 1 discrepant-round Pearl,https://www.vlr.gg/642919/bilibili-gaming-vs-tyloo-vct-2026-china-stage-1-w1/?game=257941,screenshots/audit-china-pearl-stats.png,d21fd8b53b45c9d5c951aebe4526041964f24c2ab5267f1cdcbdf3442db154d5,player_map_stats.csv,"{""handle"": ""nephh"", ""map_id"": 257941, ""match_id"": 642919}",deaths,7,7,True
China Stage 1 discrepant-round Pearl,https://www.vlr.gg/642919/bilibili-gaming-vs-tyloo-vct-2026-china-stage-1-w1/?game=257941,screenshots/audit-china-pearl-stats.png,d21fd8b53b45c9d5c951aebe4526041964f24c2ab5267f1cdcbdf3442db154d5,player_map_stats.csv,"{""handle"": ""nephh"", ""map_id"": 257941, ""match_id"": 642919}",assists,3,3,True
China Stage 1 discrepant-round Pearl,https://www.vlr.gg/642919/bilibili-gaming-vs-tyloo-vct-2026-china-stage-1-w1/?game=257941,screenshots/audit-china-pearl-stats.png,d21fd8b53b45c9d5c951aebe4526041964f24c2ab5267f1cdcbdf3442db154d5,player_map_stats.csv,"{""handle"": ""nephh"", ""map_id"": 257941, ""match_id"": 642919}",kast_pct,82,82,True
China Stage 1 discrepant-round Pearl,https://www.vlr.gg/642919/bilibili-gaming-vs-tyloo-vct-2026-china-stage-1-w1/?game=257941,screenshots/audit-china-pearl-stats.png,d21fd8b53b45c9d5c951aebe4526041964f24c2ab5267f1cdcbdf3442db154d5,player_map_stats.csv,"{""handle"": ""nephh"", ""map_id"": 257941, ""match_id"": 642919}",adr,168,168,True
China Stage 1 discrepant-round Pearl,https://www.vlr.gg/642919/bilibili-gaming-vs-tyloo-vct-2026-china-stage-1-w1/?game=257941,screenshots/audit-china-pearl-stats.png,d21fd8b53b45c9d5c951aebe4526041964f24c2ab5267f1cdcbdf3442db154d5,player_map_stats.csv,"{""handle"": ""nephh"", ""map_id"": 257941, ""match_id"": 642919}",hs_pct,29,29,True
China Stage 1 discrepant-round Pearl,https://www.vlr.gg/642919/bilibili-gaming-vs-tyloo-vct-2026-china-stage-1-w1/?game=257941,screenshots/audit-china-pearl-stats.png,d21fd8b53b45c9d5c951aebe4526041964f24c2ab5267f1cdcbdf3442db154d5,player_map_stats.csv,"{""handle"": ""nephh"", ""map_id"": 257941, ""match_id"": 642919}",first_kills,2,2,True
China Stage 1 discrepant-round Pearl,https://www.vlr.gg/642919/bilibili-gaming-vs-tyloo-vct-2026-china-stage-1-w1/?game=257941,screenshots/audit-china-pearl-stats.png,d21fd8b53b45c9d5c951aebe4526041964f24c2ab5267f1cdcbdf3442db154d5,player_map_stats.csv,"{""handle"": ""nephh"", ""map_id"": 257941, ""match_id"": 642919}",first_deaths,1,1,True
China Stage 1 discrepant-round Pearl,https://www.vlr.gg/642919/bilibili-gaming-vs-tyloo-vct-2026-china-stage-1-w1/?game=257941,screenshots/audit-china-pearl-stats.png,d21fd8b53b45c9d5c951aebe4526041964f24c2ab5267f1cdcbdf3442db154d5,player_map_stats.csv,"{""handle"": ""Knight"", ""map_id"": 257941, ""match_id"": 642919}",vlr_rating,1.27,1.27,True
China Stage 1 discrepant-round Pearl,https://www.vlr.gg/642919/bilibili-gaming-vs-tyloo-vct-2026-china-stage-1-w1/?game=257941,screenshots/audit-china-pearl-stats.png,d21fd8b53b45c9d5c951aebe4526041964f24c2ab5267f1cdcbdf3442db154d5,player_map_stats.csv,"{""handle"": ""Knight"", ""map_id"": 257941, ""match_id"": 642919}",acs,197,197,True
China Stage 1 discrepant-round Pearl,https://www.vlr.gg/642919/bilibili-gaming-vs-tyloo-vct-2026-china-stage-1-w1/?game=257941,screenshots/audit-china-pearl-stats.png,d21fd8b53b45c9d5c951aebe4526041964f24c2ab5267f1cdcbdf3442db154d5,player_map_stats.csv,"{""handle"": ""Knight"", ""map_id"": 257941, ""match_id"": 642919}",kills,12,12,True
China Stage 1 discrepant-round Pearl,https://www.vlr.gg/642919/bilibili-gaming-vs-tyloo-vct-2026-china-stage-1-w1/?game=257941,screenshots/audit-china-pearl-stats.png,d21fd8b53b45c9d5c951aebe4526041964f24c2ab5267f1cdcbdf3442db154d5,player_map_stats.csv,"{""handle"": ""Knight"", ""map_id"": 257941, ""match_id"": 642919}",deaths,8,8,True
China Stage 1 discrepant-round Pearl,https://www.vlr.gg/642919/bilibili-gaming-vs-tyloo-vct-2026-china-stage-1-w1/?game=257941,screenshots/audit-china-pearl-stats.png,d21fd8b53b45c9d5c951aebe4526041964f24c2ab5267f1cdcbdf3442db154d5,player_map_stats.csv,"{""handle"": ""Knight"", ""map_id"": 257941, ""match_id"": 642919}",assists,7,7,True
China Stage 1 discrepant-round Pearl,https://www.vlr.gg/642919/bilibili-gaming-vs-tyloo-vct-2026-china-stage-1-w1/?game=257941,screenshots/audit-china-pearl-stats.png,d21fd8b53b45c9d5c951aebe4526041964f24c2ab5267f1cdcbdf3442db154d5,player_map_stats.csv,"{""handle"": ""Knight"", ""map_id"": 257941, ""match_id"": 642919}",kast_pct,82,82,True
China Stage 1 discrepant-round Pearl,https://www.vlr.gg/642919/bilibili-gaming-vs-tyloo-vct-2026-china-stage-1-w1/?game=257941,screenshots/audit-china-pearl-stats.png,d21fd8b53b45c9d5c951aebe4526041964f24c2ab5267f1cdcbdf3442db154d5,player_map_stats.csv,"{""handle"": ""Knight"", ""map_id"": 257941, ""match_id"": 642919}",adr,160,160,True
China Stage 1 discrepant-round Pearl,https://www.vlr.gg/642919/bilibili-gaming-vs-tyloo-vct-2026-china-stage-1-w1/?game=257941,screenshots/audit-china-pearl-stats.png,d21fd8b53b45c9d5c951aebe4526041964f24c2ab5267f1cdcbdf3442db154d5,player_map_stats.csv,"{""handle"": ""Knight"", ""map_id"": 257941, ""match_id"": 642919}",hs_pct,25,25,True
China Stage 1 discrepant-round Pearl,https://www.vlr.gg/642919/bilibili-gaming-vs-tyloo-vct-2026-china-stage-1-w1/?game=257941,screenshots/audit-china-pearl-stats.png,d21fd8b53b45c9d5c951aebe4526041964f24c2ab5267f1cdcbdf3442db154d5,player_map_stats.csv,"{""handle"": ""Knight"", ""map_id"": 257941, ""match_id"": 642919}",first_kills,0,0,True
China Stage 1 discrepant-round Pearl,https://www.vlr.gg/642919/bilibili-gaming-vs-tyloo-vct-2026-china-stage-1-w1/?game=257941,screenshots/audit-china-pearl-stats.png,d21fd8b53b45c9d5c951aebe4526041964f24c2ab5267f1cdcbdf3442db154d5,player_map_stats.csv,"{""handle"": ""Knight"", ""map_id"": 257941, ""match_id"": 642919}",first_deaths,0,0,True
China Stage 1 discrepant-round Pearl,https://www.vlr.gg/642919/bilibili-gaming-vs-tyloo-vct-2026-china-stage-1-w1/?game=257941,screenshots/audit-china-pearl-stats.png,d21fd8b53b45c9d5c951aebe4526041964f24c2ab5267f1cdcbdf3442db154d5,player_map_stats.csv,"{""handle"": ""rushia"", ""map_id"": 257941, ""match_id"": 642919}",vlr_rating,0.99,0.99,True
China Stage 1 discrepant-round Pearl,https://www.vlr.gg/642919/bilibili-gaming-vs-tyloo-vct-2026-china-stage-1-w1/?game=257941,screenshots/audit-china-pearl-stats.png,d21fd8b53b45c9d5c951aebe4526041964f24c2ab5267f1cdcbdf3442db154d5,player_map_stats.csv,"{""handle"": ""rushia"", ""map_id"": 257941, ""match_id"": 642919}",acs,212,212,True
China Stage 1 discrepant-round Pearl,https://www.vlr.gg/642919/bilibili-gaming-vs-tyloo-vct-2026-china-stage-1-w1/?game=257941,screenshots/audit-china-pearl-stats.png,d21fd8b53b45c9d5c951aebe4526041964f24c2ab5267f1cdcbdf3442db154d5,player_map_stats.csv,"{""handle"": ""rushia"", ""map_id"": 257941, ""match_id"": 642919}",kills,12,12,True
China Stage 1 discrepant-round Pearl,https://www.vlr.gg/642919/bilibili-gaming-vs-tyloo-vct-2026-china-stage-1-w1/?game=257941,screenshots/audit-china-pearl-stats.png,d21fd8b53b45c9d5c951aebe4526041964f24c2ab5267f1cdcbdf3442db154d5,player_map_stats.csv,"{""handle"": ""rushia"", ""map_id"": 257941, ""match_id"": 642919}",deaths,10,10,True
China Stage 1 discrepant-round Pearl,https://www.vlr.gg/642919/bilibili-gaming-vs-tyloo-vct-2026-china-stage-1-w1/?game=257941,screenshots/audit-china-pearl-stats.png,d21fd8b53b45c9d5c951aebe4526041964f24c2ab5267f1cdcbdf3442db154d5,player_map_stats.csv,"{""handle"": ""rushia"", ""map_id"": 257941, ""match_id"": 642919}",assists,4,4,True
China Stage 1 discrepant-round Pearl,https://www.vlr.gg/642919/bilibili-gaming-vs-tyloo-vct-2026-china-stage-1-w1/?game=257941,screenshots/audit-china-pearl-stats.png,d21fd8b53b45c9d5c951aebe4526041964f24c2ab5267f1cdcbdf3442db154d5,player_map_stats.csv,"{""handle"": ""rushia"", ""map_id"": 257941, ""match_id"": 642919}",kast_pct,76,76,True
China Stage 1 discrepant-round Pearl,https://www.vlr.gg/642919/bilibili-gaming-vs-tyloo-vct-2026-china-stage-1-w1/?game=257941,screenshots/audit-china-pearl-stats.png,d21fd8b53b45c9d5c951aebe4526041964f24c2ab5267f1cdcbdf3442db154d5,player_map_stats.csv,"{""handle"": ""rushia"", ""map_id"": 257941, ""match_id"": 642919}",adr,137,137,True
China Stage 1 discrepant-round Pearl,https://www.vlr.gg/642919/bilibili-gaming-vs-tyloo-vct-2026-china-stage-1-w1/?game=257941,screenshots/audit-china-pearl-stats.png,d21fd8b53b45c9d5c951aebe4526041964f24c2ab5267f1cdcbdf3442db154d5,player_map_stats.csv,"{""handle"": ""rushia"", ""map_id"": 257941, ""match_id"": 642919}",hs_pct,17,17,True
China Stage 1 discrepant-round Pearl,https://www.vlr.gg/642919/bilibili-gaming-vs-tyloo-vct-2026-china-stage-1-w1/?game=257941,screenshots/audit-china-pearl-stats.png,d21fd8b53b45c9d5c951aebe4526041964f24c2ab5267f1cdcbdf3442db154d5,player_map_stats.csv,"{""handle"": ""rushia"", ""map_id"": 257941, ""match_id"": 642919}",first_kills,0,0,True
China Stage 1 discrepant-round Pearl,https://www.vlr.gg/642919/bilibili-gaming-vs-tyloo-vct-2026-china-stage-1-w1/?game=257941,screenshots/audit-china-pearl-stats.png,d21fd8b53b45c9d5c951aebe4526041964f24c2ab5267f1cdcbdf3442db154d5,player_map_stats.csv,"{""handle"": ""rushia"", ""map_id"": 257941, ""match_id"": 642919}",first_deaths,1,1,True
China Stage 1 discrepant-round Pearl,https://www.vlr.gg/642919/bilibili-gaming-vs-tyloo-vct-2026-china-stage-1-w1/?game=257941,screenshots/audit-china-pearl-stats.png,d21fd8b53b45c9d5c951aebe4526041964f24c2ab5267f1cdcbdf3442db154d5,player_map_stats.csv,"{""handle"": ""yilai"", ""map_id"": 257941, ""match_id"": 642919}",vlr_rating,0.82,0.82,True
China Stage 1 discrepant-round Pearl,https://www.vlr.gg/642919/bilibili-gaming-vs-tyloo-vct-2026-china-stage-1-w1/?game=257941,screenshots/audit-china-pearl-stats.png,d21fd8b53b45c9d5c951aebe4526041964f24c2ab5267f1cdcbdf3442db154d5,player_map_stats.csv,"{""handle"": ""yilai"", ""map_id"": 257941, ""match_id"": 642919}",acs,219,219,True
China Stage 1 discrepant-round Pearl,https://www.vlr.gg/642919/bilibili-gaming-vs-tyloo-vct-2026-china-stage-1-w1/?game=257941,screenshots/audit-china-pearl-stats.png,d21fd8b53b45c9d5c951aebe4526041964f24c2ab5267f1cdcbdf3442db154d5,player_map_stats.csv,"{""handle"": ""yilai"", ""map_id"": 257941, ""match_id"": 642919}",kills,12,12,True
China Stage 1 discrepant-round Pearl,https://www.vlr.gg/642919/bilibili-gaming-vs-tyloo-vct-2026-china-stage-1-w1/?game=257941,screenshots/audit-china-pearl-stats.png,d21fd8b53b45c9d5c951aebe4526041964f24c2ab5267f1cdcbdf3442db154d5,player_map_stats.csv,"{""handle"": ""yilai"", ""map_id"": 257941, ""match_id"": 642919}",deaths,13,13,True
China Stage 1 discrepant-round Pearl,https://www.vlr.gg/642919/bilibili-gaming-vs-tyloo-vct-2026-china-stage-1-w1/?game=257941,screenshots/audit-china-pearl-stats.png,d21fd8b53b45c9d5c951aebe4526041964f24c2ab5267f1cdcbdf3442db154d5,player_map_stats.csv,"{""handle"": ""yilai"", ""map_id"": 257941, ""match_id"": 642919}",assists,8,8,True
China Stage 1 discrepant-round Pearl,https://www.vlr.gg/642919/bilibili-gaming-vs-tyloo-vct-2026-china-stage-1-w1/?game=257941,screenshots/audit-china-pearl-stats.png,d21fd8b53b45c9d5c951aebe4526041964f24c2ab5267f1cdcbdf3442db154d5,player_map_stats.csv,"{""handle"": ""yilai"", ""map_id"": 257941, ""match_id"": 642919}",kast_pct,82,82,True
China Stage 1 discrepant-round Pearl,https://www.vlr.gg/642919/bilibili-gaming-vs-tyloo-vct-2026-china-stage-1-w1/?game=257941,screenshots/audit-china-pearl-stats.png,d21fd8b53b45c9d5c951aebe4526041964f24c2ab5267f1cdcbdf3442db154d5,player_map_stats.csv,"{""handle"": ""yilai"", ""map_id"": 257941, ""match_id"": 642919}",adr,135,135,True
China Stage 1 discrepant-round Pearl,https://www.vlr.gg/642919/bilibili-gaming-vs-tyloo-vct-2026-china-stage-1-w1/?game=257941,screenshots/audit-china-pearl-stats.png,d21fd8b53b45c9d5c951aebe4526041964f24c2ab5267f1cdcbdf3442db154d5,player_map_stats.csv,"{""handle"": ""yilai"", ""map_id"": 257941, ""match_id"": 642919}",hs_pct,16,16,True
China Stage 1 discrepant-round Pearl,https://www.vlr.gg/642919/bilibili-gaming-vs-tyloo-vct-2026-china-stage-1-w1/?game=257941,screenshots/audit-china-pearl-stats.png,d21fd8b53b45c9d5c951aebe4526041964f24c2ab5267f1cdcbdf3442db154d5,player_map_stats.csv,"{""handle"": ""yilai"", ""map_id"": 257941, ""match_id"": 642919}",first_kills,4,4,True
China Stage 1 discrepant-round Pearl,https://www.vlr.gg/642919/bilibili-gaming-vs-tyloo-vct-2026-china-stage-1-w1/?game=257941,screenshots/audit-china-pearl-stats.png,d21fd8b53b45c9d5c951aebe4526041964f24c2ab5267f1cdcbdf3442db154d5,player_map_stats.csv,"{""handle"": ""yilai"", ""map_id"": 257941, ""match_id"": 642919}",first_deaths,2,2,True
China Stage 1 discrepant-round Pearl,https://www.vlr.gg/642919/bilibili-gaming-vs-tyloo-vct-2026-china-stage-1-w1/?game=257941,screenshots/audit-china-pearl-stats.png,d21fd8b53b45c9d5c951aebe4526041964f24c2ab5267f1cdcbdf3442db154d5,player_map_stats.csv,"{""handle"": ""splash"", ""map_id"": 257941, ""match_id"": 642919}",vlr_rating,1.37,1.37,True
China Stage 1 discrepant-round Pearl,https://www.vlr.gg/642919/bilibili-gaming-vs-tyloo-vct-2026-china-stage-1-w1/?game=257941,screenshots/audit-china-pearl-stats.png,d21fd8b53b45c9d5c951aebe4526041964f24c2ab5267f1cdcbdf3442db154d5,player_map_stats.csv,"{""handle"": ""splash"", ""map_id"": 257941, ""match_id"": 642919}",acs,300,300,True
China Stage 1 discrepant-round Pearl,https://www.vlr.gg/642919/bilibili-gaming-vs-tyloo-vct-2026-china-stage-1-w1/?game=257941,screenshots/audit-china-pearl-stats.png,d21fd8b53b45c9d5c951aebe4526041964f24c2ab5267f1cdcbdf3442db154d5,player_map_stats.csv,"{""handle"": ""splash"", ""map_id"": 257941, ""match_id"": 642919}",kills,16,16,True
China Stage 1 discrepant-round Pearl,https://www.vlr.gg/642919/bilibili-gaming-vs-tyloo-vct-2026-china-stage-1-w1/?game=257941,screenshots/audit-china-pearl-stats.png,d21fd8b53b45c9d5c951aebe4526041964f24c2ab5267f1cdcbdf3442db154d5,player_map_stats.csv,"{""handle"": ""splash"", ""map_id"": 257941, ""match_id"": 642919}",deaths,14,14,True
China Stage 1 discrepant-round Pearl,https://www.vlr.gg/642919/bilibili-gaming-vs-tyloo-vct-2026-china-stage-1-w1/?game=257941,screenshots/audit-china-pearl-stats.png,d21fd8b53b45c9d5c951aebe4526041964f24c2ab5267f1cdcbdf3442db154d5,player_map_stats.csv,"{""handle"": ""splash"", ""map_id"": 257941, ""match_id"": 642919}",assists,4,4,True
China Stage 1 discrepant-round Pearl,https://www.vlr.gg/642919/bilibili-gaming-vs-tyloo-vct-2026-china-stage-1-w1/?game=257941,screenshots/audit-china-pearl-stats.png,d21fd8b53b45c9d5c951aebe4526041964f24c2ab5267f1cdcbdf3442db154d5,player_map_stats.csv,"{""handle"": ""splash"", ""map_id"": 257941, ""match_id"": 642919}",kast_pct,82,82,True
China Stage 1 discrepant-round Pearl,https://www.vlr.gg/642919/bilibili-gaming-vs-tyloo-vct-2026-china-stage-1-w1/?game=257941,screenshots/audit-china-pearl-stats.png,d21fd8b53b45c9d5c951aebe4526041964f24c2ab5267f1cdcbdf3442db154d5,player_map_stats.csv,"{""handle"": ""splash"", ""map_id"": 257941, ""match_id"": 642919}",adr,180,180,True
China Stage 1 discrepant-round Pearl,https://www.vlr.gg/642919/bilibili-gaming-vs-tyloo-vct-2026-china-stage-1-w1/?game=257941,screenshots/audit-china-pearl-stats.png,d21fd8b53b45c9d5c951aebe4526041964f24c2ab5267f1cdcbdf3442db154d5,player_map_stats.csv,"{""handle"": ""splash"", ""map_id"": 257941, ""match_id"": 642919}",hs_pct,21,21,True
China Stage 1 discrepant-round Pearl,https://www.vlr.gg/642919/bilibili-gaming-vs-tyloo-vct-2026-china-stage-1-w1/?game=257941,screenshots/audit-china-pearl-stats.png,d21fd8b53b45c9d5c951aebe4526041964f24c2ab5267f1cdcbdf3442db154d5,player_map_stats.csv,"{""handle"": ""splash"", ""map_id"": 257941, ""match_id"": 642919}",first_kills,1,1,True
China Stage 1 discrepant-round Pearl,https://www.vlr.gg/642919/bilibili-gaming-vs-tyloo-vct-2026-china-stage-1-w1/?game=257941,screenshots/audit-china-pearl-stats.png,d21fd8b53b45c9d5c951aebe4526041964f24c2ab5267f1cdcbdf3442db154d5,player_map_stats.csv,"{""handle"": ""splash"", ""map_id"": 257941, ""match_id"": 642919}",first_deaths,4,4,True
China Stage 1 discrepant-round Pearl,https://www.vlr.gg/642919/bilibili-gaming-vs-tyloo-vct-2026-china-stage-1-w1/?game=257941,screenshots/audit-china-pearl-stats.png,d21fd8b53b45c9d5c951aebe4526041964f24c2ab5267f1cdcbdf3442db154d5,player_map_stats.csv,"{""handle"": ""Erv"", ""map_id"": 257941, ""match_id"": 642919}",vlr_rating,0.79,0.79,True
China Stage 1 discrepant-round Pearl,https://www.vlr.gg/642919/bilibili-gaming-vs-tyloo-vct-2026-china-stage-1-w1/?game=257941,screenshots/audit-china-pearl-stats.png,d21fd8b53b45c9d5c951aebe4526041964f24c2ab5267f1cdcbdf3442db154d5,player_map_stats.csv,"{""handle"": ""Erv"", ""map_id"": 257941, ""match_id"": 642919}",acs,167,167,True
China Stage 1 discrepant-round Pearl,https://www.vlr.gg/642919/bilibili-gaming-vs-tyloo-vct-2026-china-stage-1-w1/?game=257941,screenshots/audit-china-pearl-stats.png,d21fd8b53b45c9d5c951aebe4526041964f24c2ab5267f1cdcbdf3442db154d5,player_map_stats.csv,"{""handle"": ""Erv"", ""map_id"": 257941, ""match_id"": 642919}",kills,8,8,True
China Stage 1 discrepant-round Pearl,https://www.vlr.gg/642919/bilibili-gaming-vs-tyloo-vct-2026-china-stage-1-w1/?game=257941,screenshots/audit-china-pearl-stats.png,d21fd8b53b45c9d5c951aebe4526041964f24c2ab5267f1cdcbdf3442db154d5,player_map_stats.csv,"{""handle"": ""Erv"", ""map_id"": 257941, ""match_id"": 642919}",deaths,15,15,True
China Stage 1 discrepant-round Pearl,https://www.vlr.gg/642919/bilibili-gaming-vs-tyloo-vct-2026-china-stage-1-w1/?game=257941,screenshots/audit-china-pearl-stats.png,d21fd8b53b45c9d5c951aebe4526041964f24c2ab5267f1cdcbdf3442db154d5,player_map_stats.csv,"{""handle"": ""Erv"", ""map_id"": 257941, ""match_id"": 642919}",assists,9,9,True
China Stage 1 discrepant-round Pearl,https://www.vlr.gg/642919/bilibili-gaming-vs-tyloo-vct-2026-china-stage-1-w1/?game=257941,screenshots/audit-china-pearl-stats.png,d21fd8b53b45c9d5c951aebe4526041964f24c2ab5267f1cdcbdf3442db154d5,player_map_stats.csv,"{""handle"": ""Erv"", ""map_id"": 257941, ""match_id"": 642919}",kast_pct,71,71,True
China Stage 1 discrepant-round Pearl,https://www.vlr.gg/642919/bilibili-gaming-vs-tyloo-vct-2026-china-stage-1-w1/?game=257941,screenshots/audit-china-pearl-stats.png,d21fd8b53b45c9d5c951aebe4526041964f24c2ab5267f1cdcbdf3442db154d5,player_map_stats.csv,"{""handle"": ""Erv"", ""map_id"": 257941, ""match_id"": 642919}",adr,115,115,True
China Stage 1 discrepant-round Pearl,https://www.vlr.gg/642919/bilibili-gaming-vs-tyloo-vct-2026-china-stage-1-w1/?game=257941,screenshots/audit-china-pearl-stats.png,d21fd8b53b45c9d5c951aebe4526041964f24c2ab5267f1cdcbdf3442db154d5,player_map_stats.csv,"{""handle"": ""Erv"", ""map_id"": 257941, ""match_id"": 642919}",hs_pct,21,21,True
China Stage 1 discrepant-round Pearl,https://www.vlr.gg/642919/bilibili-gaming-vs-tyloo-vct-2026-china-stage-1-w1/?game=257941,screenshots/audit-china-pearl-stats.png,d21fd8b53b45c9d5c951aebe4526041964f24c2ab5267f1cdcbdf3442db154d5,player_map_stats.csv,"{""handle"": ""Erv"", ""map_id"": 257941, ""match_id"": 642919}",first_kills,1,1,True
China Stage 1 discrepant-round Pearl,https://www.vlr.gg/642919/bilibili-gaming-vs-tyloo-vct-2026-china-stage-1-w1/?game=257941,screenshots/audit-china-pearl-stats.png,d21fd8b53b45c9d5c951aebe4526041964f24c2ab5267f1cdcbdf3442db154d5,player_map_stats.csv,"{""handle"": ""Erv"", ""map_id"": 257941, ""match_id"": 642919}",first_deaths,0,0,True
China Stage 1 discrepant-round Pearl,https://www.vlr.gg/642919/bilibili-gaming-vs-tyloo-vct-2026-china-stage-1-w1/?game=257941,screenshots/audit-china-pearl-stats.png,d21fd8b53b45c9d5c951aebe4526041964f24c2ab5267f1cdcbdf3442db154d5,player_map_stats.csv,"{""handle"": ""sword9"", ""map_id"": 257941, ""match_id"": 642919}",vlr_rating,0.71,0.71,True
China Stage 1 discrepant-round Pearl,https://www.vlr.gg/642919/bilibili-gaming-vs-tyloo-vct-2026-china-stage-1-w1/?game=257941,screenshots/audit-china-pearl-stats.png,d21fd8b53b45c9d5c951aebe4526041964f24c2ab5267f1cdcbdf3442db154d5,player_map_stats.csv,"{""handle"": ""sword9"", ""map_id"": 257941, ""match_id"": 642919}",acs,158,158,True
China Stage 1 discrepant-round Pearl,https://www.vlr.gg/642919/bilibili-gaming-vs-tyloo-vct-2026-china-stage-1-w1/?game=257941,screenshots/audit-china-pearl-stats.png,d21fd8b53b45c9d5c951aebe4526041964f24c2ab5267f1cdcbdf3442db154d5,player_map_stats.csv,"{""handle"": ""sword9"", ""map_id"": 257941, ""match_id"": 642919}",kills,9,9,True
China Stage 1 discrepant-round Pearl,https://www.vlr.gg/642919/bilibili-gaming-vs-tyloo-vct-2026-china-stage-1-w1/?game=257941,screenshots/audit-china-pearl-stats.png,d21fd8b53b45c9d5c951aebe4526041964f24c2ab5267f1cdcbdf3442db154d5,player_map_stats.csv,"{""handle"": ""sword9"", ""map_id"": 257941, ""match_id"": 642919}",deaths,15,15,True
China Stage 1 discrepant-round Pearl,https://www.vlr.gg/642919/bilibili-gaming-vs-tyloo-vct-2026-china-stage-1-w1/?game=257941,screenshots/audit-china-pearl-stats.png,d21fd8b53b45c9d5c951aebe4526041964f24c2ab5267f1cdcbdf3442db154d5,player_map_stats.csv,"{""handle"": ""sword9"", ""map_id"": 257941, ""match_id"": 642919}",assists,5,5,True
China Stage 1 discrepant-round Pearl,https://www.vlr.gg/642919/bilibili-gaming-vs-tyloo-vct-2026-china-stage-1-w1/?game=257941,screenshots/audit-china-pearl-stats.png,d21fd8b53b45c9d5c951aebe4526041964f24c2ab5267f1cdcbdf3442db154d5,player_map_stats.csv,"{""handle"": ""sword9"", ""map_id"": 257941, ""match_id"": 642919}",kast_pct,65,65,True
China Stage 1 discrepant-round Pearl,https://www.vlr.gg/642919/bilibili-gaming-vs-tyloo-vct-2026-china-stage-1-w1/?game=257941,screenshots/audit-china-pearl-stats.png,d21fd8b53b45c9d5c951aebe4526041964f24c2ab5267f1cdcbdf3442db154d5,player_map_stats.csv,"{""handle"": ""sword9"", ""map_id"": 257941, ""match_id"": 642919}",adr,113,113,True
China Stage 1 discrepant-round Pearl,https://www.vlr.gg/642919/bilibili-gaming-vs-tyloo-vct-2026-china-stage-1-w1/?game=257941,screenshots/audit-china-pearl-stats.png,d21fd8b53b45c9d5c951aebe4526041964f24c2ab5267f1cdcbdf3442db154d5,player_map_stats.csv,"{""handle"": ""sword9"", ""map_id"": 257941, ""match_id"": 642919}",hs_pct,40,40,True
China Stage 1 discrepant-round Pearl,https://www.vlr.gg/642919/bilibili-gaming-vs-tyloo-vct-2026-china-stage-1-w1/?game=257941,screenshots/audit-china-pearl-stats.png,d21fd8b53b45c9d5c951aebe4526041964f24c2ab5267f1cdcbdf3442db154d5,player_map_stats.csv,"{""handle"": ""sword9"", ""map_id"": 257941, ""match_id"": 642919}",first_kills,0,0,True
China Stage 1 discrepant-round Pearl,https://www.vlr.gg/642919/bilibili-gaming-vs-tyloo-vct-2026-china-stage-1-w1/?game=257941,screenshots/audit-china-pearl-stats.png,d21fd8b53b45c9d5c951aebe4526041964f24c2ab5267f1cdcbdf3442db154d5,player_map_stats.csv,"{""handle"": ""sword9"", ""map_id"": 257941, ""match_id"": 642919}",first_deaths,2,2,True
China Stage 1 discrepant-round Pearl,https://www.vlr.gg/642919/bilibili-gaming-vs-tyloo-vct-2026-china-stage-1-w1/?game=257941,screenshots/audit-china-pearl-stats.png,d21fd8b53b45c9d5c951aebe4526041964f24c2ab5267f1cdcbdf3442db154d5,player_map_stats.csv,"{""handle"": ""Scales"", ""map_id"": 257941, ""match_id"": 642919}",vlr_rating,0.7,0.7,True
China Stage 1 discrepant-round Pearl,https://www.vlr.gg/642919/bilibili-gaming-vs-tyloo-vct-2026-china-stage-1-w1/?game=257941,screenshots/audit-china-pearl-stats.png,d21fd8b53b45c9d5c951aebe4526041964f24c2ab5267f1cdcbdf3442db154d5,player_map_stats.csv,"{""handle"": ""Scales"", ""map_id"": 257941, ""match_id"": 642919}",acs,169,169,True
China Stage 1 discrepant-round Pearl,https://www.vlr.gg/642919/bilibili-gaming-vs-tyloo-vct-2026-china-stage-1-w1/?game=257941,screenshots/audit-china-pearl-stats.png,d21fd8b53b45c9d5c951aebe4526041964f24c2ab5267f1cdcbdf3442db154d5,player_map_stats.csv,"{""handle"": ""Scales"", ""map_id"": 257941, ""match_id"": 642919}",kills,9,9,True
China Stage 1 discrepant-round Pearl,https://www.vlr.gg/642919/bilibili-gaming-vs-tyloo-vct-2026-china-stage-1-w1/?game=257941,screenshots/audit-china-pearl-stats.png,d21fd8b53b45c9d5c951aebe4526041964f24c2ab5267f1cdcbdf3442db154d5,player_map_stats.csv,"{""handle"": ""Scales"", ""map_id"": 257941, ""match_id"": 642919}",deaths,15,15,True
China Stage 1 discrepant-round Pearl,https://www.vlr.gg/642919/bilibili-gaming-vs-tyloo-vct-2026-china-stage-1-w1/?game=257941,screenshots/audit-china-pearl-stats.png,d21fd8b53b45c9d5c951aebe4526041964f24c2ab5267f1cdcbdf3442db154d5,player_map_stats.csv,"{""handle"": ""Scales"", ""map_id"": 257941, ""match_id"": 642919}",assists,4,4,True
China Stage 1 discrepant-round Pearl,https://www.vlr.gg/642919/bilibili-gaming-vs-tyloo-vct-2026-china-stage-1-w1/?game=257941,screenshots/audit-china-pearl-stats.png,d21fd8b53b45c9d5c951aebe4526041964f24c2ab5267f1cdcbdf3442db154d5,player_map_stats.csv,"{""handle"": ""Scales"", ""map_id"": 257941, ""match_id"": 642919}",kast_pct,71,71,True
China Stage 1 discrepant-round Pearl,https://www.vlr.gg/642919/bilibili-gaming-vs-tyloo-vct-2026-china-stage-1-w1/?game=257941,screenshots/audit-china-pearl-stats.png,d21fd8b53b45c9d5c951aebe4526041964f24c2ab5267f1cdcbdf3442db154d5,player_map_stats.csv,"{""handle"": ""Scales"", ""map_id"": 257941, ""match_id"": 642919}",adr,113,113,True
China Stage 1 discrepant-round Pearl,https://www.vlr.gg/642919/bilibili-gaming-vs-tyloo-vct-2026-china-stage-1-w1/?game=257941,screenshots/audit-china-pearl-stats.png,d21fd8b53b45c9d5c951aebe4526041964f24c2ab5267f1cdcbdf3442db154d5,player_map_stats.csv,"{""handle"": ""Scales"", ""map_id"": 257941, ""match_id"": 642919}",hs_pct,33,33,True
China Stage 1 discrepant-round Pearl,https://www.vlr.gg/642919/bilibili-gaming-vs-tyloo-vct-2026-china-stage-1-w1/?game=257941,screenshots/audit-china-pearl-stats.png,d21fd8b53b45c9d5c951aebe4526041964f24c2ab5267f1cdcbdf3442db154d5,player_map_stats.csv,"{""handle"": ""Scales"", ""map_id"": 257941, ""match_id"": 642919}",first_kills,3,3,True
China Stage 1 discrepant-round Pearl,https://www.vlr.gg/642919/bilibili-gaming-vs-tyloo-vct-2026-china-stage-1-w1/?game=257941,screenshots/audit-china-pearl-stats.png,d21fd8b53b45c9d5c951aebe4526041964f24c2ab5267f1cdcbdf3442db154d5,player_map_stats.csv,"{""handle"": ""Scales"", ""map_id"": 257941, ""match_id"": 642919}",first_deaths,2,2,True
China Stage 1 discrepant-round Pearl,https://www.vlr.gg/642919/bilibili-gaming-vs-tyloo-vct-2026-china-stage-1-w1/?game=257941,screenshots/audit-china-pearl-stats.png,d21fd8b53b45c9d5c951aebe4526041964f24c2ab5267f1cdcbdf3442db154d5,player_map_stats.csv,"{""handle"": ""slowly"", ""map_id"": 257941, ""match_id"": 642919}",vlr_rating,0.6,0.6,True
China Stage 1 discrepant-round Pearl,https://www.vlr.gg/642919/bilibili-gaming-vs-tyloo-vct-2026-china-stage-1-w1/?game=257941,screenshots/audit-china-pearl-stats.png,d21fd8b53b45c9d5c951aebe4526041964f24c2ab5267f1cdcbdf3442db154d5,player_map_stats.csv,"{""handle"": ""slowly"", ""map_id"": 257941, ""match_id"": 642919}",acs,160,160,True
China Stage 1 discrepant-round Pearl,https://www.vlr.gg/642919/bilibili-gaming-vs-tyloo-vct-2026-china-stage-1-w1/?game=257941,screenshots/audit-china-pearl-stats.png,d21fd8b53b45c9d5c951aebe4526041964f24c2ab5267f1cdcbdf3442db154d5,player_map_stats.csv,"{""handle"": ""slowly"", ""map_id"": 257941, ""match_id"": 642919}",kills,8,8,True
China Stage 1 discrepant-round Pearl,https://www.vlr.gg/642919/bilibili-gaming-vs-tyloo-vct-2026-china-stage-1-w1/?game=257941,screenshots/audit-china-pearl-stats.png,d21fd8b53b45c9d5c951aebe4526041964f24c2ab5267f1cdcbdf3442db154d5,player_map_stats.csv,"{""handle"": ""slowly"", ""map_id"": 257941, ""match_id"": 642919}",deaths,16,16,True
China Stage 1 discrepant-round Pearl,https://www.vlr.gg/642919/bilibili-gaming-vs-tyloo-vct-2026-china-stage-1-w1/?game=257941,screenshots/audit-china-pearl-stats.png,d21fd8b53b45c9d5c951aebe4526041964f24c2ab5267f1cdcbdf3442db154d5,player_map_stats.csv,"{""handle"": ""slowly"", ""map_id"": 257941, ""match_id"": 642919}",assists,2,2,True
China Stage 1 discrepant-round Pearl,https://www.vlr.gg/642919/bilibili-gaming-vs-tyloo-vct-2026-china-stage-1-w1/?game=257941,screenshots/audit-china-pearl-stats.png,d21fd8b53b45c9d5c951aebe4526041964f24c2ab5267f1cdcbdf3442db154d5,player_map_stats.csv,"{""handle"": ""slowly"", ""map_id"": 257941, ""match_id"": 642919}",kast_pct,47,47,True
China Stage 1 discrepant-round Pearl,https://www.vlr.gg/642919/bilibili-gaming-vs-tyloo-vct-2026-china-stage-1-w1/?game=257941,screenshots/audit-china-pearl-stats.png,d21fd8b53b45c9d5c951aebe4526041964f24c2ab5267f1cdcbdf3442db154d5,player_map_stats.csv,"{""handle"": ""slowly"", ""map_id"": 257941, ""match_id"": 642919}",adr,116,116,True
China Stage 1 discrepant-round Pearl,https://www.vlr.gg/642919/bilibili-gaming-vs-tyloo-vct-2026-china-stage-1-w1/?game=257941,screenshots/audit-china-pearl-stats.png,d21fd8b53b45c9d5c951aebe4526041964f24c2ab5267f1cdcbdf3442db154d5,player_map_stats.csv,"{""handle"": ""slowly"", ""map_id"": 257941, ""match_id"": 642919}",hs_pct,32,32,True
China Stage 1 discrepant-round Pearl,https://www.vlr.gg/642919/bilibili-gaming-vs-tyloo-vct-2026-china-stage-1-w1/?game=257941,screenshots/audit-china-pearl-stats.png,d21fd8b53b45c9d5c951aebe4526041964f24c2ab5267f1cdcbdf3442db154d5,player_map_stats.csv,"{""handle"": ""slowly"", ""map_id"": 257941, ""match_id"": 642919}",first_kills,0,0,True
China Stage 1 discrepant-round Pearl,https://www.vlr.gg/642919/bilibili-gaming-vs-tyloo-vct-2026-china-stage-1-w1/?game=257941,screenshots/audit-china-pearl-stats.png,d21fd8b53b45c9d5c951aebe4526041964f24c2ab5267f1cdcbdf3442db154d5,player_map_stats.csv,"{""handle"": ""slowly"", ""map_id"": 257941, ""match_id"": 642919}",first_deaths,3,3,True
China Stage 1 aggregate rounds slowly,https://www.vlr.gg/event/stats/2864?min_rounds=0,screenshots/audit-china-event-slowly.png,c08f85381eb78320fcc9a3b259dd883320919c135a4c63c07fb7cfc2cb3a0259,player_event_stats.csv,"{""event_id"": 2864, ""handle"": ""slowly""}",rounds,517,517,True
China Stage 1 aggregate rounds nephh,https://www.vlr.gg/event/stats/2864?min_rounds=0,screenshots/audit-china-event-nephh.png,0bf4e062d7c7d766c71386c39f916947feb8dc436ff09ed5edfd85174bd174aa,player_event_stats.csv,"{""event_id"": 2864, ""handle"": ""nephh""}",rounds,259,259,True
Free-agent profile Marved,https://www.vlr.gg/player/263/marved,screenshots/audit-marved-profile-top.png,15689ea1996efabda3e9f2b168ece4bc46891318808bd2d5aedb96b9a3c506bd,player_profiles.csv,"{""vlr_player_id"": 263}",handle,Marved,Marved,True
Free-agent profile Marved,https://www.vlr.gg/player/263/marved,screenshots/audit-marved-profile-top.png,15689ea1996efabda3e9f2b168ece4bc46891318808bd2d5aedb96b9a3c506bd,player_profiles.csv,"{""vlr_player_id"": 263}",real_name,Jimmy Nguyen,Jimmy Nguyen,True
Free-agent profile Marved,https://www.vlr.gg/player/263/marved,screenshots/audit-marved-profile-top.png,15689ea1996efabda3e9f2b168ece4bc46891318808bd2d5aedb96b9a3c506bd,player_profiles.csv,"{""vlr_player_id"": 263}",current_team_evidence,,,True
Free-agent profile Marved,https://www.vlr.gg/player/263/marved,screenshots/audit-marved-profile-top.png,15689ea1996efabda3e9f2b168ece4bc46891318808bd2d5aedb96b9a3c506bd,player_profiles.csv,"{""vlr_player_id"": 263}",team_listing_status,no_current_team_listed,no_current_team_listed,True
Free-agent profile FiNESSE,https://www.vlr.gg/player/817/fns,screenshots/audit-fns-profile-top.png,97f2a7f8a8587dbf68dacb76eff3b5b67375c512a986e3297daf4a88de07af76,player_profiles.csv,"{""vlr_player_id"": 817}",handle,FiNESSE,FiNESSE,True
Free-agent profile FiNESSE,https://www.vlr.gg/player/817/fns,screenshots/audit-fns-profile-top.png,97f2a7f8a8587dbf68dacb76eff3b5b67375c512a986e3297daf4a88de07af76,player_profiles.csv,"{""vlr_player_id"": 817}",real_name,Pujan Mehta,Pujan Mehta,True
Free-agent profile FiNESSE,https://www.vlr.gg/player/817/fns,screenshots/audit-fns-profile-top.png,97f2a7f8a8587dbf68dacb76eff3b5b67375c512a986e3297daf4a88de07af76,player_profiles.csv,"{""vlr_player_id"": 817}",current_team_evidence,,,True
Free-agent profile FiNESSE,https://www.vlr.gg/player/817/fns,screenshots/audit-fns-profile-top.png,97f2a7f8a8587dbf68dacb76eff3b5b67375c512a986e3297daf4a88de07af76,player_profiles.csv,"{""vlr_player_id"": 817}",team_listing_status,no_current_team_listed,no_current_team_listed,True
