page,source_url,screenshot,screenshot_sha256,table,key,field,expected,actual,passed
Pacific Stage 2 Ascent multikills/clutches/objectives,https://www.vlr.gg/698884/gen-g-vs-zeta-division-vct-2026-pacific-stage-2-w1/?game=273205&tab=performance,screenshots/pacific-performance-stats.png,cf1b0c452046d171755691c0e84aa3445e361761c00a71a140a89da75399d9a5,player_map_performance.csv,"{""map_id"": ""273205"", ""match_id"": ""698884"", ""vlr_player_id"": ""985""}",two_k_rounds,1,1,True
Pacific Stage 2 Ascent multikills/clutches/objectives,https://www.vlr.gg/698884/gen-g-vs-zeta-division-vct-2026-pacific-stage-2-w1/?game=273205&tab=performance,screenshots/pacific-performance-stats.png,cf1b0c452046d171755691c0e84aa3445e361761c00a71a140a89da75399d9a5,player_map_performance.csv,"{""map_id"": ""273205"", ""match_id"": ""698884"", ""vlr_player_id"": ""985""}",three_k_rounds,2,2,True
Pacific Stage 2 Ascent multikills/clutches/objectives,https://www.vlr.gg/698884/gen-g-vs-zeta-division-vct-2026-pacific-stage-2-w1/?game=273205&tab=performance,screenshots/pacific-performance-stats.png,cf1b0c452046d171755691c0e84aa3445e361761c00a71a140a89da75399d9a5,player_map_performance.csv,"{""map_id"": ""273205"", ""match_id"": ""698884"", ""vlr_player_id"": ""985""}",four_k_rounds,,,True
Pacific Stage 2 Ascent multikills/clutches/objectives,https://www.vlr.gg/698884/gen-g-vs-zeta-division-vct-2026-pacific-stage-2-w1/?game=273205&tab=performance,screenshots/pacific-performance-stats.png,cf1b0c452046d171755691c0e84aa3445e361761c00a71a140a89da75399d9a5,player_map_performance.csv,"{""map_id"": ""273205"", ""match_id"": ""698884"", ""vlr_player_id"": ""985""}",five_k_rounds,,,True
Pacific Stage 2 Ascent multikills/clutches/objectives,https://www.vlr.gg/698884/gen-g-vs-zeta-division-vct-2026-pacific-stage-2-w1/?game=273205&tab=performance,screenshots/pacific-performance-stats.png,cf1b0c452046d171755691c0e84aa3445e361761c00a71a140a89da75399d9a5,player_map_performance.csv,"{""map_id"": ""273205"", ""match_id"": ""698884"", ""vlr_player_id"": ""985""}",clutch_1v1_wins,2,2,True
Pacific Stage 2 Ascent multikills/clutches/objectives,https://www.vlr.gg/698884/gen-g-vs-zeta-division-vct-2026-pacific-stage-2-w1/?game=273205&tab=performance,screenshots/pacific-performance-stats.png,cf1b0c452046d171755691c0e84aa3445e361761c00a71a140a89da75399d9a5,player_map_performance.csv,"{""map_id"": ""273205"", ""match_id"": ""698884"", ""vlr_player_id"": ""985""}",clutch_1v2_wins,,,True
Pacific Stage 2 Ascent multikills/clutches/objectives,https://www.vlr.gg/698884/gen-g-vs-zeta-division-vct-2026-pacific-stage-2-w1/?game=273205&tab=performance,screenshots/pacific-performance-stats.png,cf1b0c452046d171755691c0e84aa3445e361761c00a71a140a89da75399d9a5,player_map_performance.csv,"{""map_id"": ""273205"", ""match_id"": ""698884"", ""vlr_player_id"": ""985""}",clutch_1v3_wins,1,1,True
Pacific Stage 2 Ascent multikills/clutches/objectives,https://www.vlr.gg/698884/gen-g-vs-zeta-division-vct-2026-pacific-stage-2-w1/?game=273205&tab=performance,screenshots/pacific-performance-stats.png,cf1b0c452046d171755691c0e84aa3445e361761c00a71a140a89da75399d9a5,player_map_performance.csv,"{""map_id"": ""273205"", ""match_id"": ""698884"", ""vlr_player_id"": ""985""}",clutch_1v4_wins,,,True
Pacific Stage 2 Ascent multikills/clutches/objectives,https://www.vlr.gg/698884/gen-g-vs-zeta-division-vct-2026-pacific-stage-2-w1/?game=273205&tab=performance,screenshots/pacific-performance-stats.png,cf1b0c452046d171755691c0e84aa3445e361761c00a71a140a89da75399d9a5,player_map_performance.csv,"{""map_id"": ""273205"", ""match_id"": ""698884"", ""vlr_player_id"": ""985""}",clutch_1v5_wins,,,True
Pacific Stage 2 Ascent multikills/clutches/objectives,https://www.vlr.gg/698884/gen-g-vs-zeta-division-vct-2026-pacific-stage-2-w1/?game=273205&tab=performance,screenshots/pacific-performance-stats.png,cf1b0c452046d171755691c0e84aa3445e361761c00a71a140a89da75399d9a5,player_map_performance.csv,"{""map_id"": ""273205"", ""match_id"": ""698884"", ""vlr_player_id"": ""985""}",econ_rating,38,38,True
Pacific Stage 2 Ascent multikills/clutches/objectives,https://www.vlr.gg/698884/gen-g-vs-zeta-division-vct-2026-pacific-stage-2-w1/?game=273205&tab=performance,screenshots/pacific-performance-stats.png,cf1b0c452046d171755691c0e84aa3445e361761c00a71a140a89da75399d9a5,player_map_performance.csv,"{""map_id"": ""273205"", ""match_id"": ""698884"", ""vlr_player_id"": ""985""}",plants,4,4,True
Pacific Stage 2 Ascent multikills/clutches/objectives,https://www.vlr.gg/698884/gen-g-vs-zeta-division-vct-2026-pacific-stage-2-w1/?game=273205&tab=performance,screenshots/pacific-performance-stats.png,cf1b0c452046d171755691c0e84aa3445e361761c00a71a140a89da75399d9a5,player_map_performance.csv,"{""map_id"": ""273205"", ""match_id"": ""698884"", ""vlr_player_id"": ""985""}",defuses,1,1,True
Pacific Stage 2 Ascent multikills/clutches/objectives,https://www.vlr.gg/698884/gen-g-vs-zeta-division-vct-2026-pacific-stage-2-w1/?game=273205&tab=performance,screenshots/pacific-performance-stats.png,cf1b0c452046d171755691c0e84aa3445e361761c00a71a140a89da75399d9a5,player_map_performance.csv,"{""map_id"": ""273205"", ""match_id"": ""698884"", ""vlr_player_id"": ""9196""}",two_k_rounds,6,6,True
Pacific Stage 2 Ascent multikills/clutches/objectives,https://www.vlr.gg/698884/gen-g-vs-zeta-division-vct-2026-pacific-stage-2-w1/?game=273205&tab=performance,screenshots/pacific-performance-stats.png,cf1b0c452046d171755691c0e84aa3445e361761c00a71a140a89da75399d9a5,player_map_performance.csv,"{""map_id"": ""273205"", ""match_id"": ""698884"", ""vlr_player_id"": ""9196""}",three_k_rounds,,,True
Pacific Stage 2 Ascent multikills/clutches/objectives,https://www.vlr.gg/698884/gen-g-vs-zeta-division-vct-2026-pacific-stage-2-w1/?game=273205&tab=performance,screenshots/pacific-performance-stats.png,cf1b0c452046d171755691c0e84aa3445e361761c00a71a140a89da75399d9a5,player_map_performance.csv,"{""map_id"": ""273205"", ""match_id"": ""698884"", ""vlr_player_id"": ""9196""}",four_k_rounds,,,True
Pacific Stage 2 Ascent multikills/clutches/objectives,https://www.vlr.gg/698884/gen-g-vs-zeta-division-vct-2026-pacific-stage-2-w1/?game=273205&tab=performance,screenshots/pacific-performance-stats.png,cf1b0c452046d171755691c0e84aa3445e361761c00a71a140a89da75399d9a5,player_map_performance.csv,"{""map_id"": ""273205"", ""match_id"": ""698884"", ""vlr_player_id"": ""9196""}",five_k_rounds,1,1,True
Pacific Stage 2 Ascent multikills/clutches/objectives,https://www.vlr.gg/698884/gen-g-vs-zeta-division-vct-2026-pacific-stage-2-w1/?game=273205&tab=performance,screenshots/pacific-performance-stats.png,cf1b0c452046d171755691c0e84aa3445e361761c00a71a140a89da75399d9a5,player_map_performance.csv,"{""map_id"": ""273205"", ""match_id"": ""698884"", ""vlr_player_id"": ""9196""}",clutch_1v1_wins,1,1,True
Pacific Stage 2 Ascent multikills/clutches/objectives,https://www.vlr.gg/698884/gen-g-vs-zeta-division-vct-2026-pacific-stage-2-w1/?game=273205&tab=performance,screenshots/pacific-performance-stats.png,cf1b0c452046d171755691c0e84aa3445e361761c00a71a140a89da75399d9a5,player_map_performance.csv,"{""map_id"": ""273205"", ""match_id"": ""698884"", ""vlr_player_id"": ""9196""}",clutch_1v2_wins,,,True
Pacific Stage 2 Ascent multikills/clutches/objectives,https://www.vlr.gg/698884/gen-g-vs-zeta-division-vct-2026-pacific-stage-2-w1/?game=273205&tab=performance,screenshots/pacific-performance-stats.png,cf1b0c452046d171755691c0e84aa3445e361761c00a71a140a89da75399d9a5,player_map_performance.csv,"{""map_id"": ""273205"", ""match_id"": ""698884"", ""vlr_player_id"": ""9196""}",clutch_1v3_wins,,,True
Pacific Stage 2 Ascent multikills/clutches/objectives,https://www.vlr.gg/698884/gen-g-vs-zeta-division-vct-2026-pacific-stage-2-w1/?game=273205&tab=performance,screenshots/pacific-performance-stats.png,cf1b0c452046d171755691c0e84aa3445e361761c00a71a140a89da75399d9a5,player_map_performance.csv,"{""map_id"": ""273205"", ""match_id"": ""698884"", ""vlr_player_id"": ""9196""}",clutch_1v4_wins,,,True
Pacific Stage 2 Ascent multikills/clutches/objectives,https://www.vlr.gg/698884/gen-g-vs-zeta-division-vct-2026-pacific-stage-2-w1/?game=273205&tab=performance,screenshots/pacific-performance-stats.png,cf1b0c452046d171755691c0e84aa3445e361761c00a71a140a89da75399d9a5,player_map_performance.csv,"{""map_id"": ""273205"", ""match_id"": ""698884"", ""vlr_player_id"": ""9196""}",clutch_1v5_wins,,,True
Pacific Stage 2 Ascent multikills/clutches/objectives,https://www.vlr.gg/698884/gen-g-vs-zeta-division-vct-2026-pacific-stage-2-w1/?game=273205&tab=performance,screenshots/pacific-performance-stats.png,cf1b0c452046d171755691c0e84aa3445e361761c00a71a140a89da75399d9a5,player_map_performance.csv,"{""map_id"": ""273205"", ""match_id"": ""698884"", ""vlr_player_id"": ""9196""}",econ_rating,76,76,True
Pacific Stage 2 Ascent multikills/clutches/objectives,https://www.vlr.gg/698884/gen-g-vs-zeta-division-vct-2026-pacific-stage-2-w1/?game=273205&tab=performance,screenshots/pacific-performance-stats.png,cf1b0c452046d171755691c0e84aa3445e361761c00a71a140a89da75399d9a5,player_map_performance.csv,"{""map_id"": ""273205"", ""match_id"": ""698884"", ""vlr_player_id"": ""9196""}",plants,0,0,True
Pacific Stage 2 Ascent multikills/clutches/objectives,https://www.vlr.gg/698884/gen-g-vs-zeta-division-vct-2026-pacific-stage-2-w1/?game=273205&tab=performance,screenshots/pacific-performance-stats.png,cf1b0c452046d171755691c0e84aa3445e361761c00a71a140a89da75399d9a5,player_map_performance.csv,"{""map_id"": ""273205"", ""match_id"": ""698884"", ""vlr_player_id"": ""9196""}",defuses,1,1,True
Pacific Stage 2 Ascent multikills/clutches/objectives,https://www.vlr.gg/698884/gen-g-vs-zeta-division-vct-2026-pacific-stage-2-w1/?game=273205&tab=performance,screenshots/pacific-performance-stats.png,cf1b0c452046d171755691c0e84aa3445e361761c00a71a140a89da75399d9a5,player_map_performance.csv,"{""map_id"": ""273205"", ""match_id"": ""698884"", ""vlr_player_id"": ""25017""}",two_k_rounds,3,3,True
Pacific Stage 2 Ascent multikills/clutches/objectives,https://www.vlr.gg/698884/gen-g-vs-zeta-division-vct-2026-pacific-stage-2-w1/?game=273205&tab=performance,screenshots/pacific-performance-stats.png,cf1b0c452046d171755691c0e84aa3445e361761c00a71a140a89da75399d9a5,player_map_performance.csv,"{""map_id"": ""273205"", ""match_id"": ""698884"", ""vlr_player_id"": ""25017""}",three_k_rounds,1,1,True
Pacific Stage 2 Ascent multikills/clutches/objectives,https://www.vlr.gg/698884/gen-g-vs-zeta-division-vct-2026-pacific-stage-2-w1/?game=273205&tab=performance,screenshots/pacific-performance-stats.png,cf1b0c452046d171755691c0e84aa3445e361761c00a71a140a89da75399d9a5,player_map_performance.csv,"{""map_id"": ""273205"", ""match_id"": ""698884"", ""vlr_player_id"": ""25017""}",four_k_rounds,,,True
Pacific Stage 2 Ascent multikills/clutches/objectives,https://www.vlr.gg/698884/gen-g-vs-zeta-division-vct-2026-pacific-stage-2-w1/?game=273205&tab=performance,screenshots/pacific-performance-stats.png,cf1b0c452046d171755691c0e84aa3445e361761c00a71a140a89da75399d9a5,player_map_performance.csv,"{""map_id"": ""273205"", ""match_id"": ""698884"", ""vlr_player_id"": ""25017""}",five_k_rounds,,,True
Pacific Stage 2 Ascent multikills/clutches/objectives,https://www.vlr.gg/698884/gen-g-vs-zeta-division-vct-2026-pacific-stage-2-w1/?game=273205&tab=performance,screenshots/pacific-performance-stats.png,cf1b0c452046d171755691c0e84aa3445e361761c00a71a140a89da75399d9a5,player_map_performance.csv,"{""map_id"": ""273205"", ""match_id"": ""698884"", ""vlr_player_id"": ""25017""}",clutch_1v1_wins,,,True
Pacific Stage 2 Ascent multikills/clutches/objectives,https://www.vlr.gg/698884/gen-g-vs-zeta-division-vct-2026-pacific-stage-2-w1/?game=273205&tab=performance,screenshots/pacific-performance-stats.png,cf1b0c452046d171755691c0e84aa3445e361761c00a71a140a89da75399d9a5,player_map_performance.csv,"{""map_id"": ""273205"", ""match_id"": ""698884"", ""vlr_player_id"": ""25017""}",clutch_1v2_wins,,,True
Pacific Stage 2 Ascent multikills/clutches/objectives,https://www.vlr.gg/698884/gen-g-vs-zeta-division-vct-2026-pacific-stage-2-w1/?game=273205&tab=performance,screenshots/pacific-performance-stats.png,cf1b0c452046d171755691c0e84aa3445e361761c00a71a140a89da75399d9a5,player_map_performance.csv,"{""map_id"": ""273205"", ""match_id"": ""698884"", ""vlr_player_id"": ""25017""}",clutch_1v3_wins,,,True
Pacific Stage 2 Ascent multikills/clutches/objectives,https://www.vlr.gg/698884/gen-g-vs-zeta-division-vct-2026-pacific-stage-2-w1/?game=273205&tab=performance,screenshots/pacific-performance-stats.png,cf1b0c452046d171755691c0e84aa3445e361761c00a71a140a89da75399d9a5,player_map_performance.csv,"{""map_id"": ""273205"", ""match_id"": ""698884"", ""vlr_player_id"": ""25017""}",clutch_1v4_wins,,,True
Pacific Stage 2 Ascent multikills/clutches/objectives,https://www.vlr.gg/698884/gen-g-vs-zeta-division-vct-2026-pacific-stage-2-w1/?game=273205&tab=performance,screenshots/pacific-performance-stats.png,cf1b0c452046d171755691c0e84aa3445e361761c00a71a140a89da75399d9a5,player_map_performance.csv,"{""map_id"": ""273205"", ""match_id"": ""698884"", ""vlr_player_id"": ""25017""}",clutch_1v5_wins,,,True
Pacific Stage 2 Ascent multikills/clutches/objectives,https://www.vlr.gg/698884/gen-g-vs-zeta-division-vct-2026-pacific-stage-2-w1/?game=273205&tab=performance,screenshots/pacific-performance-stats.png,cf1b0c452046d171755691c0e84aa3445e361761c00a71a140a89da75399d9a5,player_map_performance.csv,"{""map_id"": ""273205"", ""match_id"": ""698884"", ""vlr_player_id"": ""25017""}",econ_rating,44,44,True
Pacific Stage 2 Ascent multikills/clutches/objectives,https://www.vlr.gg/698884/gen-g-vs-zeta-division-vct-2026-pacific-stage-2-w1/?game=273205&tab=performance,screenshots/pacific-performance-stats.png,cf1b0c452046d171755691c0e84aa3445e361761c00a71a140a89da75399d9a5,player_map_performance.csv,"{""map_id"": ""273205"", ""match_id"": ""698884"", ""vlr_player_id"": ""25017""}",plants,0,0,True
Pacific Stage 2 Ascent multikills/clutches/objectives,https://www.vlr.gg/698884/gen-g-vs-zeta-division-vct-2026-pacific-stage-2-w1/?game=273205&tab=performance,screenshots/pacific-performance-stats.png,cf1b0c452046d171755691c0e84aa3445e361761c00a71a140a89da75399d9a5,player_map_performance.csv,"{""map_id"": ""273205"", ""match_id"": ""698884"", ""vlr_player_id"": ""25017""}",defuses,0,0,True
Pacific Stage 2 Ascent multikills/clutches/objectives,https://www.vlr.gg/698884/gen-g-vs-zeta-division-vct-2026-pacific-stage-2-w1/?game=273205&tab=performance,screenshots/pacific-performance-stats.png,cf1b0c452046d171755691c0e84aa3445e361761c00a71a140a89da75399d9a5,player_map_performance.csv,"{""map_id"": ""273205"", ""match_id"": ""698884"", ""vlr_player_id"": ""34974""}",two_k_rounds,5,5,True
Pacific Stage 2 Ascent multikills/clutches/objectives,https://www.vlr.gg/698884/gen-g-vs-zeta-division-vct-2026-pacific-stage-2-w1/?game=273205&tab=performance,screenshots/pacific-performance-stats.png,cf1b0c452046d171755691c0e84aa3445e361761c00a71a140a89da75399d9a5,player_map_performance.csv,"{""map_id"": ""273205"", ""match_id"": ""698884"", ""vlr_player_id"": ""34974""}",three_k_rounds,1,1,True
Pacific Stage 2 Ascent multikills/clutches/objectives,https://www.vlr.gg/698884/gen-g-vs-zeta-division-vct-2026-pacific-stage-2-w1/?game=273205&tab=performance,screenshots/pacific-performance-stats.png,cf1b0c452046d171755691c0e84aa3445e361761c00a71a140a89da75399d9a5,player_map_performance.csv,"{""map_id"": ""273205"", ""match_id"": ""698884"", ""vlr_player_id"": ""34974""}",four_k_rounds,,,True
Pacific Stage 2 Ascent multikills/clutches/objectives,https://www.vlr.gg/698884/gen-g-vs-zeta-division-vct-2026-pacific-stage-2-w1/?game=273205&tab=performance,screenshots/pacific-performance-stats.png,cf1b0c452046d171755691c0e84aa3445e361761c00a71a140a89da75399d9a5,player_map_performance.csv,"{""map_id"": ""273205"", ""match_id"": ""698884"", ""vlr_player_id"": ""34974""}",five_k_rounds,,,True
Pacific Stage 2 Ascent multikills/clutches/objectives,https://www.vlr.gg/698884/gen-g-vs-zeta-division-vct-2026-pacific-stage-2-w1/?game=273205&tab=performance,screenshots/pacific-performance-stats.png,cf1b0c452046d171755691c0e84aa3445e361761c00a71a140a89da75399d9a5,player_map_performance.csv,"{""map_id"": ""273205"", ""match_id"": ""698884"", ""vlr_player_id"": ""34974""}",clutch_1v1_wins,1,1,True
Pacific Stage 2 Ascent multikills/clutches/objectives,https://www.vlr.gg/698884/gen-g-vs-zeta-division-vct-2026-pacific-stage-2-w1/?game=273205&tab=performance,screenshots/pacific-performance-stats.png,cf1b0c452046d171755691c0e84aa3445e361761c00a71a140a89da75399d9a5,player_map_performance.csv,"{""map_id"": ""273205"", ""match_id"": ""698884"", ""vlr_player_id"": ""34974""}",clutch_1v2_wins,,,True
Pacific Stage 2 Ascent multikills/clutches/objectives,https://www.vlr.gg/698884/gen-g-vs-zeta-division-vct-2026-pacific-stage-2-w1/?game=273205&tab=performance,screenshots/pacific-performance-stats.png,cf1b0c452046d171755691c0e84aa3445e361761c00a71a140a89da75399d9a5,player_map_performance.csv,"{""map_id"": ""273205"", ""match_id"": ""698884"", ""vlr_player_id"": ""34974""}",clutch_1v3_wins,,,True
Pacific Stage 2 Ascent multikills/clutches/objectives,https://www.vlr.gg/698884/gen-g-vs-zeta-division-vct-2026-pacific-stage-2-w1/?game=273205&tab=performance,screenshots/pacific-performance-stats.png,cf1b0c452046d171755691c0e84aa3445e361761c00a71a140a89da75399d9a5,player_map_performance.csv,"{""map_id"": ""273205"", ""match_id"": ""698884"", ""vlr_player_id"": ""34974""}",clutch_1v4_wins,,,True
Pacific Stage 2 Ascent multikills/clutches/objectives,https://www.vlr.gg/698884/gen-g-vs-zeta-division-vct-2026-pacific-stage-2-w1/?game=273205&tab=performance,screenshots/pacific-performance-stats.png,cf1b0c452046d171755691c0e84aa3445e361761c00a71a140a89da75399d9a5,player_map_performance.csv,"{""map_id"": ""273205"", ""match_id"": ""698884"", ""vlr_player_id"": ""34974""}",clutch_1v5_wins,,,True
Pacific Stage 2 Ascent multikills/clutches/objectives,https://www.vlr.gg/698884/gen-g-vs-zeta-division-vct-2026-pacific-stage-2-w1/?game=273205&tab=performance,screenshots/pacific-performance-stats.png,cf1b0c452046d171755691c0e84aa3445e361761c00a71a140a89da75399d9a5,player_map_performance.csv,"{""map_id"": ""273205"", ""match_id"": ""698884"", ""vlr_player_id"": ""34974""}",econ_rating,64,64,True
Pacific Stage 2 Ascent multikills/clutches/objectives,https://www.vlr.gg/698884/gen-g-vs-zeta-division-vct-2026-pacific-stage-2-w1/?game=273205&tab=performance,screenshots/pacific-performance-stats.png,cf1b0c452046d171755691c0e84aa3445e361761c00a71a140a89da75399d9a5,player_map_performance.csv,"{""map_id"": ""273205"", ""match_id"": ""698884"", ""vlr_player_id"": ""34974""}",plants,1,1,True
Pacific Stage 2 Ascent multikills/clutches/objectives,https://www.vlr.gg/698884/gen-g-vs-zeta-division-vct-2026-pacific-stage-2-w1/?game=273205&tab=performance,screenshots/pacific-performance-stats.png,cf1b0c452046d171755691c0e84aa3445e361761c00a71a140a89da75399d9a5,player_map_performance.csv,"{""map_id"": ""273205"", ""match_id"": ""698884"", ""vlr_player_id"": ""34974""}",defuses,1,1,True
Pacific Stage 2 Ascent multikills/clutches/objectives,https://www.vlr.gg/698884/gen-g-vs-zeta-division-vct-2026-pacific-stage-2-w1/?game=273205&tab=performance,screenshots/pacific-performance-stats.png,cf1b0c452046d171755691c0e84aa3445e361761c00a71a140a89da75399d9a5,player_map_performance.csv,"{""map_id"": ""273205"", ""match_id"": ""698884"", ""vlr_player_id"": ""48925""}",two_k_rounds,4,4,True
Pacific Stage 2 Ascent multikills/clutches/objectives,https://www.vlr.gg/698884/gen-g-vs-zeta-division-vct-2026-pacific-stage-2-w1/?game=273205&tab=performance,screenshots/pacific-performance-stats.png,cf1b0c452046d171755691c0e84aa3445e361761c00a71a140a89da75399d9a5,player_map_performance.csv,"{""map_id"": ""273205"", ""match_id"": ""698884"", ""vlr_player_id"": ""48925""}",three_k_rounds,,,True
Pacific Stage 2 Ascent multikills/clutches/objectives,https://www.vlr.gg/698884/gen-g-vs-zeta-division-vct-2026-pacific-stage-2-w1/?game=273205&tab=performance,screenshots/pacific-performance-stats.png,cf1b0c452046d171755691c0e84aa3445e361761c00a71a140a89da75399d9a5,player_map_performance.csv,"{""map_id"": ""273205"", ""match_id"": ""698884"", ""vlr_player_id"": ""48925""}",four_k_rounds,,,True
Pacific Stage 2 Ascent multikills/clutches/objectives,https://www.vlr.gg/698884/gen-g-vs-zeta-division-vct-2026-pacific-stage-2-w1/?game=273205&tab=performance,screenshots/pacific-performance-stats.png,cf1b0c452046d171755691c0e84aa3445e361761c00a71a140a89da75399d9a5,player_map_performance.csv,"{""map_id"": ""273205"", ""match_id"": ""698884"", ""vlr_player_id"": ""48925""}",five_k_rounds,,,True
Pacific Stage 2 Ascent multikills/clutches/objectives,https://www.vlr.gg/698884/gen-g-vs-zeta-division-vct-2026-pacific-stage-2-w1/?game=273205&tab=performance,screenshots/pacific-performance-stats.png,cf1b0c452046d171755691c0e84aa3445e361761c00a71a140a89da75399d9a5,player_map_performance.csv,"{""map_id"": ""273205"", ""match_id"": ""698884"", ""vlr_player_id"": ""48925""}",clutch_1v1_wins,,,True
Pacific Stage 2 Ascent multikills/clutches/objectives,https://www.vlr.gg/698884/gen-g-vs-zeta-division-vct-2026-pacific-stage-2-w1/?game=273205&tab=performance,screenshots/pacific-performance-stats.png,cf1b0c452046d171755691c0e84aa3445e361761c00a71a140a89da75399d9a5,player_map_performance.csv,"{""map_id"": ""273205"", ""match_id"": ""698884"", ""vlr_player_id"": ""48925""}",clutch_1v2_wins,,,True
Pacific Stage 2 Ascent multikills/clutches/objectives,https://www.vlr.gg/698884/gen-g-vs-zeta-division-vct-2026-pacific-stage-2-w1/?game=273205&tab=performance,screenshots/pacific-performance-stats.png,cf1b0c452046d171755691c0e84aa3445e361761c00a71a140a89da75399d9a5,player_map_performance.csv,"{""map_id"": ""273205"", ""match_id"": ""698884"", ""vlr_player_id"": ""48925""}",clutch_1v3_wins,,,True
Pacific Stage 2 Ascent multikills/clutches/objectives,https://www.vlr.gg/698884/gen-g-vs-zeta-division-vct-2026-pacific-stage-2-w1/?game=273205&tab=performance,screenshots/pacific-performance-stats.png,cf1b0c452046d171755691c0e84aa3445e361761c00a71a140a89da75399d9a5,player_map_performance.csv,"{""map_id"": ""273205"", ""match_id"": ""698884"", ""vlr_player_id"": ""48925""}",clutch_1v4_wins,,,True
Pacific Stage 2 Ascent multikills/clutches/objectives,https://www.vlr.gg/698884/gen-g-vs-zeta-division-vct-2026-pacific-stage-2-w1/?game=273205&tab=performance,screenshots/pacific-performance-stats.png,cf1b0c452046d171755691c0e84aa3445e361761c00a71a140a89da75399d9a5,player_map_performance.csv,"{""map_id"": ""273205"", ""match_id"": ""698884"", ""vlr_player_id"": ""48925""}",clutch_1v5_wins,,,True
Pacific Stage 2 Ascent multikills/clutches/objectives,https://www.vlr.gg/698884/gen-g-vs-zeta-division-vct-2026-pacific-stage-2-w1/?game=273205&tab=performance,screenshots/pacific-performance-stats.png,cf1b0c452046d171755691c0e84aa3445e361761c00a71a140a89da75399d9a5,player_map_performance.csv,"{""map_id"": ""273205"", ""match_id"": ""698884"", ""vlr_player_id"": ""48925""}",econ_rating,53,53,True
Pacific Stage 2 Ascent multikills/clutches/objectives,https://www.vlr.gg/698884/gen-g-vs-zeta-division-vct-2026-pacific-stage-2-w1/?game=273205&tab=performance,screenshots/pacific-performance-stats.png,cf1b0c452046d171755691c0e84aa3445e361761c00a71a140a89da75399d9a5,player_map_performance.csv,"{""map_id"": ""273205"", ""match_id"": ""698884"", ""vlr_player_id"": ""48925""}",plants,2,2,True
Pacific Stage 2 Ascent multikills/clutches/objectives,https://www.vlr.gg/698884/gen-g-vs-zeta-division-vct-2026-pacific-stage-2-w1/?game=273205&tab=performance,screenshots/pacific-performance-stats.png,cf1b0c452046d171755691c0e84aa3445e361761c00a71a140a89da75399d9a5,player_map_performance.csv,"{""map_id"": ""273205"", ""match_id"": ""698884"", ""vlr_player_id"": ""48925""}",defuses,0,0,True
Pacific Stage 2 Ascent multikills/clutches/objectives,https://www.vlr.gg/698884/gen-g-vs-zeta-division-vct-2026-pacific-stage-2-w1/?game=273205&tab=performance,screenshots/pacific-performance-stats.png,cf1b0c452046d171755691c0e84aa3445e361761c00a71a140a89da75399d9a5,player_map_performance.csv,"{""map_id"": ""273205"", ""match_id"": ""698884"", ""vlr_player_id"": ""1960""}",two_k_rounds,5,5,True
Pacific Stage 2 Ascent multikills/clutches/objectives,https://www.vlr.gg/698884/gen-g-vs-zeta-division-vct-2026-pacific-stage-2-w1/?game=273205&tab=performance,screenshots/pacific-performance-stats.png,cf1b0c452046d171755691c0e84aa3445e361761c00a71a140a89da75399d9a5,player_map_performance.csv,"{""map_id"": ""273205"", ""match_id"": ""698884"", ""vlr_player_id"": ""1960""}",three_k_rounds,1,1,True
Pacific Stage 2 Ascent multikills/clutches/objectives,https://www.vlr.gg/698884/gen-g-vs-zeta-division-vct-2026-pacific-stage-2-w1/?game=273205&tab=performance,screenshots/pacific-performance-stats.png,cf1b0c452046d171755691c0e84aa3445e361761c00a71a140a89da75399d9a5,player_map_performance.csv,"{""map_id"": ""273205"", ""match_id"": ""698884"", ""vlr_player_id"": ""1960""}",four_k_rounds,,,True
Pacific Stage 2 Ascent multikills/clutches/objectives,https://www.vlr.gg/698884/gen-g-vs-zeta-division-vct-2026-pacific-stage-2-w1/?game=273205&tab=performance,screenshots/pacific-performance-stats.png,cf1b0c452046d171755691c0e84aa3445e361761c00a71a140a89da75399d9a5,player_map_performance.csv,"{""map_id"": ""273205"", ""match_id"": ""698884"", ""vlr_player_id"": ""1960""}",five_k_rounds,,,True
Pacific Stage 2 Ascent multikills/clutches/objectives,https://www.vlr.gg/698884/gen-g-vs-zeta-division-vct-2026-pacific-stage-2-w1/?game=273205&tab=performance,screenshots/pacific-performance-stats.png,cf1b0c452046d171755691c0e84aa3445e361761c00a71a140a89da75399d9a5,player_map_performance.csv,"{""map_id"": ""273205"", ""match_id"": ""698884"", ""vlr_player_id"": ""1960""}",clutch_1v1_wins,,,True
Pacific Stage 2 Ascent multikills/clutches/objectives,https://www.vlr.gg/698884/gen-g-vs-zeta-division-vct-2026-pacific-stage-2-w1/?game=273205&tab=performance,screenshots/pacific-performance-stats.png,cf1b0c452046d171755691c0e84aa3445e361761c00a71a140a89da75399d9a5,player_map_performance.csv,"{""map_id"": ""273205"", ""match_id"": ""698884"", ""vlr_player_id"": ""1960""}",clutch_1v2_wins,1,1,True
Pacific Stage 2 Ascent multikills/clutches/objectives,https://www.vlr.gg/698884/gen-g-vs-zeta-division-vct-2026-pacific-stage-2-w1/?game=273205&tab=performance,screenshots/pacific-performance-stats.png,cf1b0c452046d171755691c0e84aa3445e361761c00a71a140a89da75399d9a5,player_map_performance.csv,"{""map_id"": ""273205"", ""match_id"": ""698884"", ""vlr_player_id"": ""1960""}",clutch_1v3_wins,,,True
Pacific Stage 2 Ascent multikills/clutches/objectives,https://www.vlr.gg/698884/gen-g-vs-zeta-division-vct-2026-pacific-stage-2-w1/?game=273205&tab=performance,screenshots/pacific-performance-stats.png,cf1b0c452046d171755691c0e84aa3445e361761c00a71a140a89da75399d9a5,player_map_performance.csv,"{""map_id"": ""273205"", ""match_id"": ""698884"", ""vlr_player_id"": ""1960""}",clutch_1v4_wins,,,True
Pacific Stage 2 Ascent multikills/clutches/objectives,https://www.vlr.gg/698884/gen-g-vs-zeta-division-vct-2026-pacific-stage-2-w1/?game=273205&tab=performance,screenshots/pacific-performance-stats.png,cf1b0c452046d171755691c0e84aa3445e361761c00a71a140a89da75399d9a5,player_map_performance.csv,"{""map_id"": ""273205"", ""match_id"": ""698884"", ""vlr_player_id"": ""1960""}",clutch_1v5_wins,,,True
Pacific Stage 2 Ascent multikills/clutches/objectives,https://www.vlr.gg/698884/gen-g-vs-zeta-division-vct-2026-pacific-stage-2-w1/?game=273205&tab=performance,screenshots/pacific-performance-stats.png,cf1b0c452046d171755691c0e84aa3445e361761c00a71a140a89da75399d9a5,player_map_performance.csv,"{""map_id"": ""273205"", ""match_id"": ""698884"", ""vlr_player_id"": ""1960""}",econ_rating,64,64,True
Pacific Stage 2 Ascent multikills/clutches/objectives,https://www.vlr.gg/698884/gen-g-vs-zeta-division-vct-2026-pacific-stage-2-w1/?game=273205&tab=performance,screenshots/pacific-performance-stats.png,cf1b0c452046d171755691c0e84aa3445e361761c00a71a140a89da75399d9a5,player_map_performance.csv,"{""map_id"": ""273205"", ""match_id"": ""698884"", ""vlr_player_id"": ""1960""}",plants,6,6,True
Pacific Stage 2 Ascent multikills/clutches/objectives,https://www.vlr.gg/698884/gen-g-vs-zeta-division-vct-2026-pacific-stage-2-w1/?game=273205&tab=performance,screenshots/pacific-performance-stats.png,cf1b0c452046d171755691c0e84aa3445e361761c00a71a140a89da75399d9a5,player_map_performance.csv,"{""map_id"": ""273205"", ""match_id"": ""698884"", ""vlr_player_id"": ""1960""}",defuses,0,0,True
Pacific Stage 2 Ascent multikills/clutches/objectives,https://www.vlr.gg/698884/gen-g-vs-zeta-division-vct-2026-pacific-stage-2-w1/?game=273205&tab=performance,screenshots/pacific-performance-stats.png,cf1b0c452046d171755691c0e84aa3445e361761c00a71a140a89da75399d9a5,player_map_performance.csv,"{""map_id"": ""273205"", ""match_id"": ""698884"", ""vlr_player_id"": ""6668""}",two_k_rounds,1,1,True
Pacific Stage 2 Ascent multikills/clutches/objectives,https://www.vlr.gg/698884/gen-g-vs-zeta-division-vct-2026-pacific-stage-2-w1/?game=273205&tab=performance,screenshots/pacific-performance-stats.png,cf1b0c452046d171755691c0e84aa3445e361761c00a71a140a89da75399d9a5,player_map_performance.csv,"{""map_id"": ""273205"", ""match_id"": ""698884"", ""vlr_player_id"": ""6668""}",three_k_rounds,,,True
Pacific Stage 2 Ascent multikills/clutches/objectives,https://www.vlr.gg/698884/gen-g-vs-zeta-division-vct-2026-pacific-stage-2-w1/?game=273205&tab=performance,screenshots/pacific-performance-stats.png,cf1b0c452046d171755691c0e84aa3445e361761c00a71a140a89da75399d9a5,player_map_performance.csv,"{""map_id"": ""273205"", ""match_id"": ""698884"", ""vlr_player_id"": ""6668""}",four_k_rounds,,,True
Pacific Stage 2 Ascent multikills/clutches/objectives,https://www.vlr.gg/698884/gen-g-vs-zeta-division-vct-2026-pacific-stage-2-w1/?game=273205&tab=performance,screenshots/pacific-performance-stats.png,cf1b0c452046d171755691c0e84aa3445e361761c00a71a140a89da75399d9a5,player_map_performance.csv,"{""map_id"": ""273205"", ""match_id"": ""698884"", ""vlr_player_id"": ""6668""}",five_k_rounds,,,True
Pacific Stage 2 Ascent multikills/clutches/objectives,https://www.vlr.gg/698884/gen-g-vs-zeta-division-vct-2026-pacific-stage-2-w1/?game=273205&tab=performance,screenshots/pacific-performance-stats.png,cf1b0c452046d171755691c0e84aa3445e361761c00a71a140a89da75399d9a5,player_map_performance.csv,"{""map_id"": ""273205"", ""match_id"": ""698884"", ""vlr_player_id"": ""6668""}",clutch_1v1_wins,,,True
Pacific Stage 2 Ascent multikills/clutches/objectives,https://www.vlr.gg/698884/gen-g-vs-zeta-division-vct-2026-pacific-stage-2-w1/?game=273205&tab=performance,screenshots/pacific-performance-stats.png,cf1b0c452046d171755691c0e84aa3445e361761c00a71a140a89da75399d9a5,player_map_performance.csv,"{""map_id"": ""273205"", ""match_id"": ""698884"", ""vlr_player_id"": ""6668""}",clutch_1v2_wins,,,True
Pacific Stage 2 Ascent multikills/clutches/objectives,https://www.vlr.gg/698884/gen-g-vs-zeta-division-vct-2026-pacific-stage-2-w1/?game=273205&tab=performance,screenshots/pacific-performance-stats.png,cf1b0c452046d171755691c0e84aa3445e361761c00a71a140a89da75399d9a5,player_map_performance.csv,"{""map_id"": ""273205"", ""match_id"": ""698884"", ""vlr_player_id"": ""6668""}",clutch_1v3_wins,,,True
Pacific Stage 2 Ascent multikills/clutches/objectives,https://www.vlr.gg/698884/gen-g-vs-zeta-division-vct-2026-pacific-stage-2-w1/?game=273205&tab=performance,screenshots/pacific-performance-stats.png,cf1b0c452046d171755691c0e84aa3445e361761c00a71a140a89da75399d9a5,player_map_performance.csv,"{""map_id"": ""273205"", ""match_id"": ""698884"", ""vlr_player_id"": ""6668""}",clutch_1v4_wins,,,True
Pacific Stage 2 Ascent multikills/clutches/objectives,https://www.vlr.gg/698884/gen-g-vs-zeta-division-vct-2026-pacific-stage-2-w1/?game=273205&tab=performance,screenshots/pacific-performance-stats.png,cf1b0c452046d171755691c0e84aa3445e361761c00a71a140a89da75399d9a5,player_map_performance.csv,"{""map_id"": ""273205"", ""match_id"": ""698884"", ""vlr_player_id"": ""6668""}",clutch_1v5_wins,,,True
Pacific Stage 2 Ascent multikills/clutches/objectives,https://www.vlr.gg/698884/gen-g-vs-zeta-division-vct-2026-pacific-stage-2-w1/?game=273205&tab=performance,screenshots/pacific-performance-stats.png,cf1b0c452046d171755691c0e84aa3445e361761c00a71a140a89da75399d9a5,player_map_performance.csv,"{""map_id"": ""273205"", ""match_id"": ""698884"", ""vlr_player_id"": ""6668""}",econ_rating,36,36,True
Pacific Stage 2 Ascent multikills/clutches/objectives,https://www.vlr.gg/698884/gen-g-vs-zeta-division-vct-2026-pacific-stage-2-w1/?game=273205&tab=performance,screenshots/pacific-performance-stats.png,cf1b0c452046d171755691c0e84aa3445e361761c00a71a140a89da75399d9a5,player_map_performance.csv,"{""map_id"": ""273205"", ""match_id"": ""698884"", ""vlr_player_id"": ""6668""}",plants,0,0,True
Pacific Stage 2 Ascent multikills/clutches/objectives,https://www.vlr.gg/698884/gen-g-vs-zeta-division-vct-2026-pacific-stage-2-w1/?game=273205&tab=performance,screenshots/pacific-performance-stats.png,cf1b0c452046d171755691c0e84aa3445e361761c00a71a140a89da75399d9a5,player_map_performance.csv,"{""map_id"": ""273205"", ""match_id"": ""698884"", ""vlr_player_id"": ""6668""}",defuses,0,0,True
Pacific Stage 2 Ascent multikills/clutches/objectives,https://www.vlr.gg/698884/gen-g-vs-zeta-division-vct-2026-pacific-stage-2-w1/?game=273205&tab=performance,screenshots/pacific-performance-stats.png,cf1b0c452046d171755691c0e84aa3445e361761c00a71a140a89da75399d9a5,player_map_performance.csv,"{""map_id"": ""273205"", ""match_id"": ""698884"", ""vlr_player_id"": ""12990""}",two_k_rounds,2,2,True
Pacific Stage 2 Ascent multikills/clutches/objectives,https://www.vlr.gg/698884/gen-g-vs-zeta-division-vct-2026-pacific-stage-2-w1/?game=273205&tab=performance,screenshots/pacific-performance-stats.png,cf1b0c452046d171755691c0e84aa3445e361761c00a71a140a89da75399d9a5,player_map_performance.csv,"{""map_id"": ""273205"", ""match_id"": ""698884"", ""vlr_player_id"": ""12990""}",three_k_rounds,,,True
Pacific Stage 2 Ascent multikills/clutches/objectives,https://www.vlr.gg/698884/gen-g-vs-zeta-division-vct-2026-pacific-stage-2-w1/?game=273205&tab=performance,screenshots/pacific-performance-stats.png,cf1b0c452046d171755691c0e84aa3445e361761c00a71a140a89da75399d9a5,player_map_performance.csv,"{""map_id"": ""273205"", ""match_id"": ""698884"", ""vlr_player_id"": ""12990""}",four_k_rounds,,,True
Pacific Stage 2 Ascent multikills/clutches/objectives,https://www.vlr.gg/698884/gen-g-vs-zeta-division-vct-2026-pacific-stage-2-w1/?game=273205&tab=performance,screenshots/pacific-performance-stats.png,cf1b0c452046d171755691c0e84aa3445e361761c00a71a140a89da75399d9a5,player_map_performance.csv,"{""map_id"": ""273205"", ""match_id"": ""698884"", ""vlr_player_id"": ""12990""}",five_k_rounds,,,True
Pacific Stage 2 Ascent multikills/clutches/objectives,https://www.vlr.gg/698884/gen-g-vs-zeta-division-vct-2026-pacific-stage-2-w1/?game=273205&tab=performance,screenshots/pacific-performance-stats.png,cf1b0c452046d171755691c0e84aa3445e361761c00a71a140a89da75399d9a5,player_map_performance.csv,"{""map_id"": ""273205"", ""match_id"": ""698884"", ""vlr_player_id"": ""12990""}",clutch_1v1_wins,,,True
Pacific Stage 2 Ascent multikills/clutches/objectives,https://www.vlr.gg/698884/gen-g-vs-zeta-division-vct-2026-pacific-stage-2-w1/?game=273205&tab=performance,screenshots/pacific-performance-stats.png,cf1b0c452046d171755691c0e84aa3445e361761c00a71a140a89da75399d9a5,player_map_performance.csv,"{""map_id"": ""273205"", ""match_id"": ""698884"", ""vlr_player_id"": ""12990""}",clutch_1v2_wins,,,True
Pacific Stage 2 Ascent multikills/clutches/objectives,https://www.vlr.gg/698884/gen-g-vs-zeta-division-vct-2026-pacific-stage-2-w1/?game=273205&tab=performance,screenshots/pacific-performance-stats.png,cf1b0c452046d171755691c0e84aa3445e361761c00a71a140a89da75399d9a5,player_map_performance.csv,"{""map_id"": ""273205"", ""match_id"": ""698884"", ""vlr_player_id"": ""12990""}",clutch_1v3_wins,,,True
Pacific Stage 2 Ascent multikills/clutches/objectives,https://www.vlr.gg/698884/gen-g-vs-zeta-division-vct-2026-pacific-stage-2-w1/?game=273205&tab=performance,screenshots/pacific-performance-stats.png,cf1b0c452046d171755691c0e84aa3445e361761c00a71a140a89da75399d9a5,player_map_performance.csv,"{""map_id"": ""273205"", ""match_id"": ""698884"", ""vlr_player_id"": ""12990""}",clutch_1v4_wins,,,True
Pacific Stage 2 Ascent multikills/clutches/objectives,https://www.vlr.gg/698884/gen-g-vs-zeta-division-vct-2026-pacific-stage-2-w1/?game=273205&tab=performance,screenshots/pacific-performance-stats.png,cf1b0c452046d171755691c0e84aa3445e361761c00a71a140a89da75399d9a5,player_map_performance.csv,"{""map_id"": ""273205"", ""match_id"": ""698884"", ""vlr_player_id"": ""12990""}",clutch_1v5_wins,,,True
Pacific Stage 2 Ascent multikills/clutches/objectives,https://www.vlr.gg/698884/gen-g-vs-zeta-division-vct-2026-pacific-stage-2-w1/?game=273205&tab=performance,screenshots/pacific-performance-stats.png,cf1b0c452046d171755691c0e84aa3445e361761c00a71a140a89da75399d9a5,player_map_performance.csv,"{""map_id"": ""273205"", ""match_id"": ""698884"", ""vlr_player_id"": ""12990""}",econ_rating,60,60,True
Pacific Stage 2 Ascent multikills/clutches/objectives,https://www.vlr.gg/698884/gen-g-vs-zeta-division-vct-2026-pacific-stage-2-w1/?game=273205&tab=performance,screenshots/pacific-performance-stats.png,cf1b0c452046d171755691c0e84aa3445e361761c00a71a140a89da75399d9a5,player_map_performance.csv,"{""map_id"": ""273205"", ""match_id"": ""698884"", ""vlr_player_id"": ""12990""}",plants,0,0,True
Pacific Stage 2 Ascent multikills/clutches/objectives,https://www.vlr.gg/698884/gen-g-vs-zeta-division-vct-2026-pacific-stage-2-w1/?game=273205&tab=performance,screenshots/pacific-performance-stats.png,cf1b0c452046d171755691c0e84aa3445e361761c00a71a140a89da75399d9a5,player_map_performance.csv,"{""map_id"": ""273205"", ""match_id"": ""698884"", ""vlr_player_id"": ""12990""}",defuses,0,0,True
Pacific Stage 2 Ascent multikills/clutches/objectives,https://www.vlr.gg/698884/gen-g-vs-zeta-division-vct-2026-pacific-stage-2-w1/?game=273205&tab=performance,screenshots/pacific-performance-stats.png,cf1b0c452046d171755691c0e84aa3445e361761c00a71a140a89da75399d9a5,player_map_performance.csv,"{""map_id"": ""273205"", ""match_id"": ""698884"", ""vlr_player_id"": ""25221""}",two_k_rounds,4,4,True
Pacific Stage 2 Ascent multikills/clutches/objectives,https://www.vlr.gg/698884/gen-g-vs-zeta-division-vct-2026-pacific-stage-2-w1/?game=273205&tab=performance,screenshots/pacific-performance-stats.png,cf1b0c452046d171755691c0e84aa3445e361761c00a71a140a89da75399d9a5,player_map_performance.csv,"{""map_id"": ""273205"", ""match_id"": ""698884"", ""vlr_player_id"": ""25221""}",three_k_rounds,1,1,True
Pacific Stage 2 Ascent multikills/clutches/objectives,https://www.vlr.gg/698884/gen-g-vs-zeta-division-vct-2026-pacific-stage-2-w1/?game=273205&tab=performance,screenshots/pacific-performance-stats.png,cf1b0c452046d171755691c0e84aa3445e361761c00a71a140a89da75399d9a5,player_map_performance.csv,"{""map_id"": ""273205"", ""match_id"": ""698884"", ""vlr_player_id"": ""25221""}",four_k_rounds,1,1,True
Pacific Stage 2 Ascent multikills/clutches/objectives,https://www.vlr.gg/698884/gen-g-vs-zeta-division-vct-2026-pacific-stage-2-w1/?game=273205&tab=performance,screenshots/pacific-performance-stats.png,cf1b0c452046d171755691c0e84aa3445e361761c00a71a140a89da75399d9a5,player_map_performance.csv,"{""map_id"": ""273205"", ""match_id"": ""698884"", ""vlr_player_id"": ""25221""}",five_k_rounds,,,True
Pacific Stage 2 Ascent multikills/clutches/objectives,https://www.vlr.gg/698884/gen-g-vs-zeta-division-vct-2026-pacific-stage-2-w1/?game=273205&tab=performance,screenshots/pacific-performance-stats.png,cf1b0c452046d171755691c0e84aa3445e361761c00a71a140a89da75399d9a5,player_map_performance.csv,"{""map_id"": ""273205"", ""match_id"": ""698884"", ""vlr_player_id"": ""25221""}",clutch_1v1_wins,,,True
Pacific Stage 2 Ascent multikills/clutches/objectives,https://www.vlr.gg/698884/gen-g-vs-zeta-division-vct-2026-pacific-stage-2-w1/?game=273205&tab=performance,screenshots/pacific-performance-stats.png,cf1b0c452046d171755691c0e84aa3445e361761c00a71a140a89da75399d9a5,player_map_performance.csv,"{""map_id"": ""273205"", ""match_id"": ""698884"", ""vlr_player_id"": ""25221""}",clutch_1v2_wins,,,True
Pacific Stage 2 Ascent multikills/clutches/objectives,https://www.vlr.gg/698884/gen-g-vs-zeta-division-vct-2026-pacific-stage-2-w1/?game=273205&tab=performance,screenshots/pacific-performance-stats.png,cf1b0c452046d171755691c0e84aa3445e361761c00a71a140a89da75399d9a5,player_map_performance.csv,"{""map_id"": ""273205"", ""match_id"": ""698884"", ""vlr_player_id"": ""25221""}",clutch_1v3_wins,,,True
Pacific Stage 2 Ascent multikills/clutches/objectives,https://www.vlr.gg/698884/gen-g-vs-zeta-division-vct-2026-pacific-stage-2-w1/?game=273205&tab=performance,screenshots/pacific-performance-stats.png,cf1b0c452046d171755691c0e84aa3445e361761c00a71a140a89da75399d9a5,player_map_performance.csv,"{""map_id"": ""273205"", ""match_id"": ""698884"", ""vlr_player_id"": ""25221""}",clutch_1v4_wins,,,True
Pacific Stage 2 Ascent multikills/clutches/objectives,https://www.vlr.gg/698884/gen-g-vs-zeta-division-vct-2026-pacific-stage-2-w1/?game=273205&tab=performance,screenshots/pacific-performance-stats.png,cf1b0c452046d171755691c0e84aa3445e361761c00a71a140a89da75399d9a5,player_map_performance.csv,"{""map_id"": ""273205"", ""match_id"": ""698884"", ""vlr_player_id"": ""25221""}",clutch_1v5_wins,,,True
Pacific Stage 2 Ascent multikills/clutches/objectives,https://www.vlr.gg/698884/gen-g-vs-zeta-division-vct-2026-pacific-stage-2-w1/?game=273205&tab=performance,screenshots/pacific-performance-stats.png,cf1b0c452046d171755691c0e84aa3445e361761c00a71a140a89da75399d9a5,player_map_performance.csv,"{""map_id"": ""273205"", ""match_id"": ""698884"", ""vlr_player_id"": ""25221""}",econ_rating,47,47,True
Pacific Stage 2 Ascent multikills/clutches/objectives,https://www.vlr.gg/698884/gen-g-vs-zeta-division-vct-2026-pacific-stage-2-w1/?game=273205&tab=performance,screenshots/pacific-performance-stats.png,cf1b0c452046d171755691c0e84aa3445e361761c00a71a140a89da75399d9a5,player_map_performance.csv,"{""map_id"": ""273205"", ""match_id"": ""698884"", ""vlr_player_id"": ""25221""}",plants,3,3,True
Pacific Stage 2 Ascent multikills/clutches/objectives,https://www.vlr.gg/698884/gen-g-vs-zeta-division-vct-2026-pacific-stage-2-w1/?game=273205&tab=performance,screenshots/pacific-performance-stats.png,cf1b0c452046d171755691c0e84aa3445e361761c00a71a140a89da75399d9a5,player_map_performance.csv,"{""map_id"": ""273205"", ""match_id"": ""698884"", ""vlr_player_id"": ""25221""}",defuses,0,0,True
Pacific Stage 2 Ascent multikills/clutches/objectives,https://www.vlr.gg/698884/gen-g-vs-zeta-division-vct-2026-pacific-stage-2-w1/?game=273205&tab=performance,screenshots/pacific-performance-stats.png,cf1b0c452046d171755691c0e84aa3445e361761c00a71a140a89da75399d9a5,player_map_performance.csv,"{""map_id"": ""273205"", ""match_id"": ""698884"", ""vlr_player_id"": ""34776""}",two_k_rounds,,,True
Pacific Stage 2 Ascent multikills/clutches/objectives,https://www.vlr.gg/698884/gen-g-vs-zeta-division-vct-2026-pacific-stage-2-w1/?game=273205&tab=performance,screenshots/pacific-performance-stats.png,cf1b0c452046d171755691c0e84aa3445e361761c00a71a140a89da75399d9a5,player_map_performance.csv,"{""map_id"": ""273205"", ""match_id"": ""698884"", ""vlr_player_id"": ""34776""}",three_k_rounds,1,1,True
Pacific Stage 2 Ascent multikills/clutches/objectives,https://www.vlr.gg/698884/gen-g-vs-zeta-division-vct-2026-pacific-stage-2-w1/?game=273205&tab=performance,screenshots/pacific-performance-stats.png,cf1b0c452046d171755691c0e84aa3445e361761c00a71a140a89da75399d9a5,player_map_performance.csv,"{""map_id"": ""273205"", ""match_id"": ""698884"", ""vlr_player_id"": ""34776""}",four_k_rounds,1,1,True
Pacific Stage 2 Ascent multikills/clutches/objectives,https://www.vlr.gg/698884/gen-g-vs-zeta-division-vct-2026-pacific-stage-2-w1/?game=273205&tab=performance,screenshots/pacific-performance-stats.png,cf1b0c452046d171755691c0e84aa3445e361761c00a71a140a89da75399d9a5,player_map_performance.csv,"{""map_id"": ""273205"", ""match_id"": ""698884"", ""vlr_player_id"": ""34776""}",five_k_rounds,,,True
Pacific Stage 2 Ascent multikills/clutches/objectives,https://www.vlr.gg/698884/gen-g-vs-zeta-division-vct-2026-pacific-stage-2-w1/?game=273205&tab=performance,screenshots/pacific-performance-stats.png,cf1b0c452046d171755691c0e84aa3445e361761c00a71a140a89da75399d9a5,player_map_performance.csv,"{""map_id"": ""273205"", ""match_id"": ""698884"", ""vlr_player_id"": ""34776""}",clutch_1v1_wins,,,True
Pacific Stage 2 Ascent multikills/clutches/objectives,https://www.vlr.gg/698884/gen-g-vs-zeta-division-vct-2026-pacific-stage-2-w1/?game=273205&tab=performance,screenshots/pacific-performance-stats.png,cf1b0c452046d171755691c0e84aa3445e361761c00a71a140a89da75399d9a5,player_map_performance.csv,"{""map_id"": ""273205"", ""match_id"": ""698884"", ""vlr_player_id"": ""34776""}",clutch_1v2_wins,,,True
Pacific Stage 2 Ascent multikills/clutches/objectives,https://www.vlr.gg/698884/gen-g-vs-zeta-division-vct-2026-pacific-stage-2-w1/?game=273205&tab=performance,screenshots/pacific-performance-stats.png,cf1b0c452046d171755691c0e84aa3445e361761c00a71a140a89da75399d9a5,player_map_performance.csv,"{""map_id"": ""273205"", ""match_id"": ""698884"", ""vlr_player_id"": ""34776""}",clutch_1v3_wins,,,True
Pacific Stage 2 Ascent multikills/clutches/objectives,https://www.vlr.gg/698884/gen-g-vs-zeta-division-vct-2026-pacific-stage-2-w1/?game=273205&tab=performance,screenshots/pacific-performance-stats.png,cf1b0c452046d171755691c0e84aa3445e361761c00a71a140a89da75399d9a5,player_map_performance.csv,"{""map_id"": ""273205"", ""match_id"": ""698884"", ""vlr_player_id"": ""34776""}",clutch_1v4_wins,,,True
Pacific Stage 2 Ascent multikills/clutches/objectives,https://www.vlr.gg/698884/gen-g-vs-zeta-division-vct-2026-pacific-stage-2-w1/?game=273205&tab=performance,screenshots/pacific-performance-stats.png,cf1b0c452046d171755691c0e84aa3445e361761c00a71a140a89da75399d9a5,player_map_performance.csv,"{""map_id"": ""273205"", ""match_id"": ""698884"", ""vlr_player_id"": ""34776""}",clutch_1v5_wins,,,True
Pacific Stage 2 Ascent multikills/clutches/objectives,https://www.vlr.gg/698884/gen-g-vs-zeta-division-vct-2026-pacific-stage-2-w1/?game=273205&tab=performance,screenshots/pacific-performance-stats.png,cf1b0c452046d171755691c0e84aa3445e361761c00a71a140a89da75399d9a5,player_map_performance.csv,"{""map_id"": ""273205"", ""match_id"": ""698884"", ""vlr_player_id"": ""34776""}",econ_rating,37,37,True
Pacific Stage 2 Ascent multikills/clutches/objectives,https://www.vlr.gg/698884/gen-g-vs-zeta-division-vct-2026-pacific-stage-2-w1/?game=273205&tab=performance,screenshots/pacific-performance-stats.png,cf1b0c452046d171755691c0e84aa3445e361761c00a71a140a89da75399d9a5,player_map_performance.csv,"{""map_id"": ""273205"", ""match_id"": ""698884"", ""vlr_player_id"": ""34776""}",plants,0,0,True
Pacific Stage 2 Ascent multikills/clutches/objectives,https://www.vlr.gg/698884/gen-g-vs-zeta-division-vct-2026-pacific-stage-2-w1/?game=273205&tab=performance,screenshots/pacific-performance-stats.png,cf1b0c452046d171755691c0e84aa3445e361761c00a71a140a89da75399d9a5,player_map_performance.csv,"{""map_id"": ""273205"", ""match_id"": ""698884"", ""vlr_player_id"": ""34776""}",defuses,0,0,True
Champions Ascent banks/buy categories/round wins,https://www.vlr.gg/753455/team-liquid-vs-paper-rex-valorant-champions-2026-opening-c/?game=283184&tab=economy,screenshots/champ-economy-stats.png,8c1f24f7b8fac63f3a89f061c69e20e3aa0647496db2eb363cd24c173308974c,round_economy.csv,"{""map_id"": ""283184"", ""match_id"": ""753455"", ""round_number"": 1, ""team_id"": ""474""}",bank_display,0.1k,0.1k,True
Champions Ascent banks/buy categories/round wins,https://www.vlr.gg/753455/team-liquid-vs-paper-rex-valorant-champions-2026-opening-c/?game=283184&tab=economy,screenshots/champ-economy-stats.png,8c1f24f7b8fac63f3a89f061c69e20e3aa0647496db2eb363cd24c173308974c,round_economy.csv,"{""map_id"": ""283184"", ""match_id"": ""753455"", ""round_number"": 1, ""team_id"": ""474""}",buy_category_display,,,True
Champions Ascent banks/buy categories/round wins,https://www.vlr.gg/753455/team-liquid-vs-paper-rex-valorant-champions-2026-opening-c/?game=283184&tab=economy,screenshots/champ-economy-stats.png,8c1f24f7b8fac63f3a89f061c69e20e3aa0647496db2eb363cd24c173308974c,round_economy.csv,"{""map_id"": ""283184"", ""match_id"": ""753455"", ""round_number"": 1, ""team_id"": ""474""}",round_win,0,0,True
Champions Ascent banks/buy categories/round wins,https://www.vlr.gg/753455/team-liquid-vs-paper-rex-valorant-champions-2026-opening-c/?game=283184&tab=economy,screenshots/champ-economy-stats.png,8c1f24f7b8fac63f3a89f061c69e20e3aa0647496db2eb363cd24c173308974c,round_economy.csv,"{""map_id"": ""283184"", ""match_id"": ""753455"", ""round_number"": 1, ""team_id"": ""474""}",side,defense,defense,True
Champions Ascent banks/buy categories/round wins,https://www.vlr.gg/753455/team-liquid-vs-paper-rex-valorant-champions-2026-opening-c/?game=283184&tab=economy,screenshots/champ-economy-stats.png,8c1f24f7b8fac63f3a89f061c69e20e3aa0647496db2eb363cd24c173308974c,round_economy.csv,"{""map_id"": ""283184"", ""match_id"": ""753455"", ""round_number"": 2, ""team_id"": ""474""}",bank_display,8.8k,8.8k,True
Champions Ascent banks/buy categories/round wins,https://www.vlr.gg/753455/team-liquid-vs-paper-rex-valorant-champions-2026-opening-c/?game=283184&tab=economy,screenshots/champ-economy-stats.png,8c1f24f7b8fac63f3a89f061c69e20e3aa0647496db2eb363cd24c173308974c,round_economy.csv,"{""map_id"": ""283184"", ""match_id"": ""753455"", ""round_number"": 2, ""team_id"": ""474""}",buy_category_display,,,True
Champions Ascent banks/buy categories/round wins,https://www.vlr.gg/753455/team-liquid-vs-paper-rex-valorant-champions-2026-opening-c/?game=283184&tab=economy,screenshots/champ-economy-stats.png,8c1f24f7b8fac63f3a89f061c69e20e3aa0647496db2eb363cd24c173308974c,round_economy.csv,"{""map_id"": ""283184"", ""match_id"": ""753455"", ""round_number"": 2, ""team_id"": ""474""}",round_win,0,0,True
Champions Ascent banks/buy categories/round wins,https://www.vlr.gg/753455/team-liquid-vs-paper-rex-valorant-champions-2026-opening-c/?game=283184&tab=economy,screenshots/champ-economy-stats.png,8c1f24f7b8fac63f3a89f061c69e20e3aa0647496db2eb363cd24c173308974c,round_economy.csv,"{""map_id"": ""283184"", ""match_id"": ""753455"", ""round_number"": 2, ""team_id"": ""474""}",side,defense,defense,True
Champions Ascent banks/buy categories/round wins,https://www.vlr.gg/753455/team-liquid-vs-paper-rex-valorant-champions-2026-opening-c/?game=283184&tab=economy,screenshots/champ-economy-stats.png,8c1f24f7b8fac63f3a89f061c69e20e3aa0647496db2eb363cd24c173308974c,round_economy.csv,"{""map_id"": ""283184"", ""match_id"": ""753455"", ""round_number"": 3, ""team_id"": ""474""}",bank_display,0.7k,0.7k,True
Champions Ascent banks/buy categories/round wins,https://www.vlr.gg/753455/team-liquid-vs-paper-rex-valorant-champions-2026-opening-c/?game=283184&tab=economy,screenshots/champ-economy-stats.png,8c1f24f7b8fac63f3a89f061c69e20e3aa0647496db2eb363cd24c173308974c,round_economy.csv,"{""map_id"": ""283184"", ""match_id"": ""753455"", ""round_number"": 3, ""team_id"": ""474""}",buy_category_display,$$$,$$$,True
Champions Ascent banks/buy categories/round wins,https://www.vlr.gg/753455/team-liquid-vs-paper-rex-valorant-champions-2026-opening-c/?game=283184&tab=economy,screenshots/champ-economy-stats.png,8c1f24f7b8fac63f3a89f061c69e20e3aa0647496db2eb363cd24c173308974c,round_economy.csv,"{""map_id"": ""283184"", ""match_id"": ""753455"", ""round_number"": 3, ""team_id"": ""474""}",round_win,0,0,True
Champions Ascent banks/buy categories/round wins,https://www.vlr.gg/753455/team-liquid-vs-paper-rex-valorant-champions-2026-opening-c/?game=283184&tab=economy,screenshots/champ-economy-stats.png,8c1f24f7b8fac63f3a89f061c69e20e3aa0647496db2eb363cd24c173308974c,round_economy.csv,"{""map_id"": ""283184"", ""match_id"": ""753455"", ""round_number"": 3, ""team_id"": ""474""}",side,defense,defense,True
Champions Ascent banks/buy categories/round wins,https://www.vlr.gg/753455/team-liquid-vs-paper-rex-valorant-champions-2026-opening-c/?game=283184&tab=economy,screenshots/champ-economy-stats.png,8c1f24f7b8fac63f3a89f061c69e20e3aa0647496db2eb363cd24c173308974c,round_economy.csv,"{""map_id"": ""283184"", ""match_id"": ""753455"", ""round_number"": 4, ""team_id"": ""474""}",bank_display,10.3k,10.3k,True
Champions Ascent banks/buy categories/round wins,https://www.vlr.gg/753455/team-liquid-vs-paper-rex-valorant-champions-2026-opening-c/?game=283184&tab=economy,screenshots/champ-economy-stats.png,8c1f24f7b8fac63f3a89f061c69e20e3aa0647496db2eb363cd24c173308974c,round_economy.csv,"{""map_id"": ""283184"", ""match_id"": ""753455"", ""round_number"": 4, ""team_id"": ""474""}",buy_category_display,$,$,True
Champions Ascent banks/buy categories/round wins,https://www.vlr.gg/753455/team-liquid-vs-paper-rex-valorant-champions-2026-opening-c/?game=283184&tab=economy,screenshots/champ-economy-stats.png,8c1f24f7b8fac63f3a89f061c69e20e3aa0647496db2eb363cd24c173308974c,round_economy.csv,"{""map_id"": ""283184"", ""match_id"": ""753455"", ""round_number"": 4, ""team_id"": ""474""}",round_win,0,0,True
Champions Ascent banks/buy categories/round wins,https://www.vlr.gg/753455/team-liquid-vs-paper-rex-valorant-champions-2026-opening-c/?game=283184&tab=economy,screenshots/champ-economy-stats.png,8c1f24f7b8fac63f3a89f061c69e20e3aa0647496db2eb363cd24c173308974c,round_economy.csv,"{""map_id"": ""283184"", ""match_id"": ""753455"", ""round_number"": 4, ""team_id"": ""474""}",side,defense,defense,True
Champions Ascent banks/buy categories/round wins,https://www.vlr.gg/753455/team-liquid-vs-paper-rex-valorant-champions-2026-opening-c/?game=283184&tab=economy,screenshots/champ-economy-stats.png,8c1f24f7b8fac63f3a89f061c69e20e3aa0647496db2eb363cd24c173308974c,round_economy.csv,"{""map_id"": ""283184"", ""match_id"": ""753455"", ""round_number"": 5, ""team_id"": ""474""}",bank_display,3.8k,3.8k,True
Champions Ascent banks/buy categories/round wins,https://www.vlr.gg/753455/team-liquid-vs-paper-rex-valorant-champions-2026-opening-c/?game=283184&tab=economy,screenshots/champ-economy-stats.png,8c1f24f7b8fac63f3a89f061c69e20e3aa0647496db2eb363cd24c173308974c,round_economy.csv,"{""map_id"": ""283184"", ""match_id"": ""753455"", ""round_number"": 5, ""team_id"": ""474""}",buy_category_display,$$$,$$$,True
Champions Ascent banks/buy categories/round wins,https://www.vlr.gg/753455/team-liquid-vs-paper-rex-valorant-champions-2026-opening-c/?game=283184&tab=economy,screenshots/champ-economy-stats.png,8c1f24f7b8fac63f3a89f061c69e20e3aa0647496db2eb363cd24c173308974c,round_economy.csv,"{""map_id"": ""283184"", ""match_id"": ""753455"", ""round_number"": 5, ""team_id"": ""474""}",round_win,1,1,True
Champions Ascent banks/buy categories/round wins,https://www.vlr.gg/753455/team-liquid-vs-paper-rex-valorant-champions-2026-opening-c/?game=283184&tab=economy,screenshots/champ-economy-stats.png,8c1f24f7b8fac63f3a89f061c69e20e3aa0647496db2eb363cd24c173308974c,round_economy.csv,"{""map_id"": ""283184"", ""match_id"": ""753455"", ""round_number"": 5, ""team_id"": ""474""}",side,defense,defense,True
Champions Ascent banks/buy categories/round wins,https://www.vlr.gg/753455/team-liquid-vs-paper-rex-valorant-champions-2026-opening-c/?game=283184&tab=economy,screenshots/champ-economy-stats.png,8c1f24f7b8fac63f3a89f061c69e20e3aa0647496db2eb363cd24c173308974c,round_economy.csv,"{""map_id"": ""283184"", ""match_id"": ""753455"", ""round_number"": 6, ""team_id"": ""474""}",bank_display,4.0k,4.0k,True
Champions Ascent banks/buy categories/round wins,https://www.vlr.gg/753455/team-liquid-vs-paper-rex-valorant-champions-2026-opening-c/?game=283184&tab=economy,screenshots/champ-economy-stats.png,8c1f24f7b8fac63f3a89f061c69e20e3aa0647496db2eb363cd24c173308974c,round_economy.csv,"{""map_id"": ""283184"", ""match_id"": ""753455"", ""round_number"": 6, ""team_id"": ""474""}",buy_category_display,$$$,$$$,True
Champions Ascent banks/buy categories/round wins,https://www.vlr.gg/753455/team-liquid-vs-paper-rex-valorant-champions-2026-opening-c/?game=283184&tab=economy,screenshots/champ-economy-stats.png,8c1f24f7b8fac63f3a89f061c69e20e3aa0647496db2eb363cd24c173308974c,round_economy.csv,"{""map_id"": ""283184"", ""match_id"": ""753455"", ""round_number"": 6, ""team_id"": ""474""}",round_win,1,1,True
Champions Ascent banks/buy categories/round wins,https://www.vlr.gg/753455/team-liquid-vs-paper-rex-valorant-champions-2026-opening-c/?game=283184&tab=economy,screenshots/champ-economy-stats.png,8c1f24f7b8fac63f3a89f061c69e20e3aa0647496db2eb363cd24c173308974c,round_economy.csv,"{""map_id"": ""283184"", ""match_id"": ""753455"", ""round_number"": 6, ""team_id"": ""474""}",side,defense,defense,True
Champions Ascent banks/buy categories/round wins,https://www.vlr.gg/753455/team-liquid-vs-paper-rex-valorant-champions-2026-opening-c/?game=283184&tab=economy,screenshots/champ-economy-stats.png,8c1f24f7b8fac63f3a89f061c69e20e3aa0647496db2eb363cd24c173308974c,round_economy.csv,"{""map_id"": ""283184"", ""match_id"": ""753455"", ""round_number"": 7, ""team_id"": ""474""}",bank_display,4.1k,4.1k,True
Champions Ascent banks/buy categories/round wins,https://www.vlr.gg/753455/team-liquid-vs-paper-rex-valorant-champions-2026-opening-c/?game=283184&tab=economy,screenshots/champ-economy-stats.png,8c1f24f7b8fac63f3a89f061c69e20e3aa0647496db2eb363cd24c173308974c,round_economy.csv,"{""map_id"": ""283184"", ""match_id"": ""753455"", ""round_number"": 7, ""team_id"": ""474""}",buy_category_display,$$$,$$$,True
Champions Ascent banks/buy categories/round wins,https://www.vlr.gg/753455/team-liquid-vs-paper-rex-valorant-champions-2026-opening-c/?game=283184&tab=economy,screenshots/champ-economy-stats.png,8c1f24f7b8fac63f3a89f061c69e20e3aa0647496db2eb363cd24c173308974c,round_economy.csv,"{""map_id"": ""283184"", ""match_id"": ""753455"", ""round_number"": 7, ""team_id"": ""474""}",round_win,1,1,True
Champions Ascent banks/buy categories/round wins,https://www.vlr.gg/753455/team-liquid-vs-paper-rex-valorant-champions-2026-opening-c/?game=283184&tab=economy,screenshots/champ-economy-stats.png,8c1f24f7b8fac63f3a89f061c69e20e3aa0647496db2eb363cd24c173308974c,round_economy.csv,"{""map_id"": ""283184"", ""match_id"": ""753455"", ""round_number"": 7, ""team_id"": ""474""}",side,defense,defense,True
Champions Ascent banks/buy categories/round wins,https://www.vlr.gg/753455/team-liquid-vs-paper-rex-valorant-champions-2026-opening-c/?game=283184&tab=economy,screenshots/champ-economy-stats.png,8c1f24f7b8fac63f3a89f061c69e20e3aa0647496db2eb363cd24c173308974c,round_economy.csv,"{""map_id"": ""283184"", ""match_id"": ""753455"", ""round_number"": 8, ""team_id"": ""474""}",bank_display,13.9k,13.9k,True
Champions Ascent banks/buy categories/round wins,https://www.vlr.gg/753455/team-liquid-vs-paper-rex-valorant-champions-2026-opening-c/?game=283184&tab=economy,screenshots/champ-economy-stats.png,8c1f24f7b8fac63f3a89f061c69e20e3aa0647496db2eb363cd24c173308974c,round_economy.csv,"{""map_id"": ""283184"", ""match_id"": ""753455"", ""round_number"": 8, ""team_id"": ""474""}",buy_category_display,$$$,$$$,True
Champions Ascent banks/buy categories/round wins,https://www.vlr.gg/753455/team-liquid-vs-paper-rex-valorant-champions-2026-opening-c/?game=283184&tab=economy,screenshots/champ-economy-stats.png,8c1f24f7b8fac63f3a89f061c69e20e3aa0647496db2eb363cd24c173308974c,round_economy.csv,"{""map_id"": ""283184"", ""match_id"": ""753455"", ""round_number"": 8, ""team_id"": ""474""}",round_win,1,1,True
Champions Ascent banks/buy categories/round wins,https://www.vlr.gg/753455/team-liquid-vs-paper-rex-valorant-champions-2026-opening-c/?game=283184&tab=economy,screenshots/champ-economy-stats.png,8c1f24f7b8fac63f3a89f061c69e20e3aa0647496db2eb363cd24c173308974c,round_economy.csv,"{""map_id"": ""283184"", ""match_id"": ""753455"", ""round_number"": 8, ""team_id"": ""474""}",side,defense,defense,True
Champions Ascent banks/buy categories/round wins,https://www.vlr.gg/753455/team-liquid-vs-paper-rex-valorant-champions-2026-opening-c/?game=283184&tab=economy,screenshots/champ-economy-stats.png,8c1f24f7b8fac63f3a89f061c69e20e3aa0647496db2eb363cd24c173308974c,round_economy.csv,"{""map_id"": ""283184"", ""match_id"": ""753455"", ""round_number"": 9, ""team_id"": ""474""}",bank_display,21.5k,21.5k,True
Champions Ascent banks/buy categories/round wins,https://www.vlr.gg/753455/team-liquid-vs-paper-rex-valorant-champions-2026-opening-c/?game=283184&tab=economy,screenshots/champ-economy-stats.png,8c1f24f7b8fac63f3a89f061c69e20e3aa0647496db2eb363cd24c173308974c,round_economy.csv,"{""map_id"": ""283184"", ""match_id"": ""753455"", ""round_number"": 9, ""team_id"": ""474""}",buy_category_display,$$$,$$$,True
Champions Ascent banks/buy categories/round wins,https://www.vlr.gg/753455/team-liquid-vs-paper-rex-valorant-champions-2026-opening-c/?game=283184&tab=economy,screenshots/champ-economy-stats.png,8c1f24f7b8fac63f3a89f061c69e20e3aa0647496db2eb363cd24c173308974c,round_economy.csv,"{""map_id"": ""283184"", ""match_id"": ""753455"", ""round_number"": 9, ""team_id"": ""474""}",round_win,0,0,True
Champions Ascent banks/buy categories/round wins,https://www.vlr.gg/753455/team-liquid-vs-paper-rex-valorant-champions-2026-opening-c/?game=283184&tab=economy,screenshots/champ-economy-stats.png,8c1f24f7b8fac63f3a89f061c69e20e3aa0647496db2eb363cd24c173308974c,round_economy.csv,"{""map_id"": ""283184"", ""match_id"": ""753455"", ""round_number"": 9, ""team_id"": ""474""}",side,defense,defense,True
Champions Ascent banks/buy categories/round wins,https://www.vlr.gg/753455/team-liquid-vs-paper-rex-valorant-champions-2026-opening-c/?game=283184&tab=economy,screenshots/champ-economy-stats.png,8c1f24f7b8fac63f3a89f061c69e20e3aa0647496db2eb363cd24c173308974c,round_economy.csv,"{""map_id"": ""283184"", ""match_id"": ""753455"", ""round_number"": 10, ""team_id"": ""474""}",bank_display,9.3k,9.3k,True
Champions Ascent banks/buy categories/round wins,https://www.vlr.gg/753455/team-liquid-vs-paper-rex-valorant-champions-2026-opening-c/?game=283184&tab=economy,screenshots/champ-economy-stats.png,8c1f24f7b8fac63f3a89f061c69e20e3aa0647496db2eb363cd24c173308974c,round_economy.csv,"{""map_id"": ""283184"", ""match_id"": ""753455"", ""round_number"": 10, ""team_id"": ""474""}",buy_category_display,$$$,$$$,True
Champions Ascent banks/buy categories/round wins,https://www.vlr.gg/753455/team-liquid-vs-paper-rex-valorant-champions-2026-opening-c/?game=283184&tab=economy,screenshots/champ-economy-stats.png,8c1f24f7b8fac63f3a89f061c69e20e3aa0647496db2eb363cd24c173308974c,round_economy.csv,"{""map_id"": ""283184"", ""match_id"": ""753455"", ""round_number"": 10, ""team_id"": ""474""}",round_win,0,0,True
Champions Ascent banks/buy categories/round wins,https://www.vlr.gg/753455/team-liquid-vs-paper-rex-valorant-champions-2026-opening-c/?game=283184&tab=economy,screenshots/champ-economy-stats.png,8c1f24f7b8fac63f3a89f061c69e20e3aa0647496db2eb363cd24c173308974c,round_economy.csv,"{""map_id"": ""283184"", ""match_id"": ""753455"", ""round_number"": 10, ""team_id"": ""474""}",side,defense,defense,True
Champions Ascent banks/buy categories/round wins,https://www.vlr.gg/753455/team-liquid-vs-paper-rex-valorant-champions-2026-opening-c/?game=283184&tab=economy,screenshots/champ-economy-stats.png,8c1f24f7b8fac63f3a89f061c69e20e3aa0647496db2eb363cd24c173308974c,round_economy.csv,"{""map_id"": ""283184"", ""match_id"": ""753455"", ""round_number"": 11, ""team_id"": ""474""}",bank_display,2.9k,2.9k,True
Champions Ascent banks/buy categories/round wins,https://www.vlr.gg/753455/team-liquid-vs-paper-rex-valorant-champions-2026-opening-c/?game=283184&tab=economy,screenshots/champ-economy-stats.png,8c1f24f7b8fac63f3a89f061c69e20e3aa0647496db2eb363cd24c173308974c,round_economy.csv,"{""map_id"": ""283184"", ""match_id"": ""753455"", ""round_number"": 11, ""team_id"": ""474""}",buy_category_display,$$,$$,True
Champions Ascent banks/buy categories/round wins,https://www.vlr.gg/753455/team-liquid-vs-paper-rex-valorant-champions-2026-opening-c/?game=283184&tab=economy,screenshots/champ-economy-stats.png,8c1f24f7b8fac63f3a89f061c69e20e3aa0647496db2eb363cd24c173308974c,round_economy.csv,"{""map_id"": ""283184"", ""match_id"": ""753455"", ""round_number"": 11, ""team_id"": ""474""}",round_win,0,0,True
Champions Ascent banks/buy categories/round wins,https://www.vlr.gg/753455/team-liquid-vs-paper-rex-valorant-champions-2026-opening-c/?game=283184&tab=economy,screenshots/champ-economy-stats.png,8c1f24f7b8fac63f3a89f061c69e20e3aa0647496db2eb363cd24c173308974c,round_economy.csv,"{""map_id"": ""283184"", ""match_id"": ""753455"", ""round_number"": 11, ""team_id"": ""474""}",side,defense,defense,True
Champions Ascent banks/buy categories/round wins,https://www.vlr.gg/753455/team-liquid-vs-paper-rex-valorant-champions-2026-opening-c/?game=283184&tab=economy,screenshots/champ-economy-stats.png,8c1f24f7b8fac63f3a89f061c69e20e3aa0647496db2eb363cd24c173308974c,round_economy.csv,"{""map_id"": ""283184"", ""match_id"": ""753455"", ""round_number"": 12, ""team_id"": ""474""}",bank_display,0.3k,0.3k,True
Champions Ascent banks/buy categories/round wins,https://www.vlr.gg/753455/team-liquid-vs-paper-rex-valorant-champions-2026-opening-c/?game=283184&tab=economy,screenshots/champ-economy-stats.png,8c1f24f7b8fac63f3a89f061c69e20e3aa0647496db2eb363cd24c173308974c,round_economy.csv,"{""map_id"": ""283184"", ""match_id"": ""753455"", ""round_number"": 12, ""team_id"": ""474""}",buy_category_display,$$,$$,True
Champions Ascent banks/buy categories/round wins,https://www.vlr.gg/753455/team-liquid-vs-paper-rex-valorant-champions-2026-opening-c/?game=283184&tab=economy,screenshots/champ-economy-stats.png,8c1f24f7b8fac63f3a89f061c69e20e3aa0647496db2eb363cd24c173308974c,round_economy.csv,"{""map_id"": ""283184"", ""match_id"": ""753455"", ""round_number"": 12, ""team_id"": ""474""}",round_win,0,0,True
Champions Ascent banks/buy categories/round wins,https://www.vlr.gg/753455/team-liquid-vs-paper-rex-valorant-champions-2026-opening-c/?game=283184&tab=economy,screenshots/champ-economy-stats.png,8c1f24f7b8fac63f3a89f061c69e20e3aa0647496db2eb363cd24c173308974c,round_economy.csv,"{""map_id"": ""283184"", ""match_id"": ""753455"", ""round_number"": 12, ""team_id"": ""474""}",side,defense,defense,True
Champions Ascent banks/buy categories/round wins,https://www.vlr.gg/753455/team-liquid-vs-paper-rex-valorant-champions-2026-opening-c/?game=283184&tab=economy,screenshots/champ-economy-stats.png,8c1f24f7b8fac63f3a89f061c69e20e3aa0647496db2eb363cd24c173308974c,round_economy.csv,"{""map_id"": ""283184"", ""match_id"": ""753455"", ""round_number"": 13, ""team_id"": ""474""}",bank_display,0.1k,0.1k,True
Champions Ascent banks/buy categories/round wins,https://www.vlr.gg/753455/team-liquid-vs-paper-rex-valorant-champions-2026-opening-c/?game=283184&tab=economy,screenshots/champ-economy-stats.png,8c1f24f7b8fac63f3a89f061c69e20e3aa0647496db2eb363cd24c173308974c,round_economy.csv,"{""map_id"": ""283184"", ""match_id"": ""753455"", ""round_number"": 13, ""team_id"": ""474""}",buy_category_display,,,True
Champions Ascent banks/buy categories/round wins,https://www.vlr.gg/753455/team-liquid-vs-paper-rex-valorant-champions-2026-opening-c/?game=283184&tab=economy,screenshots/champ-economy-stats.png,8c1f24f7b8fac63f3a89f061c69e20e3aa0647496db2eb363cd24c173308974c,round_economy.csv,"{""map_id"": ""283184"", ""match_id"": ""753455"", ""round_number"": 13, ""team_id"": ""474""}",round_win,0,0,True
Champions Ascent banks/buy categories/round wins,https://www.vlr.gg/753455/team-liquid-vs-paper-rex-valorant-champions-2026-opening-c/?game=283184&tab=economy,screenshots/champ-economy-stats.png,8c1f24f7b8fac63f3a89f061c69e20e3aa0647496db2eb363cd24c173308974c,round_economy.csv,"{""map_id"": ""283184"", ""match_id"": ""753455"", ""round_number"": 13, ""team_id"": ""474""}",side,attack,attack,True
Champions Ascent banks/buy categories/round wins,https://www.vlr.gg/753455/team-liquid-vs-paper-rex-valorant-champions-2026-opening-c/?game=283184&tab=economy,screenshots/champ-economy-stats.png,8c1f24f7b8fac63f3a89f061c69e20e3aa0647496db2eb363cd24c173308974c,round_economy.csv,"{""map_id"": ""283184"", ""match_id"": ""753455"", ""round_number"": 14, ""team_id"": ""474""}",bank_display,8.5k,8.5k,True
Champions Ascent banks/buy categories/round wins,https://www.vlr.gg/753455/team-liquid-vs-paper-rex-valorant-champions-2026-opening-c/?game=283184&tab=economy,screenshots/champ-economy-stats.png,8c1f24f7b8fac63f3a89f061c69e20e3aa0647496db2eb363cd24c173308974c,round_economy.csv,"{""map_id"": ""283184"", ""match_id"": ""753455"", ""round_number"": 14, ""team_id"": ""474""}",buy_category_display,,,True
Champions Ascent banks/buy categories/round wins,https://www.vlr.gg/753455/team-liquid-vs-paper-rex-valorant-champions-2026-opening-c/?game=283184&tab=economy,screenshots/champ-economy-stats.png,8c1f24f7b8fac63f3a89f061c69e20e3aa0647496db2eb363cd24c173308974c,round_economy.csv,"{""map_id"": ""283184"", ""match_id"": ""753455"", ""round_number"": 14, ""team_id"": ""474""}",round_win,0,0,True
Champions Ascent banks/buy categories/round wins,https://www.vlr.gg/753455/team-liquid-vs-paper-rex-valorant-champions-2026-opening-c/?game=283184&tab=economy,screenshots/champ-economy-stats.png,8c1f24f7b8fac63f3a89f061c69e20e3aa0647496db2eb363cd24c173308974c,round_economy.csv,"{""map_id"": ""283184"", ""match_id"": ""753455"", ""round_number"": 14, ""team_id"": ""474""}",side,attack,attack,True
Champions Ascent banks/buy categories/round wins,https://www.vlr.gg/753455/team-liquid-vs-paper-rex-valorant-champions-2026-opening-c/?game=283184&tab=economy,screenshots/champ-economy-stats.png,8c1f24f7b8fac63f3a89f061c69e20e3aa0647496db2eb363cd24c173308974c,round_economy.csv,"{""map_id"": ""283184"", ""match_id"": ""753455"", ""round_number"": 15, ""team_id"": ""474""}",bank_display,0.4k,0.4k,True
Champions Ascent banks/buy categories/round wins,https://www.vlr.gg/753455/team-liquid-vs-paper-rex-valorant-champions-2026-opening-c/?game=283184&tab=economy,screenshots/champ-economy-stats.png,8c1f24f7b8fac63f3a89f061c69e20e3aa0647496db2eb363cd24c173308974c,round_economy.csv,"{""map_id"": ""283184"", ""match_id"": ""753455"", ""round_number"": 15, ""team_id"": ""474""}",buy_category_display,$$$,$$$,True
Champions Ascent banks/buy categories/round wins,https://www.vlr.gg/753455/team-liquid-vs-paper-rex-valorant-champions-2026-opening-c/?game=283184&tab=economy,screenshots/champ-economy-stats.png,8c1f24f7b8fac63f3a89f061c69e20e3aa0647496db2eb363cd24c173308974c,round_economy.csv,"{""map_id"": ""283184"", ""match_id"": ""753455"", ""round_number"": 15, ""team_id"": ""474""}",round_win,0,0,True
Champions Ascent banks/buy categories/round wins,https://www.vlr.gg/753455/team-liquid-vs-paper-rex-valorant-champions-2026-opening-c/?game=283184&tab=economy,screenshots/champ-economy-stats.png,8c1f24f7b8fac63f3a89f061c69e20e3aa0647496db2eb363cd24c173308974c,round_economy.csv,"{""map_id"": ""283184"", ""match_id"": ""753455"", ""round_number"": 15, ""team_id"": ""474""}",side,attack,attack,True
Champions Ascent banks/buy categories/round wins,https://www.vlr.gg/753455/team-liquid-vs-paper-rex-valorant-champions-2026-opening-c/?game=283184&tab=economy,screenshots/champ-economy-stats.png,8c1f24f7b8fac63f3a89f061c69e20e3aa0647496db2eb363cd24c173308974c,round_economy.csv,"{""map_id"": ""283184"", ""match_id"": ""753455"", ""round_number"": 16, ""team_id"": ""474""}",bank_display,1.5k,1.5k,True
Champions Ascent banks/buy categories/round wins,https://www.vlr.gg/753455/team-liquid-vs-paper-rex-valorant-champions-2026-opening-c/?game=283184&tab=economy,screenshots/champ-economy-stats.png,8c1f24f7b8fac63f3a89f061c69e20e3aa0647496db2eb363cd24c173308974c,round_economy.csv,"{""map_id"": ""283184"", ""match_id"": ""753455"", ""round_number"": 16, ""team_id"": ""474""}",buy_category_display,$$,$$,True
Champions Ascent banks/buy categories/round wins,https://www.vlr.gg/753455/team-liquid-vs-paper-rex-valorant-champions-2026-opening-c/?game=283184&tab=economy,screenshots/champ-economy-stats.png,8c1f24f7b8fac63f3a89f061c69e20e3aa0647496db2eb363cd24c173308974c,round_economy.csv,"{""map_id"": ""283184"", ""match_id"": ""753455"", ""round_number"": 16, ""team_id"": ""474""}",round_win,0,0,True
Champions Ascent banks/buy categories/round wins,https://www.vlr.gg/753455/team-liquid-vs-paper-rex-valorant-champions-2026-opening-c/?game=283184&tab=economy,screenshots/champ-economy-stats.png,8c1f24f7b8fac63f3a89f061c69e20e3aa0647496db2eb363cd24c173308974c,round_economy.csv,"{""map_id"": ""283184"", ""match_id"": ""753455"", ""round_number"": 16, ""team_id"": ""474""}",side,attack,attack,True
Champions Ascent banks/buy categories/round wins,https://www.vlr.gg/753455/team-liquid-vs-paper-rex-valorant-champions-2026-opening-c/?game=283184&tab=economy,screenshots/champ-economy-stats.png,8c1f24f7b8fac63f3a89f061c69e20e3aa0647496db2eb363cd24c173308974c,round_economy.csv,"{""map_id"": ""283184"", ""match_id"": ""753455"", ""round_number"": 17, ""team_id"": ""474""}",bank_display,0.4k,0.4k,True
Champions Ascent banks/buy categories/round wins,https://www.vlr.gg/753455/team-liquid-vs-paper-rex-valorant-champions-2026-opening-c/?game=283184&tab=economy,screenshots/champ-economy-stats.png,8c1f24f7b8fac63f3a89f061c69e20e3aa0647496db2eb363cd24c173308974c,round_economy.csv,"{""map_id"": ""283184"", ""match_id"": ""753455"", ""round_number"": 17, ""team_id"": ""474""}",buy_category_display,$$,$$,True
Champions Ascent banks/buy categories/round wins,https://www.vlr.gg/753455/team-liquid-vs-paper-rex-valorant-champions-2026-opening-c/?game=283184&tab=economy,screenshots/champ-economy-stats.png,8c1f24f7b8fac63f3a89f061c69e20e3aa0647496db2eb363cd24c173308974c,round_economy.csv,"{""map_id"": ""283184"", ""match_id"": ""753455"", ""round_number"": 17, ""team_id"": ""474""}",round_win,0,0,True
Champions Ascent banks/buy categories/round wins,https://www.vlr.gg/753455/team-liquid-vs-paper-rex-valorant-champions-2026-opening-c/?game=283184&tab=economy,screenshots/champ-economy-stats.png,8c1f24f7b8fac63f3a89f061c69e20e3aa0647496db2eb363cd24c173308974c,round_economy.csv,"{""map_id"": ""283184"", ""match_id"": ""753455"", ""round_number"": 17, ""team_id"": ""474""}",side,attack,attack,True
Champions Ascent banks/buy categories/round wins,https://www.vlr.gg/753455/team-liquid-vs-paper-rex-valorant-champions-2026-opening-c/?game=283184&tab=economy,screenshots/champ-economy-stats.png,8c1f24f7b8fac63f3a89f061c69e20e3aa0647496db2eb363cd24c173308974c,round_economy.csv,"{""map_id"": ""283184"", ""match_id"": ""753455"", ""round_number"": 1, ""team_id"": ""624""}",bank_display,0.2k,0.2k,True
Champions Ascent banks/buy categories/round wins,https://www.vlr.gg/753455/team-liquid-vs-paper-rex-valorant-champions-2026-opening-c/?game=283184&tab=economy,screenshots/champ-economy-stats.png,8c1f24f7b8fac63f3a89f061c69e20e3aa0647496db2eb363cd24c173308974c,round_economy.csv,"{""map_id"": ""283184"", ""match_id"": ""753455"", ""round_number"": 1, ""team_id"": ""624""}",buy_category_display,,,True
Champions Ascent banks/buy categories/round wins,https://www.vlr.gg/753455/team-liquid-vs-paper-rex-valorant-champions-2026-opening-c/?game=283184&tab=economy,screenshots/champ-economy-stats.png,8c1f24f7b8fac63f3a89f061c69e20e3aa0647496db2eb363cd24c173308974c,round_economy.csv,"{""map_id"": ""283184"", ""match_id"": ""753455"", ""round_number"": 1, ""team_id"": ""624""}",round_win,1,1,True
Champions Ascent banks/buy categories/round wins,https://www.vlr.gg/753455/team-liquid-vs-paper-rex-valorant-champions-2026-opening-c/?game=283184&tab=economy,screenshots/champ-economy-stats.png,8c1f24f7b8fac63f3a89f061c69e20e3aa0647496db2eb363cd24c173308974c,round_economy.csv,"{""map_id"": ""283184"", ""match_id"": ""753455"", ""round_number"": 1, ""team_id"": ""624""}",side,attack,attack,True
Champions Ascent banks/buy categories/round wins,https://www.vlr.gg/753455/team-liquid-vs-paper-rex-valorant-champions-2026-opening-c/?game=283184&tab=economy,screenshots/champ-economy-stats.png,8c1f24f7b8fac63f3a89f061c69e20e3aa0647496db2eb363cd24c173308974c,round_economy.csv,"{""map_id"": ""283184"", ""match_id"": ""753455"", ""round_number"": 2, ""team_id"": ""624""}",bank_display,5.0k,5.0k,True
Champions Ascent banks/buy categories/round wins,https://www.vlr.gg/753455/team-liquid-vs-paper-rex-valorant-champions-2026-opening-c/?game=283184&tab=economy,screenshots/champ-economy-stats.png,8c1f24f7b8fac63f3a89f061c69e20e3aa0647496db2eb363cd24c173308974c,round_economy.csv,"{""map_id"": ""283184"", ""match_id"": ""753455"", ""round_number"": 2, ""team_id"": ""624""}",buy_category_display,$$,$$,True
Champions Ascent banks/buy categories/round wins,https://www.vlr.gg/753455/team-liquid-vs-paper-rex-valorant-champions-2026-opening-c/?game=283184&tab=economy,screenshots/champ-economy-stats.png,8c1f24f7b8fac63f3a89f061c69e20e3aa0647496db2eb363cd24c173308974c,round_economy.csv,"{""map_id"": ""283184"", ""match_id"": ""753455"", ""round_number"": 2, ""team_id"": ""624""}",round_win,1,1,True
Champions Ascent banks/buy categories/round wins,https://www.vlr.gg/753455/team-liquid-vs-paper-rex-valorant-champions-2026-opening-c/?game=283184&tab=economy,screenshots/champ-economy-stats.png,8c1f24f7b8fac63f3a89f061c69e20e3aa0647496db2eb363cd24c173308974c,round_economy.csv,"{""map_id"": ""283184"", ""match_id"": ""753455"", ""round_number"": 2, ""team_id"": ""624""}",side,attack,attack,True
Champions Ascent banks/buy categories/round wins,https://www.vlr.gg/753455/team-liquid-vs-paper-rex-valorant-champions-2026-opening-c/?game=283184&tab=economy,screenshots/champ-economy-stats.png,8c1f24f7b8fac63f3a89f061c69e20e3aa0647496db2eb363cd24c173308974c,round_economy.csv,"{""map_id"": ""283184"", ""match_id"": ""753455"", ""round_number"": 3, ""team_id"": ""624""}",bank_display,11.2k,11.2k,True
Champions Ascent banks/buy categories/round wins,https://www.vlr.gg/753455/team-liquid-vs-paper-rex-valorant-champions-2026-opening-c/?game=283184&tab=economy,screenshots/champ-economy-stats.png,8c1f24f7b8fac63f3a89f061c69e20e3aa0647496db2eb363cd24c173308974c,round_economy.csv,"{""map_id"": ""283184"", ""match_id"": ""753455"", ""round_number"": 3, ""team_id"": ""624""}",buy_category_display,$$$,$$$,True
Champions Ascent banks/buy categories/round wins,https://www.vlr.gg/753455/team-liquid-vs-paper-rex-valorant-champions-2026-opening-c/?game=283184&tab=economy,screenshots/champ-economy-stats.png,8c1f24f7b8fac63f3a89f061c69e20e3aa0647496db2eb363cd24c173308974c,round_economy.csv,"{""map_id"": ""283184"", ""match_id"": ""753455"", ""round_number"": 3, ""team_id"": ""624""}",round_win,1,1,True
Champions Ascent banks/buy categories/round wins,https://www.vlr.gg/753455/team-liquid-vs-paper-rex-valorant-champions-2026-opening-c/?game=283184&tab=economy,screenshots/champ-economy-stats.png,8c1f24f7b8fac63f3a89f061c69e20e3aa0647496db2eb363cd24c173308974c,round_economy.csv,"{""map_id"": ""283184"", ""match_id"": ""753455"", ""round_number"": 3, ""team_id"": ""624""}",side,attack,attack,True
Champions Ascent banks/buy categories/round wins,https://www.vlr.gg/753455/team-liquid-vs-paper-rex-valorant-champions-2026-opening-c/?game=283184&tab=economy,screenshots/champ-economy-stats.png,8c1f24f7b8fac63f3a89f061c69e20e3aa0647496db2eb363cd24c173308974c,round_economy.csv,"{""map_id"": ""283184"", ""match_id"": ""753455"", ""round_number"": 4, ""team_id"": ""624""}",bank_display,13.6k,13.6k,True
Champions Ascent banks/buy categories/round wins,https://www.vlr.gg/753455/team-liquid-vs-paper-rex-valorant-champions-2026-opening-c/?game=283184&tab=economy,screenshots/champ-economy-stats.png,8c1f24f7b8fac63f3a89f061c69e20e3aa0647496db2eb363cd24c173308974c,round_economy.csv,"{""map_id"": ""283184"", ""match_id"": ""753455"", ""round_number"": 4, ""team_id"": ""624""}",buy_category_display,$$$,$$$,True
Champions Ascent banks/buy categories/round wins,https://www.vlr.gg/753455/team-liquid-vs-paper-rex-valorant-champions-2026-opening-c/?game=283184&tab=economy,screenshots/champ-economy-stats.png,8c1f24f7b8fac63f3a89f061c69e20e3aa0647496db2eb363cd24c173308974c,round_economy.csv,"{""map_id"": ""283184"", ""match_id"": ""753455"", ""round_number"": 4, ""team_id"": ""624""}",round_win,1,1,True
Champions Ascent banks/buy categories/round wins,https://www.vlr.gg/753455/team-liquid-vs-paper-rex-valorant-champions-2026-opening-c/?game=283184&tab=economy,screenshots/champ-economy-stats.png,8c1f24f7b8fac63f3a89f061c69e20e3aa0647496db2eb363cd24c173308974c,round_economy.csv,"{""map_id"": ""283184"", ""match_id"": ""753455"", ""round_number"": 4, ""team_id"": ""624""}",side,attack,attack,True
Champions Ascent banks/buy categories/round wins,https://www.vlr.gg/753455/team-liquid-vs-paper-rex-valorant-champions-2026-opening-c/?game=283184&tab=economy,screenshots/champ-economy-stats.png,8c1f24f7b8fac63f3a89f061c69e20e3aa0647496db2eb363cd24c173308974c,round_economy.csv,"{""map_id"": ""283184"", ""match_id"": ""753455"", ""round_number"": 5, ""team_id"": ""624""}",bank_display,19.7k,19.7k,True
Champions Ascent banks/buy categories/round wins,https://www.vlr.gg/753455/team-liquid-vs-paper-rex-valorant-champions-2026-opening-c/?game=283184&tab=economy,screenshots/champ-economy-stats.png,8c1f24f7b8fac63f3a89f061c69e20e3aa0647496db2eb363cd24c173308974c,round_economy.csv,"{""map_id"": ""283184"", ""match_id"": ""753455"", ""round_number"": 5, ""team_id"": ""624""}",buy_category_display,$$$,$$$,True
Champions Ascent banks/buy categories/round wins,https://www.vlr.gg/753455/team-liquid-vs-paper-rex-valorant-champions-2026-opening-c/?game=283184&tab=economy,screenshots/champ-economy-stats.png,8c1f24f7b8fac63f3a89f061c69e20e3aa0647496db2eb363cd24c173308974c,round_economy.csv,"{""map_id"": ""283184"", ""match_id"": ""753455"", ""round_number"": 5, ""team_id"": ""624""}",round_win,0,0,True
Champions Ascent banks/buy categories/round wins,https://www.vlr.gg/753455/team-liquid-vs-paper-rex-valorant-champions-2026-opening-c/?game=283184&tab=economy,screenshots/champ-economy-stats.png,8c1f24f7b8fac63f3a89f061c69e20e3aa0647496db2eb363cd24c173308974c,round_economy.csv,"{""map_id"": ""283184"", ""match_id"": ""753455"", ""round_number"": 5, ""team_id"": ""624""}",side,attack,attack,True
Champions Ascent banks/buy categories/round wins,https://www.vlr.gg/753455/team-liquid-vs-paper-rex-valorant-champions-2026-opening-c/?game=283184&tab=economy,screenshots/champ-economy-stats.png,8c1f24f7b8fac63f3a89f061c69e20e3aa0647496db2eb363cd24c173308974c,round_economy.csv,"{""map_id"": ""283184"", ""match_id"": ""753455"", ""round_number"": 6, ""team_id"": ""624""}",bank_display,9.9k,9.9k,True
Champions Ascent banks/buy categories/round wins,https://www.vlr.gg/753455/team-liquid-vs-paper-rex-valorant-champions-2026-opening-c/?game=283184&tab=economy,screenshots/champ-economy-stats.png,8c1f24f7b8fac63f3a89f061c69e20e3aa0647496db2eb363cd24c173308974c,round_economy.csv,"{""map_id"": ""283184"", ""match_id"": ""753455"", ""round_number"": 6, ""team_id"": ""624""}",buy_category_display,$$$,$$$,True
Champions Ascent banks/buy categories/round wins,https://www.vlr.gg/753455/team-liquid-vs-paper-rex-valorant-champions-2026-opening-c/?game=283184&tab=economy,screenshots/champ-economy-stats.png,8c1f24f7b8fac63f3a89f061c69e20e3aa0647496db2eb363cd24c173308974c,round_economy.csv,"{""map_id"": ""283184"", ""match_id"": ""753455"", ""round_number"": 6, ""team_id"": ""624""}",round_win,0,0,True
Champions Ascent banks/buy categories/round wins,https://www.vlr.gg/753455/team-liquid-vs-paper-rex-valorant-champions-2026-opening-c/?game=283184&tab=economy,screenshots/champ-economy-stats.png,8c1f24f7b8fac63f3a89f061c69e20e3aa0647496db2eb363cd24c173308974c,round_economy.csv,"{""map_id"": ""283184"", ""match_id"": ""753455"", ""round_number"": 6, ""team_id"": ""624""}",side,attack,attack,True
Champions Ascent banks/buy categories/round wins,https://www.vlr.gg/753455/team-liquid-vs-paper-rex-valorant-champions-2026-opening-c/?game=283184&tab=economy,screenshots/champ-economy-stats.png,8c1f24f7b8fac63f3a89f061c69e20e3aa0647496db2eb363cd24c173308974c,round_economy.csv,"{""map_id"": ""283184"", ""match_id"": ""753455"", ""round_number"": 7, ""team_id"": ""624""}",bank_display,2.6k,2.6k,True
Champions Ascent banks/buy categories/round wins,https://www.vlr.gg/753455/team-liquid-vs-paper-rex-valorant-champions-2026-opening-c/?game=283184&tab=economy,screenshots/champ-economy-stats.png,8c1f24f7b8fac63f3a89f061c69e20e3aa0647496db2eb363cd24c173308974c,round_economy.csv,"{""map_id"": ""283184"", ""match_id"": ""753455"", ""round_number"": 7, ""team_id"": ""624""}",buy_category_display,$$$,$$$,True
Champions Ascent banks/buy categories/round wins,https://www.vlr.gg/753455/team-liquid-vs-paper-rex-valorant-champions-2026-opening-c/?game=283184&tab=economy,screenshots/champ-economy-stats.png,8c1f24f7b8fac63f3a89f061c69e20e3aa0647496db2eb363cd24c173308974c,round_economy.csv,"{""map_id"": ""283184"", ""match_id"": ""753455"", ""round_number"": 7, ""team_id"": ""624""}",round_win,0,0,True
Champions Ascent banks/buy categories/round wins,https://www.vlr.gg/753455/team-liquid-vs-paper-rex-valorant-champions-2026-opening-c/?game=283184&tab=economy,screenshots/champ-economy-stats.png,8c1f24f7b8fac63f3a89f061c69e20e3aa0647496db2eb363cd24c173308974c,round_economy.csv,"{""map_id"": ""283184"", ""match_id"": ""753455"", ""round_number"": 7, ""team_id"": ""624""}",side,attack,attack,True
Champions Ascent banks/buy categories/round wins,https://www.vlr.gg/753455/team-liquid-vs-paper-rex-valorant-champions-2026-opening-c/?game=283184&tab=economy,screenshots/champ-economy-stats.png,8c1f24f7b8fac63f3a89f061c69e20e3aa0647496db2eb363cd24c173308974c,round_economy.csv,"{""map_id"": ""283184"", ""match_id"": ""753455"", ""round_number"": 8, ""team_id"": ""624""}",bank_display,9.3k,9.3k,True
Champions Ascent banks/buy categories/round wins,https://www.vlr.gg/753455/team-liquid-vs-paper-rex-valorant-champions-2026-opening-c/?game=283184&tab=economy,screenshots/champ-economy-stats.png,8c1f24f7b8fac63f3a89f061c69e20e3aa0647496db2eb363cd24c173308974c,round_economy.csv,"{""map_id"": ""283184"", ""match_id"": ""753455"", ""round_number"": 8, ""team_id"": ""624""}",buy_category_display,$,$,True
Champions Ascent banks/buy categories/round wins,https://www.vlr.gg/753455/team-liquid-vs-paper-rex-valorant-champions-2026-opening-c/?game=283184&tab=economy,screenshots/champ-economy-stats.png,8c1f24f7b8fac63f3a89f061c69e20e3aa0647496db2eb363cd24c173308974c,round_economy.csv,"{""map_id"": ""283184"", ""match_id"": ""753455"", ""round_number"": 8, ""team_id"": ""624""}",round_win,0,0,True
Champions Ascent banks/buy categories/round wins,https://www.vlr.gg/753455/team-liquid-vs-paper-rex-valorant-champions-2026-opening-c/?game=283184&tab=economy,screenshots/champ-economy-stats.png,8c1f24f7b8fac63f3a89f061c69e20e3aa0647496db2eb363cd24c173308974c,round_economy.csv,"{""map_id"": ""283184"", ""match_id"": ""753455"", ""round_number"": 8, ""team_id"": ""624""}",side,attack,attack,True
Champions Ascent banks/buy categories/round wins,https://www.vlr.gg/753455/team-liquid-vs-paper-rex-valorant-champions-2026-opening-c/?game=283184&tab=economy,screenshots/champ-economy-stats.png,8c1f24f7b8fac63f3a89f061c69e20e3aa0647496db2eb363cd24c173308974c,round_economy.csv,"{""map_id"": ""283184"", ""match_id"": ""753455"", ""round_number"": 9, ""team_id"": ""624""}",bank_display,2.0k,2.0k,True
Champions Ascent banks/buy categories/round wins,https://www.vlr.gg/753455/team-liquid-vs-paper-rex-valorant-champions-2026-opening-c/?game=283184&tab=economy,screenshots/champ-economy-stats.png,8c1f24f7b8fac63f3a89f061c69e20e3aa0647496db2eb363cd24c173308974c,round_economy.csv,"{""map_id"": ""283184"", ""match_id"": ""753455"", ""round_number"": 9, ""team_id"": ""624""}",buy_category_display,$$$,$$$,True
Champions Ascent banks/buy categories/round wins,https://www.vlr.gg/753455/team-liquid-vs-paper-rex-valorant-champions-2026-opening-c/?game=283184&tab=economy,screenshots/champ-economy-stats.png,8c1f24f7b8fac63f3a89f061c69e20e3aa0647496db2eb363cd24c173308974c,round_economy.csv,"{""map_id"": ""283184"", ""match_id"": ""753455"", ""round_number"": 9, ""team_id"": ""624""}",round_win,1,1,True
Champions Ascent banks/buy categories/round wins,https://www.vlr.gg/753455/team-liquid-vs-paper-rex-valorant-champions-2026-opening-c/?game=283184&tab=economy,screenshots/champ-economy-stats.png,8c1f24f7b8fac63f3a89f061c69e20e3aa0647496db2eb363cd24c173308974c,round_economy.csv,"{""map_id"": ""283184"", ""match_id"": ""753455"", ""round_number"": 9, ""team_id"": ""624""}",side,attack,attack,True
Champions Ascent banks/buy categories/round wins,https://www.vlr.gg/753455/team-liquid-vs-paper-rex-valorant-champions-2026-opening-c/?game=283184&tab=economy,screenshots/champ-economy-stats.png,8c1f24f7b8fac63f3a89f061c69e20e3aa0647496db2eb363cd24c173308974c,round_economy.csv,"{""map_id"": ""283184"", ""match_id"": ""753455"", ""round_number"": 10, ""team_id"": ""624""}",bank_display,8.3k,8.3k,True
Champions Ascent banks/buy categories/round wins,https://www.vlr.gg/753455/team-liquid-vs-paper-rex-valorant-champions-2026-opening-c/?game=283184&tab=economy,screenshots/champ-economy-stats.png,8c1f24f7b8fac63f3a89f061c69e20e3aa0647496db2eb363cd24c173308974c,round_economy.csv,"{""map_id"": ""283184"", ""match_id"": ""753455"", ""round_number"": 10, ""team_id"": ""624""}",buy_category_display,$$$,$$$,True
Champions Ascent banks/buy categories/round wins,https://www.vlr.gg/753455/team-liquid-vs-paper-rex-valorant-champions-2026-opening-c/?game=283184&tab=economy,screenshots/champ-economy-stats.png,8c1f24f7b8fac63f3a89f061c69e20e3aa0647496db2eb363cd24c173308974c,round_economy.csv,"{""map_id"": ""283184"", ""match_id"": ""753455"", ""round_number"": 10, ""team_id"": ""624""}",round_win,1,1,True
Champions Ascent banks/buy categories/round wins,https://www.vlr.gg/753455/team-liquid-vs-paper-rex-valorant-champions-2026-opening-c/?game=283184&tab=economy,screenshots/champ-economy-stats.png,8c1f24f7b8fac63f3a89f061c69e20e3aa0647496db2eb363cd24c173308974c,round_economy.csv,"{""map_id"": ""283184"", ""match_id"": ""753455"", ""round_number"": 10, ""team_id"": ""624""}",side,attack,attack,True
Champions Ascent banks/buy categories/round wins,https://www.vlr.gg/753455/team-liquid-vs-paper-rex-valorant-champions-2026-opening-c/?game=283184&tab=economy,screenshots/champ-economy-stats.png,8c1f24f7b8fac63f3a89f061c69e20e3aa0647496db2eb363cd24c173308974c,round_economy.csv,"{""map_id"": ""283184"", ""match_id"": ""753455"", ""round_number"": 11, ""team_id"": ""624""}",bank_display,16.2k,16.2k,True
Champions Ascent banks/buy categories/round wins,https://www.vlr.gg/753455/team-liquid-vs-paper-rex-valorant-champions-2026-opening-c/?game=283184&tab=economy,screenshots/champ-economy-stats.png,8c1f24f7b8fac63f3a89f061c69e20e3aa0647496db2eb363cd24c173308974c,round_economy.csv,"{""map_id"": ""283184"", ""match_id"": ""753455"", ""round_number"": 11, ""team_id"": ""624""}",buy_category_display,$$$,$$$,True
Champions Ascent banks/buy categories/round wins,https://www.vlr.gg/753455/team-liquid-vs-paper-rex-valorant-champions-2026-opening-c/?game=283184&tab=economy,screenshots/champ-economy-stats.png,8c1f24f7b8fac63f3a89f061c69e20e3aa0647496db2eb363cd24c173308974c,round_economy.csv,"{""map_id"": ""283184"", ""match_id"": ""753455"", ""round_number"": 11, ""team_id"": ""624""}",round_win,1,1,True
Champions Ascent banks/buy categories/round wins,https://www.vlr.gg/753455/team-liquid-vs-paper-rex-valorant-champions-2026-opening-c/?game=283184&tab=economy,screenshots/champ-economy-stats.png,8c1f24f7b8fac63f3a89f061c69e20e3aa0647496db2eb363cd24c173308974c,round_economy.csv,"{""map_id"": ""283184"", ""match_id"": ""753455"", ""round_number"": 11, ""team_id"": ""624""}",side,attack,attack,True
Champions Ascent banks/buy categories/round wins,https://www.vlr.gg/753455/team-liquid-vs-paper-rex-valorant-champions-2026-opening-c/?game=283184&tab=economy,screenshots/champ-economy-stats.png,8c1f24f7b8fac63f3a89f061c69e20e3aa0647496db2eb363cd24c173308974c,round_economy.csv,"{""map_id"": ""283184"", ""match_id"": ""753455"", ""round_number"": 12, ""team_id"": ""624""}",bank_display,9.4k,9.4k,True
Champions Ascent banks/buy categories/round wins,https://www.vlr.gg/753455/team-liquid-vs-paper-rex-valorant-champions-2026-opening-c/?game=283184&tab=economy,screenshots/champ-economy-stats.png,8c1f24f7b8fac63f3a89f061c69e20e3aa0647496db2eb363cd24c173308974c,round_economy.csv,"{""map_id"": ""283184"", ""match_id"": ""753455"", ""round_number"": 12, ""team_id"": ""624""}",buy_category_display,$$$,$$$,True
Champions Ascent banks/buy categories/round wins,https://www.vlr.gg/753455/team-liquid-vs-paper-rex-valorant-champions-2026-opening-c/?game=283184&tab=economy,screenshots/champ-economy-stats.png,8c1f24f7b8fac63f3a89f061c69e20e3aa0647496db2eb363cd24c173308974c,round_economy.csv,"{""map_id"": ""283184"", ""match_id"": ""753455"", ""round_number"": 12, ""team_id"": ""624""}",round_win,1,1,True
Champions Ascent banks/buy categories/round wins,https://www.vlr.gg/753455/team-liquid-vs-paper-rex-valorant-champions-2026-opening-c/?game=283184&tab=economy,screenshots/champ-economy-stats.png,8c1f24f7b8fac63f3a89f061c69e20e3aa0647496db2eb363cd24c173308974c,round_economy.csv,"{""map_id"": ""283184"", ""match_id"": ""753455"", ""round_number"": 12, ""team_id"": ""624""}",side,attack,attack,True
Champions Ascent banks/buy categories/round wins,https://www.vlr.gg/753455/team-liquid-vs-paper-rex-valorant-champions-2026-opening-c/?game=283184&tab=economy,screenshots/champ-economy-stats.png,8c1f24f7b8fac63f3a89f061c69e20e3aa0647496db2eb363cd24c173308974c,round_economy.csv,"{""map_id"": ""283184"", ""match_id"": ""753455"", ""round_number"": 13, ""team_id"": ""624""}",bank_display,0.1k,0.1k,True
Champions Ascent banks/buy categories/round wins,https://www.vlr.gg/753455/team-liquid-vs-paper-rex-valorant-champions-2026-opening-c/?game=283184&tab=economy,screenshots/champ-economy-stats.png,8c1f24f7b8fac63f3a89f061c69e20e3aa0647496db2eb363cd24c173308974c,round_economy.csv,"{""map_id"": ""283184"", ""match_id"": ""753455"", ""round_number"": 13, ""team_id"": ""624""}",buy_category_display,,,True
Champions Ascent banks/buy categories/round wins,https://www.vlr.gg/753455/team-liquid-vs-paper-rex-valorant-champions-2026-opening-c/?game=283184&tab=economy,screenshots/champ-economy-stats.png,8c1f24f7b8fac63f3a89f061c69e20e3aa0647496db2eb363cd24c173308974c,round_economy.csv,"{""map_id"": ""283184"", ""match_id"": ""753455"", ""round_number"": 13, ""team_id"": ""624""}",round_win,1,1,True
Champions Ascent banks/buy categories/round wins,https://www.vlr.gg/753455/team-liquid-vs-paper-rex-valorant-champions-2026-opening-c/?game=283184&tab=economy,screenshots/champ-economy-stats.png,8c1f24f7b8fac63f3a89f061c69e20e3aa0647496db2eb363cd24c173308974c,round_economy.csv,"{""map_id"": ""283184"", ""match_id"": ""753455"", ""round_number"": 13, ""team_id"": ""624""}",side,defense,defense,True
Champions Ascent banks/buy categories/round wins,https://www.vlr.gg/753455/team-liquid-vs-paper-rex-valorant-champions-2026-opening-c/?game=283184&tab=economy,screenshots/champ-economy-stats.png,8c1f24f7b8fac63f3a89f061c69e20e3aa0647496db2eb363cd24c173308974c,round_economy.csv,"{""map_id"": ""283184"", ""match_id"": ""753455"", ""round_number"": 14, ""team_id"": ""624""}",bank_display,2.9k,2.9k,True
Champions Ascent banks/buy categories/round wins,https://www.vlr.gg/753455/team-liquid-vs-paper-rex-valorant-champions-2026-opening-c/?game=283184&tab=economy,screenshots/champ-economy-stats.png,8c1f24f7b8fac63f3a89f061c69e20e3aa0647496db2eb363cd24c173308974c,round_economy.csv,"{""map_id"": ""283184"", ""match_id"": ""753455"", ""round_number"": 14, ""team_id"": ""624""}",buy_category_display,$$,$$,True
Champions Ascent banks/buy categories/round wins,https://www.vlr.gg/753455/team-liquid-vs-paper-rex-valorant-champions-2026-opening-c/?game=283184&tab=economy,screenshots/champ-economy-stats.png,8c1f24f7b8fac63f3a89f061c69e20e3aa0647496db2eb363cd24c173308974c,round_economy.csv,"{""map_id"": ""283184"", ""match_id"": ""753455"", ""round_number"": 14, ""team_id"": ""624""}",round_win,1,1,True
Champions Ascent banks/buy categories/round wins,https://www.vlr.gg/753455/team-liquid-vs-paper-rex-valorant-champions-2026-opening-c/?game=283184&tab=economy,screenshots/champ-economy-stats.png,8c1f24f7b8fac63f3a89f061c69e20e3aa0647496db2eb363cd24c173308974c,round_economy.csv,"{""map_id"": ""283184"", ""match_id"": ""753455"", ""round_number"": 14, ""team_id"": ""624""}",side,defense,defense,True
Champions Ascent banks/buy categories/round wins,https://www.vlr.gg/753455/team-liquid-vs-paper-rex-valorant-champions-2026-opening-c/?game=283184&tab=economy,screenshots/champ-economy-stats.png,8c1f24f7b8fac63f3a89f061c69e20e3aa0647496db2eb363cd24c173308974c,round_economy.csv,"{""map_id"": ""283184"", ""match_id"": ""753455"", ""round_number"": 15, ""team_id"": ""624""}",bank_display,13.9k,13.9k,True
Champions Ascent banks/buy categories/round wins,https://www.vlr.gg/753455/team-liquid-vs-paper-rex-valorant-champions-2026-opening-c/?game=283184&tab=economy,screenshots/champ-economy-stats.png,8c1f24f7b8fac63f3a89f061c69e20e3aa0647496db2eb363cd24c173308974c,round_economy.csv,"{""map_id"": ""283184"", ""match_id"": ""753455"", ""round_number"": 15, ""team_id"": ""624""}",buy_category_display,$$,$$,True
Champions Ascent banks/buy categories/round wins,https://www.vlr.gg/753455/team-liquid-vs-paper-rex-valorant-champions-2026-opening-c/?game=283184&tab=economy,screenshots/champ-economy-stats.png,8c1f24f7b8fac63f3a89f061c69e20e3aa0647496db2eb363cd24c173308974c,round_economy.csv,"{""map_id"": ""283184"", ""match_id"": ""753455"", ""round_number"": 15, ""team_id"": ""624""}",round_win,1,1,True
Champions Ascent banks/buy categories/round wins,https://www.vlr.gg/753455/team-liquid-vs-paper-rex-valorant-champions-2026-opening-c/?game=283184&tab=economy,screenshots/champ-economy-stats.png,8c1f24f7b8fac63f3a89f061c69e20e3aa0647496db2eb363cd24c173308974c,round_economy.csv,"{""map_id"": ""283184"", ""match_id"": ""753455"", ""round_number"": 15, ""team_id"": ""624""}",side,defense,defense,True
Champions Ascent banks/buy categories/round wins,https://www.vlr.gg/753455/team-liquid-vs-paper-rex-valorant-champions-2026-opening-c/?game=283184&tab=economy,screenshots/champ-economy-stats.png,8c1f24f7b8fac63f3a89f061c69e20e3aa0647496db2eb363cd24c173308974c,round_economy.csv,"{""map_id"": ""283184"", ""match_id"": ""753455"", ""round_number"": 16, ""team_id"": ""624""}",bank_display,10.5k,10.5k,True
Champions Ascent banks/buy categories/round wins,https://www.vlr.gg/753455/team-liquid-vs-paper-rex-valorant-champions-2026-opening-c/?game=283184&tab=economy,screenshots/champ-economy-stats.png,8c1f24f7b8fac63f3a89f061c69e20e3aa0647496db2eb363cd24c173308974c,round_economy.csv,"{""map_id"": ""283184"", ""match_id"": ""753455"", ""round_number"": 16, ""team_id"": ""624""}",buy_category_display,$$$,$$$,True
Champions Ascent banks/buy categories/round wins,https://www.vlr.gg/753455/team-liquid-vs-paper-rex-valorant-champions-2026-opening-c/?game=283184&tab=economy,screenshots/champ-economy-stats.png,8c1f24f7b8fac63f3a89f061c69e20e3aa0647496db2eb363cd24c173308974c,round_economy.csv,"{""map_id"": ""283184"", ""match_id"": ""753455"", ""round_number"": 16, ""team_id"": ""624""}",round_win,1,1,True
Champions Ascent banks/buy categories/round wins,https://www.vlr.gg/753455/team-liquid-vs-paper-rex-valorant-champions-2026-opening-c/?game=283184&tab=economy,screenshots/champ-economy-stats.png,8c1f24f7b8fac63f3a89f061c69e20e3aa0647496db2eb363cd24c173308974c,round_economy.csv,"{""map_id"": ""283184"", ""match_id"": ""753455"", ""round_number"": 16, ""team_id"": ""624""}",side,defense,defense,True
Champions Ascent banks/buy categories/round wins,https://www.vlr.gg/753455/team-liquid-vs-paper-rex-valorant-champions-2026-opening-c/?game=283184&tab=economy,screenshots/champ-economy-stats.png,8c1f24f7b8fac63f3a89f061c69e20e3aa0647496db2eb363cd24c173308974c,round_economy.csv,"{""map_id"": ""283184"", ""match_id"": ""753455"", ""round_number"": 17, ""team_id"": ""624""}",bank_display,8.6k,8.6k,True
Champions Ascent banks/buy categories/round wins,https://www.vlr.gg/753455/team-liquid-vs-paper-rex-valorant-champions-2026-opening-c/?game=283184&tab=economy,screenshots/champ-economy-stats.png,8c1f24f7b8fac63f3a89f061c69e20e3aa0647496db2eb363cd24c173308974c,round_economy.csv,"{""map_id"": ""283184"", ""match_id"": ""753455"", ""round_number"": 17, ""team_id"": ""624""}",buy_category_display,$$$,$$$,True
Champions Ascent banks/buy categories/round wins,https://www.vlr.gg/753455/team-liquid-vs-paper-rex-valorant-champions-2026-opening-c/?game=283184&tab=economy,screenshots/champ-economy-stats.png,8c1f24f7b8fac63f3a89f061c69e20e3aa0647496db2eb363cd24c173308974c,round_economy.csv,"{""map_id"": ""283184"", ""match_id"": ""753455"", ""round_number"": 17, ""team_id"": ""624""}",round_win,1,1,True
Champions Ascent banks/buy categories/round wins,https://www.vlr.gg/753455/team-liquid-vs-paper-rex-valorant-champions-2026-opening-c/?game=283184&tab=economy,screenshots/champ-economy-stats.png,8c1f24f7b8fac63f3a89f061c69e20e3aa0647496db2eb363cd24c173308974c,round_economy.csv,"{""map_id"": ""283184"", ""match_id"": ""753455"", ""round_number"": 17, ""team_id"": ""624""}",side,defense,defense,True
Champions Ascent banks/buy categories/round wins,https://www.vlr.gg/753455/team-liquid-vs-paper-rex-valorant-champions-2026-opening-c/?game=283184&tab=economy,screenshots/champ-economy-stats.png,8c1f24f7b8fac63f3a89f061c69e20e3aa0647496db2eb363cd24c173308974c,round_economy.csv,"{""map_id"": ""283184"", ""match_id"": ""753455"", ""round_number"": 1, ""team_id"": ""474""}",loadout_value,4000,4000,True
Champions Ascent banks/buy categories/round wins,https://www.vlr.gg/753455/team-liquid-vs-paper-rex-valorant-champions-2026-opening-c/?game=283184&tab=economy,screenshots/champ-economy-stats.png,8c1f24f7b8fac63f3a89f061c69e20e3aa0647496db2eb363cd24c173308974c,round_economy.csv,"{""map_id"": ""283184"", ""match_id"": ""753455"", ""round_number"": 1, ""team_id"": ""624""}",loadout_value,4100,4100,True
Champions Ascent banks/buy categories/round wins,https://www.vlr.gg/753455/team-liquid-vs-paper-rex-valorant-champions-2026-opening-c/?game=283184&tab=economy,screenshots/champ-economy-stats.png,8c1f24f7b8fac63f3a89f061c69e20e3aa0647496db2eb363cd24c173308974c,round_economy.csv,"{""map_id"": ""283184"", ""match_id"": ""753455"", ""round_number"": 2, ""team_id"": ""474""}",loadout_value,1950,1950,True
Champions Ascent banks/buy categories/round wins,https://www.vlr.gg/753455/team-liquid-vs-paper-rex-valorant-champions-2026-opening-c/?game=283184&tab=economy,screenshots/champ-economy-stats.png,8c1f24f7b8fac63f3a89f061c69e20e3aa0647496db2eb363cd24c173308974c,round_economy.csv,"{""map_id"": ""283184"", ""match_id"": ""753455"", ""round_number"": 2, ""team_id"": ""624""}",loadout_value,14600,14600,True
Champions match context,https://www.vlr.gg/753455/team-liquid-vs-paper-rex-valorant-champions-2026-opening-c/?game=283184&tab=economy,screenshots/champ-economy-top.png,7ee40bd9df86310d6985379218fb57556e6e03f2e57148685adc1e7824432049,map_context.csv,"{""map_id"": ""283184"", ""match_id"": ""753455""}",patch,13.05,13.05,True
Champions match context,https://www.vlr.gg/753455/team-liquid-vs-paper-rex-valorant-champions-2026-opening-c/?game=283184&tab=economy,screenshots/champ-economy-top.png,7ee40bd9df86310d6985379218fb57556e6e03f2e57148685adc1e7824432049,map_context.csv,"{""map_id"": ""283184"", ""match_id"": ""753455""}",veto_note,PRX ban Abyss; TL ban Sunset; PRX pick Ascent; TL pick Haven; PRX ban Summit; TL ban Split; Lotus remains,PRX ban Abyss; TL ban Sunset; PRX pick Ascent; TL pick Haven; PRX ban Summit; TL ban Split; Lotus remains,True
Pacific Stage 2 match context,https://www.vlr.gg/698884/gen-g-vs-zeta-division-vct-2026-pacific-stage-2-w1/?game=273205&tab=performance,screenshots/pacific-performance-top.png,688c0cca396eeff03bedce2e83e3db646b72dfead018558edbe3e2ce4b563e2b,map_context.csv,"{""map_id"": ""273205"", ""match_id"": ""698884""}",patch,13.01,13.01,True
Pacific Stage 2 match context,https://www.vlr.gg/698884/gen-g-vs-zeta-division-vct-2026-pacific-stage-2-w1/?game=273205&tab=performance,screenshots/pacific-performance-top.png,688c0cca396eeff03bedce2e83e3db646b72dfead018558edbe3e2ce4b563e2b,map_context.csv,"{""map_id"": ""273205"", ""match_id"": ""698884""}",veto_note,ZETA ban Summit; GEN ban Breeze; ZETA pick Ascent; GEN pick Sunset; ZETA ban Lotus; GEN ban Split; Haven remains,ZETA ban Summit; GEN ban Breeze; ZETA pick Ascent; GEN pick Sunset; ZETA ban Lotus; GEN ban Split; Haven remains,True
Champions overview box scores and round sequence,https://www.vlr.gg/753455/team-liquid-vs-paper-rex-valorant-champions-2026-opening-c/?game=283184,screenshots/champ-overview-stats.png,f5c0af6449b0895fa5d59c04e1e99c0244ecc6df7401dee87d99e75e57407fa0,player_map_stats.csv,"{""handle"": ""trexx"", ""map_id"": ""283184"", ""match_id"": ""753455""}",vlr_rating,0.89,0.89,True
Champions overview box scores and round sequence,https://www.vlr.gg/753455/team-liquid-vs-paper-rex-valorant-champions-2026-opening-c/?game=283184,screenshots/champ-overview-stats.png,f5c0af6449b0895fa5d59c04e1e99c0244ecc6df7401dee87d99e75e57407fa0,player_map_stats.csv,"{""handle"": ""trexx"", ""map_id"": ""283184"", ""match_id"": ""753455""}",acs,241,241,True
Champions overview box scores and round sequence,https://www.vlr.gg/753455/team-liquid-vs-paper-rex-valorant-champions-2026-opening-c/?game=283184,screenshots/champ-overview-stats.png,f5c0af6449b0895fa5d59c04e1e99c0244ecc6df7401dee87d99e75e57407fa0,player_map_stats.csv,"{""handle"": ""trexx"", ""map_id"": ""283184"", ""match_id"": ""753455""}",kills,12,12,True
Champions overview box scores and round sequence,https://www.vlr.gg/753455/team-liquid-vs-paper-rex-valorant-champions-2026-opening-c/?game=283184,screenshots/champ-overview-stats.png,f5c0af6449b0895fa5d59c04e1e99c0244ecc6df7401dee87d99e75e57407fa0,player_map_stats.csv,"{""handle"": ""trexx"", ""map_id"": ""283184"", ""match_id"": ""753455""}",deaths,15,15,True
Champions overview box scores and round sequence,https://www.vlr.gg/753455/team-liquid-vs-paper-rex-valorant-champions-2026-opening-c/?game=283184,screenshots/champ-overview-stats.png,f5c0af6449b0895fa5d59c04e1e99c0244ecc6df7401dee87d99e75e57407fa0,player_map_stats.csv,"{""handle"": ""trexx"", ""map_id"": ""283184"", ""match_id"": ""753455""}",assists,5,5,True
Champions overview box scores and round sequence,https://www.vlr.gg/753455/team-liquid-vs-paper-rex-valorant-champions-2026-opening-c/?game=283184,screenshots/champ-overview-stats.png,f5c0af6449b0895fa5d59c04e1e99c0244ecc6df7401dee87d99e75e57407fa0,player_map_stats.csv,"{""handle"": ""trexx"", ""map_id"": ""283184"", ""match_id"": ""753455""}",kast_pct,53,53,True
Champions overview box scores and round sequence,https://www.vlr.gg/753455/team-liquid-vs-paper-rex-valorant-champions-2026-opening-c/?game=283184,screenshots/champ-overview-stats.png,f5c0af6449b0895fa5d59c04e1e99c0244ecc6df7401dee87d99e75e57407fa0,player_map_stats.csv,"{""handle"": ""trexx"", ""map_id"": ""283184"", ""match_id"": ""753455""}",adr,160,160,True
Champions overview box scores and round sequence,https://www.vlr.gg/753455/team-liquid-vs-paper-rex-valorant-champions-2026-opening-c/?game=283184,screenshots/champ-overview-stats.png,f5c0af6449b0895fa5d59c04e1e99c0244ecc6df7401dee87d99e75e57407fa0,player_map_stats.csv,"{""handle"": ""trexx"", ""map_id"": ""283184"", ""match_id"": ""753455""}",hs_pct,24,24,True
Champions overview box scores and round sequence,https://www.vlr.gg/753455/team-liquid-vs-paper-rex-valorant-champions-2026-opening-c/?game=283184,screenshots/champ-overview-stats.png,f5c0af6449b0895fa5d59c04e1e99c0244ecc6df7401dee87d99e75e57407fa0,player_map_stats.csv,"{""handle"": ""trexx"", ""map_id"": ""283184"", ""match_id"": ""753455""}",first_kills,1,1,True
Champions overview box scores and round sequence,https://www.vlr.gg/753455/team-liquid-vs-paper-rex-valorant-champions-2026-opening-c/?game=283184,screenshots/champ-overview-stats.png,f5c0af6449b0895fa5d59c04e1e99c0244ecc6df7401dee87d99e75e57407fa0,player_map_stats.csv,"{""handle"": ""trexx"", ""map_id"": ""283184"", ""match_id"": ""753455""}",first_deaths,2,2,True
Champions overview box scores and round sequence,https://www.vlr.gg/753455/team-liquid-vs-paper-rex-valorant-champions-2026-opening-c/?game=283184,screenshots/champ-overview-stats.png,f5c0af6449b0895fa5d59c04e1e99c0244ecc6df7401dee87d99e75e57407fa0,player_map_stats.csv,"{""handle"": ""nAts"", ""map_id"": ""283184"", ""match_id"": ""753455""}",vlr_rating,0.87,0.87,True
Champions overview box scores and round sequence,https://www.vlr.gg/753455/team-liquid-vs-paper-rex-valorant-champions-2026-opening-c/?game=283184,screenshots/champ-overview-stats.png,f5c0af6449b0895fa5d59c04e1e99c0244ecc6df7401dee87d99e75e57407fa0,player_map_stats.csv,"{""handle"": ""nAts"", ""map_id"": ""283184"", ""match_id"": ""753455""}",acs,188,188,True
Champions overview box scores and round sequence,https://www.vlr.gg/753455/team-liquid-vs-paper-rex-valorant-champions-2026-opening-c/?game=283184,screenshots/champ-overview-stats.png,f5c0af6449b0895fa5d59c04e1e99c0244ecc6df7401dee87d99e75e57407fa0,player_map_stats.csv,"{""handle"": ""nAts"", ""map_id"": ""283184"", ""match_id"": ""753455""}",kills,11,11,True
Champions overview box scores and round sequence,https://www.vlr.gg/753455/team-liquid-vs-paper-rex-valorant-champions-2026-opening-c/?game=283184,screenshots/champ-overview-stats.png,f5c0af6449b0895fa5d59c04e1e99c0244ecc6df7401dee87d99e75e57407fa0,player_map_stats.csv,"{""handle"": ""nAts"", ""map_id"": ""283184"", ""match_id"": ""753455""}",deaths,14,14,True
Champions overview box scores and round sequence,https://www.vlr.gg/753455/team-liquid-vs-paper-rex-valorant-champions-2026-opening-c/?game=283184,screenshots/champ-overview-stats.png,f5c0af6449b0895fa5d59c04e1e99c0244ecc6df7401dee87d99e75e57407fa0,player_map_stats.csv,"{""handle"": ""nAts"", ""map_id"": ""283184"", ""match_id"": ""753455""}",assists,2,2,True
Champions overview box scores and round sequence,https://www.vlr.gg/753455/team-liquid-vs-paper-rex-valorant-champions-2026-opening-c/?game=283184,screenshots/champ-overview-stats.png,f5c0af6449b0895fa5d59c04e1e99c0244ecc6df7401dee87d99e75e57407fa0,player_map_stats.csv,"{""handle"": ""nAts"", ""map_id"": ""283184"", ""match_id"": ""753455""}",kast_pct,53,53,True
Champions overview box scores and round sequence,https://www.vlr.gg/753455/team-liquid-vs-paper-rex-valorant-champions-2026-opening-c/?game=283184,screenshots/champ-overview-stats.png,f5c0af6449b0895fa5d59c04e1e99c0244ecc6df7401dee87d99e75e57407fa0,player_map_stats.csv,"{""handle"": ""nAts"", ""map_id"": ""283184"", ""match_id"": ""753455""}",adr,153,153,True
Champions overview box scores and round sequence,https://www.vlr.gg/753455/team-liquid-vs-paper-rex-valorant-champions-2026-opening-c/?game=283184,screenshots/champ-overview-stats.png,f5c0af6449b0895fa5d59c04e1e99c0244ecc6df7401dee87d99e75e57407fa0,player_map_stats.csv,"{""handle"": ""nAts"", ""map_id"": ""283184"", ""match_id"": ""753455""}",hs_pct,18,18,True
Champions overview box scores and round sequence,https://www.vlr.gg/753455/team-liquid-vs-paper-rex-valorant-champions-2026-opening-c/?game=283184,screenshots/champ-overview-stats.png,f5c0af6449b0895fa5d59c04e1e99c0244ecc6df7401dee87d99e75e57407fa0,player_map_stats.csv,"{""handle"": ""nAts"", ""map_id"": ""283184"", ""match_id"": ""753455""}",first_kills,0,0,True
Champions overview box scores and round sequence,https://www.vlr.gg/753455/team-liquid-vs-paper-rex-valorant-champions-2026-opening-c/?game=283184,screenshots/champ-overview-stats.png,f5c0af6449b0895fa5d59c04e1e99c0244ecc6df7401dee87d99e75e57407fa0,player_map_stats.csv,"{""handle"": ""nAts"", ""map_id"": ""283184"", ""match_id"": ""753455""}",first_deaths,3,3,True
Champions overview box scores and round sequence,https://www.vlr.gg/753455/team-liquid-vs-paper-rex-valorant-champions-2026-opening-c/?game=283184,screenshots/champ-overview-stats.png,f5c0af6449b0895fa5d59c04e1e99c0244ecc6df7401dee87d99e75e57407fa0,player_map_stats.csv,"{""handle"": ""Kicks"", ""map_id"": ""283184"", ""match_id"": ""753455""}",vlr_rating,0.81,0.81,True
Champions overview box scores and round sequence,https://www.vlr.gg/753455/team-liquid-vs-paper-rex-valorant-champions-2026-opening-c/?game=283184,screenshots/champ-overview-stats.png,f5c0af6449b0895fa5d59c04e1e99c0244ecc6df7401dee87d99e75e57407fa0,player_map_stats.csv,"{""handle"": ""Kicks"", ""map_id"": ""283184"", ""match_id"": ""753455""}",acs,166,166,True
Champions overview box scores and round sequence,https://www.vlr.gg/753455/team-liquid-vs-paper-rex-valorant-champions-2026-opening-c/?game=283184,screenshots/champ-overview-stats.png,f5c0af6449b0895fa5d59c04e1e99c0244ecc6df7401dee87d99e75e57407fa0,player_map_stats.csv,"{""handle"": ""Kicks"", ""map_id"": ""283184"", ""match_id"": ""753455""}",kills,9,9,True
Champions overview box scores and round sequence,https://www.vlr.gg/753455/team-liquid-vs-paper-rex-valorant-champions-2026-opening-c/?game=283184,screenshots/champ-overview-stats.png,f5c0af6449b0895fa5d59c04e1e99c0244ecc6df7401dee87d99e75e57407fa0,player_map_stats.csv,"{""handle"": ""Kicks"", ""map_id"": ""283184"", ""match_id"": ""753455""}",deaths,14,14,True
Champions overview box scores and round sequence,https://www.vlr.gg/753455/team-liquid-vs-paper-rex-valorant-champions-2026-opening-c/?game=283184,screenshots/champ-overview-stats.png,f5c0af6449b0895fa5d59c04e1e99c0244ecc6df7401dee87d99e75e57407fa0,player_map_stats.csv,"{""handle"": ""Kicks"", ""map_id"": ""283184"", ""match_id"": ""753455""}",assists,6,6,True
Champions overview box scores and round sequence,https://www.vlr.gg/753455/team-liquid-vs-paper-rex-valorant-champions-2026-opening-c/?game=283184,screenshots/champ-overview-stats.png,f5c0af6449b0895fa5d59c04e1e99c0244ecc6df7401dee87d99e75e57407fa0,player_map_stats.csv,"{""handle"": ""Kicks"", ""map_id"": ""283184"", ""match_id"": ""753455""}",kast_pct,53,53,True
Champions overview box scores and round sequence,https://www.vlr.gg/753455/team-liquid-vs-paper-rex-valorant-champions-2026-opening-c/?game=283184,screenshots/champ-overview-stats.png,f5c0af6449b0895fa5d59c04e1e99c0244ecc6df7401dee87d99e75e57407fa0,player_map_stats.csv,"{""handle"": ""Kicks"", ""map_id"": ""283184"", ""match_id"": ""753455""}",adr,114,114,True
Champions overview box scores and round sequence,https://www.vlr.gg/753455/team-liquid-vs-paper-rex-valorant-champions-2026-opening-c/?game=283184,screenshots/champ-overview-stats.png,f5c0af6449b0895fa5d59c04e1e99c0244ecc6df7401dee87d99e75e57407fa0,player_map_stats.csv,"{""handle"": ""Kicks"", ""map_id"": ""283184"", ""match_id"": ""753455""}",hs_pct,24,24,True
Champions overview box scores and round sequence,https://www.vlr.gg/753455/team-liquid-vs-paper-rex-valorant-champions-2026-opening-c/?game=283184,screenshots/champ-overview-stats.png,f5c0af6449b0895fa5d59c04e1e99c0244ecc6df7401dee87d99e75e57407fa0,player_map_stats.csv,"{""handle"": ""Kicks"", ""map_id"": ""283184"", ""match_id"": ""753455""}",first_kills,1,1,True
Champions overview box scores and round sequence,https://www.vlr.gg/753455/team-liquid-vs-paper-rex-valorant-champions-2026-opening-c/?game=283184,screenshots/champ-overview-stats.png,f5c0af6449b0895fa5d59c04e1e99c0244ecc6df7401dee87d99e75e57407fa0,player_map_stats.csv,"{""handle"": ""Kicks"", ""map_id"": ""283184"", ""match_id"": ""753455""}",first_deaths,1,1,True
Champions overview box scores and round sequence,https://www.vlr.gg/753455/team-liquid-vs-paper-rex-valorant-champions-2026-opening-c/?game=283184,screenshots/champ-overview-stats.png,f5c0af6449b0895fa5d59c04e1e99c0244ecc6df7401dee87d99e75e57407fa0,player_map_stats.csv,"{""handle"": ""GSR"", ""map_id"": ""283184"", ""match_id"": ""753455""}",vlr_rating,0.68,0.68,True
Champions overview box scores and round sequence,https://www.vlr.gg/753455/team-liquid-vs-paper-rex-valorant-champions-2026-opening-c/?game=283184,screenshots/champ-overview-stats.png,f5c0af6449b0895fa5d59c04e1e99c0244ecc6df7401dee87d99e75e57407fa0,player_map_stats.csv,"{""handle"": ""GSR"", ""map_id"": ""283184"", ""match_id"": ""753455""}",acs,162,162,True
Champions overview box scores and round sequence,https://www.vlr.gg/753455/team-liquid-vs-paper-rex-valorant-champions-2026-opening-c/?game=283184,screenshots/champ-overview-stats.png,f5c0af6449b0895fa5d59c04e1e99c0244ecc6df7401dee87d99e75e57407fa0,player_map_stats.csv,"{""handle"": ""GSR"", ""map_id"": ""283184"", ""match_id"": ""753455""}",kills,9,9,True
Champions overview box scores and round sequence,https://www.vlr.gg/753455/team-liquid-vs-paper-rex-valorant-champions-2026-opening-c/?game=283184,screenshots/champ-overview-stats.png,f5c0af6449b0895fa5d59c04e1e99c0244ecc6df7401dee87d99e75e57407fa0,player_map_stats.csv,"{""handle"": ""GSR"", ""map_id"": ""283184"", ""match_id"": ""753455""}",deaths,15,15,True
Champions overview box scores and round sequence,https://www.vlr.gg/753455/team-liquid-vs-paper-rex-valorant-champions-2026-opening-c/?game=283184,screenshots/champ-overview-stats.png,f5c0af6449b0895fa5d59c04e1e99c0244ecc6df7401dee87d99e75e57407fa0,player_map_stats.csv,"{""handle"": ""GSR"", ""map_id"": ""283184"", ""match_id"": ""753455""}",assists,1,1,True
Champions overview box scores and round sequence,https://www.vlr.gg/753455/team-liquid-vs-paper-rex-valorant-champions-2026-opening-c/?game=283184,screenshots/champ-overview-stats.png,f5c0af6449b0895fa5d59c04e1e99c0244ecc6df7401dee87d99e75e57407fa0,player_map_stats.csv,"{""handle"": ""GSR"", ""map_id"": ""283184"", ""match_id"": ""753455""}",kast_pct,65,65,True
Champions overview box scores and round sequence,https://www.vlr.gg/753455/team-liquid-vs-paper-rex-valorant-champions-2026-opening-c/?game=283184,screenshots/champ-overview-stats.png,f5c0af6449b0895fa5d59c04e1e99c0244ecc6df7401dee87d99e75e57407fa0,player_map_stats.csv,"{""handle"": ""GSR"", ""map_id"": ""283184"", ""match_id"": ""753455""}",adr,124,124,True
Champions overview box scores and round sequence,https://www.vlr.gg/753455/team-liquid-vs-paper-rex-valorant-champions-2026-opening-c/?game=283184,screenshots/champ-overview-stats.png,f5c0af6449b0895fa5d59c04e1e99c0244ecc6df7401dee87d99e75e57407fa0,player_map_stats.csv,"{""handle"": ""GSR"", ""map_id"": ""283184"", ""match_id"": ""753455""}",hs_pct,18,18,True
Champions overview box scores and round sequence,https://www.vlr.gg/753455/team-liquid-vs-paper-rex-valorant-champions-2026-opening-c/?game=283184,screenshots/champ-overview-stats.png,f5c0af6449b0895fa5d59c04e1e99c0244ecc6df7401dee87d99e75e57407fa0,player_map_stats.csv,"{""handle"": ""GSR"", ""map_id"": ""283184"", ""match_id"": ""753455""}",first_kills,1,1,True
Champions overview box scores and round sequence,https://www.vlr.gg/753455/team-liquid-vs-paper-rex-valorant-champions-2026-opening-c/?game=283184,screenshots/champ-overview-stats.png,f5c0af6449b0895fa5d59c04e1e99c0244ecc6df7401dee87d99e75e57407fa0,player_map_stats.csv,"{""handle"": ""GSR"", ""map_id"": ""283184"", ""match_id"": ""753455""}",first_deaths,2,2,True
Champions overview box scores and round sequence,https://www.vlr.gg/753455/team-liquid-vs-paper-rex-valorant-champions-2026-opening-c/?game=283184,screenshots/champ-overview-stats.png,f5c0af6449b0895fa5d59c04e1e99c0244ecc6df7401dee87d99e75e57407fa0,player_map_stats.csv,"{""handle"": ""kamo"", ""map_id"": ""283184"", ""match_id"": ""753455""}",vlr_rating,0.56,0.56,True
Champions overview box scores and round sequence,https://www.vlr.gg/753455/team-liquid-vs-paper-rex-valorant-champions-2026-opening-c/?game=283184,screenshots/champ-overview-stats.png,f5c0af6449b0895fa5d59c04e1e99c0244ecc6df7401dee87d99e75e57407fa0,player_map_stats.csv,"{""handle"": ""kamo"", ""map_id"": ""283184"", ""match_id"": ""753455""}",acs,195,195,True
Champions overview box scores and round sequence,https://www.vlr.gg/753455/team-liquid-vs-paper-rex-valorant-champions-2026-opening-c/?game=283184,screenshots/champ-overview-stats.png,f5c0af6449b0895fa5d59c04e1e99c0244ecc6df7401dee87d99e75e57407fa0,player_map_stats.csv,"{""handle"": ""kamo"", ""map_id"": ""283184"", ""match_id"": ""753455""}",kills,9,9,True
Champions overview box scores and round sequence,https://www.vlr.gg/753455/team-liquid-vs-paper-rex-valorant-champions-2026-opening-c/?game=283184,screenshots/champ-overview-stats.png,f5c0af6449b0895fa5d59c04e1e99c0244ecc6df7401dee87d99e75e57407fa0,player_map_stats.csv,"{""handle"": ""kamo"", ""map_id"": ""283184"", ""match_id"": ""753455""}",deaths,16,16,True
Champions overview box scores and round sequence,https://www.vlr.gg/753455/team-liquid-vs-paper-rex-valorant-champions-2026-opening-c/?game=283184,screenshots/champ-overview-stats.png,f5c0af6449b0895fa5d59c04e1e99c0244ecc6df7401dee87d99e75e57407fa0,player_map_stats.csv,"{""handle"": ""kamo"", ""map_id"": ""283184"", ""match_id"": ""753455""}",assists,4,4,True
Champions overview box scores and round sequence,https://www.vlr.gg/753455/team-liquid-vs-paper-rex-valorant-champions-2026-opening-c/?game=283184,screenshots/champ-overview-stats.png,f5c0af6449b0895fa5d59c04e1e99c0244ecc6df7401dee87d99e75e57407fa0,player_map_stats.csv,"{""handle"": ""kamo"", ""map_id"": ""283184"", ""match_id"": ""753455""}",kast_pct,71,71,True
Champions overview box scores and round sequence,https://www.vlr.gg/753455/team-liquid-vs-paper-rex-valorant-champions-2026-opening-c/?game=283184,screenshots/champ-overview-stats.png,f5c0af6449b0895fa5d59c04e1e99c0244ecc6df7401dee87d99e75e57407fa0,player_map_stats.csv,"{""handle"": ""kamo"", ""map_id"": ""283184"", ""match_id"": ""753455""}",adr,128,128,True
Champions overview box scores and round sequence,https://www.vlr.gg/753455/team-liquid-vs-paper-rex-valorant-champions-2026-opening-c/?game=283184,screenshots/champ-overview-stats.png,f5c0af6449b0895fa5d59c04e1e99c0244ecc6df7401dee87d99e75e57407fa0,player_map_stats.csv,"{""handle"": ""kamo"", ""map_id"": ""283184"", ""match_id"": ""753455""}",hs_pct,36,36,True
Champions overview box scores and round sequence,https://www.vlr.gg/753455/team-liquid-vs-paper-rex-valorant-champions-2026-opening-c/?game=283184,screenshots/champ-overview-stats.png,f5c0af6449b0895fa5d59c04e1e99c0244ecc6df7401dee87d99e75e57407fa0,player_map_stats.csv,"{""handle"": ""kamo"", ""map_id"": ""283184"", ""match_id"": ""753455""}",first_kills,0,0,True
Champions overview box scores and round sequence,https://www.vlr.gg/753455/team-liquid-vs-paper-rex-valorant-champions-2026-opening-c/?game=283184,screenshots/champ-overview-stats.png,f5c0af6449b0895fa5d59c04e1e99c0244ecc6df7401dee87d99e75e57407fa0,player_map_stats.csv,"{""handle"": ""kamo"", ""map_id"": ""283184"", ""match_id"": ""753455""}",first_deaths,6,6,True
Champions overview box scores and round sequence,https://www.vlr.gg/753455/team-liquid-vs-paper-rex-valorant-champions-2026-opening-c/?game=283184,screenshots/champ-overview-stats.png,f5c0af6449b0895fa5d59c04e1e99c0244ecc6df7401dee87d99e75e57407fa0,player_map_stats.csv,"{""handle"": ""something"", ""map_id"": ""283184"", ""match_id"": ""753455""}",vlr_rating,1.6,1.6,True
Champions overview box scores and round sequence,https://www.vlr.gg/753455/team-liquid-vs-paper-rex-valorant-champions-2026-opening-c/?game=283184,screenshots/champ-overview-stats.png,f5c0af6449b0895fa5d59c04e1e99c0244ecc6df7401dee87d99e75e57407fa0,player_map_stats.csv,"{""handle"": ""something"", ""map_id"": ""283184"", ""match_id"": ""753455""}",acs,313,313,True
Champions overview box scores and round sequence,https://www.vlr.gg/753455/team-liquid-vs-paper-rex-valorant-champions-2026-opening-c/?game=283184,screenshots/champ-overview-stats.png,f5c0af6449b0895fa5d59c04e1e99c0244ecc6df7401dee87d99e75e57407fa0,player_map_stats.csv,"{""handle"": ""something"", ""map_id"": ""283184"", ""match_id"": ""753455""}",kills,20,20,True
Champions overview box scores and round sequence,https://www.vlr.gg/753455/team-liquid-vs-paper-rex-valorant-champions-2026-opening-c/?game=283184,screenshots/champ-overview-stats.png,f5c0af6449b0895fa5d59c04e1e99c0244ecc6df7401dee87d99e75e57407fa0,player_map_stats.csv,"{""handle"": ""something"", ""map_id"": ""283184"", ""match_id"": ""753455""}",deaths,10,10,True
Champions overview box scores and round sequence,https://www.vlr.gg/753455/team-liquid-vs-paper-rex-valorant-champions-2026-opening-c/?game=283184,screenshots/champ-overview-stats.png,f5c0af6449b0895fa5d59c04e1e99c0244ecc6df7401dee87d99e75e57407fa0,player_map_stats.csv,"{""handle"": ""something"", ""map_id"": ""283184"", ""match_id"": ""753455""}",assists,4,4,True
Champions overview box scores and round sequence,https://www.vlr.gg/753455/team-liquid-vs-paper-rex-valorant-champions-2026-opening-c/?game=283184,screenshots/champ-overview-stats.png,f5c0af6449b0895fa5d59c04e1e99c0244ecc6df7401dee87d99e75e57407fa0,player_map_stats.csv,"{""handle"": ""something"", ""map_id"": ""283184"", ""match_id"": ""753455""}",kast_pct,76,76,True
Champions overview box scores and round sequence,https://www.vlr.gg/753455/team-liquid-vs-paper-rex-valorant-champions-2026-opening-c/?game=283184,screenshots/champ-overview-stats.png,f5c0af6449b0895fa5d59c04e1e99c0244ecc6df7401dee87d99e75e57407fa0,player_map_stats.csv,"{""handle"": ""something"", ""map_id"": ""283184"", ""match_id"": ""753455""}",adr,200,200,True
Champions overview box scores and round sequence,https://www.vlr.gg/753455/team-liquid-vs-paper-rex-valorant-champions-2026-opening-c/?game=283184,screenshots/champ-overview-stats.png,f5c0af6449b0895fa5d59c04e1e99c0244ecc6df7401dee87d99e75e57407fa0,player_map_stats.csv,"{""handle"": ""something"", ""map_id"": ""283184"", ""match_id"": ""753455""}",hs_pct,33,33,True
Champions overview box scores and round sequence,https://www.vlr.gg/753455/team-liquid-vs-paper-rex-valorant-champions-2026-opening-c/?game=283184,screenshots/champ-overview-stats.png,f5c0af6449b0895fa5d59c04e1e99c0244ecc6df7401dee87d99e75e57407fa0,player_map_stats.csv,"{""handle"": ""something"", ""map_id"": ""283184"", ""match_id"": ""753455""}",first_kills,3,3,True
Champions overview box scores and round sequence,https://www.vlr.gg/753455/team-liquid-vs-paper-rex-valorant-champions-2026-opening-c/?game=283184,screenshots/champ-overview-stats.png,f5c0af6449b0895fa5d59c04e1e99c0244ecc6df7401dee87d99e75e57407fa0,player_map_stats.csv,"{""handle"": ""something"", ""map_id"": ""283184"", ""match_id"": ""753455""}",first_deaths,2,2,True
Champions overview box scores and round sequence,https://www.vlr.gg/753455/team-liquid-vs-paper-rex-valorant-champions-2026-opening-c/?game=283184,screenshots/champ-overview-stats.png,f5c0af6449b0895fa5d59c04e1e99c0244ecc6df7401dee87d99e75e57407fa0,player_map_stats.csv,"{""handle"": ""d4v41"", ""map_id"": ""283184"", ""match_id"": ""753455""}",vlr_rating,1.24,1.24,True
Champions overview box scores and round sequence,https://www.vlr.gg/753455/team-liquid-vs-paper-rex-valorant-champions-2026-opening-c/?game=283184,screenshots/champ-overview-stats.png,f5c0af6449b0895fa5d59c04e1e99c0244ecc6df7401dee87d99e75e57407fa0,player_map_stats.csv,"{""handle"": ""d4v41"", ""map_id"": ""283184"", ""match_id"": ""753455""}",acs,179,179,True
Champions overview box scores and round sequence,https://www.vlr.gg/753455/team-liquid-vs-paper-rex-valorant-champions-2026-opening-c/?game=283184,screenshots/champ-overview-stats.png,f5c0af6449b0895fa5d59c04e1e99c0244ecc6df7401dee87d99e75e57407fa0,player_map_stats.csv,"{""handle"": ""d4v41"", ""map_id"": ""283184"", ""match_id"": ""753455""}",kills,12,12,True
Champions overview box scores and round sequence,https://www.vlr.gg/753455/team-liquid-vs-paper-rex-valorant-champions-2026-opening-c/?game=283184,screenshots/champ-overview-stats.png,f5c0af6449b0895fa5d59c04e1e99c0244ecc6df7401dee87d99e75e57407fa0,player_map_stats.csv,"{""handle"": ""d4v41"", ""map_id"": ""283184"", ""match_id"": ""753455""}",deaths,8,8,True
Champions overview box scores and round sequence,https://www.vlr.gg/753455/team-liquid-vs-paper-rex-valorant-champions-2026-opening-c/?game=283184,screenshots/champ-overview-stats.png,f5c0af6449b0895fa5d59c04e1e99c0244ecc6df7401dee87d99e75e57407fa0,player_map_stats.csv,"{""handle"": ""d4v41"", ""map_id"": ""283184"", ""match_id"": ""753455""}",assists,3,3,True
Champions overview box scores and round sequence,https://www.vlr.gg/753455/team-liquid-vs-paper-rex-valorant-champions-2026-opening-c/?game=283184,screenshots/champ-overview-stats.png,f5c0af6449b0895fa5d59c04e1e99c0244ecc6df7401dee87d99e75e57407fa0,player_map_stats.csv,"{""handle"": ""d4v41"", ""map_id"": ""283184"", ""match_id"": ""753455""}",kast_pct,94,94,True
Champions overview box scores and round sequence,https://www.vlr.gg/753455/team-liquid-vs-paper-rex-valorant-champions-2026-opening-c/?game=283184,screenshots/champ-overview-stats.png,f5c0af6449b0895fa5d59c04e1e99c0244ecc6df7401dee87d99e75e57407fa0,player_map_stats.csv,"{""handle"": ""d4v41"", ""map_id"": ""283184"", ""match_id"": ""753455""}",adr,116,116,True
Champions overview box scores and round sequence,https://www.vlr.gg/753455/team-liquid-vs-paper-rex-valorant-champions-2026-opening-c/?game=283184,screenshots/champ-overview-stats.png,f5c0af6449b0895fa5d59c04e1e99c0244ecc6df7401dee87d99e75e57407fa0,player_map_stats.csv,"{""handle"": ""d4v41"", ""map_id"": ""283184"", ""match_id"": ""753455""}",hs_pct,18,18,True
Champions overview box scores and round sequence,https://www.vlr.gg/753455/team-liquid-vs-paper-rex-valorant-champions-2026-opening-c/?game=283184,screenshots/champ-overview-stats.png,f5c0af6449b0895fa5d59c04e1e99c0244ecc6df7401dee87d99e75e57407fa0,player_map_stats.csv,"{""handle"": ""d4v41"", ""map_id"": ""283184"", ""match_id"": ""753455""}",first_kills,6,6,True
Champions overview box scores and round sequence,https://www.vlr.gg/753455/team-liquid-vs-paper-rex-valorant-champions-2026-opening-c/?game=283184,screenshots/champ-overview-stats.png,f5c0af6449b0895fa5d59c04e1e99c0244ecc6df7401dee87d99e75e57407fa0,player_map_stats.csv,"{""handle"": ""d4v41"", ""map_id"": ""283184"", ""match_id"": ""753455""}",first_deaths,1,1,True
Champions overview box scores and round sequence,https://www.vlr.gg/753455/team-liquid-vs-paper-rex-valorant-champions-2026-opening-c/?game=283184,screenshots/champ-overview-stats.png,f5c0af6449b0895fa5d59c04e1e99c0244ecc6df7401dee87d99e75e57407fa0,player_map_stats.csv,"{""handle"": ""Jinggg"", ""map_id"": ""283184"", ""match_id"": ""753455""}",vlr_rating,1.2,1.2,True
Champions overview box scores and round sequence,https://www.vlr.gg/753455/team-liquid-vs-paper-rex-valorant-champions-2026-opening-c/?game=283184,screenshots/champ-overview-stats.png,f5c0af6449b0895fa5d59c04e1e99c0244ecc6df7401dee87d99e75e57407fa0,player_map_stats.csv,"{""handle"": ""Jinggg"", ""map_id"": ""283184"", ""match_id"": ""753455""}",acs,228,228,True
Champions overview box scores and round sequence,https://www.vlr.gg/753455/team-liquid-vs-paper-rex-valorant-champions-2026-opening-c/?game=283184,screenshots/champ-overview-stats.png,f5c0af6449b0895fa5d59c04e1e99c0244ecc6df7401dee87d99e75e57407fa0,player_map_stats.csv,"{""handle"": ""Jinggg"", ""map_id"": ""283184"", ""match_id"": ""753455""}",kills,14,14,True
Champions overview box scores and round sequence,https://www.vlr.gg/753455/team-liquid-vs-paper-rex-valorant-champions-2026-opening-c/?game=283184,screenshots/champ-overview-stats.png,f5c0af6449b0895fa5d59c04e1e99c0244ecc6df7401dee87d99e75e57407fa0,player_map_stats.csv,"{""handle"": ""Jinggg"", ""map_id"": ""283184"", ""match_id"": ""753455""}",deaths,11,11,True
Champions overview box scores and round sequence,https://www.vlr.gg/753455/team-liquid-vs-paper-rex-valorant-champions-2026-opening-c/?game=283184,screenshots/champ-overview-stats.png,f5c0af6449b0895fa5d59c04e1e99c0244ecc6df7401dee87d99e75e57407fa0,player_map_stats.csv,"{""handle"": ""Jinggg"", ""map_id"": ""283184"", ""match_id"": ""753455""}",assists,8,8,True
Champions overview box scores and round sequence,https://www.vlr.gg/753455/team-liquid-vs-paper-rex-valorant-champions-2026-opening-c/?game=283184,screenshots/champ-overview-stats.png,f5c0af6449b0895fa5d59c04e1e99c0244ecc6df7401dee87d99e75e57407fa0,player_map_stats.csv,"{""handle"": ""Jinggg"", ""map_id"": ""283184"", ""match_id"": ""753455""}",kast_pct,82,82,True
Champions overview box scores and round sequence,https://www.vlr.gg/753455/team-liquid-vs-paper-rex-valorant-champions-2026-opening-c/?game=283184,screenshots/champ-overview-stats.png,f5c0af6449b0895fa5d59c04e1e99c0244ecc6df7401dee87d99e75e57407fa0,player_map_stats.csv,"{""handle"": ""Jinggg"", ""map_id"": ""283184"", ""match_id"": ""753455""}",adr,148,148,True
Champions overview box scores and round sequence,https://www.vlr.gg/753455/team-liquid-vs-paper-rex-valorant-champions-2026-opening-c/?game=283184,screenshots/champ-overview-stats.png,f5c0af6449b0895fa5d59c04e1e99c0244ecc6df7401dee87d99e75e57407fa0,player_map_stats.csv,"{""handle"": ""Jinggg"", ""map_id"": ""283184"", ""match_id"": ""753455""}",hs_pct,28,28,True
Champions overview box scores and round sequence,https://www.vlr.gg/753455/team-liquid-vs-paper-rex-valorant-champions-2026-opening-c/?game=283184,screenshots/champ-overview-stats.png,f5c0af6449b0895fa5d59c04e1e99c0244ecc6df7401dee87d99e75e57407fa0,player_map_stats.csv,"{""handle"": ""Jinggg"", ""map_id"": ""283184"", ""match_id"": ""753455""}",first_kills,1,1,True
Champions overview box scores and round sequence,https://www.vlr.gg/753455/team-liquid-vs-paper-rex-valorant-champions-2026-opening-c/?game=283184,screenshots/champ-overview-stats.png,f5c0af6449b0895fa5d59c04e1e99c0244ecc6df7401dee87d99e75e57407fa0,player_map_stats.csv,"{""handle"": ""Jinggg"", ""map_id"": ""283184"", ""match_id"": ""753455""}",first_deaths,0,0,True
Champions overview box scores and round sequence,https://www.vlr.gg/753455/team-liquid-vs-paper-rex-valorant-champions-2026-opening-c/?game=283184,screenshots/champ-overview-stats.png,f5c0af6449b0895fa5d59c04e1e99c0244ecc6df7401dee87d99e75e57407fa0,player_map_stats.csv,"{""handle"": ""f0rsakeN"", ""map_id"": ""283184"", ""match_id"": ""753455""}",vlr_rating,1.16,1.16,True
Champions overview box scores and round sequence,https://www.vlr.gg/753455/team-liquid-vs-paper-rex-valorant-champions-2026-opening-c/?game=283184,screenshots/champ-overview-stats.png,f5c0af6449b0895fa5d59c04e1e99c0244ecc6df7401dee87d99e75e57407fa0,player_map_stats.csv,"{""handle"": ""f0rsakeN"", ""map_id"": ""283184"", ""match_id"": ""753455""}",acs,251,251,True
Champions overview box scores and round sequence,https://www.vlr.gg/753455/team-liquid-vs-paper-rex-valorant-champions-2026-opening-c/?game=283184,screenshots/champ-overview-stats.png,f5c0af6449b0895fa5d59c04e1e99c0244ecc6df7401dee87d99e75e57407fa0,player_map_stats.csv,"{""handle"": ""f0rsakeN"", ""map_id"": ""283184"", ""match_id"": ""753455""}",kills,16,16,True
Champions overview box scores and round sequence,https://www.vlr.gg/753455/team-liquid-vs-paper-rex-valorant-champions-2026-opening-c/?game=283184,screenshots/champ-overview-stats.png,f5c0af6449b0895fa5d59c04e1e99c0244ecc6df7401dee87d99e75e57407fa0,player_map_stats.csv,"{""handle"": ""f0rsakeN"", ""map_id"": ""283184"", ""match_id"": ""753455""}",deaths,13,13,True
Champions overview box scores and round sequence,https://www.vlr.gg/753455/team-liquid-vs-paper-rex-valorant-champions-2026-opening-c/?game=283184,screenshots/champ-overview-stats.png,f5c0af6449b0895fa5d59c04e1e99c0244ecc6df7401dee87d99e75e57407fa0,player_map_stats.csv,"{""handle"": ""f0rsakeN"", ""map_id"": ""283184"", ""match_id"": ""753455""}",assists,4,4,True
Champions overview box scores and round sequence,https://www.vlr.gg/753455/team-liquid-vs-paper-rex-valorant-champions-2026-opening-c/?game=283184,screenshots/champ-overview-stats.png,f5c0af6449b0895fa5d59c04e1e99c0244ecc6df7401dee87d99e75e57407fa0,player_map_stats.csv,"{""handle"": ""f0rsakeN"", ""map_id"": ""283184"", ""match_id"": ""753455""}",kast_pct,71,71,True
Champions overview box scores and round sequence,https://www.vlr.gg/753455/team-liquid-vs-paper-rex-valorant-champions-2026-opening-c/?game=283184,screenshots/champ-overview-stats.png,f5c0af6449b0895fa5d59c04e1e99c0244ecc6df7401dee87d99e75e57407fa0,player_map_stats.csv,"{""handle"": ""f0rsakeN"", ""map_id"": ""283184"", ""match_id"": ""753455""}",adr,172,172,True
Champions overview box scores and round sequence,https://www.vlr.gg/753455/team-liquid-vs-paper-rex-valorant-champions-2026-opening-c/?game=283184,screenshots/champ-overview-stats.png,f5c0af6449b0895fa5d59c04e1e99c0244ecc6df7401dee87d99e75e57407fa0,player_map_stats.csv,"{""handle"": ""f0rsakeN"", ""map_id"": ""283184"", ""match_id"": ""753455""}",hs_pct,32,32,True
Champions overview box scores and round sequence,https://www.vlr.gg/753455/team-liquid-vs-paper-rex-valorant-champions-2026-opening-c/?game=283184,screenshots/champ-overview-stats.png,f5c0af6449b0895fa5d59c04e1e99c0244ecc6df7401dee87d99e75e57407fa0,player_map_stats.csv,"{""handle"": ""f0rsakeN"", ""map_id"": ""283184"", ""match_id"": ""753455""}",first_kills,2,2,True
Champions overview box scores and round sequence,https://www.vlr.gg/753455/team-liquid-vs-paper-rex-valorant-champions-2026-opening-c/?game=283184,screenshots/champ-overview-stats.png,f5c0af6449b0895fa5d59c04e1e99c0244ecc6df7401dee87d99e75e57407fa0,player_map_stats.csv,"{""handle"": ""f0rsakeN"", ""map_id"": ""283184"", ""match_id"": ""753455""}",first_deaths,0,0,True
Champions overview box scores and round sequence,https://www.vlr.gg/753455/team-liquid-vs-paper-rex-valorant-champions-2026-opening-c/?game=283184,screenshots/champ-overview-stats.png,f5c0af6449b0895fa5d59c04e1e99c0244ecc6df7401dee87d99e75e57407fa0,player_map_stats.csv,"{""handle"": ""invy"", ""map_id"": ""283184"", ""match_id"": ""753455""}",vlr_rating,1.08,1.08,True
Champions overview box scores and round sequence,https://www.vlr.gg/753455/team-liquid-vs-paper-rex-valorant-champions-2026-opening-c/?game=283184,screenshots/champ-overview-stats.png,f5c0af6449b0895fa5d59c04e1e99c0244ecc6df7401dee87d99e75e57407fa0,player_map_stats.csv,"{""handle"": ""invy"", ""map_id"": ""283184"", ""match_id"": ""753455""}",acs,179,179,True
Champions overview box scores and round sequence,https://www.vlr.gg/753455/team-liquid-vs-paper-rex-valorant-champions-2026-opening-c/?game=283184,screenshots/champ-overview-stats.png,f5c0af6449b0895fa5d59c04e1e99c0244ecc6df7401dee87d99e75e57407fa0,player_map_stats.csv,"{""handle"": ""invy"", ""map_id"": ""283184"", ""match_id"": ""753455""}",kills,12,12,True
Champions overview box scores and round sequence,https://www.vlr.gg/753455/team-liquid-vs-paper-rex-valorant-champions-2026-opening-c/?game=283184,screenshots/champ-overview-stats.png,f5c0af6449b0895fa5d59c04e1e99c0244ecc6df7401dee87d99e75e57407fa0,player_map_stats.csv,"{""handle"": ""invy"", ""map_id"": ""283184"", ""match_id"": ""753455""}",deaths,8,8,True
Champions overview box scores and round sequence,https://www.vlr.gg/753455/team-liquid-vs-paper-rex-valorant-champions-2026-opening-c/?game=283184,screenshots/champ-overview-stats.png,f5c0af6449b0895fa5d59c04e1e99c0244ecc6df7401dee87d99e75e57407fa0,player_map_stats.csv,"{""handle"": ""invy"", ""map_id"": ""283184"", ""match_id"": ""753455""}",assists,1,1,True
Champions overview box scores and round sequence,https://www.vlr.gg/753455/team-liquid-vs-paper-rex-valorant-champions-2026-opening-c/?game=283184,screenshots/champ-overview-stats.png,f5c0af6449b0895fa5d59c04e1e99c0244ecc6df7401dee87d99e75e57407fa0,player_map_stats.csv,"{""handle"": ""invy"", ""map_id"": ""283184"", ""match_id"": ""753455""}",kast_pct,71,71,True
Champions overview box scores and round sequence,https://www.vlr.gg/753455/team-liquid-vs-paper-rex-valorant-champions-2026-opening-c/?game=283184,screenshots/champ-overview-stats.png,f5c0af6449b0895fa5d59c04e1e99c0244ecc6df7401dee87d99e75e57407fa0,player_map_stats.csv,"{""handle"": ""invy"", ""map_id"": ""283184"", ""match_id"": ""753455""}",adr,126,126,True
Champions overview box scores and round sequence,https://www.vlr.gg/753455/team-liquid-vs-paper-rex-valorant-champions-2026-opening-c/?game=283184,screenshots/champ-overview-stats.png,f5c0af6449b0895fa5d59c04e1e99c0244ecc6df7401dee87d99e75e57407fa0,player_map_stats.csv,"{""handle"": ""invy"", ""map_id"": ""283184"", ""match_id"": ""753455""}",hs_pct,36,36,True
Champions overview box scores and round sequence,https://www.vlr.gg/753455/team-liquid-vs-paper-rex-valorant-champions-2026-opening-c/?game=283184,screenshots/champ-overview-stats.png,f5c0af6449b0895fa5d59c04e1e99c0244ecc6df7401dee87d99e75e57407fa0,player_map_stats.csv,"{""handle"": ""invy"", ""map_id"": ""283184"", ""match_id"": ""753455""}",first_kills,2,2,True
Champions overview box scores and round sequence,https://www.vlr.gg/753455/team-liquid-vs-paper-rex-valorant-champions-2026-opening-c/?game=283184,screenshots/champ-overview-stats.png,f5c0af6449b0895fa5d59c04e1e99c0244ecc6df7401dee87d99e75e57407fa0,player_map_stats.csv,"{""handle"": ""invy"", ""map_id"": ""283184"", ""match_id"": ""753455""}",first_deaths,0,0,True
Champions overview box scores and round sequence,https://www.vlr.gg/753455/team-liquid-vs-paper-rex-valorant-champions-2026-opening-c/?game=283184,screenshots/champ-overview-stats.png,f5c0af6449b0895fa5d59c04e1e99c0244ecc6df7401dee87d99e75e57407fa0,map_outcomes.csv,"{""map_id"": ""283184"", ""match_id"": ""753455""}",map_name,Ascent,Ascent,True
Champions overview box scores and round sequence,https://www.vlr.gg/753455/team-liquid-vs-paper-rex-valorant-champions-2026-opening-c/?game=283184,screenshots/champ-overview-stats.png,f5c0af6449b0895fa5d59c04e1e99c0244ecc6df7401dee87d99e75e57407fa0,map_outcomes.csv,"{""map_id"": ""283184"", ""match_id"": ""753455""}",team1_rounds,4,4,True
Champions overview box scores and round sequence,https://www.vlr.gg/753455/team-liquid-vs-paper-rex-valorant-champions-2026-opening-c/?game=283184,screenshots/champ-overview-stats.png,f5c0af6449b0895fa5d59c04e1e99c0244ecc6df7401dee87d99e75e57407fa0,map_outcomes.csv,"{""map_id"": ""283184"", ""match_id"": ""753455""}",team2_rounds,13,13,True
Champions overview box scores and round sequence,https://www.vlr.gg/753455/team-liquid-vs-paper-rex-valorant-champions-2026-opening-c/?game=283184,screenshots/champ-overview-stats.png,f5c0af6449b0895fa5d59c04e1e99c0244ecc6df7401dee87d99e75e57407fa0,map_outcomes.csv,"{""map_id"": ""283184"", ""match_id"": ""753455""}",rounds,17,17,True
Champions overview box scores and round sequence,https://www.vlr.gg/753455/team-liquid-vs-paper-rex-valorant-champions-2026-opening-c/?game=283184,screenshots/champ-overview-stats.png,f5c0af6449b0895fa5d59c04e1e99c0244ecc6df7401dee87d99e75e57407fa0,map_outcomes.csv,"{""map_id"": ""283184"", ""match_id"": ""753455""}",winner_team_id,624,624,True
Champions overview box scores and round sequence,https://www.vlr.gg/753455/team-liquid-vs-paper-rex-valorant-champions-2026-opening-c/?game=283184,screenshots/champ-overview-stats.png,f5c0af6449b0895fa5d59c04e1e99c0244ecc6df7401dee87d99e75e57407fa0,map_context.csv,"{""map_id"": ""283184"", ""match_id"": ""753455""}",map_duration_display,38:12,38:12,True
Champions overview box scores and round sequence,https://www.vlr.gg/753455/team-liquid-vs-paper-rex-valorant-champions-2026-opening-c/?game=283184,screenshots/champ-overview-stats.png,f5c0af6449b0895fa5d59c04e1e99c0244ecc6df7401dee87d99e75e57407fa0,map_context.csv,"{""map_id"": ""283184"", ""match_id"": ""753455""}",team1_start_side,defense,defense,True
Champions overview box scores and round sequence,https://www.vlr.gg/753455/team-liquid-vs-paper-rex-valorant-champions-2026-opening-c/?game=283184,screenshots/champ-overview-stats.png,f5c0af6449b0895fa5d59c04e1e99c0244ecc6df7401dee87d99e75e57407fa0,map_context.csv,"{""map_id"": ""283184"", ""match_id"": ""753455""}",team2_start_side,attack,attack,True
Champions overview box scores and round sequence,https://www.vlr.gg/753455/team-liquid-vs-paper-rex-valorant-champions-2026-opening-c/?game=283184,screenshots/champ-overview-stats.png,f5c0af6449b0895fa5d59c04e1e99c0244ecc6df7401dee87d99e75e57407fa0,round_outcomes.csv,"{""map_id"": ""283184"", ""match_id"": ""753455"", ""round_number"": 1}",winner_team_id,624,624,True
Champions overview box scores and round sequence,https://www.vlr.gg/753455/team-liquid-vs-paper-rex-valorant-champions-2026-opening-c/?game=283184,screenshots/champ-overview-stats.png,f5c0af6449b0895fa5d59c04e1e99c0244ecc6df7401dee87d99e75e57407fa0,round_outcomes.csv,"{""map_id"": ""283184"", ""match_id"": ""753455"", ""round_number"": 1}",team1_side,defense,defense,True
Champions overview box scores and round sequence,https://www.vlr.gg/753455/team-liquid-vs-paper-rex-valorant-champions-2026-opening-c/?game=283184,screenshots/champ-overview-stats.png,f5c0af6449b0895fa5d59c04e1e99c0244ecc6df7401dee87d99e75e57407fa0,round_outcomes.csv,"{""map_id"": ""283184"", ""match_id"": ""753455"", ""round_number"": 1}",team2_side,attack,attack,True
Champions overview box scores and round sequence,https://www.vlr.gg/753455/team-liquid-vs-paper-rex-valorant-champions-2026-opening-c/?game=283184,screenshots/champ-overview-stats.png,f5c0af6449b0895fa5d59c04e1e99c0244ecc6df7401dee87d99e75e57407fa0,round_outcomes.csv,"{""map_id"": ""283184"", ""match_id"": ""753455"", ""round_number"": 1}",team1_score_after,0,0,True
Champions overview box scores and round sequence,https://www.vlr.gg/753455/team-liquid-vs-paper-rex-valorant-champions-2026-opening-c/?game=283184,screenshots/champ-overview-stats.png,f5c0af6449b0895fa5d59c04e1e99c0244ecc6df7401dee87d99e75e57407fa0,round_outcomes.csv,"{""map_id"": ""283184"", ""match_id"": ""753455"", ""round_number"": 1}",team2_score_after,1,1,True
Champions overview box scores and round sequence,https://www.vlr.gg/753455/team-liquid-vs-paper-rex-valorant-champions-2026-opening-c/?game=283184,screenshots/champ-overview-stats.png,f5c0af6449b0895fa5d59c04e1e99c0244ecc6df7401dee87d99e75e57407fa0,round_outcomes.csv,"{""map_id"": ""283184"", ""match_id"": ""753455"", ""round_number"": 2}",winner_team_id,624,624,True
Champions overview box scores and round sequence,https://www.vlr.gg/753455/team-liquid-vs-paper-rex-valorant-champions-2026-opening-c/?game=283184,screenshots/champ-overview-stats.png,f5c0af6449b0895fa5d59c04e1e99c0244ecc6df7401dee87d99e75e57407fa0,round_outcomes.csv,"{""map_id"": ""283184"", ""match_id"": ""753455"", ""round_number"": 2}",team1_side,defense,defense,True
Champions overview box scores and round sequence,https://www.vlr.gg/753455/team-liquid-vs-paper-rex-valorant-champions-2026-opening-c/?game=283184,screenshots/champ-overview-stats.png,f5c0af6449b0895fa5d59c04e1e99c0244ecc6df7401dee87d99e75e57407fa0,round_outcomes.csv,"{""map_id"": ""283184"", ""match_id"": ""753455"", ""round_number"": 2}",team2_side,attack,attack,True
Champions overview box scores and round sequence,https://www.vlr.gg/753455/team-liquid-vs-paper-rex-valorant-champions-2026-opening-c/?game=283184,screenshots/champ-overview-stats.png,f5c0af6449b0895fa5d59c04e1e99c0244ecc6df7401dee87d99e75e57407fa0,round_outcomes.csv,"{""map_id"": ""283184"", ""match_id"": ""753455"", ""round_number"": 2}",team1_score_after,0,0,True
Champions overview box scores and round sequence,https://www.vlr.gg/753455/team-liquid-vs-paper-rex-valorant-champions-2026-opening-c/?game=283184,screenshots/champ-overview-stats.png,f5c0af6449b0895fa5d59c04e1e99c0244ecc6df7401dee87d99e75e57407fa0,round_outcomes.csv,"{""map_id"": ""283184"", ""match_id"": ""753455"", ""round_number"": 2}",team2_score_after,2,2,True
Champions overview box scores and round sequence,https://www.vlr.gg/753455/team-liquid-vs-paper-rex-valorant-champions-2026-opening-c/?game=283184,screenshots/champ-overview-stats.png,f5c0af6449b0895fa5d59c04e1e99c0244ecc6df7401dee87d99e75e57407fa0,round_outcomes.csv,"{""map_id"": ""283184"", ""match_id"": ""753455"", ""round_number"": 3}",winner_team_id,624,624,True
Champions overview box scores and round sequence,https://www.vlr.gg/753455/team-liquid-vs-paper-rex-valorant-champions-2026-opening-c/?game=283184,screenshots/champ-overview-stats.png,f5c0af6449b0895fa5d59c04e1e99c0244ecc6df7401dee87d99e75e57407fa0,round_outcomes.csv,"{""map_id"": ""283184"", ""match_id"": ""753455"", ""round_number"": 3}",team1_side,defense,defense,True
Champions overview box scores and round sequence,https://www.vlr.gg/753455/team-liquid-vs-paper-rex-valorant-champions-2026-opening-c/?game=283184,screenshots/champ-overview-stats.png,f5c0af6449b0895fa5d59c04e1e99c0244ecc6df7401dee87d99e75e57407fa0,round_outcomes.csv,"{""map_id"": ""283184"", ""match_id"": ""753455"", ""round_number"": 3}",team2_side,attack,attack,True
Champions overview box scores and round sequence,https://www.vlr.gg/753455/team-liquid-vs-paper-rex-valorant-champions-2026-opening-c/?game=283184,screenshots/champ-overview-stats.png,f5c0af6449b0895fa5d59c04e1e99c0244ecc6df7401dee87d99e75e57407fa0,round_outcomes.csv,"{""map_id"": ""283184"", ""match_id"": ""753455"", ""round_number"": 3}",team1_score_after,0,0,True
Champions overview box scores and round sequence,https://www.vlr.gg/753455/team-liquid-vs-paper-rex-valorant-champions-2026-opening-c/?game=283184,screenshots/champ-overview-stats.png,f5c0af6449b0895fa5d59c04e1e99c0244ecc6df7401dee87d99e75e57407fa0,round_outcomes.csv,"{""map_id"": ""283184"", ""match_id"": ""753455"", ""round_number"": 3}",team2_score_after,3,3,True
Champions overview box scores and round sequence,https://www.vlr.gg/753455/team-liquid-vs-paper-rex-valorant-champions-2026-opening-c/?game=283184,screenshots/champ-overview-stats.png,f5c0af6449b0895fa5d59c04e1e99c0244ecc6df7401dee87d99e75e57407fa0,round_outcomes.csv,"{""map_id"": ""283184"", ""match_id"": ""753455"", ""round_number"": 4}",winner_team_id,624,624,True
Champions overview box scores and round sequence,https://www.vlr.gg/753455/team-liquid-vs-paper-rex-valorant-champions-2026-opening-c/?game=283184,screenshots/champ-overview-stats.png,f5c0af6449b0895fa5d59c04e1e99c0244ecc6df7401dee87d99e75e57407fa0,round_outcomes.csv,"{""map_id"": ""283184"", ""match_id"": ""753455"", ""round_number"": 4}",team1_side,defense,defense,True
Champions overview box scores and round sequence,https://www.vlr.gg/753455/team-liquid-vs-paper-rex-valorant-champions-2026-opening-c/?game=283184,screenshots/champ-overview-stats.png,f5c0af6449b0895fa5d59c04e1e99c0244ecc6df7401dee87d99e75e57407fa0,round_outcomes.csv,"{""map_id"": ""283184"", ""match_id"": ""753455"", ""round_number"": 4}",team2_side,attack,attack,True
Champions overview box scores and round sequence,https://www.vlr.gg/753455/team-liquid-vs-paper-rex-valorant-champions-2026-opening-c/?game=283184,screenshots/champ-overview-stats.png,f5c0af6449b0895fa5d59c04e1e99c0244ecc6df7401dee87d99e75e57407fa0,round_outcomes.csv,"{""map_id"": ""283184"", ""match_id"": ""753455"", ""round_number"": 4}",team1_score_after,0,0,True
Champions overview box scores and round sequence,https://www.vlr.gg/753455/team-liquid-vs-paper-rex-valorant-champions-2026-opening-c/?game=283184,screenshots/champ-overview-stats.png,f5c0af6449b0895fa5d59c04e1e99c0244ecc6df7401dee87d99e75e57407fa0,round_outcomes.csv,"{""map_id"": ""283184"", ""match_id"": ""753455"", ""round_number"": 4}",team2_score_after,4,4,True
Champions overview box scores and round sequence,https://www.vlr.gg/753455/team-liquid-vs-paper-rex-valorant-champions-2026-opening-c/?game=283184,screenshots/champ-overview-stats.png,f5c0af6449b0895fa5d59c04e1e99c0244ecc6df7401dee87d99e75e57407fa0,round_outcomes.csv,"{""map_id"": ""283184"", ""match_id"": ""753455"", ""round_number"": 5}",winner_team_id,474,474,True
Champions overview box scores and round sequence,https://www.vlr.gg/753455/team-liquid-vs-paper-rex-valorant-champions-2026-opening-c/?game=283184,screenshots/champ-overview-stats.png,f5c0af6449b0895fa5d59c04e1e99c0244ecc6df7401dee87d99e75e57407fa0,round_outcomes.csv,"{""map_id"": ""283184"", ""match_id"": ""753455"", ""round_number"": 5}",team1_side,defense,defense,True
Champions overview box scores and round sequence,https://www.vlr.gg/753455/team-liquid-vs-paper-rex-valorant-champions-2026-opening-c/?game=283184,screenshots/champ-overview-stats.png,f5c0af6449b0895fa5d59c04e1e99c0244ecc6df7401dee87d99e75e57407fa0,round_outcomes.csv,"{""map_id"": ""283184"", ""match_id"": ""753455"", ""round_number"": 5}",team2_side,attack,attack,True
Champions overview box scores and round sequence,https://www.vlr.gg/753455/team-liquid-vs-paper-rex-valorant-champions-2026-opening-c/?game=283184,screenshots/champ-overview-stats.png,f5c0af6449b0895fa5d59c04e1e99c0244ecc6df7401dee87d99e75e57407fa0,round_outcomes.csv,"{""map_id"": ""283184"", ""match_id"": ""753455"", ""round_number"": 5}",team1_score_after,1,1,True
Champions overview box scores and round sequence,https://www.vlr.gg/753455/team-liquid-vs-paper-rex-valorant-champions-2026-opening-c/?game=283184,screenshots/champ-overview-stats.png,f5c0af6449b0895fa5d59c04e1e99c0244ecc6df7401dee87d99e75e57407fa0,round_outcomes.csv,"{""map_id"": ""283184"", ""match_id"": ""753455"", ""round_number"": 5}",team2_score_after,4,4,True
Champions overview box scores and round sequence,https://www.vlr.gg/753455/team-liquid-vs-paper-rex-valorant-champions-2026-opening-c/?game=283184,screenshots/champ-overview-stats.png,f5c0af6449b0895fa5d59c04e1e99c0244ecc6df7401dee87d99e75e57407fa0,round_outcomes.csv,"{""map_id"": ""283184"", ""match_id"": ""753455"", ""round_number"": 6}",winner_team_id,474,474,True
Champions overview box scores and round sequence,https://www.vlr.gg/753455/team-liquid-vs-paper-rex-valorant-champions-2026-opening-c/?game=283184,screenshots/champ-overview-stats.png,f5c0af6449b0895fa5d59c04e1e99c0244ecc6df7401dee87d99e75e57407fa0,round_outcomes.csv,"{""map_id"": ""283184"", ""match_id"": ""753455"", ""round_number"": 6}",team1_side,defense,defense,True
Champions overview box scores and round sequence,https://www.vlr.gg/753455/team-liquid-vs-paper-rex-valorant-champions-2026-opening-c/?game=283184,screenshots/champ-overview-stats.png,f5c0af6449b0895fa5d59c04e1e99c0244ecc6df7401dee87d99e75e57407fa0,round_outcomes.csv,"{""map_id"": ""283184"", ""match_id"": ""753455"", ""round_number"": 6}",team2_side,attack,attack,True
Champions overview box scores and round sequence,https://www.vlr.gg/753455/team-liquid-vs-paper-rex-valorant-champions-2026-opening-c/?game=283184,screenshots/champ-overview-stats.png,f5c0af6449b0895fa5d59c04e1e99c0244ecc6df7401dee87d99e75e57407fa0,round_outcomes.csv,"{""map_id"": ""283184"", ""match_id"": ""753455"", ""round_number"": 6}",team1_score_after,2,2,True
Champions overview box scores and round sequence,https://www.vlr.gg/753455/team-liquid-vs-paper-rex-valorant-champions-2026-opening-c/?game=283184,screenshots/champ-overview-stats.png,f5c0af6449b0895fa5d59c04e1e99c0244ecc6df7401dee87d99e75e57407fa0,round_outcomes.csv,"{""map_id"": ""283184"", ""match_id"": ""753455"", ""round_number"": 6}",team2_score_after,4,4,True
Champions overview box scores and round sequence,https://www.vlr.gg/753455/team-liquid-vs-paper-rex-valorant-champions-2026-opening-c/?game=283184,screenshots/champ-overview-stats.png,f5c0af6449b0895fa5d59c04e1e99c0244ecc6df7401dee87d99e75e57407fa0,round_outcomes.csv,"{""map_id"": ""283184"", ""match_id"": ""753455"", ""round_number"": 7}",winner_team_id,474,474,True
Champions overview box scores and round sequence,https://www.vlr.gg/753455/team-liquid-vs-paper-rex-valorant-champions-2026-opening-c/?game=283184,screenshots/champ-overview-stats.png,f5c0af6449b0895fa5d59c04e1e99c0244ecc6df7401dee87d99e75e57407fa0,round_outcomes.csv,"{""map_id"": ""283184"", ""match_id"": ""753455"", ""round_number"": 7}",team1_side,defense,defense,True
Champions overview box scores and round sequence,https://www.vlr.gg/753455/team-liquid-vs-paper-rex-valorant-champions-2026-opening-c/?game=283184,screenshots/champ-overview-stats.png,f5c0af6449b0895fa5d59c04e1e99c0244ecc6df7401dee87d99e75e57407fa0,round_outcomes.csv,"{""map_id"": ""283184"", ""match_id"": ""753455"", ""round_number"": 7}",team2_side,attack,attack,True
Champions overview box scores and round sequence,https://www.vlr.gg/753455/team-liquid-vs-paper-rex-valorant-champions-2026-opening-c/?game=283184,screenshots/champ-overview-stats.png,f5c0af6449b0895fa5d59c04e1e99c0244ecc6df7401dee87d99e75e57407fa0,round_outcomes.csv,"{""map_id"": ""283184"", ""match_id"": ""753455"", ""round_number"": 7}",team1_score_after,3,3,True
Champions overview box scores and round sequence,https://www.vlr.gg/753455/team-liquid-vs-paper-rex-valorant-champions-2026-opening-c/?game=283184,screenshots/champ-overview-stats.png,f5c0af6449b0895fa5d59c04e1e99c0244ecc6df7401dee87d99e75e57407fa0,round_outcomes.csv,"{""map_id"": ""283184"", ""match_id"": ""753455"", ""round_number"": 7}",team2_score_after,4,4,True
Champions overview box scores and round sequence,https://www.vlr.gg/753455/team-liquid-vs-paper-rex-valorant-champions-2026-opening-c/?game=283184,screenshots/champ-overview-stats.png,f5c0af6449b0895fa5d59c04e1e99c0244ecc6df7401dee87d99e75e57407fa0,round_outcomes.csv,"{""map_id"": ""283184"", ""match_id"": ""753455"", ""round_number"": 8}",winner_team_id,474,474,True
Champions overview box scores and round sequence,https://www.vlr.gg/753455/team-liquid-vs-paper-rex-valorant-champions-2026-opening-c/?game=283184,screenshots/champ-overview-stats.png,f5c0af6449b0895fa5d59c04e1e99c0244ecc6df7401dee87d99e75e57407fa0,round_outcomes.csv,"{""map_id"": ""283184"", ""match_id"": ""753455"", ""round_number"": 8}",team1_side,defense,defense,True
Champions overview box scores and round sequence,https://www.vlr.gg/753455/team-liquid-vs-paper-rex-valorant-champions-2026-opening-c/?game=283184,screenshots/champ-overview-stats.png,f5c0af6449b0895fa5d59c04e1e99c0244ecc6df7401dee87d99e75e57407fa0,round_outcomes.csv,"{""map_id"": ""283184"", ""match_id"": ""753455"", ""round_number"": 8}",team2_side,attack,attack,True
Champions overview box scores and round sequence,https://www.vlr.gg/753455/team-liquid-vs-paper-rex-valorant-champions-2026-opening-c/?game=283184,screenshots/champ-overview-stats.png,f5c0af6449b0895fa5d59c04e1e99c0244ecc6df7401dee87d99e75e57407fa0,round_outcomes.csv,"{""map_id"": ""283184"", ""match_id"": ""753455"", ""round_number"": 8}",team1_score_after,4,4,True
Champions overview box scores and round sequence,https://www.vlr.gg/753455/team-liquid-vs-paper-rex-valorant-champions-2026-opening-c/?game=283184,screenshots/champ-overview-stats.png,f5c0af6449b0895fa5d59c04e1e99c0244ecc6df7401dee87d99e75e57407fa0,round_outcomes.csv,"{""map_id"": ""283184"", ""match_id"": ""753455"", ""round_number"": 8}",team2_score_after,4,4,True
Champions overview box scores and round sequence,https://www.vlr.gg/753455/team-liquid-vs-paper-rex-valorant-champions-2026-opening-c/?game=283184,screenshots/champ-overview-stats.png,f5c0af6449b0895fa5d59c04e1e99c0244ecc6df7401dee87d99e75e57407fa0,round_outcomes.csv,"{""map_id"": ""283184"", ""match_id"": ""753455"", ""round_number"": 9}",winner_team_id,624,624,True
Champions overview box scores and round sequence,https://www.vlr.gg/753455/team-liquid-vs-paper-rex-valorant-champions-2026-opening-c/?game=283184,screenshots/champ-overview-stats.png,f5c0af6449b0895fa5d59c04e1e99c0244ecc6df7401dee87d99e75e57407fa0,round_outcomes.csv,"{""map_id"": ""283184"", ""match_id"": ""753455"", ""round_number"": 9}",team1_side,defense,defense,True
Champions overview box scores and round sequence,https://www.vlr.gg/753455/team-liquid-vs-paper-rex-valorant-champions-2026-opening-c/?game=283184,screenshots/champ-overview-stats.png,f5c0af6449b0895fa5d59c04e1e99c0244ecc6df7401dee87d99e75e57407fa0,round_outcomes.csv,"{""map_id"": ""283184"", ""match_id"": ""753455"", ""round_number"": 9}",team2_side,attack,attack,True
Champions overview box scores and round sequence,https://www.vlr.gg/753455/team-liquid-vs-paper-rex-valorant-champions-2026-opening-c/?game=283184,screenshots/champ-overview-stats.png,f5c0af6449b0895fa5d59c04e1e99c0244ecc6df7401dee87d99e75e57407fa0,round_outcomes.csv,"{""map_id"": ""283184"", ""match_id"": ""753455"", ""round_number"": 9}",team1_score_after,4,4,True
Champions overview box scores and round sequence,https://www.vlr.gg/753455/team-liquid-vs-paper-rex-valorant-champions-2026-opening-c/?game=283184,screenshots/champ-overview-stats.png,f5c0af6449b0895fa5d59c04e1e99c0244ecc6df7401dee87d99e75e57407fa0,round_outcomes.csv,"{""map_id"": ""283184"", ""match_id"": ""753455"", ""round_number"": 9}",team2_score_after,5,5,True
Champions overview box scores and round sequence,https://www.vlr.gg/753455/team-liquid-vs-paper-rex-valorant-champions-2026-opening-c/?game=283184,screenshots/champ-overview-stats.png,f5c0af6449b0895fa5d59c04e1e99c0244ecc6df7401dee87d99e75e57407fa0,round_outcomes.csv,"{""map_id"": ""283184"", ""match_id"": ""753455"", ""round_number"": 10}",winner_team_id,624,624,True
Champions overview box scores and round sequence,https://www.vlr.gg/753455/team-liquid-vs-paper-rex-valorant-champions-2026-opening-c/?game=283184,screenshots/champ-overview-stats.png,f5c0af6449b0895fa5d59c04e1e99c0244ecc6df7401dee87d99e75e57407fa0,round_outcomes.csv,"{""map_id"": ""283184"", ""match_id"": ""753455"", ""round_number"": 10}",team1_side,defense,defense,True
Champions overview box scores and round sequence,https://www.vlr.gg/753455/team-liquid-vs-paper-rex-valorant-champions-2026-opening-c/?game=283184,screenshots/champ-overview-stats.png,f5c0af6449b0895fa5d59c04e1e99c0244ecc6df7401dee87d99e75e57407fa0,round_outcomes.csv,"{""map_id"": ""283184"", ""match_id"": ""753455"", ""round_number"": 10}",team2_side,attack,attack,True
Champions overview box scores and round sequence,https://www.vlr.gg/753455/team-liquid-vs-paper-rex-valorant-champions-2026-opening-c/?game=283184,screenshots/champ-overview-stats.png,f5c0af6449b0895fa5d59c04e1e99c0244ecc6df7401dee87d99e75e57407fa0,round_outcomes.csv,"{""map_id"": ""283184"", ""match_id"": ""753455"", ""round_number"": 10}",team1_score_after,4,4,True
Champions overview box scores and round sequence,https://www.vlr.gg/753455/team-liquid-vs-paper-rex-valorant-champions-2026-opening-c/?game=283184,screenshots/champ-overview-stats.png,f5c0af6449b0895fa5d59c04e1e99c0244ecc6df7401dee87d99e75e57407fa0,round_outcomes.csv,"{""map_id"": ""283184"", ""match_id"": ""753455"", ""round_number"": 10}",team2_score_after,6,6,True
Champions overview box scores and round sequence,https://www.vlr.gg/753455/team-liquid-vs-paper-rex-valorant-champions-2026-opening-c/?game=283184,screenshots/champ-overview-stats.png,f5c0af6449b0895fa5d59c04e1e99c0244ecc6df7401dee87d99e75e57407fa0,round_outcomes.csv,"{""map_id"": ""283184"", ""match_id"": ""753455"", ""round_number"": 11}",winner_team_id,624,624,True
Champions overview box scores and round sequence,https://www.vlr.gg/753455/team-liquid-vs-paper-rex-valorant-champions-2026-opening-c/?game=283184,screenshots/champ-overview-stats.png,f5c0af6449b0895fa5d59c04e1e99c0244ecc6df7401dee87d99e75e57407fa0,round_outcomes.csv,"{""map_id"": ""283184"", ""match_id"": ""753455"", ""round_number"": 11}",team1_side,defense,defense,True
Champions overview box scores and round sequence,https://www.vlr.gg/753455/team-liquid-vs-paper-rex-valorant-champions-2026-opening-c/?game=283184,screenshots/champ-overview-stats.png,f5c0af6449b0895fa5d59c04e1e99c0244ecc6df7401dee87d99e75e57407fa0,round_outcomes.csv,"{""map_id"": ""283184"", ""match_id"": ""753455"", ""round_number"": 11}",team2_side,attack,attack,True
Champions overview box scores and round sequence,https://www.vlr.gg/753455/team-liquid-vs-paper-rex-valorant-champions-2026-opening-c/?game=283184,screenshots/champ-overview-stats.png,f5c0af6449b0895fa5d59c04e1e99c0244ecc6df7401dee87d99e75e57407fa0,round_outcomes.csv,"{""map_id"": ""283184"", ""match_id"": ""753455"", ""round_number"": 11}",team1_score_after,4,4,True
Champions overview box scores and round sequence,https://www.vlr.gg/753455/team-liquid-vs-paper-rex-valorant-champions-2026-opening-c/?game=283184,screenshots/champ-overview-stats.png,f5c0af6449b0895fa5d59c04e1e99c0244ecc6df7401dee87d99e75e57407fa0,round_outcomes.csv,"{""map_id"": ""283184"", ""match_id"": ""753455"", ""round_number"": 11}",team2_score_after,7,7,True
Champions overview box scores and round sequence,https://www.vlr.gg/753455/team-liquid-vs-paper-rex-valorant-champions-2026-opening-c/?game=283184,screenshots/champ-overview-stats.png,f5c0af6449b0895fa5d59c04e1e99c0244ecc6df7401dee87d99e75e57407fa0,round_outcomes.csv,"{""map_id"": ""283184"", ""match_id"": ""753455"", ""round_number"": 12}",winner_team_id,624,624,True
Champions overview box scores and round sequence,https://www.vlr.gg/753455/team-liquid-vs-paper-rex-valorant-champions-2026-opening-c/?game=283184,screenshots/champ-overview-stats.png,f5c0af6449b0895fa5d59c04e1e99c0244ecc6df7401dee87d99e75e57407fa0,round_outcomes.csv,"{""map_id"": ""283184"", ""match_id"": ""753455"", ""round_number"": 12}",team1_side,defense,defense,True
Champions overview box scores and round sequence,https://www.vlr.gg/753455/team-liquid-vs-paper-rex-valorant-champions-2026-opening-c/?game=283184,screenshots/champ-overview-stats.png,f5c0af6449b0895fa5d59c04e1e99c0244ecc6df7401dee87d99e75e57407fa0,round_outcomes.csv,"{""map_id"": ""283184"", ""match_id"": ""753455"", ""round_number"": 12}",team2_side,attack,attack,True
Champions overview box scores and round sequence,https://www.vlr.gg/753455/team-liquid-vs-paper-rex-valorant-champions-2026-opening-c/?game=283184,screenshots/champ-overview-stats.png,f5c0af6449b0895fa5d59c04e1e99c0244ecc6df7401dee87d99e75e57407fa0,round_outcomes.csv,"{""map_id"": ""283184"", ""match_id"": ""753455"", ""round_number"": 12}",team1_score_after,4,4,True
Champions overview box scores and round sequence,https://www.vlr.gg/753455/team-liquid-vs-paper-rex-valorant-champions-2026-opening-c/?game=283184,screenshots/champ-overview-stats.png,f5c0af6449b0895fa5d59c04e1e99c0244ecc6df7401dee87d99e75e57407fa0,round_outcomes.csv,"{""map_id"": ""283184"", ""match_id"": ""753455"", ""round_number"": 12}",team2_score_after,8,8,True
Champions overview box scores and round sequence,https://www.vlr.gg/753455/team-liquid-vs-paper-rex-valorant-champions-2026-opening-c/?game=283184,screenshots/champ-overview-stats.png,f5c0af6449b0895fa5d59c04e1e99c0244ecc6df7401dee87d99e75e57407fa0,round_outcomes.csv,"{""map_id"": ""283184"", ""match_id"": ""753455"", ""round_number"": 13}",winner_team_id,624,624,True
Champions overview box scores and round sequence,https://www.vlr.gg/753455/team-liquid-vs-paper-rex-valorant-champions-2026-opening-c/?game=283184,screenshots/champ-overview-stats.png,f5c0af6449b0895fa5d59c04e1e99c0244ecc6df7401dee87d99e75e57407fa0,round_outcomes.csv,"{""map_id"": ""283184"", ""match_id"": ""753455"", ""round_number"": 13}",team1_side,attack,attack,True
Champions overview box scores and round sequence,https://www.vlr.gg/753455/team-liquid-vs-paper-rex-valorant-champions-2026-opening-c/?game=283184,screenshots/champ-overview-stats.png,f5c0af6449b0895fa5d59c04e1e99c0244ecc6df7401dee87d99e75e57407fa0,round_outcomes.csv,"{""map_id"": ""283184"", ""match_id"": ""753455"", ""round_number"": 13}",team2_side,defense,defense,True
Champions overview box scores and round sequence,https://www.vlr.gg/753455/team-liquid-vs-paper-rex-valorant-champions-2026-opening-c/?game=283184,screenshots/champ-overview-stats.png,f5c0af6449b0895fa5d59c04e1e99c0244ecc6df7401dee87d99e75e57407fa0,round_outcomes.csv,"{""map_id"": ""283184"", ""match_id"": ""753455"", ""round_number"": 13}",team1_score_after,4,4,True
Champions overview box scores and round sequence,https://www.vlr.gg/753455/team-liquid-vs-paper-rex-valorant-champions-2026-opening-c/?game=283184,screenshots/champ-overview-stats.png,f5c0af6449b0895fa5d59c04e1e99c0244ecc6df7401dee87d99e75e57407fa0,round_outcomes.csv,"{""map_id"": ""283184"", ""match_id"": ""753455"", ""round_number"": 13}",team2_score_after,9,9,True
Champions overview box scores and round sequence,https://www.vlr.gg/753455/team-liquid-vs-paper-rex-valorant-champions-2026-opening-c/?game=283184,screenshots/champ-overview-stats.png,f5c0af6449b0895fa5d59c04e1e99c0244ecc6df7401dee87d99e75e57407fa0,round_outcomes.csv,"{""map_id"": ""283184"", ""match_id"": ""753455"", ""round_number"": 14}",winner_team_id,624,624,True
Champions overview box scores and round sequence,https://www.vlr.gg/753455/team-liquid-vs-paper-rex-valorant-champions-2026-opening-c/?game=283184,screenshots/champ-overview-stats.png,f5c0af6449b0895fa5d59c04e1e99c0244ecc6df7401dee87d99e75e57407fa0,round_outcomes.csv,"{""map_id"": ""283184"", ""match_id"": ""753455"", ""round_number"": 14}",team1_side,attack,attack,True
Champions overview box scores and round sequence,https://www.vlr.gg/753455/team-liquid-vs-paper-rex-valorant-champions-2026-opening-c/?game=283184,screenshots/champ-overview-stats.png,f5c0af6449b0895fa5d59c04e1e99c0244ecc6df7401dee87d99e75e57407fa0,round_outcomes.csv,"{""map_id"": ""283184"", ""match_id"": ""753455"", ""round_number"": 14}",team2_side,defense,defense,True
Champions overview box scores and round sequence,https://www.vlr.gg/753455/team-liquid-vs-paper-rex-valorant-champions-2026-opening-c/?game=283184,screenshots/champ-overview-stats.png,f5c0af6449b0895fa5d59c04e1e99c0244ecc6df7401dee87d99e75e57407fa0,round_outcomes.csv,"{""map_id"": ""283184"", ""match_id"": ""753455"", ""round_number"": 14}",team1_score_after,4,4,True
Champions overview box scores and round sequence,https://www.vlr.gg/753455/team-liquid-vs-paper-rex-valorant-champions-2026-opening-c/?game=283184,screenshots/champ-overview-stats.png,f5c0af6449b0895fa5d59c04e1e99c0244ecc6df7401dee87d99e75e57407fa0,round_outcomes.csv,"{""map_id"": ""283184"", ""match_id"": ""753455"", ""round_number"": 14}",team2_score_after,10,10,True
Champions overview box scores and round sequence,https://www.vlr.gg/753455/team-liquid-vs-paper-rex-valorant-champions-2026-opening-c/?game=283184,screenshots/champ-overview-stats.png,f5c0af6449b0895fa5d59c04e1e99c0244ecc6df7401dee87d99e75e57407fa0,round_outcomes.csv,"{""map_id"": ""283184"", ""match_id"": ""753455"", ""round_number"": 15}",winner_team_id,624,624,True
Champions overview box scores and round sequence,https://www.vlr.gg/753455/team-liquid-vs-paper-rex-valorant-champions-2026-opening-c/?game=283184,screenshots/champ-overview-stats.png,f5c0af6449b0895fa5d59c04e1e99c0244ecc6df7401dee87d99e75e57407fa0,round_outcomes.csv,"{""map_id"": ""283184"", ""match_id"": ""753455"", ""round_number"": 15}",team1_side,attack,attack,True
Champions overview box scores and round sequence,https://www.vlr.gg/753455/team-liquid-vs-paper-rex-valorant-champions-2026-opening-c/?game=283184,screenshots/champ-overview-stats.png,f5c0af6449b0895fa5d59c04e1e99c0244ecc6df7401dee87d99e75e57407fa0,round_outcomes.csv,"{""map_id"": ""283184"", ""match_id"": ""753455"", ""round_number"": 15}",team2_side,defense,defense,True
Champions overview box scores and round sequence,https://www.vlr.gg/753455/team-liquid-vs-paper-rex-valorant-champions-2026-opening-c/?game=283184,screenshots/champ-overview-stats.png,f5c0af6449b0895fa5d59c04e1e99c0244ecc6df7401dee87d99e75e57407fa0,round_outcomes.csv,"{""map_id"": ""283184"", ""match_id"": ""753455"", ""round_number"": 15}",team1_score_after,4,4,True
Champions overview box scores and round sequence,https://www.vlr.gg/753455/team-liquid-vs-paper-rex-valorant-champions-2026-opening-c/?game=283184,screenshots/champ-overview-stats.png,f5c0af6449b0895fa5d59c04e1e99c0244ecc6df7401dee87d99e75e57407fa0,round_outcomes.csv,"{""map_id"": ""283184"", ""match_id"": ""753455"", ""round_number"": 15}",team2_score_after,11,11,True
Champions overview box scores and round sequence,https://www.vlr.gg/753455/team-liquid-vs-paper-rex-valorant-champions-2026-opening-c/?game=283184,screenshots/champ-overview-stats.png,f5c0af6449b0895fa5d59c04e1e99c0244ecc6df7401dee87d99e75e57407fa0,round_outcomes.csv,"{""map_id"": ""283184"", ""match_id"": ""753455"", ""round_number"": 16}",winner_team_id,624,624,True
Champions overview box scores and round sequence,https://www.vlr.gg/753455/team-liquid-vs-paper-rex-valorant-champions-2026-opening-c/?game=283184,screenshots/champ-overview-stats.png,f5c0af6449b0895fa5d59c04e1e99c0244ecc6df7401dee87d99e75e57407fa0,round_outcomes.csv,"{""map_id"": ""283184"", ""match_id"": ""753455"", ""round_number"": 16}",team1_side,attack,attack,True
Champions overview box scores and round sequence,https://www.vlr.gg/753455/team-liquid-vs-paper-rex-valorant-champions-2026-opening-c/?game=283184,screenshots/champ-overview-stats.png,f5c0af6449b0895fa5d59c04e1e99c0244ecc6df7401dee87d99e75e57407fa0,round_outcomes.csv,"{""map_id"": ""283184"", ""match_id"": ""753455"", ""round_number"": 16}",team2_side,defense,defense,True
Champions overview box scores and round sequence,https://www.vlr.gg/753455/team-liquid-vs-paper-rex-valorant-champions-2026-opening-c/?game=283184,screenshots/champ-overview-stats.png,f5c0af6449b0895fa5d59c04e1e99c0244ecc6df7401dee87d99e75e57407fa0,round_outcomes.csv,"{""map_id"": ""283184"", ""match_id"": ""753455"", ""round_number"": 16}",team1_score_after,4,4,True
Champions overview box scores and round sequence,https://www.vlr.gg/753455/team-liquid-vs-paper-rex-valorant-champions-2026-opening-c/?game=283184,screenshots/champ-overview-stats.png,f5c0af6449b0895fa5d59c04e1e99c0244ecc6df7401dee87d99e75e57407fa0,round_outcomes.csv,"{""map_id"": ""283184"", ""match_id"": ""753455"", ""round_number"": 16}",team2_score_after,12,12,True
Champions overview box scores and round sequence,https://www.vlr.gg/753455/team-liquid-vs-paper-rex-valorant-champions-2026-opening-c/?game=283184,screenshots/champ-overview-stats.png,f5c0af6449b0895fa5d59c04e1e99c0244ecc6df7401dee87d99e75e57407fa0,round_outcomes.csv,"{""map_id"": ""283184"", ""match_id"": ""753455"", ""round_number"": 17}",winner_team_id,624,624,True
Champions overview box scores and round sequence,https://www.vlr.gg/753455/team-liquid-vs-paper-rex-valorant-champions-2026-opening-c/?game=283184,screenshots/champ-overview-stats.png,f5c0af6449b0895fa5d59c04e1e99c0244ecc6df7401dee87d99e75e57407fa0,round_outcomes.csv,"{""map_id"": ""283184"", ""match_id"": ""753455"", ""round_number"": 17}",team1_side,attack,attack,True
Champions overview box scores and round sequence,https://www.vlr.gg/753455/team-liquid-vs-paper-rex-valorant-champions-2026-opening-c/?game=283184,screenshots/champ-overview-stats.png,f5c0af6449b0895fa5d59c04e1e99c0244ecc6df7401dee87d99e75e57407fa0,round_outcomes.csv,"{""map_id"": ""283184"", ""match_id"": ""753455"", ""round_number"": 17}",team2_side,defense,defense,True
Champions overview box scores and round sequence,https://www.vlr.gg/753455/team-liquid-vs-paper-rex-valorant-champions-2026-opening-c/?game=283184,screenshots/champ-overview-stats.png,f5c0af6449b0895fa5d59c04e1e99c0244ecc6df7401dee87d99e75e57407fa0,round_outcomes.csv,"{""map_id"": ""283184"", ""match_id"": ""753455"", ""round_number"": 17}",team1_score_after,4,4,True
Champions overview box scores and round sequence,https://www.vlr.gg/753455/team-liquid-vs-paper-rex-valorant-champions-2026-opening-c/?game=283184,screenshots/champ-overview-stats.png,f5c0af6449b0895fa5d59c04e1e99c0244ecc6df7401dee87d99e75e57407fa0,round_outcomes.csv,"{""map_id"": ""283184"", ""match_id"": ""753455"", ""round_number"": 17}",team2_score_after,13,13,True
2024 Champions Gen.G–Sentinels Haven,https://www.vlr.gg/378662/gen-g-vs-sentinels-valorant-champions-2024-opening-b/?game=180369,screenshots/2024-stats.png,374b1bd0cef4daac66d39a94aee70d2813b826501153e59a268a94ca7469336b,player_map_stats.csv,"{""handle"": ""t3xture"", ""map_id"": ""180369"", ""match_id"": ""378662""}",vlr_rating,1.6,1.6,True
2024 Champions Gen.G–Sentinels Haven,https://www.vlr.gg/378662/gen-g-vs-sentinels-valorant-champions-2024-opening-b/?game=180369,screenshots/2024-stats.png,374b1bd0cef4daac66d39a94aee70d2813b826501153e59a268a94ca7469336b,player_map_stats.csv,"{""handle"": ""t3xture"", ""map_id"": ""180369"", ""match_id"": ""378662""}",acs,305,305,True
2024 Champions Gen.G–Sentinels Haven,https://www.vlr.gg/378662/gen-g-vs-sentinels-valorant-champions-2024-opening-b/?game=180369,screenshots/2024-stats.png,374b1bd0cef4daac66d39a94aee70d2813b826501153e59a268a94ca7469336b,player_map_stats.csv,"{""handle"": ""t3xture"", ""map_id"": ""180369"", ""match_id"": ""378662""}",kills,24,24,True
2024 Champions Gen.G–Sentinels Haven,https://www.vlr.gg/378662/gen-g-vs-sentinels-valorant-champions-2024-opening-b/?game=180369,screenshots/2024-stats.png,374b1bd0cef4daac66d39a94aee70d2813b826501153e59a268a94ca7469336b,player_map_stats.csv,"{""handle"": ""t3xture"", ""map_id"": ""180369"", ""match_id"": ""378662""}",deaths,12,12,True
2024 Champions Gen.G–Sentinels Haven,https://www.vlr.gg/378662/gen-g-vs-sentinels-valorant-champions-2024-opening-b/?game=180369,screenshots/2024-stats.png,374b1bd0cef4daac66d39a94aee70d2813b826501153e59a268a94ca7469336b,player_map_stats.csv,"{""handle"": ""t3xture"", ""map_id"": ""180369"", ""match_id"": ""378662""}",assists,4,4,True
2024 Champions Gen.G–Sentinels Haven,https://www.vlr.gg/378662/gen-g-vs-sentinels-valorant-champions-2024-opening-b/?game=180369,screenshots/2024-stats.png,374b1bd0cef4daac66d39a94aee70d2813b826501153e59a268a94ca7469336b,player_map_stats.csv,"{""handle"": ""t3xture"", ""map_id"": ""180369"", ""match_id"": ""378662""}",kast_pct,81,81,True
2024 Champions Gen.G–Sentinels Haven,https://www.vlr.gg/378662/gen-g-vs-sentinels-valorant-champions-2024-opening-b/?game=180369,screenshots/2024-stats.png,374b1bd0cef4daac66d39a94aee70d2813b826501153e59a268a94ca7469336b,player_map_stats.csv,"{""handle"": ""t3xture"", ""map_id"": ""180369"", ""match_id"": ""378662""}",adr,188,188,True
2024 Champions Gen.G–Sentinels Haven,https://www.vlr.gg/378662/gen-g-vs-sentinels-valorant-champions-2024-opening-b/?game=180369,screenshots/2024-stats.png,374b1bd0cef4daac66d39a94aee70d2813b826501153e59a268a94ca7469336b,player_map_stats.csv,"{""handle"": ""t3xture"", ""map_id"": ""180369"", ""match_id"": ""378662""}",hs_pct,31,31,True
2024 Champions Gen.G–Sentinels Haven,https://www.vlr.gg/378662/gen-g-vs-sentinels-valorant-champions-2024-opening-b/?game=180369,screenshots/2024-stats.png,374b1bd0cef4daac66d39a94aee70d2813b826501153e59a268a94ca7469336b,player_map_stats.csv,"{""handle"": ""t3xture"", ""map_id"": ""180369"", ""match_id"": ""378662""}",first_kills,3,3,True
2024 Champions Gen.G–Sentinels Haven,https://www.vlr.gg/378662/gen-g-vs-sentinels-valorant-champions-2024-opening-b/?game=180369,screenshots/2024-stats.png,374b1bd0cef4daac66d39a94aee70d2813b826501153e59a268a94ca7469336b,player_map_stats.csv,"{""handle"": ""t3xture"", ""map_id"": ""180369"", ""match_id"": ""378662""}",first_deaths,4,4,True
2024 Champions Gen.G–Sentinels Haven,https://www.vlr.gg/378662/gen-g-vs-sentinels-valorant-champions-2024-opening-b/?game=180369,screenshots/2024-stats.png,374b1bd0cef4daac66d39a94aee70d2813b826501153e59a268a94ca7469336b,player_map_stats.csv,"{""handle"": ""Meteor"", ""map_id"": ""180369"", ""match_id"": ""378662""}",vlr_rating,1.23,1.23,True
2024 Champions Gen.G–Sentinels Haven,https://www.vlr.gg/378662/gen-g-vs-sentinels-valorant-champions-2024-opening-b/?game=180369,screenshots/2024-stats.png,374b1bd0cef4daac66d39a94aee70d2813b826501153e59a268a94ca7469336b,player_map_stats.csv,"{""handle"": ""Meteor"", ""map_id"": ""180369"", ""match_id"": ""378662""}",acs,221,221,True
2024 Champions Gen.G–Sentinels Haven,https://www.vlr.gg/378662/gen-g-vs-sentinels-valorant-champions-2024-opening-b/?game=180369,screenshots/2024-stats.png,374b1bd0cef4daac66d39a94aee70d2813b826501153e59a268a94ca7469336b,player_map_stats.csv,"{""handle"": ""Meteor"", ""map_id"": ""180369"", ""match_id"": ""378662""}",kills,17,17,True
2024 Champions Gen.G–Sentinels Haven,https://www.vlr.gg/378662/gen-g-vs-sentinels-valorant-champions-2024-opening-b/?game=180369,screenshots/2024-stats.png,374b1bd0cef4daac66d39a94aee70d2813b826501153e59a268a94ca7469336b,player_map_stats.csv,"{""handle"": ""Meteor"", ""map_id"": ""180369"", ""match_id"": ""378662""}",deaths,10,10,True
2024 Champions Gen.G–Sentinels Haven,https://www.vlr.gg/378662/gen-g-vs-sentinels-valorant-champions-2024-opening-b/?game=180369,screenshots/2024-stats.png,374b1bd0cef4daac66d39a94aee70d2813b826501153e59a268a94ca7469336b,player_map_stats.csv,"{""handle"": ""Meteor"", ""map_id"": ""180369"", ""match_id"": ""378662""}",assists,4,4,True
2024 Champions Gen.G–Sentinels Haven,https://www.vlr.gg/378662/gen-g-vs-sentinels-valorant-champions-2024-opening-b/?game=180369,screenshots/2024-stats.png,374b1bd0cef4daac66d39a94aee70d2813b826501153e59a268a94ca7469336b,player_map_stats.csv,"{""handle"": ""Meteor"", ""map_id"": ""180369"", ""match_id"": ""378662""}",kast_pct,76,76,True
2024 Champions Gen.G–Sentinels Haven,https://www.vlr.gg/378662/gen-g-vs-sentinels-valorant-champions-2024-opening-b/?game=180369,screenshots/2024-stats.png,374b1bd0cef4daac66d39a94aee70d2813b826501153e59a268a94ca7469336b,player_map_stats.csv,"{""handle"": ""Meteor"", ""map_id"": ""180369"", ""match_id"": ""378662""}",adr,140,140,True
2024 Champions Gen.G–Sentinels Haven,https://www.vlr.gg/378662/gen-g-vs-sentinels-valorant-champions-2024-opening-b/?game=180369,screenshots/2024-stats.png,374b1bd0cef4daac66d39a94aee70d2813b826501153e59a268a94ca7469336b,player_map_stats.csv,"{""handle"": ""Meteor"", ""map_id"": ""180369"", ""match_id"": ""378662""}",hs_pct,26,26,True
2024 Champions Gen.G–Sentinels Haven,https://www.vlr.gg/378662/gen-g-vs-sentinels-valorant-champions-2024-opening-b/?game=180369,screenshots/2024-stats.png,374b1bd0cef4daac66d39a94aee70d2813b826501153e59a268a94ca7469336b,player_map_stats.csv,"{""handle"": ""Meteor"", ""map_id"": ""180369"", ""match_id"": ""378662""}",first_kills,1,1,True
2024 Champions Gen.G–Sentinels Haven,https://www.vlr.gg/378662/gen-g-vs-sentinels-valorant-champions-2024-opening-b/?game=180369,screenshots/2024-stats.png,374b1bd0cef4daac66d39a94aee70d2813b826501153e59a268a94ca7469336b,player_map_stats.csv,"{""handle"": ""Meteor"", ""map_id"": ""180369"", ""match_id"": ""378662""}",first_deaths,4,4,True
2024 Champions Gen.G–Sentinels Haven,https://www.vlr.gg/378662/gen-g-vs-sentinels-valorant-champions-2024-opening-b/?game=180369,screenshots/2024-stats.png,374b1bd0cef4daac66d39a94aee70d2813b826501153e59a268a94ca7469336b,player_map_stats.csv,"{""handle"": ""Lakia"", ""map_id"": ""180369"", ""match_id"": ""378662""}",vlr_rating,1.06,1.06,True
2024 Champions Gen.G–Sentinels Haven,https://www.vlr.gg/378662/gen-g-vs-sentinels-valorant-champions-2024-opening-b/?game=180369,screenshots/2024-stats.png,374b1bd0cef4daac66d39a94aee70d2813b826501153e59a268a94ca7469336b,player_map_stats.csv,"{""handle"": ""Lakia"", ""map_id"": ""180369"", ""match_id"": ""378662""}",acs,185,185,True
2024 Champions Gen.G–Sentinels Haven,https://www.vlr.gg/378662/gen-g-vs-sentinels-valorant-champions-2024-opening-b/?game=180369,screenshots/2024-stats.png,374b1bd0cef4daac66d39a94aee70d2813b826501153e59a268a94ca7469336b,player_map_stats.csv,"{""handle"": ""Lakia"", ""map_id"": ""180369"", ""match_id"": ""378662""}",kills,15,15,True
2024 Champions Gen.G–Sentinels Haven,https://www.vlr.gg/378662/gen-g-vs-sentinels-valorant-champions-2024-opening-b/?game=180369,screenshots/2024-stats.png,374b1bd0cef4daac66d39a94aee70d2813b826501153e59a268a94ca7469336b,player_map_stats.csv,"{""handle"": ""Lakia"", ""map_id"": ""180369"", ""match_id"": ""378662""}",deaths,12,12,True
2024 Champions Gen.G–Sentinels Haven,https://www.vlr.gg/378662/gen-g-vs-sentinels-valorant-champions-2024-opening-b/?game=180369,screenshots/2024-stats.png,374b1bd0cef4daac66d39a94aee70d2813b826501153e59a268a94ca7469336b,player_map_stats.csv,"{""handle"": ""Lakia"", ""map_id"": ""180369"", ""match_id"": ""378662""}",assists,4,4,True
2024 Champions Gen.G–Sentinels Haven,https://www.vlr.gg/378662/gen-g-vs-sentinels-valorant-champions-2024-opening-b/?game=180369,screenshots/2024-stats.png,374b1bd0cef4daac66d39a94aee70d2813b826501153e59a268a94ca7469336b,player_map_stats.csv,"{""handle"": ""Lakia"", ""map_id"": ""180369"", ""match_id"": ""378662""}",kast_pct,86,86,True
2024 Champions Gen.G–Sentinels Haven,https://www.vlr.gg/378662/gen-g-vs-sentinels-valorant-champions-2024-opening-b/?game=180369,screenshots/2024-stats.png,374b1bd0cef4daac66d39a94aee70d2813b826501153e59a268a94ca7469336b,player_map_stats.csv,"{""handle"": ""Lakia"", ""map_id"": ""180369"", ""match_id"": ""378662""}",adr,134,134,True
2024 Champions Gen.G–Sentinels Haven,https://www.vlr.gg/378662/gen-g-vs-sentinels-valorant-champions-2024-opening-b/?game=180369,screenshots/2024-stats.png,374b1bd0cef4daac66d39a94aee70d2813b826501153e59a268a94ca7469336b,player_map_stats.csv,"{""handle"": ""Lakia"", ""map_id"": ""180369"", ""match_id"": ""378662""}",hs_pct,26,26,True
2024 Champions Gen.G–Sentinels Haven,https://www.vlr.gg/378662/gen-g-vs-sentinels-valorant-champions-2024-opening-b/?game=180369,screenshots/2024-stats.png,374b1bd0cef4daac66d39a94aee70d2813b826501153e59a268a94ca7469336b,player_map_stats.csv,"{""handle"": ""Lakia"", ""map_id"": ""180369"", ""match_id"": ""378662""}",first_kills,2,2,True
2024 Champions Gen.G–Sentinels Haven,https://www.vlr.gg/378662/gen-g-vs-sentinels-valorant-champions-2024-opening-b/?game=180369,screenshots/2024-stats.png,374b1bd0cef4daac66d39a94aee70d2813b826501153e59a268a94ca7469336b,player_map_stats.csv,"{""handle"": ""Lakia"", ""map_id"": ""180369"", ""match_id"": ""378662""}",first_deaths,1,1,True
2024 Champions Gen.G–Sentinels Haven,https://www.vlr.gg/378662/gen-g-vs-sentinels-valorant-champions-2024-opening-b/?game=180369,screenshots/2024-stats.png,374b1bd0cef4daac66d39a94aee70d2813b826501153e59a268a94ca7469336b,player_map_stats.csv,"{""handle"": ""Karon"", ""map_id"": ""180369"", ""match_id"": ""378662""}",vlr_rating,1.02,1.02,True
2024 Champions Gen.G–Sentinels Haven,https://www.vlr.gg/378662/gen-g-vs-sentinels-valorant-champions-2024-opening-b/?game=180369,screenshots/2024-stats.png,374b1bd0cef4daac66d39a94aee70d2813b826501153e59a268a94ca7469336b,player_map_stats.csv,"{""handle"": ""Karon"", ""map_id"": ""180369"", ""match_id"": ""378662""}",acs,188,188,True
2024 Champions Gen.G–Sentinels Haven,https://www.vlr.gg/378662/gen-g-vs-sentinels-valorant-champions-2024-opening-b/?game=180369,screenshots/2024-stats.png,374b1bd0cef4daac66d39a94aee70d2813b826501153e59a268a94ca7469336b,player_map_stats.csv,"{""handle"": ""Karon"", ""map_id"": ""180369"", ""match_id"": ""378662""}",kills,14,14,True
2024 Champions Gen.G–Sentinels Haven,https://www.vlr.gg/378662/gen-g-vs-sentinels-valorant-champions-2024-opening-b/?game=180369,screenshots/2024-stats.png,374b1bd0cef4daac66d39a94aee70d2813b826501153e59a268a94ca7469336b,player_map_stats.csv,"{""handle"": ""Karon"", ""map_id"": ""180369"", ""match_id"": ""378662""}",deaths,12,12,True
2024 Champions Gen.G–Sentinels Haven,https://www.vlr.gg/378662/gen-g-vs-sentinels-valorant-champions-2024-opening-b/?game=180369,screenshots/2024-stats.png,374b1bd0cef4daac66d39a94aee70d2813b826501153e59a268a94ca7469336b,player_map_stats.csv,"{""handle"": ""Karon"", ""map_id"": ""180369"", ""match_id"": ""378662""}",assists,12,12,True
2024 Champions Gen.G–Sentinels Haven,https://www.vlr.gg/378662/gen-g-vs-sentinels-valorant-champions-2024-opening-b/?game=180369,screenshots/2024-stats.png,374b1bd0cef4daac66d39a94aee70d2813b826501153e59a268a94ca7469336b,player_map_stats.csv,"{""handle"": ""Karon"", ""map_id"": ""180369"", ""match_id"": ""378662""}",kast_pct,86,86,True
2024 Champions Gen.G–Sentinels Haven,https://www.vlr.gg/378662/gen-g-vs-sentinels-valorant-champions-2024-opening-b/?game=180369,screenshots/2024-stats.png,374b1bd0cef4daac66d39a94aee70d2813b826501153e59a268a94ca7469336b,player_map_stats.csv,"{""handle"": ""Karon"", ""map_id"": ""180369"", ""match_id"": ""378662""}",adr,119,119,True
2024 Champions Gen.G–Sentinels Haven,https://www.vlr.gg/378662/gen-g-vs-sentinels-valorant-champions-2024-opening-b/?game=180369,screenshots/2024-stats.png,374b1bd0cef4daac66d39a94aee70d2813b826501153e59a268a94ca7469336b,player_map_stats.csv,"{""handle"": ""Karon"", ""map_id"": ""180369"", ""match_id"": ""378662""}",hs_pct,42,42,True
2024 Champions Gen.G–Sentinels Haven,https://www.vlr.gg/378662/gen-g-vs-sentinels-valorant-champions-2024-opening-b/?game=180369,screenshots/2024-stats.png,374b1bd0cef4daac66d39a94aee70d2813b826501153e59a268a94ca7469336b,player_map_stats.csv,"{""handle"": ""Karon"", ""map_id"": ""180369"", ""match_id"": ""378662""}",first_kills,1,1,True
2024 Champions Gen.G–Sentinels Haven,https://www.vlr.gg/378662/gen-g-vs-sentinels-valorant-champions-2024-opening-b/?game=180369,screenshots/2024-stats.png,374b1bd0cef4daac66d39a94aee70d2813b826501153e59a268a94ca7469336b,player_map_stats.csv,"{""handle"": ""Karon"", ""map_id"": ""180369"", ""match_id"": ""378662""}",first_deaths,1,1,True
2024 Champions Gen.G–Sentinels Haven,https://www.vlr.gg/378662/gen-g-vs-sentinels-valorant-champions-2024-opening-b/?game=180369,screenshots/2024-stats.png,374b1bd0cef4daac66d39a94aee70d2813b826501153e59a268a94ca7469336b,player_map_stats.csv,"{""handle"": ""Munchkin"", ""map_id"": ""180369"", ""match_id"": ""378662""}",vlr_rating,0.7,0.7,True
2024 Champions Gen.G–Sentinels Haven,https://www.vlr.gg/378662/gen-g-vs-sentinels-valorant-champions-2024-opening-b/?game=180369,screenshots/2024-stats.png,374b1bd0cef4daac66d39a94aee70d2813b826501153e59a268a94ca7469336b,player_map_stats.csv,"{""handle"": ""Munchkin"", ""map_id"": ""180369"", ""match_id"": ""378662""}",acs,145,145,True
2024 Champions Gen.G–Sentinels Haven,https://www.vlr.gg/378662/gen-g-vs-sentinels-valorant-champions-2024-opening-b/?game=180369,screenshots/2024-stats.png,374b1bd0cef4daac66d39a94aee70d2813b826501153e59a268a94ca7469336b,player_map_stats.csv,"{""handle"": ""Munchkin"", ""map_id"": ""180369"", ""match_id"": ""378662""}",kills,9,9,True
2024 Champions Gen.G–Sentinels Haven,https://www.vlr.gg/378662/gen-g-vs-sentinels-valorant-champions-2024-opening-b/?game=180369,screenshots/2024-stats.png,374b1bd0cef4daac66d39a94aee70d2813b826501153e59a268a94ca7469336b,player_map_stats.csv,"{""handle"": ""Munchkin"", ""map_id"": ""180369"", ""match_id"": ""378662""}",deaths,15,15,True
2024 Champions Gen.G–Sentinels Haven,https://www.vlr.gg/378662/gen-g-vs-sentinels-valorant-champions-2024-opening-b/?game=180369,screenshots/2024-stats.png,374b1bd0cef4daac66d39a94aee70d2813b826501153e59a268a94ca7469336b,player_map_stats.csv,"{""handle"": ""Munchkin"", ""map_id"": ""180369"", ""match_id"": ""378662""}",assists,7,7,True
2024 Champions Gen.G–Sentinels Haven,https://www.vlr.gg/378662/gen-g-vs-sentinels-valorant-champions-2024-opening-b/?game=180369,screenshots/2024-stats.png,374b1bd0cef4daac66d39a94aee70d2813b826501153e59a268a94ca7469336b,player_map_stats.csv,"{""handle"": ""Munchkin"", ""map_id"": ""180369"", ""match_id"": ""378662""}",kast_pct,76,76,True
2024 Champions Gen.G–Sentinels Haven,https://www.vlr.gg/378662/gen-g-vs-sentinels-valorant-champions-2024-opening-b/?game=180369,screenshots/2024-stats.png,374b1bd0cef4daac66d39a94aee70d2813b826501153e59a268a94ca7469336b,player_map_stats.csv,"{""handle"": ""Munchkin"", ""map_id"": ""180369"", ""match_id"": ""378662""}",adr,96,96,True
2024 Champions Gen.G–Sentinels Haven,https://www.vlr.gg/378662/gen-g-vs-sentinels-valorant-champions-2024-opening-b/?game=180369,screenshots/2024-stats.png,374b1bd0cef4daac66d39a94aee70d2813b826501153e59a268a94ca7469336b,player_map_stats.csv,"{""handle"": ""Munchkin"", ""map_id"": ""180369"", ""match_id"": ""378662""}",hs_pct,24,24,True
2024 Champions Gen.G–Sentinels Haven,https://www.vlr.gg/378662/gen-g-vs-sentinels-valorant-champions-2024-opening-b/?game=180369,screenshots/2024-stats.png,374b1bd0cef4daac66d39a94aee70d2813b826501153e59a268a94ca7469336b,player_map_stats.csv,"{""handle"": ""Munchkin"", ""map_id"": ""180369"", ""match_id"": ""378662""}",first_kills,3,3,True
2024 Champions Gen.G–Sentinels Haven,https://www.vlr.gg/378662/gen-g-vs-sentinels-valorant-champions-2024-opening-b/?game=180369,screenshots/2024-stats.png,374b1bd0cef4daac66d39a94aee70d2813b826501153e59a268a94ca7469336b,player_map_stats.csv,"{""handle"": ""Munchkin"", ""map_id"": ""180369"", ""match_id"": ""378662""}",first_deaths,1,1,True
2024 Champions Gen.G–Sentinels Haven,https://www.vlr.gg/378662/gen-g-vs-sentinels-valorant-champions-2024-opening-b/?game=180369,screenshots/2024-stats.png,374b1bd0cef4daac66d39a94aee70d2813b826501153e59a268a94ca7469336b,player_map_stats.csv,"{""handle"": ""Sacy"", ""map_id"": ""180369"", ""match_id"": ""378662""}",vlr_rating,1.28,1.28,True
2024 Champions Gen.G–Sentinels Haven,https://www.vlr.gg/378662/gen-g-vs-sentinels-valorant-champions-2024-opening-b/?game=180369,screenshots/2024-stats.png,374b1bd0cef4daac66d39a94aee70d2813b826501153e59a268a94ca7469336b,player_map_stats.csv,"{""handle"": ""Sacy"", ""map_id"": ""180369"", ""match_id"": ""378662""}",acs,245,245,True
2024 Champions Gen.G–Sentinels Haven,https://www.vlr.gg/378662/gen-g-vs-sentinels-valorant-champions-2024-opening-b/?game=180369,screenshots/2024-stats.png,374b1bd0cef4daac66d39a94aee70d2813b826501153e59a268a94ca7469336b,player_map_stats.csv,"{""handle"": ""Sacy"", ""map_id"": ""180369"", ""match_id"": ""378662""}",kills,19,19,True
2024 Champions Gen.G–Sentinels Haven,https://www.vlr.gg/378662/gen-g-vs-sentinels-valorant-champions-2024-opening-b/?game=180369,screenshots/2024-stats.png,374b1bd0cef4daac66d39a94aee70d2813b826501153e59a268a94ca7469336b,player_map_stats.csv,"{""handle"": ""Sacy"", ""map_id"": ""180369"", ""match_id"": ""378662""}",deaths,15,15,True
2024 Champions Gen.G–Sentinels Haven,https://www.vlr.gg/378662/gen-g-vs-sentinels-valorant-champions-2024-opening-b/?game=180369,screenshots/2024-stats.png,374b1bd0cef4daac66d39a94aee70d2813b826501153e59a268a94ca7469336b,player_map_stats.csv,"{""handle"": ""Sacy"", ""map_id"": ""180369"", ""match_id"": ""378662""}",assists,5,5,True
2024 Champions Gen.G–Sentinels Haven,https://www.vlr.gg/378662/gen-g-vs-sentinels-valorant-champions-2024-opening-b/?game=180369,screenshots/2024-stats.png,374b1bd0cef4daac66d39a94aee70d2813b826501153e59a268a94ca7469336b,player_map_stats.csv,"{""handle"": ""Sacy"", ""map_id"": ""180369"", ""match_id"": ""378662""}",kast_pct,76,76,True
2024 Champions Gen.G–Sentinels Haven,https://www.vlr.gg/378662/gen-g-vs-sentinels-valorant-champions-2024-opening-b/?game=180369,screenshots/2024-stats.png,374b1bd0cef4daac66d39a94aee70d2813b826501153e59a268a94ca7469336b,player_map_stats.csv,"{""handle"": ""Sacy"", ""map_id"": ""180369"", ""match_id"": ""378662""}",adr,157,157,True
2024 Champions Gen.G–Sentinels Haven,https://www.vlr.gg/378662/gen-g-vs-sentinels-valorant-champions-2024-opening-b/?game=180369,screenshots/2024-stats.png,374b1bd0cef4daac66d39a94aee70d2813b826501153e59a268a94ca7469336b,player_map_stats.csv,"{""handle"": ""Sacy"", ""map_id"": ""180369"", ""match_id"": ""378662""}",hs_pct,52,52,True
2024 Champions Gen.G–Sentinels Haven,https://www.vlr.gg/378662/gen-g-vs-sentinels-valorant-champions-2024-opening-b/?game=180369,screenshots/2024-stats.png,374b1bd0cef4daac66d39a94aee70d2813b826501153e59a268a94ca7469336b,player_map_stats.csv,"{""handle"": ""Sacy"", ""map_id"": ""180369"", ""match_id"": ""378662""}",first_kills,2,2,True
2024 Champions Gen.G–Sentinels Haven,https://www.vlr.gg/378662/gen-g-vs-sentinels-valorant-champions-2024-opening-b/?game=180369,screenshots/2024-stats.png,374b1bd0cef4daac66d39a94aee70d2813b826501153e59a268a94ca7469336b,player_map_stats.csv,"{""handle"": ""Sacy"", ""map_id"": ""180369"", ""match_id"": ""378662""}",first_deaths,1,1,True
2024 Champions Gen.G–Sentinels Haven,https://www.vlr.gg/378662/gen-g-vs-sentinels-valorant-champions-2024-opening-b/?game=180369,screenshots/2024-stats.png,374b1bd0cef4daac66d39a94aee70d2813b826501153e59a268a94ca7469336b,player_map_stats.csv,"{""handle"": ""TenZ"", ""map_id"": ""180369"", ""match_id"": ""378662""}",vlr_rating,1.15,1.15,True
2024 Champions Gen.G–Sentinels Haven,https://www.vlr.gg/378662/gen-g-vs-sentinels-valorant-champions-2024-opening-b/?game=180369,screenshots/2024-stats.png,374b1bd0cef4daac66d39a94aee70d2813b826501153e59a268a94ca7469336b,player_map_stats.csv,"{""handle"": ""TenZ"", ""map_id"": ""180369"", ""match_id"": ""378662""}",acs,226,226,True
2024 Champions Gen.G–Sentinels Haven,https://www.vlr.gg/378662/gen-g-vs-sentinels-valorant-champions-2024-opening-b/?game=180369,screenshots/2024-stats.png,374b1bd0cef4daac66d39a94aee70d2813b826501153e59a268a94ca7469336b,player_map_stats.csv,"{""handle"": ""TenZ"", ""map_id"": ""180369"", ""match_id"": ""378662""}",kills,15,15,True
2024 Champions Gen.G–Sentinels Haven,https://www.vlr.gg/378662/gen-g-vs-sentinels-valorant-champions-2024-opening-b/?game=180369,screenshots/2024-stats.png,374b1bd0cef4daac66d39a94aee70d2813b826501153e59a268a94ca7469336b,player_map_stats.csv,"{""handle"": ""TenZ"", ""map_id"": ""180369"", ""match_id"": ""378662""}",deaths,15,15,True
2024 Champions Gen.G–Sentinels Haven,https://www.vlr.gg/378662/gen-g-vs-sentinels-valorant-champions-2024-opening-b/?game=180369,screenshots/2024-stats.png,374b1bd0cef4daac66d39a94aee70d2813b826501153e59a268a94ca7469336b,player_map_stats.csv,"{""handle"": ""TenZ"", ""map_id"": ""180369"", ""match_id"": ""378662""}",assists,11,11,True
2024 Champions Gen.G–Sentinels Haven,https://www.vlr.gg/378662/gen-g-vs-sentinels-valorant-champions-2024-opening-b/?game=180369,screenshots/2024-stats.png,374b1bd0cef4daac66d39a94aee70d2813b826501153e59a268a94ca7469336b,player_map_stats.csv,"{""handle"": ""TenZ"", ""map_id"": ""180369"", ""match_id"": ""378662""}",kast_pct,81,81,True
2024 Champions Gen.G–Sentinels Haven,https://www.vlr.gg/378662/gen-g-vs-sentinels-valorant-champions-2024-opening-b/?game=180369,screenshots/2024-stats.png,374b1bd0cef4daac66d39a94aee70d2813b826501153e59a268a94ca7469336b,player_map_stats.csv,"{""handle"": ""TenZ"", ""map_id"": ""180369"", ""match_id"": ""378662""}",adr,146,146,True
2024 Champions Gen.G–Sentinels Haven,https://www.vlr.gg/378662/gen-g-vs-sentinels-valorant-champions-2024-opening-b/?game=180369,screenshots/2024-stats.png,374b1bd0cef4daac66d39a94aee70d2813b826501153e59a268a94ca7469336b,player_map_stats.csv,"{""handle"": ""TenZ"", ""map_id"": ""180369"", ""match_id"": ""378662""}",hs_pct,16,16,True
2024 Champions Gen.G–Sentinels Haven,https://www.vlr.gg/378662/gen-g-vs-sentinels-valorant-champions-2024-opening-b/?game=180369,screenshots/2024-stats.png,374b1bd0cef4daac66d39a94aee70d2813b826501153e59a268a94ca7469336b,player_map_stats.csv,"{""handle"": ""TenZ"", ""map_id"": ""180369"", ""match_id"": ""378662""}",first_kills,3,3,True
2024 Champions Gen.G–Sentinels Haven,https://www.vlr.gg/378662/gen-g-vs-sentinels-valorant-champions-2024-opening-b/?game=180369,screenshots/2024-stats.png,374b1bd0cef4daac66d39a94aee70d2813b826501153e59a268a94ca7469336b,player_map_stats.csv,"{""handle"": ""TenZ"", ""map_id"": ""180369"", ""match_id"": ""378662""}",first_deaths,4,4,True
2024 Champions Gen.G–Sentinels Haven,https://www.vlr.gg/378662/gen-g-vs-sentinels-valorant-champions-2024-opening-b/?game=180369,screenshots/2024-stats.png,374b1bd0cef4daac66d39a94aee70d2813b826501153e59a268a94ca7469336b,player_map_stats.csv,"{""handle"": ""Zellsis"", ""map_id"": ""180369"", ""match_id"": ""378662""}",vlr_rating,0.99,0.99,True
2024 Champions Gen.G–Sentinels Haven,https://www.vlr.gg/378662/gen-g-vs-sentinels-valorant-champions-2024-opening-b/?game=180369,screenshots/2024-stats.png,374b1bd0cef4daac66d39a94aee70d2813b826501153e59a268a94ca7469336b,player_map_stats.csv,"{""handle"": ""Zellsis"", ""map_id"": ""180369"", ""match_id"": ""378662""}",acs,152,152,True
2024 Champions Gen.G–Sentinels Haven,https://www.vlr.gg/378662/gen-g-vs-sentinels-valorant-champions-2024-opening-b/?game=180369,screenshots/2024-stats.png,374b1bd0cef4daac66d39a94aee70d2813b826501153e59a268a94ca7469336b,player_map_stats.csv,"{""handle"": ""Zellsis"", ""map_id"": ""180369"", ""match_id"": ""378662""}",kills,11,11,True
2024 Champions Gen.G–Sentinels Haven,https://www.vlr.gg/378662/gen-g-vs-sentinels-valorant-champions-2024-opening-b/?game=180369,screenshots/2024-stats.png,374b1bd0cef4daac66d39a94aee70d2813b826501153e59a268a94ca7469336b,player_map_stats.csv,"{""handle"": ""Zellsis"", ""map_id"": ""180369"", ""match_id"": ""378662""}",deaths,14,14,True
2024 Champions Gen.G–Sentinels Haven,https://www.vlr.gg/378662/gen-g-vs-sentinels-valorant-champions-2024-opening-b/?game=180369,screenshots/2024-stats.png,374b1bd0cef4daac66d39a94aee70d2813b826501153e59a268a94ca7469336b,player_map_stats.csv,"{""handle"": ""Zellsis"", ""map_id"": ""180369"", ""match_id"": ""378662""}",assists,12,12,True
2024 Champions Gen.G–Sentinels Haven,https://www.vlr.gg/378662/gen-g-vs-sentinels-valorant-champions-2024-opening-b/?game=180369,screenshots/2024-stats.png,374b1bd0cef4daac66d39a94aee70d2813b826501153e59a268a94ca7469336b,player_map_stats.csv,"{""handle"": ""Zellsis"", ""map_id"": ""180369"", ""match_id"": ""378662""}",kast_pct,71,71,True
2024 Champions Gen.G–Sentinels Haven,https://www.vlr.gg/378662/gen-g-vs-sentinels-valorant-champions-2024-opening-b/?game=180369,screenshots/2024-stats.png,374b1bd0cef4daac66d39a94aee70d2813b826501153e59a268a94ca7469336b,player_map_stats.csv,"{""handle"": ""Zellsis"", ""map_id"": ""180369"", ""match_id"": ""378662""}",adr,95,95,True
2024 Champions Gen.G–Sentinels Haven,https://www.vlr.gg/378662/gen-g-vs-sentinels-valorant-champions-2024-opening-b/?game=180369,screenshots/2024-stats.png,374b1bd0cef4daac66d39a94aee70d2813b826501153e59a268a94ca7469336b,player_map_stats.csv,"{""handle"": ""Zellsis"", ""map_id"": ""180369"", ""match_id"": ""378662""}",hs_pct,38,38,True
2024 Champions Gen.G–Sentinels Haven,https://www.vlr.gg/378662/gen-g-vs-sentinels-valorant-champions-2024-opening-b/?game=180369,screenshots/2024-stats.png,374b1bd0cef4daac66d39a94aee70d2813b826501153e59a268a94ca7469336b,player_map_stats.csv,"{""handle"": ""Zellsis"", ""map_id"": ""180369"", ""match_id"": ""378662""}",first_kills,3,3,True
2024 Champions Gen.G–Sentinels Haven,https://www.vlr.gg/378662/gen-g-vs-sentinels-valorant-champions-2024-opening-b/?game=180369,screenshots/2024-stats.png,374b1bd0cef4daac66d39a94aee70d2813b826501153e59a268a94ca7469336b,player_map_stats.csv,"{""handle"": ""Zellsis"", ""map_id"": ""180369"", ""match_id"": ""378662""}",first_deaths,1,1,True
2024 Champions Gen.G–Sentinels Haven,https://www.vlr.gg/378662/gen-g-vs-sentinels-valorant-champions-2024-opening-b/?game=180369,screenshots/2024-stats.png,374b1bd0cef4daac66d39a94aee70d2813b826501153e59a268a94ca7469336b,player_map_stats.csv,"{""handle"": ""johnqt"", ""map_id"": ""180369"", ""match_id"": ""378662""}",vlr_rating,0.67,0.67,True
2024 Champions Gen.G–Sentinels Haven,https://www.vlr.gg/378662/gen-g-vs-sentinels-valorant-champions-2024-opening-b/?game=180369,screenshots/2024-stats.png,374b1bd0cef4daac66d39a94aee70d2813b826501153e59a268a94ca7469336b,player_map_stats.csv,"{""handle"": ""johnqt"", ""map_id"": ""180369"", ""match_id"": ""378662""}",acs,132,132,True
2024 Champions Gen.G–Sentinels Haven,https://www.vlr.gg/378662/gen-g-vs-sentinels-valorant-champions-2024-opening-b/?game=180369,screenshots/2024-stats.png,374b1bd0cef4daac66d39a94aee70d2813b826501153e59a268a94ca7469336b,player_map_stats.csv,"{""handle"": ""johnqt"", ""map_id"": ""180369"", ""match_id"": ""378662""}",kills,9,9,True
2024 Champions Gen.G–Sentinels Haven,https://www.vlr.gg/378662/gen-g-vs-sentinels-valorant-champions-2024-opening-b/?game=180369,screenshots/2024-stats.png,374b1bd0cef4daac66d39a94aee70d2813b826501153e59a268a94ca7469336b,player_map_stats.csv,"{""handle"": ""johnqt"", ""map_id"": ""180369"", ""match_id"": ""378662""}",deaths,16,16,True
2024 Champions Gen.G–Sentinels Haven,https://www.vlr.gg/378662/gen-g-vs-sentinels-valorant-champions-2024-opening-b/?game=180369,screenshots/2024-stats.png,374b1bd0cef4daac66d39a94aee70d2813b826501153e59a268a94ca7469336b,player_map_stats.csv,"{""handle"": ""johnqt"", ""map_id"": ""180369"", ""match_id"": ""378662""}",assists,3,3,True
2024 Champions Gen.G–Sentinels Haven,https://www.vlr.gg/378662/gen-g-vs-sentinels-valorant-champions-2024-opening-b/?game=180369,screenshots/2024-stats.png,374b1bd0cef4daac66d39a94aee70d2813b826501153e59a268a94ca7469336b,player_map_stats.csv,"{""handle"": ""johnqt"", ""map_id"": ""180369"", ""match_id"": ""378662""}",kast_pct,57,57,True
2024 Champions Gen.G–Sentinels Haven,https://www.vlr.gg/378662/gen-g-vs-sentinels-valorant-champions-2024-opening-b/?game=180369,screenshots/2024-stats.png,374b1bd0cef4daac66d39a94aee70d2813b826501153e59a268a94ca7469336b,player_map_stats.csv,"{""handle"": ""johnqt"", ""map_id"": ""180369"", ""match_id"": ""378662""}",adr,93,93,True
2024 Champions Gen.G–Sentinels Haven,https://www.vlr.gg/378662/gen-g-vs-sentinels-valorant-champions-2024-opening-b/?game=180369,screenshots/2024-stats.png,374b1bd0cef4daac66d39a94aee70d2813b826501153e59a268a94ca7469336b,player_map_stats.csv,"{""handle"": ""johnqt"", ""map_id"": ""180369"", ""match_id"": ""378662""}",hs_pct,50,50,True
2024 Champions Gen.G–Sentinels Haven,https://www.vlr.gg/378662/gen-g-vs-sentinels-valorant-champions-2024-opening-b/?game=180369,screenshots/2024-stats.png,374b1bd0cef4daac66d39a94aee70d2813b826501153e59a268a94ca7469336b,player_map_stats.csv,"{""handle"": ""johnqt"", ""map_id"": ""180369"", ""match_id"": ""378662""}",first_kills,2,2,True
2024 Champions Gen.G–Sentinels Haven,https://www.vlr.gg/378662/gen-g-vs-sentinels-valorant-champions-2024-opening-b/?game=180369,screenshots/2024-stats.png,374b1bd0cef4daac66d39a94aee70d2813b826501153e59a268a94ca7469336b,player_map_stats.csv,"{""handle"": ""johnqt"", ""map_id"": ""180369"", ""match_id"": ""378662""}",first_deaths,0,0,True
2024 Champions Gen.G–Sentinels Haven,https://www.vlr.gg/378662/gen-g-vs-sentinels-valorant-champions-2024-opening-b/?game=180369,screenshots/2024-stats.png,374b1bd0cef4daac66d39a94aee70d2813b826501153e59a268a94ca7469336b,player_map_stats.csv,"{""handle"": ""zekken"", ""map_id"": ""180369"", ""match_id"": ""378662""}",vlr_rating,0.34,0.34,True
2024 Champions Gen.G–Sentinels Haven,https://www.vlr.gg/378662/gen-g-vs-sentinels-valorant-champions-2024-opening-b/?game=180369,screenshots/2024-stats.png,374b1bd0cef4daac66d39a94aee70d2813b826501153e59a268a94ca7469336b,player_map_stats.csv,"{""handle"": ""zekken"", ""map_id"": ""180369"", ""match_id"": ""378662""}",acs,115,115,True
2024 Champions Gen.G–Sentinels Haven,https://www.vlr.gg/378662/gen-g-vs-sentinels-valorant-champions-2024-opening-b/?game=180369,screenshots/2024-stats.png,374b1bd0cef4daac66d39a94aee70d2813b826501153e59a268a94ca7469336b,player_map_stats.csv,"{""handle"": ""zekken"", ""map_id"": ""180369"", ""match_id"": ""378662""}",kills,7,7,True
2024 Champions Gen.G–Sentinels Haven,https://www.vlr.gg/378662/gen-g-vs-sentinels-valorant-champions-2024-opening-b/?game=180369,screenshots/2024-stats.png,374b1bd0cef4daac66d39a94aee70d2813b826501153e59a268a94ca7469336b,player_map_stats.csv,"{""handle"": ""zekken"", ""map_id"": ""180369"", ""match_id"": ""378662""}",deaths,19,19,True
2024 Champions Gen.G–Sentinels Haven,https://www.vlr.gg/378662/gen-g-vs-sentinels-valorant-champions-2024-opening-b/?game=180369,screenshots/2024-stats.png,374b1bd0cef4daac66d39a94aee70d2813b826501153e59a268a94ca7469336b,player_map_stats.csv,"{""handle"": ""zekken"", ""map_id"": ""180369"", ""match_id"": ""378662""}",assists,4,4,True
2024 Champions Gen.G–Sentinels Haven,https://www.vlr.gg/378662/gen-g-vs-sentinels-valorant-champions-2024-opening-b/?game=180369,screenshots/2024-stats.png,374b1bd0cef4daac66d39a94aee70d2813b826501153e59a268a94ca7469336b,player_map_stats.csv,"{""handle"": ""zekken"", ""map_id"": ""180369"", ""match_id"": ""378662""}",kast_pct,48,48,True
2024 Champions Gen.G–Sentinels Haven,https://www.vlr.gg/378662/gen-g-vs-sentinels-valorant-champions-2024-opening-b/?game=180369,screenshots/2024-stats.png,374b1bd0cef4daac66d39a94aee70d2813b826501153e59a268a94ca7469336b,player_map_stats.csv,"{""handle"": ""zekken"", ""map_id"": ""180369"", ""match_id"": ""378662""}",adr,76,76,True
2024 Champions Gen.G–Sentinels Haven,https://www.vlr.gg/378662/gen-g-vs-sentinels-valorant-champions-2024-opening-b/?game=180369,screenshots/2024-stats.png,374b1bd0cef4daac66d39a94aee70d2813b826501153e59a268a94ca7469336b,player_map_stats.csv,"{""handle"": ""zekken"", ""map_id"": ""180369"", ""match_id"": ""378662""}",hs_pct,22,22,True
2024 Champions Gen.G–Sentinels Haven,https://www.vlr.gg/378662/gen-g-vs-sentinels-valorant-champions-2024-opening-b/?game=180369,screenshots/2024-stats.png,374b1bd0cef4daac66d39a94aee70d2813b826501153e59a268a94ca7469336b,player_map_stats.csv,"{""handle"": ""zekken"", ""map_id"": ""180369"", ""match_id"": ""378662""}",first_kills,1,1,True
2024 Champions Gen.G–Sentinels Haven,https://www.vlr.gg/378662/gen-g-vs-sentinels-valorant-champions-2024-opening-b/?game=180369,screenshots/2024-stats.png,374b1bd0cef4daac66d39a94aee70d2813b826501153e59a268a94ca7469336b,player_map_stats.csv,"{""handle"": ""zekken"", ""map_id"": ""180369"", ""match_id"": ""378662""}",first_deaths,4,4,True
2024 Champions Gen.G–Sentinels Haven,https://www.vlr.gg/378662/gen-g-vs-sentinels-valorant-champions-2024-opening-b/?game=180369,screenshots/2024-stats.png,374b1bd0cef4daac66d39a94aee70d2813b826501153e59a268a94ca7469336b,map_outcomes.csv,"{""map_id"": ""180369"", ""match_id"": ""378662""}",map_name,Haven,Haven,True
2024 Champions Gen.G–Sentinels Haven,https://www.vlr.gg/378662/gen-g-vs-sentinels-valorant-champions-2024-opening-b/?game=180369,screenshots/2024-stats.png,374b1bd0cef4daac66d39a94aee70d2813b826501153e59a268a94ca7469336b,map_outcomes.csv,"{""map_id"": ""180369"", ""match_id"": ""378662""}",team1_rounds,13,13,True
2024 Champions Gen.G–Sentinels Haven,https://www.vlr.gg/378662/gen-g-vs-sentinels-valorant-champions-2024-opening-b/?game=180369,screenshots/2024-stats.png,374b1bd0cef4daac66d39a94aee70d2813b826501153e59a268a94ca7469336b,map_outcomes.csv,"{""map_id"": ""180369"", ""match_id"": ""378662""}",team2_rounds,8,8,True
2024 Champions Gen.G–Sentinels Haven,https://www.vlr.gg/378662/gen-g-vs-sentinels-valorant-champions-2024-opening-b/?game=180369,screenshots/2024-stats.png,374b1bd0cef4daac66d39a94aee70d2813b826501153e59a268a94ca7469336b,map_outcomes.csv,"{""map_id"": ""180369"", ""match_id"": ""378662""}",rounds,21,21,True
2024 Champions Gen.G–Sentinels Haven,https://www.vlr.gg/378662/gen-g-vs-sentinels-valorant-champions-2024-opening-b/?game=180369,screenshots/2024-stats.png,374b1bd0cef4daac66d39a94aee70d2813b826501153e59a268a94ca7469336b,map_context.csv,"{""map_id"": ""180369"", ""match_id"": ""378662""}",map_duration_display,1:02:40,1:02:40,True
2024 Champions Gen.G–Sentinels Haven,https://www.vlr.gg/378662/gen-g-vs-sentinels-valorant-champions-2024-opening-b/?game=180369,screenshots/2024-stats.png,374b1bd0cef4daac66d39a94aee70d2813b826501153e59a268a94ca7469336b,map_context.csv,"{""map_id"": ""180369"", ""match_id"": ""378662""}",team1_start_side,defense,defense,True
2024 Champions Gen.G–Sentinels Haven,https://www.vlr.gg/378662/gen-g-vs-sentinels-valorant-champions-2024-opening-b/?game=180369,screenshots/2024-stats.png,374b1bd0cef4daac66d39a94aee70d2813b826501153e59a268a94ca7469336b,map_context.csv,"{""map_id"": ""180369"", ""match_id"": ""378662""}",team2_start_side,attack,attack,True
2025 Champions Paper Rex–Xi Lai Bind,https://www.vlr.gg/542195/paper-rex-vs-xi-lai-gaming-valorant-champions-2025-opening-a/?game=233397,screenshots/2025-stats.png,099657640ea358d6dfff56b82a4faf32a5bf7b26669ab087b53efa31f2e8eba8,player_map_stats.csv,"{""handle"": ""something"", ""map_id"": ""233397"", ""match_id"": ""542195""}",vlr_rating,1.63,1.63,True
2025 Champions Paper Rex–Xi Lai Bind,https://www.vlr.gg/542195/paper-rex-vs-xi-lai-gaming-valorant-champions-2025-opening-a/?game=233397,screenshots/2025-stats.png,099657640ea358d6dfff56b82a4faf32a5bf7b26669ab087b53efa31f2e8eba8,player_map_stats.csv,"{""handle"": ""something"", ""map_id"": ""233397"", ""match_id"": ""542195""}",acs,258,258,True
2025 Champions Paper Rex–Xi Lai Bind,https://www.vlr.gg/542195/paper-rex-vs-xi-lai-gaming-valorant-champions-2025-opening-a/?game=233397,screenshots/2025-stats.png,099657640ea358d6dfff56b82a4faf32a5bf7b26669ab087b53efa31f2e8eba8,player_map_stats.csv,"{""handle"": ""something"", ""map_id"": ""233397"", ""match_id"": ""542195""}",kills,21,21,True
2025 Champions Paper Rex–Xi Lai Bind,https://www.vlr.gg/542195/paper-rex-vs-xi-lai-gaming-valorant-champions-2025-opening-a/?game=233397,screenshots/2025-stats.png,099657640ea358d6dfff56b82a4faf32a5bf7b26669ab087b53efa31f2e8eba8,player_map_stats.csv,"{""handle"": ""something"", ""map_id"": ""233397"", ""match_id"": ""542195""}",deaths,12,12,True
2025 Champions Paper Rex–Xi Lai Bind,https://www.vlr.gg/542195/paper-rex-vs-xi-lai-gaming-valorant-champions-2025-opening-a/?game=233397,screenshots/2025-stats.png,099657640ea358d6dfff56b82a4faf32a5bf7b26669ab087b53efa31f2e8eba8,player_map_stats.csv,"{""handle"": ""something"", ""map_id"": ""233397"", ""match_id"": ""542195""}",assists,12,12,True
2025 Champions Paper Rex–Xi Lai Bind,https://www.vlr.gg/542195/paper-rex-vs-xi-lai-gaming-valorant-champions-2025-opening-a/?game=233397,screenshots/2025-stats.png,099657640ea358d6dfff56b82a4faf32a5bf7b26669ab087b53efa31f2e8eba8,player_map_stats.csv,"{""handle"": ""something"", ""map_id"": ""233397"", ""match_id"": ""542195""}",kast_pct,91,91,True
2025 Champions Paper Rex–Xi Lai Bind,https://www.vlr.gg/542195/paper-rex-vs-xi-lai-gaming-valorant-champions-2025-opening-a/?game=233397,screenshots/2025-stats.png,099657640ea358d6dfff56b82a4faf32a5bf7b26669ab087b53efa31f2e8eba8,player_map_stats.csv,"{""handle"": ""something"", ""map_id"": ""233397"", ""match_id"": ""542195""}",adr,167,167,True
2025 Champions Paper Rex–Xi Lai Bind,https://www.vlr.gg/542195/paper-rex-vs-xi-lai-gaming-valorant-champions-2025-opening-a/?game=233397,screenshots/2025-stats.png,099657640ea358d6dfff56b82a4faf32a5bf7b26669ab087b53efa31f2e8eba8,player_map_stats.csv,"{""handle"": ""something"", ""map_id"": ""233397"", ""match_id"": ""542195""}",hs_pct,15,15,True
2025 Champions Paper Rex–Xi Lai Bind,https://www.vlr.gg/542195/paper-rex-vs-xi-lai-gaming-valorant-champions-2025-opening-a/?game=233397,screenshots/2025-stats.png,099657640ea358d6dfff56b82a4faf32a5bf7b26669ab087b53efa31f2e8eba8,player_map_stats.csv,"{""handle"": ""something"", ""map_id"": ""233397"", ""match_id"": ""542195""}",first_kills,4,4,True
2025 Champions Paper Rex–Xi Lai Bind,https://www.vlr.gg/542195/paper-rex-vs-xi-lai-gaming-valorant-champions-2025-opening-a/?game=233397,screenshots/2025-stats.png,099657640ea358d6dfff56b82a4faf32a5bf7b26669ab087b53efa31f2e8eba8,player_map_stats.csv,"{""handle"": ""something"", ""map_id"": ""233397"", ""match_id"": ""542195""}",first_deaths,0,0,True
2025 Champions Paper Rex–Xi Lai Bind,https://www.vlr.gg/542195/paper-rex-vs-xi-lai-gaming-valorant-champions-2025-opening-a/?game=233397,screenshots/2025-stats.png,099657640ea358d6dfff56b82a4faf32a5bf7b26669ab087b53efa31f2e8eba8,player_map_stats.csv,"{""handle"": ""Jinggg"", ""map_id"": ""233397"", ""match_id"": ""542195""}",vlr_rating,1.52,1.52,True
2025 Champions Paper Rex–Xi Lai Bind,https://www.vlr.gg/542195/paper-rex-vs-xi-lai-gaming-valorant-champions-2025-opening-a/?game=233397,screenshots/2025-stats.png,099657640ea358d6dfff56b82a4faf32a5bf7b26669ab087b53efa31f2e8eba8,player_map_stats.csv,"{""handle"": ""Jinggg"", ""map_id"": ""233397"", ""match_id"": ""542195""}",acs,315,315,True
2025 Champions Paper Rex–Xi Lai Bind,https://www.vlr.gg/542195/paper-rex-vs-xi-lai-gaming-valorant-champions-2025-opening-a/?game=233397,screenshots/2025-stats.png,099657640ea358d6dfff56b82a4faf32a5bf7b26669ab087b53efa31f2e8eba8,player_map_stats.csv,"{""handle"": ""Jinggg"", ""map_id"": ""233397"", ""match_id"": ""542195""}",kills,24,24,True
2025 Champions Paper Rex–Xi Lai Bind,https://www.vlr.gg/542195/paper-rex-vs-xi-lai-gaming-valorant-champions-2025-opening-a/?game=233397,screenshots/2025-stats.png,099657640ea358d6dfff56b82a4faf32a5bf7b26669ab087b53efa31f2e8eba8,player_map_stats.csv,"{""handle"": ""Jinggg"", ""map_id"": ""233397"", ""match_id"": ""542195""}",deaths,14,14,True
2025 Champions Paper Rex–Xi Lai Bind,https://www.vlr.gg/542195/paper-rex-vs-xi-lai-gaming-valorant-champions-2025-opening-a/?game=233397,screenshots/2025-stats.png,099657640ea358d6dfff56b82a4faf32a5bf7b26669ab087b53efa31f2e8eba8,player_map_stats.csv,"{""handle"": ""Jinggg"", ""map_id"": ""233397"", ""match_id"": ""542195""}",assists,7,7,True
2025 Champions Paper Rex–Xi Lai Bind,https://www.vlr.gg/542195/paper-rex-vs-xi-lai-gaming-valorant-champions-2025-opening-a/?game=233397,screenshots/2025-stats.png,099657640ea358d6dfff56b82a4faf32a5bf7b26669ab087b53efa31f2e8eba8,player_map_stats.csv,"{""handle"": ""Jinggg"", ""map_id"": ""233397"", ""match_id"": ""542195""}",kast_pct,82,82,True
2025 Champions Paper Rex–Xi Lai Bind,https://www.vlr.gg/542195/paper-rex-vs-xi-lai-gaming-valorant-champions-2025-opening-a/?game=233397,screenshots/2025-stats.png,099657640ea358d6dfff56b82a4faf32a5bf7b26669ab087b53efa31f2e8eba8,player_map_stats.csv,"{""handle"": ""Jinggg"", ""map_id"": ""233397"", ""match_id"": ""542195""}",adr,207,207,True
2025 Champions Paper Rex–Xi Lai Bind,https://www.vlr.gg/542195/paper-rex-vs-xi-lai-gaming-valorant-champions-2025-opening-a/?game=233397,screenshots/2025-stats.png,099657640ea358d6dfff56b82a4faf32a5bf7b26669ab087b53efa31f2e8eba8,player_map_stats.csv,"{""handle"": ""Jinggg"", ""map_id"": ""233397"", ""match_id"": ""542195""}",hs_pct,18,18,True
2025 Champions Paper Rex–Xi Lai Bind,https://www.vlr.gg/542195/paper-rex-vs-xi-lai-gaming-valorant-champions-2025-opening-a/?game=233397,screenshots/2025-stats.png,099657640ea358d6dfff56b82a4faf32a5bf7b26669ab087b53efa31f2e8eba8,player_map_stats.csv,"{""handle"": ""Jinggg"", ""map_id"": ""233397"", ""match_id"": ""542195""}",first_kills,5,5,True
2025 Champions Paper Rex–Xi Lai Bind,https://www.vlr.gg/542195/paper-rex-vs-xi-lai-gaming-valorant-champions-2025-opening-a/?game=233397,screenshots/2025-stats.png,099657640ea358d6dfff56b82a4faf32a5bf7b26669ab087b53efa31f2e8eba8,player_map_stats.csv,"{""handle"": ""Jinggg"", ""map_id"": ""233397"", ""match_id"": ""542195""}",first_deaths,2,2,True
2025 Champions Paper Rex–Xi Lai Bind,https://www.vlr.gg/542195/paper-rex-vs-xi-lai-gaming-valorant-champions-2025-opening-a/?game=233397,screenshots/2025-stats.png,099657640ea358d6dfff56b82a4faf32a5bf7b26669ab087b53efa31f2e8eba8,player_map_stats.csv,"{""handle"": ""f0rsakeN"", ""map_id"": ""233397"", ""match_id"": ""542195""}",vlr_rating,1.17,1.17,True
2025 Champions Paper Rex–Xi Lai Bind,https://www.vlr.gg/542195/paper-rex-vs-xi-lai-gaming-valorant-champions-2025-opening-a/?game=233397,screenshots/2025-stats.png,099657640ea358d6dfff56b82a4faf32a5bf7b26669ab087b53efa31f2e8eba8,player_map_stats.csv,"{""handle"": ""f0rsakeN"", ""map_id"": ""233397"", ""match_id"": ""542195""}",acs,217,217,True
2025 Champions Paper Rex–Xi Lai Bind,https://www.vlr.gg/542195/paper-rex-vs-xi-lai-gaming-valorant-champions-2025-opening-a/?game=233397,screenshots/2025-stats.png,099657640ea358d6dfff56b82a4faf32a5bf7b26669ab087b53efa31f2e8eba8,player_map_stats.csv,"{""handle"": ""f0rsakeN"", ""map_id"": ""233397"", ""match_id"": ""542195""}",kills,18,18,True
2025 Champions Paper Rex–Xi Lai Bind,https://www.vlr.gg/542195/paper-rex-vs-xi-lai-gaming-valorant-champions-2025-opening-a/?game=233397,screenshots/2025-stats.png,099657640ea358d6dfff56b82a4faf32a5bf7b26669ab087b53efa31f2e8eba8,player_map_stats.csv,"{""handle"": ""f0rsakeN"", ""map_id"": ""233397"", ""match_id"": ""542195""}",deaths,13,13,True
2025 Champions Paper Rex–Xi Lai Bind,https://www.vlr.gg/542195/paper-rex-vs-xi-lai-gaming-valorant-champions-2025-opening-a/?game=233397,screenshots/2025-stats.png,099657640ea358d6dfff56b82a4faf32a5bf7b26669ab087b53efa31f2e8eba8,player_map_stats.csv,"{""handle"": ""f0rsakeN"", ""map_id"": ""233397"", ""match_id"": ""542195""}",assists,13,13,True
2025 Champions Paper Rex–Xi Lai Bind,https://www.vlr.gg/542195/paper-rex-vs-xi-lai-gaming-valorant-champions-2025-opening-a/?game=233397,screenshots/2025-stats.png,099657640ea358d6dfff56b82a4faf32a5bf7b26669ab087b53efa31f2e8eba8,player_map_stats.csv,"{""handle"": ""f0rsakeN"", ""map_id"": ""233397"", ""match_id"": ""542195""}",kast_pct,77,77,True
2025 Champions Paper Rex–Xi Lai Bind,https://www.vlr.gg/542195/paper-rex-vs-xi-lai-gaming-valorant-champions-2025-opening-a/?game=233397,screenshots/2025-stats.png,099657640ea358d6dfff56b82a4faf32a5bf7b26669ab087b53efa31f2e8eba8,player_map_stats.csv,"{""handle"": ""f0rsakeN"", ""map_id"": ""233397"", ""match_id"": ""542195""}",adr,150,150,True
2025 Champions Paper Rex–Xi Lai Bind,https://www.vlr.gg/542195/paper-rex-vs-xi-lai-gaming-valorant-champions-2025-opening-a/?game=233397,screenshots/2025-stats.png,099657640ea358d6dfff56b82a4faf32a5bf7b26669ab087b53efa31f2e8eba8,player_map_stats.csv,"{""handle"": ""f0rsakeN"", ""map_id"": ""233397"", ""match_id"": ""542195""}",hs_pct,36,36,True
2025 Champions Paper Rex–Xi Lai Bind,https://www.vlr.gg/542195/paper-rex-vs-xi-lai-gaming-valorant-champions-2025-opening-a/?game=233397,screenshots/2025-stats.png,099657640ea358d6dfff56b82a4faf32a5bf7b26669ab087b53efa31f2e8eba8,player_map_stats.csv,"{""handle"": ""f0rsakeN"", ""map_id"": ""233397"", ""match_id"": ""542195""}",first_kills,2,2,True
2025 Champions Paper Rex–Xi Lai Bind,https://www.vlr.gg/542195/paper-rex-vs-xi-lai-gaming-valorant-champions-2025-opening-a/?game=233397,screenshots/2025-stats.png,099657640ea358d6dfff56b82a4faf32a5bf7b26669ab087b53efa31f2e8eba8,player_map_stats.csv,"{""handle"": ""f0rsakeN"", ""map_id"": ""233397"", ""match_id"": ""542195""}",first_deaths,5,5,True
2025 Champions Paper Rex–Xi Lai Bind,https://www.vlr.gg/542195/paper-rex-vs-xi-lai-gaming-valorant-champions-2025-opening-a/?game=233397,screenshots/2025-stats.png,099657640ea358d6dfff56b82a4faf32a5bf7b26669ab087b53efa31f2e8eba8,player_map_stats.csv,"{""handle"": ""d4v41"", ""map_id"": ""233397"", ""match_id"": ""542195""}",vlr_rating,0.94,0.94,True
2025 Champions Paper Rex–Xi Lai Bind,https://www.vlr.gg/542195/paper-rex-vs-xi-lai-gaming-valorant-champions-2025-opening-a/?game=233397,screenshots/2025-stats.png,099657640ea358d6dfff56b82a4faf32a5bf7b26669ab087b53efa31f2e8eba8,player_map_stats.csv,"{""handle"": ""d4v41"", ""map_id"": ""233397"", ""match_id"": ""542195""}",acs,176,176,True
2025 Champions Paper Rex–Xi Lai Bind,https://www.vlr.gg/542195/paper-rex-vs-xi-lai-gaming-valorant-champions-2025-opening-a/?game=233397,screenshots/2025-stats.png,099657640ea358d6dfff56b82a4faf32a5bf7b26669ab087b53efa31f2e8eba8,player_map_stats.csv,"{""handle"": ""d4v41"", ""map_id"": ""233397"", ""match_id"": ""542195""}",kills,14,14,True
2025 Champions Paper Rex–Xi Lai Bind,https://www.vlr.gg/542195/paper-rex-vs-xi-lai-gaming-valorant-champions-2025-opening-a/?game=233397,screenshots/2025-stats.png,099657640ea358d6dfff56b82a4faf32a5bf7b26669ab087b53efa31f2e8eba8,player_map_stats.csv,"{""handle"": ""d4v41"", ""map_id"": ""233397"", ""match_id"": ""542195""}",deaths,14,14,True
2025 Champions Paper Rex–Xi Lai Bind,https://www.vlr.gg/542195/paper-rex-vs-xi-lai-gaming-valorant-champions-2025-opening-a/?game=233397,screenshots/2025-stats.png,099657640ea358d6dfff56b82a4faf32a5bf7b26669ab087b53efa31f2e8eba8,player_map_stats.csv,"{""handle"": ""d4v41"", ""map_id"": ""233397"", ""match_id"": ""542195""}",assists,5,5,True
2025 Champions Paper Rex–Xi Lai Bind,https://www.vlr.gg/542195/paper-rex-vs-xi-lai-gaming-valorant-champions-2025-opening-a/?game=233397,screenshots/2025-stats.png,099657640ea358d6dfff56b82a4faf32a5bf7b26669ab087b53efa31f2e8eba8,player_map_stats.csv,"{""handle"": ""d4v41"", ""map_id"": ""233397"", ""match_id"": ""542195""}",kast_pct,82,82,True
2025 Champions Paper Rex–Xi Lai Bind,https://www.vlr.gg/542195/paper-rex-vs-xi-lai-gaming-valorant-champions-2025-opening-a/?game=233397,screenshots/2025-stats.png,099657640ea358d6dfff56b82a4faf32a5bf7b26669ab087b53efa31f2e8eba8,player_map_stats.csv,"{""handle"": ""d4v41"", ""map_id"": ""233397"", ""match_id"": ""542195""}",adr,129,129,True
2025 Champions Paper Rex–Xi Lai Bind,https://www.vlr.gg/542195/paper-rex-vs-xi-lai-gaming-valorant-champions-2025-opening-a/?game=233397,screenshots/2025-stats.png,099657640ea358d6dfff56b82a4faf32a5bf7b26669ab087b53efa31f2e8eba8,player_map_stats.csv,"{""handle"": ""d4v41"", ""map_id"": ""233397"", ""match_id"": ""542195""}",hs_pct,21,21,True
2025 Champions Paper Rex–Xi Lai Bind,https://www.vlr.gg/542195/paper-rex-vs-xi-lai-gaming-valorant-champions-2025-opening-a/?game=233397,screenshots/2025-stats.png,099657640ea358d6dfff56b82a4faf32a5bf7b26669ab087b53efa31f2e8eba8,player_map_stats.csv,"{""handle"": ""d4v41"", ""map_id"": ""233397"", ""match_id"": ""542195""}",first_kills,1,1,True
2025 Champions Paper Rex–Xi Lai Bind,https://www.vlr.gg/542195/paper-rex-vs-xi-lai-gaming-valorant-champions-2025-opening-a/?game=233397,screenshots/2025-stats.png,099657640ea358d6dfff56b82a4faf32a5bf7b26669ab087b53efa31f2e8eba8,player_map_stats.csv,"{""handle"": ""d4v41"", ""map_id"": ""233397"", ""match_id"": ""542195""}",first_deaths,1,1,True
2025 Champions Paper Rex–Xi Lai Bind,https://www.vlr.gg/542195/paper-rex-vs-xi-lai-gaming-valorant-champions-2025-opening-a/?game=233397,screenshots/2025-stats.png,099657640ea358d6dfff56b82a4faf32a5bf7b26669ab087b53efa31f2e8eba8,player_map_stats.csv,"{""handle"": ""PatMen"", ""map_id"": ""233397"", ""match_id"": ""542195""}",vlr_rating,0.88,0.88,True
2025 Champions Paper Rex–Xi Lai Bind,https://www.vlr.gg/542195/paper-rex-vs-xi-lai-gaming-valorant-champions-2025-opening-a/?game=233397,screenshots/2025-stats.png,099657640ea358d6dfff56b82a4faf32a5bf7b26669ab087b53efa31f2e8eba8,player_map_stats.csv,"{""handle"": ""PatMen"", ""map_id"": ""233397"", ""match_id"": ""542195""}",acs,161,161,True
2025 Champions Paper Rex–Xi Lai Bind,https://www.vlr.gg/542195/paper-rex-vs-xi-lai-gaming-valorant-champions-2025-opening-a/?game=233397,screenshots/2025-stats.png,099657640ea358d6dfff56b82a4faf32a5bf7b26669ab087b53efa31f2e8eba8,player_map_stats.csv,"{""handle"": ""PatMen"", ""map_id"": ""233397"", ""match_id"": ""542195""}",kills,12,12,True
2025 Champions Paper Rex–Xi Lai Bind,https://www.vlr.gg/542195/paper-rex-vs-xi-lai-gaming-valorant-champions-2025-opening-a/?game=233397,screenshots/2025-stats.png,099657640ea358d6dfff56b82a4faf32a5bf7b26669ab087b53efa31f2e8eba8,player_map_stats.csv,"{""handle"": ""PatMen"", ""map_id"": ""233397"", ""match_id"": ""542195""}",deaths,13,13,True
2025 Champions Paper Rex–Xi Lai Bind,https://www.vlr.gg/542195/paper-rex-vs-xi-lai-gaming-valorant-champions-2025-opening-a/?game=233397,screenshots/2025-stats.png,099657640ea358d6dfff56b82a4faf32a5bf7b26669ab087b53efa31f2e8eba8,player_map_stats.csv,"{""handle"": ""PatMen"", ""map_id"": ""233397"", ""match_id"": ""542195""}",assists,5,5,True
2025 Champions Paper Rex–Xi Lai Bind,https://www.vlr.gg/542195/paper-rex-vs-xi-lai-gaming-valorant-champions-2025-opening-a/?game=233397,screenshots/2025-stats.png,099657640ea358d6dfff56b82a4faf32a5bf7b26669ab087b53efa31f2e8eba8,player_map_stats.csv,"{""handle"": ""PatMen"", ""map_id"": ""233397"", ""match_id"": ""542195""}",kast_pct,68,68,True
2025 Champions Paper Rex–Xi Lai Bind,https://www.vlr.gg/542195/paper-rex-vs-xi-lai-gaming-valorant-champions-2025-opening-a/?game=233397,screenshots/2025-stats.png,099657640ea358d6dfff56b82a4faf32a5bf7b26669ab087b53efa31f2e8eba8,player_map_stats.csv,"{""handle"": ""PatMen"", ""map_id"": ""233397"", ""match_id"": ""542195""}",adr,110,110,True
2025 Champions Paper Rex–Xi Lai Bind,https://www.vlr.gg/542195/paper-rex-vs-xi-lai-gaming-valorant-champions-2025-opening-a/?game=233397,screenshots/2025-stats.png,099657640ea358d6dfff56b82a4faf32a5bf7b26669ab087b53efa31f2e8eba8,player_map_stats.csv,"{""handle"": ""PatMen"", ""map_id"": ""233397"", ""match_id"": ""542195""}",hs_pct,34,34,True
2025 Champions Paper Rex–Xi Lai Bind,https://www.vlr.gg/542195/paper-rex-vs-xi-lai-gaming-valorant-champions-2025-opening-a/?game=233397,screenshots/2025-stats.png,099657640ea358d6dfff56b82a4faf32a5bf7b26669ab087b53efa31f2e8eba8,player_map_stats.csv,"{""handle"": ""PatMen"", ""map_id"": ""233397"", ""match_id"": ""542195""}",first_kills,0,0,True
2025 Champions Paper Rex–Xi Lai Bind,https://www.vlr.gg/542195/paper-rex-vs-xi-lai-gaming-valorant-champions-2025-opening-a/?game=233397,screenshots/2025-stats.png,099657640ea358d6dfff56b82a4faf32a5bf7b26669ab087b53efa31f2e8eba8,player_map_stats.csv,"{""handle"": ""PatMen"", ""map_id"": ""233397"", ""match_id"": ""542195""}",first_deaths,2,2,True
2025 Champions Paper Rex–Xi Lai Bind,https://www.vlr.gg/542195/paper-rex-vs-xi-lai-gaming-valorant-champions-2025-opening-a/?game=233397,screenshots/2025-stats.png,099657640ea358d6dfff56b82a4faf32a5bf7b26669ab087b53efa31f2e8eba8,player_map_stats.csv,"{""handle"": ""Rarga"", ""map_id"": ""233397"", ""match_id"": ""542195""}",vlr_rating,0.98,0.98,True
2025 Champions Paper Rex–Xi Lai Bind,https://www.vlr.gg/542195/paper-rex-vs-xi-lai-gaming-valorant-champions-2025-opening-a/?game=233397,screenshots/2025-stats.png,099657640ea358d6dfff56b82a4faf32a5bf7b26669ab087b53efa31f2e8eba8,player_map_stats.csv,"{""handle"": ""Rarga"", ""map_id"": ""233397"", ""match_id"": ""542195""}",acs,183,183,True
2025 Champions Paper Rex–Xi Lai Bind,https://www.vlr.gg/542195/paper-rex-vs-xi-lai-gaming-valorant-champions-2025-opening-a/?game=233397,screenshots/2025-stats.png,099657640ea358d6dfff56b82a4faf32a5bf7b26669ab087b53efa31f2e8eba8,player_map_stats.csv,"{""handle"": ""Rarga"", ""map_id"": ""233397"", ""match_id"": ""542195""}",kills,14,14,True
2025 Champions Paper Rex–Xi Lai Bind,https://www.vlr.gg/542195/paper-rex-vs-xi-lai-gaming-valorant-champions-2025-opening-a/?game=233397,screenshots/2025-stats.png,099657640ea358d6dfff56b82a4faf32a5bf7b26669ab087b53efa31f2e8eba8,player_map_stats.csv,"{""handle"": ""Rarga"", ""map_id"": ""233397"", ""match_id"": ""542195""}",deaths,16,16,True
2025 Champions Paper Rex–Xi Lai Bind,https://www.vlr.gg/542195/paper-rex-vs-xi-lai-gaming-valorant-champions-2025-opening-a/?game=233397,screenshots/2025-stats.png,099657640ea358d6dfff56b82a4faf32a5bf7b26669ab087b53efa31f2e8eba8,player_map_stats.csv,"{""handle"": ""Rarga"", ""map_id"": ""233397"", ""match_id"": ""542195""}",assists,3,3,True
2025 Champions Paper Rex–Xi Lai Bind,https://www.vlr.gg/542195/paper-rex-vs-xi-lai-gaming-valorant-champions-2025-opening-a/?game=233397,screenshots/2025-stats.png,099657640ea358d6dfff56b82a4faf32a5bf7b26669ab087b53efa31f2e8eba8,player_map_stats.csv,"{""handle"": ""Rarga"", ""map_id"": ""233397"", ""match_id"": ""542195""}",kast_pct,64,64,True
2025 Champions Paper Rex–Xi Lai Bind,https://www.vlr.gg/542195/paper-rex-vs-xi-lai-gaming-valorant-champions-2025-opening-a/?game=233397,screenshots/2025-stats.png,099657640ea358d6dfff56b82a4faf32a5bf7b26669ab087b53efa31f2e8eba8,player_map_stats.csv,"{""handle"": ""Rarga"", ""map_id"": ""233397"", ""match_id"": ""542195""}",adr,130,130,True
2025 Champions Paper Rex–Xi Lai Bind,https://www.vlr.gg/542195/paper-rex-vs-xi-lai-gaming-valorant-champions-2025-opening-a/?game=233397,screenshots/2025-stats.png,099657640ea358d6dfff56b82a4faf32a5bf7b26669ab087b53efa31f2e8eba8,player_map_stats.csv,"{""handle"": ""Rarga"", ""map_id"": ""233397"", ""match_id"": ""542195""}",hs_pct,24,24,True
2025 Champions Paper Rex–Xi Lai Bind,https://www.vlr.gg/542195/paper-rex-vs-xi-lai-gaming-valorant-champions-2025-opening-a/?game=233397,screenshots/2025-stats.png,099657640ea358d6dfff56b82a4faf32a5bf7b26669ab087b53efa31f2e8eba8,player_map_stats.csv,"{""handle"": ""Rarga"", ""map_id"": ""233397"", ""match_id"": ""542195""}",first_kills,3,3,True
2025 Champions Paper Rex–Xi Lai Bind,https://www.vlr.gg/542195/paper-rex-vs-xi-lai-gaming-valorant-champions-2025-opening-a/?game=233397,screenshots/2025-stats.png,099657640ea358d6dfff56b82a4faf32a5bf7b26669ab087b53efa31f2e8eba8,player_map_stats.csv,"{""handle"": ""Rarga"", ""map_id"": ""233397"", ""match_id"": ""542195""}",first_deaths,1,1,True
2025 Champions Paper Rex–Xi Lai Bind,https://www.vlr.gg/542195/paper-rex-vs-xi-lai-gaming-valorant-champions-2025-opening-a/?game=233397,screenshots/2025-stats.png,099657640ea358d6dfff56b82a4faf32a5bf7b26669ab087b53efa31f2e8eba8,player_map_stats.csv,"{""handle"": ""Viva"", ""map_id"": ""233397"", ""match_id"": ""542195""}",vlr_rating,0.92,0.92,True
2025 Champions Paper Rex–Xi Lai Bind,https://www.vlr.gg/542195/paper-rex-vs-xi-lai-gaming-valorant-champions-2025-opening-a/?game=233397,screenshots/2025-stats.png,099657640ea358d6dfff56b82a4faf32a5bf7b26669ab087b53efa31f2e8eba8,player_map_stats.csv,"{""handle"": ""Viva"", ""map_id"": ""233397"", ""match_id"": ""542195""}",acs,178,178,True
2025 Champions Paper Rex–Xi Lai Bind,https://www.vlr.gg/542195/paper-rex-vs-xi-lai-gaming-valorant-champions-2025-opening-a/?game=233397,screenshots/2025-stats.png,099657640ea358d6dfff56b82a4faf32a5bf7b26669ab087b53efa31f2e8eba8,player_map_stats.csv,"{""handle"": ""Viva"", ""map_id"": ""233397"", ""match_id"": ""542195""}",kills,14,14,True
2025 Champions Paper Rex–Xi Lai Bind,https://www.vlr.gg/542195/paper-rex-vs-xi-lai-gaming-valorant-champions-2025-opening-a/?game=233397,screenshots/2025-stats.png,099657640ea358d6dfff56b82a4faf32a5bf7b26669ab087b53efa31f2e8eba8,player_map_stats.csv,"{""handle"": ""Viva"", ""map_id"": ""233397"", ""match_id"": ""542195""}",deaths,16,16,True
2025 Champions Paper Rex–Xi Lai Bind,https://www.vlr.gg/542195/paper-rex-vs-xi-lai-gaming-valorant-champions-2025-opening-a/?game=233397,screenshots/2025-stats.png,099657640ea358d6dfff56b82a4faf32a5bf7b26669ab087b53efa31f2e8eba8,player_map_stats.csv,"{""handle"": ""Viva"", ""map_id"": ""233397"", ""match_id"": ""542195""}",assists,5,5,True
2025 Champions Paper Rex–Xi Lai Bind,https://www.vlr.gg/542195/paper-rex-vs-xi-lai-gaming-valorant-champions-2025-opening-a/?game=233397,screenshots/2025-stats.png,099657640ea358d6dfff56b82a4faf32a5bf7b26669ab087b53efa31f2e8eba8,player_map_stats.csv,"{""handle"": ""Viva"", ""map_id"": ""233397"", ""match_id"": ""542195""}",kast_pct,55,55,True
2025 Champions Paper Rex–Xi Lai Bind,https://www.vlr.gg/542195/paper-rex-vs-xi-lai-gaming-valorant-champions-2025-opening-a/?game=233397,screenshots/2025-stats.png,099657640ea358d6dfff56b82a4faf32a5bf7b26669ab087b53efa31f2e8eba8,player_map_stats.csv,"{""handle"": ""Viva"", ""map_id"": ""233397"", ""match_id"": ""542195""}",adr,112,112,True
2025 Champions Paper Rex–Xi Lai Bind,https://www.vlr.gg/542195/paper-rex-vs-xi-lai-gaming-valorant-champions-2025-opening-a/?game=233397,screenshots/2025-stats.png,099657640ea358d6dfff56b82a4faf32a5bf7b26669ab087b53efa31f2e8eba8,player_map_stats.csv,"{""handle"": ""Viva"", ""map_id"": ""233397"", ""match_id"": ""542195""}",hs_pct,41,41,True
2025 Champions Paper Rex–Xi Lai Bind,https://www.vlr.gg/542195/paper-rex-vs-xi-lai-gaming-valorant-champions-2025-opening-a/?game=233397,screenshots/2025-stats.png,099657640ea358d6dfff56b82a4faf32a5bf7b26669ab087b53efa31f2e8eba8,player_map_stats.csv,"{""handle"": ""Viva"", ""map_id"": ""233397"", ""match_id"": ""542195""}",first_kills,0,0,True
2025 Champions Paper Rex–Xi Lai Bind,https://www.vlr.gg/542195/paper-rex-vs-xi-lai-gaming-valorant-champions-2025-opening-a/?game=233397,screenshots/2025-stats.png,099657640ea358d6dfff56b82a4faf32a5bf7b26669ab087b53efa31f2e8eba8,player_map_stats.csv,"{""handle"": ""Viva"", ""map_id"": ""233397"", ""match_id"": ""542195""}",first_deaths,3,3,True
2025 Champions Paper Rex–Xi Lai Bind,https://www.vlr.gg/542195/paper-rex-vs-xi-lai-gaming-valorant-champions-2025-opening-a/?game=233397,screenshots/2025-stats.png,099657640ea358d6dfff56b82a4faf32a5bf7b26669ab087b53efa31f2e8eba8,player_map_stats.csv,"{""handle"": ""NoMan"", ""map_id"": ""233397"", ""match_id"": ""542195""}",vlr_rating,0.84,0.84,True
2025 Champions Paper Rex–Xi Lai Bind,https://www.vlr.gg/542195/paper-rex-vs-xi-lai-gaming-valorant-champions-2025-opening-a/?game=233397,screenshots/2025-stats.png,099657640ea358d6dfff56b82a4faf32a5bf7b26669ab087b53efa31f2e8eba8,player_map_stats.csv,"{""handle"": ""NoMan"", ""map_id"": ""233397"", ""match_id"": ""542195""}",acs,221,221,True
2025 Champions Paper Rex–Xi Lai Bind,https://www.vlr.gg/542195/paper-rex-vs-xi-lai-gaming-valorant-champions-2025-opening-a/?game=233397,screenshots/2025-stats.png,099657640ea358d6dfff56b82a4faf32a5bf7b26669ab087b53efa31f2e8eba8,player_map_stats.csv,"{""handle"": ""NoMan"", ""map_id"": ""233397"", ""match_id"": ""542195""}",kills,17,17,True
2025 Champions Paper Rex–Xi Lai Bind,https://www.vlr.gg/542195/paper-rex-vs-xi-lai-gaming-valorant-champions-2025-opening-a/?game=233397,screenshots/2025-stats.png,099657640ea358d6dfff56b82a4faf32a5bf7b26669ab087b53efa31f2e8eba8,player_map_stats.csv,"{""handle"": ""NoMan"", ""map_id"": ""233397"", ""match_id"": ""542195""}",deaths,20,20,True
2025 Champions Paper Rex–Xi Lai Bind,https://www.vlr.gg/542195/paper-rex-vs-xi-lai-gaming-valorant-champions-2025-opening-a/?game=233397,screenshots/2025-stats.png,099657640ea358d6dfff56b82a4faf32a5bf7b26669ab087b53efa31f2e8eba8,player_map_stats.csv,"{""handle"": ""NoMan"", ""map_id"": ""233397"", ""match_id"": ""542195""}",assists,1,1,True
2025 Champions Paper Rex–Xi Lai Bind,https://www.vlr.gg/542195/paper-rex-vs-xi-lai-gaming-valorant-champions-2025-opening-a/?game=233397,screenshots/2025-stats.png,099657640ea358d6dfff56b82a4faf32a5bf7b26669ab087b53efa31f2e8eba8,player_map_stats.csv,"{""handle"": ""NoMan"", ""map_id"": ""233397"", ""match_id"": ""542195""}",kast_pct,64,64,True
2025 Champions Paper Rex–Xi Lai Bind,https://www.vlr.gg/542195/paper-rex-vs-xi-lai-gaming-valorant-champions-2025-opening-a/?game=233397,screenshots/2025-stats.png,099657640ea358d6dfff56b82a4faf32a5bf7b26669ab087b53efa31f2e8eba8,player_map_stats.csv,"{""handle"": ""NoMan"", ""map_id"": ""233397"", ""match_id"": ""542195""}",adr,139,139,True
2025 Champions Paper Rex–Xi Lai Bind,https://www.vlr.gg/542195/paper-rex-vs-xi-lai-gaming-valorant-champions-2025-opening-a/?game=233397,screenshots/2025-stats.png,099657640ea358d6dfff56b82a4faf32a5bf7b26669ab087b53efa31f2e8eba8,player_map_stats.csv,"{""handle"": ""NoMan"", ""map_id"": ""233397"", ""match_id"": ""542195""}",hs_pct,35,35,True
2025 Champions Paper Rex–Xi Lai Bind,https://www.vlr.gg/542195/paper-rex-vs-xi-lai-gaming-valorant-champions-2025-opening-a/?game=233397,screenshots/2025-stats.png,099657640ea358d6dfff56b82a4faf32a5bf7b26669ab087b53efa31f2e8eba8,player_map_stats.csv,"{""handle"": ""NoMan"", ""map_id"": ""233397"", ""match_id"": ""542195""}",first_kills,3,3,True
2025 Champions Paper Rex–Xi Lai Bind,https://www.vlr.gg/542195/paper-rex-vs-xi-lai-gaming-valorant-champions-2025-opening-a/?game=233397,screenshots/2025-stats.png,099657640ea358d6dfff56b82a4faf32a5bf7b26669ab087b53efa31f2e8eba8,player_map_stats.csv,"{""handle"": ""NoMan"", ""map_id"": ""233397"", ""match_id"": ""542195""}",first_deaths,1,1,True
2025 Champions Paper Rex–Xi Lai Bind,https://www.vlr.gg/542195/paper-rex-vs-xi-lai-gaming-valorant-champions-2025-opening-a/?game=233397,screenshots/2025-stats.png,099657640ea358d6dfff56b82a4faf32a5bf7b26669ab087b53efa31f2e8eba8,player_map_stats.csv,"{""handle"": ""coconut"", ""map_id"": ""233397"", ""match_id"": ""542195""}",vlr_rating,0.57,0.57,True
2025 Champions Paper Rex–Xi Lai Bind,https://www.vlr.gg/542195/paper-rex-vs-xi-lai-gaming-valorant-champions-2025-opening-a/?game=233397,screenshots/2025-stats.png,099657640ea358d6dfff56b82a4faf32a5bf7b26669ab087b53efa31f2e8eba8,player_map_stats.csv,"{""handle"": ""coconut"", ""map_id"": ""233397"", ""match_id"": ""542195""}",acs,169,169,True
2025 Champions Paper Rex–Xi Lai Bind,https://www.vlr.gg/542195/paper-rex-vs-xi-lai-gaming-valorant-champions-2025-opening-a/?game=233397,screenshots/2025-stats.png,099657640ea358d6dfff56b82a4faf32a5bf7b26669ab087b53efa31f2e8eba8,player_map_stats.csv,"{""handle"": ""coconut"", ""map_id"": ""233397"", ""match_id"": ""542195""}",kills,13,13,True
2025 Champions Paper Rex–Xi Lai Bind,https://www.vlr.gg/542195/paper-rex-vs-xi-lai-gaming-valorant-champions-2025-opening-a/?game=233397,screenshots/2025-stats.png,099657640ea358d6dfff56b82a4faf32a5bf7b26669ab087b53efa31f2e8eba8,player_map_stats.csv,"{""handle"": ""coconut"", ""map_id"": ""233397"", ""match_id"": ""542195""}",deaths,19,19,True
2025 Champions Paper Rex–Xi Lai Bind,https://www.vlr.gg/542195/paper-rex-vs-xi-lai-gaming-valorant-champions-2025-opening-a/?game=233397,screenshots/2025-stats.png,099657640ea358d6dfff56b82a4faf32a5bf7b26669ab087b53efa31f2e8eba8,player_map_stats.csv,"{""handle"": ""coconut"", ""map_id"": ""233397"", ""match_id"": ""542195""}",assists,3,3,True
2025 Champions Paper Rex–Xi Lai Bind,https://www.vlr.gg/542195/paper-rex-vs-xi-lai-gaming-valorant-champions-2025-opening-a/?game=233397,screenshots/2025-stats.png,099657640ea358d6dfff56b82a4faf32a5bf7b26669ab087b53efa31f2e8eba8,player_map_stats.csv,"{""handle"": ""coconut"", ""map_id"": ""233397"", ""match_id"": ""542195""}",kast_pct,59,59,True
2025 Champions Paper Rex–Xi Lai Bind,https://www.vlr.gg/542195/paper-rex-vs-xi-lai-gaming-valorant-champions-2025-opening-a/?game=233397,screenshots/2025-stats.png,099657640ea358d6dfff56b82a4faf32a5bf7b26669ab087b53efa31f2e8eba8,player_map_stats.csv,"{""handle"": ""coconut"", ""map_id"": ""233397"", ""match_id"": ""542195""}",adr,100,100,True
2025 Champions Paper Rex–Xi Lai Bind,https://www.vlr.gg/542195/paper-rex-vs-xi-lai-gaming-valorant-champions-2025-opening-a/?game=233397,screenshots/2025-stats.png,099657640ea358d6dfff56b82a4faf32a5bf7b26669ab087b53efa31f2e8eba8,player_map_stats.csv,"{""handle"": ""coconut"", ""map_id"": ""233397"", ""match_id"": ""542195""}",hs_pct,38,38,True
2025 Champions Paper Rex–Xi Lai Bind,https://www.vlr.gg/542195/paper-rex-vs-xi-lai-gaming-valorant-champions-2025-opening-a/?game=233397,screenshots/2025-stats.png,099657640ea358d6dfff56b82a4faf32a5bf7b26669ab087b53efa31f2e8eba8,player_map_stats.csv,"{""handle"": ""coconut"", ""map_id"": ""233397"", ""match_id"": ""542195""}",first_kills,3,3,True
2025 Champions Paper Rex–Xi Lai Bind,https://www.vlr.gg/542195/paper-rex-vs-xi-lai-gaming-valorant-champions-2025-opening-a/?game=233397,screenshots/2025-stats.png,099657640ea358d6dfff56b82a4faf32a5bf7b26669ab087b53efa31f2e8eba8,player_map_stats.csv,"{""handle"": ""coconut"", ""map_id"": ""233397"", ""match_id"": ""542195""}",first_deaths,3,3,True
2025 Champions Paper Rex–Xi Lai Bind,https://www.vlr.gg/542195/paper-rex-vs-xi-lai-gaming-valorant-champions-2025-opening-a/?game=233397,screenshots/2025-stats.png,099657640ea358d6dfff56b82a4faf32a5bf7b26669ab087b53efa31f2e8eba8,player_map_stats.csv,"{""handle"": ""happywei"", ""map_id"": ""233397"", ""match_id"": ""542195""}",vlr_rating,0.49,0.49,True
2025 Champions Paper Rex–Xi Lai Bind,https://www.vlr.gg/542195/paper-rex-vs-xi-lai-gaming-valorant-champions-2025-opening-a/?game=233397,screenshots/2025-stats.png,099657640ea358d6dfff56b82a4faf32a5bf7b26669ab087b53efa31f2e8eba8,player_map_stats.csv,"{""handle"": ""happywei"", ""map_id"": ""233397"", ""match_id"": ""542195""}",acs,118,118,True
2025 Champions Paper Rex–Xi Lai Bind,https://www.vlr.gg/542195/paper-rex-vs-xi-lai-gaming-valorant-champions-2025-opening-a/?game=233397,screenshots/2025-stats.png,099657640ea358d6dfff56b82a4faf32a5bf7b26669ab087b53efa31f2e8eba8,player_map_stats.csv,"{""handle"": ""happywei"", ""map_id"": ""233397"", ""match_id"": ""542195""}",kills,8,8,True
2025 Champions Paper Rex–Xi Lai Bind,https://www.vlr.gg/542195/paper-rex-vs-xi-lai-gaming-valorant-champions-2025-opening-a/?game=233397,screenshots/2025-stats.png,099657640ea358d6dfff56b82a4faf32a5bf7b26669ab087b53efa31f2e8eba8,player_map_stats.csv,"{""handle"": ""happywei"", ""map_id"": ""233397"", ""match_id"": ""542195""}",deaths,18,18,True
2025 Champions Paper Rex–Xi Lai Bind,https://www.vlr.gg/542195/paper-rex-vs-xi-lai-gaming-valorant-champions-2025-opening-a/?game=233397,screenshots/2025-stats.png,099657640ea358d6dfff56b82a4faf32a5bf7b26669ab087b53efa31f2e8eba8,player_map_stats.csv,"{""handle"": ""happywei"", ""map_id"": ""233397"", ""match_id"": ""542195""}",assists,7,7,True
2025 Champions Paper Rex–Xi Lai Bind,https://www.vlr.gg/542195/paper-rex-vs-xi-lai-gaming-valorant-champions-2025-opening-a/?game=233397,screenshots/2025-stats.png,099657640ea358d6dfff56b82a4faf32a5bf7b26669ab087b53efa31f2e8eba8,player_map_stats.csv,"{""handle"": ""happywei"", ""map_id"": ""233397"", ""match_id"": ""542195""}",kast_pct,50,50,True
2025 Champions Paper Rex–Xi Lai Bind,https://www.vlr.gg/542195/paper-rex-vs-xi-lai-gaming-valorant-champions-2025-opening-a/?game=233397,screenshots/2025-stats.png,099657640ea358d6dfff56b82a4faf32a5bf7b26669ab087b53efa31f2e8eba8,player_map_stats.csv,"{""handle"": ""happywei"", ""map_id"": ""233397"", ""match_id"": ""542195""}",adr,85,85,True
2025 Champions Paper Rex–Xi Lai Bind,https://www.vlr.gg/542195/paper-rex-vs-xi-lai-gaming-valorant-champions-2025-opening-a/?game=233397,screenshots/2025-stats.png,099657640ea358d6dfff56b82a4faf32a5bf7b26669ab087b53efa31f2e8eba8,player_map_stats.csv,"{""handle"": ""happywei"", ""map_id"": ""233397"", ""match_id"": ""542195""}",hs_pct,25,25,True
2025 Champions Paper Rex–Xi Lai Bind,https://www.vlr.gg/542195/paper-rex-vs-xi-lai-gaming-valorant-champions-2025-opening-a/?game=233397,screenshots/2025-stats.png,099657640ea358d6dfff56b82a4faf32a5bf7b26669ab087b53efa31f2e8eba8,player_map_stats.csv,"{""handle"": ""happywei"", ""map_id"": ""233397"", ""match_id"": ""542195""}",first_kills,1,1,True
2025 Champions Paper Rex–Xi Lai Bind,https://www.vlr.gg/542195/paper-rex-vs-xi-lai-gaming-valorant-champions-2025-opening-a/?game=233397,screenshots/2025-stats.png,099657640ea358d6dfff56b82a4faf32a5bf7b26669ab087b53efa31f2e8eba8,player_map_stats.csv,"{""handle"": ""happywei"", ""map_id"": ""233397"", ""match_id"": ""542195""}",first_deaths,4,4,True
2025 Champions Paper Rex–Xi Lai Bind,https://www.vlr.gg/542195/paper-rex-vs-xi-lai-gaming-valorant-champions-2025-opening-a/?game=233397,screenshots/2025-stats.png,099657640ea358d6dfff56b82a4faf32a5bf7b26669ab087b53efa31f2e8eba8,map_outcomes.csv,"{""map_id"": ""233397"", ""match_id"": ""542195""}",map_name,Bind,Bind,True
2025 Champions Paper Rex–Xi Lai Bind,https://www.vlr.gg/542195/paper-rex-vs-xi-lai-gaming-valorant-champions-2025-opening-a/?game=233397,screenshots/2025-stats.png,099657640ea358d6dfff56b82a4faf32a5bf7b26669ab087b53efa31f2e8eba8,map_outcomes.csv,"{""map_id"": ""233397"", ""match_id"": ""542195""}",team1_rounds,13,13,True
2025 Champions Paper Rex–Xi Lai Bind,https://www.vlr.gg/542195/paper-rex-vs-xi-lai-gaming-valorant-champions-2025-opening-a/?game=233397,screenshots/2025-stats.png,099657640ea358d6dfff56b82a4faf32a5bf7b26669ab087b53efa31f2e8eba8,map_outcomes.csv,"{""map_id"": ""233397"", ""match_id"": ""542195""}",team2_rounds,9,9,True
2025 Champions Paper Rex–Xi Lai Bind,https://www.vlr.gg/542195/paper-rex-vs-xi-lai-gaming-valorant-champions-2025-opening-a/?game=233397,screenshots/2025-stats.png,099657640ea358d6dfff56b82a4faf32a5bf7b26669ab087b53efa31f2e8eba8,map_outcomes.csv,"{""map_id"": ""233397"", ""match_id"": ""542195""}",rounds,22,22,True
2025 Champions Paper Rex–Xi Lai Bind,https://www.vlr.gg/542195/paper-rex-vs-xi-lai-gaming-valorant-champions-2025-opening-a/?game=233397,screenshots/2025-stats.png,099657640ea358d6dfff56b82a4faf32a5bf7b26669ab087b53efa31f2e8eba8,map_context.csv,"{""map_id"": ""233397"", ""match_id"": ""542195""}",map_duration_display,48:56,48:56,True
2025 Champions Paper Rex–Xi Lai Bind,https://www.vlr.gg/542195/paper-rex-vs-xi-lai-gaming-valorant-champions-2025-opening-a/?game=233397,screenshots/2025-stats.png,099657640ea358d6dfff56b82a4faf32a5bf7b26669ab087b53efa31f2e8eba8,map_context.csv,"{""map_id"": ""233397"", ""match_id"": ""542195""}",team1_start_side,defense,defense,True
2025 Champions Paper Rex–Xi Lai Bind,https://www.vlr.gg/542195/paper-rex-vs-xi-lai-gaming-valorant-champions-2025-opening-a/?game=233397,screenshots/2025-stats.png,099657640ea358d6dfff56b82a4faf32a5bf7b26669ab087b53efa31f2e8eba8,map_context.csv,"{""map_id"": ""233397"", ""match_id"": ""542195""}",team2_start_side,attack,attack,True
Composite LATAM player row remains unidentified,https://www.vlr.gg/678042/ab3-esports-vs-lyon-challengers-2026-latam-north-ace-stage-2-w2/?game=270991,screenshots/composite-stats.png,434eaaf59f790a220d2f58f8b341567edddac2344f457494b00b088901ac60ae,map_outcomes.csv,"{""map_id"": ""270991"", ""match_id"": ""678042""}",map_name,Haven,Haven,True
Composite LATAM player row remains unidentified,https://www.vlr.gg/678042/ab3-esports-vs-lyon-challengers-2026-latam-north-ace-stage-2-w2/?game=270991,screenshots/composite-stats.png,434eaaf59f790a220d2f58f8b341567edddac2344f457494b00b088901ac60ae,map_outcomes.csv,"{""map_id"": ""270991"", ""match_id"": ""678042""}",team1_rounds,2,2,True
Composite LATAM player row remains unidentified,https://www.vlr.gg/678042/ab3-esports-vs-lyon-challengers-2026-latam-north-ace-stage-2-w2/?game=270991,screenshots/composite-stats.png,434eaaf59f790a220d2f58f8b341567edddac2344f457494b00b088901ac60ae,map_outcomes.csv,"{""map_id"": ""270991"", ""match_id"": ""678042""}",team2_rounds,13,13,True
Composite LATAM player row remains unidentified,https://www.vlr.gg/678042/ab3-esports-vs-lyon-challengers-2026-latam-north-ace-stage-2-w2/?game=270991,screenshots/composite-stats.png,434eaaf59f790a220d2f58f8b341567edddac2344f457494b00b088901ac60ae,map_outcomes.csv,"{""map_id"": ""270991"", ""match_id"": ""678042""}",rounds,15,15,True
Composite LATAM player row remains unidentified,https://www.vlr.gg/678042/ab3-esports-vs-lyon-challengers-2026-latam-north-ace-stage-2-w2/?game=270991,screenshots/composite-stats.png,434eaaf59f790a220d2f58f8b341567edddac2344f457494b00b088901ac60ae,map_model_eligibility.csv,"{""map_id"": ""270991"", ""match_id"": ""678042""}",observed_player_rows,9,9,True
Composite LATAM player row remains unidentified,https://www.vlr.gg/678042/ab3-esports-vs-lyon-challengers-2026-latam-north-ace-stage-2-w2/?game=270991,screenshots/composite-stats.png,434eaaf59f790a220d2f58f8b341567edddac2344f457494b00b088901ac60ae,map_model_eligibility.csv,"{""map_id"": ""270991"", ""match_id"": ""678042""}",lineup_model_eligible,False,False,True
Composite LATAM player row remains unidentified,https://www.vlr.gg/678042/ab3-esports-vs-lyon-challengers-2026-latam-north-ace-stage-2-w2/?game=270991,screenshots/composite-stats.png,434eaaf59f790a220d2f58f8b341567edddac2344f457494b00b088901ac60ae,map_model_eligibility.csv,"{""map_id"": ""270991"", ""match_id"": ""678042""}",reason,incomplete_or_ambiguous_source_lineup,incomplete_or_ambiguous_source_lineup,True
Composite LATAM player row remains unidentified,https://www.vlr.gg/678042/ab3-esports-vs-lyon-challengers-2026-latam-north-ace-stage-2-w2/?game=270991,screenshots/composite-stats.png,434eaaf59f790a220d2f58f8b341567edddac2344f457494b00b088901ac60ae,player_map_stats.csv,"{""handle"": ""Roses"", ""map_id"": ""270991"", ""match_id"": ""678042""}",kills,5,5,True
Composite LATAM player row remains unidentified,https://www.vlr.gg/678042/ab3-esports-vs-lyon-challengers-2026-latam-north-ace-stage-2-w2/?game=270991,screenshots/composite-stats.png,434eaaf59f790a220d2f58f8b341567edddac2344f457494b00b088901ac60ae,player_map_stats.csv,"{""handle"": ""Roses"", ""map_id"": ""270991"", ""match_id"": ""678042""}",deaths,14,14,True
Composite LATAM player row remains unidentified,https://www.vlr.gg/678042/ab3-esports-vs-lyon-challengers-2026-latam-north-ace-stage-2-w2/?game=270991,screenshots/composite-stats.png,434eaaf59f790a220d2f58f8b341567edddac2344f457494b00b088901ac60ae,player_map_stats.csv,"{""handle"": ""Roses"", ""map_id"": ""270991"", ""match_id"": ""678042""}",assists,4,4,True
Composite LATAM player row remains unidentified,https://www.vlr.gg/678042/ab3-esports-vs-lyon-challengers-2026-latam-north-ace-stage-2-w2/?game=270991,screenshots/composite-stats.png,434eaaf59f790a220d2f58f8b341567edddac2344f457494b00b088901ac60ae,player_map_stats.csv,"{""handle"": ""Roses"", ""map_id"": ""270991"", ""match_id"": ""678042""}",first_kills,0,0,True
Composite LATAM player row remains unidentified,https://www.vlr.gg/678042/ab3-esports-vs-lyon-challengers-2026-latam-north-ace-stage-2-w2/?game=270991,screenshots/composite-stats.png,434eaaf59f790a220d2f58f8b341567edddac2344f457494b00b088901ac60ae,player_map_stats.csv,"{""handle"": ""Roses"", ""map_id"": ""270991"", ""match_id"": ""678042""}",first_deaths,0,0,True
Champions attack split via browser side toggle,https://www.vlr.gg/753455/team-liquid-vs-paper-rex-valorant-champions-2026-opening-c/?game=283184,screenshots/attack-stats.png,f50dc2c2379943e3ea7422cdcd24baee400ec8861d2a79027ac129dc491d3f29,player_map_side_stats.csv,"{""map_id"": ""283184"", ""match_id"": ""753455"", ""side"": ""attack"", ""vlr_player_id"": ""457""}",vlr_rating,0.37,0.37,True
Champions attack split via browser side toggle,https://www.vlr.gg/753455/team-liquid-vs-paper-rex-valorant-champions-2026-opening-c/?game=283184,screenshots/attack-stats.png,f50dc2c2379943e3ea7422cdcd24baee400ec8861d2a79027ac129dc491d3f29,player_map_side_stats.csv,"{""map_id"": ""283184"", ""match_id"": ""753455"", ""side"": ""attack"", ""vlr_player_id"": ""457""}",acs,137,137,True
Champions attack split via browser side toggle,https://www.vlr.gg/753455/team-liquid-vs-paper-rex-valorant-champions-2026-opening-c/?game=283184,screenshots/attack-stats.png,f50dc2c2379943e3ea7422cdcd24baee400ec8861d2a79027ac129dc491d3f29,player_map_side_stats.csv,"{""map_id"": ""283184"", ""match_id"": ""753455"", ""side"": ""attack"", ""vlr_player_id"": ""457""}",kills,2,2,True
Champions attack split via browser side toggle,https://www.vlr.gg/753455/team-liquid-vs-paper-rex-valorant-champions-2026-opening-c/?game=283184,screenshots/attack-stats.png,f50dc2c2379943e3ea7422cdcd24baee400ec8861d2a79027ac129dc491d3f29,player_map_side_stats.csv,"{""map_id"": ""283184"", ""match_id"": ""753455"", ""side"": ""attack"", ""vlr_player_id"": ""457""}",deaths,5,5,True
Champions attack split via browser side toggle,https://www.vlr.gg/753455/team-liquid-vs-paper-rex-valorant-champions-2026-opening-c/?game=283184,screenshots/attack-stats.png,f50dc2c2379943e3ea7422cdcd24baee400ec8861d2a79027ac129dc491d3f29,player_map_side_stats.csv,"{""map_id"": ""283184"", ""match_id"": ""753455"", ""side"": ""attack"", ""vlr_player_id"": ""457""}",assists,0,0,True
Champions attack split via browser side toggle,https://www.vlr.gg/753455/team-liquid-vs-paper-rex-valorant-champions-2026-opening-c/?game=283184,screenshots/attack-stats.png,f50dc2c2379943e3ea7422cdcd24baee400ec8861d2a79027ac129dc491d3f29,player_map_side_stats.csv,"{""map_id"": ""283184"", ""match_id"": ""753455"", ""side"": ""attack"", ""vlr_player_id"": ""457""}",kast_pct,40,40,True
Champions attack split via browser side toggle,https://www.vlr.gg/753455/team-liquid-vs-paper-rex-valorant-champions-2026-opening-c/?game=283184,screenshots/attack-stats.png,f50dc2c2379943e3ea7422cdcd24baee400ec8861d2a79027ac129dc491d3f29,player_map_side_stats.csv,"{""map_id"": ""283184"", ""match_id"": ""753455"", ""side"": ""attack"", ""vlr_player_id"": ""457""}",adr,133,133,True
Champions attack split via browser side toggle,https://www.vlr.gg/753455/team-liquid-vs-paper-rex-valorant-champions-2026-opening-c/?game=283184,screenshots/attack-stats.png,f50dc2c2379943e3ea7422cdcd24baee400ec8861d2a79027ac129dc491d3f29,player_map_side_stats.csv,"{""map_id"": ""283184"", ""match_id"": ""753455"", ""side"": ""attack"", ""vlr_player_id"": ""457""}",hs_pct,29,29,True
Champions attack split via browser side toggle,https://www.vlr.gg/753455/team-liquid-vs-paper-rex-valorant-champions-2026-opening-c/?game=283184,screenshots/attack-stats.png,f50dc2c2379943e3ea7422cdcd24baee400ec8861d2a79027ac129dc491d3f29,player_map_side_stats.csv,"{""map_id"": ""283184"", ""match_id"": ""753455"", ""side"": ""attack"", ""vlr_player_id"": ""457""}",first_kills,0,0,True
Champions attack split via browser side toggle,https://www.vlr.gg/753455/team-liquid-vs-paper-rex-valorant-champions-2026-opening-c/?game=283184,screenshots/attack-stats.png,f50dc2c2379943e3ea7422cdcd24baee400ec8861d2a79027ac129dc491d3f29,player_map_side_stats.csv,"{""map_id"": ""283184"", ""match_id"": ""753455"", ""side"": ""attack"", ""vlr_player_id"": ""457""}",first_deaths,2,2,True
Champions attack split via browser side toggle,https://www.vlr.gg/753455/team-liquid-vs-paper-rex-valorant-champions-2026-opening-c/?game=283184,screenshots/attack-stats.png,f50dc2c2379943e3ea7422cdcd24baee400ec8861d2a79027ac129dc491d3f29,player_map_side_stats.csv,"{""map_id"": ""283184"", ""match_id"": ""753455"", ""side"": ""attack"", ""vlr_player_id"": ""457""}",rounds_played,5,5,True
Champions attack split via browser side toggle,https://www.vlr.gg/753455/team-liquid-vs-paper-rex-valorant-champions-2026-opening-c/?game=283184,screenshots/attack-stats.png,f50dc2c2379943e3ea7422cdcd24baee400ec8861d2a79027ac129dc491d3f29,player_map_side_stats.csv,"{""map_id"": ""283184"", ""match_id"": ""753455"", ""side"": ""attack"", ""vlr_player_id"": ""9801""}",vlr_rating,1.15,1.15,True
Champions attack split via browser side toggle,https://www.vlr.gg/753455/team-liquid-vs-paper-rex-valorant-champions-2026-opening-c/?game=283184,screenshots/attack-stats.png,f50dc2c2379943e3ea7422cdcd24baee400ec8861d2a79027ac129dc491d3f29,player_map_side_stats.csv,"{""map_id"": ""283184"", ""match_id"": ""753455"", ""side"": ""attack"", ""vlr_player_id"": ""9801""}",acs,279,279,True
Champions attack split via browser side toggle,https://www.vlr.gg/753455/team-liquid-vs-paper-rex-valorant-champions-2026-opening-c/?game=283184,screenshots/attack-stats.png,f50dc2c2379943e3ea7422cdcd24baee400ec8861d2a79027ac129dc491d3f29,player_map_side_stats.csv,"{""map_id"": ""283184"", ""match_id"": ""753455"", ""side"": ""attack"", ""vlr_player_id"": ""9801""}",kills,12,12,True
Champions attack split via browser side toggle,https://www.vlr.gg/753455/team-liquid-vs-paper-rex-valorant-champions-2026-opening-c/?game=283184,screenshots/attack-stats.png,f50dc2c2379943e3ea7422cdcd24baee400ec8861d2a79027ac129dc491d3f29,player_map_side_stats.csv,"{""map_id"": ""283184"", ""match_id"": ""753455"", ""side"": ""attack"", ""vlr_player_id"": ""9801""}",deaths,10,10,True
Champions attack split via browser side toggle,https://www.vlr.gg/753455/team-liquid-vs-paper-rex-valorant-champions-2026-opening-c/?game=283184,screenshots/attack-stats.png,f50dc2c2379943e3ea7422cdcd24baee400ec8861d2a79027ac129dc491d3f29,player_map_side_stats.csv,"{""map_id"": ""283184"", ""match_id"": ""753455"", ""side"": ""attack"", ""vlr_player_id"": ""9801""}",assists,3,3,True
Champions attack split via browser side toggle,https://www.vlr.gg/753455/team-liquid-vs-paper-rex-valorant-champions-2026-opening-c/?game=283184,screenshots/attack-stats.png,f50dc2c2379943e3ea7422cdcd24baee400ec8861d2a79027ac129dc491d3f29,player_map_side_stats.csv,"{""map_id"": ""283184"", ""match_id"": ""753455"", ""side"": ""attack"", ""vlr_player_id"": ""9801""}",kast_pct,67,67,True
Champions attack split via browser side toggle,https://www.vlr.gg/753455/team-liquid-vs-paper-rex-valorant-champions-2026-opening-c/?game=283184,screenshots/attack-stats.png,f50dc2c2379943e3ea7422cdcd24baee400ec8861d2a79027ac129dc491d3f29,player_map_side_stats.csv,"{""map_id"": ""283184"", ""match_id"": ""753455"", ""side"": ""attack"", ""vlr_player_id"": ""9801""}",adr,181,181,True
Champions attack split via browser side toggle,https://www.vlr.gg/753455/team-liquid-vs-paper-rex-valorant-champions-2026-opening-c/?game=283184,screenshots/attack-stats.png,f50dc2c2379943e3ea7422cdcd24baee400ec8861d2a79027ac129dc491d3f29,player_map_side_stats.csv,"{""map_id"": ""283184"", ""match_id"": ""753455"", ""side"": ""attack"", ""vlr_player_id"": ""9801""}",hs_pct,39,39,True
Champions attack split via browser side toggle,https://www.vlr.gg/753455/team-liquid-vs-paper-rex-valorant-champions-2026-opening-c/?game=283184,screenshots/attack-stats.png,f50dc2c2379943e3ea7422cdcd24baee400ec8861d2a79027ac129dc491d3f29,player_map_side_stats.csv,"{""map_id"": ""283184"", ""match_id"": ""753455"", ""side"": ""attack"", ""vlr_player_id"": ""9801""}",first_kills,2,2,True
Champions attack split via browser side toggle,https://www.vlr.gg/753455/team-liquid-vs-paper-rex-valorant-champions-2026-opening-c/?game=283184,screenshots/attack-stats.png,f50dc2c2379943e3ea7422cdcd24baee400ec8861d2a79027ac129dc491d3f29,player_map_side_stats.csv,"{""map_id"": ""283184"", ""match_id"": ""753455"", ""side"": ""attack"", ""vlr_player_id"": ""9801""}",first_deaths,0,0,True
Champions attack split via browser side toggle,https://www.vlr.gg/753455/team-liquid-vs-paper-rex-valorant-champions-2026-opening-c/?game=283184,screenshots/attack-stats.png,f50dc2c2379943e3ea7422cdcd24baee400ec8861d2a79027ac129dc491d3f29,player_map_side_stats.csv,"{""map_id"": ""283184"", ""match_id"": ""753455"", ""side"": ""attack"", ""vlr_player_id"": ""9801""}",rounds_played,12,12,True
Champions defense split via browser side toggle,https://www.vlr.gg/753455/team-liquid-vs-paper-rex-valorant-champions-2026-opening-c/?game=283184,screenshots/defense-stats.png,3db80042cf6b37c4523654790cff232e15ac764eb6d9df5398975f66bb4ab31d,player_map_side_stats.csv,"{""map_id"": ""283184"", ""match_id"": ""753455"", ""side"": ""defense"", ""vlr_player_id"": ""457""}",vlr_rating,1.07,1.07,True
Champions defense split via browser side toggle,https://www.vlr.gg/753455/team-liquid-vs-paper-rex-valorant-champions-2026-opening-c/?game=283184,screenshots/defense-stats.png,3db80042cf6b37c4523654790cff232e15ac764eb6d9df5398975f66bb4ab31d,player_map_side_stats.csv,"{""map_id"": ""283184"", ""match_id"": ""753455"", ""side"": ""defense"", ""vlr_player_id"": ""457""}",acs,210,210,True
Champions defense split via browser side toggle,https://www.vlr.gg/753455/team-liquid-vs-paper-rex-valorant-champions-2026-opening-c/?game=283184,screenshots/defense-stats.png,3db80042cf6b37c4523654790cff232e15ac764eb6d9df5398975f66bb4ab31d,player_map_side_stats.csv,"{""map_id"": ""283184"", ""match_id"": ""753455"", ""side"": ""defense"", ""vlr_player_id"": ""457""}",kills,9,9,True
Champions defense split via browser side toggle,https://www.vlr.gg/753455/team-liquid-vs-paper-rex-valorant-champions-2026-opening-c/?game=283184,screenshots/defense-stats.png,3db80042cf6b37c4523654790cff232e15ac764eb6d9df5398975f66bb4ab31d,player_map_side_stats.csv,"{""map_id"": ""283184"", ""match_id"": ""753455"", ""side"": ""defense"", ""vlr_player_id"": ""457""}",deaths,9,9,True
Champions defense split via browser side toggle,https://www.vlr.gg/753455/team-liquid-vs-paper-rex-valorant-champions-2026-opening-c/?game=283184,screenshots/defense-stats.png,3db80042cf6b37c4523654790cff232e15ac764eb6d9df5398975f66bb4ab31d,player_map_side_stats.csv,"{""map_id"": ""283184"", ""match_id"": ""753455"", ""side"": ""defense"", ""vlr_player_id"": ""457""}",assists,2,2,True
Champions defense split via browser side toggle,https://www.vlr.gg/753455/team-liquid-vs-paper-rex-valorant-champions-2026-opening-c/?game=283184,screenshots/defense-stats.png,3db80042cf6b37c4523654790cff232e15ac764eb6d9df5398975f66bb4ab31d,player_map_side_stats.csv,"{""map_id"": ""283184"", ""match_id"": ""753455"", ""side"": ""defense"", ""vlr_player_id"": ""457""}",kast_pct,58,58,True
Champions defense split via browser side toggle,https://www.vlr.gg/753455/team-liquid-vs-paper-rex-valorant-champions-2026-opening-c/?game=283184,screenshots/defense-stats.png,3db80042cf6b37c4523654790cff232e15ac764eb6d9df5398975f66bb4ab31d,player_map_side_stats.csv,"{""map_id"": ""283184"", ""match_id"": ""753455"", ""side"": ""defense"", ""vlr_player_id"": ""457""}",adr,161,161,True
Champions defense split via browser side toggle,https://www.vlr.gg/753455/team-liquid-vs-paper-rex-valorant-champions-2026-opening-c/?game=283184,screenshots/defense-stats.png,3db80042cf6b37c4523654790cff232e15ac764eb6d9df5398975f66bb4ab31d,player_map_side_stats.csv,"{""map_id"": ""283184"", ""match_id"": ""753455"", ""side"": ""defense"", ""vlr_player_id"": ""457""}",hs_pct,16,16,True
Champions defense split via browser side toggle,https://www.vlr.gg/753455/team-liquid-vs-paper-rex-valorant-champions-2026-opening-c/?game=283184,screenshots/defense-stats.png,3db80042cf6b37c4523654790cff232e15ac764eb6d9df5398975f66bb4ab31d,player_map_side_stats.csv,"{""map_id"": ""283184"", ""match_id"": ""753455"", ""side"": ""defense"", ""vlr_player_id"": ""457""}",first_kills,0,0,True
Champions defense split via browser side toggle,https://www.vlr.gg/753455/team-liquid-vs-paper-rex-valorant-champions-2026-opening-c/?game=283184,screenshots/defense-stats.png,3db80042cf6b37c4523654790cff232e15ac764eb6d9df5398975f66bb4ab31d,player_map_side_stats.csv,"{""map_id"": ""283184"", ""match_id"": ""753455"", ""side"": ""defense"", ""vlr_player_id"": ""457""}",first_deaths,1,1,True
Champions defense split via browser side toggle,https://www.vlr.gg/753455/team-liquid-vs-paper-rex-valorant-champions-2026-opening-c/?game=283184,screenshots/defense-stats.png,3db80042cf6b37c4523654790cff232e15ac764eb6d9df5398975f66bb4ab31d,player_map_side_stats.csv,"{""map_id"": ""283184"", ""match_id"": ""753455"", ""side"": ""defense"", ""vlr_player_id"": ""457""}",rounds_played,12,12,True
Champions defense split via browser side toggle,https://www.vlr.gg/753455/team-liquid-vs-paper-rex-valorant-champions-2026-opening-c/?game=283184,screenshots/defense-stats.png,3db80042cf6b37c4523654790cff232e15ac764eb6d9df5398975f66bb4ab31d,player_map_side_stats.csv,"{""map_id"": ""283184"", ""match_id"": ""753455"", ""side"": ""defense"", ""vlr_player_id"": ""9801""}",vlr_rating,1.19,1.19,True
Champions defense split via browser side toggle,https://www.vlr.gg/753455/team-liquid-vs-paper-rex-valorant-champions-2026-opening-c/?game=283184,screenshots/defense-stats.png,3db80042cf6b37c4523654790cff232e15ac764eb6d9df5398975f66bb4ab31d,player_map_side_stats.csv,"{""map_id"": ""283184"", ""match_id"": ""753455"", ""side"": ""defense"", ""vlr_player_id"": ""9801""}",acs,186,186,True
Champions defense split via browser side toggle,https://www.vlr.gg/753455/team-liquid-vs-paper-rex-valorant-champions-2026-opening-c/?game=283184,screenshots/defense-stats.png,3db80042cf6b37c4523654790cff232e15ac764eb6d9df5398975f66bb4ab31d,player_map_side_stats.csv,"{""map_id"": ""283184"", ""match_id"": ""753455"", ""side"": ""defense"", ""vlr_player_id"": ""9801""}",kills,4,4,True
Champions defense split via browser side toggle,https://www.vlr.gg/753455/team-liquid-vs-paper-rex-valorant-champions-2026-opening-c/?game=283184,screenshots/defense-stats.png,3db80042cf6b37c4523654790cff232e15ac764eb6d9df5398975f66bb4ab31d,player_map_side_stats.csv,"{""map_id"": ""283184"", ""match_id"": ""753455"", ""side"": ""defense"", ""vlr_player_id"": ""9801""}",deaths,3,3,True
Champions defense split via browser side toggle,https://www.vlr.gg/753455/team-liquid-vs-paper-rex-valorant-champions-2026-opening-c/?game=283184,screenshots/defense-stats.png,3db80042cf6b37c4523654790cff232e15ac764eb6d9df5398975f66bb4ab31d,player_map_side_stats.csv,"{""map_id"": ""283184"", ""match_id"": ""753455"", ""side"": ""defense"", ""vlr_player_id"": ""9801""}",assists,1,1,True
Champions defense split via browser side toggle,https://www.vlr.gg/753455/team-liquid-vs-paper-rex-valorant-champions-2026-opening-c/?game=283184,screenshots/defense-stats.png,3db80042cf6b37c4523654790cff232e15ac764eb6d9df5398975f66bb4ab31d,player_map_side_stats.csv,"{""map_id"": ""283184"", ""match_id"": ""753455"", ""side"": ""defense"", ""vlr_player_id"": ""9801""}",kast_pct,80,80,True
Champions defense split via browser side toggle,https://www.vlr.gg/753455/team-liquid-vs-paper-rex-valorant-champions-2026-opening-c/?game=283184,screenshots/defense-stats.png,3db80042cf6b37c4523654790cff232e15ac764eb6d9df5398975f66bb4ab31d,player_map_side_stats.csv,"{""map_id"": ""283184"", ""match_id"": ""753455"", ""side"": ""defense"", ""vlr_player_id"": ""9801""}",adr,150,150,True
Champions defense split via browser side toggle,https://www.vlr.gg/753455/team-liquid-vs-paper-rex-valorant-champions-2026-opening-c/?game=283184,screenshots/defense-stats.png,3db80042cf6b37c4523654790cff232e15ac764eb6d9df5398975f66bb4ab31d,player_map_side_stats.csv,"{""map_id"": ""283184"", ""match_id"": ""753455"", ""side"": ""defense"", ""vlr_player_id"": ""9801""}",hs_pct,19,19,True
Champions defense split via browser side toggle,https://www.vlr.gg/753455/team-liquid-vs-paper-rex-valorant-champions-2026-opening-c/?game=283184,screenshots/defense-stats.png,3db80042cf6b37c4523654790cff232e15ac764eb6d9df5398975f66bb4ab31d,player_map_side_stats.csv,"{""map_id"": ""283184"", ""match_id"": ""753455"", ""side"": ""defense"", ""vlr_player_id"": ""9801""}",first_kills,0,0,True
Champions defense split via browser side toggle,https://www.vlr.gg/753455/team-liquid-vs-paper-rex-valorant-champions-2026-opening-c/?game=283184,screenshots/defense-stats.png,3db80042cf6b37c4523654790cff232e15ac764eb6d9df5398975f66bb4ab31d,player_map_side_stats.csv,"{""map_id"": ""283184"", ""match_id"": ""753455"", ""side"": ""defense"", ""vlr_player_id"": ""9801""}",first_deaths,0,0,True
Champions defense split via browser side toggle,https://www.vlr.gg/753455/team-liquid-vs-paper-rex-valorant-champions-2026-opening-c/?game=283184,screenshots/defense-stats.png,3db80042cf6b37c4523654790cff232e15ac764eb6d9df5398975f66bb4ab31d,player_map_side_stats.csv,"{""map_id"": ""283184"", ""match_id"": ""753455"", ""side"": ""defense"", ""vlr_player_id"": ""9801""}",rounds_played,5,5,True
Academy/parent tags corroborated by match logo and agent,https://www.vlr.gg/608871/mibr-academy-vs-elevate-challengers-2026-brazil-gamers-club-stage-1-w1/?game=249417&tab=performance,screenshots/academy-performance-stats.png,16d6f0d5915ead4e3dad480b728ecfb29cc87fce40a35856d339408644a8ddee,player_map_performance.csv,"{""map_id"": ""249417"", ""match_id"": ""608871"", ""vlr_player_id"": ""32675""}",two_k_rounds,1,1,True
Academy/parent tags corroborated by match logo and agent,https://www.vlr.gg/608871/mibr-academy-vs-elevate-challengers-2026-brazil-gamers-club-stage-1-w1/?game=249417&tab=performance,screenshots/academy-performance-stats.png,16d6f0d5915ead4e3dad480b728ecfb29cc87fce40a35856d339408644a8ddee,player_map_performance.csv,"{""map_id"": ""249417"", ""match_id"": ""608871"", ""vlr_player_id"": ""32675""}",three_k_rounds,,,True
Academy/parent tags corroborated by match logo and agent,https://www.vlr.gg/608871/mibr-academy-vs-elevate-challengers-2026-brazil-gamers-club-stage-1-w1/?game=249417&tab=performance,screenshots/academy-performance-stats.png,16d6f0d5915ead4e3dad480b728ecfb29cc87fce40a35856d339408644a8ddee,player_map_performance.csv,"{""map_id"": ""249417"", ""match_id"": ""608871"", ""vlr_player_id"": ""32675""}",four_k_rounds,,,True
Academy/parent tags corroborated by match logo and agent,https://www.vlr.gg/608871/mibr-academy-vs-elevate-challengers-2026-brazil-gamers-club-stage-1-w1/?game=249417&tab=performance,screenshots/academy-performance-stats.png,16d6f0d5915ead4e3dad480b728ecfb29cc87fce40a35856d339408644a8ddee,player_map_performance.csv,"{""map_id"": ""249417"", ""match_id"": ""608871"", ""vlr_player_id"": ""32675""}",five_k_rounds,,,True
Academy/parent tags corroborated by match logo and agent,https://www.vlr.gg/608871/mibr-academy-vs-elevate-challengers-2026-brazil-gamers-club-stage-1-w1/?game=249417&tab=performance,screenshots/academy-performance-stats.png,16d6f0d5915ead4e3dad480b728ecfb29cc87fce40a35856d339408644a8ddee,player_map_performance.csv,"{""map_id"": ""249417"", ""match_id"": ""608871"", ""vlr_player_id"": ""32675""}",clutch_1v1_wins,,,True
Academy/parent tags corroborated by match logo and agent,https://www.vlr.gg/608871/mibr-academy-vs-elevate-challengers-2026-brazil-gamers-club-stage-1-w1/?game=249417&tab=performance,screenshots/academy-performance-stats.png,16d6f0d5915ead4e3dad480b728ecfb29cc87fce40a35856d339408644a8ddee,player_map_performance.csv,"{""map_id"": ""249417"", ""match_id"": ""608871"", ""vlr_player_id"": ""32675""}",clutch_1v2_wins,,,True
Academy/parent tags corroborated by match logo and agent,https://www.vlr.gg/608871/mibr-academy-vs-elevate-challengers-2026-brazil-gamers-club-stage-1-w1/?game=249417&tab=performance,screenshots/academy-performance-stats.png,16d6f0d5915ead4e3dad480b728ecfb29cc87fce40a35856d339408644a8ddee,player_map_performance.csv,"{""map_id"": ""249417"", ""match_id"": ""608871"", ""vlr_player_id"": ""32675""}",clutch_1v3_wins,,,True
Academy/parent tags corroborated by match logo and agent,https://www.vlr.gg/608871/mibr-academy-vs-elevate-challengers-2026-brazil-gamers-club-stage-1-w1/?game=249417&tab=performance,screenshots/academy-performance-stats.png,16d6f0d5915ead4e3dad480b728ecfb29cc87fce40a35856d339408644a8ddee,player_map_performance.csv,"{""map_id"": ""249417"", ""match_id"": ""608871"", ""vlr_player_id"": ""32675""}",clutch_1v4_wins,,,True
Academy/parent tags corroborated by match logo and agent,https://www.vlr.gg/608871/mibr-academy-vs-elevate-challengers-2026-brazil-gamers-club-stage-1-w1/?game=249417&tab=performance,screenshots/academy-performance-stats.png,16d6f0d5915ead4e3dad480b728ecfb29cc87fce40a35856d339408644a8ddee,player_map_performance.csv,"{""map_id"": ""249417"", ""match_id"": ""608871"", ""vlr_player_id"": ""32675""}",clutch_1v5_wins,,,True
Academy/parent tags corroborated by match logo and agent,https://www.vlr.gg/608871/mibr-academy-vs-elevate-challengers-2026-brazil-gamers-club-stage-1-w1/?game=249417&tab=performance,screenshots/academy-performance-stats.png,16d6f0d5915ead4e3dad480b728ecfb29cc87fce40a35856d339408644a8ddee,player_map_performance.csv,"{""map_id"": ""249417"", ""match_id"": ""608871"", ""vlr_player_id"": ""32675""}",econ_rating,48,48,True
Academy/parent tags corroborated by match logo and agent,https://www.vlr.gg/608871/mibr-academy-vs-elevate-challengers-2026-brazil-gamers-club-stage-1-w1/?game=249417&tab=performance,screenshots/academy-performance-stats.png,16d6f0d5915ead4e3dad480b728ecfb29cc87fce40a35856d339408644a8ddee,player_map_performance.csv,"{""map_id"": ""249417"", ""match_id"": ""608871"", ""vlr_player_id"": ""32675""}",plants,2,2,True
Academy/parent tags corroborated by match logo and agent,https://www.vlr.gg/608871/mibr-academy-vs-elevate-challengers-2026-brazil-gamers-club-stage-1-w1/?game=249417&tab=performance,screenshots/academy-performance-stats.png,16d6f0d5915ead4e3dad480b728ecfb29cc87fce40a35856d339408644a8ddee,player_map_performance.csv,"{""map_id"": ""249417"", ""match_id"": ""608871"", ""vlr_player_id"": ""32675""}",defuses,0,0,True
Academy/parent tags corroborated by match logo and agent,https://www.vlr.gg/608871/mibr-academy-vs-elevate-challengers-2026-brazil-gamers-club-stage-1-w1/?game=249417&tab=performance,screenshots/academy-performance-stats.png,16d6f0d5915ead4e3dad480b728ecfb29cc87fce40a35856d339408644a8ddee,player_map_performance.csv,"{""map_id"": ""249417"", ""match_id"": ""608871"", ""vlr_player_id"": ""32802""}",two_k_rounds,3,3,True
Academy/parent tags corroborated by match logo and agent,https://www.vlr.gg/608871/mibr-academy-vs-elevate-challengers-2026-brazil-gamers-club-stage-1-w1/?game=249417&tab=performance,screenshots/academy-performance-stats.png,16d6f0d5915ead4e3dad480b728ecfb29cc87fce40a35856d339408644a8ddee,player_map_performance.csv,"{""map_id"": ""249417"", ""match_id"": ""608871"", ""vlr_player_id"": ""32802""}",three_k_rounds,4,4,True
Academy/parent tags corroborated by match logo and agent,https://www.vlr.gg/608871/mibr-academy-vs-elevate-challengers-2026-brazil-gamers-club-stage-1-w1/?game=249417&tab=performance,screenshots/academy-performance-stats.png,16d6f0d5915ead4e3dad480b728ecfb29cc87fce40a35856d339408644a8ddee,player_map_performance.csv,"{""map_id"": ""249417"", ""match_id"": ""608871"", ""vlr_player_id"": ""32802""}",four_k_rounds,,,True
Academy/parent tags corroborated by match logo and agent,https://www.vlr.gg/608871/mibr-academy-vs-elevate-challengers-2026-brazil-gamers-club-stage-1-w1/?game=249417&tab=performance,screenshots/academy-performance-stats.png,16d6f0d5915ead4e3dad480b728ecfb29cc87fce40a35856d339408644a8ddee,player_map_performance.csv,"{""map_id"": ""249417"", ""match_id"": ""608871"", ""vlr_player_id"": ""32802""}",five_k_rounds,,,True
Academy/parent tags corroborated by match logo and agent,https://www.vlr.gg/608871/mibr-academy-vs-elevate-challengers-2026-brazil-gamers-club-stage-1-w1/?game=249417&tab=performance,screenshots/academy-performance-stats.png,16d6f0d5915ead4e3dad480b728ecfb29cc87fce40a35856d339408644a8ddee,player_map_performance.csv,"{""map_id"": ""249417"", ""match_id"": ""608871"", ""vlr_player_id"": ""32802""}",clutch_1v1_wins,,,True
Academy/parent tags corroborated by match logo and agent,https://www.vlr.gg/608871/mibr-academy-vs-elevate-challengers-2026-brazil-gamers-club-stage-1-w1/?game=249417&tab=performance,screenshots/academy-performance-stats.png,16d6f0d5915ead4e3dad480b728ecfb29cc87fce40a35856d339408644a8ddee,player_map_performance.csv,"{""map_id"": ""249417"", ""match_id"": ""608871"", ""vlr_player_id"": ""32802""}",clutch_1v2_wins,,,True
Academy/parent tags corroborated by match logo and agent,https://www.vlr.gg/608871/mibr-academy-vs-elevate-challengers-2026-brazil-gamers-club-stage-1-w1/?game=249417&tab=performance,screenshots/academy-performance-stats.png,16d6f0d5915ead4e3dad480b728ecfb29cc87fce40a35856d339408644a8ddee,player_map_performance.csv,"{""map_id"": ""249417"", ""match_id"": ""608871"", ""vlr_player_id"": ""32802""}",clutch_1v3_wins,,,True
Academy/parent tags corroborated by match logo and agent,https://www.vlr.gg/608871/mibr-academy-vs-elevate-challengers-2026-brazil-gamers-club-stage-1-w1/?game=249417&tab=performance,screenshots/academy-performance-stats.png,16d6f0d5915ead4e3dad480b728ecfb29cc87fce40a35856d339408644a8ddee,player_map_performance.csv,"{""map_id"": ""249417"", ""match_id"": ""608871"", ""vlr_player_id"": ""32802""}",clutch_1v4_wins,,,True
Academy/parent tags corroborated by match logo and agent,https://www.vlr.gg/608871/mibr-academy-vs-elevate-challengers-2026-brazil-gamers-club-stage-1-w1/?game=249417&tab=performance,screenshots/academy-performance-stats.png,16d6f0d5915ead4e3dad480b728ecfb29cc87fce40a35856d339408644a8ddee,player_map_performance.csv,"{""map_id"": ""249417"", ""match_id"": ""608871"", ""vlr_player_id"": ""32802""}",clutch_1v5_wins,,,True
Academy/parent tags corroborated by match logo and agent,https://www.vlr.gg/608871/mibr-academy-vs-elevate-challengers-2026-brazil-gamers-club-stage-1-w1/?game=249417&tab=performance,screenshots/academy-performance-stats.png,16d6f0d5915ead4e3dad480b728ecfb29cc87fce40a35856d339408644a8ddee,player_map_performance.csv,"{""map_id"": ""249417"", ""match_id"": ""608871"", ""vlr_player_id"": ""32802""}",econ_rating,63,63,True
Academy/parent tags corroborated by match logo and agent,https://www.vlr.gg/608871/mibr-academy-vs-elevate-challengers-2026-brazil-gamers-club-stage-1-w1/?game=249417&tab=performance,screenshots/academy-performance-stats.png,16d6f0d5915ead4e3dad480b728ecfb29cc87fce40a35856d339408644a8ddee,player_map_performance.csv,"{""map_id"": ""249417"", ""match_id"": ""608871"", ""vlr_player_id"": ""32802""}",plants,1,1,True
Academy/parent tags corroborated by match logo and agent,https://www.vlr.gg/608871/mibr-academy-vs-elevate-challengers-2026-brazil-gamers-club-stage-1-w1/?game=249417&tab=performance,screenshots/academy-performance-stats.png,16d6f0d5915ead4e3dad480b728ecfb29cc87fce40a35856d339408644a8ddee,player_map_performance.csv,"{""map_id"": ""249417"", ""match_id"": ""608871"", ""vlr_player_id"": ""32802""}",defuses,0,0,True
Academy/parent tags corroborated by match logo and agent,https://www.vlr.gg/608871/mibr-academy-vs-elevate-challengers-2026-brazil-gamers-club-stage-1-w1/?game=249417&tab=performance,screenshots/academy-performance-stats.png,16d6f0d5915ead4e3dad480b728ecfb29cc87fce40a35856d339408644a8ddee,performance_identity_review.csv,"{""map_id"": ""249417"", ""match_id"": ""608871"", ""vlr_player_id"": ""32675""}",performance_handle,Kring,Kring,True
Academy/parent tags corroborated by match logo and agent,https://www.vlr.gg/608871/mibr-academy-vs-elevate-challengers-2026-brazil-gamers-club-stage-1-w1/?game=249417&tab=performance,screenshots/academy-performance-stats.png,16d6f0d5915ead4e3dad480b728ecfb29cc87fce40a35856d339408644a8ddee,performance_identity_review.csv,"{""map_id"": ""249417"", ""match_id"": ""608871"", ""vlr_player_id"": ""32675""}",performance_tag,MIBR,MIBR,True
Academy/parent tags corroborated by match logo and agent,https://www.vlr.gg/608871/mibr-academy-vs-elevate-challengers-2026-brazil-gamers-club-stage-1-w1/?game=249417&tab=performance,screenshots/academy-performance-stats.png,16d6f0d5915ead4e3dad480b728ecfb29cc87fce40a35856d339408644a8ddee,performance_identity_review.csv,"{""map_id"": ""249417"", ""match_id"": ""608871"", ""vlr_player_id"": ""32675""}",overview_handle,Kring,Kring,True
Academy/parent tags corroborated by match logo and agent,https://www.vlr.gg/608871/mibr-academy-vs-elevate-challengers-2026-brazil-gamers-club-stage-1-w1/?game=249417&tab=performance,screenshots/academy-performance-stats.png,16d6f0d5915ead4e3dad480b728ecfb29cc87fce40a35856d339408644a8ddee,performance_identity_review.csv,"{""map_id"": ""249417"", ""match_id"": ""608871"", ""vlr_player_id"": ""32675""}",overview_tag,MIBR.AC,MIBR.AC,True
Academy/parent tags corroborated by match logo and agent,https://www.vlr.gg/608871/mibr-academy-vs-elevate-challengers-2026-brazil-gamers-club-stage-1-w1/?game=249417&tab=performance,screenshots/academy-performance-stats.png,16d6f0d5915ead4e3dad480b728ecfb29cc87fce40a35856d339408644a8ddee,performance_identity_review.csv,"{""map_id"": ""249417"", ""match_id"": ""608871"", ""vlr_player_id"": ""32675""}",join_rule,unique_match_team_logo_local_handle_and_agent,unique_match_team_logo_local_handle_and_agent,True
2025 Champions overtime: all eight OT rounds visually checked,https://www.vlr.gg/542207/nrg-vs-edward-gaming-valorant-champions-2025-opening-c/?game=233430,screenshots/overtime-stats.png,0f94095bdee3a5811ca488c4e31c2dbba8d074c5d7ff155fc49fc5d61d5f253d,map_outcomes.csv,"{""map_id"": ""233430"", ""match_id"": ""542207""}",map_name,Abyss,Abyss,True
2025 Champions overtime: all eight OT rounds visually checked,https://www.vlr.gg/542207/nrg-vs-edward-gaming-valorant-champions-2025-opening-c/?game=233430,screenshots/overtime-stats.png,0f94095bdee3a5811ca488c4e31c2dbba8d074c5d7ff155fc49fc5d61d5f253d,map_outcomes.csv,"{""map_id"": ""233430"", ""match_id"": ""542207""}",team1_rounds,17,17,True
2025 Champions overtime: all eight OT rounds visually checked,https://www.vlr.gg/542207/nrg-vs-edward-gaming-valorant-champions-2025-opening-c/?game=233430,screenshots/overtime-stats.png,0f94095bdee3a5811ca488c4e31c2dbba8d074c5d7ff155fc49fc5d61d5f253d,map_outcomes.csv,"{""map_id"": ""233430"", ""match_id"": ""542207""}",team2_rounds,15,15,True
2025 Champions overtime: all eight OT rounds visually checked,https://www.vlr.gg/542207/nrg-vs-edward-gaming-valorant-champions-2025-opening-c/?game=233430,screenshots/overtime-stats.png,0f94095bdee3a5811ca488c4e31c2dbba8d074c5d7ff155fc49fc5d61d5f253d,map_outcomes.csv,"{""map_id"": ""233430"", ""match_id"": ""542207""}",rounds,32,32,True
2025 Champions overtime: all eight OT rounds visually checked,https://www.vlr.gg/542207/nrg-vs-edward-gaming-valorant-champions-2025-opening-c/?game=233430,screenshots/overtime-stats.png,0f94095bdee3a5811ca488c4e31c2dbba8d074c5d7ff155fc49fc5d61d5f253d,map_context.csv,"{""map_id"": ""233430"", ""match_id"": ""542207""}",map_duration_display,1:14:38,1:14:38,True
2025 Champions overtime: all eight OT rounds visually checked,https://www.vlr.gg/542207/nrg-vs-edward-gaming-valorant-champions-2025-opening-c/?game=233430,screenshots/overtime-stats.png,0f94095bdee3a5811ca488c4e31c2dbba8d074c5d7ff155fc49fc5d61d5f253d,map_context.csv,"{""map_id"": ""233430"", ""match_id"": ""542207""}",team1_start_side,defense,defense,True
2025 Champions overtime: all eight OT rounds visually checked,https://www.vlr.gg/542207/nrg-vs-edward-gaming-valorant-champions-2025-opening-c/?game=233430,screenshots/overtime-stats.png,0f94095bdee3a5811ca488c4e31c2dbba8d074c5d7ff155fc49fc5d61d5f253d,map_context.csv,"{""map_id"": ""233430"", ""match_id"": ""542207""}",team2_start_side,attack,attack,True
2025 Champions overtime: all eight OT rounds visually checked,https://www.vlr.gg/542207/nrg-vs-edward-gaming-valorant-champions-2025-opening-c/?game=233430,screenshots/overtime-stats.png,0f94095bdee3a5811ca488c4e31c2dbba8d074c5d7ff155fc49fc5d61d5f253d,round_outcomes.csv,"{""map_id"": ""233430"", ""match_id"": ""542207"", ""round_number"": 25}",winner_team_id,1120,1120,True
2025 Champions overtime: all eight OT rounds visually checked,https://www.vlr.gg/542207/nrg-vs-edward-gaming-valorant-champions-2025-opening-c/?game=233430,screenshots/overtime-stats.png,0f94095bdee3a5811ca488c4e31c2dbba8d074c5d7ff155fc49fc5d61d5f253d,round_outcomes.csv,"{""map_id"": ""233430"", ""match_id"": ""542207"", ""round_number"": 25}",team1_side,defense,defense,True
2025 Champions overtime: all eight OT rounds visually checked,https://www.vlr.gg/542207/nrg-vs-edward-gaming-valorant-champions-2025-opening-c/?game=233430,screenshots/overtime-stats.png,0f94095bdee3a5811ca488c4e31c2dbba8d074c5d7ff155fc49fc5d61d5f253d,round_outcomes.csv,"{""map_id"": ""233430"", ""match_id"": ""542207"", ""round_number"": 25}",team2_side,attack,attack,True
2025 Champions overtime: all eight OT rounds visually checked,https://www.vlr.gg/542207/nrg-vs-edward-gaming-valorant-champions-2025-opening-c/?game=233430,screenshots/overtime-stats.png,0f94095bdee3a5811ca488c4e31c2dbba8d074c5d7ff155fc49fc5d61d5f253d,round_outcomes.csv,"{""map_id"": ""233430"", ""match_id"": ""542207"", ""round_number"": 25}",team1_score_after,12,12,True
2025 Champions overtime: all eight OT rounds visually checked,https://www.vlr.gg/542207/nrg-vs-edward-gaming-valorant-champions-2025-opening-c/?game=233430,screenshots/overtime-stats.png,0f94095bdee3a5811ca488c4e31c2dbba8d074c5d7ff155fc49fc5d61d5f253d,round_outcomes.csv,"{""map_id"": ""233430"", ""match_id"": ""542207"", ""round_number"": 25}",team2_score_after,13,13,True
2025 Champions overtime: all eight OT rounds visually checked,https://www.vlr.gg/542207/nrg-vs-edward-gaming-valorant-champions-2025-opening-c/?game=233430,screenshots/overtime-stats.png,0f94095bdee3a5811ca488c4e31c2dbba8d074c5d7ff155fc49fc5d61d5f253d,round_outcomes.csv,"{""map_id"": ""233430"", ""match_id"": ""542207"", ""round_number"": 26}",winner_team_id,1034,1034,True
2025 Champions overtime: all eight OT rounds visually checked,https://www.vlr.gg/542207/nrg-vs-edward-gaming-valorant-champions-2025-opening-c/?game=233430,screenshots/overtime-stats.png,0f94095bdee3a5811ca488c4e31c2dbba8d074c5d7ff155fc49fc5d61d5f253d,round_outcomes.csv,"{""map_id"": ""233430"", ""match_id"": ""542207"", ""round_number"": 26}",team1_side,attack,attack,True
2025 Champions overtime: all eight OT rounds visually checked,https://www.vlr.gg/542207/nrg-vs-edward-gaming-valorant-champions-2025-opening-c/?game=233430,screenshots/overtime-stats.png,0f94095bdee3a5811ca488c4e31c2dbba8d074c5d7ff155fc49fc5d61d5f253d,round_outcomes.csv,"{""map_id"": ""233430"", ""match_id"": ""542207"", ""round_number"": 26}",team2_side,defense,defense,True
2025 Champions overtime: all eight OT rounds visually checked,https://www.vlr.gg/542207/nrg-vs-edward-gaming-valorant-champions-2025-opening-c/?game=233430,screenshots/overtime-stats.png,0f94095bdee3a5811ca488c4e31c2dbba8d074c5d7ff155fc49fc5d61d5f253d,round_outcomes.csv,"{""map_id"": ""233430"", ""match_id"": ""542207"", ""round_number"": 26}",team1_score_after,13,13,True
2025 Champions overtime: all eight OT rounds visually checked,https://www.vlr.gg/542207/nrg-vs-edward-gaming-valorant-champions-2025-opening-c/?game=233430,screenshots/overtime-stats.png,0f94095bdee3a5811ca488c4e31c2dbba8d074c5d7ff155fc49fc5d61d5f253d,round_outcomes.csv,"{""map_id"": ""233430"", ""match_id"": ""542207"", ""round_number"": 26}",team2_score_after,13,13,True
2025 Champions overtime: all eight OT rounds visually checked,https://www.vlr.gg/542207/nrg-vs-edward-gaming-valorant-champions-2025-opening-c/?game=233430,screenshots/overtime-stats.png,0f94095bdee3a5811ca488c4e31c2dbba8d074c5d7ff155fc49fc5d61d5f253d,round_outcomes.csv,"{""map_id"": ""233430"", ""match_id"": ""542207"", ""round_number"": 27}",winner_team_id,1120,1120,True
2025 Champions overtime: all eight OT rounds visually checked,https://www.vlr.gg/542207/nrg-vs-edward-gaming-valorant-champions-2025-opening-c/?game=233430,screenshots/overtime-stats.png,0f94095bdee3a5811ca488c4e31c2dbba8d074c5d7ff155fc49fc5d61d5f253d,round_outcomes.csv,"{""map_id"": ""233430"", ""match_id"": ""542207"", ""round_number"": 27}",team1_side,defense,defense,True
2025 Champions overtime: all eight OT rounds visually checked,https://www.vlr.gg/542207/nrg-vs-edward-gaming-valorant-champions-2025-opening-c/?game=233430,screenshots/overtime-stats.png,0f94095bdee3a5811ca488c4e31c2dbba8d074c5d7ff155fc49fc5d61d5f253d,round_outcomes.csv,"{""map_id"": ""233430"", ""match_id"": ""542207"", ""round_number"": 27}",team2_side,attack,attack,True
2025 Champions overtime: all eight OT rounds visually checked,https://www.vlr.gg/542207/nrg-vs-edward-gaming-valorant-champions-2025-opening-c/?game=233430,screenshots/overtime-stats.png,0f94095bdee3a5811ca488c4e31c2dbba8d074c5d7ff155fc49fc5d61d5f253d,round_outcomes.csv,"{""map_id"": ""233430"", ""match_id"": ""542207"", ""round_number"": 27}",team1_score_after,13,13,True
2025 Champions overtime: all eight OT rounds visually checked,https://www.vlr.gg/542207/nrg-vs-edward-gaming-valorant-champions-2025-opening-c/?game=233430,screenshots/overtime-stats.png,0f94095bdee3a5811ca488c4e31c2dbba8d074c5d7ff155fc49fc5d61d5f253d,round_outcomes.csv,"{""map_id"": ""233430"", ""match_id"": ""542207"", ""round_number"": 27}",team2_score_after,14,14,True
2025 Champions overtime: all eight OT rounds visually checked,https://www.vlr.gg/542207/nrg-vs-edward-gaming-valorant-champions-2025-opening-c/?game=233430,screenshots/overtime-stats.png,0f94095bdee3a5811ca488c4e31c2dbba8d074c5d7ff155fc49fc5d61d5f253d,round_outcomes.csv,"{""map_id"": ""233430"", ""match_id"": ""542207"", ""round_number"": 28}",winner_team_id,1034,1034,True
2025 Champions overtime: all eight OT rounds visually checked,https://www.vlr.gg/542207/nrg-vs-edward-gaming-valorant-champions-2025-opening-c/?game=233430,screenshots/overtime-stats.png,0f94095bdee3a5811ca488c4e31c2dbba8d074c5d7ff155fc49fc5d61d5f253d,round_outcomes.csv,"{""map_id"": ""233430"", ""match_id"": ""542207"", ""round_number"": 28}",team1_side,attack,attack,True
2025 Champions overtime: all eight OT rounds visually checked,https://www.vlr.gg/542207/nrg-vs-edward-gaming-valorant-champions-2025-opening-c/?game=233430,screenshots/overtime-stats.png,0f94095bdee3a5811ca488c4e31c2dbba8d074c5d7ff155fc49fc5d61d5f253d,round_outcomes.csv,"{""map_id"": ""233430"", ""match_id"": ""542207"", ""round_number"": 28}",team2_side,defense,defense,True
2025 Champions overtime: all eight OT rounds visually checked,https://www.vlr.gg/542207/nrg-vs-edward-gaming-valorant-champions-2025-opening-c/?game=233430,screenshots/overtime-stats.png,0f94095bdee3a5811ca488c4e31c2dbba8d074c5d7ff155fc49fc5d61d5f253d,round_outcomes.csv,"{""map_id"": ""233430"", ""match_id"": ""542207"", ""round_number"": 28}",team1_score_after,14,14,True
2025 Champions overtime: all eight OT rounds visually checked,https://www.vlr.gg/542207/nrg-vs-edward-gaming-valorant-champions-2025-opening-c/?game=233430,screenshots/overtime-stats.png,0f94095bdee3a5811ca488c4e31c2dbba8d074c5d7ff155fc49fc5d61d5f253d,round_outcomes.csv,"{""map_id"": ""233430"", ""match_id"": ""542207"", ""round_number"": 28}",team2_score_after,14,14,True
2025 Champions overtime: all eight OT rounds visually checked,https://www.vlr.gg/542207/nrg-vs-edward-gaming-valorant-champions-2025-opening-c/?game=233430,screenshots/overtime-stats.png,0f94095bdee3a5811ca488c4e31c2dbba8d074c5d7ff155fc49fc5d61d5f253d,round_outcomes.csv,"{""map_id"": ""233430"", ""match_id"": ""542207"", ""round_number"": 29}",winner_team_id,1034,1034,True
2025 Champions overtime: all eight OT rounds visually checked,https://www.vlr.gg/542207/nrg-vs-edward-gaming-valorant-champions-2025-opening-c/?game=233430,screenshots/overtime-stats.png,0f94095bdee3a5811ca488c4e31c2dbba8d074c5d7ff155fc49fc5d61d5f253d,round_outcomes.csv,"{""map_id"": ""233430"", ""match_id"": ""542207"", ""round_number"": 29}",team1_side,defense,defense,True
2025 Champions overtime: all eight OT rounds visually checked,https://www.vlr.gg/542207/nrg-vs-edward-gaming-valorant-champions-2025-opening-c/?game=233430,screenshots/overtime-stats.png,0f94095bdee3a5811ca488c4e31c2dbba8d074c5d7ff155fc49fc5d61d5f253d,round_outcomes.csv,"{""map_id"": ""233430"", ""match_id"": ""542207"", ""round_number"": 29}",team2_side,attack,attack,True
2025 Champions overtime: all eight OT rounds visually checked,https://www.vlr.gg/542207/nrg-vs-edward-gaming-valorant-champions-2025-opening-c/?game=233430,screenshots/overtime-stats.png,0f94095bdee3a5811ca488c4e31c2dbba8d074c5d7ff155fc49fc5d61d5f253d,round_outcomes.csv,"{""map_id"": ""233430"", ""match_id"": ""542207"", ""round_number"": 29}",team1_score_after,15,15,True
2025 Champions overtime: all eight OT rounds visually checked,https://www.vlr.gg/542207/nrg-vs-edward-gaming-valorant-champions-2025-opening-c/?game=233430,screenshots/overtime-stats.png,0f94095bdee3a5811ca488c4e31c2dbba8d074c5d7ff155fc49fc5d61d5f253d,round_outcomes.csv,"{""map_id"": ""233430"", ""match_id"": ""542207"", ""round_number"": 29}",team2_score_after,14,14,True
2025 Champions overtime: all eight OT rounds visually checked,https://www.vlr.gg/542207/nrg-vs-edward-gaming-valorant-champions-2025-opening-c/?game=233430,screenshots/overtime-stats.png,0f94095bdee3a5811ca488c4e31c2dbba8d074c5d7ff155fc49fc5d61d5f253d,round_outcomes.csv,"{""map_id"": ""233430"", ""match_id"": ""542207"", ""round_number"": 30}",winner_team_id,1120,1120,True
2025 Champions overtime: all eight OT rounds visually checked,https://www.vlr.gg/542207/nrg-vs-edward-gaming-valorant-champions-2025-opening-c/?game=233430,screenshots/overtime-stats.png,0f94095bdee3a5811ca488c4e31c2dbba8d074c5d7ff155fc49fc5d61d5f253d,round_outcomes.csv,"{""map_id"": ""233430"", ""match_id"": ""542207"", ""round_number"": 30}",team1_side,attack,attack,True
2025 Champions overtime: all eight OT rounds visually checked,https://www.vlr.gg/542207/nrg-vs-edward-gaming-valorant-champions-2025-opening-c/?game=233430,screenshots/overtime-stats.png,0f94095bdee3a5811ca488c4e31c2dbba8d074c5d7ff155fc49fc5d61d5f253d,round_outcomes.csv,"{""map_id"": ""233430"", ""match_id"": ""542207"", ""round_number"": 30}",team2_side,defense,defense,True
2025 Champions overtime: all eight OT rounds visually checked,https://www.vlr.gg/542207/nrg-vs-edward-gaming-valorant-champions-2025-opening-c/?game=233430,screenshots/overtime-stats.png,0f94095bdee3a5811ca488c4e31c2dbba8d074c5d7ff155fc49fc5d61d5f253d,round_outcomes.csv,"{""map_id"": ""233430"", ""match_id"": ""542207"", ""round_number"": 30}",team1_score_after,15,15,True
2025 Champions overtime: all eight OT rounds visually checked,https://www.vlr.gg/542207/nrg-vs-edward-gaming-valorant-champions-2025-opening-c/?game=233430,screenshots/overtime-stats.png,0f94095bdee3a5811ca488c4e31c2dbba8d074c5d7ff155fc49fc5d61d5f253d,round_outcomes.csv,"{""map_id"": ""233430"", ""match_id"": ""542207"", ""round_number"": 30}",team2_score_after,15,15,True
2025 Champions overtime: all eight OT rounds visually checked,https://www.vlr.gg/542207/nrg-vs-edward-gaming-valorant-champions-2025-opening-c/?game=233430,screenshots/overtime-stats.png,0f94095bdee3a5811ca488c4e31c2dbba8d074c5d7ff155fc49fc5d61d5f253d,round_outcomes.csv,"{""map_id"": ""233430"", ""match_id"": ""542207"", ""round_number"": 31}",winner_team_id,1034,1034,True
2025 Champions overtime: all eight OT rounds visually checked,https://www.vlr.gg/542207/nrg-vs-edward-gaming-valorant-champions-2025-opening-c/?game=233430,screenshots/overtime-stats.png,0f94095bdee3a5811ca488c4e31c2dbba8d074c5d7ff155fc49fc5d61d5f253d,round_outcomes.csv,"{""map_id"": ""233430"", ""match_id"": ""542207"", ""round_number"": 31}",team1_side,defense,defense,True
2025 Champions overtime: all eight OT rounds visually checked,https://www.vlr.gg/542207/nrg-vs-edward-gaming-valorant-champions-2025-opening-c/?game=233430,screenshots/overtime-stats.png,0f94095bdee3a5811ca488c4e31c2dbba8d074c5d7ff155fc49fc5d61d5f253d,round_outcomes.csv,"{""map_id"": ""233430"", ""match_id"": ""542207"", ""round_number"": 31}",team2_side,attack,attack,True
2025 Champions overtime: all eight OT rounds visually checked,https://www.vlr.gg/542207/nrg-vs-edward-gaming-valorant-champions-2025-opening-c/?game=233430,screenshots/overtime-stats.png,0f94095bdee3a5811ca488c4e31c2dbba8d074c5d7ff155fc49fc5d61d5f253d,round_outcomes.csv,"{""map_id"": ""233430"", ""match_id"": ""542207"", ""round_number"": 31}",team1_score_after,16,16,True
2025 Champions overtime: all eight OT rounds visually checked,https://www.vlr.gg/542207/nrg-vs-edward-gaming-valorant-champions-2025-opening-c/?game=233430,screenshots/overtime-stats.png,0f94095bdee3a5811ca488c4e31c2dbba8d074c5d7ff155fc49fc5d61d5f253d,round_outcomes.csv,"{""map_id"": ""233430"", ""match_id"": ""542207"", ""round_number"": 31}",team2_score_after,15,15,True
2025 Champions overtime: all eight OT rounds visually checked,https://www.vlr.gg/542207/nrg-vs-edward-gaming-valorant-champions-2025-opening-c/?game=233430,screenshots/overtime-stats.png,0f94095bdee3a5811ca488c4e31c2dbba8d074c5d7ff155fc49fc5d61d5f253d,round_outcomes.csv,"{""map_id"": ""233430"", ""match_id"": ""542207"", ""round_number"": 32}",winner_team_id,1034,1034,True
2025 Champions overtime: all eight OT rounds visually checked,https://www.vlr.gg/542207/nrg-vs-edward-gaming-valorant-champions-2025-opening-c/?game=233430,screenshots/overtime-stats.png,0f94095bdee3a5811ca488c4e31c2dbba8d074c5d7ff155fc49fc5d61d5f253d,round_outcomes.csv,"{""map_id"": ""233430"", ""match_id"": ""542207"", ""round_number"": 32}",team1_side,attack,attack,True
2025 Champions overtime: all eight OT rounds visually checked,https://www.vlr.gg/542207/nrg-vs-edward-gaming-valorant-champions-2025-opening-c/?game=233430,screenshots/overtime-stats.png,0f94095bdee3a5811ca488c4e31c2dbba8d074c5d7ff155fc49fc5d61d5f253d,round_outcomes.csv,"{""map_id"": ""233430"", ""match_id"": ""542207"", ""round_number"": 32}",team2_side,defense,defense,True
2025 Champions overtime: all eight OT rounds visually checked,https://www.vlr.gg/542207/nrg-vs-edward-gaming-valorant-champions-2025-opening-c/?game=233430,screenshots/overtime-stats.png,0f94095bdee3a5811ca488c4e31c2dbba8d074c5d7ff155fc49fc5d61d5f253d,round_outcomes.csv,"{""map_id"": ""233430"", ""match_id"": ""542207"", ""round_number"": 32}",team1_score_after,17,17,True
2025 Champions overtime: all eight OT rounds visually checked,https://www.vlr.gg/542207/nrg-vs-edward-gaming-valorant-champions-2025-opening-c/?game=233430,screenshots/overtime-stats.png,0f94095bdee3a5811ca488c4e31c2dbba8d074c5d7ff155fc49fc5d61d5f253d,round_outcomes.csv,"{""map_id"": ""233430"", ""match_id"": ""542207"", ""round_number"": 32}",team2_score_after,15,15,True
Forfeit scoreline and ten blank source player rows: excluded from WAR,https://www.vlr.gg/681314/leosun-esports-vs-no-salary-peek-challengers-2026-south-asia-split-2-w3/?game=269494,screenshots/forfeit-stats.png,8b914dff90332a2756e0b6ee3608526d68113a6a1cf2725801f4398f7866ad6a,map_outcomes.csv,"{""map_id"": ""269494"", ""match_id"": ""681314""}",map_name,Breeze,Breeze,True
Forfeit scoreline and ten blank source player rows: excluded from WAR,https://www.vlr.gg/681314/leosun-esports-vs-no-salary-peek-challengers-2026-south-asia-split-2-w3/?game=269494,screenshots/forfeit-stats.png,8b914dff90332a2756e0b6ee3608526d68113a6a1cf2725801f4398f7866ad6a,map_outcomes.csv,"{""map_id"": ""269494"", ""match_id"": ""681314""}",team1_rounds,0,0,True
Forfeit scoreline and ten blank source player rows: excluded from WAR,https://www.vlr.gg/681314/leosun-esports-vs-no-salary-peek-challengers-2026-south-asia-split-2-w3/?game=269494,screenshots/forfeit-stats.png,8b914dff90332a2756e0b6ee3608526d68113a6a1cf2725801f4398f7866ad6a,map_outcomes.csv,"{""map_id"": ""269494"", ""match_id"": ""681314""}",team2_rounds,13,13,True
Forfeit scoreline and ten blank source player rows: excluded from WAR,https://www.vlr.gg/681314/leosun-esports-vs-no-salary-peek-challengers-2026-south-asia-split-2-w3/?game=269494,screenshots/forfeit-stats.png,8b914dff90332a2756e0b6ee3608526d68113a6a1cf2725801f4398f7866ad6a,map_outcomes.csv,"{""map_id"": ""269494"", ""match_id"": ""681314""}",rounds,13,13,True
Forfeit scoreline and ten blank source player rows: excluded from WAR,https://www.vlr.gg/681314/leosun-esports-vs-no-salary-peek-challengers-2026-south-asia-split-2-w3/?game=269494,screenshots/forfeit-stats.png,8b914dff90332a2756e0b6ee3608526d68113a6a1cf2725801f4398f7866ad6a,map_model_eligibility.csv,"{""map_id"": ""269494"", ""match_id"": ""681314""}",observed_player_rows,10,10,True
Forfeit scoreline and ten blank source player rows: excluded from WAR,https://www.vlr.gg/681314/leosun-esports-vs-no-salary-peek-challengers-2026-south-asia-split-2-w3/?game=269494,screenshots/forfeit-stats.png,8b914dff90332a2756e0b6ee3608526d68113a6a1cf2725801f4398f7866ad6a,map_model_eligibility.csv,"{""map_id"": ""269494"", ""match_id"": ""681314""}",lineup_model_eligible,False,False,True
Forfeit scoreline and ten blank source player rows: excluded from WAR,https://www.vlr.gg/681314/leosun-esports-vs-no-salary-peek-challengers-2026-south-asia-split-2-w3/?game=269494,screenshots/forfeit-stats.png,8b914dff90332a2756e0b6ee3608526d68113a6a1cf2725801f4398f7866ad6a,map_model_eligibility.csv,"{""map_id"": ""269494"", ""match_id"": ""681314""}",reason,administrative_scoreline_without_observed_play,administrative_scoreline_without_observed_play,True
Forfeit explicitly confirmed by rendered match header,https://www.vlr.gg/681314/leosun-esports-vs-no-salary-peek-challengers-2026-south-asia-split-2-w3/?game=269494,screenshots/forfeit-header.png,c50db502da3e8c1e697e651d26278280cc28c7ed81976f09bf8ca64c777324e7,map_context.csv,"{""map_id"": ""269494"", ""match_id"": ""681314""}",veto_note,LSE has forfeited the match.,LSE has forfeited the match.,True
Negative ECON values confirmed in rendered performance table and flagged,https://www.vlr.gg/681318/x-ind-vs-sign-esports-challengers-2026-south-asia-split-2-w3/?game=269508&tab=performance,screenshots/negative-econ-stats.png,0a2f55e64df90a11f07a916745b2ee4a6a2bd014722750a4a60e1ac0b9bf7ce2,player_map_performance.csv,"{""map_id"": ""269508"", ""match_id"": ""681318"", ""vlr_player_id"": ""20828""}",econ_rating,-101,-101,True
Negative ECON values confirmed in rendered performance table and flagged,https://www.vlr.gg/681318/x-ind-vs-sign-esports-challengers-2026-south-asia-split-2-w3/?game=269508&tab=performance,screenshots/negative-econ-stats.png,0a2f55e64df90a11f07a916745b2ee4a6a2bd014722750a4a60e1ac0b9bf7ce2,player_map_performance.csv,"{""map_id"": ""269508"", ""match_id"": ""681318"", ""vlr_player_id"": ""46104""}",econ_rating,-64,-64,True
Negative ECON values confirmed in rendered performance table and flagged,https://www.vlr.gg/681318/x-ind-vs-sign-esports-challengers-2026-south-asia-split-2-w3/?game=269508&tab=performance,screenshots/negative-econ-stats.png,0a2f55e64df90a11f07a916745b2ee4a6a2bd014722750a4a60e1ac0b9bf7ce2,player_map_performance.csv,"{""map_id"": ""269508"", ""match_id"": ""681318"", ""vlr_player_id"": ""51696""}",econ_rating,-32,-32,True
Negative ECON values confirmed in rendered performance table and flagged,https://www.vlr.gg/681318/x-ind-vs-sign-esports-challengers-2026-south-asia-split-2-w3/?game=269508&tab=performance,screenshots/negative-econ-stats.png,0a2f55e64df90a11f07a916745b2ee4a6a2bd014722750a4a60e1ac0b9bf7ce2,performance_value_review.csv,"{""field"": ""econ_rating"", ""map_id"": ""269508"", ""match_id"": ""681318"", ""vlr_player_id"": ""20828""}",use_for_performance_model,False,False,True
Negative ECON values confirmed in rendered performance table and flagged,https://www.vlr.gg/681318/x-ind-vs-sign-esports-challengers-2026-south-asia-split-2-w3/?game=269508&tab=performance,screenshots/negative-econ-stats.png,0a2f55e64df90a11f07a916745b2ee4a6a2bd014722750a4a60e1ac0b9bf7ce2,performance_value_review.csv,"{""field"": ""econ_rating"", ""map_id"": ""269508"", ""match_id"": ""681318"", ""vlr_player_id"": ""20828""}",review_state,negative_source_econ_requires_definition_review,negative_source_econ_requires_definition_review,True
