match_id,map_id,team_round_rows,economy_model_eligible,reasons
295605,153722,46,True,
295605,153723,42,True,
295606,153725,48,True,
295606,153726,42,True,
295606,153727,46,True,
296735,155129,68,True,
296735,155130,38,True,
296745,155159,48,True,
296745,155160,48,True,
296745,155161,42,True,
295610,153737,48,True,
295610,153738,44,True,
295611,153740,44,True,
295611,153741,32,True,
295611,153742,48,True,
296730,155114,46,True,
296730,155115,40,True,
296731,155117,42,True,
296731,155118,32,True,
296736,155132,42,True,
296736,155133,42,True,
295615,153752,44,True,
295615,153753,44,True,
295615,153754,48,True,
296747,155165,46,True,
296747,155166,46,True,
296747,155167,40,True,
296738,155138,44,True,
296738,155139,46,True,
296738,155140,48,True,
296737,155135,48,True,
296737,155136,34,True,
296737,155137,40,True,
295608,153731,44,True,
295608,153732,48,True,
295613,153746,36,True,
295613,153747,38,True,
295613,153748,42,True,
296733,155123,40,True,
296733,155124,48,True,
296732,155120,46,True,
296732,155121,42,True,
297401,156072,48,True,
297401,156073,46,True,
297402,156075,48,True,
297402,156076,46,True,
297402,156077,34,True,
296749,155171,40,True,
296749,155172,46,True,
296749,155173,48,True,
296734,155126,42,True,
296734,155127,40,True,
296739,155141,42,True,
296739,155142,32,True,
297406,156087,42,True,
297406,156088,38,True,
297406,156089,38,True,
297407,156090,46,True,
297407,156091,48,True,
297412,156102,46,True,
297412,156103,40,True,
297254,155762,36,True,
297254,155763,44,True,
297254,155764,56,True,
298687,157884,0,False,economy_round_coverage_incomplete|missing_or_ambiguous_team_round
298687,157885,0,False,economy_round_coverage_incomplete|missing_or_ambiguous_team_round
297253,155759,28,True,
297253,155760,42,True,
298688,157888,0,False,economy_round_coverage_incomplete|missing_or_ambiguous_team_round
298688,161387,0,False,economy_round_coverage_incomplete|missing_or_ambiguous_team_round
297255,155765,38,True,
297255,155766,34,True,
297403,156078,34,True,
297403,156079,34,True,
297404,156081,38,True,
297404,156082,42,True,
297404,156083,40,True,
298692,157899,0,False,economy_round_coverage_incomplete|missing_or_ambiguous_team_round
298692,157900,0,False,economy_round_coverage_incomplete|missing_or_ambiguous_team_round
298693,157902,0,False,economy_round_coverage_incomplete|missing_or_ambiguous_team_round
298693,157903,0,False,economy_round_coverage_incomplete|missing_or_ambiguous_team_round
298697,157914,0,False,economy_round_coverage_incomplete|missing_or_ambiguous_team_round
298697,157915,0,False,economy_round_coverage_incomplete|missing_or_ambiguous_team_round
297408,156093,40,True,
297408,156094,40,True,
297409,156096,36,True,
297409,156097,46,True,
297414,156108,52,True,
297414,156109,36,True,
295607,153728,40,True,
295607,153729,52,True,
295612,153743,48,True,
295612,153744,46,True,
295612,153745,40,True,
297256,155768,60,True,
297256,155769,38,True,
298690,157893,0,False,economy_round_coverage_incomplete|missing_or_ambiguous_team_round
298690,157894,0,False,economy_round_coverage_incomplete|missing_or_ambiguous_team_round
297257,155771,52,True,
297257,155772,42,True,
298695,157908,0,False,economy_round_coverage_incomplete|missing_or_ambiguous_team_round
298695,157909,0,False,economy_round_coverage_incomplete|missing_or_ambiguous_team_round
295617,153758,56,True,
295617,153759,48,True,
298689,157890,0,False,economy_round_coverage_incomplete|missing_or_ambiguous_team_round
298689,157891,0,False,economy_round_coverage_incomplete|missing_or_ambiguous_team_round
298689,157892,0,False,economy_round_coverage_incomplete|missing_or_ambiguous_team_round
297258,155774,36,True,
297258,155775,34,True,
297258,155776,48,True,
297258,155777,34,True,
298694,157905,0,False,economy_round_coverage_incomplete|missing_or_ambiguous_team_round
298694,157906,0,False,economy_round_coverage_incomplete|missing_or_ambiguous_team_round
298694,157907,0,False,economy_round_coverage_incomplete|missing_or_ambiguous_team_round
297416,156114,34,True,
297416,156115,56,True,
297416,156116,32,True,
298698,157917,0,False,economy_round_coverage_incomplete|missing_or_ambiguous_team_round
298698,157918,0,False,economy_round_coverage_incomplete|missing_or_ambiguous_team_round
298698,157919,0,False,economy_round_coverage_incomplete|missing_or_ambiguous_team_round
297405,156084,76,True,
297405,156085,34,True,
297405,156086,40,True,
297410,156099,48,True,
297410,156100,52,True,
297410,156101,46,True,
295609,153734,52,True,
295609,153735,44,True,
295614,153749,32,True,
295614,153750,38,True,
295614,153751,44,True,
295619,153764,42,True,
295619,153765,42,True,
298691,157896,0,False,economy_round_coverage_incomplete|missing_or_ambiguous_team_round
298691,157897,0,False,economy_round_coverage_incomplete|missing_or_ambiguous_team_round
298696,157911,0,False,economy_round_coverage_incomplete|missing_or_ambiguous_team_round
298696,157912,0,False,economy_round_coverage_incomplete|missing_or_ambiguous_team_round
298696,157913,0,False,economy_round_coverage_incomplete|missing_or_ambiguous_team_round
298699,157920,0,False,economy_round_coverage_incomplete|missing_or_ambiguous_team_round
298699,157921,0,False,economy_round_coverage_incomplete|missing_or_ambiguous_team_round
307567,161394,42,True,
307567,161395,56,True,
307565,161391,44,True,
307565,161392,38,True,
307564,161388,34,True,
307564,161389,40,True,
307572,161397,40,True,
307572,161398,38,True,
307573,161400,44,True,
307573,161401,56,True,
307573,161402,46,True,
307574,161403,42,True,
307574,161404,44,True,
307574,161405,44,True,
298830,157946,0,False,economy_round_coverage_incomplete|missing_or_ambiguous_team_round
298830,157947,0,False,economy_round_coverage_incomplete|missing_or_ambiguous_team_round
298830,157948,0,False,economy_round_coverage_incomplete|missing_or_ambiguous_team_round
298831,157949,0,False,economy_round_coverage_incomplete|missing_or_ambiguous_team_round
298831,157950,0,False,economy_round_coverage_incomplete|missing_or_ambiguous_team_round
298832,157952,0,False,economy_round_coverage_incomplete|missing_or_ambiguous_team_round
298832,157953,0,False,economy_round_coverage_incomplete|missing_or_ambiguous_team_round
298832,157954,0,False,economy_round_coverage_incomplete|missing_or_ambiguous_team_round
303093,160735,60,True,
303093,160736,34,True,
303094,160738,46,False,missing_loadout_value
303094,160739,42,True,
298833,157955,0,False,economy_round_coverage_incomplete|missing_or_ambiguous_team_round
298833,157956,0,False,economy_round_coverage_incomplete|missing_or_ambiguous_team_round
298834,157958,0,False,economy_round_coverage_incomplete|missing_or_ambiguous_team_round
298834,157959,0,False,economy_round_coverage_incomplete|missing_or_ambiguous_team_round
303095,160741,44,True,
303095,160742,40,True,
303095,160743,40,True,
303095,160744,36,True,
298835,157961,0,False,economy_round_coverage_incomplete|missing_or_ambiguous_team_round
298835,157962,0,False,economy_round_coverage_incomplete|missing_or_ambiguous_team_round
298835,157963,0,False,economy_round_coverage_incomplete|missing_or_ambiguous_team_round
298835,157964,0,False,economy_round_coverage_incomplete|missing_or_ambiguous_team_round
303087,160718,40,True,
303087,160719,40,True,
303087,160720,36,True,
303088,160721,60,True,
303088,160722,42,True,
303088,160723,32,True,
303086,160715,44,True,
303086,160716,32,True,
303086,160717,48,True,
303086,160724,42,True,
303086,160725,34,True,
312765,162326,42,True,
312765,162327,46,True,
312766,162329,48,True,
312766,162330,42,True,
312766,162331,36,True,
312767,162332,42,True,
312767,162333,44,True,
312767,162334,44,True,
312768,162335,44,True,
312768,162336,36,True,
312768,162337,48,True,
312798,162361,42,True,
312798,162362,48,True,
312797,162358,42,True,
312797,162359,36,True,
312797,162360,38,True,
312800,162367,36,True,
312800,162368,48,True,
312799,162364,46,True,
312799,162365,46,True,
312799,162366,40,True,
312803,162373,30,True,
312803,162374,32,True,
312802,162370,46,True,
312802,162371,38,True,
312802,162372,52,True,
312777,162341,42,True,
312777,162342,44,True,
312776,162338,34,True,
312776,162339,52,True,
312776,162340,52,True,
312778,162344,36,True,
312778,162345,40,True,
312778,162346,32,True,
312780,162352,48,True,
312780,163448,42,True,
312781,162353,52,True,
312781,162354,38,True,
312781,162355,36,True,
312781,162356,32,True,
321373,164449,0,False,economy_round_coverage_incomplete|missing_or_ambiguous_team_round
312779,162347,42,True,
312779,162348,52,True,
312779,162349,42,True,
312779,162350,46,True,
312779,162351,38,True,
318911,164091,34,True,
318911,164092,44,True,
318913,164094,44,True,
318913,164095,40,True,
318914,164097,44,True,
318914,164098,34,True,
318915,164100,34,True,
318915,164101,64,True,
319765,164237,0,False,economy_round_coverage_incomplete|missing_or_ambiguous_team_round
319765,164238,0,False,economy_round_coverage_incomplete|missing_or_ambiguous_team_round
319765,164239,0,False,economy_round_coverage_incomplete|missing_or_ambiguous_team_round
319766,164240,0,False,economy_round_coverage_incomplete|missing_or_ambiguous_team_round
319766,164241,0,False,economy_round_coverage_incomplete|missing_or_ambiguous_team_round
319766,164242,0,False,economy_round_coverage_incomplete|missing_or_ambiguous_team_round
318916,164103,36,True,
318916,164104,42,True,
318917,164106,40,True,
318917,164107,48,True,
314301,163149,28,True,
314301,163150,46,True,
314301,163151,42,True,
319767,164243,0,False,economy_round_coverage_incomplete|missing_or_ambiguous_team_round
319767,164244,0,False,economy_round_coverage_incomplete|missing_or_ambiguous_team_round
319767,164245,0,False,economy_round_coverage_incomplete|missing_or_ambiguous_team_round
314302,163152,42,True,
314302,163153,42,True,
319768,164246,0,False,economy_round_coverage_incomplete|missing_or_ambiguous_team_round
319768,164247,0,False,economy_round_coverage_incomplete|missing_or_ambiguous_team_round
319768,164248,0,False,economy_round_coverage_incomplete|missing_or_ambiguous_team_round
314622,163351,40,True,
314622,163352,40,True,
314622,163353,68,True,
314623,163354,46,True,
314623,163355,30,True,
314303,163155,44,True,
314303,163156,40,True,
314303,163157,38,True,
319769,164249,0,False,economy_round_coverage_incomplete|missing_or_ambiguous_team_round
319769,164250,0,False,economy_round_coverage_incomplete|missing_or_ambiguous_team_round
314304,163158,46,True,
314304,163159,52,True,
319770,164252,0,False,economy_round_coverage_incomplete|missing_or_ambiguous_team_round
319770,164253,0,False,economy_round_coverage_incomplete|missing_or_ambiguous_team_round
314624,163357,42,True,
314624,163358,32,True,
314625,163360,46,True,
314625,163361,38,True,
314305,163161,46,True,
314305,163162,38,True,
314305,163163,52,True,
314306,163164,42,True,
314306,163165,38,True,
314626,163363,40,True,
314626,163364,48,True,
314626,163365,40,True,
314307,163167,44,True,
314307,163168,42,True,
314308,163170,46,True,
314308,163171,36,True,
314308,163172,48,True,
318918,164109,48,True,
318918,164110,42,True,
318918,164111,40,True,
318919,164112,44,True,
318919,164113,48,True,
318919,164114,44,True,
318920,164115,46,True,
318920,164116,48,True,
318920,164117,36,True,
318921,164118,34,True,
318921,164119,32,True,
319771,164255,0,False,economy_round_coverage_incomplete|missing_or_ambiguous_team_round
319771,164256,0,False,economy_round_coverage_incomplete|missing_or_ambiguous_team_round
319771,164257,0,False,economy_round_coverage_incomplete|missing_or_ambiguous_team_round
319772,164258,0,False,economy_round_coverage_incomplete|missing_or_ambiguous_team_round
319772,164259,0,False,economy_round_coverage_incomplete|missing_or_ambiguous_team_round
319772,164260,0,False,economy_round_coverage_incomplete|missing_or_ambiguous_team_round
318922,164121,36,True,
318922,164122,36,True,
318922,164123,40,True,
318923,164124,38,True,
318923,164125,38,True,
314309,163173,48,True,
314309,163174,48,True,
314309,163175,38,True,
319773,164261,0,False,economy_round_coverage_incomplete|missing_or_ambiguous_team_round
319773,164262,0,False,economy_round_coverage_incomplete|missing_or_ambiguous_team_round
314310,163176,44,True,
314310,163177,36,True,
314310,163178,38,True,
319774,164264,0,False,economy_round_coverage_incomplete|missing_or_ambiguous_team_round
319774,164265,0,False,economy_round_coverage_incomplete|missing_or_ambiguous_team_round
319774,164266,0,False,economy_round_coverage_incomplete|missing_or_ambiguous_team_round
314628,163366,44,True,
314628,163367,42,True,
314629,163369,72,True,
314629,163370,48,True,
314311,163179,42,True,
314311,163180,38,True,
314311,163181,40,True,
319775,164267,0,False,economy_round_coverage_incomplete|missing_or_ambiguous_team_round
319775,164268,0,False,economy_round_coverage_incomplete|missing_or_ambiguous_team_round
319775,164269,0,False,economy_round_coverage_incomplete|missing_or_ambiguous_team_round
314312,163182,30,True,
314312,163183,36,True,
319776,164270,0,False,economy_round_coverage_incomplete|missing_or_ambiguous_team_round
319776,164271,0,False,economy_round_coverage_incomplete|missing_or_ambiguous_team_round
314630,163372,38,True,
314630,163373,42,True,
314631,163375,30,True,
314631,163376,42,True,
314313,163185,42,True,
314313,163186,40,True,
314314,163188,34,True,
314314,163189,52,True,
314314,163190,38,True,
314632,163378,44,True,
314632,163379,42,True,
314632,163380,34,True,
314315,163191,38,True,
314315,163192,42,True,
314316,163194,44,True,
314316,163195,44,True,
314316,163196,42,True,
318924,164127,38,True,
318924,164128,34,True,
318925,164130,40,True,
318925,164131,40,True,
318925,164132,38,True,
318926,164133,40,True,
318926,164134,46,True,
318927,164136,40,True,
318927,164137,44,True,
318927,164138,44,True,
319777,164273,0,False,economy_round_coverage_incomplete|missing_or_ambiguous_team_round
319777,164274,0,False,economy_round_coverage_incomplete|missing_or_ambiguous_team_round
319778,164276,0,False,economy_round_coverage_incomplete|missing_or_ambiguous_team_round
319778,164277,0,False,economy_round_coverage_incomplete|missing_or_ambiguous_team_round
318928,164139,60,True,
318928,164140,40,True,
318928,164141,48,True,
318929,164142,48,True,
318929,164143,34,True,
314317,163197,46,True,
314317,163198,44,True,
314317,163199,40,True,
319779,164279,0,False,economy_round_coverage_incomplete|missing_or_ambiguous_team_round
319779,164280,0,False,economy_round_coverage_incomplete|missing_or_ambiguous_team_round
314318,163200,44,True,
314318,163201,40,True,
314318,163202,34,True,
319780,164282,0,False,economy_round_coverage_incomplete|missing_or_ambiguous_team_round
319780,164283,0,False,economy_round_coverage_incomplete|missing_or_ambiguous_team_round
319780,164284,0,False,economy_round_coverage_incomplete|missing_or_ambiguous_team_round
314634,163381,32,True,
314634,163382,40,True,
314635,163384,48,True,
314635,163385,34,True,
314635,163386,44,True,
314319,163203,46,True,
314319,163204,34,True,
319781,164285,0,False,economy_round_coverage_incomplete|missing_or_ambiguous_team_round
319781,164286,0,False,economy_round_coverage_incomplete|missing_or_ambiguous_team_round
319781,164287,0,False,economy_round_coverage_incomplete|missing_or_ambiguous_team_round
314320,163206,44,True,
314320,163207,42,True,
319782,164288,0,False,economy_round_coverage_incomplete|missing_or_ambiguous_team_round
319782,164289,0,False,economy_round_coverage_incomplete|missing_or_ambiguous_team_round
314636,163387,36,True,
314636,163388,44,True,
314637,163390,34,True,
314637,163391,34,True,
314321,163209,48,True,
314321,163210,46,True,
314322,163212,42,True,
314322,163213,52,True,
314638,163393,32,True,
314638,163394,32,True,
314639,163396,40,True,
314639,163397,38,True,
314323,163215,34,True,
314323,163216,44,True,
314323,163217,30,True,
314324,163218,34,True,
314324,163219,40,True,
314640,163399,46,True,
314640,163400,48,True,
314640,163401,46,True,
314641,163402,44,True,
314641,163403,32,True,
318930,164145,30,True,
318930,164146,40,True,
318931,164148,36,True,
318931,164149,36,True,
314642,163405,38,True,
314642,163406,42,True,
314642,163407,44,True,
314643,163408,42,True,
314643,163409,42,True,
318932,164151,40,True,
318932,164152,56,True,
318933,164154,42,True,
318933,164155,42,True,
318933,164156,44,True,
319783,164291,0,False,economy_round_coverage_incomplete|missing_or_ambiguous_team_round
319783,164292,0,False,economy_round_coverage_incomplete|missing_or_ambiguous_team_round
319783,164293,0,False,economy_round_coverage_incomplete|missing_or_ambiguous_team_round
319784,164294,0,False,economy_round_coverage_incomplete|missing_or_ambiguous_team_round
319784,164295,0,False,economy_round_coverage_incomplete|missing_or_ambiguous_team_round
318934,164157,60,True,
318934,164158,40,True,
318934,164159,38,True,
318935,164160,40,True,
318935,164161,40,True,
318935,164162,56,True,
314325,163221,36,True,
314325,163222,38,True,
319785,164297,0,False,economy_round_coverage_incomplete|missing_or_ambiguous_team_round
319785,164298,0,False,economy_round_coverage_incomplete|missing_or_ambiguous_team_round
319785,164299,0,False,economy_round_coverage_incomplete|missing_or_ambiguous_team_round
314326,163224,46,True,
314326,163225,36,True,
314326,163226,48,True,
319786,164300,0,False,economy_round_coverage_incomplete|missing_or_ambiguous_team_round
319786,164301,0,False,economy_round_coverage_incomplete|missing_or_ambiguous_team_round
319786,164302,0,False,economy_round_coverage_incomplete|missing_or_ambiguous_team_round
314644,163411,44,True,
314644,163412,32,True,
314645,163414,40,True,
314645,163415,42,True,
314327,163227,48,True,
314327,163228,44,True,
314327,163229,46,True,
319787,164303,0,False,economy_round_coverage_incomplete|missing_or_ambiguous_team_round
319787,164304,0,False,economy_round_coverage_incomplete|missing_or_ambiguous_team_round
319787,164305,0,False,economy_round_coverage_incomplete|missing_or_ambiguous_team_round
314328,163230,48,True,
314328,163231,48,True,
314328,163232,46,True,
319788,164306,0,False,economy_round_coverage_incomplete|missing_or_ambiguous_team_round
319788,164307,0,False,economy_round_coverage_incomplete|missing_or_ambiguous_team_round
314646,163417,30,True,
314646,163418,32,True,
314646,163419,42,True,
314647,163420,38,True,
314647,163421,60,True,
314647,163422,48,True,
314329,163233,44,True,
314329,163234,34,True,
314330,163236,32,True,
314330,163237,48,True,
314330,163238,46,True,
314648,163423,40,True,
314648,163424,48,True,
314648,163425,42,True,
318936,164163,38,True,
318936,164164,48,True,
318937,164166,52,True,
318937,164167,36,True,
318937,164168,44,True,
319789,164309,0,False,economy_round_coverage_incomplete|missing_or_ambiguous_team_round
319789,164310,0,False,economy_round_coverage_incomplete|missing_or_ambiguous_team_round
318938,164169,36,True,
318938,164170,40,True,
318938,164171,34,True,
318939,164172,38,True,
318939,164173,42,True,
318939,164174,32,True,
329907,167267,40,True,
329907,167268,48,True,
329908,167270,26,True,
329908,167272,44,True,
329908,169325,40,True,
319790,164312,0,False,economy_round_coverage_incomplete|missing_or_ambiguous_team_round
319790,164313,0,False,economy_round_coverage_incomplete|missing_or_ambiguous_team_round
318940,164175,34,True,
318940,164176,30,True,
318941,164178,44,True,
318941,164179,38,True,
314650,163426,36,True,
314650,163427,44,True,
329909,167273,44,True,
329909,167274,42,True,
329909,167275,40,True,
319791,164315,0,False,economy_round_coverage_incomplete|missing_or_ambiguous_team_round
319791,164316,0,False,economy_round_coverage_incomplete|missing_or_ambiguous_team_round
329910,167276,38,True,
329910,167277,46,True,
329910,167278,38,True,
319792,164318,0,False,economy_round_coverage_incomplete|missing_or_ambiguous_team_round
319792,164319,0,False,economy_round_coverage_incomplete|missing_or_ambiguous_team_round
314651,163429,42,True,
314651,163430,40,True,
314652,163432,34,True,
314652,163433,52,True,
314652,163434,46,True,
329912,167282,32,True,
329912,167283,36,True,
319793,164321,0,False,economy_round_coverage_incomplete|missing_or_ambiguous_team_round
319793,164322,0,False,economy_round_coverage_incomplete|missing_or_ambiguous_team_round
329911,167279,42,True,
329911,167280,48,True,
329911,167281,42,True,
319794,164324,0,False,economy_round_coverage_incomplete|missing_or_ambiguous_team_round
319794,164325,0,False,economy_round_coverage_incomplete|missing_or_ambiguous_team_round
314653,163435,52,True,
314653,163436,44,True,
314654,163438,48,True,
314654,163439,34,True,
342356,169568,0,False,economy_round_coverage_incomplete|missing_or_ambiguous_team_round
342356,169569,0,False,economy_round_coverage_incomplete|missing_or_ambiguous_team_round
342357,169571,0,False,economy_round_coverage_incomplete|missing_or_ambiguous_team_round
342357,169572,0,False,economy_round_coverage_incomplete|missing_or_ambiguous_team_round
341816,169368,48,True,
341816,169376,52,True,
341816,169377,36,True,
341817,169369,48,True,
341817,169378,44,True,
337407,168972,38,True,
337407,168973,56,True,
337408,168975,38,True,
337408,168976,34,True,
342358,169574,0,False,economy_round_coverage_incomplete|missing_or_ambiguous_team_round
342358,169575,0,False,economy_round_coverage_incomplete|missing_or_ambiguous_team_round
342359,169577,0,False,economy_round_coverage_incomplete|missing_or_ambiguous_team_round
342359,169578,0,False,economy_round_coverage_incomplete|missing_or_ambiguous_team_round
341818,169370,48,True,
341818,169380,44,True,
341819,169371,46,True,
341819,169382,56,True,
337409,168978,36,True,
337409,168979,42,True,
337410,168981,32,True,
337410,168982,52,True,
337410,168983,46,True,
342360,169580,0,False,economy_round_coverage_incomplete|missing_or_ambiguous_team_round
342360,169581,0,False,economy_round_coverage_incomplete|missing_or_ambiguous_team_round
342361,169583,0,False,economy_round_coverage_incomplete|missing_or_ambiguous_team_round
342361,169584,0,False,economy_round_coverage_incomplete|missing_or_ambiguous_team_round
342361,169585,0,False,economy_round_coverage_incomplete|missing_or_ambiguous_team_round
341820,169372,56,True,
341820,169384,34,True,
341822,169374,32,True,
341822,169390,46,True,
337411,168984,36,True,
337411,168985,42,True,
337411,168986,48,True,
337413,168992,38,True,
337413,168993,48,True,
337413,168994,42,True,
329913,167285,30,True,
329913,167286,48,True,
329913,167287,44,True,
342362,169586,0,False,economy_round_coverage_incomplete|missing_or_ambiguous_team_round
342362,169587,0,False,economy_round_coverage_incomplete|missing_or_ambiguous_team_round
342362,169588,0,False,economy_round_coverage_incomplete|missing_or_ambiguous_team_round
342362,169592,0,False,economy_round_coverage_incomplete|missing_or_ambiguous_team_round
341823,169375,48,True,
341823,169392,38,True,
341823,169393,48,True,
341823,169394,52,True,
337414,168995,52,True,
337414,168996,40,True,
337414,168997,52,True,
337414,168998,46,True,
337414,168999,48,True,
329914,167290,44,True,
329914,167291,44,True,
329914,167292,48,True,
329914,167293,44,True,
329914,167294,42,True,
342363,169589,0,False,economy_round_coverage_incomplete|missing_or_ambiguous_team_round
342363,169590,0,False,economy_round_coverage_incomplete|missing_or_ambiguous_team_round
342363,169591,0,False,economy_round_coverage_incomplete|missing_or_ambiguous_team_round
342363,169594,0,False,economy_round_coverage_incomplete|missing_or_ambiguous_team_round
341821,169373,40,True,
341821,169386,56,True,
341821,169387,42,True,
341821,169388,36,True,
341821,169389,42,True,
337412,168987,44,True,
337412,168988,40,True,
337412,168989,42,True,
348063,170636,0,False,economy_round_coverage_incomplete|missing_or_ambiguous_team_round
348063,170637,0,False,economy_round_coverage_incomplete|missing_or_ambiguous_team_round
348063,170638,0,False,economy_round_coverage_incomplete|missing_or_ambiguous_team_round
348061,170633,0,False,economy_round_coverage_incomplete|missing_or_ambiguous_team_round
348061,170634,0,False,economy_round_coverage_incomplete|missing_or_ambiguous_team_round
348061,170635,0,False,economy_round_coverage_incomplete|missing_or_ambiguous_team_round
348064,170639,0,False,economy_round_coverage_incomplete|missing_or_ambiguous_team_round
348064,170640,0,False,economy_round_coverage_incomplete|missing_or_ambiguous_team_round
348064,170641,0,False,economy_round_coverage_incomplete|missing_or_ambiguous_team_round
348059,170630,0,False,economy_round_coverage_incomplete|missing_or_ambiguous_team_round
348059,170631,0,False,economy_round_coverage_incomplete|missing_or_ambiguous_team_round
348458,170768,0,False,economy_round_coverage_incomplete|missing_or_ambiguous_team_round
348458,170769,0,False,economy_round_coverage_incomplete|missing_or_ambiguous_team_round
348458,170770,0,False,economy_round_coverage_incomplete|missing_or_ambiguous_team_round
348457,170765,0,False,economy_round_coverage_incomplete|missing_or_ambiguous_team_round
348457,170766,0,False,economy_round_coverage_incomplete|missing_or_ambiguous_team_round
348457,170767,0,False,economy_round_coverage_incomplete|missing_or_ambiguous_team_round
348459,170771,0,False,economy_round_coverage_incomplete|missing_or_ambiguous_team_round
348459,170772,0,False,economy_round_coverage_incomplete|missing_or_ambiguous_team_round
348460,170774,0,False,economy_round_coverage_incomplete|missing_or_ambiguous_team_round
348460,170775,0,False,economy_round_coverage_incomplete|missing_or_ambiguous_team_round
348462,170780,0,False,economy_round_coverage_incomplete|missing_or_ambiguous_team_round
348462,170781,0,False,economy_round_coverage_incomplete|missing_or_ambiguous_team_round
348462,170782,0,False,economy_round_coverage_incomplete|missing_or_ambiguous_team_round
348461,170777,0,False,economy_round_coverage_incomplete|missing_or_ambiguous_team_round
348461,170778,0,False,economy_round_coverage_incomplete|missing_or_ambiguous_team_round
348461,170779,0,False,economy_round_coverage_incomplete|missing_or_ambiguous_team_round
348465,170789,0,False,economy_round_coverage_incomplete|missing_or_ambiguous_team_round
348465,170790,0,False,economy_round_coverage_incomplete|missing_or_ambiguous_team_round
348466,170792,0,False,economy_round_coverage_incomplete|missing_or_ambiguous_team_round
348466,170793,0,False,economy_round_coverage_incomplete|missing_or_ambiguous_team_round
348466,170794,0,False,economy_round_coverage_incomplete|missing_or_ambiguous_team_round
348463,170783,0,False,economy_round_coverage_incomplete|missing_or_ambiguous_team_round
348463,170784,0,False,economy_round_coverage_incomplete|missing_or_ambiguous_team_round
348463,170785,0,False,economy_round_coverage_incomplete|missing_or_ambiguous_team_round
348464,170786,0,False,economy_round_coverage_incomplete|missing_or_ambiguous_team_round
348464,170787,0,False,economy_round_coverage_incomplete|missing_or_ambiguous_team_round
348468,170798,0,False,economy_round_coverage_incomplete|missing_or_ambiguous_team_round
348468,170799,0,False,economy_round_coverage_incomplete|missing_or_ambiguous_team_round
348468,170800,0,False,economy_round_coverage_incomplete|missing_or_ambiguous_team_round
348467,170795,0,False,economy_round_coverage_incomplete|missing_or_ambiguous_team_round
348467,170796,0,False,economy_round_coverage_incomplete|missing_or_ambiguous_team_round
348470,170804,0,False,economy_round_coverage_incomplete|missing_or_ambiguous_team_round
348470,170805,0,False,economy_round_coverage_incomplete|missing_or_ambiguous_team_round
348469,170801,0,False,economy_round_coverage_incomplete|missing_or_ambiguous_team_round
348469,170802,0,False,economy_round_coverage_incomplete|missing_or_ambiguous_team_round
348469,170803,0,False,economy_round_coverage_incomplete|missing_or_ambiguous_team_round
348471,170807,0,False,economy_round_coverage_incomplete|missing_or_ambiguous_team_round
348471,170808,0,False,economy_round_coverage_incomplete|missing_or_ambiguous_team_round
348471,170809,0,False,economy_round_coverage_incomplete|missing_or_ambiguous_team_round
348472,170810,0,False,economy_round_coverage_incomplete|missing_or_ambiguous_team_round
348472,170811,0,False,economy_round_coverage_incomplete|missing_or_ambiguous_team_round
348473,170813,0,False,economy_round_coverage_incomplete|missing_or_ambiguous_team_round
348473,170814,0,False,economy_round_coverage_incomplete|missing_or_ambiguous_team_round
348474,170816,0,False,economy_round_coverage_incomplete|missing_or_ambiguous_team_round
348474,170817,0,False,economy_round_coverage_incomplete|missing_or_ambiguous_team_round
348475,170819,0,False,economy_round_coverage_incomplete|missing_or_ambiguous_team_round
348475,170820,0,False,economy_round_coverage_incomplete|missing_or_ambiguous_team_round
348475,170821,0,False,economy_round_coverage_incomplete|missing_or_ambiguous_team_round
359463,174782,0,False,economy_round_coverage_incomplete|missing_or_ambiguous_team_round
348476,170824,0,False,economy_round_coverage_incomplete|missing_or_ambiguous_team_round
348476,170825,0,False,economy_round_coverage_incomplete|missing_or_ambiguous_team_round
348476,170826,0,False,economy_round_coverage_incomplete|missing_or_ambiguous_team_round
348476,170827,0,False,economy_round_coverage_incomplete|missing_or_ambiguous_team_round
348476,170828,0,False,economy_round_coverage_incomplete|missing_or_ambiguous_team_round
314340,163239,26,True,
314340,163240,48,True,
314340,163241,34,True,
314341,163242,46,True,
314341,163243,42,True,
314341,163244,42,True,
359603,174900,0,False,economy_round_coverage_incomplete|missing_or_ambiguous_team_round
359603,174901,0,False,economy_round_coverage_incomplete|missing_or_ambiguous_team_round
314342,163245,56,True,
314342,163246,36,True,
314342,163247,44,True,
359604,174903,0,False,economy_round_coverage_incomplete|missing_or_ambiguous_team_round
359604,174904,0,False,economy_round_coverage_incomplete|missing_or_ambiguous_team_round
359605,174906,0,False,economy_round_coverage_incomplete|missing_or_ambiguous_team_round
359605,174907,0,False,economy_round_coverage_incomplete|missing_or_ambiguous_team_round
314343,163248,34,True,
314343,163249,40,True,
314344,163251,56,True,
314344,163252,44,True,
314345,163254,42,True,
314345,163255,46,True,
353153,173346,40,True,
353153,173347,40,True,
353153,173348,38,True,
353154,173349,44,True,
353154,173350,48,True,
353154,173351,48,True,
353155,173352,32,True,
353155,173353,36,True,
353157,173358,28,True,
353157,173359,48,True,
353157,173360,48,True,
353156,173355,46,True,
353156,173356,64,True,
359606,174909,0,False,economy_round_coverage_incomplete|missing_or_ambiguous_team_round
359606,174910,0,False,economy_round_coverage_incomplete|missing_or_ambiguous_team_round
359606,174911,0,False,economy_round_coverage_incomplete|missing_or_ambiguous_team_round
359607,174912,0,False,economy_round_coverage_incomplete|missing_or_ambiguous_team_round
359607,174913,0,False,economy_round_coverage_incomplete|missing_or_ambiguous_team_round
359607,174914,0,False,economy_round_coverage_incomplete|missing_or_ambiguous_team_round
353159,173364,38,True,
353159,173365,36,True,
353158,173361,48,True,
353158,173362,36,True,
314346,163257,56,True,
314346,163258,46,True,
314346,163259,46,True,
359608,174915,0,False,economy_round_coverage_incomplete|missing_or_ambiguous_team_round
359608,174916,0,False,economy_round_coverage_incomplete|missing_or_ambiguous_team_round
359609,174918,0,False,economy_round_coverage_incomplete|missing_or_ambiguous_team_round
359609,174919,0,False,economy_round_coverage_incomplete|missing_or_ambiguous_team_round
359609,174920,0,False,economy_round_coverage_incomplete|missing_or_ambiguous_team_round
314347,163260,34,True,
314347,163261,42,True,
314347,163262,36,True,
353177,173415,44,True,
353177,173416,40,True,
353178,173418,42,True,
353178,173419,52,True,
314348,163263,38,True,
314348,163264,38,True,
359610,174921,0,False,economy_round_coverage_incomplete|missing_or_ambiguous_team_round
359610,174922,0,False,economy_round_coverage_incomplete|missing_or_ambiguous_team_round
359610,174923,0,False,economy_round_coverage_incomplete|missing_or_ambiguous_team_round
314349,163266,40,True,
314349,163267,44,True,
314349,163268,46,True,
359611,174924,0,False,economy_round_coverage_incomplete|missing_or_ambiguous_team_round
359611,174925,0,False,economy_round_coverage_incomplete|missing_or_ambiguous_team_round
359611,174926,0,False,economy_round_coverage_incomplete|missing_or_ambiguous_team_round
353179,173421,52,True,
353179,173422,60,True,
353180,173424,40,True,
353180,173425,38,True,
353180,173426,48,True,
314350,163269,52,True,
314350,163270,52,True,
314351,163272,46,True,
314351,163273,38,True,
314351,163274,52,True,
353181,173427,48,True,
353181,173428,36,True,
353181,173429,42,True,
353202,173490,36,True,
353202,173491,52,True,
359612,174927,0,False,economy_round_coverage_incomplete|missing_or_ambiguous_team_round
359612,174928,0,False,economy_round_coverage_incomplete|missing_or_ambiguous_team_round
353161,173370,46,True,
353161,173371,38,True,
353160,173367,38,True,
353160,173368,38,True,
353160,173369,40,True,
359613,174930,0,False,economy_round_coverage_incomplete|missing_or_ambiguous_team_round
359613,174931,0,False,economy_round_coverage_incomplete|missing_or_ambiguous_team_round
353162,173373,38,True,
353162,173374,36,True,
353163,173376,44,True,
353163,173377,42,True,
359614,174933,0,False,economy_round_coverage_incomplete|missing_or_ambiguous_team_round
359614,174934,0,False,economy_round_coverage_incomplete|missing_or_ambiguous_team_round
359615,174936,0,False,economy_round_coverage_incomplete|missing_or_ambiguous_team_round
359615,174937,0,False,economy_round_coverage_incomplete|missing_or_ambiguous_team_round
359615,174938,0,False,economy_round_coverage_incomplete|missing_or_ambiguous_team_round
353164,173379,48,True,
353164,173380,48,True,
353165,173382,32,True,
353165,173383,42,True,
314352,163275,40,True,
314352,163276,46,True,
359616,174939,0,False,economy_round_coverage_incomplete|missing_or_ambiguous_team_round
359616,174940,0,False,economy_round_coverage_incomplete|missing_or_ambiguous_team_round
359616,174941,0,False,economy_round_coverage_incomplete|missing_or_ambiguous_team_round
314353,163278,42,True,
314353,163279,46,True,
359617,174942,0,False,economy_round_coverage_incomplete|missing_or_ambiguous_team_round
359617,174943,0,False,economy_round_coverage_incomplete|missing_or_ambiguous_team_round
359617,174944,0,False,economy_round_coverage_incomplete|missing_or_ambiguous_team_round
353182,173430,36,True,
353182,173431,34,True,
353183,173433,48,True,
353183,173434,46,True,
314354,163281,46,True,
314354,163282,42,True,
314354,163283,42,True,
359618,174945,0,False,economy_round_coverage_incomplete|missing_or_ambiguous_team_round
359618,174946,0,False,economy_round_coverage_incomplete|missing_or_ambiguous_team_round
314355,163284,38,True,
314355,163285,46,True,
314355,163286,48,True,
359619,174948,0,False,economy_round_coverage_incomplete|missing_or_ambiguous_team_round
359619,174949,0,False,economy_round_coverage_incomplete|missing_or_ambiguous_team_round
353184,173436,40,True,
353184,173437,48,True,
353184,173438,44,True,
353185,173439,46,True,
353185,173440,34,True,
314356,163287,34,True,
314356,163288,42,True,
314357,163290,48,True,
314357,163291,46,True,
314357,163292,36,True,
353186,173442,40,True,
353186,173443,42,True,
353187,173445,36,True,
353187,173446,42,True,
353188,173448,36,True,
353188,173449,46,True,
353189,173451,48,True,
353189,173452,46,True,
353189,173453,44,True,
359621,174951,0,False,economy_round_coverage_incomplete|missing_or_ambiguous_team_round
359621,174952,0,False,economy_round_coverage_incomplete|missing_or_ambiguous_team_round
353166,173385,44,True,
353166,173386,56,True,
353166,173387,44,True,
353167,173388,42,True,
353167,173389,34,True,
353190,173454,36,True,
353190,173455,38,True,
353191,173457,42,True,
353191,173458,42,True,
353191,173459,40,True,
359622,174954,0,False,economy_round_coverage_incomplete|missing_or_ambiguous_team_round
359622,174955,0,False,economy_round_coverage_incomplete|missing_or_ambiguous_team_round
353168,173391,46,True,
353168,173392,38,True,
353169,173394,48,True,
353169,173395,30,True,
314358,163293,40,True,
314358,163294,40,True,
314358,163295,46,True,
359623,174957,0,False,economy_round_coverage_incomplete|missing_or_ambiguous_team_round
359623,174958,0,False,economy_round_coverage_incomplete|missing_or_ambiguous_team_round
314359,163296,28,True,
314359,163297,38,True,
359624,174960,0,False,economy_round_coverage_incomplete|missing_or_ambiguous_team_round
359624,174961,0,False,economy_round_coverage_incomplete|missing_or_ambiguous_team_round
353170,173397,40,True,
353170,173398,38,True,
353170,173399,48,True,
353171,173400,40,True,
353171,173401,46,True,
353171,173402,36,True,
314360,163299,40,True,
314360,163300,38,True,
314360,178343,30,True,
359625,174963,0,False,economy_round_coverage_incomplete|missing_or_ambiguous_team_round
359625,174964,0,False,economy_round_coverage_incomplete|missing_or_ambiguous_team_round
359625,174965,0,False,economy_round_coverage_incomplete|missing_or_ambiguous_team_round
314361,163302,38,True,
314361,163303,42,True,
314361,163304,42,True,
359626,174966,0,False,economy_round_coverage_incomplete|missing_or_ambiguous_team_round
359626,174967,0,False,economy_round_coverage_incomplete|missing_or_ambiguous_team_round
353192,173460,34,True,
353192,173461,60,True,
353192,173462,36,True,
353193,173463,48,True,
353193,173464,38,True,
314362,163305,38,True,
314362,163306,40,True,
314362,163307,52,True,
359627,174969,0,False,economy_round_coverage_incomplete|missing_or_ambiguous_team_round
359627,174970,0,False,economy_round_coverage_incomplete|missing_or_ambiguous_team_round
314363,163308,44,True,
314363,163309,42,True,
314363,163310,34,True,
359628,174972,0,False,economy_round_coverage_incomplete|missing_or_ambiguous_team_round
359628,174973,0,False,economy_round_coverage_incomplete|missing_or_ambiguous_team_round
359628,174974,0,False,economy_round_coverage_incomplete|missing_or_ambiguous_team_round
353194,173466,46,True,
353194,173467,40,True,
353195,173469,32,True,
353195,173470,46,True,
353195,173471,52,True,
314364,163311,48,True,
314364,163312,44,True,
314364,163313,42,True,
353196,173472,46,True,
353196,173473,46,True,
353196,173474,40,True,
353172,173403,34,True,
353172,173404,38,True,
353173,173406,48,True,
353173,173407,44,True,
353173,173408,46,True,
353174,173409,30,True,
353174,173410,44,True,
353175,173412,40,True,
353175,173413,42,True,
353175,173414,48,True,
353203,173493,34,True,
353203,173494,44,True,
353203,173495,52,True,
365316,176169,42,True,
365316,176170,48,True,
365317,176172,48,True,
365317,176173,48,True,
353197,173475,40,True,
353197,173476,46,True,
365318,176175,46,True,
365318,176176,36,True,
365319,176178,42,True,
365319,176179,34,True,
353198,173478,44,True,
353198,173479,30,True,
353199,173481,38,True,
353199,173482,38,True,
365320,176181,44,True,
365320,176182,46,True,
365320,176183,38,True,
365322,176189,32,True,
365322,176190,32,True,
353200,173484,28,True,
353200,173485,42,True,
353200,173486,46,True,
353201,173487,38,True,
353201,173488,44,True,
371278,178847,42,True,
371278,178848,36,True,
371278,178849,40,True,
371279,178850,40,True,
371279,178851,56,True,
371279,178852,38,True,
370723,178694,0,False,economy_round_coverage_incomplete|missing_or_ambiguous_team_round
370723,178695,0,False,economy_round_coverage_incomplete|missing_or_ambiguous_team_round
370722,178691,0,False,economy_round_coverage_incomplete|missing_or_ambiguous_team_round
370722,178692,0,False,economy_round_coverage_incomplete|missing_or_ambiguous_team_round
371280,178853,52,True,
371280,178854,46,True,
371280,178855,52,True,
371281,178856,56,True,
371281,178857,36,True,
370725,178700,0,False,economy_round_coverage_incomplete|missing_or_ambiguous_team_round
370725,178701,0,False,economy_round_coverage_incomplete|missing_or_ambiguous_team_round
370724,178697,0,False,economy_round_coverage_incomplete|missing_or_ambiguous_team_round
370724,178698,0,False,economy_round_coverage_incomplete|missing_or_ambiguous_team_round
370724,178699,0,False,economy_round_coverage_incomplete|missing_or_ambiguous_team_round
371282,178859,48,True,
371282,178860,38,True,
371284,178867,46,True,
371284,178868,48,True,
371266,178819,48,True,
371266,178820,48,True,
371266,178821,38,True,
371267,178822,40,True,
371267,178823,46,True,
370726,178703,0,False,economy_round_coverage_incomplete|missing_or_ambiguous_team_round
370726,178704,0,False,economy_round_coverage_incomplete|missing_or_ambiguous_team_round
370728,178711,0,False,economy_round_coverage_incomplete|missing_or_ambiguous_team_round
370728,178712,0,False,economy_round_coverage_incomplete|missing_or_ambiguous_team_round
370728,178713,0,False,economy_round_coverage_incomplete|missing_or_ambiguous_team_round
371268,178825,30,True,
371268,178826,34,True,
371269,178828,36,True,
371269,178829,46,True,
370729,178714,0,False,economy_round_coverage_incomplete|missing_or_ambiguous_team_round
370729,178715,0,False,economy_round_coverage_incomplete|missing_or_ambiguous_team_round
370729,178716,0,False,economy_round_coverage_incomplete|missing_or_ambiguous_team_round
370729,178717,0,False,economy_round_coverage_incomplete|missing_or_ambiguous_team_round
370729,178718,0,False,economy_round_coverage_incomplete|missing_or_ambiguous_team_round
371285,178870,38,True,
371285,178871,34,True,
371285,178872,32,True,
371285,178873,44,True,
371270,178831,42,True,
371270,178832,38,True,
371272,178839,44,True,
371272,178840,48,True,
371272,178841,48,True,
365323,176192,40,True,
365323,176193,46,True,
365323,176194,46,True,
365323,176195,46,True,
365323,176196,40,True,
370727,178706,0,False,economy_round_coverage_incomplete|missing_or_ambiguous_team_round
370727,178707,0,False,economy_round_coverage_incomplete|missing_or_ambiguous_team_round
370727,178708,0,False,economy_round_coverage_incomplete|missing_or_ambiguous_team_round
370727,178709,0,False,economy_round_coverage_incomplete|missing_or_ambiguous_team_round
370727,178710,0,False,economy_round_coverage_incomplete|missing_or_ambiguous_team_round
371283,178862,42,True,
371283,178863,44,True,
371283,178864,44,True,
371283,178865,32,True,
371273,178842,32,True,
371273,178843,48,True,
371273,178844,40,True,
371273,178845,46,True,
371273,178846,46,True,
365321,176184,38,True,
365321,176185,68,True,
365321,176186,52,True,
365321,176187,38,True,
371271,178834,56,True,
371271,178835,60,True,
371271,178836,44,True,
371271,178837,34,True,
380568,180904,42,True,
380568,180905,44,True,
380568,180906,40,True,
380569,180907,40,True,
380569,180908,40,True,
380567,180901,46,True,
380567,180902,38,True,
380571,180913,56,True,
380571,180914,40,True,
380572,180916,44,True,
380572,180917,36,True,
380572,180918,60,True,
380570,180910,48,True,
380570,180911,46,True,
380570,180912,38,True,
380574,180922,46,True,
380574,180923,36,True,
380575,180925,46,True,
380575,180926,46,True,
380573,180919,44,True,
380573,180920,48,True,
380856,180938,56,True,
380856,180939,42,True,
380857,180941,42,True,
380857,180942,30,True,
380857,180943,42,True,
380858,180944,42,True,
380858,180945,42,True,
380858,180946,52,True,
380837,180929,30,True,
380837,180930,38,True,
380837,180931,48,True,
380838,180932,40,True,
380838,180933,38,True,
380838,180934,38,True,
380839,180935,44,True,
380839,180936,48,True,
380839,180937,38,True,
378662,180369,42,True,
378662,180370,40,True,
378663,180372,52,True,
378663,180373,44,True,
378663,180374,56,True,
378657,180357,30,True,
378657,180358,38,True,
378657,180359,38,True,
378656,180354,44,True,
378656,180355,34,True,
378667,180384,48,True,
378667,180385,42,True,
378669,180387,56,True,
378669,180388,40,True,
378669,180389,40,True,
378674,180402,42,True,
378674,180403,44,True,
378673,180399,44,True,
378673,180400,46,True,
378664,180375,48,True,
378664,180376,48,True,
378664,180377,46,True,
378658,180360,48,True,
378658,180361,38,True,
378670,180390,46,True,
378670,180391,44,True,
378670,180392,36,True,
378675,180405,42,True,
378675,180406,48,True,
378675,180407,48,True,
378665,180378,42,True,
378665,180379,36,True,
378659,180363,44,True,
378659,180364,34,True,
378671,180393,38,True,
378671,180394,42,True,
378676,180408,48,True,
378676,180409,38,True,
378666,180381,44,True,
378666,180382,38,True,
378660,180366,48,True,
378660,180367,44,True,
378660,180368,36,True,
378672,180396,52,True,
378672,180397,34,True,
378677,180411,32,True,
378677,180412,42,True,
378677,180413,34,True,
378822,180414,56,True,
378822,180415,42,True,
378823,180417,40,True,
378823,180418,46,True,
378824,180420,60,True,
378824,180421,36,True,
378825,180423,32,True,
378825,180424,52,True,
378831,180440,32,True,
378831,180441,36,True,
378832,180443,32,True,
378832,180444,48,True,
378826,180426,44,True,
378826,180427,44,True,
378826,180428,38,True,
378827,180429,56,True,
378827,180430,46,True,
378834,180449,48,True,
378834,180450,44,True,
378834,180451,38,True,
378833,180446,36,True,
378833,180447,36,True,
378833,180448,46,True,
378828,180432,60,True,
378828,180433,34,True,
378828,182971,48,True,
378835,180452,42,True,
378835,180453,44,True,
378835,180454,40,True,
378836,180455,40,True,
378836,180456,56,True,
378836,180457,44,True,
378836,180458,32,True,
378829,180435,38,True,
378829,180436,34,True,
378829,180437,44,True,
378829,180438,48,True,
378829,180439,44,True,
398782,183361,48,True,
398782,183362,36,True,
398782,183363,40,True,
398783,183364,68,True,
398783,183365,48,True,
398783,183366,76,True,
398784,183367,48,True,
398784,183368,32,True,
398784,183369,44,True,
398785,183370,28,True,
398785,183371,38,True,
398786,183373,52,True,
398786,183374,44,True,
398786,183375,52,True,
398787,183376,48,True,
398787,183377,30,True,
398789,183382,30,True,
398789,183383,44,True,
398788,183379,46,True,
398788,183380,46,True,
398788,183381,46,True,
398790,183385,42,True,
398790,183386,60,True,
398790,183387,44,True,
398791,183388,48,True,
398791,183389,52,True,
398791,183390,52,True,
398793,183394,46,True,
398793,183395,40,True,
398793,183396,46,True,
398792,183391,40,True,
398792,183392,44,True,
398794,183397,42,True,
398794,183398,46,True,
398794,183399,52,True,
398795,183400,46,True,
398795,183401,32,True,
398796,183403,38,True,
398796,183404,38,True,
398797,183406,46,True,
398797,183407,38,True,
398797,183408,34,True,
398798,183409,28,True,
398798,183410,36,True,
398799,183412,38,True,
398799,183413,40,True,
398801,183418,46,True,
398801,183419,40,True,
398801,183420,46,True,
398800,183415,46,True,
398800,183416,36,True,
398800,183417,48,True,
399774,183632,44,True,
399774,183633,36,True,
399775,183635,48,True,
399775,183636,42,True,
399775,183637,36,True,
399776,183638,36,True,
399776,183639,44,True,
399778,183646,48,True,
399778,183647,40,True,
399751,183565,30,True,
399751,183566,40,True,
399752,183568,52,True,
399752,183569,36,True,
399752,183570,72,True,
399753,183571,52,True,
399753,183572,56,True,
398826,183421,0,False,economy_round_coverage_incomplete|missing_or_ambiguous_team_round
398826,183422,0,False,economy_round_coverage_incomplete|missing_or_ambiguous_team_round
398827,183424,0,False,economy_round_coverage_incomplete|missing_or_ambiguous_team_round
398827,183425,0,False,economy_round_coverage_incomplete|missing_or_ambiguous_team_round
398827,183426,0,False,economy_round_coverage_incomplete|missing_or_ambiguous_team_round
399754,183574,38,True,
399754,183575,38,True,
399754,183576,36,True,
399755,183577,56,True,
399755,183578,40,True,
398828,183427,0,False,economy_round_coverage_incomplete|missing_or_ambiguous_team_round
398828,183428,0,False,economy_round_coverage_incomplete|missing_or_ambiguous_team_round
398829,183430,0,False,economy_round_coverage_incomplete|missing_or_ambiguous_team_round
398829,183431,0,False,economy_round_coverage_incomplete|missing_or_ambiguous_team_round
399756,183580,48,True,
399756,183581,48,True,
399756,183582,44,True,
399757,183583,34,True,
399757,183584,46,True,
399757,183585,44,True,
400153,183663,0,False,economy_round_coverage_incomplete|missing_or_ambiguous_team_round
400153,183664,0,False,economy_round_coverage_incomplete|missing_or_ambiguous_team_round
400152,183660,0,False,economy_round_coverage_incomplete|missing_or_ambiguous_team_round
400152,183661,0,False,economy_round_coverage_incomplete|missing_or_ambiguous_team_round
399758,183586,46,True,
399758,183587,40,True,
399758,183588,46,True,
399759,183589,48,True,
399759,183590,48,True,
399759,183591,52,True,
400154,183666,0,False,economy_round_coverage_incomplete|missing_or_ambiguous_team_round
400154,183667,0,False,economy_round_coverage_incomplete|missing_or_ambiguous_team_round
400151,183657,0,False,economy_round_coverage_incomplete|missing_or_ambiguous_team_round
400151,183658,0,False,economy_round_coverage_incomplete|missing_or_ambiguous_team_round
400151,183659,0,False,economy_round_coverage_incomplete|missing_or_ambiguous_team_round
399779,183649,44,True,
399779,183650,44,True,
399779,183651,42,True,
399760,183592,44,True,
399760,183593,38,True,
399761,183595,48,True,
399761,183596,34,True,
399762,183598,52,True,
399762,183599,38,True,
399762,183600,44,True,
400155,183669,0,False,economy_round_coverage_incomplete|missing_or_ambiguous_team_round
400155,183670,0,False,economy_round_coverage_incomplete|missing_or_ambiguous_team_round
400155,183671,0,False,economy_round_coverage_incomplete|missing_or_ambiguous_team_round
400150,183654,0,False,economy_round_coverage_incomplete|missing_or_ambiguous_team_round
400150,183655,0,False,economy_round_coverage_incomplete|missing_or_ambiguous_team_round
400150,183656,0,False,economy_round_coverage_incomplete|missing_or_ambiguous_team_round
399777,183641,38,True,
399777,183642,42,True,
399777,183643,48,True,
399777,183644,48,True,
399777,183645,34,True,
399763,183601,48,True,
399763,183602,34,True,
399764,183604,40,True,
399764,183605,60,True,
399765,183607,56,True,
399765,183608,38,True,
399765,183609,56,True,
400161,183672,0,False,economy_round_coverage_incomplete|missing_or_ambiguous_team_round
400161,183673,0,False,economy_round_coverage_incomplete|missing_or_ambiguous_team_round
400162,183675,0,False,economy_round_coverage_incomplete|missing_or_ambiguous_team_round
400162,183676,0,False,economy_round_coverage_incomplete|missing_or_ambiguous_team_round
399767,183610,42,True,
399767,183611,40,True,
399768,183613,44,True,
399768,183614,52,True,
400163,183678,0,False,economy_round_coverage_incomplete|missing_or_ambiguous_team_round
400163,183679,0,False,economy_round_coverage_incomplete|missing_or_ambiguous_team_round
400163,183680,0,False,economy_round_coverage_incomplete|missing_or_ambiguous_team_round
400165,183686,0,False,economy_round_coverage_incomplete|missing_or_ambiguous_team_round
400165,183687,0,False,economy_round_coverage_incomplete|missing_or_ambiguous_team_round
400165,183688,0,False,economy_round_coverage_incomplete|missing_or_ambiguous_team_round
399769,183616,44,True,
399769,183617,52,True,
399769,183618,34,True,
399771,183624,44,True,
399771,183625,52,True,
399723,183507,46,True,
399723,183508,36,True,
399724,183510,38,True,
399724,183511,32,True,
399726,183516,32,True,
399726,183517,40,True,
400166,183689,0,False,economy_round_coverage_incomplete|missing_or_ambiguous_team_round
400166,183690,0,False,economy_round_coverage_incomplete|missing_or_ambiguous_team_round
400166,183691,0,False,economy_round_coverage_incomplete|missing_or_ambiguous_team_round
400166,183692,0,False,economy_round_coverage_incomplete|missing_or_ambiguous_team_round
400166,183693,0,False,economy_round_coverage_incomplete|missing_or_ambiguous_team_round
399772,183627,32,True,
399772,183628,34,True,
399772,183629,44,True,
399772,183630,36,True,
399772,183631,38,True,
399728,183522,32,True,
399728,183523,42,True,
399725,183513,52,True,
399725,183514,44,True,
399727,183519,40,True,
399727,183520,52,True,
400164,183681,0,False,economy_round_coverage_incomplete|missing_or_ambiguous_team_round
400164,183682,0,False,economy_round_coverage_incomplete|missing_or_ambiguous_team_round
400164,183683,0,False,economy_round_coverage_incomplete|missing_or_ambiguous_team_round
399770,183619,36,True,
399770,183620,40,True,
399770,183621,42,True,
399770,183622,40,True,
399770,183623,38,True,
399733,183539,46,True,
399733,183540,40,True,
399734,183542,32,True,
399734,183543,32,True,
399729,183525,32,True,
399729,183526,44,True,
399730,183528,42,True,
399730,183529,44,True,
399735,183545,64,True,
399735,183546,32,True,
399735,183547,48,False,missing_loadout_value
399736,183548,56,True,
399736,183549,36,True,
399736,183550,36,True,
399737,183551,28,True,
399737,183552,44,True,
399738,183554,52,True,
399738,183555,38,True,
399738,183556,52,True,
399731,183531,38,True,
399731,183532,26,True,
399739,183557,64,True,
399739,183558,32,True,
399740,183560,40,True,
399740,183561,44,True,
399740,183562,52,True,
399740,183563,44,True,
408090,186231,34,True,
399732,183534,38,True,
399732,183535,46,True,
399732,183536,52,True,
399732,183537,46,True,
399732,183538,64,True,
430838,196667,0,False,economy_round_coverage_incomplete|missing_or_ambiguous_team_round
430838,196668,0,False,economy_round_coverage_incomplete|missing_or_ambiguous_team_round
430837,196664,0,False,economy_round_coverage_incomplete|missing_or_ambiguous_team_round
430837,196665,0,False,economy_round_coverage_incomplete|missing_or_ambiguous_team_round
430839,196670,0,False,economy_round_coverage_incomplete|missing_or_ambiguous_team_round
430839,196671,0,False,economy_round_coverage_incomplete|missing_or_ambiguous_team_round
430839,196672,0,False,economy_round_coverage_incomplete|missing_or_ambiguous_team_round
430840,196673,0,False,economy_round_coverage_incomplete|missing_or_ambiguous_team_round
430840,196674,0,False,economy_round_coverage_incomplete|missing_or_ambiguous_team_round
429381,196073,44,True,
429381,196074,52,True,
429381,196075,36,True,
429380,196070,46,True,
429380,196071,30,True,
429380,196072,38,True,
430842,196679,0,False,economy_round_coverage_incomplete|missing_or_ambiguous_team_round
430842,196680,0,False,economy_round_coverage_incomplete|missing_or_ambiguous_team_round
430842,196681,0,False,economy_round_coverage_incomplete|missing_or_ambiguous_team_round
430841,196676,0,False,economy_round_coverage_incomplete|missing_or_ambiguous_team_round
430841,196677,0,False,economy_round_coverage_incomplete|missing_or_ambiguous_team_round
430841,196678,0,False,economy_round_coverage_incomplete|missing_or_ambiguous_team_round
429379,196067,46,True,
429379,196068,32,True,
429379,196069,46,True,
429382,196076,40,True,
429382,196077,52,True,
427991,195761,52,True,
427991,195762,46,True,
427992,195764,34,True,
427992,195765,44,True,
430843,196682,0,False,economy_round_coverage_incomplete|missing_or_ambiguous_team_round
430843,196683,0,False,economy_round_coverage_incomplete|missing_or_ambiguous_team_round
430844,196685,0,False,economy_round_coverage_incomplete|missing_or_ambiguous_team_round
430844,196686,0,False,economy_round_coverage_incomplete|missing_or_ambiguous_team_round
429385,196085,42,True,
429385,196086,42,True,
429385,196087,46,True,
429384,196082,36,True,
429384,196083,44,True,
429384,196084,64,True,
427994,195770,40,True,
427994,195771,36,True,
427993,195767,52,True,
427993,195768,46,True,
430514,196410,48,True,
430514,196411,42,True,
430514,196412,40,True,
430851,196708,0,False,economy_round_coverage_incomplete|missing_or_ambiguous_team_round
430851,196709,0,False,economy_round_coverage_incomplete|missing_or_ambiguous_team_round
430515,196413,44,True,
430515,196414,44,True,
430853,196711,0,False,economy_round_coverage_incomplete|missing_or_ambiguous_team_round
430853,196712,0,False,economy_round_coverage_incomplete|missing_or_ambiguous_team_round
430853,196713,0,False,economy_round_coverage_incomplete|missing_or_ambiguous_team_round
427995,195773,40,True,
427995,195774,46,True,
427996,195776,34,True,
427996,195777,44,True,
427996,195778,44,True,
430516,196416,32,True,
430516,196417,40,True,
430516,196418,38,True,
430850,196705,0,False,economy_round_coverage_incomplete|missing_or_ambiguous_team_round
430850,196706,0,False,economy_round_coverage_incomplete|missing_or_ambiguous_team_round
430517,196419,52,True,
430517,196420,32,True,
430517,196421,32,True,
430849,196702,0,False,economy_round_coverage_incomplete|missing_or_ambiguous_team_round
430849,196703,0,False,economy_round_coverage_incomplete|missing_or_ambiguous_team_round
430849,196704,0,False,economy_round_coverage_incomplete|missing_or_ambiguous_team_round
427998,195782,42,True,
427998,195783,38,True,
427997,195779,38,True,
427997,195780,42,True,
430521,196431,48,True,
430521,196432,38,True,
430521,196433,44,True,
430845,196688,0,False,economy_round_coverage_incomplete|missing_or_ambiguous_team_round
430845,196689,0,False,economy_round_coverage_incomplete|missing_or_ambiguous_team_round
430518,196422,38,True,
430518,196423,42,True,
430518,196424,48,True,
430846,196691,0,False,economy_round_coverage_incomplete|missing_or_ambiguous_team_round
430846,196692,0,False,economy_round_coverage_incomplete|missing_or_ambiguous_team_round
430854,196714,0,False,economy_round_coverage_incomplete|missing_or_ambiguous_team_round
430854,196715,0,False,economy_round_coverage_incomplete|missing_or_ambiguous_team_round
430855,196717,0,False,economy_round_coverage_incomplete|missing_or_ambiguous_team_round
430855,196718,0,False,economy_round_coverage_incomplete|missing_or_ambiguous_team_round
430855,196719,0,False,economy_round_coverage_incomplete|missing_or_ambiguous_team_round
430856,196720,0,False,economy_round_coverage_incomplete|missing_or_ambiguous_team_round
430856,196721,0,False,economy_round_coverage_incomplete|missing_or_ambiguous_team_round
430856,196722,0,False,economy_round_coverage_incomplete|missing_or_ambiguous_team_round
430857,196723,0,False,economy_round_coverage_incomplete|missing_or_ambiguous_team_round
430857,196724,0,False,economy_round_coverage_incomplete|missing_or_ambiguous_team_round
430857,196725,0,False,economy_round_coverage_incomplete|missing_or_ambiguous_team_round
429383,196079,40,True,
429383,196080,38,True,
429386,196088,34,True,
429386,196089,32,True,
429386,196090,42,True,
430847,196694,0,False,economy_round_coverage_incomplete|missing_or_ambiguous_team_round
430847,196695,0,False,economy_round_coverage_incomplete|missing_or_ambiguous_team_round
430847,196696,0,False,economy_round_coverage_incomplete|missing_or_ambiguous_team_round
430858,196726,0,False,economy_round_coverage_incomplete|missing_or_ambiguous_team_round
430858,196727,0,False,economy_round_coverage_incomplete|missing_or_ambiguous_team_round
429393,196111,52,True,
429393,196112,42,True,
429393,196113,46,True,
429392,196108,44,True,
429392,196109,42,True,
429392,196110,56,True,
428003,195799,40,True,
428003,195800,40,True,
428004,195802,40,True,
428004,195803,46,True,
428004,195804,40,True,
430860,196729,0,False,economy_round_coverage_incomplete|missing_or_ambiguous_team_round
430860,196730,0,False,economy_round_coverage_incomplete|missing_or_ambiguous_team_round
430860,196731,0,False,economy_round_coverage_incomplete|missing_or_ambiguous_team_round
429394,196114,44,True,
429394,196115,48,True,
429394,196116,38,True,
429391,196105,32,True,
429391,196106,40,True,
429391,196107,38,True,
428006,195808,32,True,
428006,195809,30,True,
428005,195805,52,True,
428005,195806,44,True,
428005,195807,44,True,
430519,196425,38,True,
430519,196426,44,True,
430519,196427,42,True,
430848,196697,0,False,economy_round_coverage_incomplete|missing_or_ambiguous_team_round
430848,196698,0,False,economy_round_coverage_incomplete|missing_or_ambiguous_team_round
430848,196699,0,False,economy_round_coverage_incomplete|missing_or_ambiguous_team_round
430848,196700,0,False,economy_round_coverage_incomplete|missing_or_ambiguous_team_round
430520,196428,38,True,
430520,196429,42,True,
430520,196430,52,True,
430526,196448,32,True,
430526,196449,40,True,
430526,196450,44,True,
430529,196457,36,True,
430529,196458,42,True,
430527,196451,44,True,
430527,196452,34,True,
430527,196453,34,True,
430528,196454,42,True,
430528,196455,52,True,
429388,196094,48,True,
429388,196095,40,True,
429387,196091,40,True,
429387,196092,34,True,
429395,196117,36,True,
429395,196118,38,True,
429396,196120,42,True,
429396,196121,38,True,
430522,196434,36,True,
430522,196435,34,True,
430522,196436,44,True,
430523,196437,44,True,
430523,196438,56,True,
429397,196123,46,True,
429397,196124,38,True,
429398,196126,48,True,
429398,196127,44,True,
429398,196128,46,True,
427999,195785,48,True,
427999,195786,48,True,
427999,195787,44,True,
428000,195788,36,True,
428000,195789,44,True,
430530,196460,52,True,
430530,196461,84,True,
430530,196462,42,True,
430531,196463,46,True,
430531,196464,28,True,
428007,195811,46,True,
428007,195812,32,True,
428008,195814,42,True,
428008,195815,46,True,
428008,195816,40,True,
430532,196466,44,True,
430532,196467,46,True,
430532,196468,36,True,
430533,196469,38,True,
430533,196470,38,True,
428009,195817,40,True,
428009,195818,44,True,
428009,195819,52,True,
428010,195820,36,True,
428010,195821,48,True,
428001,195791,40,True,
428001,195792,40,True,
428011,195823,42,True,
428011,195824,42,True,
428011,195825,48,True,
430524,196440,48,True,
430524,196441,56,True,
430524,196442,46,True,
430534,196472,40,True,
430534,196473,30,True,
429389,196097,46,True,
429389,196098,28,True,
429400,196129,40,True,
429400,196130,48,True,
429400,196131,34,True,
428012,195826,40,True,
428012,195827,36,True,
428012,195828,80,True,
428012,195829,40,True,
430535,196475,42,True,
430535,196476,42,True,
430535,196477,36,True,
430535,196478,64,True,
430535,196479,46,True,
429401,196132,34,True,
429401,196133,34,True,
429401,196134,40,True,
428002,195794,34,True,
428002,195795,42,True,
428002,195796,44,True,
428002,195797,36,True,
428002,195798,46,True,
430525,196443,32,True,
430525,196444,38,True,
430525,196445,44,True,
430525,196446,52,True,
430525,196447,48,True,
429390,196100,46,True,
429390,196101,40,True,
429390,196102,38,True,
429390,196103,40,True,
429390,196104,42,True,
448598,202495,68,True,
448598,202496,38,True,
448600,202501,32,True,
448600,202502,46,True,
448599,202498,46,True,
448599,202499,44,True,
448597,202492,42,True,
448597,202493,32,True,
449000,202765,42,True,
449000,202766,48,True,
449000,202767,48,True,
449001,202768,68,True,
449001,202769,42,True,
449001,202770,34,True,
449002,202771,32,True,
449002,202772,42,True,
449003,202774,40,True,
449003,202775,60,True,
449003,202776,28,True,
449004,202777,48,True,
449004,202778,34,True,
449005,202780,36,True,
449005,202781,40,True,
449008,202783,40,True,
449008,202784,38,True,
449008,202785,48,True,
449009,202786,56,True,
449009,202787,44,True,
449010,202789,42,True,
449010,202790,40,True,
449012,202797,52,True,
449012,202798,34,True,
449012,202799,36,True,
449013,202800,34,True,
449013,202801,46,True,
449013,202802,52,True,
449013,202803,36,True,
450589,203837,0,False,economy_round_coverage_incomplete|missing_or_ambiguous_team_round
449011,202792,36,True,
449011,202793,44,True,
449011,202794,48,True,
449011,202795,56,True,
449011,202796,60,True,
450047,203454,0,False,economy_round_coverage_incomplete|missing_or_ambiguous_team_round
450047,203455,0,False,economy_round_coverage_incomplete|missing_or_ambiguous_team_round
450047,203456,0,False,economy_round_coverage_incomplete|missing_or_ambiguous_team_round
450048,203457,0,False,economy_round_coverage_incomplete|missing_or_ambiguous_team_round
450048,203458,0,False,economy_round_coverage_incomplete|missing_or_ambiguous_team_round
450048,203459,0,False,economy_round_coverage_incomplete|missing_or_ambiguous_team_round
450049,203460,0,False,economy_round_coverage_incomplete|missing_or_ambiguous_team_round
450049,203461,0,False,economy_round_coverage_incomplete|missing_or_ambiguous_team_round
450050,203463,0,False,economy_round_coverage_incomplete|missing_or_ambiguous_team_round
450050,203464,0,False,economy_round_coverage_incomplete|missing_or_ambiguous_team_round
450051,203466,0,False,economy_round_coverage_incomplete|missing_or_ambiguous_team_round
450051,203467,0,False,economy_round_coverage_incomplete|missing_or_ambiguous_team_round
450052,203469,0,False,economy_round_coverage_incomplete|missing_or_ambiguous_team_round
450052,203470,0,False,economy_round_coverage_incomplete|missing_or_ambiguous_team_round
450053,203472,0,False,economy_round_coverage_incomplete|missing_or_ambiguous_team_round
450053,203473,0,False,economy_round_coverage_incomplete|missing_or_ambiguous_team_round
450054,203475,0,False,economy_round_coverage_incomplete|missing_or_ambiguous_team_round
450054,203476,0,False,economy_round_coverage_incomplete|missing_or_ambiguous_team_round
450054,203477,0,False,economy_round_coverage_incomplete|missing_or_ambiguous_team_round
459517,206933,38,True,
459517,206934,36,True,
459517,206935,44,True,
459518,206936,32,True,
459518,206937,30,True,
459518,206938,46,True,
458805,206150,40,True,
458805,206151,48,True,
450055,203478,0,False,economy_round_coverage_incomplete|missing_or_ambiguous_team_round
450055,203479,0,False,economy_round_coverage_incomplete|missing_or_ambiguous_team_round
458806,206153,40,True,
458806,206154,52,True,
458806,206155,36,True,
450056,203481,0,False,economy_round_coverage_incomplete|missing_or_ambiguous_team_round
450056,203482,0,False,economy_round_coverage_incomplete|missing_or_ambiguous_team_round
459519,206939,46,True,
459519,206940,40,True,
459520,206942,40,True,
459520,206943,42,True,
458807,206156,44,True,
458807,206157,46,True,
458807,206158,40,True,
450057,203484,0,False,economy_round_coverage_incomplete|missing_or_ambiguous_team_round
450057,203485,0,False,economy_round_coverage_incomplete|missing_or_ambiguous_team_round
450057,203486,0,False,economy_round_coverage_incomplete|missing_or_ambiguous_team_round
458808,206159,36,True,
458808,206160,30,True,
458808,206161,44,True,
450058,203487,0,False,economy_round_coverage_incomplete|missing_or_ambiguous_team_round
450058,203488,0,False,economy_round_coverage_incomplete|missing_or_ambiguous_team_round
450058,203489,0,False,economy_round_coverage_incomplete|missing_or_ambiguous_team_round
459521,206945,48,True,
459521,206946,42,True,
459522,206948,36,True,
459522,206949,44,True,
459522,206950,28,True,
458809,206162,42,True,
458809,206163,64,True,
458810,206165,36,True,
458810,206166,42,True,
458810,206167,46,False,missing_loadout_value
459826,207147,44,True,
459826,207148,30,True,
459827,207150,32,True,
459827,207151,48,True,
459827,207152,42,True,
450059,203490,0,False,economy_round_coverage_incomplete|missing_or_ambiguous_team_round
450059,203491,0,False,economy_round_coverage_incomplete|missing_or_ambiguous_team_round
459828,207153,36,True,
459828,207154,42,True,
459828,207155,38,True,
459829,207156,34,True,
459829,207157,52,True,
450060,203493,0,False,economy_round_coverage_incomplete|missing_or_ambiguous_team_round
450060,203494,0,False,economy_round_coverage_incomplete|missing_or_ambiguous_team_round
459830,207159,36,True,
459830,207160,48,True,
459831,207162,38,True,
459831,207163,52,True,
459831,207164,38,True,
459523,206951,46,True,
459523,206952,30,True,
459523,206953,34,True,
459524,206954,40,True,
459524,206955,42,True,
458811,206168,48,True,
458811,206169,46,True,
450061,203496,0,False,economy_round_coverage_incomplete|missing_or_ambiguous_team_round
450061,203497,0,False,economy_round_coverage_incomplete|missing_or_ambiguous_team_round
450061,203498,0,False,economy_round_coverage_incomplete|missing_or_ambiguous_team_round
458812,206171,46,True,
458812,206172,48,True,
450062,203499,0,False,economy_round_coverage_incomplete|missing_or_ambiguous_team_round
450062,203500,0,False,economy_round_coverage_incomplete|missing_or_ambiguous_team_round
450062,203501,0,False,economy_round_coverage_incomplete|missing_or_ambiguous_team_round
459525,206957,46,True,
459525,206958,40,True,
459526,206960,52,True,
459526,206961,48,True,
459526,206962,42,True,
458813,206174,46,True,
458813,206175,38,True,
458813,206176,34,True,
450063,203502,0,False,economy_round_coverage_incomplete|missing_or_ambiguous_team_round
450063,203503,0,False,economy_round_coverage_incomplete|missing_or_ambiguous_team_round
458814,206177,32,True,
458814,206178,42,True,
450064,203505,0,False,economy_round_coverage_incomplete|missing_or_ambiguous_team_round
450064,203506,0,False,economy_round_coverage_incomplete|missing_or_ambiguous_team_round
459527,206963,52,True,
459527,206964,48,True,
459528,206966,42,True,
459528,206967,32,True,
458815,206180,42,True,
458815,206181,36,True,
458816,206183,28,True,
458816,206184,48,True,
459832,207165,40,True,
459832,207166,34,True,
459832,207167,34,True,
459833,207168,46,True,
459833,207169,48,True,
459833,207170,38,True,
450065,203508,0,False,economy_round_coverage_incomplete|missing_or_ambiguous_team_round
450065,203509,0,False,economy_round_coverage_incomplete|missing_or_ambiguous_team_round
459834,207171,46,True,
459834,207172,68,True,
459834,207173,34,True,
459835,207174,32,True,
459835,207175,48,True,
459835,207176,42,True,
450066,203512,0,False,economy_round_coverage_incomplete|missing_or_ambiguous_team_round
450066,203513,0,False,economy_round_coverage_incomplete|missing_or_ambiguous_team_round
450066,210676,0,False,economy_round_coverage_incomplete|missing_or_ambiguous_team_round
459836,207177,68,True,
459836,207178,38,True,
459836,207179,46,True,
459837,207180,30,True,
459837,207181,52,True,
459529,206969,34,True,
459529,206970,38,True,
459530,206972,38,True,
459530,206973,48,True,
459530,206974,42,True,
458817,206186,30,True,
458817,206187,34,True,
450067,203514,0,False,economy_round_coverage_incomplete|missing_or_ambiguous_team_round
450067,203515,0,False,economy_round_coverage_incomplete|missing_or_ambiguous_team_round
458818,206189,38,True,
458818,210878,44,True,
450068,203517,0,False,economy_round_coverage_incomplete|missing_or_ambiguous_team_round
450068,203518,0,False,economy_round_coverage_incomplete|missing_or_ambiguous_team_round
450068,203519,0,False,economy_round_coverage_incomplete|missing_or_ambiguous_team_round
459531,206975,38,True,
459531,206976,38,True,
459531,206977,38,True,
459532,206978,28,True,
459532,206979,38,True,
458819,206193,42,True,
458819,206194,44,True,
458819,211027,46,True,
450069,203520,0,False,economy_round_coverage_incomplete|missing_or_ambiguous_team_round
450069,203521,0,False,economy_round_coverage_incomplete|missing_or_ambiguous_team_round
450069,203522,0,False,economy_round_coverage_incomplete|missing_or_ambiguous_team_round
458820,206195,36,True,
458820,206196,42,True,
458820,206197,38,True,
450070,203523,0,False,economy_round_coverage_incomplete|missing_or_ambiguous_team_round
450070,203524,0,False,economy_round_coverage_incomplete|missing_or_ambiguous_team_round
450070,203525,0,False,economy_round_coverage_incomplete|missing_or_ambiguous_team_round
459533,206981,34,True,
459533,206982,36,True,
459534,206984,44,True,
459534,206985,56,True,
459534,206986,48,True,
458821,211411,32,True,
458821,211440,46,True,
458822,206201,38,True,
458822,206202,44,True,
458822,206203,42,True,
459839,207183,38,True,
459839,207184,44,True,
459840,207186,44,True,
459840,207187,40,True,
459840,207188,26,True,
450071,203526,0,False,economy_round_coverage_incomplete|missing_or_ambiguous_team_round
450071,203528,0,False,economy_round_coverage_incomplete|missing_or_ambiguous_team_round
450071,211581,0,False,economy_round_coverage_incomplete|missing_or_ambiguous_team_round
459841,207189,28,True,
459841,207190,44,True,
459842,207192,46,True,
459842,207193,38,True,
450072,203529,0,False,economy_round_coverage_incomplete|missing_or_ambiguous_team_round
450072,203530,0,False,economy_round_coverage_incomplete|missing_or_ambiguous_team_round
450072,203531,0,False,economy_round_coverage_incomplete|missing_or_ambiguous_team_round
459843,207195,36,True,
459843,207196,60,True,
459844,207198,52,True,
459844,207199,30,True,
459535,206987,56,True,
459535,206988,38,True,
459536,206990,46,True,
459536,206991,48,True,
459536,206992,40,True,
458823,206204,46,True,
458823,206205,32,True,
450073,203532,0,False,economy_round_coverage_incomplete|missing_or_ambiguous_team_round
450073,203533,0,False,economy_round_coverage_incomplete|missing_or_ambiguous_team_round
450073,203534,0,False,economy_round_coverage_incomplete|missing_or_ambiguous_team_round
458824,206207,42,True,
458824,206208,52,True,
458824,206209,42,True,
450074,203535,0,False,economy_round_coverage_incomplete|missing_or_ambiguous_team_round
450074,203536,0,False,economy_round_coverage_incomplete|missing_or_ambiguous_team_round
450074,203537,0,False,economy_round_coverage_incomplete|missing_or_ambiguous_team_round
459537,206993,60,True,
459537,206994,28,True,
459538,206996,46,True,
459538,206997,48,True,
459538,211889,36,True,
458825,206210,46,True,
458825,206211,46,True,
458825,206212,36,True,
450075,203538,0,False,economy_round_coverage_incomplete|missing_or_ambiguous_team_round
450075,203539,0,False,economy_round_coverage_incomplete|missing_or_ambiguous_team_round
450076,203541,0,False,economy_round_coverage_incomplete|missing_or_ambiguous_team_round
450076,203542,0,False,economy_round_coverage_incomplete|missing_or_ambiguous_team_round
458826,206213,36,True,
458826,206214,40,True,
459539,206999,34,True,
459539,207000,40,True,
459540,207002,38,True,
459540,207003,36,True,
458827,206216,34,True,
458827,206217,46,True,
458828,206219,48,True,
458828,206220,40,True,
458828,206221,56,True,
459845,207201,36,True,
459845,207202,46,True,
459846,212700,36,True,
459846,212701,44,True,
473233,212222,0,False,economy_round_coverage_incomplete|missing_or_ambiguous_team_round
473233,212223,0,False,economy_round_coverage_incomplete|missing_or_ambiguous_team_round
473234,212225,0,False,economy_round_coverage_incomplete|missing_or_ambiguous_team_round
473234,212226,0,False,economy_round_coverage_incomplete|missing_or_ambiguous_team_round
459847,207207,52,True,
459847,207208,30,True,
459848,207210,46,True,
459848,207211,36,True,
459848,207212,46,True,
473235,212228,0,False,economy_round_coverage_incomplete|missing_or_ambiguous_team_round
473235,212229,0,False,economy_round_coverage_incomplete|missing_or_ambiguous_team_round
473235,212230,0,False,economy_round_coverage_incomplete|missing_or_ambiguous_team_round
473236,212231,0,False,economy_round_coverage_incomplete|missing_or_ambiguous_team_round
473236,212232,0,False,economy_round_coverage_incomplete|missing_or_ambiguous_team_round
459849,207214,36,True,
459849,207215,48,True,
459849,212913,52,True,
459850,207216,32,True,
459850,207217,42,True,
459541,207005,36,True,
459541,207006,34,True,
459541,207007,48,True,
459542,207008,32,True,
459542,207009,44,True,
459542,207010,42,True,
458830,206222,36,True,
458830,206223,44,True,
473237,212234,0,False,economy_round_coverage_incomplete|missing_or_ambiguous_team_round
473237,212235,0,False,economy_round_coverage_incomplete|missing_or_ambiguous_team_round
458831,206225,38,True,
458831,206226,40,True,
473238,212237,0,False,economy_round_coverage_incomplete|missing_or_ambiguous_team_round
473238,212238,0,False,economy_round_coverage_incomplete|missing_or_ambiguous_team_round
459543,207011,34,True,
459543,207012,36,True,
459544,207014,46,True,
459544,207015,44,True,
458832,206228,42,True,
458832,206229,46,True,
458832,206230,44,True,
473240,212243,0,False,economy_round_coverage_incomplete|missing_or_ambiguous_team_round
473240,212244,0,False,economy_round_coverage_incomplete|missing_or_ambiguous_team_round
473239,212240,0,False,economy_round_coverage_incomplete|missing_or_ambiguous_team_round
473239,212241,0,False,economy_round_coverage_incomplete|missing_or_ambiguous_team_round
473239,212242,0,False,economy_round_coverage_incomplete|missing_or_ambiguous_team_round
458833,206231,38,True,
458833,206232,48,True,
458833,206233,40,True,
459545,207017,48,True,
459545,207018,52,True,
459545,207019,48,True,
459546,207020,56,True,
459546,207021,42,True,
458834,206234,42,True,
458834,206235,38,True,
458835,206237,56,True,
458835,206238,36,True,
458835,206239,44,True,
459852,207219,96,True,
459852,207220,48,True,
459853,207222,40,True,
459853,207223,44,True,
459854,207225,48,True,
459854,207226,38,True,
459854,207227,44,True,
459855,207228,36,True,
459855,207229,48,True,
475897,213487,46,True,
475897,213488,34,True,
475898,213490,44,True,
475898,213491,44,True,
475903,213507,36,True,
475903,213508,48,True,
475904,213510,44,True,
475904,213511,56,True,
473833,212502,38,True,
473833,212503,38,True,
473833,212504,32,True,
473834,212505,56,True,
473834,212506,52,True,
475899,213493,42,True,
475899,213494,36,True,
475900,213496,36,True,
475900,213497,48,True,
475900,213498,48,True,
473837,212514,42,True,
473837,212515,38,True,
473838,212517,48,True,
473838,212518,34,True,
473838,212519,52,True,
475906,213516,52,True,
475906,213517,48,True,
475905,213513,34,True,
475905,213514,52,True,
475905,213515,60,True,
473241,212246,0,False,economy_round_coverage_incomplete|missing_or_ambiguous_team_round
473241,212247,0,False,economy_round_coverage_incomplete|missing_or_ambiguous_team_round
473242,212249,0,False,economy_round_coverage_incomplete|missing_or_ambiguous_team_round
473242,212250,0,False,economy_round_coverage_incomplete|missing_or_ambiguous_team_round
473242,212251,0,False,economy_round_coverage_incomplete|missing_or_ambiguous_team_round
459856,207232,44,True,
459856,207233,38,True,
459856,214836,0,False,economy_round_coverage_incomplete|missing_or_ambiguous_team_round|overview_round_history_ineligible
459857,207235,36,True,
459857,215378,46,True,
475901,213499,40,True,
475901,213500,48,True,
475907,213519,44,True,
475907,213520,40,True,
475907,213521,48,True,
473835,212508,44,True,
473835,212509,40,True,
473835,212510,44,True,
473243,212252,0,False,economy_round_coverage_incomplete|missing_or_ambiguous_team_round
473243,212253,0,False,economy_round_coverage_incomplete|missing_or_ambiguous_team_round
473243,212254,0,False,economy_round_coverage_incomplete|missing_or_ambiguous_team_round
473836,212511,32,True,
473836,212512,34,True,
473836,212513,30,True,
475908,213522,46,True,
475908,213523,56,True,
475908,213524,46,True,
475908,215607,42,True,
473839,212520,34,True,
473839,212521,52,True,
473244,212257,0,False,economy_round_coverage_incomplete|missing_or_ambiguous_team_round
473244,212258,0,False,economy_round_coverage_incomplete|missing_or_ambiguous_team_round
473244,212259,0,False,economy_round_coverage_incomplete|missing_or_ambiguous_team_round
473244,212260,0,False,economy_round_coverage_incomplete|missing_or_ambiguous_team_round
473840,212523,36,True,
473840,212524,42,True,
475902,213502,44,True,
475902,213503,44,True,
475902,213504,46,True,
475902,213505,46,True,
482503,215379,44,True,
482503,215380,46,True,
482504,215383,42,True,
482504,216517,38,True,
473841,212526,36,True,
473841,212527,42,True,
473842,212529,48,True,
473842,212530,42,True,
482505,215385,52,True,
482505,215386,48,True,
482505,216537,48,True,
482506,215389,38,True,
482506,216584,40,True,
473843,212532,30,True,
473843,212533,52,True,
473843,212534,52,True,
473843,212535,32,True,
473843,212536,38,True,
482507,215392,52,True,
482507,216644,46,True,
482508,215394,46,True,
482508,215395,48,True,
482508,215396,52,True,
473844,212537,42,True,
473844,212538,48,True,
473844,212539,44,True,
473844,212540,48,True,
482510,215402,46,True,
482510,216645,30,True,
482510,216646,0,False,economy_round_coverage_incomplete|missing_or_ambiguous_team_round
482509,215397,48,True,
482509,215398,34,True,
482509,215399,42,True,
482515,215416,38,True,
482515,217080,42,True,
482511,215403,48,True,
482511,215404,40,True,
482511,215405,42,True,
482512,215406,32,True,
482512,215407,46,True,
482512,215408,30,True,
482513,215411,34,True,
482513,215412,44,True,
482513,215413,52,True,
490309,217256,28,True,
490309,217257,44,True,
490307,217250,46,True,
490307,217251,60,True,
490307,217252,46,True,
490308,217253,48,True,
490308,217254,42,True,
490306,217247,36,True,
490306,217248,28,True,
490311,217262,44,True,
490311,217263,36,True,
490311,217264,44,True,
490310,217259,48,True,
490310,217260,32,True,
490312,217265,46,True,
490312,217266,44,True,
490313,217268,38,True,
490313,217269,40,True,
490315,217275,46,True,
490315,221383,36,True,
490314,217271,56,True,
490314,217272,36,True,
490314,217273,52,True,
498622,221150,46,True,
498622,221151,48,True,
498621,221147,38,True,
498621,221148,38,True,
498623,221153,48,True,
498623,221154,42,True,
498624,221156,48,True,
498624,221157,52,True,
498624,221158,38,True,
498629,221173,32,True,
498629,221174,42,True,
498630,221176,36,True,
498630,221177,38,True,
498630,221178,36,True,
498626,221162,48,True,
498626,221163,44,True,
498625,221159,32,True,
498625,221160,48,True,
498631,221179,40,True,
498631,221180,48,True,
498631,221181,48,True,
498632,221182,44,True,
498632,221183,40,True,
498632,221184,44,True,
498627,221165,52,True,
498627,221166,42,True,
498633,221185,46,True,
498633,221186,46,True,
498634,221188,44,True,
498634,221189,34,True,
498634,221190,46,True,
498634,221191,36,True,
507067,223246,0,False,economy_round_coverage_incomplete|missing_or_ambiguous_team_round
498628,221168,48,True,
498628,221169,64,True,
498628,221170,46,True,
498628,221171,52,True,
506930,223138,0,False,economy_round_coverage_incomplete|missing_or_ambiguous_team_round
506930,223139,0,False,economy_round_coverage_incomplete|missing_or_ambiguous_team_round
506931,223141,0,False,economy_round_coverage_incomplete|missing_or_ambiguous_team_round
506931,223142,0,False,economy_round_coverage_incomplete|missing_or_ambiguous_team_round
506932,223144,0,False,economy_round_coverage_incomplete|missing_or_ambiguous_team_round
506932,223145,0,False,economy_round_coverage_incomplete|missing_or_ambiguous_team_round
506932,223146,0,False,economy_round_coverage_incomplete|missing_or_ambiguous_team_round
506933,223147,0,False,economy_round_coverage_incomplete|missing_or_ambiguous_team_round
506933,223148,0,False,economy_round_coverage_incomplete|missing_or_ambiguous_team_round
506934,223150,0,False,economy_round_coverage_incomplete|missing_or_ambiguous_team_round
506934,223151,0,False,economy_round_coverage_incomplete|missing_or_ambiguous_team_round
506934,223152,0,False,economy_round_coverage_incomplete|missing_or_ambiguous_team_round
506935,223153,0,False,economy_round_coverage_incomplete|missing_or_ambiguous_team_round
506935,223154,0,False,economy_round_coverage_incomplete|missing_or_ambiguous_team_round
506935,223155,0,False,economy_round_coverage_incomplete|missing_or_ambiguous_team_round
508815,223654,42,True,
508815,223655,32,True,
508816,223657,42,True,
508816,223658,46,True,
508816,223659,32,True,
508817,223660,64,True,
508817,223661,52,True,
508818,223664,42,True,
508818,227727,38,True,
506936,223156,0,False,economy_round_coverage_incomplete|missing_or_ambiguous_team_round
506936,223157,0,False,economy_round_coverage_incomplete|missing_or_ambiguous_team_round
511543,226424,34,True,
511543,226425,38,True,
511543,226426,32,True,
511544,226427,46,True,
511544,226428,48,True,
508819,223667,40,True,
508819,227752,36,True,
508820,223669,28,True,
508820,223670,28,True,
508820,223671,40,True,
506937,223159,0,False,economy_round_coverage_incomplete|missing_or_ambiguous_team_round
506937,223160,0,False,economy_round_coverage_incomplete|missing_or_ambiguous_team_round
506937,223161,0,False,economy_round_coverage_incomplete|missing_or_ambiguous_team_round
511545,226430,40,True,
511545,226431,36,True,
511545,226432,60,True,
511546,226433,34,True,
511546,226434,46,True,
511546,226435,42,True,
508821,223672,36,True,
508821,227984,34,True,
508821,227985,48,True,
506938,223162,0,False,economy_round_coverage_incomplete|missing_or_ambiguous_team_round
506938,223163,0,False,economy_round_coverage_incomplete|missing_or_ambiguous_team_round
506939,223165,0,False,economy_round_coverage_incomplete|missing_or_ambiguous_team_round
506939,223166,0,False,economy_round_coverage_incomplete|missing_or_ambiguous_team_round
506939,223167,0,False,economy_round_coverage_incomplete|missing_or_ambiguous_team_round
508822,223673,44,True,
508822,223674,46,True,
511547,226436,36,True,
511547,226437,44,True,
511547,226438,48,True,
511548,226439,40,True,
511548,226440,46,True,
511548,226441,48,True,
509801,224713,36,True,
509801,224714,34,True,
509802,224716,46,True,
509802,224717,46,True,
509802,224718,48,True,
508823,223676,36,True,
508823,223677,44,True,
508823,223678,48,True,
506940,223168,0,False,economy_round_coverage_incomplete|missing_or_ambiguous_team_round
506940,223169,0,False,economy_round_coverage_incomplete|missing_or_ambiguous_team_round
506941,223171,0,False,economy_round_coverage_incomplete|missing_or_ambiguous_team_round
506941,223172,0,False,economy_round_coverage_incomplete|missing_or_ambiguous_team_round
506941,223173,0,False,economy_round_coverage_incomplete|missing_or_ambiguous_team_round
508824,223680,40,True,
508824,228042,40,True,
509803,224719,40,True,
509803,224720,48,True,
509803,224721,44,True,
509804,224722,44,True,
509804,224723,28,True,
509804,224724,44,True,
508825,223682,36,True,
508825,223683,38,True,
506942,223174,0,False,economy_round_coverage_incomplete|missing_or_ambiguous_team_round
506942,223175,0,False,economy_round_coverage_incomplete|missing_or_ambiguous_team_round
506942,223176,0,False,economy_round_coverage_incomplete|missing_or_ambiguous_team_round
508826,223686,38,True,
508826,223687,48,True,
508826,228313,38,True,
506943,223177,0,False,economy_round_coverage_incomplete|missing_or_ambiguous_team_round
506943,223178,0,False,economy_round_coverage_incomplete|missing_or_ambiguous_team_round
509805,224725,46,True,
509805,224726,34,True,
509806,224728,42,True,
509806,224729,38,True,
509806,224730,52,True,
506945,223180,0,False,economy_round_coverage_incomplete|missing_or_ambiguous_team_round
506945,223181,0,False,economy_round_coverage_incomplete|missing_or_ambiguous_team_round
511549,226442,40,True,
511549,226443,48,True,
511549,226444,48,True,
511550,226445,40,True,
511550,226446,48,True,
511550,226447,48,True,
506946,223183,0,False,economy_round_coverage_incomplete|missing_or_ambiguous_team_round
506946,223184,0,False,economy_round_coverage_incomplete|missing_or_ambiguous_team_round
506946,223185,0,False,economy_round_coverage_incomplete|missing_or_ambiguous_team_round
511551,226448,40,True,
511551,226449,34,True,
511552,226451,52,True,
511552,226452,52,True,
511552,226453,36,True,
508828,223688,32,True,
508828,223689,32,True,
508828,223690,40,True,
506947,223186,0,False,economy_round_coverage_incomplete|missing_or_ambiguous_team_round
506947,223187,0,False,economy_round_coverage_incomplete|missing_or_ambiguous_team_round
506947,223188,0,False,economy_round_coverage_incomplete|missing_or_ambiguous_team_round
508829,223692,44,True,
508829,223693,42,True,
508829,229069,44,True,
506948,223189,0,False,economy_round_coverage_incomplete|missing_or_ambiguous_team_round
506948,223190,0,False,economy_round_coverage_incomplete|missing_or_ambiguous_team_round
511553,226454,30,True,
511553,226455,36,True,
511554,226457,40,True,
511554,226458,48,True,
509807,224731,42,True,
509807,224732,36,True,
509808,224734,34,True,
509808,224735,26,True,
508830,223694,42,True,
508830,223695,38,True,
506949,223192,0,False,economy_round_coverage_incomplete|missing_or_ambiguous_team_round
506949,223193,0,False,economy_round_coverage_incomplete|missing_or_ambiguous_team_round
506949,223194,0,False,economy_round_coverage_incomplete|missing_or_ambiguous_team_round
508831,223697,48,True,
508831,223698,42,True,
508831,223699,32,True,
506950,223195,0,False,economy_round_coverage_incomplete|missing_or_ambiguous_team_round
506950,223196,0,False,economy_round_coverage_incomplete|missing_or_ambiguous_team_round
506950,223197,0,False,economy_round_coverage_incomplete|missing_or_ambiguous_team_round
509809,224737,34,True,
509809,224738,36,True,
509810,224740,34,True,
509810,224741,44,True,
508832,223701,34,True,
508832,229399,34,True,
506951,223198,0,False,economy_round_coverage_incomplete|missing_or_ambiguous_team_round
506951,223199,0,False,economy_round_coverage_incomplete|missing_or_ambiguous_team_round
506951,223200,0,False,economy_round_coverage_incomplete|missing_or_ambiguous_team_round
508833,223703,42,True,
508833,223704,46,True,
506952,223201,0,False,economy_round_coverage_incomplete|missing_or_ambiguous_team_round
506952,223202,0,False,economy_round_coverage_incomplete|missing_or_ambiguous_team_round
509811,224743,40,True,
509811,224744,46,True,
509812,224746,42,True,
509812,224747,32,True,
511562,226460,48,True,
511562,226461,38,True,
511562,226462,36,True,
511563,226463,32,True,
511563,226464,52,True,
506953,223204,0,False,economy_round_coverage_incomplete|missing_or_ambiguous_team_round
506953,223205,0,False,economy_round_coverage_incomplete|missing_or_ambiguous_team_round
506954,223207,0,False,economy_round_coverage_incomplete|missing_or_ambiguous_team_round
506954,223208,0,False,economy_round_coverage_incomplete|missing_or_ambiguous_team_round
506954,223209,0,False,economy_round_coverage_incomplete|missing_or_ambiguous_team_round
511564,226466,52,True,
511564,226467,48,True,
511564,226468,38,True,
511565,226469,44,True,
511565,226470,30,True,
511565,226471,34,True,
508834,223706,32,True,
508834,223707,42,True,
506955,223210,0,False,economy_round_coverage_incomplete|missing_or_ambiguous_team_round
506955,223211,0,False,economy_round_coverage_incomplete|missing_or_ambiguous_team_round
508835,223709,46,True,
508835,223710,38,True,
506956,223213,0,False,economy_round_coverage_incomplete|missing_or_ambiguous_team_round
506956,223214,0,False,economy_round_coverage_incomplete|missing_or_ambiguous_team_round
511566,226473,46,True,
511566,226474,48,True,
511566,230237,56,True,
511567,226475,48,True,
511567,226476,44,True,
509813,224749,52,True,
509813,224750,32,True,
509813,224751,30,True,
509814,224752,40,True,
509814,224753,52,True,
509814,224754,48,True,
508836,223712,46,True,
508836,223713,30,True,
506957,223216,0,False,economy_round_coverage_incomplete|missing_or_ambiguous_team_round
506957,223217,0,False,economy_round_coverage_incomplete|missing_or_ambiguous_team_round
506957,223218,0,False,economy_round_coverage_incomplete|missing_or_ambiguous_team_round
508837,223715,52,True,
508837,223716,40,True,
506958,223219,0,False,economy_round_coverage_incomplete|missing_or_ambiguous_team_round
506958,223220,0,False,economy_round_coverage_incomplete|missing_or_ambiguous_team_round
506958,223221,0,False,economy_round_coverage_incomplete|missing_or_ambiguous_team_round
509815,224755,36,True,
509815,224756,44,True,
509816,224758,46,True,
509816,224759,52,True,
508838,223718,40,True,
508838,223719,42,True,
506959,223222,0,False,economy_round_coverage_incomplete|missing_or_ambiguous_team_round
506959,223223,0,False,economy_round_coverage_incomplete|missing_or_ambiguous_team_round
506959,223224,0,False,economy_round_coverage_incomplete|missing_or_ambiguous_team_round
508839,223721,44,True,
508839,223722,40,True,
506960,223225,0,False,economy_round_coverage_incomplete|missing_or_ambiguous_team_round
506960,223226,0,False,economy_round_coverage_incomplete|missing_or_ambiguous_team_round
509817,224761,48,True,
509817,224762,34,True,
509817,224763,34,True,
509818,224764,40,True,
509818,224765,44,True,
509818,224766,34,True,
511568,226478,38,True,
511568,226479,40,True,
511569,226481,44,True,
511569,226482,34,True,
511569,226483,42,True,
511570,226484,42,True,
511570,226485,52,True,
511570,226486,34,True,
511571,226487,52,True,
511571,226488,42,True,
508840,223724,44,True,
508840,223725,52,True,
508841,223727,48,True,
508841,223728,60,True,
511572,226490,48,True,
511572,226491,40,True,
511572,226492,46,True,
511573,226493,52,True,
511573,226494,28,True,
509819,224767,28,True,
509819,224768,40,True,
509820,224770,56,True,
509820,224771,46,True,
508842,223730,46,True,
508842,223731,46,True,
527577,230555,0,False,economy_round_coverage_incomplete|missing_or_ambiguous_team_round
527577,230556,0,False,economy_round_coverage_incomplete|missing_or_ambiguous_team_round
508843,223733,56,True,
508843,223734,44,True,
508843,223735,42,True,
527576,230552,0,False,economy_round_coverage_incomplete|missing_or_ambiguous_team_round
527576,230553,0,False,economy_round_coverage_incomplete|missing_or_ambiguous_team_round
509821,224773,42,True,
509821,224774,34,True,
509822,224776,38,True,
509822,224777,46,True,
509822,224778,34,True,
508844,223736,56,True,
508844,223737,34,True,
508844,223738,32,True,
527584,230578,0,False,economy_round_coverage_incomplete|missing_or_ambiguous_team_round
527584,230579,0,False,economy_round_coverage_incomplete|missing_or_ambiguous_team_round
527584,230580,0,False,economy_round_coverage_incomplete|missing_or_ambiguous_team_round
508845,223739,38,True,
508845,223740,44,True,
527583,230575,0,False,economy_round_coverage_incomplete|missing_or_ambiguous_team_round
527583,230576,0,False,economy_round_coverage_incomplete|missing_or_ambiguous_team_round
527583,230577,0,False,economy_round_coverage_incomplete|missing_or_ambiguous_team_round
509823,224779,30,True,
509823,224780,36,True,
509824,224782,30,True,
509824,224783,40,True,
509824,224784,52,True,
530354,231305,36,True,
530354,231306,60,True,
530355,231308,44,True,
530355,231309,40,True,
530355,231310,42,True,
511575,226496,44,True,
511575,226497,60,True,
511575,226498,32,True,
511576,226499,36,True,
511576,226500,46,True,
530356,231311,48,True,
530356,231312,44,True,
530356,231313,40,True,
530357,231314,42,True,
530357,231315,38,True,
511577,226502,40,True,
511577,226503,32,True,
511579,226505,34,True,
511579,226506,44,True,
511579,226507,46,True,
530358,231317,38,True,
530358,231318,46,True,
530359,231320,46,True,
530359,231321,48,True,
530359,231322,38,True,
511580,226508,48,True,
511580,226509,44,True,
511581,226511,52,True,
511581,226512,56,True,
511581,226513,52,True,
509825,224785,38,True,
509825,224786,40,True,
509825,224787,36,True,
509826,224788,46,True,
509826,224789,46,True,
509826,224790,30,True,
530360,231324,44,True,
530360,231894,38,True,
530361,231326,40,True,
530361,231327,44,True,
509827,224791,38,True,
509827,224792,44,True,
509829,224794,44,True,
509829,224795,34,True,
509829,224796,34,True,
530362,231329,48,True,
530362,231330,40,True,
530363,231333,48,True,
530363,231334,56,True,
530363,232077,40,True,
509830,224797,42,True,
509830,224798,44,True,
509831,224800,48,True,
509831,224801,46,True,
527580,230564,0,False,economy_round_coverage_incomplete|missing_or_ambiguous_team_round
527580,230565,0,False,economy_round_coverage_incomplete|missing_or_ambiguous_team_round
527580,232292,0,False,economy_round_coverage_incomplete|missing_or_ambiguous_team_round
527579,230561,0,False,economy_round_coverage_incomplete|missing_or_ambiguous_team_round
527579,230562,0,False,economy_round_coverage_incomplete|missing_or_ambiguous_team_round
527579,230563,0,False,economy_round_coverage_incomplete|missing_or_ambiguous_team_round
527585,230581,0,False,economy_round_coverage_incomplete|missing_or_ambiguous_team_round
527585,230582,0,False,economy_round_coverage_incomplete|missing_or_ambiguous_team_round
527586,230584,0,False,economy_round_coverage_incomplete|missing_or_ambiguous_team_round
527586,230585,0,False,economy_round_coverage_incomplete|missing_or_ambiguous_team_round
527586,230586,0,False,economy_round_coverage_incomplete|missing_or_ambiguous_team_round
530924,231388,40,True,
530924,231389,40,True,
530924,231390,44,True,
530925,231391,36,True,
530925,231392,42,True,
530925,231393,38,True,
530902,231348,46,True,
530902,231349,46,True,
530902,231350,48,True,
530903,231351,34,True,
530903,231352,36,True,
536176,232421,0,False,economy_round_coverage_incomplete|missing_or_ambiguous_team_round
527581,230567,0,False,economy_round_coverage_incomplete|missing_or_ambiguous_team_round
527581,230568,0,False,economy_round_coverage_incomplete|missing_or_ambiguous_team_round
527581,230569,0,False,economy_round_coverage_incomplete|missing_or_ambiguous_team_round
527587,230587,0,False,economy_round_coverage_incomplete|missing_or_ambiguous_team_round
527587,230588,0,False,economy_round_coverage_incomplete|missing_or_ambiguous_team_round
530928,231400,38,True,
530928,231401,48,True,
530929,231403,34,True,
530929,231404,48,True,
530929,231405,52,True,
530906,231360,46,True,
530906,231361,44,True,
530906,231362,46,True,
530907,231363,46,True,
530907,231364,48,True,
530907,231365,40,True,
527588,230590,0,False,economy_round_coverage_incomplete|missing_or_ambiguous_team_round
527588,230591,0,False,economy_round_coverage_incomplete|missing_or_ambiguous_team_round
527588,230592,0,False,economy_round_coverage_incomplete|missing_or_ambiguous_team_round
527588,230593,0,False,economy_round_coverage_incomplete|missing_or_ambiguous_team_round
530926,231394,52,True,
530926,231395,52,True,
530926,232628,42,True,
530927,231397,40,True,
530927,231398,48,True,
530904,231354,52,True,
530904,231355,38,True,
530904,231356,42,True,
530905,231357,34,True,
530905,231358,52,True,
527582,230570,0,False,economy_round_coverage_incomplete|missing_or_ambiguous_team_round
527582,230571,0,False,economy_round_coverage_incomplete|missing_or_ambiguous_team_round
527582,230572,0,False,economy_round_coverage_incomplete|missing_or_ambiguous_team_round
527582,230573,0,False,economy_round_coverage_incomplete|missing_or_ambiguous_team_round
530930,231406,46,True,
530930,231407,46,True,
530931,231409,32,True,
530931,231410,40,True,
530908,231366,30,True,
530908,231367,30,True,
530909,231369,44,True,
530909,231370,52,True,
530932,231412,46,True,
530932,231413,46,True,
530932,231414,52,True,
530933,231415,38,True,
530933,231416,38,True,
530933,231417,34,True,
530910,231372,42,True,
530910,231373,44,True,
530911,231376,30,True,
530911,231377,46,True,
530911,233203,46,True,
530514,231345,42,True,
530364,231335,34,True,
530364,231336,40,True,
530364,231337,46,True,
530364,231338,38,True,
530364,231339,52,True,
530934,231418,30,True,
530934,231419,42,True,
530934,233349,38,True,
536985,232626,34,True,
530912,231378,34,True,
530912,231379,48,True,
530912,231380,46,True,
530912,231381,42,True,
530365,231341,40,True,
530365,231342,38,True,
530365,231343,40,True,
530365,233353,42,True,
538583,232785,40,True,
530935,231423,46,True,
530935,231424,44,True,
530935,231425,46,True,
530913,231383,48,True,
530913,231384,42,True,
530913,231385,46,True,
542195,233397,44,True,
542195,233398,36,True,
542196,233400,38,True,
542196,233401,34,True,
542196,233402,44,True,
542207,233430,64,True,
542207,233431,48,True,
542205,233427,42,True,
542205,233428,46,True,
542212,233445,56,True,
542212,233446,60,True,
542211,233442,46,True,
542211,233443,46,True,
542200,233412,30,True,
542200,233413,44,True,
542201,233415,46,True,
542201,233416,40,True,
542197,233403,48,True,
542197,233404,46,True,
542197,233405,38,True,
542208,233433,34,True,
542208,233434,48,True,
542208,233435,48,True,
542213,233448,46,True,
542213,233449,48,True,
542202,233418,36,True,
542202,233419,40,True,
542202,233420,46,True,
542209,233436,32,True,
542209,233437,38,True,
542209,233438,56,True,
542198,233406,46,True,
542198,233407,48,True,
542198,233408,42,True,
542203,233421,40,True,
542203,233422,42,True,
542203,233423,34,True,
542214,233451,40,True,
542214,233452,40,True,
542210,233439,42,True,
542210,233440,40,True,
542199,233409,52,True,
542199,233410,46,True,
542215,233454,44,True,
542215,233455,42,True,
542204,233424,36,True,
542204,233425,36,True,
542265,233460,48,True,
542265,233461,56,True,
542265,233462,48,True,
542264,233457,48,True,
542264,233458,42,True,
542264,233459,36,True,
542266,233463,52,True,
542266,233464,38,True,
542267,233466,28,True,
542267,233467,38,True,
542273,233483,40,True,
542273,233484,46,True,
542273,233485,40,True,
542274,233486,34,True,
542274,233487,32,True,
542274,233488,44,True,
542268,233469,46,True,
542268,233470,34,True,
542268,233471,44,True,
542269,233472,60,True,
542269,233473,34,True,
542269,233474,60,True,
542277,233492,48,True,
542277,233493,44,True,
542277,233494,34,True,
542276,233489,46,True,
542276,233490,56,True,
542276,233491,46,True,
542270,233475,52,True,
542270,233476,36,True,
542278,233495,56,True,
542278,233496,42,True,
542279,233498,42,True,
542279,233499,32,True,
542279,233500,48,True,
542279,233501,34,True,
542272,233478,32,True,
542272,233479,38,True,
542272,233480,56,True,
542272,233481,42,True,
542272,233482,36,True,
569509,237325,0,False,economy_round_coverage_incomplete|missing_or_ambiguous_team_round
569509,237326,0,False,economy_round_coverage_incomplete|missing_or_ambiguous_team_round
569509,237327,0,False,economy_round_coverage_incomplete|missing_or_ambiguous_team_round
569510,237328,0,False,economy_round_coverage_incomplete|missing_or_ambiguous_team_round
569510,237329,0,False,economy_round_coverage_incomplete|missing_or_ambiguous_team_round
569514,237340,0,False,economy_round_coverage_incomplete|missing_or_ambiguous_team_round
569514,237341,0,False,economy_round_coverage_incomplete|missing_or_ambiguous_team_round
569515,237343,0,False,economy_round_coverage_incomplete|missing_or_ambiguous_team_round
569515,237344,0,False,economy_round_coverage_incomplete|missing_or_ambiguous_team_round
569511,237331,0,False,economy_round_coverage_incomplete|missing_or_ambiguous_team_round
569511,237332,0,False,economy_round_coverage_incomplete|missing_or_ambiguous_team_round
569516,237346,0,False,economy_round_coverage_incomplete|missing_or_ambiguous_team_round
569516,237347,0,False,economy_round_coverage_incomplete|missing_or_ambiguous_team_round
551762,235355,40,True,
551762,235356,36,True,
551763,235358,32,True,
551763,235359,38,True,
551763,235360,40,True,
569512,237334,0,False,economy_round_coverage_incomplete|missing_or_ambiguous_team_round
569512,237335,0,False,economy_round_coverage_incomplete|missing_or_ambiguous_team_round
569512,237336,0,False,economy_round_coverage_incomplete|missing_or_ambiguous_team_round
569517,237349,0,False,economy_round_coverage_incomplete|missing_or_ambiguous_team_round
569517,237350,0,False,economy_round_coverage_incomplete|missing_or_ambiguous_team_round
556019,236199,40,True,
556019,236200,40,True,
556020,236202,68,True,
556020,236203,44,True,
556021,236205,38,True,
556021,236206,38,True,
556021,236207,46,True,
551764,235361,40,True,
551764,235362,38,True,
569513,237337,0,False,economy_round_coverage_incomplete|missing_or_ambiguous_team_round
569513,237338,0,False,economy_round_coverage_incomplete|missing_or_ambiguous_team_round
569513,237339,0,False,economy_round_coverage_incomplete|missing_or_ambiguous_team_round
551765,235364,48,True,
551765,235365,40,True,
551766,235367,46,True,
551766,235368,76,True,
569518,237352,0,False,economy_round_coverage_incomplete|missing_or_ambiguous_team_round
569518,237353,0,False,economy_round_coverage_incomplete|missing_or_ambiguous_team_round
569518,237354,0,False,economy_round_coverage_incomplete|missing_or_ambiguous_team_round
551767,235370,28,True,
551767,235371,44,True,
551768,235373,46,True,
551768,235374,42,True,
569523,237355,0,False,economy_round_coverage_incomplete|missing_or_ambiguous_team_round
569523,237356,0,False,economy_round_coverage_incomplete|missing_or_ambiguous_team_round
551769,235376,52,True,
551769,235377,48,True,
551769,235378,60,True,
569524,237358,0,False,economy_round_coverage_incomplete|missing_or_ambiguous_team_round
569524,237359,0,False,economy_round_coverage_incomplete|missing_or_ambiguous_team_round
551770,235379,42,True,
551770,235380,34,True,
551770,235381,48,True,
569525,237361,0,False,economy_round_coverage_incomplete|missing_or_ambiguous_team_round
569525,237362,0,False,economy_round_coverage_incomplete|missing_or_ambiguous_team_round
551771,235382,48,True,
551771,235383,48,True,
569527,237369,0,False,economy_round_coverage_incomplete|missing_or_ambiguous_team_round
569527,237370,0,False,economy_round_coverage_incomplete|missing_or_ambiguous_team_round
551772,235385,48,True,
551772,235386,46,True,
551772,235387,52,True,
556023,236208,30,True,
556023,236209,48,True,
556024,236211,42,True,
556024,236212,38,True,
556024,236213,48,True,
551773,235388,52,True,
551773,235389,44,True,
569528,237372,0,False,economy_round_coverage_incomplete|missing_or_ambiguous_team_round
569528,237373,0,False,economy_round_coverage_incomplete|missing_or_ambiguous_team_round
569528,237374,0,False,economy_round_coverage_incomplete|missing_or_ambiguous_team_round
569528,237375,0,False,economy_round_coverage_incomplete|missing_or_ambiguous_team_round
569528,237376,0,False,economy_round_coverage_incomplete|missing_or_ambiguous_team_round
551774,235391,48,True,
551774,235392,44,True,
551775,235394,46,True,
551775,235395,42,True,
565302,238745,42,True,
565302,238753,44,True,
565303,237114,36,True,
565303,238747,46,True,
565303,238748,36,True,
556025,236214,32,True,
556025,236215,52,True,
556025,236216,30,True,
556026,236217,34,True,
556026,236218,40,True,
551776,235397,38,True,
551776,235398,46,True,
569526,237364,0,False,economy_round_coverage_incomplete|missing_or_ambiguous_team_round
569526,237365,0,False,economy_round_coverage_incomplete|missing_or_ambiguous_team_round
569526,237366,0,False,economy_round_coverage_incomplete|missing_or_ambiguous_team_round
551777,235400,44,True,
551777,235401,48,True,
565307,237118,38,True,
565307,237119,44,True,
565308,237121,48,True,
565308,237122,46,True,
556027,236220,32,True,
556027,236221,52,True,
556028,236223,46,True,
556028,236224,42,True,
551778,235403,32,True,
551778,235404,38,True,
551778,235405,36,True,
551779,235406,38,True,
551779,235407,40,True,
565305,237116,48,True,
565305,238749,42,True,
565310,237127,30,True,
565310,237128,46,True,
556029,236226,48,True,
556029,236227,36,True,
556029,236228,42,True,
556030,236229,36,True,
556030,236230,46,True,
551780,235410,46,True,
551780,238805,42,True,
551781,235412,46,True,
551781,235413,38,True,
551781,235414,42,True,
565304,237115,48,True,
565304,238806,46,True,
565304,238807,44,True,
565309,237124,42,True,
565309,237125,38,True,
565309,237126,48,True,
556031,236232,72,True,
556031,236233,32,True,
556031,236234,26,True,
556032,236235,26,True,
556032,236236,44,True,
551841,235415,46,True,
551841,235416,38,True,
551842,235418,34,True,
551842,235419,32,True,
565306,237117,36,True,
565306,238751,42,True,
565306,238752,42,True,
565311,237130,34,True,
565311,237131,42,True,
556033,236238,40,True,
556033,236239,48,True,
556034,236241,38,True,
556034,236242,40,True,
556034,236243,32,True,
551843,235421,52,True,
551843,235422,44,True,
551844,235424,36,True,
551844,235425,34,True,
556037,236252,48,True,
556037,236253,34,True,
556037,236254,42,True,
556035,236244,34,True,
556035,236245,36,True,
556035,236246,42,True,
551845,235427,36,True,
551845,235428,34,True,
551846,235430,34,True,
551846,235431,44,True,
551846,235432,44,True,
574583,238794,34,True,
574583,238795,56,True,
574583,238796,42,True,
556038,236255,36,True,
556038,236256,30,True,
556038,236257,48,True,
551847,235435,48,True,
551847,235436,38,True,
551847,235437,52,True,
551847,235438,38,True,
574584,238799,46,True,
574584,238800,34,True,
574584,238801,48,True,
574584,238802,42,True,
556036,236247,48,True,
556036,236248,48,True,
556036,236249,38,True,
556036,236250,36,True,
596399,244778,44,True,
596399,244779,46,True,
596399,244780,44,True,
596398,244775,40,True,
596398,244776,48,True,
596400,244781,46,True,
596400,244782,42,True,
596400,244783,36,True,
596401,244784,44,True,
596401,244785,46,True,
596401,244786,44,True,
596402,244787,30,True,
596402,244788,44,True,
596403,244790,40,True,
596403,244791,48,True,
596404,244793,36,True,
596404,244794,48,True,
596405,244796,48,True,
596405,244797,32,True,
596405,244798,42,True,
602706,247893,40,True,
602706,247894,36,True,
602707,247896,44,True,
602707,247897,48,True,
602708,247899,52,True,
602708,247900,46,True,
602708,247901,40,True,
602709,247902,28,True,
602709,247903,52,True,
594740,244304,48,True,
594740,244305,40,True,
594741,244307,42,True,
594741,244308,38,True,
602710,247905,40,True,
602710,247906,46,True,
602711,247908,46,True,
602711,247909,48,True,
602712,247911,56,True,
602712,247912,52,True,
602713,247914,30,True,
602713,247915,36,True,
594742,244310,46,True,
594742,244311,40,True,
594742,244312,34,True,
594743,244313,32,True,
594743,244314,28,True,
606532,248810,42,True,
606532,248811,30,True,
606533,248813,32,True,
606533,248814,26,True,
606533,248815,36,True,
606534,248816,46,True,
606534,248817,36,True,
606535,248819,52,True,
606535,248834,0,False,economy_round_coverage_incomplete|missing_or_ambiguous_team_round
595630,244560,36,True,
595630,244561,42,True,
598923,245204,0,False,economy_round_coverage_incomplete|missing_or_ambiguous_team_round
598923,245205,0,False,economy_round_coverage_incomplete|missing_or_ambiguous_team_round
598923,245206,0,False,economy_round_coverage_incomplete|missing_or_ambiguous_team_round
595631,244563,34,True,
595631,244564,30,True,
598924,245207,0,False,economy_round_coverage_incomplete|missing_or_ambiguous_team_round
598924,245208,0,False,economy_round_coverage_incomplete|missing_or_ambiguous_team_round
594744,244316,46,True,
594744,244317,48,True,
594744,244318,38,True,
594745,244319,46,True,
594745,244320,46,True,
606536,248822,52,True,
606536,248823,34,True,
606537,248825,42,True,
606537,248826,48,True,
606538,248828,38,True,
606538,248829,40,True,
606538,248830,40,True,
606539,248831,34,True,
606539,248832,52,True,
606539,248833,60,True,
595632,244567,40,True,
595632,248947,40,True,
598921,245198,0,False,economy_round_coverage_incomplete|missing_or_ambiguous_team_round
598921,245199,0,False,economy_round_coverage_incomplete|missing_or_ambiguous_team_round
595633,244569,42,True,
595633,244570,46,True,
598922,245201,0,False,economy_round_coverage_incomplete|missing_or_ambiguous_team_round
598922,245202,0,False,economy_round_coverage_incomplete|missing_or_ambiguous_team_round
598922,245203,0,False,economy_round_coverage_incomplete|missing_or_ambiguous_team_round
594746,244322,48,True,
594746,244323,34,True,
594747,244325,48,True,
594747,244326,52,True,
594747,244327,44,True,
596409,244810,48,True,
596409,244812,38,True,
596409,249108,30,True,
596410,244813,42,True,
596410,244814,48,True,
595634,244573,34,True,
595634,244574,44,True,
595634,249401,44,True,
598927,245216,0,False,economy_round_coverage_incomplete|missing_or_ambiguous_team_round
598927,245217,0,False,economy_round_coverage_incomplete|missing_or_ambiguous_team_round
595635,244575,46,True,
595635,244576,42,True,
595635,244577,42,True,
598928,245219,0,False,economy_round_coverage_incomplete|missing_or_ambiguous_team_round
598928,245220,0,False,economy_round_coverage_incomplete|missing_or_ambiguous_team_round
596411,244816,44,True,
596411,244817,36,True,
596411,244818,44,True,
596412,244819,32,True,
596412,244820,42,True,
595636,244578,46,True,
595636,244579,36,True,
595636,244580,46,True,
598925,245210,0,False,economy_round_coverage_incomplete|missing_or_ambiguous_team_round
598925,245211,0,False,economy_round_coverage_incomplete|missing_or_ambiguous_team_round
595637,244581,46,True,
595637,244582,36,True,
598926,245213,0,False,economy_round_coverage_incomplete|missing_or_ambiguous_team_round
598926,245214,0,False,economy_round_coverage_incomplete|missing_or_ambiguous_team_round
598926,245215,0,False,economy_round_coverage_incomplete|missing_or_ambiguous_team_round
596413,244822,48,True,
596413,244823,60,True,
596414,244825,76,True,
596414,244826,42,True,
596414,244827,48,True,
604657,248530,46,True,
604657,248531,34,True,
609055,249682,36,True,
609055,249683,32,True,
609055,249684,44,True,
609056,249685,36,True,
609056,249686,46,True,
609056,249687,42,True,
604658,248533,48,True,
604658,248534,40,True,
604658,248535,44,True,
604687,248614,40,True,
604687,248615,36,True,
609057,249688,48,True,
609057,249689,46,True,
609057,249690,46,True,
609059,249691,40,True,
609059,249692,40,True,
609059,249693,44,True,
604688,248617,52,True,
604688,248618,48,True,
594751,244339,30,True,
594751,244340,42,True,
594751,244341,46,True,
604659,248536,40,True,
604659,248537,32,True,
594752,244342,32,True,
594752,244343,68,True,
594752,244344,60,True,
604660,248539,48,True,
604660,248540,42,True,
609053,249676,40,True,
609053,249677,38,True,
609053,249678,34,True,
609060,249694,46,True,
609060,249695,46,True,
609060,249696,40,True,
604689,248620,48,True,
604689,248621,44,True,
609054,249679,56,True,
609054,249680,40,True,
609054,249681,40,True,
609061,249697,48,True,
609061,249698,40,True,
604690,248623,48,True,
604690,248624,40,True,
604690,248625,34,True,
598932,245233,0,False,economy_round_coverage_incomplete|missing_or_ambiguous_team_round
598932,245234,0,False,economy_round_coverage_incomplete|missing_or_ambiguous_team_round
598933,245236,0,False,economy_round_coverage_incomplete|missing_or_ambiguous_team_round
598933,245237,0,False,economy_round_coverage_incomplete|missing_or_ambiguous_team_round
598933,245238,0,False,economy_round_coverage_incomplete|missing_or_ambiguous_team_round
594753,244345,42,True,
594753,244346,52,True,
594753,244347,46,True,
604661,248542,40,True,
604661,248543,30,True,
594754,244348,40,True,
594754,244349,42,True,
608869,249411,52,True,
608869,249412,32,True,
608870,249414,38,True,
608870,249415,44,True,
611874,251228,44,True,
611874,251229,52,True,
611875,251231,52,True,
611875,251232,42,True,
611875,251233,48,True,
604662,248545,52,True,
604662,248546,48,True,
604691,248626,40,True,
604691,248627,44,True,
604691,248628,42,True,
608871,249417,44,True,
608871,249418,42,True,
608871,249419,42,True,
611876,251234,38,True,
611876,251235,38,True,
611877,251237,46,True,
611877,251238,44,True,
611877,251239,48,True,
604692,248629,44,True,
604692,248630,52,True,
595641,244595,30,True,
595641,251314,42,True,
598934,245239,0,False,economy_round_coverage_incomplete|missing_or_ambiguous_team_round
598934,245240,0,False,economy_round_coverage_incomplete|missing_or_ambiguous_team_round
598934,245241,0,False,economy_round_coverage_incomplete|missing_or_ambiguous_team_round
595642,244598,48,True,
595642,244599,44,True,
598935,245242,0,False,economy_round_coverage_incomplete|missing_or_ambiguous_team_round
598935,245243,0,False,economy_round_coverage_incomplete|missing_or_ambiguous_team_round
594748,244328,40,True,
594748,244329,44,True,
594749,244331,44,True,
594749,244332,42,True,
604663,248548,38,True,
604663,248549,40,True,
604663,248550,38,True,
608872,249420,46,True,
608872,249421,36,True,
608873,249423,0,False,economy_round_coverage_incomplete|missing_or_ambiguous_team_round|overview_round_history_ineligible
608873,249424,46,True,
611878,251240,48,True,
611878,251241,48,True,
611878,251242,46,True,
611879,251243,52,True,
611879,251244,40,True,
604664,248551,40,True,
604664,248552,30,True,
604693,248632,44,True,
604693,248633,40,True,
608874,249426,44,True,
608874,249427,36,True,
608874,249428,40,True,
611881,251249,40,True,
611881,251250,32,True,
611880,251246,36,True,
611880,251247,44,True,
611880,251248,32,True,
604694,248635,48,True,
604694,248636,46,True,
595643,244601,46,True,
595643,244602,46,True,
595643,244603,36,True,
598936,245245,0,False,economy_round_coverage_incomplete|missing_or_ambiguous_team_round
598936,245246,0,False,economy_round_coverage_incomplete|missing_or_ambiguous_team_round
598936,245247,0,False,economy_round_coverage_incomplete|missing_or_ambiguous_team_round
595644,244604,40,True,
595644,244605,42,True,
595644,244606,44,True,
598937,245248,0,False,economy_round_coverage_incomplete|missing_or_ambiguous_team_round
598937,245249,0,False,economy_round_coverage_incomplete|missing_or_ambiguous_team_round
594755,244351,36,True,
594755,244352,44,True,
594756,244354,46,True,
594756,244355,40,True,
596406,244799,38,True,
596406,244800,48,True,
596406,244801,42,True,
596407,244802,40,True,
596407,244803,38,True,
596407,244804,32,True,
595638,244584,52,True,
595638,244585,30,True,
598942,245265,0,False,economy_round_coverage_incomplete|missing_or_ambiguous_team_round
598942,245266,0,False,economy_round_coverage_incomplete|missing_or_ambiguous_team_round
598942,245267,0,False,economy_round_coverage_incomplete|missing_or_ambiguous_team_round
595639,244587,38,True,
595639,244588,36,True,
598929,245222,0,False,economy_round_coverage_incomplete|missing_or_ambiguous_team_round
598929,245223,0,False,economy_round_coverage_incomplete|missing_or_ambiguous_team_round
598929,245224,0,False,economy_round_coverage_incomplete|missing_or_ambiguous_team_round
596419,244842,36,True,
596419,244843,52,True,
596420,244845,34,True,
596420,244846,46,True,
595645,244607,32,True,
595645,244608,44,True,
595645,244609,42,True,
598943,245268,0,False,economy_round_coverage_incomplete|missing_or_ambiguous_team_round
598943,245269,0,False,economy_round_coverage_incomplete|missing_or_ambiguous_team_round
598943,245270,0,False,economy_round_coverage_incomplete|missing_or_ambiguous_team_round
614924,252159,48,True,
614925,252160,40,True,
614971,252167,44,True,
614972,252168,48,True,
614991,252183,32,True,
614992,252176,42,True,
595646,244610,42,True,
595646,244611,42,True,
598930,245225,0,False,economy_round_coverage_incomplete|missing_or_ambiguous_team_round
598930,245226,0,False,economy_round_coverage_incomplete|missing_or_ambiguous_team_round
614926,252161,46,True,
614927,252162,38,True,
614973,252169,38,True,
614974,252170,34,True,
614993,252177,32,True,
614994,252178,48,True,
596415,244828,44,True,
596415,244829,48,True,
596416,244831,48,True,
596416,244832,44,True,
614883,252069,52,True,
614883,252070,48,True,
614883,252071,32,True,
614884,252072,30,True,
614884,252073,56,True,
614884,252074,46,True,
614897,252099,34,True,
614897,252100,38,True,
614898,252102,36,True,
614898,252103,28,True,
614908,252129,38,True,
614908,252130,48,True,
614909,252132,52,True,
614909,252133,46,True,
614909,252134,40,True,
614928,252163,46,True,
614929,252164,46,True,
614975,252171,40,True,
614976,252172,52,True,
614995,252179,36,True,
614996,252180,38,True,
614930,252165,48,True,
614977,252173,42,True,
614997,252181,32,True,
614931,252166,52,True,
614978,252174,36,True,
614998,252182,36,True,
614885,252075,46,True,
614885,252076,38,True,
614886,252078,46,True,
614886,252079,48,True,
614886,252080,48,True,
614899,252105,32,True,
614899,252106,48,True,
614900,252108,44,True,
614900,252109,34,True,
614910,252135,44,True,
614910,252136,34,True,
614911,252138,44,True,
614911,252139,36,True,
614911,252302,42,True,
604665,248554,44,True,
604665,248555,48,True,
604665,248556,46,True,
612643,251438,40,True,
612643,251439,52,True,
612644,251441,48,True,
612644,251442,38,True,
604666,248557,36,True,
604666,248558,56,True,
604695,248638,52,True,
604695,248639,42,True,
612646,251447,34,True,
612646,251448,52,True,
612646,251449,46,True,
612645,251444,56,True,
612645,251445,44,True,
604696,248641,42,True,
604696,248642,46,True,
614887,252081,44,True,
614887,252345,42,True,
614888,252084,48,True,
614888,252085,38,True,
614901,252111,36,True,
614901,252112,42,True,
614902,252114,60,True,
614902,252115,44,True,
614902,252116,52,True,
614912,252141,34,True,
614912,252142,42,True,
614913,252144,36,True,
614913,252145,48,True,
598944,245271,0,False,economy_round_coverage_incomplete|missing_or_ambiguous_team_round
598944,245272,0,False,economy_round_coverage_incomplete|missing_or_ambiguous_team_round
598944,245273,0,False,economy_round_coverage_incomplete|missing_or_ambiguous_team_round
614889,252087,48,True,
614889,252088,56,True,
614903,252117,34,True,
614903,252118,32,True,
614914,252147,42,True,
614914,252148,30,True,
598938,245251,0,False,economy_round_coverage_incomplete|missing_or_ambiguous_team_round
598938,245252,0,False,economy_round_coverage_incomplete|missing_or_ambiguous_team_round
598938,245253,0,False,economy_round_coverage_incomplete|missing_or_ambiguous_team_round
594761,244371,52,True,
594761,244372,42,True,
594761,244373,40,True,
604667,248560,48,True,
604667,248561,44,True,
594762,244374,36,True,
594762,244375,42,True,
612647,251450,44,True,
612647,251451,40,True,
612648,251453,64,True,
612648,251454,44,True,
612648,251455,42,True,
604668,248563,42,True,
604668,248564,46,True,
604697,248644,36,True,
604697,248645,48,True,
612649,251456,56,True,
612649,251457,48,True,
604698,248647,48,True,
604698,248648,44,True,
614890,252090,56,True,
614890,252091,40,True,
614891,252093,36,True,
614891,252094,40,True,
614891,252095,44,True,
614904,252120,30,True,
614904,252121,52,True,
614905,252124,42,True,
614905,252449,36,True,
614915,252150,28,True,
614915,252151,30,True,
614916,252153,44,True,
614916,252154,44,True,
598945,245274,0,False,economy_round_coverage_incomplete|missing_or_ambiguous_team_round
598945,245275,0,False,economy_round_coverage_incomplete|missing_or_ambiguous_team_round
598945,245276,0,False,economy_round_coverage_incomplete|missing_or_ambiguous_team_round
614892,252096,44,True,
614892,252097,48,True,
614906,252126,36,True,
614906,252127,40,True,
614917,252156,34,True,
614917,252157,44,True,
614917,252158,38,True,
598939,245254,0,False,economy_round_coverage_incomplete|missing_or_ambiguous_team_round
598939,245255,0,False,economy_round_coverage_incomplete|missing_or_ambiguous_team_round
598939,245256,0,False,economy_round_coverage_incomplete|missing_or_ambiguous_team_round
594757,244357,46,True,
594757,244358,38,True,
594757,244359,64,True,
594758,244360,26,True,
594758,244361,48,True,
608875,249429,34,True,
608875,249430,34,True,
608876,249432,26,True,
608876,249433,42,True,
608876,249434,42,True,
608877,249435,48,True,
608877,249436,34,True,
595651,244627,34,True,
595651,244628,34,True,
595651,244629,48,True,
598946,245277,0,False,economy_round_coverage_incomplete|missing_or_ambiguous_team_round
598946,245278,0,False,economy_round_coverage_incomplete|missing_or_ambiguous_team_round
595652,244630,46,True,
595652,244631,76,True,
595652,244632,44,True,
598947,245280,0,False,economy_round_coverage_incomplete|missing_or_ambiguous_team_round
598947,245281,0,False,economy_round_coverage_incomplete|missing_or_ambiguous_team_round
598947,245282,0,False,economy_round_coverage_incomplete|missing_or_ambiguous_team_round
594763,244378,42,True,
594763,244379,48,True,
594763,252723,30,True,
594764,244380,42,True,
594764,244382,52,True,
594764,252724,36,True,
608878,249438,46,True,
608878,249439,38,True,
608878,249440,32,True,
608879,249441,42,True,
608879,249442,28,True,
608879,249443,48,True,
608880,249444,34,True,
608880,249445,68,True,
608880,249446,44,True,
595647,244613,40,True,
595647,244614,44,True,
595647,244615,38,True,
598940,245257,0,False,economy_round_coverage_incomplete|missing_or_ambiguous_team_round
598940,245258,0,False,economy_round_coverage_incomplete|missing_or_ambiguous_team_round
595648,244616,46,True,
595648,244617,44,True,
595648,244618,42,True,
598948,245283,0,False,economy_round_coverage_incomplete|missing_or_ambiguous_team_round
598948,245284,0,False,economy_round_coverage_incomplete|missing_or_ambiguous_team_round
598948,245285,0,False,economy_round_coverage_incomplete|missing_or_ambiguous_team_round
594765,244383,36,True,
594765,244384,34,True,
594766,244386,34,True,
594766,244387,38,True,
594766,244388,60,True,
596421,244848,60,True,
596421,244849,36,True,
596422,244851,46,True,
596422,244852,52,True,
598949,245286,0,False,economy_round_coverage_incomplete|missing_or_ambiguous_team_round
598949,245287,0,False,economy_round_coverage_incomplete|missing_or_ambiguous_team_round
598949,245288,0,False,economy_round_coverage_incomplete|missing_or_ambiguous_team_round
595653,244633,40,True,
595653,244634,40,True,
595653,244635,44,True,
598931,245228,0,False,economy_round_coverage_incomplete|missing_or_ambiguous_team_round
598931,245229,0,False,economy_round_coverage_incomplete|missing_or_ambiguous_team_round
598931,245230,0,False,economy_round_coverage_incomplete|missing_or_ambiguous_team_round
598931,245231,0,False,economy_round_coverage_incomplete|missing_or_ambiguous_team_round
598931,245232,0,False,economy_round_coverage_incomplete|missing_or_ambiguous_team_round
595654,244636,56,True,
595654,244637,48,True,
595654,244638,48,True,
596423,244854,48,True,
596423,244855,56,True,
596424,244857,36,True,
596424,244858,40,True,
596417,244834,32,True,
596417,244835,42,True,
595655,244639,32,True,
595655,244640,44,True,
598941,245260,0,False,economy_round_coverage_incomplete|missing_or_ambiguous_team_round
598941,245261,0,False,economy_round_coverage_incomplete|missing_or_ambiguous_team_round
598941,245262,0,False,economy_round_coverage_incomplete|missing_or_ambiguous_team_round
598941,245263,0,False,economy_round_coverage_incomplete|missing_or_ambiguous_team_round
598941,245264,0,False,economy_round_coverage_incomplete|missing_or_ambiguous_team_round
595656,244642,46,True,
595656,244643,38,True,
595656,244644,52,True,
598950,245289,0,False,economy_round_coverage_incomplete|missing_or_ambiguous_team_round
598950,245290,0,False,economy_round_coverage_incomplete|missing_or_ambiguous_team_round
598950,245291,0,False,economy_round_coverage_incomplete|missing_or_ambiguous_team_round
598950,253654,0,False,economy_round_coverage_incomplete|missing_or_ambiguous_team_round
604669,248566,44,True,
604669,248567,48,True,
604669,248568,48,True,
616089,252434,48,True,
616089,252435,44,True,
616090,252437,56,True,
616090,252438,34,True,
604670,248569,32,True,
604670,248570,60,True,
604699,248650,68,True,
604699,248651,40,True,
604699,248652,46,True,
616091,252440,40,True,
616091,252441,32,True,
604700,248653,32,True,
604700,248654,38,True,
604671,248572,40,True,
604671,248573,44,True,
616092,252443,68,True,
616092,252444,48,True,
604672,248575,56,True,
604672,248576,52,True,
604701,248656,46,True,
604701,248657,30,True,
616093,252446,42,True,
616093,252447,42,True,
616093,252448,42,True,
604702,248659,52,True,
604702,248660,38,True,
616824,252678,44,True,
616824,252679,52,True,
616824,252680,38,True,
616825,252681,40,True,
616825,252682,34,True,
616826,252684,42,True,
616826,252685,36,True,
616827,252687,38,True,
616827,252688,36,True,
616828,252690,56,True,
616828,252691,34,True,
616829,252693,38,True,
616829,252694,42,True,
616829,252695,32,True,
608883,249447,46,True,
608883,249448,44,True,
608883,249449,32,True,
608884,249450,40,True,
608884,249451,44,True,
620672,253894,48,True,
620672,253895,32,True,
620672,253896,48,True,
608885,249453,42,True,
608885,253900,40,True,
608885,253901,34,True,
620673,253897,56,True,
620673,253898,60,True,
595657,244645,48,True,
595657,244646,42,True,
595657,244647,46,True,
616830,252696,40,True,
616830,252697,56,True,
616831,252699,34,True,
616831,252700,48,True,
616832,252702,42,True,
616832,252703,44,True,
616833,252705,46,True,
616833,252706,48,True,
616834,252708,30,True,
616834,252709,48,True,
616834,252710,52,True,
616835,252711,26,True,
616835,252712,48,True,
594767,244389,48,True,
594767,244390,32,True,
608886,249456,46,True,
608886,249457,36,True,
608887,249459,56,True,
608887,249460,48,True,
608887,249461,46,True,
608888,249462,40,True,
608888,249463,46,True,
595649,244619,40,True,
595649,244620,46,True,
595640,244590,52,True,
595640,244591,42,True,
595640,244592,36,True,
595640,244593,48,True,
595640,244594,40,True,
616836,252714,40,True,
616836,252715,44,True,
616837,252717,40,True,
616837,252718,44,True,
616837,252719,42,True,
616838,252720,28,True,
616838,252721,34,True,
594759,244363,36,True,
594759,244364,42,True,
594750,244334,48,True,
594750,244335,56,True,
594750,244336,60,True,
594750,244337,34,True,
594750,244338,38,True,
596425,244860,52,True,
596425,244861,48,True,
596425,244862,30,True,
596408,244805,42,True,
596408,244806,42,True,
596408,244807,48,True,
596408,244808,30,True,
596408,244809,42,True,
595658,244648,48,True,
595658,244649,30,True,
595650,244622,40,True,
595650,244623,30,True,
595650,244624,72,True,
594768,244392,42,True,
594768,244393,32,True,
594768,244394,44,True,
594760,244366,46,True,
594760,244367,60,True,
594760,244368,38,True,
594760,244369,52,True,
594760,244370,52,True,
596426,244863,32,True,
596426,244864,42,True,
596418,244837,38,True,
596418,244838,34,True,
596418,244839,40,True,
595659,244651,42,True,
595659,244652,46,True,
595659,244653,46,True,
595659,244654,46,True,
594769,244395,38,True,
594769,244396,46,True,
594769,244397,68,True,
596427,244866,44,True,
596427,244867,36,True,
596427,244868,46,True,
596427,244869,34,True,
596427,244870,36,True,
604674,248578,32,True,
604674,248579,34,True,
604675,248581,28,True,
604675,248582,32,True,
622053,253988,38,True,
622053,253989,48,True,
622053,253990,48,True,
604708,248663,32,True,
604708,254191,46,True,
622054,253991,76,True,
622054,253992,36,True,
622054,253993,36,True,
604709,248665,34,True,
604709,248666,36,True,
604676,248584,40,True,
604676,248585,44,True,
604676,248586,38,True,
622056,253997,44,True,
622056,253998,38,True,
622056,253999,42,True,
604677,248587,48,True,
604677,248588,52,True,
604710,248668,44,True,
604710,248669,46,True,
622055,253994,40,True,
622055,253995,46,True,
604711,248671,44,True,
604711,248672,46,True,
604711,248673,40,True,
608889,249465,72,True,
608889,249466,52,True,
608889,249467,46,True,
608890,249468,34,True,
608890,249469,44,True,
622061,254014,38,True,
622061,254015,40,True,
608891,249471,32,True,
608891,249472,42,True,
608891,249473,42,True,
622062,254017,46,True,
622062,254018,34,True,
622062,254019,42,True,
608892,249474,40,True,
608892,249475,44,True,
608892,249476,30,True,
608893,249477,46,True,
608893,249478,42,True,
622058,254003,44,True,
622058,254004,44,True,
608894,249480,52,True,
608894,249481,42,True,
622057,254000,52,True,
622057,254001,48,True,
604678,248590,40,True,
604678,248591,44,True,
608897,249483,48,True,
608897,249484,42,True,
608898,249486,44,True,
608898,249487,52,True,
608898,249488,42,True,
622064,254023,36,True,
622064,254024,48,True,
604679,248593,46,True,
604679,248594,44,True,
604679,248595,52,True,
604712,248674,46,True,
604712,248675,28,True,
608899,249489,48,True,
608899,249490,36,True,
622063,254020,40,True,
622063,254021,38,True,
604713,248677,38,True,
604713,248678,36,True,
604713,248679,30,True,
604680,248596,44,True,
604680,248597,42,True,
608900,249492,36,True,
608900,249493,38,True,
608901,249495,38,True,
608901,249496,52,True,
622065,254026,46,True,
622065,254027,46,True,
604681,248599,40,True,
604681,248600,44,True,
604681,248601,32,True,
604714,248680,40,True,
604714,248681,32,True,
608902,249498,42,True,
608902,249499,52,True,
608902,249500,48,True,
622059,254006,56,True,
622059,254007,40,True,
604715,248683,42,True,
604715,248684,46,True,
626289,254256,46,True,
626289,254257,42,True,
626290,254259,40,True,
626290,254260,34,True,
608903,249501,42,True,
608903,249502,30,True,
608903,249503,42,True,
608904,249504,48,True,
608904,249505,38,True,
608904,249506,44,True,
622066,254029,36,True,
622066,254030,48,True,
622066,254031,46,True,
622066,254032,40,True,
622066,254033,36,True,
608905,249507,28,True,
608905,249508,46,True,
626291,254262,30,True,
626291,254263,48,True,
626292,254265,40,True,
626292,254266,48,True,
608906,249510,48,True,
608906,249511,46,True,
608906,249512,34,True,
608907,249513,48,True,
608907,249514,38,True,
608907,249515,52,True,
622060,254009,64,True,
622060,254010,46,True,
622060,254011,46,True,
608908,249516,28,True,
608908,249517,42,True,
626294,254271,46,True,
626294,254272,46,True,
626295,254274,48,True,
626295,254275,44,True,
626295,254276,38,True,
626293,254268,30,True,
626293,254269,46,True,
626296,254277,34,True,
626296,254278,32,True,
625788,254143,48,True,
625788,254144,40,True,
625791,254152,30,True,
625791,254153,46,True,
625790,254149,44,True,
625790,254150,36,True,
625789,254146,42,True,
625789,254147,56,True,
626529,254342,46,True,
626529,254343,46,True,
626529,254344,48,True,
626530,254345,48,True,
626530,254346,32,True,
626532,254348,28,True,
626532,254349,46,True,
626533,254351,42,True,
626533,254352,32,True,
626535,254357,48,True,
626535,254358,34,True,
626534,254354,38,True,
626534,254355,60,True,
629822,255470,46,True,
629822,255471,40,True,
629822,255472,52,True,
629823,255473,42,True,
629823,255474,38,True,
629823,255475,46,True,
629824,255476,46,True,
629824,255477,34,True,
626539,254366,44,True,
626539,254367,34,True,
626539,254368,40,True,
626537,254360,46,True,
626537,254361,46,True,
636130,256399,38,True,
636130,256400,46,True,
636131,256402,46,True,
636131,256403,34,True,
636132,256405,30,True,
636132,256406,40,True,
636133,256408,44,True,
636133,256409,44,True,
636134,256411,34,True,
636134,256412,36,False,missing_loadout_value
636135,256414,40,True,
636135,256415,30,True,
636136,256417,42,True,
636136,256418,46,True,
636136,256419,36,True,
636137,256420,48,True,
636137,256421,44,True,
636139,256426,44,True,
636139,256427,38,True,
636140,256429,28,True,
636140,256430,32,True,
636141,256432,36,True,
636141,256433,36,True,
636142,256435,36,True,
636142,256436,42,True,
636143,256438,26,True,
636143,256439,30,True,
636144,256441,36,True,
636144,256442,40,True,
636145,256444,38,True,
636145,256445,48,True,
636145,256446,48,True,
636147,256450,40,True,
636147,256451,46,True,
636148,256453,46,True,
636148,256454,42,True,
636149,256456,30,True,
636149,256457,34,True,
636150,256459,42,True,
636150,256460,46,True,
636150,256461,48,True,
636151,256462,34,True,
636151,256463,48,True,
636152,256465,36,True,
636152,256466,48,True,
636152,256467,38,True,
636155,256474,68,True,
636155,256475,40,True,
636155,256476,48,True,
636156,256477,38,True,
636156,256478,36,True,
636157,256480,28,True,
636157,256481,36,True,
636158,256483,52,True,
636158,256484,38,True,
636158,256485,40,True,
636159,256486,46,True,
636159,256487,48,True,
636161,256492,40,True,
636161,256493,42,True,
636163,256498,46,True,
636163,256499,44,True,
636164,256501,28,True,
636164,256502,38,True,
636165,256504,34,True,
636165,256505,44,True,
636166,256507,42,True,
636166,256508,46,True,
636167,256511,44,True,
636168,256635,0,False,economy_round_coverage_incomplete|missing_or_ambiguous_team_round|overview_round_history_ineligible
636168,256636,44,True,
636177,256514,38,True,
636177,256515,44,True,
636177,256516,34,True,
636178,256517,42,True,
636178,256518,42,True,
636178,256519,52,True,
636179,256520,38,True,
636179,256521,30,True,
636180,256523,32,True,
636180,256524,36,True,
636181,256526,36,True,
636181,256527,0,False,economy_round_coverage_incomplete|missing_or_ambiguous_team_round|overview_round_history_ineligible
636181,256528,48,True,
636182,256529,48,True,
636182,256530,46,True,
636183,256532,42,True,
636183,256533,46,True,
636183,256534,60,True,
636184,256535,36,True,
636184,256536,38,True,
636185,256538,38,True,
636185,256539,48,True,
636185,256540,40,True,
636162,256495,44,True,
636162,256496,40,True,
636162,256497,44,True,
636249,256614,32,True,
636250,256617,46,True,
636250,256618,44,True,
636252,256623,34,True,
636252,256624,44,True,
636253,256626,28,True,
636253,256627,32,True,
636254,256629,34,True,
636254,256630,28,True,
636255,256632,38,True,
636255,256633,30,True,
636251,256620,32,True,
636248,256611,28,True,
636248,256612,38,True,
626540,254369,38,True,
626540,254370,38,True,
626540,254371,64,True,
626538,254363,38,True,
626538,254364,34,True,
636600,256638,44,True,
636600,256639,44,True,
636600,256640,34,True,
636601,256641,44,True,
636601,256642,34,True,
636602,256644,36,True,
636602,256645,42,True,
636603,256647,48,True,
636603,256648,34,True,
636604,256650,34,True,
636604,256651,48,True,
636604,256652,38,True,
636606,256653,44,True,
636606,256654,46,True,
626546,254389,40,True,
626546,254390,46,True,
626546,254391,48,True,
626545,254386,36,True,
626545,254387,34,True,
626545,254388,42,True,
636655,256656,34,True,
636655,256657,44,True,
636656,256659,40,True,
636656,256660,30,True,
636657,256662,48,True,
636657,256663,44,True,
636657,256664,44,True,
636658,256665,46,True,
636658,256666,46,True,
636659,256668,38,True,
636659,256669,40,True,
636660,256671,44,True,
636660,256672,44,True,
636661,256674,44,True,
636661,256675,52,True,
636661,256676,38,True,
636662,256677,38,True,
636662,256678,42,True,
636663,256680,42,True,
636663,256681,36,True,
636663,256682,40,True,
636664,256683,42,True,
636664,256684,42,True,
636664,256685,34,True,
636665,256686,52,True,
636665,256687,48,True,
636666,256689,34,True,
636666,256690,32,True,
636669,256698,52,True,
636669,256699,40,True,
636669,256700,42,True,
636670,256701,38,True,
636670,256702,34,True,
636671,256704,32,True,
636671,256705,48,True,
636672,256707,52,True,
636672,256708,48,True,
636672,256709,40,True,
636673,256710,28,True,
636674,256713,44,True,
636674,256714,38,True,
636674,256715,44,True,
636675,256716,42,True,
636675,256717,28,True,
636676,256719,34,True,
636676,256720,42,True,
626541,254373,40,True,
626541,254374,52,True,
626541,256753,40,True,
638459,256782,38,True,
638459,256783,48,True,
626542,254375,52,True,
626542,254376,48,True,
636667,256692,32,True,
636667,256693,32,True,
636668,256695,48,True,
636668,256696,46,True,
636677,256722,30,True,
636677,256723,40,True,
636678,256725,42,True,
636678,256726,32,True,
636679,256728,46,True,
636679,256729,46,True,
636679,256730,42,True,
636680,256731,34,True,
636680,256732,38,True,
637628,256750,30,True,
637628,256751,38,True,
626548,254395,36,True,
626548,256892,42,True,
638460,256785,38,True,
638460,256786,48,True,
626547,254392,46,True,
626547,254393,40,True,
626547,254394,34,True,
629825,255479,34,True,
629825,255480,34,True,
626297,254280,42,True,
626297,254281,42,True,
626297,254282,32,True,
629826,255482,46,True,
629826,255483,46,True,
629827,255485,46,True,
629827,255486,48,True,
629827,255487,44,True,
626298,254283,52,True,
626298,254284,40,True,
604682,248602,48,True,
604682,248603,44,True,
604682,248604,28,True,
608909,249519,48,True,
608909,249520,30,True,
608909,249521,40,True,
608910,249522,40,True,
608910,249523,64,True,
608910,249524,46,True,
638439,256760,48,True,
638439,256761,36,True,
604683,248605,44,True,
604683,248606,56,True,
604716,248686,28,True,
604716,248687,32,True,
608911,249525,28,True,
608911,249526,34,True,
604717,248689,48,True,
604717,248690,38,True,
629828,255488,38,True,
629828,255489,46,True,
629828,255490,40,True,
626299,254286,46,True,
626299,254287,46,True,
629829,255491,32,True,
629829,255492,30,True,
626300,254289,42,True,
626300,257165,36,True,
629830,255494,48,True,
629830,255495,40,True,
629830,255496,36,True,
604684,248608,48,True,
604684,248609,42,True,
608912,249528,48,True,
608912,249529,28,True,
608913,249531,38,True,
608913,249532,40,False,missing_loadout_value
608913,249533,36,True,
638452,256766,42,True,
638452,256767,32,True,
638452,256768,40,True,
638452,256769,46,True,
638452,256770,46,True,
638453,256771,34,True,
638453,256772,44,True,
638453,256773,38,True,
638453,256774,34,True,
638453,256775,40,True,
604685,248611,46,True,
604685,248612,40,True,
604718,248692,38,True,
604718,248693,48,True,
608914,249534,40,True,
608914,249535,40,True,
604719,248695,36,True,
604719,248696,44,True,
626301,254292,44,True,
626301,254293,44,True,
626301,254294,30,True,
626302,254295,48,True,
626302,254296,32,True,
626303,254298,46,True,
626303,254299,40,True,
626303,254300,42,True,
626304,254301,44,True,
626304,254302,46,True,
626543,254378,44,True,
626543,254379,48,True,
626549,254398,48,True,
626549,254399,44,True,
626549,254400,34,True,
626550,254401,42,True,
626550,254402,40,True,
626550,254403,38,True,
626550,254404,44,True,
626544,254381,48,True,
626544,254382,34,True,
626544,254383,32,True,
629831,255497,46,True,
629831,255498,48,True,
629832,255500,30,True,
629832,255501,34,True,
642875,257841,38,True,
642875,257842,36,True,
629833,255503,38,True,
629833,255504,42,True,
642876,257844,56,True,
642876,257845,32,True,
609299,249725,38,True,
609299,249726,42,True,
609300,249728,40,True,
609300,249729,56,True,
640069,257166,52,True,
640069,257167,60,True,
640069,257168,56,True,
642877,257847,46,True,
642877,257848,46,True,
642877,257849,40,True,
644294,258109,40,True,
644294,258110,38,True,
642878,257850,60,True,
642878,257851,36,True,
642878,257852,32,True,
609301,249731,44,True,
609301,249732,48,True,
609301,249733,42,True,
609302,249734,40,True,
609302,249735,38,True,
609302,249736,40,True,
626305,254304,46,True,
626305,254305,48,True,
626305,254306,46,True,
642879,257853,52,True,
642879,257854,34,True,
644816,258429,38,True,
644816,258430,56,True,
644816,258431,48,True,
626306,254307,34,True,
626306,254308,34,True,
626306,254309,42,True,
642880,257856,36,True,
642880,257857,44,True,
644817,258432,46,True,
644817,258433,44,True,
644270,258068,46,True,
644270,258069,46,True,
644271,258071,36,True,
644271,258072,46,True,
609304,249740,38,True,
609304,249741,48,True,
644250,258028,56,True,
644250,258029,34,True,
644250,258546,36,False,missing_loadout_value
644251,258030,34,True,
644251,258031,48,True,
609305,249743,34,True,
609305,249744,44,True,
609305,249745,42,True,
628544,255099,42,True,
628544,255100,48,True,
626307,254310,52,True,
626307,254311,48,True,
642881,257859,46,True,
642881,257860,48,True,
628545,255102,38,True,
628545,255103,38,True,
628545,255104,38,True,
626308,254313,42,True,
626308,254314,46,True,
644818,258435,38,True,
644818,258436,38,True,
644818,258437,42,True,
642882,257862,48,True,
642882,257863,36,True,
644819,258438,40,True,
644819,258439,32,True,
642128,257665,52,True,
642128,257666,30,True,
642140,257692,28,True,
642140,257693,40,True,
642123,257656,42,True,
642123,257657,68,True,
642132,257674,30,True,
642132,257675,42,True,
609306,249746,44,True,
609306,249747,48,True,
644260,258046,52,True,
644260,258047,38,True,
609303,249737,46,True,
609303,249738,52,True,
609303,249739,48,True,
644261,258049,32,True,
644261,258050,52,True,
644261,258051,36,True,
626309,254316,48,True,
626309,254317,48,True,
626310,254319,34,True,
626310,254320,30,True,
626311,254322,42,True,
626311,254323,32,True,
626312,254325,48,True,
626312,254326,44,True,
626312,254327,42,True,
628546,255105,32,True,
628546,255106,42,True,
628546,255107,34,True,
642883,257865,30,True,
642883,257866,46,True,
628547,255108,36,True,
628547,255109,48,True,
644824,258455,68,True,
644824,258456,48,True,
644824,258457,40,True,
642884,257868,38,True,
642884,257869,34,True,
644825,258458,48,True,
644825,258459,38,True,
642124,257659,38,True,
642124,257660,48,True,
642129,257668,30,True,
642129,257669,44,True,
642129,257670,32,True,
642141,257695,26,True,
642141,257696,40,True,
644276,258087,48,True,
644276,258088,38,True,
609307,249749,38,True,
609307,249750,38,True,
609307,249751,44,True,
644277,258090,32,True,
644277,258091,36,True,
628548,255111,38,True,
628548,255112,38,True,
628548,255113,42,True,
642885,257871,52,True,
642885,257872,42,True,
628549,255114,38,True,
628549,255115,34,True,
644820,258441,38,True,
644820,258442,52,True,
642886,257874,52,True,
642886,257875,28,True,
644821,258444,48,True,
644821,258445,48,True,
645640,258682,34,True,
645640,258683,44,True,
645640,258684,56,True,
645641,258685,38,True,
645641,258686,38,True,
645642,258688,40,True,
645642,258689,48,True,
645642,258690,52,True,
645643,258691,44,True,
645643,258692,48,True,
645644,258694,46,True,
645644,258695,36,True,
645645,258697,38,True,
645645,258698,30,True,
645646,258700,38,True,
645646,258701,52,True,
645646,258702,28,True,
645647,258703,36,True,
645647,258704,34,True,
645648,258706,42,True,
645648,258707,28,True,
645649,258709,56,True,
645649,258710,60,True,
645650,258712,40,True,
645650,258713,42,True,
645651,258715,28,True,
645651,258716,38,True,
645652,258718,36,True,
645652,258719,36,True,
645652,258720,48,True,
645653,258721,46,True,
645653,258722,60,True,
645654,258724,26,True,
645654,258725,32,True,
645655,258727,56,True,
645655,258728,46,True,
645655,258729,38,True,
642125,257662,40,True,
642125,257663,36,True,
642125,257664,34,True,
642134,257680,44,True,
642134,257681,44,True,
642134,257682,52,True,
645656,258730,44,True,
645656,258731,30,True,
645656,258732,46,True,
645657,258733,38,True,
645657,258734,42,True,
645658,258736,52,True,
645658,258737,52,True,
645659,258739,30,True,
645659,258740,46,True,
645659,258741,34,True,
645660,258742,46,True,
645660,258743,30,True,
645661,258745,38,True,
645661,258746,40,True,
645662,258748,36,True,
645662,258749,32,True,
645663,258751,40,True,
645663,258752,36,True,
645672,258770,36,True,
645672,258771,34,True,
645672,258772,40,True,
645673,258773,32,True,
645673,258774,40,True,
645673,258775,40,True,
645674,258776,32,True,
645674,258777,34,True,
645675,258779,60,True,
645675,258780,36,True,
645676,258782,44,True,
645676,258783,34,True,
645677,258785,38,True,
645677,258786,44,True,
645678,258788,30,True,
645678,258789,36,True,
645679,258791,48,True,
645679,258792,48,True,
642130,257671,48,True,
642130,257672,52,True,
642130,257673,42,True,
642142,257698,34,True,
642142,257699,30,True,
644262,258052,44,True,
644262,258053,38,True,
644264,258060,40,True,
644264,258061,36,True,
628550,255117,42,True,
628550,255118,36,True,
642887,257877,36,True,
642887,257878,34,True,
642887,257879,38,True,
628551,255120,44,True,
628551,255121,34,True,
644826,258461,56,True,
644826,258462,36,True,
644826,258463,44,True,
642888,257880,36,True,
642888,257881,40,True,
644827,258464,48,True,
644827,258465,56,True,
644827,258466,36,True,
645664,258754,42,True,
645664,258755,42,True,
645665,258757,46,True,
645665,258758,40,True,
645666,258760,42,True,
645666,258761,34,True,
645667,258763,44,True,
645667,258764,52,True,
645667,258765,48,True,
645680,258794,56,True,
645680,258795,40,True,
645681,258797,52,True,
645681,258798,46,True,
645682,258800,48,True,
645682,258801,64,True,
645683,258803,32,True,
645683,258804,32,True,
645685,258806,48,True,
645685,258807,40,True,
645686,258809,52,True,
645686,259329,52,True,
646060,259272,46,True,
646060,259273,40,True,
646061,259275,44,True,
646061,259276,30,True,
642143,257701,42,True,
642143,257702,46,True,
645668,258766,46,True,
645669,258767,30,True,
646062,259278,40,True,
646062,259279,44,True,
646063,259281,46,True,
646063,259282,48,True,
646064,259284,34,True,
646064,259285,40,True,
646065,259287,34,True,
646065,259288,56,True,
642136,257686,34,True,
642136,257687,44,True,
642144,257704,44,True,
642144,257705,38,True,
642144,257706,46,True,
644278,258093,36,True,
644278,258094,42,True,
644280,258101,46,True,
644280,258102,48,True,
644280,258103,56,True,
642145,257707,40,True,
642145,257708,38,True,
639835,257040,56,True,
639835,259335,30,True,
639835,259336,34,True,
645242,258547,40,True,
645242,258548,38,True,
645243,258550,44,True,
645243,258551,46,True,
645243,258552,32,True,
645244,258553,40,True,
645244,258554,46,True,
645244,258555,52,True,
645245,258556,38,True,
645245,258557,40,True,
639836,257041,46,True,
639836,259337,42,True,
644272,258074,60,True,
644272,258075,30,True,
644272,258076,30,True,
644273,258079,40,True,
644273,258080,38,True,
644273,258081,46,True,
639837,257042,38,True,
639837,259339,44,True,
639837,259340,48,True,
645246,258559,28,True,
645246,258560,44,True,
645246,258561,64,True,
645247,258562,46,True,
645247,258563,44,True,
644252,258033,34,True,
644252,258034,48,True,
644252,258035,42,True,
644252,258036,34,True,
645249,258568,52,True,
645249,258569,42,True,
645249,258570,38,True,
639838,257043,48,True,
639838,259341,40,True,
639838,259342,44,True,
645248,258565,38,True,
645248,258566,44,True,
644253,259536,48,True,
644253,259537,0,False,economy_round_coverage_incomplete|missing_or_ambiguous_team_round
644253,259562,72,True,
626313,254328,48,True,
626313,254329,38,True,
626314,254331,68,True,
626314,254332,44,True,
644274,258082,40,True,
644274,258083,46,True,
644274,258084,42,True,
644274,258085,48,True,
639841,257046,42,True,
639841,259347,36,True,
646734,259538,34,True,
646734,259539,44,True,
646735,259541,38,True,
646735,259542,42,True,
646737,259547,36,True,
646737,259548,40,True,
646736,259544,38,True,
646736,259545,46,True,
646736,259546,48,True,
639842,257047,40,True,
639842,259349,48,True,
639842,259350,28,True,
644254,258041,48,True,
644254,258042,46,True,
644254,258043,42,True,
644254,258044,36,True,
644254,258045,40,True,
628552,255123,44,True,
628552,255124,42,True,
626315,254334,38,True,
626315,254335,40,True,
642891,257883,38,True,
642891,257884,30,True,
628553,255126,44,True,
628553,255127,40,True,
626316,254337,48,True,
626316,254338,46,True,
642892,257886,46,True,
642892,257887,36,True,
642147,257710,48,True,
642147,257711,34,True,
642147,257712,48,True,
642148,257713,56,True,
642148,257714,44,True,
642148,257715,42,True,
646738,259550,38,True,
646738,259551,48,True,
646739,259553,40,True,
646739,259554,32,True,
646741,259559,48,True,
646741,259560,46,True,
646741,259561,48,True,
644265,258063,30,True,
644265,258064,40,True,
644265,258066,46,True,
644265,258067,30,True,
644265,259818,46,True,
646740,259556,36,True,
646740,259558,40,True,
646740,259843,38,True,
628554,255129,42,True,
628554,255130,48,True,
642893,257889,64,True,
642893,257890,42,True,
628556,255132,48,True,
628556,255133,60,True,
628556,255134,44,True,
644822,258447,48,True,
644822,258448,42,True,
644822,258449,60,True,
642894,257892,26,True,
642894,257893,52,True,
642894,257894,44,True,
644828,258467,44,True,
644828,258468,44,True,
644828,258469,42,True,
642151,257724,46,True,
642151,257725,46,True,
642151,257726,30,True,
644281,258104,46,True,
644281,258105,30,True,
644281,258106,36,True,
642149,257716,64,True,
642149,257717,72,True,
639843,257048,38,True,
639843,259351,46,True,
639839,257044,38,True,
639839,260465,42,True,
639839,260466,40,True,
628557,255135,40,True,
628557,255136,44,True,
628558,255138,52,True,
628558,255139,32,True,
628559,255141,60,True,
628559,255142,38,True,
628559,255143,42,True,
642895,257895,34,True,
642895,257896,30,True,
644829,258470,48,True,
644829,258471,52,True,
644829,258472,48,True,
644829,258473,42,True,
644829,258474,46,True,
642896,257898,34,True,
642896,257899,36,True,
646066,259290,48,True,
646066,259291,48,True,
646066,259292,52,True,
646067,259293,30,True,
646067,259294,38,True,
646067,259295,46,True,
646068,259296,28,True,
646068,259297,48,True,
646069,259299,46,True,
646069,259300,48,True,
646069,259301,40,True,
642152,257727,48,True,
642152,257728,40,True,
642152,257729,32,True,
642152,257730,56,True,
642152,257731,34,True,
646070,259302,52,True,
646071,259305,38,True,
639844,257049,46,True,
639844,259353,38,True,
639844,259354,44,True,
639844,259355,56,True,
644263,258055,34,True,
644263,258056,34,True,
644263,258057,36,True,
628560,255144,40,True,
628560,255145,32,True,
628561,255147,48,True,
628561,255148,26,True,
628561,255149,46,True,
642897,257901,38,True,
642897,257902,44,True,
642897,257903,48,True,
644823,258450,60,True,
644823,258451,44,True,
644823,258452,52,True,
644823,258453,36,True,
642898,257904,42,True,
642898,257905,42,True,
646072,259308,42,True,
646073,259311,46,True,
646074,259314,40,True,
642150,257719,42,True,
642150,257720,40,True,
642150,257721,40,True,
645671,258769,34,True,
644279,258096,34,True,
644279,258097,56,True,
644279,258098,52,True,
644279,258099,38,True,
639840,257045,42,True,
639840,259343,52,True,
639840,259344,40,True,
639840,259345,44,True,
642899,257907,48,True,
642899,257908,44,True,
642900,257910,38,True,
642900,257911,44,True,
642900,257912,40,True,
647255,259819,46,True,
647255,259820,46,True,
647256,259822,40,True,
647256,259823,38,True,
647258,259828,40,True,
647258,259829,46,True,
647257,259825,56,True,
647257,259826,52,True,
647257,259827,30,True,
642914,257925,0,False,economy_round_coverage_incomplete|missing_or_ambiguous_team_round
642914,257926,0,False,economy_round_coverage_incomplete|missing_or_ambiguous_team_round
642914,257927,0,False,economy_round_coverage_incomplete|missing_or_ambiguous_team_round
642901,257913,46,True,
642901,257914,36,True,
642902,257916,36,True,
642902,257917,32,True,
642915,257928,0,False,economy_round_coverage_incomplete|missing_or_ambiguous_team_round
642915,257929,0,False,economy_round_coverage_incomplete|missing_or_ambiguous_team_round
647259,259831,42,True,
647259,259832,42,True,
647259,259833,44,True,
647260,259834,52,True,
647260,259835,40,True,
647262,259840,48,True,
647262,259841,38,True,
647262,259842,46,True,
647261,259837,52,True,
647261,259838,30,True,
647261,259839,48,True,
653018,262427,0,False,economy_round_coverage_incomplete|missing_or_ambiguous_team_round|overview_round_history_ineligible
653018,262428,0,False,economy_round_coverage_incomplete|missing_or_ambiguous_team_round|overview_round_history_ineligible
653018,262429,0,False,economy_round_coverage_incomplete|missing_or_ambiguous_team_round|overview_round_history_ineligible
648098,260503,46,True,
648098,260504,28,True,
647396,260081,42,True,
647396,260082,48,True,
653019,262430,0,False,economy_round_coverage_incomplete|missing_or_ambiguous_team_round|overview_round_history_ineligible
653019,262431,0,False,economy_round_coverage_incomplete|missing_or_ambiguous_team_round|overview_round_history_ineligible
653019,262432,0,False,economy_round_coverage_incomplete|missing_or_ambiguous_team_round|overview_round_history_ineligible
642916,257931,0,False,economy_round_coverage_incomplete|missing_or_ambiguous_team_round
642916,257933,0,False,economy_round_coverage_incomplete|missing_or_ambiguous_team_round
642916,260852,0,False,economy_round_coverage_incomplete|missing_or_ambiguous_team_round
642903,257919,44,True,
642903,257920,34,True,
648099,260506,46,True,
648099,260507,32,True,
648099,260508,52,True,
647397,260084,42,True,
647397,260085,34,True,
653020,262433,0,False,economy_round_coverage_incomplete|missing_or_ambiguous_team_round|overview_round_history_ineligible
653020,262434,0,False,economy_round_coverage_incomplete|missing_or_ambiguous_team_round|overview_round_history_ineligible
653020,262435,0,False,economy_round_coverage_incomplete|missing_or_ambiguous_team_round|overview_round_history_ineligible
642904,257922,34,True,
642904,257923,46,True,
642917,257934,0,False,economy_round_coverage_incomplete|missing_or_ambiguous_team_round
642917,257935,0,False,economy_round_coverage_incomplete|missing_or_ambiguous_team_round
644709,258339,52,True,
644709,258340,64,True,
644709,258341,30,True,
644710,258342,46,True,
644710,258343,40,True,
639899,257098,38,True,
639899,257099,40,True,
639900,257101,28,True,
639900,257102,32,True,
653021,262436,0,False,economy_round_coverage_incomplete|missing_or_ambiguous_team_round|overview_round_history_ineligible
653021,262437,0,False,economy_round_coverage_incomplete|missing_or_ambiguous_team_round|overview_round_history_ineligible
648100,260509,36,True,
648100,260510,44,True,
648100,260511,38,True,
647398,260087,44,True,
647398,260088,34,True,
653022,262439,0,False,economy_round_coverage_incomplete|missing_or_ambiguous_team_round|overview_round_history_ineligible
653022,262440,0,False,economy_round_coverage_incomplete|missing_or_ambiguous_team_round|overview_round_history_ineligible
642918,257937,0,False,economy_round_coverage_incomplete|missing_or_ambiguous_team_round
642918,257938,0,False,economy_round_coverage_incomplete|missing_or_ambiguous_team_round
648101,260512,38,True,
648101,260513,80,True,
647399,260090,68,True,
647399,260091,44,True,
647399,260092,48,True,
653023,262442,0,False,economy_round_coverage_incomplete|missing_or_ambiguous_team_round|overview_round_history_ineligible
653023,262443,0,False,economy_round_coverage_incomplete|missing_or_ambiguous_team_round|overview_round_history_ineligible
653023,262444,0,False,economy_round_coverage_incomplete|missing_or_ambiguous_team_round|overview_round_history_ineligible
642919,257940,0,False,economy_round_coverage_incomplete|missing_or_ambiguous_team_round
642919,257941,0,False,economy_round_coverage_incomplete|missing_or_ambiguous_team_round
642919,257942,0,False,economy_round_coverage_incomplete|missing_or_ambiguous_team_round
644711,258345,42,True,
644711,258346,32,True,
644712,258348,46,True,
644712,258349,42,True,
644712,258350,38,True,
639902,257107,40,True,
639902,257108,44,True,
639901,257104,48,True,
639901,257105,32,True,
653024,262445,0,False,economy_round_coverage_incomplete|missing_or_ambiguous_team_round|overview_round_history_ineligible
653024,262446,0,False,economy_round_coverage_incomplete|missing_or_ambiguous_team_round|overview_round_history_ineligible
653024,262447,0,False,economy_round_coverage_incomplete|missing_or_ambiguous_team_round|overview_round_history_ineligible
644652,258249,42,True,
644652,258250,34,True,
653025,262448,0,False,economy_round_coverage_incomplete|missing_or_ambiguous_team_round|overview_round_history_ineligible
653025,262449,0,False,economy_round_coverage_incomplete|missing_or_ambiguous_team_round|overview_round_history_ineligible
642920,257943,0,False,economy_round_coverage_incomplete|missing_or_ambiguous_team_round
642920,257944,0,False,economy_round_coverage_incomplete|missing_or_ambiguous_team_round
644653,258252,48,True,
644653,258253,34,True,
653026,262451,0,False,economy_round_coverage_incomplete|missing_or_ambiguous_team_round|overview_round_history_ineligible
653026,262452,0,False,economy_round_coverage_incomplete|missing_or_ambiguous_team_round|overview_round_history_ineligible
653026,262453,0,False,economy_round_coverage_incomplete|missing_or_ambiguous_team_round|overview_round_history_ineligible
642921,257946,0,False,economy_round_coverage_incomplete|missing_or_ambiguous_team_round
642921,257947,0,False,economy_round_coverage_incomplete|missing_or_ambiguous_team_round
644713,258351,44,True,
644713,258352,44,True,
644713,258353,44,True,
644714,258354,48,True,
644714,258355,42,True,
639903,257110,36,True,
639903,257111,44,True,
639903,257112,34,True,
653027,262454,0,False,economy_round_coverage_incomplete|missing_or_ambiguous_team_round|overview_round_history_ineligible
653027,262455,0,False,economy_round_coverage_incomplete|missing_or_ambiguous_team_round|overview_round_history_ineligible
653027,262456,0,False,economy_round_coverage_incomplete|missing_or_ambiguous_team_round|overview_round_history_ineligible
644654,258255,56,True,
644654,258256,46,True,
644654,258257,38,True,
653028,262457,0,False,economy_round_coverage_incomplete|missing_or_ambiguous_team_round|overview_round_history_ineligible
653028,262458,0,False,economy_round_coverage_incomplete|missing_or_ambiguous_team_round|overview_round_history_ineligible
642922,257949,0,False,economy_round_coverage_incomplete|missing_or_ambiguous_team_round
642922,257950,0,False,economy_round_coverage_incomplete|missing_or_ambiguous_team_round
653029,262460,0,False,economy_round_coverage_incomplete|missing_or_ambiguous_team_round|overview_round_history_ineligible
653029,262461,0,False,economy_round_coverage_incomplete|missing_or_ambiguous_team_round|overview_round_history_ineligible
644655,258258,38,True,
644655,258259,42,True,
642923,257952,0,False,economy_round_coverage_incomplete|missing_or_ambiguous_team_round
642923,257953,0,False,economy_round_coverage_incomplete|missing_or_ambiguous_team_round
649758,261081,42,True,
649758,261082,36,True,
649758,261083,30,True,
649922,261352,46,True,
649922,261353,28,True,
649923,261355,36,True,
649923,261356,46,True,
649926,261364,28,True,
649926,261365,42,True,
649926,261366,40,True,
649927,261367,38,True,
649927,261368,46,True,
649927,261369,48,True,
649792,261187,46,True,
649792,261188,44,True,
649813,261247,36,True,
649813,261248,52,True,
649924,261358,56,True,
649924,261359,28,True,
649924,261360,48,True,
649925,261361,40,True,
649925,261362,32,True,
649925,261363,28,True,
649759,261084,42,True,
649759,261085,38,True,
649759,261086,52,True,
649928,261370,46,True,
649928,261371,38,True,
649929,261373,46,True,
649929,261374,32,True,
650839,261595,30,True,
650839,261596,38,True,
650844,261604,42,True,
650844,261605,40,True,
650844,261611,0,False,economy_round_coverage_incomplete|missing_or_ambiguous_team_round|overview_round_history_ineligible
649793,261190,44,True,
649793,261191,36,True,
649814,261250,46,True,
649814,261251,30,True,
649814,261252,36,True,
650845,261602,32,True,
650845,261609,38,True,
650850,261607,46,True,
650850,261610,38,True,
649760,261087,48,True,
649760,261088,48,True,
649760,261089,44,True,
644656,258261,36,True,
644656,258262,56,True,
642924,257955,0,False,economy_round_coverage_incomplete|missing_or_ambiguous_team_round
642924,257956,0,False,economy_round_coverage_incomplete|missing_or_ambiguous_team_round
642924,257957,0,False,economy_round_coverage_incomplete|missing_or_ambiguous_team_round
644657,258264,40,True,
644657,258265,38,True,
644657,258266,48,True,
642925,257958,0,False,economy_round_coverage_incomplete|missing_or_ambiguous_team_round
642925,257959,0,False,economy_round_coverage_incomplete|missing_or_ambiguous_team_round
649761,261090,36,True,
649761,261091,44,True,
649930,261376,38,True,
649930,261377,52,True,
649931,261379,48,True,
649931,261380,40,True,
649934,261388,48,True,
649934,261389,34,True,
649934,261390,30,True,
649935,261391,34,True,
649935,261392,26,True,
649794,261193,32,True,
649794,261194,38,True,
649762,261093,38,True,
649762,261094,36,True,
649762,261095,52,True,
649815,261253,38,True,
649815,261254,44,True,
649815,261255,40,True,
650488,261528,48,True,
650488,261529,44,True,
649932,261382,34,True,
649932,263081,0,False,economy_round_coverage_incomplete|missing_or_ambiguous_team_round
649933,261385,36,True,
649933,261386,36,True,
649936,261394,32,True,
649936,261395,38,True,
649938,261397,34,True,
649938,261398,42,True,
650955,261723,38,True,
650955,261724,40,True,
650955,261965,38,True,
650956,261726,28,True,
650956,261727,42,True,
649795,261196,38,True,
649795,261197,36,True,
650486,261523,32,True,
650486,261819,52,True,
650957,261729,42,True,
650957,261730,44,True,
650958,261732,48,True,
650958,261733,46,True,
649816,261256,42,True,
649816,261257,38,True,
649763,261096,28,True,
649763,261097,40,True,
653303,262516,0,False,economy_round_coverage_incomplete|missing_or_ambiguous_team_round|overview_round_history_ineligible
653303,262517,0,False,economy_round_coverage_incomplete|missing_or_ambiguous_team_round|overview_round_history_ineligible
648102,260515,48,True,
648102,260516,44,True,
648102,260517,46,True,
653304,262519,0,False,economy_round_coverage_incomplete|missing_or_ambiguous_team_round|overview_round_history_ineligible
653304,262520,0,False,economy_round_coverage_incomplete|missing_or_ambiguous_team_round|overview_round_history_ineligible
653305,262522,0,False,economy_round_coverage_incomplete|missing_or_ambiguous_team_round|overview_round_history_ineligible
653305,262523,0,False,economy_round_coverage_incomplete|missing_or_ambiguous_team_round|overview_round_history_ineligible
648103,260518,40,True,
648103,260519,32,True,
649796,261199,44,True,
649796,261200,36,True,
649949,261400,44,True,
649949,261401,46,True,
649949,261402,42,True,
649950,261403,40,True,
649950,261404,34,True,
649953,261412,32,True,
649953,261413,32,True,
649953,261414,36,True,
649954,261415,32,True,
649954,261416,38,True,
650490,261534,46,True,
650490,261535,48,True,
650491,261537,28,True,
650491,261538,52,True,
650491,261539,40,True,
649764,261099,40,True,
649764,261100,34,True,
649764,261101,28,True,
649797,261202,44,True,
649797,261203,38,True,
649797,261204,42,True,
650492,261540,38,True,
650492,261541,34,True,
649951,261406,38,True,
649951,261407,28,True,
649952,261409,44,True,
649952,261410,34,True,
649955,261418,48,True,
649955,261419,52,True,
649955,261420,38,True,
649956,261421,34,True,
649956,261422,40,True,
650493,261543,40,True,
650493,261544,60,True,
650493,261545,32,True,
649765,261102,56,True,
649765,261103,48,True,
648747,260828,44,True,
648747,260829,46,True,
648747,260830,36,True,
648748,260831,44,True,
648748,260832,44,True,
650874,261612,48,False,overview_round_history_ineligible
650874,261613,44,True,
650874,261614,34,True,
650875,261615,56,True,
650875,261616,48,True,
648750,260837,48,True,
648750,260838,42,True,
648750,260839,28,True,
650876,261618,42,True,
650876,261619,34,True,
650877,261621,52,True,
650877,261622,46,True,
650877,261623,46,True,
648749,260834,42,True,
648749,260835,34,True,
653306,262525,0,False,economy_round_coverage_incomplete|missing_or_ambiguous_team_round|overview_round_history_ineligible
653306,262526,0,False,economy_round_coverage_incomplete|missing_or_ambiguous_team_round|overview_round_history_ineligible
648105,260524,34,True,
648105,260525,44,True,
648105,260526,56,True,
653307,262528,0,False,economy_round_coverage_incomplete|missing_or_ambiguous_team_round|overview_round_history_ineligible
653307,262529,0,False,economy_round_coverage_incomplete|missing_or_ambiguous_team_round|overview_round_history_ineligible
642927,257961,0,False,economy_round_coverage_incomplete|missing_or_ambiguous_team_round
642927,257963,0,False,economy_round_coverage_incomplete|missing_or_ambiguous_team_round
642927,262074,0,False,economy_round_coverage_incomplete|missing_or_ambiguous_team_round
648106,260527,52,True,
648106,260528,38,True,
653308,262531,0,False,economy_round_coverage_incomplete|missing_or_ambiguous_team_round|overview_round_history_ineligible
653308,262532,0,False,economy_round_coverage_incomplete|missing_or_ambiguous_team_round|overview_round_history_ineligible
642928,257964,0,False,economy_round_coverage_incomplete|missing_or_ambiguous_team_round
642928,257965,0,False,economy_round_coverage_incomplete|missing_or_ambiguous_team_round
649798,261205,34,True,
649798,261206,56,True,
650494,261546,48,True,
650494,261547,56,True,
650494,261548,48,True,
650501,261569,48,True,
650501,261570,44,True,
651540,262010,42,True,
651540,262011,38,True,
651540,262012,34,True,
651541,262013,52,True,
651541,262014,36,True,
649799,261208,44,True,
649799,261209,42,True,
650499,261563,42,True,
650499,261564,42,True,
650495,261549,64,True,
650495,261550,28,True,
650495,261551,44,True,
651542,262016,40,True,
651542,262017,52,True,
651542,262018,36,True,
651543,262019,42,True,
651543,262020,46,True,
648751,260840,44,True,
648751,260841,36,True,
648751,260842,32,True,
648752,260843,46,True,
648752,260844,42,True,
650880,261630,42,True,
650880,261631,34,True,
648754,260849,44,True,
648754,260850,30,True,
648753,260846,34,True,
648753,260847,46,True,
650879,261627,48,True,
650879,261628,42,True,
648107,260530,36,True,
648107,260531,40,True,
648107,260532,32,True,
653309,262534,0,False,economy_round_coverage_incomplete|missing_or_ambiguous_team_round|overview_round_history_ineligible
653309,262535,0,False,economy_round_coverage_incomplete|missing_or_ambiguous_team_round|overview_round_history_ineligible
648108,260533,38,True,
648108,260534,42,True,
647402,260101,32,True,
647402,260102,28,True,
653311,262537,0,False,economy_round_coverage_incomplete|missing_or_ambiguous_team_round|overview_round_history_ineligible
653311,262538,0,False,economy_round_coverage_incomplete|missing_or_ambiguous_team_round|overview_round_history_ineligible
642929,257967,0,False,economy_round_coverage_incomplete|missing_or_ambiguous_team_round
642929,257968,0,False,economy_round_coverage_incomplete|missing_or_ambiguous_team_round
651751,262111,48,True,
651751,262112,48,True,
648104,260521,46,True,
648104,260522,38,True,
647403,260104,32,True,
647403,260105,44,True,
653312,262540,0,False,economy_round_coverage_incomplete|missing_or_ambiguous_team_round|overview_round_history_ineligible
653312,262541,0,False,economy_round_coverage_incomplete|missing_or_ambiguous_team_round|overview_round_history_ineligible
642930,257970,0,False,economy_round_coverage_incomplete|missing_or_ambiguous_team_round
642930,257971,0,False,economy_round_coverage_incomplete|missing_or_ambiguous_team_round
651752,262114,52,True,
651752,262115,48,True,
644716,258357,42,True,
644716,258358,52,True,
644716,258359,46,True,
644717,258360,38,True,
644717,258361,46,True,
650878,261624,42,True,
650878,261625,48,True,
650878,261626,40,True,
650881,261633,60,True,
650881,261634,44,True,
650938,261685,40,True,
650938,261687,68,True,
650938,262242,36,True,
650943,261700,60,True,
650943,261701,44,True,
653313,262543,0,False,economy_round_coverage_incomplete|missing_or_ambiguous_team_round|overview_round_history_ineligible
653313,262544,0,False,economy_round_coverage_incomplete|missing_or_ambiguous_team_round|overview_round_history_ineligible
648109,260536,40,True,
648109,260537,36,True,
647400,260093,46,True,
647400,260094,44,True,
653314,262546,0,False,economy_round_coverage_incomplete|missing_or_ambiguous_team_round|overview_round_history_ineligible
653314,262547,0,False,economy_round_coverage_incomplete|missing_or_ambiguous_team_round|overview_round_history_ineligible
642931,257973,0,False,economy_round_coverage_incomplete|missing_or_ambiguous_team_round
642931,257974,0,False,economy_round_coverage_incomplete|missing_or_ambiguous_team_round
651753,262117,40,True,
651753,262118,34,True,
651753,262119,40,True,
651753,262120,42,True,
651753,262121,34,True,
648110,260539,42,True,
648110,260540,40,True,
648110,260541,46,True,
647404,260107,44,True,
647404,260108,36,True,
653315,262549,0,False,economy_round_coverage_incomplete|missing_or_ambiguous_team_round|overview_round_history_ineligible
653315,262550,0,False,economy_round_coverage_incomplete|missing_or_ambiguous_team_round|overview_round_history_ineligible
642932,257976,0,False,economy_round_coverage_incomplete|missing_or_ambiguous_team_round
642932,257977,0,False,economy_round_coverage_incomplete|missing_or_ambiguous_team_round
642932,257978,0,False,economy_round_coverage_incomplete|missing_or_ambiguous_team_round
644718,258363,48,True,
644718,258364,46,True,
644719,258366,46,True,
644719,258367,42,True,
650920,261644,46,True,
650920,261645,60,True,
650920,261646,32,True,
650882,261636,42,False,missing_loadout_value
650882,261637,48,True,
650882,261638,32,True,
650925,261659,34,True,
650925,261660,28,True,
650925,261661,42,True,
644658,258267,56,True,
644658,258268,38,True,
642933,257979,0,False,economy_round_coverage_incomplete|missing_or_ambiguous_team_round
642933,257980,0,False,economy_round_coverage_incomplete|missing_or_ambiguous_team_round
644659,258270,48,True,
644659,258271,56,True,
644659,258272,46,True,
642934,257982,0,False,economy_round_coverage_incomplete|missing_or_ambiguous_team_round
642934,257983,0,False,economy_round_coverage_incomplete|missing_or_ambiguous_team_round
642934,257984,0,False,economy_round_coverage_incomplete|missing_or_ambiguous_team_round
644720,258369,44,True,
644720,258370,44,True,
644720,258371,38,True,
644721,258372,44,True,
644721,258373,44,True,
644721,258374,44,True,
645474,258575,42,True,
645474,258576,44,True,
645475,258578,42,True,
645475,258579,60,True,
656274,263614,0,False,economy_round_coverage_incomplete|missing_or_ambiguous_team_round|overview_round_history_ineligible
656274,263616,0,False,economy_round_coverage_incomplete|missing_or_ambiguous_team_round|overview_round_history_ineligible
644660,258273,44,True,
644660,258274,44,True,
656276,263620,0,False,economy_round_coverage_incomplete|missing_or_ambiguous_team_round|overview_round_history_ineligible
656276,263622,0,False,economy_round_coverage_incomplete|missing_or_ambiguous_team_round|overview_round_history_ineligible
642935,257985,0,False,economy_round_coverage_incomplete|missing_or_ambiguous_team_round
642935,257986,0,False,economy_round_coverage_incomplete|missing_or_ambiguous_team_round
642935,257987,0,False,economy_round_coverage_incomplete|missing_or_ambiguous_team_round
656278,263626,0,False,economy_round_coverage_incomplete|missing_or_ambiguous_team_round|overview_round_history_ineligible
656278,263628,0,False,economy_round_coverage_incomplete|missing_or_ambiguous_team_round|overview_round_history_ineligible
656278,263630,0,False,economy_round_coverage_incomplete|missing_or_ambiguous_team_round|overview_round_history_ineligible
644661,258276,48,True,
644661,258277,60,True,
642936,257988,0,False,economy_round_coverage_incomplete|missing_or_ambiguous_team_round
642936,257989,0,False,economy_round_coverage_incomplete|missing_or_ambiguous_team_round
642936,257990,0,False,economy_round_coverage_incomplete|missing_or_ambiguous_team_round
649766,261105,44,True,
649766,261106,28,True,
649957,261424,48,True,
649957,261425,42,True,
649958,261427,30,True,
649958,261428,34,True,
649961,261436,30,True,
649961,261437,42,True,
649961,261438,48,True,
649962,261439,44,True,
649962,261440,46,True,
649962,261441,40,True,
649801,261211,40,True,
649801,261212,36,True,
651544,262022,44,True,
651544,262023,34,True,
649959,261430,34,True,
649959,261431,44,True,
649960,261433,30,True,
649960,261434,46,True,
649963,261442,46,True,
649963,261443,32,True,
649964,261445,34,True,
649964,261446,52,True,
649964,261447,40,True,
649767,261108,36,True,
649767,261109,46,True,
649767,261110,42,True,
651193,261808,40,True,
651193,261809,48,True,
649802,261214,30,True,
649802,261215,32,True,
651545,262025,48,True,
651545,262026,32,True,
649768,261111,40,True,
649768,261112,42,True,
649768,261113,42,True,
651194,261810,42,True,
651194,261811,32,True,
645476,258581,42,True,
645476,258582,34,True,
645477,258584,44,True,
645477,258585,48,True,
645477,258586,42,True,
656280,263632,0,False,economy_round_coverage_incomplete|missing_or_ambiguous_team_round|overview_round_history_ineligible
656280,263634,0,False,economy_round_coverage_incomplete|missing_or_ambiguous_team_round|overview_round_history_ineligible
644662,258279,38,True,
644662,258280,40,True,
656282,263638,0,False,economy_round_coverage_incomplete|missing_or_ambiguous_team_round|overview_round_history_ineligible
656282,263640,0,False,economy_round_coverage_incomplete|missing_or_ambiguous_team_round|overview_round_history_ineligible
656282,263642,0,False,economy_round_coverage_incomplete|missing_or_ambiguous_team_round|overview_round_history_ineligible
642937,257991,0,False,economy_round_coverage_incomplete|missing_or_ambiguous_team_round
642937,257992,0,False,economy_round_coverage_incomplete|missing_or_ambiguous_team_round
644663,258282,64,True,
644663,258283,32,True,
644663,258284,32,True,
656284,263644,0,False,economy_round_coverage_incomplete|missing_or_ambiguous_team_round|overview_round_history_ineligible
656284,263646,0,False,economy_round_coverage_incomplete|missing_or_ambiguous_team_round|overview_round_history_ineligible
656284,263648,0,False,economy_round_coverage_incomplete|missing_or_ambiguous_team_round|overview_round_history_ineligible
642938,257994,0,False,economy_round_coverage_incomplete|missing_or_ambiguous_team_round
642938,257995,0,False,economy_round_coverage_incomplete|missing_or_ambiguous_team_round
642938,257996,0,False,economy_round_coverage_incomplete|missing_or_ambiguous_team_round
649769,261114,30,True,
649769,261115,44,True,
649769,261116,42,True,
649967,261448,30,True,
649967,261449,46,True,
649968,261451,34,True,
649968,261452,48,True,
649968,261453,38,True,
649971,261460,42,True,
649971,261461,46,True,
649971,261462,38,True,
649972,261463,56,True,
649972,261464,36,True,
649803,261217,30,True,
649803,261218,40,True,
650502,261572,38,True,
650502,261573,44,True,
650503,261575,38,True,
650503,261576,34,True,
651546,262028,48,True,
651546,262029,46,True,
651546,262030,38,True,
649969,261454,42,True,
649969,261455,42,True,
649969,261456,42,True,
649970,261457,38,True,
649970,261458,42,True,
649973,261466,48,True,
649973,261467,36,True,
649973,261468,46,True,
649974,261469,46,True,
649974,261470,46,True,
649770,261117,46,True,
649770,261118,44,True,
649770,261119,38,True,
651380,261989,46,True,
651380,261990,44,True,
651380,261991,48,True,
649804,261220,38,True,
649804,261221,36,True,
650496,261552,64,True,
650496,261553,40,True,
651547,262031,36,True,
651547,262032,32,True,
649771,261120,38,True,
649771,261121,34,True,
651381,261992,40,True,
651381,261993,46,True,
645478,258587,38,True,
645478,258588,36,True,
645479,258590,40,True,
645479,258591,46,True,
656286,263650,0,False,economy_round_coverage_incomplete|missing_or_ambiguous_team_round|overview_round_history_ineligible
656286,263652,0,False,economy_round_coverage_incomplete|missing_or_ambiguous_team_round|overview_round_history_ineligible
656286,263654,0,False,economy_round_coverage_incomplete|missing_or_ambiguous_team_round|overview_round_history_ineligible
656288,263656,0,False,economy_round_coverage_incomplete|missing_or_ambiguous_team_round|overview_round_history_ineligible
656288,263658,0,False,economy_round_coverage_incomplete|missing_or_ambiguous_team_round|overview_round_history_ineligible
656290,263662,0,False,economy_round_coverage_incomplete|missing_or_ambiguous_team_round|overview_round_history_ineligible
656290,263664,0,False,economy_round_coverage_incomplete|missing_or_ambiguous_team_round|overview_round_history_ineligible
649805,261223,34,True,
649805,261224,48,True,
649805,261225,46,True,
649975,261472,40,True,
649975,261473,52,True,
649975,261474,48,True,
649976,261475,34,True,
649976,261476,40,True,
649979,261484,44,True,
649979,261485,46,True,
649979,261486,46,True,
649980,261487,32,True,
649980,261488,48,True,
649980,261489,32,True,
650504,261578,30,True,
650504,261579,36,True,
649772,261123,44,True,
649772,261124,52,True,
649772,261125,56,True,
650505,261581,26,True,
650505,261582,40,True,
650505,261583,32,True,
649806,261226,52,True,
649806,261227,38,True,
649806,261228,44,True,
649978,261481,30,True,
649978,261482,32,True,
649981,261490,42,True,
649981,261491,44,True,
649981,261492,60,True,
649977,261478,46,True,
649977,261479,46,True,
649977,261480,44,True,
649982,263082,42,True,
649982,263083,40,True,
649982,263084,32,True,
649773,261126,46,True,
649773,261127,36,True,
651755,262122,34,True,
651755,262123,42,True,
651756,262125,46,True,
651756,262126,46,True,
650937,261682,48,True,
650937,261683,30,True,
651757,262128,34,True,
651757,262129,42,True,
651757,262130,48,True,
651758,262131,42,True,
651758,262132,46,True,
650942,261697,36,True,
650942,261698,42,True,
656292,263668,0,False,economy_round_coverage_incomplete|missing_or_ambiguous_team_round|overview_round_history_ineligible
656292,263670,0,False,economy_round_coverage_incomplete|missing_or_ambiguous_team_round|overview_round_history_ineligible
656292,263672,0,False,economy_round_coverage_incomplete|missing_or_ambiguous_team_round|overview_round_history_ineligible
656294,263674,0,False,economy_round_coverage_incomplete|missing_or_ambiguous_team_round|overview_round_history_ineligible
656294,263676,0,False,economy_round_coverage_incomplete|missing_or_ambiguous_team_round|overview_round_history_ineligible
656294,263678,0,False,economy_round_coverage_incomplete|missing_or_ambiguous_team_round|overview_round_history_ineligible
642939,257997,0,False,economy_round_coverage_incomplete|missing_or_ambiguous_team_round
642939,257998,0,False,economy_round_coverage_incomplete|missing_or_ambiguous_team_round
656296,263680,0,False,economy_round_coverage_incomplete|missing_or_ambiguous_team_round|overview_round_history_ineligible
656296,263682,0,False,economy_round_coverage_incomplete|missing_or_ambiguous_team_round|overview_round_history_ineligible
642940,258000,0,False,economy_round_coverage_incomplete|missing_or_ambiguous_team_round
642940,258001,0,False,economy_round_coverage_incomplete|missing_or_ambiguous_team_round
642940,258002,0,False,economy_round_coverage_incomplete|missing_or_ambiguous_team_round
649983,261496,46,True,
649983,261497,40,True,
649984,261499,36,True,
649984,261500,36,True,
649987,261508,46,True,
649987,261509,30,True,
649988,261511,38,True,
649988,261512,34,True,
650506,261584,44,True,
650506,261585,44,True,
655312,262964,40,True,
655312,262965,40,True,
655313,262967,30,True,
655313,262968,42,True,
655313,262969,48,True,
649985,261502,36,True,
649985,261503,40,True,
649985,261504,34,True,
649986,261505,44,True,
649986,261506,34,True,
649989,261514,36,True,
649989,261515,52,True,
655314,262970,44,True,
655314,262971,46,True,
650919,261641,32,True,
650919,261642,46,True,
655315,262973,34,True,
655315,262974,30,True,
651759,262134,38,True,
651759,262135,44,True,
651759,262136,42,True,
651760,262137,40,True,
651760,262138,40,True,
650924,261656,42,True,
650924,261657,38,True,
651761,262140,38,True,
651761,262141,48,True,
653831,262744,48,True,
653831,262745,46,True,
647405,260110,34,True,
647405,260111,44,True,
647405,260112,56,True,
642941,258003,0,False,economy_round_coverage_incomplete|missing_or_ambiguous_team_round
642941,258004,0,False,economy_round_coverage_incomplete|missing_or_ambiguous_team_round
653832,262747,46,True,
653832,262748,56,True,
653832,262749,44,True,
642942,258006,0,False,economy_round_coverage_incomplete|missing_or_ambiguous_team_round
642942,258007,0,False,economy_round_coverage_incomplete|missing_or_ambiguous_team_round
642942,258008,0,False,economy_round_coverage_incomplete|missing_or_ambiguous_team_round
644722,258375,48,True,
644722,258376,40,True,
644722,264326,44,True,
644723,258378,46,True,
644723,258379,42,True,
650939,261688,34,True,
650939,261689,36,True,
650944,261703,56,True,
650944,261704,36,True,
656317,263745,0,False,economy_round_coverage_incomplete|missing_or_ambiguous_team_round|overview_round_history_ineligible
656317,263746,0,False,economy_round_coverage_incomplete|missing_or_ambiguous_team_round|overview_round_history_ineligible
656317,263747,0,False,economy_round_coverage_incomplete|missing_or_ambiguous_team_round|overview_round_history_ineligible
647401,260096,46,True,
647401,260097,34,True,
647401,260098,52,True,
653833,262750,46,True,
653833,262751,52,True,
653833,262752,42,True,
653833,262753,36,True,
656318,263748,0,False,economy_round_coverage_incomplete|missing_or_ambiguous_team_round|overview_round_history_ineligible
656318,263749,0,False,economy_round_coverage_incomplete|missing_or_ambiguous_team_round|overview_round_history_ineligible
642943,258009,0,False,economy_round_coverage_incomplete|missing_or_ambiguous_team_round
642943,258010,0,False,economy_round_coverage_incomplete|missing_or_ambiguous_team_round
656319,263751,0,False,economy_round_coverage_incomplete|missing_or_ambiguous_team_round|overview_round_history_ineligible
656319,263752,0,False,economy_round_coverage_incomplete|missing_or_ambiguous_team_round|overview_round_history_ineligible
656319,263753,0,False,economy_round_coverage_incomplete|missing_or_ambiguous_team_round|overview_round_history_ineligible
642944,258012,0,False,economy_round_coverage_incomplete|missing_or_ambiguous_team_round
642944,258013,0,False,economy_round_coverage_incomplete|missing_or_ambiguous_team_round
642944,258014,0,False,economy_round_coverage_incomplete|missing_or_ambiguous_team_round
644724,258381,48,True,
644724,258382,38,True,
644725,258384,38,True,
644725,258385,30,True,
644725,258386,40,True,
650921,261647,52,True,
650921,261648,44,True,
650926,261662,46,True,
650926,261663,40,True,
650926,261664,38,True,
656320,263754,0,False,economy_round_coverage_incomplete|missing_or_ambiguous_team_round|overview_round_history_ineligible
656320,263755,0,False,economy_round_coverage_incomplete|missing_or_ambiguous_team_round|overview_round_history_ineligible
644665,258285,36,True,
644665,265130,52,True,
656321,263757,0,False,economy_round_coverage_incomplete|missing_or_ambiguous_team_round|overview_round_history_ineligible
656321,263758,0,False,economy_round_coverage_incomplete|missing_or_ambiguous_team_round|overview_round_history_ineligible
656322,263760,0,False,economy_round_coverage_incomplete|missing_or_ambiguous_team_round|overview_round_history_ineligible
656322,263761,0,False,economy_round_coverage_incomplete|missing_or_ambiguous_team_round|overview_round_history_ineligible
656322,263762,0,False,economy_round_coverage_incomplete|missing_or_ambiguous_team_round|overview_round_history_ineligible
644666,258288,34,True,
644666,258289,68,True,
644726,258387,44,True,
644726,258388,56,True,
644727,258390,48,True,
644727,258391,34,True,
645480,258593,48,True,
645480,258594,36,True,
645480,258595,44,True,
645481,258596,52,True,
645481,258597,36,True,
645481,258598,46,True,
644667,258291,42,True,
644667,258292,44,True,
642947,258021,0,False,economy_round_coverage_incomplete|missing_or_ambiguous_team_round
642947,258022,0,False,economy_round_coverage_incomplete|missing_or_ambiguous_team_round
644668,258294,46,True,
644668,258295,40,True,
644668,258296,36,True,
642946,258018,0,False,economy_round_coverage_incomplete|missing_or_ambiguous_team_round
642946,258019,0,False,economy_round_coverage_incomplete|missing_or_ambiguous_team_round
642946,258020,0,False,economy_round_coverage_incomplete|missing_or_ambiguous_team_round
649774,261129,52,True,
649774,261130,44,True,
649774,261131,44,True,
657964,265061,48,True,
657964,265062,48,True,
649807,261229,36,True,
649807,261230,44,True,
649807,261231,38,True,
655316,262976,36,True,
655316,262977,42,True,
655316,262978,42,True,
657965,265064,48,True,
657965,265065,38,True,
649775,261132,44,True,
649775,261133,52,True,
651195,261813,32,True,
651195,261814,34,True,
649808,261232,40,True,
649808,261233,30,True,
655317,262979,48,True,
655317,262980,44,True,
651196,261816,34,True,
651196,261817,42,True,
649776,261135,48,True,
649776,261136,48,True,
645482,258599,38,True,
645482,258600,48,True,
645482,258601,52,True,
645483,258602,46,True,
645483,258603,34,True,
644669,258297,42,True,
644669,258298,46,True,
642948,258024,0,False,economy_round_coverage_incomplete|missing_or_ambiguous_team_round
642948,258025,0,False,economy_round_coverage_incomplete|missing_or_ambiguous_team_round
642948,258026,0,False,economy_round_coverage_incomplete|missing_or_ambiguous_team_round
644670,258300,42,True,
644670,258301,32,True,
642945,258015,0,False,economy_round_coverage_incomplete|missing_or_ambiguous_team_round
642945,258016,0,False,economy_round_coverage_incomplete|missing_or_ambiguous_team_round
642945,258017,0,False,economy_round_coverage_incomplete|missing_or_ambiguous_team_round
649777,261138,42,True,
649777,261139,48,True,
649777,261140,44,True,
657966,265067,36,True,
657966,265068,42,True,
649809,261235,32,True,
649809,261236,48,True,
655318,262982,32,True,
655318,262983,48,True,
655318,262984,42,True,
657967,265070,40,True,
657967,265071,44,True,
657967,265072,46,True,
651382,261995,30,True,
651382,261996,38,True,
651382,261997,46,True,
649778,261141,52,True,
649778,261142,38,True,
649810,261238,46,True,
649810,261239,48,True,
655319,262985,32,True,
655319,262986,38,True,
655319,262987,64,True,
651383,261998,40,True,
651383,261999,34,True,
651383,262000,30,True,
649779,261144,42,True,
649779,261145,48,True,
649779,261146,36,True,
645484,258605,46,True,
645484,258606,42,True,
645485,258608,46,True,
645485,258609,72,True,
681032,269362,0,False,economy_round_coverage_incomplete|missing_or_ambiguous_team_round|overview_round_history_ineligible
681032,269363,0,False,economy_round_coverage_incomplete|missing_or_ambiguous_team_round|overview_round_history_ineligible
681032,269364,0,False,economy_round_coverage_incomplete|missing_or_ambiguous_team_round|overview_round_history_ineligible
681033,269365,0,False,economy_round_coverage_incomplete|missing_or_ambiguous_team_round|overview_round_history_ineligible
681033,269366,0,False,economy_round_coverage_incomplete|missing_or_ambiguous_team_round|overview_round_history_ineligible
681033,269367,0,False,economy_round_coverage_incomplete|missing_or_ambiguous_team_round|overview_round_history_ineligible
649811,261241,48,True,
649811,261242,46,True,
650507,261587,36,True,
650507,261588,42,True,
650507,261589,36,True,
650507,261590,40,True,
657973,265092,56,True,
657973,265093,36,True,
649812,261244,42,True,
649812,261245,46,True,
657974,265095,42,True,
657974,265096,34,True,
657974,265097,30,True,
656692,263966,48,True,
656692,263967,40,True,
656692,263968,46,True,
656693,263969,42,True,
656693,263970,46,True,
650940,261691,34,True,
650940,261692,34,True,
650940,261693,34,True,
656694,263972,40,True,
656694,263973,48,True,
656694,263974,48,True,
650945,261706,46,True,
650945,261707,42,True,
681034,269368,0,False,economy_round_coverage_incomplete|missing_or_ambiguous_team_round|overview_round_history_ineligible
681034,269369,0,False,economy_round_coverage_incomplete|missing_or_ambiguous_team_round|overview_round_history_ineligible
681035,269371,0,False,economy_round_coverage_incomplete|missing_or_ambiguous_team_round|overview_round_history_ineligible
681035,269372,0,False,economy_round_coverage_incomplete|missing_or_ambiguous_team_round|overview_round_history_ineligible
650497,261555,44,True,
650497,261556,46,True,
650497,261557,44,True,
650497,261558,40,True,
657968,265073,48,True,
657968,265074,38,True,
657968,265075,46,True,
655323,262988,32,True,
655323,262989,46,True,
657969,265076,46,True,
657969,265077,42,True,
650922,261650,30,True,
650922,261651,34,True,
655324,262991,42,True,
655324,262992,44,True,
655324,262993,46,True,
656695,263975,46,True,
656695,263976,42,True,
656695,263977,40,True,
650927,261665,32,True,
650927,261666,36,True,
656696,263978,34,True,
656696,263979,40,True,
681036,269374,0,False,economy_round_coverage_incomplete|missing_or_ambiguous_team_round|overview_round_history_ineligible
681036,269375,0,False,economy_round_coverage_incomplete|missing_or_ambiguous_team_round|overview_round_history_ineligible
681037,269377,0,False,economy_round_coverage_incomplete|missing_or_ambiguous_team_round|overview_round_history_ineligible
681037,269378,0,False,economy_round_coverage_incomplete|missing_or_ambiguous_team_round|overview_round_history_ineligible
644728,258393,44,True,
644728,258394,48,True,
644728,258395,48,True,
644729,258396,44,True,
644729,258397,44,True,
644729,258398,40,True,
661041,265749,40,True,
661041,265750,36,True,
661042,265752,46,True,
661042,265753,36,True,
650941,261694,42,True,
650941,261695,38,True,
650941,261696,40,True,
661043,265755,30,True,
661043,265756,30,True,
650946,261709,30,True,
650946,261710,44,True,
644730,258399,32,True,
644730,258400,40,True,
644730,258401,44,True,
644731,258402,44,True,
644731,258403,46,True,
644731,258404,42,True,
650923,261653,46,True,
650923,261654,48,True,
650923,261655,40,True,
650928,261668,40,True,
650928,261669,40,True,
644671,258303,44,True,
644671,258304,46,True,
644671,258305,32,True,
644672,258306,32,True,
644672,258307,42,True,
644732,258405,34,True,
644732,258406,46,True,
644733,258408,42,True,
644733,258409,46,True,
644733,258410,36,True,
645486,258611,34,True,
645486,258612,34,True,
645487,258614,44,True,
645487,258615,46,True,
644673,258309,32,True,
644673,258310,46,True,
644673,258311,72,True,
681040,269388,0,False,economy_round_coverage_incomplete|missing_or_ambiguous_team_round|overview_round_history_ineligible
681040,269389,0,False,economy_round_coverage_incomplete|missing_or_ambiguous_team_round|overview_round_history_ineligible
681040,269390,0,False,economy_round_coverage_incomplete|missing_or_ambiguous_team_round|overview_round_history_ineligible
644674,258312,48,True,
644674,258313,46,True,
644674,258314,44,True,
649780,261147,32,True,
649780,261148,36,True,
661065,265758,42,True,
661065,265759,52,True,
661065,265760,42,True,
655325,262994,40,True,
655325,262995,40,True,
655325,262996,36,True,
649781,261150,36,True,
649781,261151,52,True,
649781,261152,44,True,
662231,266216,56,True,
662231,266217,36,True,
661066,265761,42,True,
661066,265762,48,True,
655326,262997,32,True,
655326,262998,34,True,
662233,266219,56,True,
662233,266220,30,True,
662233,266221,44,True,
649782,261153,42,True,
649782,261154,36,True,
649782,261155,48,True,
645488,258617,34,True,
645488,258618,46,True,
645489,258620,44,True,
645489,258621,46,True,
645489,258622,30,True,
644675,258315,38,True,
644675,258316,40,True,
681042,269394,0,False,economy_round_coverage_incomplete|missing_or_ambiguous_team_round|overview_round_history_ineligible
681042,269395,0,False,economy_round_coverage_incomplete|missing_or_ambiguous_team_round|overview_round_history_ineligible
644676,258318,42,True,
644676,258319,42,True,
644676,258320,36,True,
681043,269397,0,False,economy_round_coverage_incomplete|missing_or_ambiguous_team_round|overview_round_history_ineligible
681043,269398,0,False,economy_round_coverage_incomplete|missing_or_ambiguous_team_round|overview_round_history_ineligible
649783,261156,34,True,
649783,261157,56,True,
661071,265778,48,True,
661071,265779,38,True,
661071,265780,34,True,
649784,261159,40,True,
649784,261160,46,True,
655327,263000,42,True,
655327,263001,32,True,
655327,263002,48,True,
655328,263003,48,True,
655328,263004,40,True,
655328,263005,32,True,
655329,263006,40,True,
655329,263007,40,True,
655330,263009,38,True,
655330,263010,26,True,
663047,266294,44,True,
663047,266295,46,True,
662237,266225,46,True,
662237,266226,46,True,
649785,261162,44,True,
649785,261163,42,True,
649785,261164,38,True,
663048,266297,42,True,
663048,266298,46,True,
661072,265781,44,True,
661072,265782,40,True,
645490,258623,40,True,
645490,258624,48,True,
645491,258626,52,True,
645491,258627,52,True,
681038,269380,0,False,economy_round_coverage_incomplete|missing_or_ambiguous_team_round|overview_round_history_ineligible
681038,269381,0,False,economy_round_coverage_incomplete|missing_or_ambiguous_team_round|overview_round_history_ineligible
681038,269382,0,False,economy_round_coverage_incomplete|missing_or_ambiguous_team_round|overview_round_history_ineligible
661067,265764,48,True,
661067,265765,38,True,
661067,265766,46,True,
657975,265098,52,True,
657975,265099,38,True,
663049,266300,56,True,
663049,266301,48,True,
663049,266302,40,True,
663050,266303,48,True,
663050,266304,44,True,
657976,265101,52,True,
657976,265102,30,True,
661068,265767,38,True,
661068,265768,52,True,
663051,266306,30,True,
663051,266307,30,True,
663052,266309,48,True,
663052,266310,36,True,
663052,266311,48,True,
661106,265801,48,True,
661106,265802,48,True,
650947,261712,44,True,
650947,261713,46,True,
661105,265798,40,True,
661105,265799,56,True,
650948,261715,48,True,
650948,261716,46,True,
650948,261717,44,True,
681044,269400,0,False,economy_round_coverage_incomplete|missing_or_ambiguous_team_round|overview_round_history_ineligible
681044,269401,0,False,economy_round_coverage_incomplete|missing_or_ambiguous_team_round|overview_round_history_ineligible
661073,265784,52,True,
661073,265785,38,True,
657979,265110,36,True,
657979,265111,52,True,
657979,265112,38,True,
663053,266312,40,True,
663053,266313,44,True,
663053,266314,44,True,
663059,266329,36,True,
663059,266330,30,True,
661074,265787,44,True,
661074,265788,52,True,
663054,266315,36,True,
663054,266316,48,True,
663054,266317,32,True,
663058,266326,36,True,
663058,266327,44,True,
663058,266328,38,True,
650934,261671,42,True,
650934,261672,36,True,
657980,265113,40,True,
657980,265114,34,True,
657980,265115,32,True,
661107,265804,46,True,
661107,265805,44,True,
650935,261674,42,True,
650935,261675,42,True,
661108,265807,68,True,
661108,265808,40,True,
681045,269403,0,False,economy_round_coverage_incomplete|missing_or_ambiguous_team_round|overview_round_history_ineligible
681045,269404,0,False,economy_round_coverage_incomplete|missing_or_ambiguous_team_round|overview_round_history_ineligible
681045,269405,0,False,economy_round_coverage_incomplete|missing_or_ambiguous_team_round|overview_round_history_ineligible
644734,258411,48,True,
644734,258412,30,True,
644735,258414,44,True,
644735,258415,26,True,
661113,265824,36,True,
661113,265825,52,True,
650949,261718,42,True,
650949,261719,52,True,
650949,261720,42,True,
661114,265827,44,True,
661114,265828,40,True,
661114,265829,42,True,
644736,258417,44,True,
644736,258418,44,True,
644737,258420,32,True,
644737,258421,36,True,
650936,261677,34,True,
650936,261679,36,True,
650936,261680,46,True,
650936,266639,46,True,
661110,265813,44,True,
661110,265814,52,True,
661110,265815,34,True,
661109,265810,38,True,
661109,265811,56,True,
644677,258321,48,True,
644677,258322,48,True,
644677,258323,40,True,
659474,265283,0,False,economy_round_coverage_incomplete|missing_or_ambiguous_team_round
659474,265284,0,False,economy_round_coverage_incomplete|missing_or_ambiguous_team_round
644678,258324,46,True,
644678,258325,44,True,
644678,258326,44,True,
659475,265286,0,False,economy_round_coverage_incomplete|missing_or_ambiguous_team_round
659475,265287,0,False,economy_round_coverage_incomplete|missing_or_ambiguous_team_round
659475,265288,0,False,economy_round_coverage_incomplete|missing_or_ambiguous_team_round
644738,258423,48,True,
644738,258424,46,True,
644739,258426,42,True,
644739,258427,44,True,
645492,258629,42,True,
645492,258630,44,True,
645493,258632,46,True,
645493,258633,46,True,
644679,258327,36,True,
644679,258328,40,True,
644679,258329,44,True,
659476,265289,0,False,economy_round_coverage_incomplete|missing_or_ambiguous_team_round
659476,265290,0,False,economy_round_coverage_incomplete|missing_or_ambiguous_team_round
644680,258330,36,True,
644680,258331,48,True,
644680,258332,52,True,
659477,265292,0,False,economy_round_coverage_incomplete|missing_or_ambiguous_team_round
659477,265293,0,False,economy_round_coverage_incomplete|missing_or_ambiguous_team_round
659477,265294,0,False,economy_round_coverage_incomplete|missing_or_ambiguous_team_round
645494,258635,34,True,
645494,258636,46,True,
645494,258637,38,True,
645495,258638,34,True,
645495,258639,40,True,
645495,258640,40,True,
644681,258333,36,True,
644681,258334,36,True,
659482,265309,0,False,economy_round_coverage_incomplete|missing_or_ambiguous_team_round
659482,265310,0,False,economy_round_coverage_incomplete|missing_or_ambiguous_team_round
659482,265311,0,False,economy_round_coverage_incomplete|missing_or_ambiguous_team_round
644682,258336,52,True,
644682,258337,52,True,
644682,258338,42,True,
659483,265312,0,False,economy_round_coverage_incomplete|missing_or_ambiguous_team_round
659483,265313,0,False,economy_round_coverage_incomplete|missing_or_ambiguous_team_round
657981,265116,42,True,
657981,265117,42,True,
657981,265118,42,True,
661069,265770,36,True,
661069,265771,64,True,
661069,265772,42,True,
663060,266332,38,True,
663060,266333,34,True,
663060,266334,40,True,
663061,266335,42,True,
663061,266336,44,True,
649786,261165,46,True,
649786,261166,42,True,
649786,261167,40,True,
664042,266456,38,True,
664042,266457,44,True,
661075,265790,48,True,
661075,265791,48,True,
663055,266318,34,True,
663055,266319,34,True,
664043,266459,46,True,
664043,266460,34,True,
649787,261168,48,True,
649787,261169,38,True,
649787,261170,46,True,
645496,258641,28,True,
645496,258642,42,True,
645496,258643,48,True,
645497,258644,34,True,
645497,258645,38,True,
681039,269383,0,False,economy_round_coverage_incomplete|missing_or_ambiguous_team_round|overview_round_history_ineligible
681039,269384,0,False,economy_round_coverage_incomplete|missing_or_ambiguous_team_round|overview_round_history_ineligible
681039,269385,0,False,economy_round_coverage_incomplete|missing_or_ambiguous_team_round|overview_round_history_ineligible
681039,269386,0,False,economy_round_coverage_incomplete|missing_or_ambiguous_team_round|overview_round_history_ineligible
681039,269387,0,False,economy_round_coverage_incomplete|missing_or_ambiguous_team_round|overview_round_history_ineligible
659478,265295,0,False,economy_round_coverage_incomplete|missing_or_ambiguous_team_round
659478,265296,0,False,economy_round_coverage_incomplete|missing_or_ambiguous_team_round
659479,265298,0,False,economy_round_coverage_incomplete|missing_or_ambiguous_team_round
659479,265299,0,False,economy_round_coverage_incomplete|missing_or_ambiguous_team_round
657970,265079,40,True,
657970,265080,48,True,
663062,266338,32,True,
663062,266339,46,True,
663062,266340,40,True,
661076,265793,28,True,
661076,265794,30,True,
661076,265795,42,True,
661076,265796,48,True,
649788,261171,38,True,
649788,261172,38,True,
649788,261173,42,True,
664806,266545,48,True,
664806,266546,44,True,
664806,266547,40,True,
663063,266341,48,True,
663063,266342,48,True,
664807,266548,52,True,
664807,266549,38,True,
664807,267225,48,True,
649790,261179,40,True,
649790,261180,40,True,
661115,265830,36,True,
661115,265831,46,True,
661115,265832,40,True,
661116,265833,46,True,
661116,265834,48,True,
659485,265318,0,False,economy_round_coverage_incomplete|missing_or_ambiguous_team_round
659485,265319,0,False,economy_round_coverage_incomplete|missing_or_ambiguous_team_round
669240,267442,40,True,
669240,267443,48,True,
669241,267445,46,True,
669241,267446,32,True,
669242,267448,44,True,
669242,267449,30,True,
669243,267451,36,True,
669243,267452,42,True,
669243,267453,44,True,
669244,267454,36,True,
669244,267455,46,True,
669244,267456,34,True,
669245,267457,48,True,
669245,267458,46,True,
669246,267460,44,True,
669246,267461,40,True,
669247,267463,44,True,
669247,267464,48,True,
669247,267465,44,True,
659484,265315,0,False,economy_round_coverage_incomplete|missing_or_ambiguous_team_round
659484,265316,0,False,economy_round_coverage_incomplete|missing_or_ambiguous_team_round
659484,265317,0,False,economy_round_coverage_incomplete|missing_or_ambiguous_team_round
669248,267466,44,True,
669248,267467,42,True,
669249,267469,42,True,
669249,267470,38,True,
669250,267472,42,True,
669250,267473,34,True,
669250,267474,44,True,
669251,267475,32,True,
669251,267476,40,True,
657977,265104,40,True,
657977,265105,44,True,
657977,265106,52,True,
649791,261182,46,True,
649791,261183,48,True,
649791,261184,46,True,
649791,261185,40,True,
664046,266470,44,True,
664046,266471,30,True,
664046,266472,34,True,
663064,266344,34,True,
663064,266345,36,True,
664044,266462,46,True,
664044,266463,34,True,
661111,265816,42,True,
661111,265817,26,True,
668470,267072,40,True,
668470,267073,48,True,
668470,267074,42,True,
668471,267075,42,True,
668471,267076,44,True,
661117,265836,60,True,
661117,265837,44,True,
661117,265838,60,True,
668472,267078,46,True,
668472,267079,48,True,
668472,267080,46,True,
669253,267481,32,True,
669253,267482,38,True,
669253,267483,36,True,
657982,265119,42,True,
657982,265120,40,True,
664808,266551,46,True,
664808,266552,46,True,
664810,266559,48,True,
664810,266560,48,True,
664810,266561,44,True,
661118,265839,46,True,
661118,265840,42,True,
661118,265841,44,True,
661118,265842,48,True,
668473,267081,46,True,
668473,267082,46,True,
668473,267083,36,True,
668474,267084,44,True,
668474,267085,48,True,
668475,267087,32,True,
668475,267088,40,False,overview_round_history_ineligible
666488,266840,48,True,
666488,266841,46,True,
666489,266843,44,True,
666489,266844,40,True,
657978,265107,30,True,
657978,265108,38,True,
660381,265462,40,True,
660381,265463,42,True,
660381,265464,36,True,
660382,265465,32,True,
660382,265466,48,True,
660382,265467,46,True,
661112,265819,28,True,
661112,265820,40,True,
661112,265821,40,True,
661112,265822,44,True,
661112,265823,36,True,
670387,267792,44,True,
670387,267793,44,True,
670387,267794,36,True,
666490,266846,44,True,
666490,266847,38,True,
666490,266848,36,True,
670388,267795,48,True,
670388,267796,42,True,
659480,265301,0,False,economy_round_coverage_incomplete|missing_or_ambiguous_team_round
659480,265302,0,False,economy_round_coverage_incomplete|missing_or_ambiguous_team_round
659486,265321,0,False,economy_round_coverage_incomplete|missing_or_ambiguous_team_round
659486,265322,0,False,economy_round_coverage_incomplete|missing_or_ambiguous_team_round
659486,265323,0,False,economy_round_coverage_incomplete|missing_or_ambiguous_team_round
666491,266849,44,True,
666491,266850,42,True,
660383,265468,36,True,
660383,265469,34,True,
660383,265470,48,True,
660384,265471,34,True,
660384,265472,56,True,
645498,258647,48,True,
645498,258648,48,True,
645498,258649,38,True,
645499,258650,44,True,
645499,258651,42,True,
645499,258652,38,True,
666494,266860,44,True,
666494,266861,48,True,
666494,266862,42,True,
659487,265324,0,False,economy_round_coverage_incomplete|missing_or_ambiguous_team_round
659487,265325,0,False,economy_round_coverage_incomplete|missing_or_ambiguous_team_round
659487,265326,0,False,economy_round_coverage_incomplete|missing_or_ambiguous_team_round
659487,265327,0,False,economy_round_coverage_incomplete|missing_or_ambiguous_team_round
666495,266863,48,True,
666495,266864,38,True,
666495,266865,44,True,
664907,266566,38,True,
664907,266567,38,True,
660387,265482,34,True,
660387,265483,52,True,
664908,266569,38,True,
664908,266570,40,True,
660388,265485,34,True,
660388,265486,46,True,
660388,265487,30,True,
645500,258653,38,True,
645500,258654,44,True,
645501,258656,28,True,
645501,258657,32,True,
666496,266866,38,True,
666496,266867,46,True,
666496,266868,36,True,
659481,265304,0,False,economy_round_coverage_incomplete|missing_or_ambiguous_team_round
659481,265305,0,False,economy_round_coverage_incomplete|missing_or_ambiguous_team_round
659481,265306,0,False,economy_round_coverage_incomplete|missing_or_ambiguous_team_round
659481,265307,0,False,economy_round_coverage_incomplete|missing_or_ambiguous_team_round
659481,265308,0,False,economy_round_coverage_incomplete|missing_or_ambiguous_team_round
666497,266869,42,True,
666497,266870,36,True,
666497,266871,28,True,
664909,266572,40,True,
664909,266573,38,True,
664909,266574,48,True,
664909,266575,46,True,
664909,266576,52,True,
660389,265488,46,True,
660389,265489,30,True,
660389,265490,56,True,
660390,265491,36,True,
660390,265492,44,True,
674149,268083,30,True,
674149,268084,32,True,
645502,258659,32,True,
645502,258660,52,True,
645502,258661,46,True,
645503,258662,48,True,
645503,258663,48,True,
645503,258664,46,True,
673178,267960,30,True,
673178,267961,36,True,
673179,267963,44,True,
673179,267964,46,True,
673180,267966,32,True,
673180,267967,34,True,
673181,267969,34,True,
673181,267970,44,True,
673182,267972,46,True,
673182,267973,56,True,
673183,267975,64,True,
673183,267976,40,True,
673183,267977,44,True,
657971,265082,34,True,
657971,265083,34,True,
657971,265084,42,True,
663065,266349,46,True,
663065,266350,34,True,
663065,266351,42,True,
674150,268086,36,True,
674150,268087,40,True,
673187,267978,32,True,
673187,267979,34,True,
673188,267981,44,True,
673188,267982,46,True,
673188,267983,46,True,
673189,267984,46,True,
673189,267985,48,True,
673189,267986,44,True,
673190,267987,34,True,
673190,267988,32,True,
673191,267990,46,True,
673191,267991,48,True,
673192,267993,32,True,
673192,267994,40,True,
673192,267995,44,True,
673193,267996,38,True,
673193,267997,36,True,
673193,267998,48,True,
673194,267999,32,True,
673194,268000,28,True,
673195,268002,34,True,
673195,268003,40,True,
673196,268005,46,True,
673196,268006,48,True,
673196,268007,42,True,
673197,268008,48,True,
673197,268009,48,True,
673197,268010,44,True,
673198,268011,44,True,
673198,268012,56,True,
657983,265122,42,True,
657983,265123,38,True,
663057,266321,44,True,
663057,266322,44,True,
663057,266323,48,True,
663057,266324,44,True,
649789,261174,40,True,
649789,261175,46,True,
649789,261176,44,True,
649789,261177,28,True,
664047,266473,48,True,
664047,266474,52,True,
664811,266562,42,True,
664811,266563,46,True,
668478,267090,40,True,
668478,267091,46,True,
668479,267093,34,False,missing_loadout_value
668479,267094,42,True,
674151,268089,56,True,
674151,268090,38,True,
668480,267096,38,True,
668480,267097,46,True,
668480,267098,48,True,
673205,268014,32,True,
673205,268015,38,True,
673206,268017,38,True,
673206,268018,40,True,
673207,268020,42,True,
673207,268021,40,True,
673211,268032,42,True,
673211,268033,40,True,
673211,268034,44,True,
673212,268035,34,True,
673212,268036,46,True,
673213,268038,56,True,
673213,268039,46,True,
673213,268040,34,True,
673209,268026,40,True,
673209,268027,30,True,
673209,268028,36,True,
673208,268023,42,True,
673208,268024,42,True,
673210,268029,40,True,
673210,268030,46,True,
673210,268031,46,True,
669252,267478,60,True,
669252,267479,46,True,
673214,268041,48,True,
673214,268042,42,True,
673215,268044,46,True,
673215,268045,46,True,
673216,268047,42,True,
673216,268048,42,True,
669254,267484,38,True,
669254,267485,52,True,
669254,267486,46,True,
669255,267487,38,True,
669255,267488,44,True,
657984,265125,42,True,
657984,265126,44,True,
657984,265127,48,True,
657984,265128,42,True,
657984,265129,48,True,
664045,266465,42,True,
664045,266466,42,True,
664045,266467,48,True,
668481,267099,46,True,
668481,267100,42,True,
668481,267101,38,True,
668482,267102,44,True,
668482,267103,36,True,
668482,267104,42,True,
674153,268093,36,True,
674153,268094,42,True,
674153,268422,44,True,
674153,268423,38,True,
674153,268424,48,True,
674154,268095,38,True,
674154,268096,34,True,
674154,268097,38,True,
668483,267105,46,True,
668483,267106,40,True,
675767,268404,48,True,
675767,268405,46,True,
675768,268407,32,True,
675768,268408,40,True,
675769,268410,42,True,
675769,268411,44,True,
675769,268412,34,True,
675771,268416,46,True,
675771,268417,40,True,
661070,265773,44,True,
661070,265774,38,False,missing_loadout_value
661070,265775,34,True,
661070,265776,38,True,
657972,265087,38,True,
657972,265088,46,True,
657972,265089,40,True,
657972,265090,44,True,
657972,265091,38,True,
664809,266554,36,True,
664809,266555,36,True,
664809,266556,48,True,
664809,266557,30,True,
660369,265422,42,True,
660369,265423,36,True,
660369,265424,28,True,
660370,265425,34,True,
660370,265426,40,True,
675772,268419,44,True,
675772,268420,32,True,
675772,268421,46,True,
666492,266852,48,True,
666492,266853,42,True,
669549,267548,44,True,
669549,267549,48,True,
669549,267550,44,True,
669550,267551,44,True,
669550,267552,40,True,
669551,267554,46,True,
669551,267555,46,True,
669552,267557,44,True,
669552,267558,40,True,
666498,266872,44,True,
666498,266873,46,True,
666498,266874,42,True,
669556,267569,38,True,
669556,267570,42,True,
669557,267572,36,True,
669557,267573,36,True,
660385,265474,64,True,
660385,265475,42,True,
660385,265476,52,True,
660391,265494,48,True,
660391,265495,46,True,
660391,265496,46,True,
660371,265428,46,True,
660371,265429,34,True,
660371,265430,40,True,
660372,265431,48,True,
660372,265432,40,True,
666499,266875,38,True,
666499,266876,34,True,
666499,266877,48,True,
669553,267560,48,True,
669553,267561,52,True,
669553,267562,38,True,
669554,267563,40,True,
669554,267564,34,True,
669554,267565,52,True,
669558,267575,34,True,
669558,267576,48,True,
669559,267578,30,True,
669559,267579,48,True,
660392,265497,56,True,
660392,265498,34,True,
660392,265499,38,True,
660392,265500,28,True,
660375,265442,34,True,
660375,265443,42,True,
660376,265445,36,True,
660376,265446,34,True,
666493,266855,46,True,
666493,266856,44,True,
666493,266857,46,True,
669555,267566,34,True,
669555,267567,44,True,
669560,267581,60,True,
669560,267582,44,True,
669561,267584,36,True,
669561,267585,38,True,
660386,265477,46,True,
660386,265478,56,True,
660386,265480,48,True,
660386,265481,56,True,
660386,269000,40,True,
660377,265448,42,True,
660377,265449,34,True,
660378,265451,48,True,
660378,265452,40,True,
680274,269121,38,True,
680274,269122,56,True,
680274,269123,48,True,
680280,269139,46,True,
680280,269140,44,True,
680277,269130,52,True,
680277,269131,56,True,
680287,269157,46,True,
680287,269158,32,True,
676896,268451,46,True,
676896,268452,34,True,
676897,268454,44,True,
676897,268455,52,True,
678026,268581,44,True,
678026,268582,40,True,
678027,268584,46,False,missing_loadout_value
678027,268585,52,True,
680278,269133,36,True,
680278,269134,52,True,
680278,269135,52,True,
680281,269142,32,True,
680281,269143,52,True,
680281,269144,52,True,
680275,269124,46,True,
680275,269125,46,True,
680275,269126,48,True,
680288,269160,34,True,
680288,269161,42,True,
676898,268457,48,True,
676898,268458,26,True,
668487,267108,40,True,
668487,267109,40,True,
668488,267111,52,True,
668488,267112,42,True,
668488,267113,42,True,
676899,268460,44,True,
676899,268461,40,True,
678028,268587,36,True,
678028,268588,38,True,
668489,267114,34,True,
668489,267115,36,True,
678029,268590,26,True,
678029,268591,46,True,
681293,269434,44,True,
681293,269435,30,True,
681294,269437,28,True,
681294,269438,44,True,
680279,269136,46,True,
680279,269137,48,True,
680289,269163,40,True,
680289,269164,64,True,
680289,269165,52,True,
680276,269127,56,True,
680276,269128,46,True,
680276,269129,44,True,
680282,269145,38,True,
680282,269146,38,True,
668490,267117,42,True,
668490,267118,28,True,
668492,267123,44,True,
668492,267124,46,True,
681295,269440,28,True,
681295,269441,48,True,
681295,269442,38,True,
681296,269443,42,True,
681296,269444,52,True,
681296,269445,46,True,
680283,269148,48,True,
680283,269149,36,True,
680283,269150,52,True,
680284,269151,42,True,
680284,269152,46,True,
680290,269166,48,True,
680290,269167,30,True,
680291,269169,38,True,
680291,269170,40,True,
681753,269812,0,False,economy_round_coverage_incomplete|missing_or_ambiguous_team_round
681753,269813,0,False,economy_round_coverage_incomplete|missing_or_ambiguous_team_round
681297,269446,34,True,
681297,269447,34,True,
681754,269815,34,True,
681754,269816,42,True,
681298,269449,44,True,
681298,269450,36,True,
681298,269451,42,True,
681755,269818,40,True,
681755,269819,26,True,
681755,269820,60,True,
680292,269172,52,True,
680292,269173,36,True,
680285,269154,32,True,
680285,269155,52,True,
660373,265434,40,True,
660373,265435,44,True,
660373,265436,36,True,
660379,265454,44,True,
660379,265455,48,True,
681780,269848,48,True,
681780,269849,38,True,
681756,269821,36,True,
681756,269822,46,True,
681756,269823,42,True,
681300,269452,36,True,
681300,269453,40,True,
681781,269851,34,True,
681781,269852,44,True,
681757,269824,44,True,
681757,269825,38,True,
681301,269455,52,True,
681301,269456,44,True,
681301,269457,48,True,
681758,269827,46,True,
681758,269828,48,True,
681758,269829,56,True,
660380,265457,42,True,
660380,265458,38,True,
660380,265459,40,True,
660380,265460,46,True,
660380,265461,46,True,
681782,269854,44,True,
681782,269855,56,True,
681782,269856,36,True,
681783,269857,38,True,
681783,269858,44,True,
681783,269859,42,True,
681759,269830,48,True,
681759,269831,56,True,
681760,269833,60,True,
681760,269834,34,True,
681760,269835,38,True,
660374,265437,52,True,
660374,265438,48,True,
660374,265439,44,True,
660374,265440,46,True,
660374,265441,48,True,
681784,269860,28,True,
681784,269861,48,True,
681784,269862,48,True,
681302,269458,32,True,
681302,269459,36,True,
681302,269460,38,True,
681785,269863,68,True,
681785,269864,32,True,
681785,269865,36,True,
681303,269461,56,True,
681303,269462,42,True,
683765,270719,44,True,
683765,270720,48,True,
683766,270722,48,True,
683766,270723,44,True,
676902,268463,32,True,
676902,268464,28,True,
681516,269557,56,True,
681516,269558,34,True,
681517,269560,42,True,
681517,269561,34,True,
676903,268466,46,True,
676903,268467,40,True,
678037,268593,30,True,
678037,268594,48,True,
681519,269566,44,True,
681519,269567,42,True,
681518,269563,34,True,
681518,269564,34,True,
678039,268596,38,True,
678039,268597,30,True,
681304,269464,26,True,
681304,269465,32,True,
681305,269467,52,True,
681305,269468,38,True,
681305,269469,40,False,missing_loadout_value
683769,270731,34,True,
683769,270732,40,True,
683767,270725,34,True,
683767,270726,46,True,
676904,268469,56,True,
676904,268470,42,True,
681520,269569,48,True,
681520,269570,48,True,
681520,269571,40,True,
681521,269572,46,True,
681521,269573,40,True,
681521,269574,38,True,
681908,270025,40,True,
681908,270026,30,True,
681909,270028,52,True,
681909,270029,68,True,
676905,268472,40,True,
676905,268473,28,True,
676905,268474,44,True,
678040,268599,48,True,
678040,268600,44,True,
678040,268601,52,True,
681522,269575,52,True,
681522,269576,40,True,
681522,269577,32,True,
681523,269578,34,True,
681523,270925,40,True,
681910,270031,34,True,
681910,270032,36,True,
678041,268602,42,True,
678041,268603,36,True,
681306,269470,42,True,
681306,269471,40,True,
681306,269472,48,True,
681307,269473,36,True,
681307,269474,42,True,
683770,270734,30,True,
683770,270735,32,True,
683770,270736,38,True,
676908,268481,34,True,
676908,268482,30,True,
676908,268483,44,True,
681911,270034,42,True,
681911,270035,38,True,
681912,270037,40,False,overview_round_history_ineligible
681912,270038,42,True,
685246,270926,40,True,
685246,270927,44,True,
685246,270928,48,True,
685247,270929,34,True,
685247,270930,42,True,
685247,270931,34,True,
676909,268484,44,True,
676909,268485,44,True,
676909,268486,32,True,
678042,268605,28,True,
678042,270991,30,False,missing_loadout_value
685249,270935,48,True,
685249,270936,42,True,
681913,270040,34,True,
681913,270041,42,True,
685248,270932,36,True,
685248,270933,48,True,
678043,268608,34,True,
678043,268609,36,True,
683768,270728,44,True,
683768,270729,46,True,
683768,270730,40,True,
683768,270963,40,True,
676907,268478,40,True,
676907,268479,34,True,
676907,268480,48,True,
681915,270043,46,True,
681915,270044,36,True,
681916,270046,38,True,
681916,270047,42,True,
685250,270938,46,True,
685250,270939,38,True,
685250,270940,38,True,
685251,270941,42,True,
685251,270942,46,True,
676906,268475,28,True,
676906,268476,32,True,
678044,268612,48,True,
678044,268613,40,True,
678044,270992,32,False,missing_loadout_value
685253,270947,42,True,
685253,270948,36,True,
681917,270049,42,True,
681917,270050,52,True,
685252,270944,42,True,
685252,270945,48,True,
678045,268614,56,True,
678045,268615,46,True,
681786,269866,38,True,
681786,269867,40,True,
681787,269869,36,True,
681787,269870,32,True,
681761,269836,36,True,
681761,269837,44,True,
681762,269839,48,True,
681762,269840,52,True,
681762,269841,40,True,
681918,270052,42,False,missing_loadout_value|overview_round_history_ineligible
681918,270053,42,True,
681918,270054,56,False,overview_round_history_ineligible
681919,270055,40,True,
681919,270056,32,True,
681920,270058,40,True,
681920,270060,42,True,
681920,271426,48,False,missing_loadout_value
681788,269872,42,True,
681788,269873,38,True,
681308,269476,46,True,
681308,269477,34,True,
681789,269875,44,True,
681789,269876,30,True,
681789,269877,44,True,
681763,269842,42,True,
681763,269843,48,True,
681309,269479,34,True,
681309,269480,36,True,
681764,269845,72,True,
681764,269846,34,True,
681790,269878,40,True,
681790,269879,30,True,
681790,269880,38,True,
681310,269482,32,True,
681310,269483,48,True,
681791,269881,36,True,
681791,269882,40,True,
681311,269485,42,True,
681311,269486,36,True,
681312,269488,32,True,
681312,269489,48,True,
686764,271478,40,True,
686764,271479,38,True,
686765,271481,34,True,
686765,271482,60,True,
686765,271483,40,True,
681313,269491,36,True,
681313,269492,40,True,
686766,271484,36,True,
686766,271485,42,True,
686767,271487,40,True,
686767,271488,48,True,
676910,268488,68,False,missing_loadout_value
676910,268489,38,True,
681922,270061,48,True,
681922,270062,44,True,
681923,270064,42,True,
681923,270065,46,True,
681923,270066,42,True,
685987,270993,42,True,
685987,270994,44,True,
685988,270996,44,True,
685988,270997,46,True,
676912,268490,30,True,
676912,268491,40,True,
676912,268492,28,True,
678046,268617,52,True,
678046,268618,36,True,
678046,268619,30,True,
685989,270999,42,True,
685989,271000,48,True,
685990,271002,46,True,
685990,271003,32,True,
681924,270067,42,True,
681924,270068,32,True,
678047,268620,32,True,
678047,268621,28,False,missing_loadout_value
681314,269494,0,False,economy_round_coverage_incomplete|missing_or_ambiguous_team_round|overview_round_history_ineligible
681314,269495,0,False,economy_round_coverage_incomplete|missing_or_ambiguous_team_round|overview_round_history_ineligible
681315,269497,52,True,
681315,269498,46,True,
681315,269499,44,True,
686768,271490,44,True,
686768,271491,34,True,
686769,271493,32,True,
686769,271494,48,True,
676913,268493,60,True,
676913,268494,46,True,
676913,268495,34,True,
681925,270070,38,True,
681925,270071,38,True,
681926,270073,32,True,
681926,270074,36,True,
685991,271005,44,True,
685991,271006,42,True,
685991,271007,60,True,
685992,271008,48,True,
685992,271009,34,True,
676914,268496,46,True,
676914,268497,36,True,
676914,268498,48,True,
678048,268623,56,True,
678048,268624,46,True,
681927,270076,28,True,
681927,270077,32,True,
685994,271014,38,True,
685994,271015,46,True,
685994,271016,38,True,
685993,271011,42,True,
685993,271012,46,True,
678049,271720,48,False,missing_loadout_value
678049,271721,40,True,
681792,269884,48,True,
681792,269885,48,True,
681792,269886,28,True,
686184,271050,40,True,
686184,271051,60,True,
686184,271052,68,True,
681316,269500,44,True,
681316,269501,32,True,
681793,269887,38,True,
681793,269888,40,True,
681317,269503,30,True,
681317,269504,36,True,
686185,271053,46,True,
686185,271054,48,True,
686185,271055,34,True,
681794,269890,52,True,
681794,269891,40,True,
686186,271056,40,True,
686186,271057,48,True,
686186,271058,42,True,
681318,269507,32,True,
681318,269508,46,False,missing_loadout_value
681318,271900,0,False,economy_round_coverage_incomplete|missing_or_ambiguous_team_round|overview_round_history_ineligible
681795,269893,32,True,
681795,269894,44,True,
684625,270767,42,True,
684625,270768,34,True,
686187,271059,48,True,
686187,271060,36,True,
686187,271061,52,True,
684626,270770,32,True,
684626,270771,48,True,
688761,271953,32,True,
688761,271954,36,True,
681319,269509,40,True,
681319,269510,40,True,
688744,271905,38,True,
688744,271906,30,True,
688745,271908,30,True,
688745,271909,36,True,
688746,271911,30,True,
688746,271912,32,True,
688747,271914,38,True,
688747,271915,44,True,
688747,271916,40,True,
688748,271917,44,True,
688748,271918,36,True,
688749,271920,46,True,
688749,271921,56,True,
688750,271923,38,True,
688750,271924,44,True,
688751,271926,28,True,
688751,271927,42,True,
688752,271929,44,True,
688752,271930,48,True,
688752,271931,56,True,
688753,271932,38,True,
688753,271933,28,True,
688754,271935,44,True,
688754,271936,46,True,
688755,271938,32,True,
688755,271939,46,True,
688755,271940,40,True,
688756,271941,30,True,
688756,271942,42,True,
688757,271944,40,True,
688757,271945,38,True,
688758,271947,34,True,
688758,271948,42,True,
688759,271950,48,True,
688759,271951,46,True,
688759,271952,36,True,
688926,272009,0,False,economy_round_coverage_incomplete|missing_or_ambiguous_team_round|overview_round_history_ineligible
688926,272010,0,False,economy_round_coverage_incomplete|missing_or_ambiguous_team_round|overview_round_history_ineligible
688762,271956,48,True,
688762,271957,40,True,
688763,271959,38,True,
688763,271960,46,True,
688764,271962,44,True,
688764,271963,42,True,
688765,271965,52,True,
688765,271966,38,True,
688765,271967,42,True,
688766,271968,68,True,
688766,271969,48,True,
688766,271970,44,True,
688767,271971,44,True,
688767,271972,34,True,
688767,271973,38,True,
688768,271974,42,True,
688768,271975,28,True,
688768,271976,56,True,
688769,271977,46,True,
688769,271978,44,True,
688769,271979,38,True,
688770,271980,48,True,
688770,271981,48,True,
688771,271983,48,True,
688771,271984,52,True,
688771,271985,38,True,
688772,271986,38,False,missing_loadout_value
688772,271987,64,True,
688772,271988,48,True,
688773,271989,46,True,
688773,271990,44,True,
688773,271991,30,True,
688774,271992,36,True,
688774,271993,32,True,
688775,271995,42,True,
688775,271996,34,True,
688775,271997,32,True,
688776,271998,46,True,
688776,271999,42,True,
688777,272001,34,True,
688777,272002,40,True,
688927,272012,0,False,economy_round_coverage_incomplete|missing_or_ambiguous_team_round|overview_round_history_ineligible
688927,272013,0,False,economy_round_coverage_incomplete|missing_or_ambiguous_team_round|overview_round_history_ineligible
686188,271062,36,True,
686188,271063,30,True,
686188,271064,40,True,
686189,271065,42,True,
686189,271066,42,True,
686189,271067,52,True,
686190,271068,48,True,
686190,271069,48,True,
686190,271070,46,True,
686191,271071,44,True,
686191,271072,44,True,
681320,269512,42,True,
681320,269513,34,True,
684627,270773,48,True,
684627,270774,52,True,
681321,269515,76,True,
681321,269516,46,True,
681321,269517,44,True,
689133,272090,36,True,
689133,272091,38,True,
689134,272093,42,True,
689134,272094,46,True,
689135,272096,42,True,
689135,272097,36,True,
689136,272099,38,True,
689136,272100,56,True,
689138,272105,44,True,
689138,272106,30,True,
689138,272107,60,True,
689139,272108,52,True,
689139,272109,42,True,
689140,272111,44,True,
689140,272112,44,True,
689140,272113,42,True,
689141,272114,46,True,
689141,272115,42,True,
689142,272117,30,True,
689142,272118,64,True,
689144,272120,44,False,missing_loadout_value
689144,272121,36,True,
689145,272123,56,True,
689145,272124,52,True,
689145,272125,46,True,
689146,272126,32,True,
689146,272127,42,True,
689147,272129,60,True,
689147,272130,56,True,
684628,270776,38,True,
684628,270777,40,True,
689149,272135,46,True,
689149,272136,38,True,
689149,272137,60,True,
689150,272138,38,True,
689150,272139,44,True,
689152,272144,48,True,
689152,272145,46,True,
689153,272147,60,True,
689153,272148,40,True,
689153,272149,30,True,
689154,272150,40,True,
689154,272151,42,True,
689154,272152,38,True,
689155,272153,36,True,
689155,272154,40,True,
689155,272155,44,True,
689156,272156,40,True,
689156,272157,38,True,
689156,272158,44,True,
689157,272159,38,True,
689157,272160,52,True,
689157,272161,46,True,
690418,272474,48,True,
690418,272475,64,True,
690418,272476,44,True,
690420,272480,38,True,
690420,272481,48,True,
690420,272482,44,True,
690421,272483,42,True,
690421,272484,48,True,
690421,272485,46,True,
690422,272486,38,True,
690422,272487,36,True,
690422,272488,30,True,
690423,272489,40,True,
690423,272490,48,True,
690423,272491,40,True,
684613,270746,38,True,
684613,270747,48,True,
684610,270737,36,True,
684610,270738,32,True,
690425,272495,38,True,
690425,272496,56,True,
690426,272498,32,True,
690426,272499,40,True,
690427,272501,46,True,
690427,272502,36,True,
690428,272504,42,True,
690428,272505,56,True,
690430,272510,48,True,
690430,272511,56,True,
690430,272512,42,True,
690431,272513,42,True,
690431,272514,44,True,
690431,272515,46,True,
684611,270740,32,True,
684611,270741,40,True,
684612,270743,34,True,
684612,270744,48,True,
684612,270745,44,True,
684614,270749,48,True,
684614,270750,34,True,
684614,270751,46,True,
684615,270752,40,True,
684615,270753,36,True,
684615,270754,42,True,
684616,270755,34,True,
684616,270756,44,True,
684616,270757,48,True,
684617,270758,44,True,
684617,270759,42,True,
684617,270760,42,True,
684619,270764,48,True,
684619,270765,52,True,
684619,270766,48,True,
684618,270761,46,True,
684618,270762,44,True,
684618,270763,46,True,
684633,270793,34,True,
684633,270794,46,True,
684634,270796,44,True,
684634,270797,52,True,
670466,267804,28,True,
670466,267805,46,True,
670467,267807,38,True,
670467,267808,40,True,
670465,267801,34,True,
670465,267802,52,True,
670465,267803,36,True,
670464,267798,40,True,
670464,267799,34,True,
670464,267800,44,True,
670473,267827,32,True,
670473,267828,48,True,
670473,273204,38,True,
670472,267824,38,True,
670472,267825,56,True,
670468,267810,46,True,
670468,267811,46,True,
670468,267812,32,True,
670469,267813,32,True,
670469,267814,38,True,
670469,267815,38,True,
670475,267833,40,True,
670475,267834,32,True,
670474,267830,40,True,
670474,267831,30,True,
686192,271074,48,True,
686192,271075,44,True,
686193,271077,46,True,
686193,271078,38,True,
684629,270779,48,True,
684629,270780,44,True,
684629,270781,48,True,
684630,270782,40,True,
684630,270783,34,True,
676915,268499,42,True,
676915,268500,68,True,
676915,268501,48,True,
681928,270079,44,True,
681928,270080,44,True,
681930,270082,36,True,
681930,273907,34,True,
688228,271696,48,True,
688228,271697,48,True,
688228,271698,52,True,
688229,271699,40,True,
688229,271700,44,True,
688229,271701,44,True,
676916,268502,38,True,
676916,268503,40,True,
678050,268629,34,True,
678050,268630,38,True,
681932,270088,42,True,
681932,270089,40,True,
688230,271702,36,True,
688230,271703,38,True,
688231,271705,46,True,
688231,271706,40,True,
678051,268632,38,True,
678051,268633,34,True,
686194,271080,38,True,
686194,271081,56,True,
686195,271083,42,True,
686195,271084,38,True,
686195,271085,42,True,
684635,270799,36,True,
684635,270800,38,True,
684635,270801,32,True,
684636,270802,34,True,
684636,270803,38,True,
676917,268505,48,True,
676917,268506,46,True,
676917,268507,46,True,
681931,270085,80,True,
681931,270086,56,False,overview_round_history_ineligible
681933,270091,32,True,
681933,270092,32,True,
688232,271708,46,True,
688232,271709,52,True,
688233,271711,34,True,
688233,271712,46,True,
681934,270094,40,False,overview_round_history_ineligible
681934,270095,48,True,
676918,268508,48,True,
676918,268509,42,True,
678052,268635,44,True,
678052,268636,36,True,
678052,268637,46,False,missing_loadout_value
688234,271714,42,True,
688234,271715,44,True,
688234,271716,42,True,
688235,271717,46,True,
688235,271718,60,True,
688235,271719,44,True,
678053,268639,32,True,
678053,274096,0,False,economy_round_coverage_incomplete|missing_or_ambiguous_team_round
686196,271086,40,True,
686196,271087,40,True,
686197,271089,48,True,
686197,271090,36,True,
686197,271091,42,True,
686198,271092,34,True,
686198,271093,40,True,
686199,271095,52,True,
686199,271096,52,True,
686199,271097,38,True,
670470,267816,56,True,
670470,267817,52,True,
670470,267818,38,True,
670476,267836,34,True,
670476,267837,34,True,
670477,267839,36,True,
670477,267840,44,True,
670477,267841,48,True,
670471,267819,30,True,
670471,267820,38,True,
670471,267821,48,True,
670471,267822,46,True,
670471,267823,36,True,
688432,271816,46,True,
688432,271817,34,True,
688437,271831,52,True,
688437,271832,42,True,
688442,271846,38,True,
688442,271847,40,True,
688442,271848,52,True,
688447,271861,32,True,
688447,271862,32,True,
676920,268511,40,True,
676920,268512,46,True,
701175,274049,36,True,
701175,274050,40,True,
701175,274051,52,True,
676922,268517,46,True,
676922,268518,48,True,
678058,268641,38,True,
678058,268642,30,True,
701174,274046,44,True,
701174,274047,46,True,
701174,274048,32,True,
678059,268644,40,True,
678059,268645,48,True,
681796,269896,34,True,
681796,269897,46,True,
681797,269899,34,True,
681797,269900,36,True,
688433,271819,30,True,
688433,271820,32,True,
688438,271834,52,True,
688438,271835,40,True,
688443,271849,48,True,
688443,271850,42,True,
688443,271851,52,True,
688448,271864,48,True,
688448,271865,52,True,
688448,271866,34,True,
676921,268514,42,True,
676921,268515,36,True,
701177,274055,38,True,
701177,274056,32,True,
676923,268520,68,False,missing_loadout_value
676923,268521,42,True,
676923,268522,36,True,
678060,268647,44,True,
678060,268648,30,True,
678060,268649,46,True,
701176,274052,30,True,
701176,274053,44,True,
701176,274054,40,True,
678061,268650,44,True,
678061,268651,44,True,
681798,269902,44,True,
681798,269903,44,True,
681798,269904,42,True,
686202,271098,28,True,
686202,271099,46,True,
686202,271100,42,True,
681799,269905,46,True,
681799,269906,42,True,
686203,271101,44,False,missing_loadout_value
686203,271102,44,True,
688434,271822,42,True,
688434,271823,46,True,
688434,271824,42,True,
688439,271837,60,True,
688439,271838,44,True,
688439,271839,28,True,
688444,271852,46,True,
688444,271854,32,True,
688444,274856,34,True,
688449,271867,42,True,
688449,271868,42,True,
676926,268529,42,True,
676926,268530,32,True,
701226,274075,32,True,
701226,274076,42,True,
701226,274077,44,True,
701227,274078,44,True,
701227,274079,42,True,
701227,274080,48,True,
676924,268523,30,True,
676924,268524,40,True,
701228,274081,40,True,
701228,274082,56,True,
701229,274084,40,True,
701229,274085,40,True,
678063,275047,44,True,
678063,275048,40,True,
681800,269908,44,True,
681800,269909,48,True,
686204,271104,42,True,
686204,271105,34,True,
681801,269911,42,True,
681801,269912,40,True,
681801,269913,48,True,
686205,271107,34,True,
686205,271108,44,True,
688435,271825,34,True,
688435,271826,52,True,
688435,271827,52,True,
688440,271840,46,True,
688440,271841,46,True,
688440,271842,34,True,
688445,271855,44,True,
688445,271856,40,True,
688445,271857,42,True,
688450,271870,48,True,
688450,271871,44,True,
676925,268526,44,True,
676925,268527,34,True,
701180,274064,52,True,
701180,274065,44,True,
701230,274087,42,True,
701230,274088,32,True,
701231,274090,48,True,
701231,274091,46,True,
701231,274092,42,True,
676927,268532,44,True,
676927,268533,38,True,
678064,268659,42,True,
678064,268660,42,True,
701232,274093,46,True,
701232,274094,44,True,
701232,274095,48,True,
701179,274061,30,True,
701179,274062,36,True,
678065,268662,42,True,
678065,268663,34,True,
686206,271110,56,True,
686206,271111,40,True,
686207,271113,52,True,
686207,271114,34,True,
700691,273875,46,True,
700691,273876,48,True,
700691,273877,48,True,
681802,269914,48,True,
681802,269915,38,True,
686208,271116,40,True,
686208,271117,42,True,
686209,271119,38,True,
686209,271120,34,True,
686209,271121,52,True,
700692,273878,42,True,
700692,273879,34,True,
681803,269917,48,True,
681803,269918,44,True,
700695,273889,44,True,
700695,273890,40,True,
700695,273891,34,True,
706323,275049,30,True,
706323,275050,40,True,
706323,275051,42,True,
706324,275052,36,True,
706324,275053,40,True,
706325,275055,40,True,
706325,275056,38,True,
700693,273881,64,True,
700693,273882,42,True,
700693,273883,46,True,
681804,269920,36,True,
681804,269921,64,True,
681805,269923,42,True,
681805,269924,52,True,
681805,269925,30,True,
700696,273892,36,True,
700696,273893,48,True,
700696,273894,44,True,
701181,274067,42,True,
701181,274068,40,True,
706326,275058,56,True,
706326,275059,42,True,
706326,275060,44,True,
701178,274058,34,True,
701178,274059,36,True,
706327,275061,40,True,
706327,275062,44,True,
706327,275063,52,True,
700694,273884,46,True,
700694,273885,38,True,
700694,273886,56,True,
700694,273887,48,True,
700694,273888,46,True,
681806,269926,46,True,
681806,269927,42,True,
681807,269929,48,True,
681807,269930,52,True,
701182,274070,48,True,
701182,274071,44,True,
701182,274072,48,True,
701182,274073,32,True,
707127,275448,40,True,
707127,275449,32,True,
707127,275450,32,True,
707128,275451,44,True,
707128,275452,42,True,
707128,275453,42,True,
688436,271828,34,True,
688436,271829,32,True,
688441,271843,42,True,
688441,271844,44,True,
688441,271845,48,True,
688446,271858,42,True,
688446,271859,36,True,
688446,271860,52,True,
688451,271873,44,True,
688451,271874,32,True,
688451,271875,48,True,
678062,268653,42,True,
678062,268654,26,True,
707697,275559,40,True,
707697,275560,60,True,
707697,275561,46,True,
707698,275562,42,True,
707698,275563,40,True,
707700,275568,52,True,
707700,275569,40,True,
707700,275570,40,True,
707699,275565,52,True,
707699,275566,42,True,
686210,271122,34,True,
686210,271123,38,True,
686210,271124,44,True,
686211,271125,48,True,
686211,271126,48,True,
686211,271127,44,True,
707701,275571,52,True,
707701,275572,44,True,
707701,275573,36,True,
707702,275574,36,True,
707702,275575,32,True,
707706,275588,46,True,
707706,275589,52,True,
707706,275590,56,True,
707705,275585,44,True,
707705,275586,46,True,
707203,275454,38,True,
707203,275455,40,True,
707204,275457,34,True,
707204,275458,52,True,
707204,275459,42,True,
686212,271128,56,True,
686212,271129,36,True,
686213,271131,40,True,
686213,271132,34,True,
707707,275591,34,True,
707707,275592,34,True,
707708,275594,40,True,
707708,275595,38,True,
707708,275596,56,True,
707703,275577,42,True,
707703,275578,30,True,
707703,275579,42,True,
707205,275460,44,True,
707205,275461,52,True,
707767,275627,34,True,
707767,275628,34,True,
707228,275510,40,True,
707228,275511,46,True,
707228,275512,52,True,
707768,275630,46,True,
707768,275631,46,True,
707768,275632,36,True,
707206,275463,48,True,
707206,275464,36,True,
707206,275465,38,True,
707229,275513,46,True,
707229,275514,38,True,
707229,275515,48,True,
684631,270785,46,True,
684631,270786,52,True,
684637,270805,38,True,
684637,270806,44,True,
707709,275597,46,True,
707709,275598,48,True,
707709,275599,44,True,
707221,275488,48,True,
707221,275489,38,True,
707211,275477,32,True,
707211,275478,48,True,
707769,275633,48,True,
707769,275634,36,True,
707210,275474,44,True,
707210,275475,48,True,
707222,275491,32,True,
707222,275492,34,True,
707770,275636,30,True,
707770,275637,42,True,
684638,270808,44,True,
684638,270809,42,True,
684638,270810,44,True,
707710,275600,44,True,
707710,275601,42,True,
707710,275602,38,True,
707710,275603,56,True,
707776,275656,42,True,
707776,275657,52,True,
707776,275658,52,True,
707230,275516,38,True,
707230,275517,40,True,
707230,275518,42,True,
707775,275653,38,True,
707775,275654,60,True,
707232,275524,32,True,
707232,275525,44,True,
675268,268328,46,True,
675268,268329,46,True,
675268,268330,46,True,
684632,270788,44,True,
684632,270789,42,True,
684632,270790,36,True,
684632,270791,48,True,
684632,270792,48,True,
675269,268331,48,True,
675269,268332,46,True,
675269,268333,38,True,
707704,275580,40,True,
707704,275581,46,True,
707704,275582,40,True,
707223,275494,46,True,
707223,275495,42,True,
707771,275639,48,True,
707771,275640,44,True,
707225,275502,40,True,
707225,275503,52,True,
707225,275504,46,True,
707772,275642,38,True,
707772,275643,46,True,
707772,275644,46,True,
711000,276404,44,True,
711000,276405,42,True,
711000,276406,56,True,
711001,276407,42,True,
711001,276408,46,True,
711001,276409,42,True,
710272,276163,30,True,
710272,276164,38,True,
710277,276178,32,True,
710277,276179,32,True,
710277,276180,32,True,
710282,276193,38,True,
710282,276194,28,True,
710287,276208,46,True,
710287,276209,46,True,
710287,276210,46,True,
710273,276166,36,True,
710273,276167,42,True,
710278,276181,42,True,
710278,276182,34,True,
710278,276183,42,True,
710283,276196,36,True,
710283,276197,46,True,
710283,276198,34,True,
710288,276211,38,True,
710288,276212,42,True,
707212,275480,34,True,
707212,275481,48,True,
707212,275482,46,True,
707207,275466,44,True,
707207,275467,34,True,
709680,276115,52,True,
709680,276116,38,True,
711002,276410,52,True,
711002,276411,44,True,
709681,276118,52,True,
709681,276119,42,True,
711004,276418,52,True,
711004,276419,46,True,
710274,276169,38,True,
710274,276170,42,True,
710274,276171,52,True,
710279,276184,38,True,
710279,276185,46,True,
710279,276186,44,True,
710284,276199,44,True,
710284,276200,42,True,
710284,276201,44,True,
710289,276214,36,True,
710289,276215,52,True,
710275,276172,42,True,
710275,276173,32,True,
710280,276187,44,True,
710280,276188,32,True,
710285,276202,36,True,
710285,276203,40,True,
710285,276204,38,True,
710290,276217,32,True,
710290,276218,32,True,
701025,273938,0,False,economy_round_coverage_incomplete|missing_or_ambiguous_team_round
701025,273939,0,False,economy_round_coverage_incomplete|missing_or_ambiguous_team_round
709682,276121,44,True,
709682,276122,34,True,
709682,276123,52,True,
711005,276421,42,True,
711005,276422,52,True,
711005,276423,40,True,
711005,276424,38,True,
701026,273941,0,False,economy_round_coverage_incomplete|missing_or_ambiguous_team_round
701026,273942,0,False,economy_round_coverage_incomplete|missing_or_ambiguous_team_round
709684,276129,42,True,
709684,276130,46,True,
710276,276175,48,True,
710276,276176,32,True,
710276,276177,40,True,
710281,276190,48,True,
710281,276191,42,True,
710291,276220,48,True,
710291,276221,48,True,
710291,276222,48,True,
710286,276205,42,True,
710286,276206,38,True,
710286,276207,44,True,
707778,275662,46,True,
707778,275663,48,True,
707778,275664,46,True,
707233,275527,38,True,
707233,275528,46,True,
707233,275529,44,True,
707233,275530,38,True,
707233,275531,48,True,
707777,275659,42,True,
707777,275660,48,True,
707777,275661,42,True,
701027,273944,0,False,economy_round_coverage_incomplete|missing_or_ambiguous_team_round
701027,276588,0,False,economy_round_coverage_incomplete|missing_or_ambiguous_team_round
711003,276413,48,True,
711003,276414,40,True,
711003,276415,38,True,
701028,273947,0,False,economy_round_coverage_incomplete|missing_or_ambiguous_team_round
701028,273948,0,False,economy_round_coverage_incomplete|missing_or_ambiguous_team_round
712768,276452,48,True,
712768,276453,40,True,
712769,276455,30,True,
712769,276456,38,True,
712769,276457,60,True,
712770,276458,48,True,
712770,276459,34,True,
712771,276461,42,True,
712771,276462,44,True,
712771,276463,40,True,
707226,275505,48,True,
707226,275506,32,True,
707226,275507,46,True,
707213,275485,46,True,
707213,275486,34,True,
707213,276771,36,True,
707213,276772,36,False,overview_round_history_ineligible
707773,275645,44,True,
707773,275646,38,True,
707779,275665,52,True,
707779,275666,36,True,
707779,275667,28,True,
701029,273950,0,False,economy_round_coverage_incomplete|missing_or_ambiguous_team_round
701029,273951,0,False,economy_round_coverage_incomplete|missing_or_ambiguous_team_round
701029,273952,0,False,economy_round_coverage_incomplete|missing_or_ambiguous_team_round
701030,273953,0,False,economy_round_coverage_incomplete|missing_or_ambiguous_team_round
701030,273954,0,False,economy_round_coverage_incomplete|missing_or_ambiguous_team_round
701030,273955,0,False,economy_round_coverage_incomplete|missing_or_ambiguous_team_round
712772,276464,32,True,
712772,276465,60,True,
712772,276466,46,True,
712773,276467,36,True,
712773,276468,44,True,
707780,275668,56,True,
707780,275669,38,True,
707780,275670,32,True,
707231,275519,48,True,
707231,275520,60,True,
707231,275521,34,True,
707231,275522,36,True,
707231,275523,46,True,
701031,273957,0,False,economy_round_coverage_incomplete|missing_or_ambiguous_team_round
701031,277084,0,False,economy_round_coverage_incomplete|missing_or_ambiguous_team_round
701032,273959,0,False,economy_round_coverage_incomplete|missing_or_ambiguous_team_round
701032,273960,0,False,economy_round_coverage_incomplete|missing_or_ambiguous_team_round
712774,276470,34,True,
712774,276471,44,True,
712774,276472,44,True,
707224,275497,26,True,
707224,275498,52,True,
707224,275499,34,True,
707224,275500,42,True,
707224,275501,48,False,missing_loadout_value
707209,275469,34,False,overview_round_history_ineligible
707209,275470,46,True,
707209,275471,38,True,
707209,275472,36,False,overview_round_history_ineligible
707209,275473,48,True,
707774,275648,48,True,
707774,275649,30,True,
707774,275650,48,True,
707774,275651,52,True,
709685,276132,46,True,
709685,276133,40,True,
709685,276134,30,True,
709685,276135,36,True,
701036,273962,0,False,economy_round_coverage_incomplete|missing_or_ambiguous_team_round
701036,273963,0,False,economy_round_coverage_incomplete|missing_or_ambiguous_team_round
701037,273965,0,False,economy_round_coverage_incomplete|missing_or_ambiguous_team_round
701037,273966,0,False,economy_round_coverage_incomplete|missing_or_ambiguous_team_round
701037,273967,0,False,economy_round_coverage_incomplete|missing_or_ambiguous_team_round
707486,275542,44,True,
707486,275543,68,True,
707486,275544,42,True,
707487,275545,48,True,
707487,275546,48,True,
707487,275547,48,True,
709683,276124,42,True,
709683,276125,48,True,
709683,276126,44,True,
701038,277180,0,False,economy_round_coverage_incomplete|missing_or_ambiguous_team_round
701038,277181,0,False,economy_round_coverage_incomplete|missing_or_ambiguous_team_round
701039,273971,0,False,economy_round_coverage_incomplete|missing_or_ambiguous_team_round
701039,273972,0,False,economy_round_coverage_incomplete|missing_or_ambiguous_team_round
701039,273973,0,False,economy_round_coverage_incomplete|missing_or_ambiguous_team_round
712803,276498,38,True,
712803,276499,44,True,
712804,276501,38,True,
712804,276502,30,True,
707489,275551,40,True,
707489,275552,36,True,
707488,275548,36,True,
707488,275549,44,True,
698884,273205,40,True,
698884,273206,60,True,
701040,273974,0,False,economy_round_coverage_incomplete|missing_or_ambiguous_team_round
701040,273975,0,False,economy_round_coverage_incomplete|missing_or_ambiguous_team_round
701040,273976,0,False,economy_round_coverage_incomplete|missing_or_ambiguous_team_round
698885,273208,38,True,
698885,273209,44,True,
698885,273210,48,True,
701041,273977,0,False,economy_round_coverage_incomplete|missing_or_ambiguous_team_round
701041,273978,0,False,economy_round_coverage_incomplete|missing_or_ambiguous_team_round
712805,276504,56,True,
712805,276505,44,True,
712806,276507,36,True,
712806,276508,36,True,
712806,276509,34,True,
707490,275554,42,True,
707490,275555,38,True,
707490,275556,52,True,
706349,275064,42,True,
706349,275065,28,True,
706349,275066,42,True,
706350,275067,34,True,
706350,275068,48,True,
706350,275069,60,True,
701042,273980,0,False,economy_round_coverage_incomplete|missing_or_ambiguous_team_round
701042,273981,0,False,economy_round_coverage_incomplete|missing_or_ambiguous_team_round
701042,277454,0,False,economy_round_coverage_incomplete|missing_or_ambiguous_team_round
698886,273211,32,True,
698886,273212,48,True,
698886,273213,42,True,
701043,273983,0,False,economy_round_coverage_incomplete|missing_or_ambiguous_team_round
701043,273984,0,False,economy_round_coverage_incomplete|missing_or_ambiguous_team_round
701043,273985,0,False,economy_round_coverage_incomplete|missing_or_ambiguous_team_round
698887,273214,48,True,
698887,273215,38,True,
698887,273216,40,True,
701044,273986,0,False,economy_round_coverage_incomplete|missing_or_ambiguous_team_round
701044,273987,0,False,economy_round_coverage_incomplete|missing_or_ambiguous_team_round
712807,276510,38,True,
712807,276511,56,True,
712808,276513,44,True,
712808,276514,38,True,
712808,276515,44,True,
706351,275070,34,True,
706351,275071,44,True,
706352,275073,44,True,
706352,275074,64,True,
706352,275075,32,True,
698888,273217,44,True,
698888,273218,60,True,
701045,273989,0,False,economy_round_coverage_incomplete|missing_or_ambiguous_team_round
701045,273990,0,False,economy_round_coverage_incomplete|missing_or_ambiguous_team_round
701045,273991,0,False,economy_round_coverage_incomplete|missing_or_ambiguous_team_round
698889,273220,52,True,
698889,273221,48,True,
698889,273222,64,True,
701046,273992,0,False,economy_round_coverage_incomplete|missing_or_ambiguous_team_round
701046,273993,0,False,economy_round_coverage_incomplete|missing_or_ambiguous_team_round
712809,276516,44,True,
712809,276517,52,True,
712810,276519,52,True,
712810,276520,46,True,
706353,275076,34,True,
706353,275077,60,True,
706353,275078,46,True,
706354,275079,44,True,
706354,275080,48,True,
706354,275081,34,True,
701047,273995,0,False,economy_round_coverage_incomplete|missing_or_ambiguous_team_round
701047,273996,0,False,economy_round_coverage_incomplete|missing_or_ambiguous_team_round
701047,273997,0,False,economy_round_coverage_incomplete|missing_or_ambiguous_team_round
698890,273223,48,True,
698890,273224,40,True,
698890,273225,34,True,
701048,273998,0,False,economy_round_coverage_incomplete|missing_or_ambiguous_team_round
701048,273999,0,False,economy_round_coverage_incomplete|missing_or_ambiguous_team_round
701048,274000,0,False,economy_round_coverage_incomplete|missing_or_ambiguous_team_round
698891,273226,34,True,
698891,273227,40,True,
701049,274001,0,False,economy_round_coverage_incomplete|missing_or_ambiguous_team_round
701049,274002,0,False,economy_round_coverage_incomplete|missing_or_ambiguous_team_round
712811,276522,42,True,
712811,276523,34,True,
712812,276525,48,True,
712812,276526,48,True,
701050,274004,0,False,economy_round_coverage_incomplete|missing_or_ambiguous_team_round
701050,274005,0,False,economy_round_coverage_incomplete|missing_or_ambiguous_team_round
701051,274007,0,False,economy_round_coverage_incomplete|missing_or_ambiguous_team_round
701051,274008,0,False,economy_round_coverage_incomplete|missing_or_ambiguous_team_round
701051,274009,0,False,economy_round_coverage_incomplete|missing_or_ambiguous_team_round
701052,274011,0,False,economy_round_coverage_incomplete|missing_or_ambiguous_team_round
701052,277921,0,False,economy_round_coverage_incomplete|missing_or_ambiguous_team_round
701053,274013,0,False,economy_round_coverage_incomplete|missing_or_ambiguous_team_round
701053,274014,0,False,economy_round_coverage_incomplete|missing_or_ambiguous_team_round
701054,274016,0,False,economy_round_coverage_incomplete|missing_or_ambiguous_team_round
701054,274017,0,False,economy_round_coverage_incomplete|missing_or_ambiguous_team_round
701054,274018,0,False,economy_round_coverage_incomplete|missing_or_ambiguous_team_round
701055,274019,0,False,economy_round_coverage_incomplete|missing_or_ambiguous_team_round
701055,274020,0,False,economy_round_coverage_incomplete|missing_or_ambiguous_team_round
701055,274021,0,False,economy_round_coverage_incomplete|missing_or_ambiguous_team_round
712814,276528,46,True,
712814,276529,52,True,
712814,276530,28,True,
712815,276531,60,True,
712815,276532,38,True,
712815,276533,64,True,
698892,273229,40,True,
698892,273230,32,True,
701056,274022,0,False,economy_round_coverage_incomplete|missing_or_ambiguous_team_round
701056,274023,0,False,economy_round_coverage_incomplete|missing_or_ambiguous_team_round
698893,273232,52,True,
698893,273233,46,True,
701057,274025,0,False,economy_round_coverage_incomplete|missing_or_ambiguous_team_round
701057,274026,0,False,economy_round_coverage_incomplete|missing_or_ambiguous_team_round
701057,274027,0,False,economy_round_coverage_incomplete|missing_or_ambiguous_team_round
712816,276534,46,True,
712816,276535,26,True,
712817,276537,46,True,
712817,276538,40,True,
706355,275082,36,True,
706355,275083,36,True,
706356,275085,34,True,
706356,275086,32,True,
698894,273235,44,True,
698894,273236,36,True,
701058,274028,0,False,economy_round_coverage_incomplete|missing_or_ambiguous_team_round
701058,274029,0,False,economy_round_coverage_incomplete|missing_or_ambiguous_team_round
698895,273238,46,True,
698895,273239,64,True,
701059,274031,0,False,economy_round_coverage_incomplete|missing_or_ambiguous_team_round
701059,274032,0,False,economy_round_coverage_incomplete|missing_or_ambiguous_team_round
712818,276540,40,True,
712818,276541,40,True,
712818,276542,48,True,
712819,276543,38,True,
712819,276544,36,True,
706357,275088,52,True,
706357,275089,40,True,
706358,275091,26,True,
706358,275092,46,True,
675270,268334,32,True,
675270,268335,48,True,
675271,268337,52,True,
675271,268338,36,True,
698897,273241,38,True,
698897,273243,40,True,
698897,278340,40,True,
701060,274034,0,False,economy_round_coverage_incomplete|missing_or_ambiguous_team_round
701060,274035,0,False,economy_round_coverage_incomplete|missing_or_ambiguous_team_round
701060,274036,0,False,economy_round_coverage_incomplete|missing_or_ambiguous_team_round
698898,273244,36,True,
698898,273245,36,True,
701061,274037,0,False,economy_round_coverage_incomplete|missing_or_ambiguous_team_round
701061,274038,0,False,economy_round_coverage_incomplete|missing_or_ambiguous_team_round
712820,276546,38,True,
712820,276547,40,True,
712821,276549,36,True,
712821,276550,40,True,
706359,275094,28,True,
706359,275095,38,True,
706360,275097,38,True,
706360,275098,40,True,
675272,268340,34,True,
675272,268341,46,True,
675272,268342,38,True,
675272,268343,38,True,
675272,268344,48,True,
698899,273247,28,True,
698899,278415,38,True,
701062,274040,0,False,economy_round_coverage_incomplete|missing_or_ambiguous_team_round
701062,274041,0,False,economy_round_coverage_incomplete|missing_or_ambiguous_team_round
698901,273250,40,True,
698901,273251,48,True,
698901,273252,36,True,
701063,274043,0,False,economy_round_coverage_incomplete|missing_or_ambiguous_team_round
701063,274044,0,False,economy_round_coverage_incomplete|missing_or_ambiguous_team_round
712822,276552,48,True,
712822,276553,44,True,
712822,276554,32,True,
712823,276555,34,True,
712823,276556,30,True,
706361,275100,34,True,
706361,275101,42,True,
706362,275103,52,True,
706362,275104,44,True,
715113,277041,60,True,
715113,277042,40,True,
715113,277043,32,True,
715113,277044,42,True,
715114,277046,46,True,
715114,277047,30,True,
715114,277048,36,True,
715115,277049,28,True,
715115,277050,36,True,
715116,277052,34,True,
715116,277053,42,True,
712824,276558,38,True,
712824,276559,40,True,
712825,276561,60,True,
712825,276562,40,True,
712825,276563,44,True,
698902,273253,48,True,
698902,273255,56,True,
698902,278738,32,True,
698903,273256,52,True,
698903,273257,46,True,
698903,273258,48,True,
712826,276564,48,True,
712826,276565,52,True,
712827,276567,60,True,
712827,276568,34,True,
706364,275106,42,True,
706364,275107,46,True,
715117,277055,46,True,
715117,277056,52,False,missing_loadout_value
715117,277057,48,True,
715117,277058,44,True,
715117,277059,42,False,missing_loadout_value
706365,275109,56,True,
706365,275110,42,True,
706365,275111,36,True,
698904,273259,46,True,
698904,273260,42,True,
698905,273262,42,True,
698905,273263,52,True,
698905,273264,48,True,
712828,276570,46,True,
712828,276571,36,True,
712828,276572,46,True,
712829,276573,38,True,
712829,276574,46,True,
706366,275112,42,True,
706366,275113,42,True,
706366,275114,42,True,
706367,275115,52,True,
706367,275116,30,True,
698906,273265,36,True,
698906,273266,48,True,
698906,273267,36,True,
698907,273268,44,True,
698907,273269,34,True,
698907,273270,42,True,
712830,276576,38,True,
712830,276577,52,True,
712830,276578,38,True,
712831,276579,48,True,
712831,276580,48,True,
712831,276581,48,True,
706368,275118,64,True,
706368,275119,44,True,
706368,275120,38,True,
706369,275121,46,True,
706369,275122,38,True,
706369,275123,60,True,
698908,273271,38,True,
698908,273272,42,True,
698908,273273,46,True,
698909,273274,46,True,
698909,273275,56,True,
698909,273276,26,True,
712832,276582,40,True,
712832,276583,44,True,
712832,276584,40,True,
712833,276585,48,True,
712833,276586,26,True,
706370,275124,40,True,
706370,275125,36,True,
706371,275127,48,True,
706371,275128,46,True,
706371,275129,42,True,
724619,278572,0,False,economy_round_coverage_incomplete|missing_or_ambiguous_team_round
724619,279339,0,False,economy_round_coverage_incomplete|missing_or_ambiguous_team_round
724620,278574,0,False,economy_round_coverage_incomplete|missing_or_ambiguous_team_round
724620,278575,0,False,economy_round_coverage_incomplete|missing_or_ambiguous_team_round
724620,279340,0,False,economy_round_coverage_incomplete|missing_or_ambiguous_team_round
724621,278577,0,False,economy_round_coverage_incomplete|missing_or_ambiguous_team_round
724621,278578,0,False,economy_round_coverage_incomplete|missing_or_ambiguous_team_round
724621,278579,0,False,economy_round_coverage_incomplete|missing_or_ambiguous_team_round
724622,278580,0,False,economy_round_coverage_incomplete|missing_or_ambiguous_team_round
724622,278581,0,False,economy_round_coverage_incomplete|missing_or_ambiguous_team_round
724622,278582,0,False,economy_round_coverage_incomplete|missing_or_ambiguous_team_round
729664,278908,36,True,
729664,278909,44,True,
729664,278910,44,True,
729665,278911,42,True,
729665,278912,40,True,
729665,278913,56,True,
706372,275130,48,True,
706372,275131,32,True,
706373,275133,38,True,
706373,275134,44,True,
698910,273277,38,True,
698910,273278,48,True,
724623,278583,0,False,economy_round_coverage_incomplete|missing_or_ambiguous_team_round
724623,278584,0,False,economy_round_coverage_incomplete|missing_or_ambiguous_team_round
724623,278585,0,False,economy_round_coverage_incomplete|missing_or_ambiguous_team_round
698911,273280,42,True,
698911,273281,46,True,
698911,273282,48,True,
724624,278586,0,False,economy_round_coverage_incomplete|missing_or_ambiguous_team_round
724624,278587,0,False,economy_round_coverage_incomplete|missing_or_ambiguous_team_round
724624,278588,0,False,economy_round_coverage_incomplete|missing_or_ambiguous_team_round
729666,278914,36,True,
729666,278915,38,True,
729667,278917,32,True,
729667,278918,46,True,
729667,278919,48,True,
706374,275136,56,True,
706374,275137,48,True,
706375,275139,56,True,
706375,275140,28,True,
698912,273283,44,True,
698912,273284,36,True,
724625,278589,0,False,economy_round_coverage_incomplete|missing_or_ambiguous_team_round
724625,278590,0,False,economy_round_coverage_incomplete|missing_or_ambiguous_team_round
724625,278591,0,False,economy_round_coverage_incomplete|missing_or_ambiguous_team_round
698913,273286,44,True,
698913,273287,52,True,
724626,278592,0,False,economy_round_coverage_incomplete|missing_or_ambiguous_team_round
724626,278593,0,False,economy_round_coverage_incomplete|missing_or_ambiguous_team_round
729668,278920,38,True,
729668,278921,46,True,
729669,278923,46,True,
729669,278924,52,True,
729669,278925,40,True,
706376,275142,38,True,
706376,275143,38,True,
706376,275144,40,True,
706377,275145,46,True,
706377,275146,42,True,
698914,273289,44,True,
698914,273290,48,True,
724627,278595,0,False,economy_round_coverage_incomplete|missing_or_ambiguous_team_round
724627,278596,0,False,economy_round_coverage_incomplete|missing_or_ambiguous_team_round
724627,278597,0,False,economy_round_coverage_incomplete|missing_or_ambiguous_team_round
698915,273292,52,True,
698915,273293,48,True,
698915,273294,46,True,
724628,278598,0,False,economy_round_coverage_incomplete|missing_or_ambiguous_team_round
724628,278599,0,False,economy_round_coverage_incomplete|missing_or_ambiguous_team_round
729670,278926,44,True,
729670,278927,30,True,
729670,278928,44,True,
729671,278929,44,True,
729671,278930,38,True,
706378,275148,28,True,
706378,275149,40,True,
706379,275151,42,True,
706379,275152,46,True,
724629,278601,0,False,economy_round_coverage_incomplete|missing_or_ambiguous_team_round
724629,278602,0,False,economy_round_coverage_incomplete|missing_or_ambiguous_team_round
724630,278604,0,False,economy_round_coverage_incomplete|missing_or_ambiguous_team_round
724630,278605,0,False,economy_round_coverage_incomplete|missing_or_ambiguous_team_round
724630,278606,0,False,economy_round_coverage_incomplete|missing_or_ambiguous_team_round
724631,278607,0,False,economy_round_coverage_incomplete|missing_or_ambiguous_team_round
724631,278608,0,False,economy_round_coverage_incomplete|missing_or_ambiguous_team_round
724632,278610,0,False,economy_round_coverage_incomplete|missing_or_ambiguous_team_round
724632,278611,0,False,economy_round_coverage_incomplete|missing_or_ambiguous_team_round
724632,278612,0,False,economy_round_coverage_incomplete|missing_or_ambiguous_team_round
724633,278613,0,False,economy_round_coverage_incomplete|missing_or_ambiguous_team_round
724633,278614,0,False,economy_round_coverage_incomplete|missing_or_ambiguous_team_round
724633,278615,0,False,economy_round_coverage_incomplete|missing_or_ambiguous_team_round
724634,278616,0,False,economy_round_coverage_incomplete|missing_or_ambiguous_team_round
724634,278617,0,False,economy_round_coverage_incomplete|missing_or_ambiguous_team_round
729674,278938,48,True,
729674,278939,44,True,
729675,278941,56,True,
729675,278942,48,True,
729675,278943,40,True,
730535,279285,46,True,
730535,279286,42,True,
730536,279288,46,True,
730536,279289,28,True,
730536,279290,38,True,
729676,278944,38,True,
729676,278945,42,True,
729676,278946,46,True,
729677,278947,38,True,
729677,278948,38,True,
729742,278962,32,True,
729742,278963,28,True,
729742,278964,38,True,
729743,278965,36,True,
729743,278966,48,True,
724639,278622,0,False,economy_round_coverage_incomplete|missing_or_ambiguous_team_round
724639,278623,0,False,economy_round_coverage_incomplete|missing_or_ambiguous_team_round
730537,279291,40,True,
730537,279292,42,True,
730537,279293,34,True,
724638,278619,0,False,economy_round_coverage_incomplete|missing_or_ambiguous_team_round
724638,278620,0,False,economy_round_coverage_incomplete|missing_or_ambiguous_team_round
730538,279294,42,True,
730538,279295,48,True,
729678,278950,48,True,
729678,278951,40,True,
729680,278953,48,True,
729680,278954,42,True,
729744,278968,48,True,
729744,278969,40,True,
729744,278970,46,True,
729745,278971,40,True,
729745,278972,34,True,
729745,278973,34,True,
724641,278628,0,False,economy_round_coverage_incomplete|missing_or_ambiguous_team_round
724641,278629,0,False,economy_round_coverage_incomplete|missing_or_ambiguous_team_round
724641,278630,0,False,economy_round_coverage_incomplete|missing_or_ambiguous_team_round
730539,279297,48,True,
730539,279298,48,True,
730539,279299,38,True,
730540,279300,52,True,
730540,279301,44,True,
730540,279302,46,True,
724640,278625,0,False,economy_round_coverage_incomplete|missing_or_ambiguous_team_round
724640,278626,0,False,economy_round_coverage_incomplete|missing_or_ambiguous_team_round
724640,278627,0,False,economy_round_coverage_incomplete|missing_or_ambiguous_team_round
729673,278935,56,True,
729673,278936,46,True,
729672,278932,56,True,
729672,278933,44,True,
729746,278974,38,True,
729746,278975,38,True,
729747,278977,46,True,
729747,278978,32,True,
724646,278645,0,False,economy_round_coverage_incomplete|missing_or_ambiguous_team_round
724646,278646,0,False,economy_round_coverage_incomplete|missing_or_ambiguous_team_round
730541,279303,28,True,
730541,279304,42,True,
730542,279306,44,True,
730542,279307,36,True,
724647,278648,0,False,economy_round_coverage_incomplete|missing_or_ambiguous_team_round
724647,278649,0,False,economy_round_coverage_incomplete|missing_or_ambiguous_team_round
724647,278650,0,False,economy_round_coverage_incomplete|missing_or_ambiguous_team_round
729681,278956,48,True,
729681,278957,40,True,
729682,278959,44,True,
729682,278960,42,True,
729748,278980,52,True,
729748,278981,46,True,
729748,278982,44,True,
729749,278983,38,True,
729749,278984,38,True,
729749,278985,48,True,
724642,278631,0,False,economy_round_coverage_incomplete|missing_or_ambiguous_team_round
724642,278632,0,False,economy_round_coverage_incomplete|missing_or_ambiguous_team_round
724642,278633,0,False,economy_round_coverage_incomplete|missing_or_ambiguous_team_round
730545,279315,48,True,
730545,279316,46,True,
730546,279318,34,True,
730546,279319,48,True,
730546,279320,40,True,
724643,278634,0,False,economy_round_coverage_incomplete|missing_or_ambiguous_team_round
724643,278635,0,False,economy_round_coverage_incomplete|missing_or_ambiguous_team_round
724643,278636,0,False,economy_round_coverage_incomplete|missing_or_ambiguous_team_round
729752,278992,42,True,
729752,278993,46,True,
729753,278995,52,True,
729753,278996,40,True,
724649,278655,0,False,economy_round_coverage_incomplete|missing_or_ambiguous_team_round
724649,280619,0,False,economy_round_coverage_incomplete|missing_or_ambiguous_team_round
730547,279322,52,True,
730547,279323,40,True,
730547,280620,44,True,
724648,278651,0,False,economy_round_coverage_incomplete|missing_or_ambiguous_team_round
724648,278652,0,False,economy_round_coverage_incomplete|missing_or_ambiguous_team_round
724648,278653,0,False,economy_round_coverage_incomplete|missing_or_ambiguous_team_round
730548,279324,48,True,
730548,279325,44,True,
730548,279326,44,True,
731397,279400,38,True,
731397,279401,48,True,
731397,279402,34,True,
731396,279397,48,True,
731396,279398,48,True,
729754,278998,42,True,
729754,278999,46,True,
729755,279001,42,True,
729755,279002,48,True,
724644,278637,0,False,economy_round_coverage_incomplete|missing_or_ambiguous_team_round
724644,278638,0,False,economy_round_coverage_incomplete|missing_or_ambiguous_team_round
730543,279309,30,True,
730543,279310,60,True,
730543,279311,44,True,
724650,278657,0,False,economy_round_coverage_incomplete|missing_or_ambiguous_team_round
724650,278658,0,False,economy_round_coverage_incomplete|missing_or_ambiguous_team_round
730544,279312,36,True,
730544,279313,46,True,
731399,279406,46,True,
731399,279407,44,True,
731399,279408,38,True,
731398,279403,42,True,
731398,279404,38,True,
731398,279405,36,True,
729750,278986,36,True,
729750,278987,44,True,
729750,278988,36,True,
729751,278989,40,True,
729751,278990,40,True,
729751,278991,42,True,
724651,278660,0,False,economy_round_coverage_incomplete|missing_or_ambiguous_team_round
724651,278661,0,False,economy_round_coverage_incomplete|missing_or_ambiguous_team_round
724651,278662,0,False,economy_round_coverage_incomplete|missing_or_ambiguous_team_round
730549,279327,38,True,
730549,279328,46,True,
730550,279330,34,True,
730550,279331,32,True,
731402,279417,38,True,
731402,279418,28,True,
731402,279419,28,True,
731403,279420,48,True,
731403,279421,48,True,
731403,279422,40,True,
729756,279004,42,True,
729756,279005,36,True,
729757,279007,40,True,
729757,279008,42,True,
724645,278640,0,False,economy_round_coverage_incomplete|missing_or_ambiguous_team_round
724645,278641,0,False,economy_round_coverage_incomplete|missing_or_ambiguous_team_round
724645,278642,0,False,economy_round_coverage_incomplete|missing_or_ambiguous_team_round
724645,278643,0,False,economy_round_coverage_incomplete|missing_or_ambiguous_team_round
730551,279333,30,True,
730551,279334,36,True,
730551,279335,52,True,
730552,279336,40,True,
730552,279337,42,True,
731404,279423,34,True,
731404,279424,52,True,
731406,279426,48,True,
731406,279427,48,True,
729758,279010,38,True,
729758,279011,52,True,
729758,279012,42,True,
729759,279013,44,True,
729759,279014,44,True,
729759,279015,32,True,
742476,281138,40,True,
742476,281139,46,True,
742477,281141,48,True,
742477,281142,42,True,
742477,281143,44,True,
742478,281144,42,True,
742478,281145,44,True,
742478,281146,48,True,
742479,281147,46,True,
742479,281148,36,True,
734302,280023,34,True,
734302,280024,44,True,
734303,280026,40,True,
734303,280027,32,True,
742482,281158,48,True,
742482,281159,36,True,
742483,281161,46,True,
742483,281162,40,True,
731400,279409,38,True,
731400,279410,42,True,
731407,279429,46,True,
731407,279430,46,True,
734304,280029,40,True,
734304,280030,48,True,
734304,280031,36,True,
734305,280032,30,True,
734305,280033,40,True,
742484,281164,38,True,
742484,281165,56,True,
742484,281166,46,True,
742485,281167,36,True,
742485,281168,48,True,
731408,279432,36,True,
731408,279433,42,True,
731408,279434,46,True,
734309,280043,42,True,
734309,280044,46,True,
734309,280045,36,True,
734310,280046,68,True,
734310,280047,46,True,
734310,280048,44,True,
731401,279412,40,True,
731401,279413,38,True,
731401,279414,40,True,
731401,279415,46,True,
734311,280049,46,True,
734311,280050,44,True,
734311,280051,42,True,
734312,280052,46,True,
734312,280053,46,True,
742480,281150,40,True,
742480,281151,52,True,
742480,281152,38,True,
742486,281170,44,True,
742486,281171,44,True,
734307,280035,32,True,
734307,280036,38,True,
734313,280055,32,True,
734313,280056,38,True,
742487,281173,36,True,
742487,281174,46,True,
742487,281175,36,True,
742487,281176,46,True,
734314,280058,46,True,
734314,280059,44,True,
734314,280060,44,True,
734314,280061,36,True,
734314,280062,32,True,
742481,281153,48,True,
742481,281154,30,True,
742481,281155,46,True,
742481,281156,36,True,
742481,281157,46,True,
734308,280038,40,True,
734308,280039,48,True,
734308,280040,52,True,
734308,280041,28,True,
734308,280042,52,True,
753455,283184,34,True,
753455,283185,40,True,
753455,283186,46,True,
753454,283181,38,True,
753454,283182,32,True,
753460,283199,36,True,
753460,283200,46,True,
753459,283196,32,True,
753459,283197,38,True,
753449,283166,46,True,
753449,283167,44,True,
753449,283168,48,True,
753450,283169,42,True,
753450,283170,36,True,
753444,283151,42,True,
753444,283152,44,True,
753445,283154,28,True,
753445,283155,46,True,
753456,283187,44,True,
753456,283188,48,True,
753456,283189,44,True,
753461,283202,40,True,
753461,283203,48,True,
753461,283204,44,True,
753451,285206,40,True,
753451,285207,72,True,
753446,283157,36,True,
753446,283158,46,True,
753457,283190,42,True,
753457,283191,40,True,
753457,283192,30,True,
753462,283205,48,True,
753462,283206,48,True,
753452,283175,36,True,
753452,283176,38,True,
753447,283160,48,True,
753447,283161,32,True,
753447,283162,36,True,
753458,283193,46,True,
753458,283194,40,True,
753463,283208,44,True,
753463,283209,36,True,
753463,283210,38,True,
753453,283178,42,True,
753453,283179,44,True,
753448,283163,46,True,
753448,283164,46,True,
754732,283271,48,True,
754732,283272,40,True,
754733,283274,44,True,
754733,283275,56,True,
