vlr_player_id,handle,maps,maps_2026,teams_observed,observed_role,observed_role_scope,component_id,inseparable_teammates,lineup_coefficient,most_frequent_teammate_id,most_frequent_teammate_shared_maps,max_teammate_coappearance_fraction,maps_without_most_frequent_teammate,replacement_pool_players,replacement_coefficient,experimental_historical_war_proxy,experimental_2026_war_proxy,experimental_2026_war_per_100_maps,replacement_availability,use_for_game_overall
4,crashies,178,55,2,initiator,2026,7416,,0.079375,438,148,0.8314606741573034,30,238,-0.03895063454622416,5.12941740223897,1.5832059296243584,2.8785562356806516,unverified_statistical_tier2_pool,False
9,TenZ,83,0,3,controller,historical_fallback,7416,,0.085547,659,81,0.9759036144578314,2,295,-0.04470957291189566,2.6712705682031546,,,unverified_statistical_tier2_pool,False
11,Zyppan,109,49,3,initiator,2026,7416,,0.06505,4329,49,0.44954128440366975,60,237,-0.03920609411965029,2.7344121542339,1.216695121266351,2.483051267890512,unverified_statistical_tier2_pool,False
46,ShahZaM,2,0,1,initiator,historical_fallback,7416,,-0.008334,2567,2,1.0,0,238,-0.03895063454622416,0.014757192994387325,,,unverified_statistical_tier2_pool,False
53,Inspire,29,11,1,controller,2026,7416,,0.063396,21778,29,1.0,0,295,-0.04470957291189566,0.7744688288201266,0.29222176179504344,2.6565614708640313,unverified_statistical_tier2_pool,False
64,gMd,87,54,3,controller,2026,7416,,-0.018764,17770,40,0.45977011494252873,47,294,-0.044975080437388744,0.5588678045211396,0.3471661630244051,0.6429003018970465,unverified_statistical_tier2_pool,False
98,ardiis,37,0,1,initiator,historical_fallback,7416,,-0.014521,11,37,1.0,0,238,-0.03895063454622416,0.22235861183261496,,,unverified_statistical_tier2_pool,False
101,soulcas,37,0,2,initiator,historical_fallback,7416,,0.004914,129,20,0.5405405405405406,17,238,-0.03895063454622416,0.39117058999378185,,,unverified_statistical_tier2_pool,False
109,ANGE1,86,0,1,initiator,historical_fallback,7416,,0.020449,384,86,1.0,0,238,-0.03895063454622416,1.2482356028277546,,,unverified_statistical_tier2_pool,False
113,HyP,9,0,1,sentinel,historical_fallback,7416,,-0.005338,114,9,1.0,0,121,-0.034884002137719895,0.06523958955742049,,,unverified_statistical_tier2_pool,False
114,Enzo,57,16,3,initiator,2026,7416,,-0.147341,457,32,0.5614035087719298,25,237,-0.03818425582594577,-1.5307036132979506,-0.42590428251690954,-2.6619017657306845,unverified_statistical_tier2_pool,False
122,luckeRRR,14,14,1,duelist,2026,7416,,-0.079442,8834,14,1.0,0,341,-0.046979399682784743,-0.1031343530392963,-0.1031343530392963,-0.7366739502806878,unverified_statistical_tier2_pool,False
126,NowaXxZang,51,51,1,controller,2026,7416,15969,0.090547,1524,51,1.0,0,294,-0.044975080437388744,1.686358572683674,1.686358572683674,3.3065854366346548,unverified_statistical_tier2_pool,False
129,hype,25,0,1,sentinel,historical_fallback,7416,,0.034383,1281,25,1.0,0,121,-0.034884002137719895,0.42506164261767826,,,unverified_statistical_tier2_pool,False
172,vakk,11,0,1,sentinel,historical_fallback,7416,,-0.003463,5554,11,1.0,0,121,-0.034884002137719895,0.08498428186422269,,,unverified_statistical_tier2_pool,False
195,Desmo,3,3,1,duelist,2026,7416,,0.007742,4,3,1.0,0,342,-0.047447091887610926,0.04006794727709151,0.04006794727709151,1.335598242569717,unverified_statistical_tier2_pool,False
201,ALLIN,11,11,1,controller,2026,7416,203|362|16117,0.004775,203,11,1.0,0,294,-0.044975080437388744,0.1361544620252157,0.1361544620252157,1.23776783659287,unverified_statistical_tier2_pool,False
203,kENZ,11,11,1,initiator,2026,7416,201|362|16117,0.004775,201,11,1.0,0,237,-0.03920609411965029,0.12034929076146361,0.12034929076146361,1.094084461467851,unverified_statistical_tier2_pool,False
220,beyAz,28,0,1,initiator,historical_fallback,7416,19522,-0.026,301,28,1.0,0,238,-0.03895063454622416,0.08916729157535286,,,unverified_statistical_tier2_pool,False
251,B1SK,82,65,3,duelist,2026,7416,,0.10932,1155,65,0.7926829268292683,17,341,-0.047602989289219654,3.1384922804795456,2.479668577524978,3.814874734653812,unverified_statistical_tier2_pool,False
252,d3ffo,30,18,2,sentinel,2026,7416,,-0.030608,7043,18,0.6,12,120,-0.035601050290873654,0.03677153206764122,0.021868098280522053,0.12148943489178918,unverified_statistical_tier2_pool,False
261,Victor,32,2,2,duelist,2026,7416,,-0.034623,4,30,0.9375,2,342,-0.047447091887610926,0.10138083256695501,0.006393923796447987,0.31969618982239933,unverified_statistical_tier2_pool,False
263,Marved,23,3,2,controller,2026,7416,,0.035512,4,20,0.8695652173913043,3,295,-0.04470957291189566,0.4576096587268106,0.060144012118749535,2.004800403958318,unverified_statistical_tier2_pool,False
292,Fit1nho,89,58,2,initiator,2026,7416,,0.025261,5199,58,0.651685393258427,31,237,-0.03920609411965029,1.402461786242375,0.9102068289030452,1.5693221187983537,unverified_statistical_tier2_pool,False
301,TakaS,109,72,2,duelist,2026,7416,,0.078226,5004,100,0.9174311926605505,9,341,-0.047602989289219654,3.330302163020213,2.19248528774743,3.0451184552047637,unverified_statistical_tier2_pool,False
309,paTiTek,172,31,3,controller,2026,7416,,0.128417,11494,93,0.5406976744186046,79,294,-0.044975080437388744,7.218455165815484,1.251017576686353,4.035540569955977,unverified_statistical_tier2_pool,False
312,Sayf,98,0,1,duelist,historical_fallback,7416,,0.006125,11134,98,1.0,0,342,-0.047447091887610926,1.2941635967892133,,,unverified_statistical_tier2_pool,False
314,Ambi,12,0,1,initiator,historical_fallback,7416,6889|8805,0.013678,252,12,1.0,0,238,-0.03895063454622416,0.15688616570134734,,,unverified_statistical_tier2_pool,False
320,dimasick,7,0,1,sentinel,historical_fallback,7416,17216|41053,-0.010164,4404,7,1.0,0,121,-0.034884002137719895,0.042804079551437835,,,unverified_statistical_tier2_pool,False
321,chiwa,68,68,1,sentinel,2026,7416,,0.096546,1369,68,1.0,0,120,-0.035601050290873654,2.17106222689954,2.17106222689954,3.1927385689699115,unverified_statistical_tier2_pool,False
362,Tian,11,11,1,duelist,2026,7416,201|203|16117,0.004775,201,11,1.0,0,341,-0.047602989289219654,0.14335527761341765,0.14335527761341765,1.303229796485615,unverified_statistical_tier2_pool,False
384,Shao,98,12,1,controller,2026,7416,,0.008386,109,86,0.8775510204081632,12,295,-0.04470957291189566,1.2727485749503322,0.15664457501734802,1.3053714584779001,unverified_statistical_tier2_pool,False
402,Insider,10,0,1,sentinel,historical_fallback,7416,443,0.009783,251,10,1.0,0,121,-0.034884002137719895,0.11027236154743325,,,unverified_statistical_tier2_pool,False
424,Dep,110,48,2,duelist,2026,7416,,0.084395,6668,62,0.5636363636363636,48,341,-0.047602989289219654,3.4045662474199863,1.450567083464211,3.022014757217106,unverified_statistical_tier2_pool,False
438,Boaster,223,55,1,controller,2026,7416,,0.113601,9810,220,0.9865470852017937,3,295,-0.04470957291189566,8.61013325277931,2.11744705107822,3.849903729233128,unverified_statistical_tier2_pool,False
440,AKUMAAAAA,19,19,1,duelist,2026,7416,2622,-0.023392,2622,19,1.0,0,341,-0.047602989289219654,0.11209925837950918,0.11209925837950918,0.5899960967342588,unverified_statistical_tier2_pool,False
443,zeddy,10,0,1,controller,historical_fallback,7416,402,0.009783,251,10,1.0,0,295,-0.04470957291189566,0.13453186280609897,,,unverified_statistical_tier2_pool,False
451,ShadoW,35,0,1,initiator,historical_fallback,7416,,-0.017296,565,35,1.0,0,238,-0.03895063454622416,0.18431053750348797,,,unverified_statistical_tier2_pool,False
454,dapr,8,8,1,initiator,2026,7416,,-0.052645,8746,8,1.0,0,238,-0.03895063454622416,-0.026645664662688195,-0.026645664662688195,-0.33307080828360247,unverified_statistical_tier2_pool,False
457,nAts,200,78,1,sentinel,2026,7416,,0.164649,14681,168,0.84,32,121,-0.034884002137719895,9.75213675586524,3.817249502465545,4.89390961854557,unverified_statistical_tier2_pool,False
458,Chronicle,244,76,2,sentinel,2026,7416,,0.223319,438,168,0.6885245901639344,76,121,-0.034884002137719895,15.361935497375814,4.746971556418016,6.246015205813179,unverified_statistical_tier2_pool,False
485,stax,191,68,2,initiator,2026,7416,,0.15032,804,179,0.93717277486911,12,238,-0.03895063454622416,8.750990702383397,3.08050755679751,4.530158171761045,unverified_statistical_tier2_pool,False
488,Rb,178,78,2,controller,2026,7416,,0.103948,31827,115,0.6460674157303371,63,295,-0.04470957291189566,6.395855636747318,2.7826473925269317,3.56749665708581,unverified_statistical_tier2_pool,False
562,zeek,56,41,3,initiator,2026,7416,,0.094704,1284,41,0.7321428571428571,15,237,-0.03920609411965029,1.8308193607248535,1.334126150365572,3.253966220403834,unverified_statistical_tier2_pool,False
565,starxo,101,59,3,initiator,2026,7416,,0.010856,10307,59,0.5841584158415841,42,238,-0.03895063454622416,1.2179120905689131,0.7081510228059542,1.2002559708575495,unverified_statistical_tier2_pool,False
569,pAura,81,53,2,initiator,2026,7416,8041|10161,0.057365,8041,81,1.0,0,237,-0.03920609411965029,1.893396014218718,1.2263950878685252,2.3139529959783496,unverified_statistical_tier2_pool,False
573,cNed,94,20,2,duelist,2026,7416,,-0.069188,1139,74,0.7872340425531915,20,342,-0.047447091887610926,-0.4803450108304897,-0.09147115938883132,-0.4573557969441566,unverified_statistical_tier2_pool,False
586,sickLy,2,2,1,initiator,2026,7416,,-0.033207,740,2,1.0,0,238,-0.03895063454622416,0.00277981564790436,0.00277981564790436,0.138990782395218,unverified_statistical_tier2_pool,False
593,Fresht,34,34,1,duelist,2026,7416,8056,-0.058534,8056,34,1.0,0,341,-0.046979399682784743,-0.09247006780709799,-0.09247006780709799,-0.2719707876679353,unverified_statistical_tier2_pool,False
601,Asuna,167,66,1,duelist,2026,7416,4147,0.127688,4147,167,1.0,0,342,-0.047447091887610926,7.075656200789947,2.763858619219288,4.187664574574679,unverified_statistical_tier2_pool,False
604,Boostio,83,0,1,sentinel,historical_fallback,7416,,0.002005,601,83,1.0,0,121,-0.034884002137719895,0.7484414632646446,,,unverified_statistical_tier2_pool,False
612,mitch,77,32,2,initiator,2026,7416,,0.054523,6582,45,0.5844155844155844,32,237,-0.03920609411965029,1.7356344540801865,0.733304115213314,2.2915753600416062,unverified_statistical_tier2_pool,False
619,C0M,165,43,3,initiator,2026,7416,,-0.04781,1818,122,0.7393939393939394,43,238,-0.03895063454622416,-0.350120178003287,-0.08711928433008681,-0.2026029868141554,unverified_statistical_tier2_pool,False
651,frz,110,83,3,initiator,2026,7416,,0.055297,14950,83,0.7545454545454545,27,237,-0.03920609411965029,2.5443042307081196,1.916994845591418,2.309632344086046,unverified_statistical_tier2_pool,False
659,Sacy,82,0,2,initiator,historical_fallback,7416,,0.076286,9,81,0.9878048780487805,1,238,-0.03895063454622416,2.335046600950122,,,unverified_statistical_tier2_pool,False
662,pryze,88,37,4,initiator,2026,7416,,-0.080136,6195,57,0.6477272727272727,31,237,-0.03818425582594577,-0.8941297445772222,-0.37842786210648804,-1.022778005693211,unverified_statistical_tier2_pool,False
681,xand,11,0,1,initiator,historical_fallback,7416,,0.013481,725,11,1.0,0,238,-0.03895063454622416,0.13895822468358382,,,unverified_statistical_tier2_pool,False
683,pANcada,57,7,1,controller,2026,7416,,-0.070347,6193,57,1.0,0,295,-0.04470957291189566,-0.34291435696645806,-0.041324330638351114,-0.5903475805478731,unverified_statistical_tier2_pool,False
725,nzr,56,16,3,initiator,2026,7416,,-0.022457,939,23,0.4107142857142857,33,237,-0.03920609411965029,0.22851169882994338,0.06531502258007799,0.4082188911254874,unverified_statistical_tier2_pool,False
726,Pule,1,1,1,controller,2026,7416,,-0.013133,7652,1,1.0,0,295,-0.04470957291189566,0.0072240344307299975,0.0072240344307299975,0.7224034430729998,unverified_statistical_tier2_pool,False
727,saadhak,134,40,3,controller,2026,7416,,0.0816,8447,92,0.6865671641791045,42,295,-0.04470957291189566,4.089679536585545,1.186152426163713,2.9653810654092827,unverified_statistical_tier2_pool,False
729,Zellsis,213,48,2,controller,2026,7416,,0.109768,1265,165,0.7746478873239436,48,295,-0.04470957291189566,7.974866829488533,1.7532543789584643,3.6526132894968004,unverified_statistical_tier2_pool,False
733,stellar,60,58,3,controller,2026,7416,,0.094684,16671,38,0.6333333333333333,22,294,-0.044975080437388744,2.0504884300678974,1.9813369731062611,3.4160982294935534,unverified_statistical_tier2_pool,False
740,aproto,29,14,3,controller,2026,7416,,-0.089114,64,15,0.5172413793103449,14,294,-0.04401135369692863,-0.31335753752844775,-0.14897237411186198,-1.0640883865133,unverified_statistical_tier2_pool,False
754,nerve,39,39,2,controller,2026,7416,,0.040059,796,37,0.9487179487179487,2,295,-0.04470957291189566,0.7858926523079457,0.7858926523079457,2.0151093648921683,unverified_statistical_tier2_pool,False
765,Jerk,15,15,1,initiator,2026,7416,,-0.032916,64,15,1.0,0,237,-0.03920609411965029,0.022984265260556636,0.022984265260556636,0.15322843507037756,unverified_statistical_tier2_pool,False
766,Ange,67,67,1,controller,2026,7416,2119|12932|25902,0.037384,2119,67,1.0,0,294,-0.044975080437388744,1.3529577259682521,1.3529577259682521,2.0193398895048538,unverified_statistical_tier2_pool,False
772,Zest,26,0,1,initiator,historical_fallback,7416,2361,-0.035389,2361,26,1.0,0,238,-0.03895063454622416,0.022057581205110033,,,unverified_statistical_tier2_pool,False
773,Lakia,136,24,1,initiator,2026,7416,,0.003082,9196,136,1.0,0,238,-0.03895063454622416,1.383950792045803,0.24036888827912256,1.0015370344963441,unverified_statistical_tier2_pool,False
783,murizzz,59,42,3,controller,2026,7416,8892,-0.001382,8892,59,1.0,0,294,-0.044975080437388744,0.630357971082806,0.4471685199945376,1.0646869523679467,unverified_statistical_tier2_pool,False
796,eeiu,141,40,2,initiator,2026,7416,,0.043763,601,101,0.7163120567375887,40,238,-0.03895063454622416,2.815206614923814,0.7814466137229286,1.9536165343073215,unverified_statistical_tier2_pool,False
804,BuZz,229,78,2,duelist,2026,7416,,0.106644,485,179,0.7816593886462883,50,342,-0.047447091887610926,8.528675055911366,2.865680264090957,3.673949056526868,unverified_statistical_tier2_pool,False
806,Moothie,29,29,1,controller,2026,7416,,-0.018137,17111,29,1.0,0,294,-0.044975080437388744,0.18312587744501047,0.18312587744501047,0.6314685429138293,unverified_statistical_tier2_pool,False
817,FiNESSE,32,0,1,sentinel,historical_fallback,7416,,-0.080771,4164,32,1.0,0,121,-0.034884002137719895,-0.3584086526490524,,,unverified_statistical_tier2_pool,False
826,supamen,113,45,1,controller,2026,7416,,-0.038015,1533,68,0.6017699115044248,45,295,-0.04470957291189566,0.18109762406891663,0.07059296777127391,0.15687326171394203,unverified_statistical_tier2_pool,False
844,bdog,47,45,2,duelist,2026,7416,,0.065266,8742,47,1.0,0,341,-0.047602989289219654,1.291884194902003,1.2360646339794168,2.746810297732037,unverified_statistical_tier2_pool,False
849,POISED,15,0,1,initiator,historical_fallback,7416,,-0.002862,64,15,1.0,0,238,-0.03895063454622416,0.13064913108436638,,,unverified_statistical_tier2_pool,False
864,BcJ,27,0,1,initiator,historical_fallback,7416,,0.019785,3722,27,1.0,0,238,-0.03895063454622416,0.3896146419570288,,,unverified_statistical_tier2_pool,False
868,logaN,15,0,1,sentinel,historical_fallback,7416,,-0.013626,220,15,1.0,0,121,-0.034884002137719895,0.07815484971435505,,,unverified_statistical_tier2_pool,False
871,pl1xx,30,0,1,initiator,historical_fallback,7416,,-0.011991,11218,30,1.0,0,238,-0.03895063454622416,0.1981153223085656,,,unverified_statistical_tier2_pool,False
872,Autumn,193,82,2,duelist,2026,7416,,0.11035,3028,111,0.5751295336787565,82,342,-0.047447091887610926,7.414183764486623,3.147484813355981,3.8383961138487575,unverified_statistical_tier2_pool,False
873,Bob,44,44,2,initiator,2026,7416,,-0.161671,893,30,0.6818181818181818,14,237,-0.03818425582594577,-1.2804815513902994,-1.2804815513902994,-2.9101853440688625,unverified_statistical_tier2_pool,False
881,yay,58,0,2,duelist,historical_fallback,7416,,-0.00844,826,38,0.6551724137931034,20,342,-0.047447091887610926,0.541615122235876,,,unverified_statistical_tier2_pool,False
893,RetrQ,51,51,1,duelist,2026,7416,17751,-0.113525,17751,51,1.0,0,341,-0.046979399682784743,-0.8077630842218335,-0.8077630842218335,-1.583849184748693,unverified_statistical_tier2_pool,False
939,mwzera,71,40,2,initiator,2026,7416,,0.023823,727,40,0.5633802816901409,31,238,-0.03895063454622416,1.062989927638222,0.5928758700533416,1.482189675133354,unverified_statistical_tier2_pool,False
985,Efina,36,36,3,initiator,2026,7416,,0.075388,9196,19,0.5277777777777778,17,237,-0.03920609411965029,0.991222689585907,0.991222689585907,2.7533963599608526,unverified_statistical_tier2_pool,False
993,Medusa,51,21,2,controller,2026,7416,,-0.011216,1970,30,0.5882352941176471,21,294,-0.044975080437388744,0.41348143728197984,0.1686076106234855,0.8028933839213596,unverified_statistical_tier2_pool,False
999,Laz,39,0,1,sentinel,historical_fallback,7416,,-0.016254,424,39,1.0,0,121,-0.034884002137719895,0.17662405831197436,,,unverified_statistical_tier2_pool,False
1003,Reita,12,12,1,controller,2026,7416,,0.021331,1395,12,1.0,0,294,-0.044975080437388744,0.19720704788233034,0.19720704788233034,1.6433920656860863,unverified_statistical_tier2_pool,False
1014,Pepper,1,0,1,controller,historical_fallback,7416,3205|7718|8004|33897,-0.010999,3205,1,1.0,0,295,-0.04470957291189566,0.008396203090688559,,,unverified_statistical_tier2_pool,False
1023,XXiF,37,37,2,sentinel,2026,7416,,0.04105,21887,35,0.9459459459459459,2,120,-0.035601050290873654,0.6975432204886233,0.6975432204886233,1.8852519472665492,unverified_statistical_tier2_pool,False
1062,LEW,10,0,1,duelist,historical_fallback,7416,,-0.060263,5228,10,1.0,0,342,-0.047447091887610926,-0.031435741069781364,,,unverified_statistical_tier2_pool,False
1089,Andersin,47,47,1,controller,2026,7416,8410|13754|16757|30467,-0.059171,8410,47,1.0,0,294,-0.04401135369692863,-0.16891857417004222,-0.16891857417004222,-0.35940122163838767,unverified_statistical_tier2_pool,False
1120,ALEKSANDAR,4,4,1,initiator,2026,7416,,-0.006961,1023,4,1.0,0,238,-0.03895063454622416,0.030699314125665678,0.030699314125665678,0.767482853141642,unverified_statistical_tier2_pool,False
1129,Rossy,100,46,3,controller,2026,7416,,-0.072726,2462,46,0.46,54,295,-0.04470957291189566,-0.6637273438479308,-0.303779764189327,-0.6603907917159283,unverified_statistical_tier2_pool,False
1139,qRaxs,102,0,1,initiator,historical_fallback,7416,,0.029292,8044,102,1.0,0,238,-0.03895063454622416,1.6727430728054498,,,unverified_statistical_tier2_pool,False
1144,Boo,244,69,1,controller,2026,7416,10971|29873,0.11595,10971,244,1.0,0,295,-0.04470957291189566,9.609288621489318,2.735269313714886,3.964158425673747,unverified_statistical_tier2_pool,False
1155,Buld,75,65,2,initiator,2026,7416,,0.091774,251,65,0.8666666666666667,10,237,-0.03920609411965029,2.3939710846459192,2.069715134836782,3.1841771305181266,unverified_statistical_tier2_pool,False
1162,Russ,45,0,2,initiator,historical_fallback,7416,,-0.031548,3626,45,1.0,0,238,-0.03895063454622416,0.08150620175917095,,,unverified_statistical_tier2_pool,False
1175,signed,5,0,1,controller,historical_fallback,7416,39494|46578,-0.035231,24308,5,1.0,0,295,-0.04470957291189566,0.01177181124371618,,,unverified_statistical_tier2_pool,False
1209,SWERL,59,9,2,duelist,2026,7416,,-0.042881,39697,50,0.847457627118644,9,342,-0.047447091887610926,0.06624231623463073,0.00984794706351566,0.1094216340390629,unverified_statistical_tier2_pool,False
1265,johnqt,202,37,1,controller,2026,7416,,0.035236,729,165,0.8168316831683168,37,295,-0.04470957291189566,3.9216559923076115,0.7022954055745044,1.898095690741904,unverified_statistical_tier2_pool,False
1281,MOLSI,113,62,2,controller,2026,7416,,0.073394,18162,62,0.5486725663716814,51,294,-0.044975080437388744,3.21313863057216,1.7518238919567315,2.825522406381825,unverified_statistical_tier2_pool,False
1284,mikee,64,45,3,controller,2026,7416,,0.066619,19691,45,0.703125,19,294,-0.044975080437388744,1.7395290362398843,1.2206220756177848,2.712493501372855,unverified_statistical_tier2_pool,False
1291,bnj,24,24,2,controller,2026,7416,,-0.152319,5722,19,0.7916666666666666,5,294,-0.04401135369692863,-0.597227655071529,-0.597227655071529,-2.4884485627980375,unverified_statistical_tier2_pool,False
1294,NagZ,82,64,4,controller,2026,7416,,0.030444,38857,64,0.7804878048780488,18,294,-0.044975080437388744,1.4783750642585858,1.1432828192311537,1.7863794050486776,unverified_statistical_tier2_pool,False
1311,Melser,170,69,4,controller,2026,7416,,0.16538,24007,143,0.8411764705882353,27,294,-0.044975080437388744,8.445455634872229,3.3791287190526518,4.897287998627032,unverified_statistical_tier2_pool,False
1328,Javiierh,32,32,2,initiator,2026,7416,,0.038433,7639,19,0.59375,13,237,-0.03920609411965029,0.5912307434646659,0.5912307434646659,1.8475960733270809,unverified_statistical_tier2_pool,False
1369,doma,89,81,3,duelist,2026,7416,,0.070866,1475,81,0.9101123595505618,8,341,-0.047602989289219654,2.5421435664148397,2.3098337434617413,2.851646596866347,unverified_statistical_tier2_pool,False
1377,Phatt,5,0,1,initiator,historical_fallback,7416,7883|8590|26808,-0.012219,7883,5,1.0,0,238,-0.03895063454622416,0.032305370901591135,,,unverified_statistical_tier2_pool,False
1378,Addicted,10,0,1,initiator,historical_fallback,7416,13435|15376|15577,-0.027171,13435,10,1.0,0,238,-0.03895063454622416,0.0286878028103994,,,unverified_statistical_tier2_pool,False
1380,Leo,40,0,1,initiator,historical_fallback,7416,,-0.011106,438,40,1.0,0,238,-0.03895063454622416,0.2718613389774298,,,unverified_statistical_tier2_pool,False
1395,TENNN,34,34,1,duelist,2026,7416,12979|49906,0.01566,12979,34,1.0,0,341,-0.047602989289219654,0.531180193068741,0.531180193068741,1.562294685496297,unverified_statistical_tier2_pool,False
1399,sterben,16,16,1,controller,2026,7416,12774,0.009673,7353,16,1.0,0,294,-0.044975080437388744,0.2137722723097582,0.2137722723097582,1.3360767019359887,unverified_statistical_tier2_pool,False
1427,Redgar,87,61,2,initiator,2026,7416,,-0.00277,31059,61,0.7011494252873564,26,237,-0.03920609411965029,0.7603610069181927,0.5264142895684538,0.8629742451941865,unverified_statistical_tier2_pool,False
1428,sheydos,63,11,2,initiator,2026,7416,,-0.103789,5550,52,0.8253968253968254,11,238,-0.03895063454622416,-0.9913762025092305,-0.17620524812515603,-1.6018658920468731,unverified_statistical_tier2_pool,False
1430,crazyguy,144,56,2,controller,2026,7416,,0.006756,4871,128,0.8888888888888888,16,295,-0.04470957291189566,1.785535959918628,0.6928955058452622,1.237313403295111,unverified_statistical_tier2_pool,False
1437,YESicaN,38,38,1,initiator,2026,7416,46463|48574|48575,0.043169,8225,38,1.0,0,237,-0.03920609411965029,0.7744331230831968,0.7744331230831968,2.0379819028505177,unverified_statistical_tier2_pool,False
1457,Mistic,36,0,2,controller,historical_fallback,7416,,-0.063739,114,32,0.8888888888888888,4,295,-0.04470957291189566,-0.16865518182543582,,,unverified_statistical_tier2_pool,False
1470,SimonD4rk,27,23,2,duelist,2026,7416,,0.065775,5795,27,1.0,0,341,-0.047602989289219654,0.7494428201409606,0.6367520086400627,2.7684869940872288,unverified_statistical_tier2_pool,False
1475,kamyk,149,81,3,controller,2026,7416,,0.012637,1369,81,0.5436241610738255,68,294,-0.044975080437388744,2.0728431705799206,1.123657217198695,1.3872311323440678,unverified_statistical_tier2_pool,False
1493,starkk,11,0,1,controller,historical_fallback,7416,4277|23347,-0.006561,1524,11,1.0,0,295,-0.04470957291189566,0.1038935163598243,,,unverified_statistical_tier2_pool,False
1507,AvovA,51,0,1,controller,historical_fallback,7416,,-0.067753,1281,51,1.0,0,295,-0.04470957291189566,-0.2867425524008303,,,unverified_statistical_tier2_pool,False
1524,H1ber,73,62,4,initiator,2026,7416,,0.016836,58290,58,0.7945205479452054,15,237,-0.03920609411965029,0.9888482958028361,0.8362206570397458,1.3487429952253964,unverified_statistical_tier2_pool,False
1533,Derrek,134,66,3,initiator,2026,7416,,-0.029104,826,68,0.5074626865671642,66,237,-0.03920609411965029,0.32867211503346877,0.16194195729098593,0.24536660195603927,unverified_statistical_tier2_pool,False
1566,prozin,25,20,1,duelist,2026,7416,,0.035812,5351,25,1.0,0,341,-0.047602989289219654,0.5135299256661809,0.4098145762580844,2.0490728812904218,unverified_statistical_tier2_pool,False
1575,qck,118,80,2,duelist,2026,7416,,0.134379,651,80,0.6779661016949152,38,341,-0.047602989289219654,5.26187649377108,3.5758779557165816,4.469847444645727,unverified_statistical_tier2_pool,False
1578,shion,44,44,2,initiator,2026,7416,2486,-0.018292,2486,44,1.0,0,237,-0.03920609411965029,0.22167453300574008,0.22167453300574008,0.5038057568312274,unverified_statistical_tier2_pool,False
1581,GuhRVN,58,58,1,controller,2026,7416,48981,0.108715,2567,58,1.0,0,294,-0.044975080437388744,2.156930728283079,2.156930728283079,3.7188460832466883,unverified_statistical_tier2_pool,False
1586,v1nny,63,46,2,initiator,2026,7416,,0.007479,23010,46,0.7301587301587301,17,237,-0.03920609411965029,0.7118388850303796,0.5256198226079014,1.1426517882780465,unverified_statistical_tier2_pool,False
1615,Destrian,42,31,2,controller,2026,7416,,-0.033142,3862,31,0.7380952380952381,11,294,-0.044975080437388744,0.12129545005662068,0.0891196390208594,0.2874827065189013,unverified_statistical_tier2_pool,False
1616,starki,16,0,2,controller,historical_fallback,7416,,-0.047148,2658,11,0.6875,5,295,-0.04470957291189566,-0.009568236364719429,,,unverified_statistical_tier2_pool,False
1618,SpYzera,37,23,2,controller,2026,7416,,0.058652,5599,35,0.9459459459459459,2,294,-0.044975080437388744,0.9380272958088789,0.5817844820888631,2.5294977482124485,unverified_statistical_tier2_pool,False
1671,kon4n,72,42,3,initiator,2026,7416,,0.029078,783,42,0.5833333333333334,30,237,-0.03920609411965029,1.1986775945662989,0.700323082630481,1.667435911024955,unverified_statistical_tier2_pool,False
1688,rood,16,0,1,controller,historical_fallback,7416,1994,-0.02696,1994,16,1.0,0,295,-0.04470957291189566,0.07021276255955045,,,unverified_statistical_tier2_pool,False
1711,Khalil,43,0,1,controller,historical_fallback,7416,,-0.097509,8706,43,1.0,0,295,-0.04470957291189566,-0.5435880406808903,,,unverified_statistical_tier2_pool,False
1743,blaZek1ng,32,0,2,initiator,historical_fallback,7416,,-0.035345,1162,31,0.96875,1,238,-0.03895063454622416,0.028240546652502585,,,unverified_statistical_tier2_pool,False
1818,tex,178,56,2,sentinel,2026,7416,,0.063409,7603,138,0.7752808988764045,40,121,-0.034884002137719895,4.24079311298314,1.321987850282715,2.3606925897905624,unverified_statistical_tier2_pool,False
1835,elllement,64,35,2,sentinel,2026,7416,,-0.021948,2525,35,0.546875,29,120,-0.035601050290873654,0.2089559688461599,0.11276786288799928,0.32219389396571224,unverified_statistical_tier2_pool,False
1839,Polvi,31,0,1,duelist,historical_fallback,7416,9802,-0.030431,1162,31,1.0,0,342,-0.047447091887610926,0.12914435312288108,,,unverified_statistical_tier2_pool,False
1851,oderus,2,0,1,initiator,historical_fallback,7416,,-0.014888,129,2,1.0,0,238,-0.03895063454622416,0.012017297115201775,,,unverified_statistical_tier2_pool,False
1874,steady,1,0,1,controller,historical_fallback,7416,,-0.005561,1897,1,1.0,0,295,-0.04470957291189566,0.009785908715280067,,,unverified_statistical_tier2_pool,False
1885,purp0,116,72,2,initiator,2026,7416,,0.116041,14681,72,0.6206896551724138,44,238,-0.03895063454622416,4.398388867831154,2.738320111230588,3.80322237670915,unverified_statistical_tier2_pool,False
1897,Bgg,5,0,1,controller,historical_fallback,7416,3807,-0.015868,2432,5,1.0,0,295,-0.04470957291189566,0.03593732851779585,,,unverified_statistical_tier2_pool,False
1916,free1ng,153,61,2,duelist,2026,7416,,0.103546,4462,141,0.9215686274509803,12,342,-0.047447091887610926,5.62896854319946,2.219219869860157,3.638065360426487,unverified_statistical_tier2_pool,False
1944,caydeN,10,0,1,controller,historical_fallback,7416,,0.006523,4544,10,1.0,0,295,-0.04470957291189566,0.12508489934092776,,,unverified_statistical_tier2_pool,False
1960,eKo,43,43,1,duelist,2026,7416,34776,-0.037246,6668,43,1.0,0,342,-0.047447091887610926,0.10142728764461467,0.10142728764461467,0.23587741312701085,unverified_statistical_tier2_pool,False
1970,neth,30,0,1,sentinel,historical_fallback,7416,,-0.048452,993,30,1.0,0,121,-0.034884002137719895,-0.09868295424113765,,,unverified_statistical_tier2_pool,False
1971,oitaN,42,42,1,controller,2026,7416,2671|25048|34727|47481,-0.02315,2671,42,1.0,0,294,-0.044975080437388744,0.21892147133471346,0.21892147133471346,0.5212415984159845,unverified_statistical_tier2_pool,False
1994,Evilkyk,16,0,1,initiator,historical_fallback,7416,1688,-0.02696,1688,16,1.0,0,238,-0.03895063454622416,0.04742790473361519,,,unverified_statistical_tier2_pool,False
2119,renz,67,67,1,duelist,2026,7416,766|12932|25902,0.037384,766,67,1.0,0,341,-0.047602989289219654,1.3960041360980944,1.3960041360980944,2.0835882628329765,unverified_statistical_tier2_pool,False
2148,INPA,9,9,1,initiator,2026,7416,,-0.075401,64739,9,1.0,0,238,-0.03895063454622416,-0.06998082495083435,-0.06998082495083435,-0.7775647216759373,unverified_statistical_tier2_pool,False
2149,C1ndeR,46,31,2,controller,2026,7416,,-0.051408,34926,46,1.0,0,295,-0.04470957291189566,-0.07510580977738351,-0.05019002259028926,-0.1619032986783525,unverified_statistical_tier2_pool,False
2164,Paincakes,69,69,2,initiator,2026,7416,14048,0.069454,14048,69,1.0,0,237,-0.03920609411965029,1.8179085083470592,1.8179085083470592,2.634650012097187,unverified_statistical_tier2_pool,False
2168,trexx,136,35,2,initiator,2026,7416,,0.145729,11134,107,0.7867647058823529,29,238,-0.03895063454622416,6.14930048394986,1.5811101146004627,4.517457470287036,unverified_statistical_tier2_pool,False
2170,BABYBAY,116,99,1,sentinel,2026,7416,,0.147811,3885,116,1.0,0,121,-0.034884002137719895,5.032500790474838,4.311108396272312,4.354654945729608,unverified_statistical_tier2_pool,False
2172,brawk,152,94,1,initiator,2026,7416,,0.186977,5132,152,1.0,0,238,-0.03895063454622416,8.30730372507354,5.130223217719759,5.457684274169956,unverified_statistical_tier2_pool,False
2173,MAGNUM,186,83,3,sentinel,2026,7416,,0.246028,3674,83,0.44623655913978494,103,120,-0.035601050290873654,12.4162369526315,5.307524372271437,6.394607677435466,unverified_statistical_tier2_pool,False
2182,HearthBeat,10,0,1,controller,historical_fallback,7416,16188|29628,-0.018087,12519,10,1.0,0,295,-0.04470957291189566,0.06605775604585895,,,unverified_statistical_tier2_pool,False
2190,baddyG,14,0,1,controller,historical_fallback,7416,,-0.024851,3127,14,1.0,0,295,-0.04470957291189566,0.06771279133645436,,,unverified_statistical_tier2_pool,False
2252,Anq,51,51,1,controller,2026,7416,12323|46051|50349,0.171739,4095,51,1.0,0,294,-0.044975080437388744,2.6224853833744537,2.6224853833744537,5.142128202695008,unverified_statistical_tier2_pool,False
2256,Jady,30,30,3,initiator,2026,7416,,-0.02699,11,18,0.6,12,237,-0.03920609411965029,0.0905656785781,0.0905656785781,0.3018855952603333,unverified_statistical_tier2_pool,False
2333,BORKUM,60,31,3,controller,2026,7416,12322,0.05029,12322,60,1.0,0,294,-0.044975080437388744,1.406000009920981,0.7271172525970621,2.3455395245066515,unverified_statistical_tier2_pool,False
2334,JessieVash,83,19,1,initiator,2026,7416,,-0.09554,8504,64,0.7710843373493976,19,238,-0.03895063454622416,-1.1188820217946174,-0.23116050711383967,-1.2166342479675771,unverified_statistical_tier2_pool,False
2346,Cud,1,0,1,initiator,historical_fallback,7416,,0.004915,4871,1,1.0,0,238,-0.03895063454622416,0.010571930497818682,,,unverified_statistical_tier2_pool,False
2348,Famouz,51,0,1,duelist,historical_fallback,7416,,0.01502,4874,51,1.0,0,342,-0.047447091887610926,0.7498624094300926,,,unverified_statistical_tier2_pool,False
2361,Retla,26,0,1,sentinel,historical_fallback,7416,772,-0.035389,772,26,1.0,0,121,-0.034884002137719895,-0.0031262945157000677,,,unverified_statistical_tier2_pool,False
2362,Egoist,5,0,1,sentinel,historical_fallback,7416,,-0.011125,881,5,1.0,0,121,-0.034884002137719895,0.029608536731677126,,,unverified_statistical_tier2_pool,False
2366,aLerT,68,60,3,controller,2026,7416,,0.040115,23062,60,0.8823529411764706,8,294,-0.044975080437388744,1.4141394876986202,1.2467371912984486,2.077895318830748,unverified_statistical_tier2_pool,False
2377,aduka,9,9,1,duelist,2026,7416,7560|17814,-0.009648,2380,9,1.0,0,342,-0.047447091887610926,0.08445765059350019,0.08445765059350019,0.93841833992778,unverified_statistical_tier2_pool,False
2380,ZesBeeW,37,9,3,controller,2026,7416,,0.01538,2348,18,0.4864864864864865,19,295,-0.04470957291189566,0.528430743873294,0.1341572455696231,1.4906360618847012,unverified_statistical_tier2_pool,False
2408,tuyz,140,57,5,controller,2026,7416,,-0.001325,6193,72,0.5142857142857142,68,294,-0.044975080437388744,1.4862496710439628,0.6117380157644372,1.0732245890604162,unverified_statistical_tier2_pool,False
2431,basya,11,11,1,sentinel,2026,7416,4163|5927|13654,-0.064863,2432,11,1.0,0,120,-0.034467022381013575,-0.08043442718874105,-0.08043442718874105,-0.7312220653521915,unverified_statistical_tier2_pool,False
2432,moner,16,11,2,controller,2026,7416,,-0.080731,2431,11,0.6875,5,294,-0.04401135369692863,-0.14297861389370325,-0.09720072829457055,-0.8836429844960958,unverified_statistical_tier2_pool,False
2462,keznit,147,46,2,duelist,2026,7416,,-0.029547,1311,101,0.6870748299319728,46,342,-0.047447091887610926,0.6290729128619701,0.19341026609589296,0.42045710020846294,unverified_statistical_tier2_pool,False
2464,suther,18,0,2,controller,historical_fallback,7416,2468,-0.028148,1294,18,1.0,0,295,-0.04470957291189566,0.07372241264833457,,,unverified_statistical_tier2_pool,False
2468,delz1k,18,0,2,controller,historical_fallback,7416,2464,-0.028148,1294,18,1.0,0,295,-0.04470957291189566,0.07372241264833457,,,unverified_statistical_tier2_pool,False
2472,BennY,32,3,2,sentinel,2026,7416,,0.041374,1835,29,0.90625,3,121,-0.034884002137719895,0.5882709546241736,0.048622236804748586,1.620741226824953,unverified_statistical_tier2_pool,False
2486,pollo,44,44,2,sentinel,2026,7416,1578,-0.018292,1578,44,1.0,0,120,-0.035601050290873654,0.18350074660851673,0.18350074660851673,0.41704715138299253,unverified_statistical_tier2_pool,False
2489,Munchkin,254,78,2,controller,2026,7416,,0.219548,13039,190,0.7480314960629921,64,295,-0.04470957291189566,16.31315057166517,4.9446499458083615,6.339294802318412,unverified_statistical_tier2_pool,False
2511,TENSAI,10,10,1,initiator,2026,7416,4477|40738|43045,-0.025751,4477,10,1.0,0,237,-0.03920609411965029,0.0328839654409705,0.0328839654409705,0.328839654409705,unverified_statistical_tier2_pool,False
2525,szimpli,35,35,1,duelist,2026,7416,2617,-0.03331,1835,35,1.0,0,341,-0.047602989289219654,0.1180475019185914,0.1180475019185914,0.33727857691026114,unverified_statistical_tier2_pool,False
2567,liazzi,73,58,3,duelist,2026,7416,,0.069914,8706,62,0.8493150684931506,11,341,-0.047602989289219654,2.079141350635692,1.6456705819283197,2.8373630722902066,unverified_statistical_tier2_pool,False
2570,roxie,28,28,1,initiator,2026,7416,40697,0.006536,7162,28,1.0,0,237,-0.03920609411965029,0.31459195050834593,0.31459195050834593,1.1235426803869497,unverified_statistical_tier2_pool,False
2585,tinchoff,48,26,2,controller,2026,7416,,0.009521,5351,26,0.5416666666666666,22,294,-0.044975080437388744,0.6431212747857226,0.3464774507465377,1.3326055797943757,unverified_statistical_tier2_pool,False
2586,HANLING,5,5,1,initiator,2026,7416,,-0.026564,1291,5,1.0,0,238,-0.03895063454622416,0.013703521106490174,0.013703521106490174,0.2740704221298035,unverified_statistical_tier2_pool,False
2610,Klaus,65,32,3,initiator,2026,7416,,-0.080766,1311,27,0.4153846153846154,38,237,-0.03818425582594577,-0.6538153959554645,-0.31448254811751053,-0.9827579628672204,unverified_statistical_tier2_pool,False
2615,CLZ,71,43,2,sentinel,2026,7416,,0.073988,4664,43,0.6056338028169014,28,120,-0.035601050290873654,1.8568685635762572,1.144309605540434,2.6611851291638002,unverified_statistical_tier2_pool,False
2617,Leare,35,35,1,controller,2026,7416,2525,-0.03331,1835,35,1.0,0,294,-0.044975080437388744,0.096367398040545,0.096367398040545,0.2753354229729857,unverified_statistical_tier2_pool,False
2622,Newzera,19,19,1,initiator,2026,7416,440,-0.023392,440,19,1.0,0,237,-0.03920609411965029,0.07324919314942963,0.07324919314942963,0.38552206920752435,unverified_statistical_tier2_pool,False
2625,sh1n,136,72,3,controller,2026,7416,,0.076874,20871,79,0.5808823529411765,57,294,-0.044975080437388744,4.043865910151926,2.1231814975726353,2.9488631910731047,unverified_statistical_tier2_pool,False
2650,PMC,5,5,1,duelist,2026,7416,47944|48313|48316|58038,-0.04575,47944,5,1.0,0,342,-0.047447091887610926,0.0021099389109479616,0.0021099389109479616,0.04219877821895923,unverified_statistical_tier2_pool,False
2653,Jesse,113,82,5,controller,2026,7416,,0.001075,251,65,0.5752212389380531,48,294,-0.044975080437388744,1.2578815140020796,0.9056966032274244,1.104508052716371,unverified_statistical_tier2_pool,False
2658,xuss,15,0,2,duelist,historical_fallback,7416,,-0.056245,1616,11,0.7333333333333333,4,342,-0.047447091887610926,-0.03207644328623249,,,unverified_statistical_tier2_pool,False
2671,popogachi,42,42,1,duelist,2026,7416,1971|25048|34727|47481,-0.02315,1971,42,1.0,0,341,-0.047602989289219654,0.24524569211665065,0.24524569211665065,0.5839183145634539,unverified_statistical_tier2_pool,False
2690,hoody,82,51,2,initiator,2026,7416,,0.067192,126,51,0.6219512195121951,31,237,-0.03920609411965029,2.133511007612999,1.3225809116599496,2.5932959052155873,unverified_statistical_tier2_pool,False
2700,jas,31,16,3,duelist,2026,7416,,-0.054282,12519,16,0.5161290322580645,15,341,-0.046979399682784743,-0.05612094423974473,-0.029070844738598778,-0.18169277961624236,unverified_statistical_tier2_pool,False
2701,maniek,35,23,2,duelist,2026,7416,,0.014886,2864,23,0.6571428571428571,12,341,-0.047602989289219654,0.5345010920110764,0.3512779289938772,1.52729534345164,unverified_statistical_tier2_pool,False
2753,BandiCoot,17,17,3,controller,2026,7416,,-0.013506,24026,9,0.5294117647058824,8,294,-0.044975080437388744,0.12918512634961982,0.12918512634961982,0.75991250793894,unverified_statistical_tier2_pool,False
2818,neto,41,41,1,duelist,2026,7416,,-0.082424,46082,25,0.6097560975609756,16,341,-0.046979399682784743,-0.331875716040295,-0.331875716040295,-0.809452965951939,unverified_statistical_tier2_pool,False
2858,SUYGETSU,132,53,2,controller,2026,7416,,0.080925,5654,95,0.7196969696969697,37,295,-0.04470957291189566,4.062189539376142,1.6286466139440239,3.0729181395170264,unverified_statistical_tier2_pool,False
2864,ease,23,23,1,controller,2026,7416,13571|22716,0.030359,2701,23,1.0,0,294,-0.044975080437388744,0.4235606366586427,0.4235606366586427,1.8415679854723594,unverified_statistical_tier2_pool,False
2881,LohaN,2,2,1,controller,2026,7416,,-0.045139,1885,2,1.0,0,295,-0.04470957291189566,-0.00021402975904916133,-0.00021402975904916133,-0.010701487952458066,unverified_statistical_tier2_pool,False
2894,Kiles,22,7,3,controller,2026,7416,,-0.066995,251,10,0.45454545454545453,12,295,-0.04470957291189566,-0.12130790053618912,-0.038620943586287426,-0.5517277655183918,unverified_statistical_tier2_pool,False
2909,alca,53,53,2,initiator,2026,7416,8278|43935,0.034811,8278,53,1.0,0,237,-0.03920609411965029,0.9475904064033513,0.9475904064033513,1.7879064271761345,unverified_statistical_tier2_pool,False
2931,vaiZ,50,45,1,sentinel,2026,7416,13860,0.10098,13860,50,1.0,0,120,-0.035601050290873654,1.5971130557163873,1.42787368457663,3.1730526323925115,unverified_statistical_tier2_pool,False
2968,jPacheco,27,27,1,controller,2026,7416,20806,-0.082853,20806,27,1.0,0,294,-0.04401135369692863,-0.24701852899964027,-0.24701852899964027,-0.9148834407394084,unverified_statistical_tier2_pool,False
3007,tdawgg,53,53,3,initiator,2026,7416,,0.025151,26569,26,0.49056603773584906,27,237,-0.03920609411965029,0.8317862350582839,0.8317862350582839,1.5694079906760072,unverified_statistical_tier2_pool,False
3017,nobody,256,89,1,initiator,2026,7416,3520|4742|15559,0.068394,3520,256,1.0,0,238,-0.03895063454622416,6.6761571486678175,2.313129054750183,2.5990214098316664,unverified_statistical_tier2_pool,False
3020,coldfish,37,3,3,initiator,2026,7416,,-0.038773,871,21,0.5675675675675675,16,238,-0.03895063454622416,0.0016191618763053972,0.00013176742056858481,0.0043922473522861605,unverified_statistical_tier2_pool,False
3021,Biank,116,9,2,initiator,2026,7416,,-0.000637,3045,83,0.7155172413793104,33,238,-0.03895063454622416,1.0851790320543433,0.08499356713052042,0.9443729681168934,unverified_statistical_tier2_pool,False
3028,Life,178,66,3,duelist,2026,7416,,-0.100816,19530,118,0.6629213483146067,60,342,-0.047447091887610926,-2.3296072736355757,-0.8617774113828206,-1.3057233505800312,unverified_statistical_tier2_pool,False
3031,Septem7,5,5,1,controller,2026,7416,,-0.033094,21216,5,1.0,0,295,-0.04470957291189566,0.014026386416825964,0.014026386416825964,0.2805277283365193,unverified_statistical_tier2_pool,False
3045,LuoK1ng,149,44,2,controller,2026,7416,,-0.022452,37494,145,0.9731543624161074,4,295,-0.04470957291189566,0.8109164842525007,0.24103665298950755,0.5478105749761535,unverified_statistical_tier2_pool,False
3049,sword9,90,41,2,initiator,2026,7416,,-0.055046,39485,59,0.6555555555555556,31,238,-0.03895063454622416,-0.35131492804273046,-0.15872291731907923,-0.38712906663190055,unverified_statistical_tier2_pool,False
3063,meL,15,14,2,controller,2026,7416,,-0.049078,3079,14,0.9333333333333333,1,294,-0.04401135369692863,-0.017974764544250676,-0.01671747154364961,-0.11941051102606863,unverified_statistical_tier2_pool,False
3070,nukkye,6,0,1,sentinel,historical_fallback,7416,,-0.005802,292,6,1.0,0,121,-0.034884002137719895,0.04286789048768558,,,unverified_statistical_tier2_pool,False
3079,alexis,20,20,2,initiator,2026,7416,,-0.148319,9185,18,0.9,2,237,-0.03818425582594577,-0.5268757023520739,-0.5268757023520739,-2.63437851176037,unverified_statistical_tier2_pool,False
3124,Core,5,0,1,initiator,historical_fallback,7416,47103,-0.011489,19531,5,1.0,0,238,-0.03895063454622416,0.032626652085429364,,,unverified_statistical_tier2_pool,False
3127,MONSTEERR,74,60,2,sentinel,2026,7416,,0.153041,4325,60,0.8108108108108109,14,120,-0.035601050290873654,3.220101000061328,2.585096628486087,4.308494380810145,unverified_statistical_tier2_pool,False
3156,chase,3,3,1,duelist,2026,7416,,-0.000421,651,3,1.0,0,342,-0.047447091887610926,0.03136384613730514,0.03136384613730514,1.0454615379101713,unverified_statistical_tier2_pool,False
3157,gaabxx,15,10,2,initiator,2026,7416,,0.032325,651,15,1.0,0,237,-0.03920609411965029,0.2627790908997591,0.17380689563527285,1.7380689563527283,unverified_statistical_tier2_pool,False
3169,Zap,70,42,2,initiator,2026,7416,,0.026375,783,42,0.6,28,237,-0.03920609411965029,1.1256215589390648,0.6726196674794485,1.6014753987605914,unverified_statistical_tier2_pool,False
3205,surugamonkey,1,0,1,controller,historical_fallback,7416,1014|7718|8004|33897,-0.010999,1014,1,1.0,0,295,-0.04470957291189566,0.008396203090688559,,,unverified_statistical_tier2_pool,False
3227,ScrewFace,48,48,3,duelist,2026,7416,,-0.027597,8790,44,0.9166666666666666,4,341,-0.047602989289219654,0.22950494035957442,0.22950494035957442,0.47813529241578,unverified_statistical_tier2_pool,False
3277,Harshhh,11,11,1,initiator,2026,7416,5540|8124|19301|62945,-0.018441,5540,11,1.0,0,237,-0.03920609411965029,0.054512397781222355,0.054512397781222355,0.49556725255656686,unverified_statistical_tier2_pool,False
3281,psy,4,4,1,initiator,2026,7416,,-0.044594,43449,4,1.0,0,238,-0.03895063454622416,-0.004689863537805261,-0.004689863537805261,-0.11724658844513153,unverified_statistical_tier2_pool,False
3342,Sushiboys,26,0,2,sentinel,historical_fallback,7416,,-0.000748,5886,14,0.5384615384615384,12,121,-0.034884002137719895,0.21709273717323552,,,unverified_statistical_tier2_pool,False
3401,PTC,68,44,3,controller,2026,7416,,0.142553,8582,44,0.6470588235294118,24,294,-0.044975080437388744,3.105526885370968,1.9981040751890902,4.54114562542975,unverified_statistical_tier2_pool,False
3424,Siduzord,60,52,2,initiator,2026,7416,6202|9266,0.066593,6202,60,1.0,0,237,-0.03920609411965029,1.5532732466000447,1.3421340781970472,2.58102707345586,unverified_statistical_tier2_pool,False
3455,Zanatsu,61,53,4,duelist,2026,7416,,0.103133,2408,37,0.6065573770491803,24,341,-0.047602989289219654,2.2596737706261067,1.9591459573239582,3.696501806271619,unverified_statistical_tier2_pool,False
3480,theDoctorr,11,11,1,controller,2026,7416,7807,3.7e-05,7807,11,1.0,0,294,-0.044975080437388744,0.12090435912892394,0.12090435912892394,1.0991305375356721,unverified_statistical_tier2_pool,False
3502,Ri0,9,9,1,initiator,2026,7416,15364,0.01677,15364,9,1.0,0,238,-0.03895063454622416,0.12516915937130724,0.12516915937130724,1.3907684374589693,unverified_statistical_tier2_pool,False
3519,jkuro,140,78,1,controller,2026,7416,,-0.049977,16924,101,0.7214285714285714,39,295,-0.04470957291189566,-0.17983048255249512,-0.09962447266518998,-0.12772368290408972,unverified_statistical_tier2_pool,False
3520,ZmjjKK,256,89,1,duelist,2026,7416,3017|4742|15559,0.068394,3017,256,1.0,0,342,-0.047447091887610926,7.206120586896018,2.4968377516384352,2.805435675998242,unverified_statistical_tier2_pool,False
3531,Midnight,23,0,1,initiator,historical_fallback,7416,,0.067529,1916,12,0.5217391304347826,11,238,-0.03895063454622416,0.6048464551157321,,,unverified_statistical_tier2_pool,False
3547,Ninebody,56,3,2,duelist,2026,7416,,-0.073247,41739,36,0.6428571428571429,20,342,-0.047447091887610926,-0.3565191094937393,-0.019138419969692233,-0.6379473323230744,unverified_statistical_tier2_pool,False
3549,Touven,2,2,1,controller,2026,7416,,-0.037271,4892,2,1.0,0,295,-0.04470957291189566,0.003680838026801303,0.003680838026801303,0.18404190134006515,unverified_statistical_tier2_pool,False
3579,MARCTYLINHO,1,0,1,controller,historical_fallback,3579,16078|42535|58090|58091,-0.01138,16078,1,1.0,0,0,,,,,unverified_statistical_tier2_pool,False
3582,keloqz,28,19,2,duelist,2026,7416,,-0.02873,440,19,0.6785714285714286,9,341,-0.047602989289219654,0.12909314904421304,0.08740428885718204,0.46002257293253707,unverified_statistical_tier2_pool,False
3626,Lightningfast,109,64,4,controller,2026,7416,,0.125589,3627,64,0.5871559633027523,45,294,-0.044975080437388744,4.451890506429877,2.5849744169784143,4.039022526528773,unverified_statistical_tier2_pool,False
3627,hellff,64,64,2,initiator,2026,7416,,0.157137,3626,64,1.0,0,237,-0.03920609411965029,2.97579534827383,2.97579534827383,4.649680231677859,unverified_statistical_tier2_pool,False
3628,DEATHMAKER,3,3,1,duelist,2026,7416,27765,-0.01629,27765,3,1.0,0,342,-0.047447091887610926,0.023308974132205285,0.023308974132205285,0.7769658044068427,unverified_statistical_tier2_pool,False
3630,skillZ,7,0,1,initiator,historical_fallback,7416,6913,-0.007119,4095,7,1.0,0,238,-0.03895063454622416,0.05435605658754483,,,unverified_statistical_tier2_pool,False
3639,Hoax,47,47,1,initiator,2026,7416,27336|27775,0.178779,10749,47,1.0,0,237,-0.03920609411965029,2.446286654064497,2.446286654064497,5.204865221413823,unverified_statistical_tier2_pool,False
3674,iluri,94,83,2,initiator,2026,7416,,0.238334,2173,83,0.8829787234042553,11,237,-0.03920609411965029,5.980764090298409,5.227974505525601,6.298764464488674,unverified_statistical_tier2_pool,False
3685,flyuh,102,71,2,initiator,2026,7416,,0.015755,7458,71,0.696078431372549,31,237,-0.03920609411965029,1.3563242625031269,0.951318016886123,1.3398845308255254,unverified_statistical_tier2_pool,False
3702,sym,26,11,2,duelist,2026,7416,,-0.040361,64,15,0.5769230769230769,11,341,-0.047602989289219654,0.044622131279635435,0.018337906673564164,0.16670824248694693,unverified_statistical_tier2_pool,False
3722,koalanoob,116,63,3,duelist,2026,7416,,0.038367,5957,63,0.5431034482758621,53,342,-0.047447091887610926,2.371232211239184,1.2622558564813806,2.00358072457362,unverified_statistical_tier2_pool,False
3741,vo0kashu,196,73,1,sentinel,2026,7416,,0.025219,11524,196,1.0,0,121,-0.034884002137719895,2.9003150208653787,1.0768851985597752,1.4751852035065414,unverified_statistical_tier2_pool,False
3753,Obnoks,11,0,1,initiator,historical_fallback,7416,,-0.013909,1616,11,1.0,0,238,-0.03895063454622416,0.06727217671393765,,,unverified_statistical_tier2_pool,False
3784,Katu,8,8,1,controller,2026,7416,44170|61319,0.005357,4525,8,1.0,0,295,-0.04470957291189566,0.09663694436593667,0.09663694436593667,1.2079618045742084,unverified_statistical_tier2_pool,False
3807,Winteryrook,5,0,1,controller,historical_fallback,7416,1897,-0.015868,1897,5,1.0,0,295,-0.04470957291189566,0.03593732851779585,,,unverified_statistical_tier2_pool,False
3826,adverso,106,45,4,initiator,2026,7416,,0.063927,2931,45,0.42452830188679247,61,237,-0.03920609411965029,2.61200468056136,1.07526884164403,2.3894863147645107,unverified_statistical_tier2_pool,False
3828,Tacolilla,75,69,4,duelist,2026,7416,,0.145532,1311,69,0.92,6,341,-0.047602989289219654,3.3805058824362755,3.097638628363204,4.489331345453919,unverified_statistical_tier2_pool,False
3839,Prti,67,62,2,controller,2026,7416,,0.076701,19526,62,0.9253731343283582,5,294,-0.044975080437388744,1.9652630990146116,1.8135954731236155,2.925153988909057,unverified_statistical_tier2_pool,False
3862,DeepMans,31,31,1,initiator,2026,7416,5498|26809|36389,-0.037752,1615,31,1.0,0,237,-0.03920609411965029,0.010955747353111223,0.010955747353111223,0.03534112049390717,unverified_statistical_tier2_pool,False
3865,frictiOn,2,2,1,controller,2026,7416,62878|62879|62880|62881,-0.02648,62878,2,1.0,0,295,-0.04470957291189566,0.008719480457998696,0.008719480457998696,0.4359740228999348,unverified_statistical_tier2_pool,False
3880,bang,206,66,2,controller,2026,7416,,0.193616,601,122,0.5922330097087378,84,295,-0.04470957291189566,11.874779688753343,3.7709882802592904,5.71361860645347,unverified_statistical_tier2_pool,False
3885,valyn,284,99,1,controller,2026,7416,15500,0.208757,15500,284,1.0,0,295,-0.04470957291189566,17.290254868795344,6.0059992807243825,6.066665940125639,unverified_statistical_tier2_pool,False
3922,KEREME,1,0,1,controller,historical_fallback,3579,17323|20278|24803|58092,0.01138,17323,1,1.0,0,0,,,,,unverified_statistical_tier2_pool,False
3934,eleo,8,8,1,initiator,2026,7416,,-0.012997,4969,8,1.0,0,238,-0.03895063454622416,0.04903231184243623,0.04903231184243623,0.6129038980304529,unverified_statistical_tier2_pool,False
3977,Crws,149,50,2,controller,2026,7416,,0.078573,13788,149,1.0,0,295,-0.04470957291189566,4.405760140784258,1.4803727809335576,2.9607455618671152,unverified_statistical_tier2_pool,False
3980,Governor,92,8,4,initiator,2026,7416,,-0.065147,3977,56,0.6086956521739131,36,238,-0.03895063454622416,-0.5819792805545887,-0.04962455155614198,-0.6203068944517748,unverified_statistical_tier2_pool,False
3983,Virtyy,35,22,1,duelist,2026,7416,,-0.067238,6193,35,1.0,0,342,-0.047447091887610926,-0.159327883912868,-0.10152791180542986,-0.46149050820649934,unverified_statistical_tier2_pool,False
3993,jawgemo,229,99,2,duelist,2026,7416,,0.212548,3885,199,0.868995633187773,30,342,-0.047447091887610926,14.26130445853817,6.162802840031744,6.2250533737694385,unverified_statistical_tier2_pool,False
4004,zekken,221,56,2,duelist,2026,7416,,0.112376,729,165,0.746606334841629,56,342,-0.047447091887610926,8.58287483692809,2.1460817132634733,3.8322887736847737,unverified_statistical_tier2_pool,False
4037,snax,5,5,1,controller,2026,7416,4796,0.014756,4796,5,1.0,0,295,-0.04470957291189566,0.07398904412296264,0.07398904412296264,1.4797808824592529,unverified_statistical_tier2_pool,False
4038,Bangnan,30,30,1,duelist,2026,7416,7888|34785|38369|51094,-0.01233,7888,30,1.0,0,341,-0.047602989289219654,0.2565452455632655,0.2565452455632655,0.8551508185442185,unverified_statistical_tier2_pool,False
4052,Jinboong,34,0,1,sentinel,historical_fallback,7416,,-0.039307,6672,34,1.0,0,121,-0.034884002137719895,-0.03545254928264868,,,unverified_statistical_tier2_pool,False
4056,Sylvan,82,36,2,controller,2026,7416,,-0.050278,485,46,0.5609756097560976,36,295,-0.04470957291189566,-0.10558613522072294,-0.043293554049633115,-0.12025987236009199,unverified_statistical_tier2_pool,False
4059,rolex,13,13,1,controller,2026,7416,,-0.025934,24979,13,1.0,0,294,-0.044975080437388744,0.060682317079790604,0.060682317079790604,0.4667870544599277,unverified_statistical_tier2_pool,False
4095,SkRossi,72,51,3,sentinel,2026,7416,,0.163502,2252,51,0.7083333333333334,21,120,-0.035601050290873654,3.4254323412425665,2.4069594270581254,4.719528288349266,unverified_statistical_tier2_pool,False
4122,Persia,95,33,3,controller,2026,7416,,0.183785,31827,62,0.6526315789473685,33,294,-0.044975080437388744,5.074975215836588,1.694706141064727,5.1354731547415975,unverified_statistical_tier2_pool,False
4127,Felix,16,16,1,initiator,2026,7416,62407,-0.068108,25080,16,1.0,0,237,-0.03818425582594577,-0.11096674107941162,-0.11096674107941162,-0.6935421317463226,unverified_statistical_tier2_pool,False
4147,Cryocells,167,66,1,sentinel,2026,7416,601,0.127688,601,167,1.0,0,121,-0.034884002137719895,6.566172731124274,2.5640708927972513,3.8849558981776537,unverified_statistical_tier2_pool,False
4163,alain,11,11,1,initiator,2026,7416,2431|5927|13654,-0.064863,2431,11,1.0,0,237,-0.03818425582594577,-0.07058366900139257,-0.07058366900139257,-0.6416697181944779,unverified_statistical_tier2_pool,False
4164,s0m,76,0,1,controller,historical_fallback,7416,,0.004667,11225,76,1.0,0,295,-0.04470957291189566,0.9077874416773899,,,unverified_statistical_tier2_pool,False
4181,Cloud,138,43,2,initiator,2026,7416,,-0.026094,34684,89,0.644927536231884,49,238,-0.03895063454622416,0.4249033153000074,0.13170229479575984,0.3062844065017671,unverified_statistical_tier2_pool,False
4201,m4xikk,8,8,1,controller,2026,7416,6828|23152|49749|56541,-0.000177,6828,8,1.0,0,295,-0.04470957291189566,0.08675014705680967,0.08675014705680967,1.0843768382101209,unverified_statistical_tier2_pool,False
4244,YaBoiLewis,50,46,1,initiator,2026,7416,,0.026466,1281,46,0.92,4,237,-0.03920609411965029,0.789946511012629,0.7269823033499297,1.580396311630282,unverified_statistical_tier2_pool,False
4277,N A I S,11,0,1,initiator,historical_fallback,7416,1493|23347,-0.006561,1493,11,1.0,0,238,-0.03895063454622416,0.08820777880242914,,,unverified_statistical_tier2_pool,False
4308,MAGiK,10,0,1,controller,historical_fallback,7416,,0.003989,1284,10,1.0,0,295,-0.04470957291189566,0.11964575838781871,,,unverified_statistical_tier2_pool,False
4320,YiHao,13,0,1,controller,historical_fallback,7416,,-0.011345,16924,13,1.0,0,295,-0.04470957291189566,0.1072061238619727,,,unverified_statistical_tier2_pool,False
4321,ceNder,61,0,1,controller,historical_fallback,7416,,0.00354,312,61,1.0,0,295,-0.04470957291189566,0.7249307086558188,,,unverified_statistical_tier2_pool,False
4325,musashi,60,60,1,initiator,2026,7416,4629|57336,0.177892,3127,60,1.0,0,237,-0.03920609411965029,2.984741490134475,2.984741490134475,4.9745691502241245,unverified_statistical_tier2_pool,False
4329,Vince,78,49,1,controller,2026,7416,,0.113784,10885,60,0.7692307692307693,18,294,-0.044975080437388744,2.9865860521369942,1.8575828494986002,3.7909854071400004,unverified_statistical_tier2_pool,False
4373,wippie,7,0,1,sentinel,historical_fallback,7416,,-0.011253,7870,7,1.0,0,121,-0.034884002137719895,0.04125123504925804,,,unverified_statistical_tier2_pool,False
4377,JohnOlsen,12,0,1,duelist,historical_fallback,7416,6723,0.008548,3342,12,1.0,0,342,-0.047447091887610926,0.16517126821131922,,,unverified_statistical_tier2_pool,False
4382,sScary,38,7,2,controller,2026,7416,,-0.103033,9152,31,0.8157894736842105,7,295,-0.04470957291189566,-0.534181251079918,-0.09842329060346477,-1.4060470086209254,unverified_statistical_tier2_pool,False
4385,monSi,37,37,1,controller,2026,7416,,-0.045241,29074,37,1.0,0,294,-0.04401135369692863,-0.011122816826422022,-0.011122816826422022,-0.030061667098437897,unverified_statistical_tier2_pool,False
4402,o0o0o,65,0,1,initiator,historical_fallback,7416,,-0.06365,39697,65,1.0,0,238,-0.03895063454622416,-0.3960986478014998,,,unverified_statistical_tier2_pool,False
4404,suyjing,10,3,2,sentinel,2026,7416,,-0.002593,320,7,0.7,3,121,-0.034884002137719895,0.07932881717617202,0.023395358851524217,0.7798452950508072,unverified_statistical_tier2_pool,False
4416,Link,13,0,1,initiator,historical_fallback,7416,14440,-0.01512,14440,13,1.0,0,238,-0.03895063454622416,0.07676128061252413,,,unverified_statistical_tier2_pool,False
4426,Klaus,44,29,2,duelist,2026,7416,,0.036071,34926,44,1.0,0,342,-0.047447091887610926,0.8993021818656295,0.588282688739616,2.0285609956538484,unverified_statistical_tier2_pool,False
4428,UdoTan,124,82,2,duelist,2026,7416,,0.064014,5796,112,0.9032258064516129,12,342,-0.047447091887610926,3.3459916418401527,2.2235768731258574,2.7116791135681186,unverified_statistical_tier2_pool,False
4462,MaKo,205,61,1,controller,2026,7416,,0.098056,4678,181,0.8829268292682927,24,295,-0.04470957291189566,7.111018958160091,2.0987352389047285,3.440549571974965,unverified_statistical_tier2_pool,False
4477,LOB,10,10,1,duelist,2026,7416,2511|40738|43045,-0.025751,2511,10,1.0,0,341,-0.047602989289219654,0.05339763819161786,0.05339763819161786,0.5339763819161786,unverified_statistical_tier2_pool,False
4488,WIX,1,1,1,sentinel,2026,7416,34970,-0.013567,34970,1,1.0,0,121,-0.034884002137719895,0.005232818423462515,0.005232818423462515,0.5232818423462515,unverified_statistical_tier2_pool,False
4519,Kamisseq,13,13,1,duelist,2026,7416,,0.035903,1835,13,1.0,0,341,-0.047602989289219654,0.25636829566776637,0.25636829566776637,1.972063812828972,unverified_statistical_tier2_pool,False
4521,UNFAKE,93,79,2,initiator,2026,7416,,0.127407,1369,65,0.6989247311827957,28,237,-0.03920609411965029,3.7350472250256166,3.1638893319893224,4.004923205049775,unverified_statistical_tier2_pool,False
4525,Stix,31,31,2,initiator,2026,7416,,0.029691,1835,23,0.7419354838709677,8,237,-0.03920609411965029,0.5115305619505985,0.5115305619505985,1.6500985869374147,unverified_statistical_tier2_pool,False
4540,Sferon,28,28,1,controller,2026,7416,,-0.077976,5810,25,0.8928571428571429,3,294,-0.04401135369692863,-0.22781880595915455,-0.22781880595915455,-0.8136385927112662,unverified_statistical_tier2_pool,False
4544,Filu,66,25,3,duelist,2026,7416,,-0.059378,3685,31,0.4696969696969697,35,342,-0.047447091887610926,-0.19078944817362864,-0.07312855522916312,-0.29251422091665247,unverified_statistical_tier2_pool,False
4545,Sayaplayer,49,0,1,duelist,historical_fallback,7416,,-0.003836,10816,49,1.0,0,342,-0.047447091887610926,0.5079015131805522,,,unverified_statistical_tier2_pool,False
4559,Suggest,5,0,1,sentinel,historical_fallback,7416,,-0.00679,2489,5,1.0,0,121,-0.034884002137719895,0.034058378086955,,,unverified_statistical_tier2_pool,False
4581,JonahP,217,32,2,initiator,2026,7416,,0.118863,3885,185,0.8525345622119815,32,238,-0.03895063454622416,8.184491711289748,1.2034519784297077,3.7607874325928368,unverified_statistical_tier2_pool,False
4589,Burzzy,53,53,1,controller,2026,7416,,0.093511,569,53,1.0,0,294,-0.044975080437388744,1.75703013087383,1.75703013087383,3.315151190327981,unverified_statistical_tier2_pool,False
4613,JohnieBoy,25,25,1,initiator,2026,7416,4615|31116|52931,-0.001814,4615,25,1.0,0,237,-0.03920609411965029,0.23055671647168174,0.23055671647168174,0.922226865886727,unverified_statistical_tier2_pool,False
4614,Madaô,35,35,2,controller,2026,7416,,-0.048154,40665,24,0.6857142857142857,11,294,-0.04401135369692863,-0.034682389933228336,-0.034682389933228336,-0.09909254266636668,unverified_statistical_tier2_pool,False
4615,Syratch,25,25,1,initiator,2026,7416,4613|31116|52931,-0.001814,4613,25,1.0,0,237,-0.03920609411965029,0.23055671647168174,0.23055671647168174,0.922226865886727,unverified_statistical_tier2_pool,False
4629,azury,60,60,1,initiator,2026,7416,4325|57336,0.177892,3127,60,1.0,0,237,-0.03920609411965029,2.984741490134475,2.984741490134475,4.9745691502241245,unverified_statistical_tier2_pool,False
4657,Moves,3,3,1,initiator,2026,7416,,0.007571,4404,3,1.0,0,238,-0.03895063454622416,0.03374919105441743,0.03374919105441743,1.1249730351472476,unverified_statistical_tier2_pool,False
4663,JoXJo,67,49,1,initiator,2026,7416,10584,-0.002386,10584,67,1.0,0,237,-0.03920609411965029,0.6009920685108545,0.4408416520445049,0.8996768409071527,unverified_statistical_tier2_pool,False
4664,GangPin,43,43,1,controller,2026,7416,34827,0.074382,2615,43,1.0,0,294,-0.044975080437388744,1.2461677643646318,1.2461677643646318,2.8980645682898416,unverified_statistical_tier2_pool,False
4666,AcMe,14,6,2,unknown,2026,7416,,0.054616,58953,10,0.7142857142857143,4,0,,,,,unverified_statistical_tier2_pool,False
4678,BeYN,181,61,1,initiator,2026,7416,,0.076423,4462,181,1.0,0,238,-0.03895063454622416,5.078650674199647,1.6971447257623657,2.782204468462895,unverified_statistical_tier2_pool,False
4705,Flex1n,177,48,4,controller,2026,7416,,0.067569,11524,128,0.7231638418079096,49,295,-0.04470957291189566,4.877129928510267,1.3163155901146122,2.7423241460721086,unverified_statistical_tier2_pool,False
4710,YOU,77,0,3,initiator,historical_fallback,7416,,0.075299,12365,37,0.4805194805194805,40,238,-0.03895063454622416,2.158465873923717,,,unverified_statistical_tier2_pool,False
4711,XiaoFei,6,6,1,unknown,2026,7416,,0.083842,4666,6,1.0,0,0,,,,,unverified_statistical_tier2_pool,False
4712,heybay,107,7,2,initiator,2026,7416,,-0.00319,37494,100,0.9345794392523364,7,238,-0.03895063454622416,0.9325113338319967,0.05989379443132897,0.855625634733271,unverified_statistical_tier2_pool,False
4720,Haodong,149,62,3,controller,2026,7416,,-0.07115,47629,91,0.610738255033557,58,295,-0.04470957291189566,-0.9539131998977782,-0.39416610551560827,-0.6357517830896908,unverified_statistical_tier2_pool,False
4727,PangH,9,0,1,sentinel,historical_fallback,7416,,-0.013703,4402,9,1.0,0,121,-0.034884002137719895,0.04700127577750551,,,unverified_statistical_tier2_pool,False
4742,Smoggy,256,89,1,controller,2026,7416,3017|3520|15559,0.068394,3017,256,1.0,0,295,-0.04470957291189566,7.035352730876372,2.4376406350286457,2.738922061829939,unverified_statistical_tier2_pool,False
4763,ZiXuan,41,14,2,unknown,2026,7416,,0.008795,24305,27,0.6585365853658537,14,0,,,,,unverified_statistical_tier2_pool,False
4770,FengF,153,44,1,initiator,2026,7416,,-0.013826,37494,153,1.0,0,238,-0.03895063454622416,0.9402744206562281,0.2720585929730781,0.618314984029723,unverified_statistical_tier2_pool,False
4771,ICEKING,17,0,1,initiator,historical_fallback,7416,,-0.017143,4773,17,1.0,0,238,-0.03895063454622416,0.0919454385241148,,,unverified_statistical_tier2_pool,False
4773,AAK,19,0,1,duelist,historical_fallback,7416,,-0.028673,7135,19,1.0,0,342,-0.047447091887610926,0.08835458425968834,,,unverified_statistical_tier2_pool,False
4774,Knight,174,51,1,initiator,2026,7416,,0.035119,4885,174,1.0,0,238,-0.03895063454622416,3.173078817159544,0.9296169693535192,1.8227783712814103,unverified_statistical_tier2_pool,False
4778,kawaii,30,0,1,controller,historical_fallback,7416,,-0.038848,488,30,1.0,0,295,-0.04470957291189566,0.04368156697193698,,,unverified_statistical_tier2_pool,False
4796,strixx,5,5,1,duelist,2026,7416,4037,0.014756,4037,5,1.0,0,342,-0.047447091887610926,0.07739733696691126,0.07739733696691126,1.5479467393382251,unverified_statistical_tier2_pool,False
4807,bstrdd,7,7,1,duelist,2026,7416,11259|19791|22997|29823,-0.053249,11259,7,1.0,0,342,-0.047447091887610926,-0.010149328987485329,-0.010149328987485329,-0.14499041410693328,unverified_statistical_tier2_pool,False
4828,NiSMO,75,48,1,initiator,2026,7416,,0.187588,8422,48,0.64,27,237,-0.03920609411965029,4.070625984957676,2.555054910832439,5.3230310642342475,unverified_statistical_tier2_pool,False
4866,Kushy,126,42,1,initiator,2026,7416,,0.06422,4871,126,1.0,0,238,-0.03895063454622416,3.1230195312968174,1.0344773500715472,2.46304130969416,unverified_statistical_tier2_pool,False
4871,xffero,173,56,2,sentinel,2026,7416,,0.053426,24895,169,0.976878612716763,4,121,-0.034884002137719895,3.6787054848687823,1.1865624730323385,2.118861558986319,unverified_statistical_tier2_pool,False
4874,BerserX,87,19,2,sentinel,2026,7416,,-0.015641,7043,68,0.7816091954022989,19,121,-0.034884002137719895,0.3882431408235645,0.07761733911910787,0.40851231115319936,unverified_statistical_tier2_pool,False
4880,nizhaoTZH,49,0,2,controller,historical_fallback,7416,,-0.040299,3741,47,0.9591836734693877,2,295,-0.04470957291189566,0.05322442393897575,,,unverified_statistical_tier2_pool,False
4881,Spitfires,82,30,2,duelist,2026,7416,,-0.040842,10821,52,0.6341463414634146,30,342,-0.047447091887610926,0.1311616485089977,0.047370193198152555,0.15790064399384185,unverified_statistical_tier2_pool,False
4885,whzy,183,60,1,duelist,2026,7416,,0.002553,4774,174,0.9508196721311475,9,342,-0.047447091887610926,2.252900353328932,0.7383032382978596,1.2305053971630993,unverified_statistical_tier2_pool,False
4892,MerSa,41,41,1,initiator,2026,7416,39351|50776|52965,0.043306,39351,41,1.0,0,237,-0.03920609411965029,0.8098957424750094,0.8098957424750094,1.9753554694512425,unverified_statistical_tier2_pool,False
4894,JN3v1cEEE,18,18,1,initiator,2026,7416,33522,0.020406,10429,18,1.0,0,237,-0.03920609411965029,0.2614678928643303,0.2614678928643303,1.452599404801835,unverified_statistical_tier2_pool,False
4917,Kaoticc,45,45,1,duelist,2026,7416,,0.017625,15051,45,1.0,0,341,-0.047602989289219654,0.7023244095561552,0.7023244095561552,1.5607209101247892,unverified_statistical_tier2_pool,False
4927,NaturE,162,94,2,initiator,2026,7416,,0.123429,8082,94,0.5802469135802469,68,237,-0.03920609411965029,6.301441500221878,3.6360538665228233,3.868142411194493,unverified_statistical_tier2_pool,False
4931,Add3r,2,0,1,sentinel,historical_fallback,7416,,0.013166,733,2,1.0,0,121,-0.034884002137719895,0.023683242974232077,,,unverified_statistical_tier2_pool,False
4962,lurzy0y0,8,0,1,sentinel,historical_fallback,7416,5517|6559,0.0036,5517,8,1.0,0,121,-0.034884002137719895,0.07541100079230834,,,unverified_statistical_tier2_pool,False
4969,Shazeon,27,27,1,initiator,2026,7416,9508,-0.032534,9508,27,1.0,0,237,-0.03920609411965029,0.04257073529835953,0.04257073529835953,0.15766938999392419,unverified_statistical_tier2_pool,False
5004,nataNk,121,72,4,sentinel,2026,7416,,0.052742,301,100,0.8264462809917356,21,120,-0.035601050290873654,2.5933740560195764,1.5395171260539136,2.1382182306304354,unverified_statistical_tier2_pool,False
5006,NRK,18,18,1,controller,2026,7416,,-0.079498,7173,18,1.0,0,294,-0.04401135369692863,-0.1565766514919143,-0.1565766514919143,-0.8698702860661905,unverified_statistical_tier2_pool,False
5009,LOVE,37,37,1,duelist,2026,7416,45484,-0.081069,45484,37,1.0,0,341,-0.046979399682784743,-0.28509005451350866,-0.28509005451350866,-0.7705136608473208,unverified_statistical_tier2_pool,False
5011,Abo,105,31,2,controller,2026,7416,,-0.098756,488,63,0.6,42,295,-0.04470957291189566,-1.393690672121246,-0.406349942764578,-1.3108062669825096,unverified_statistical_tier2_pool,False
5022,Derke,200,76,2,duelist,2026,7416,,0.090685,458,151,0.755,49,342,-0.047447091887610926,6.739480062874579,2.536287109597017,3.3372198810487066,unverified_statistical_tier2_pool,False
5035,Blahst,21,21,1,controller,2026,7416,,-0.010695,893,21,1.0,0,294,-0.044975080437388744,0.17622779452377935,0.17622779452377935,0.8391799739227588,unverified_statistical_tier2_pool,False
5093,Logan,26,26,2,controller,2026,7416,,0.108232,7616,22,0.8461538461538461,4,294,-0.044975080437388744,0.8507150054592973,0.8507150054592973,3.2719807902280666,unverified_statistical_tier2_pool,False
5129,ban,68,0,2,sentinel,historical_fallback,7416,,-0.031213,3977,56,0.8235294117647058,12,121,-0.034884002137719895,0.05994969936559935,,,unverified_statistical_tier2_pool,False
5132,mada,160,94,1,duelist,2026,7416,,0.170275,11225,160,1.0,0,342,-0.047447091887610926,8.436124050635105,4.942118159834935,5.257572510462697,unverified_statistical_tier2_pool,False
5166,CHAROD,39,39,1,sentinel,2026,7416,,-0.079521,893,39,1.0,0,120,-0.034467022381013575,-0.414706313819383,-0.414706313819383,-1.0633495226138026,unverified_statistical_tier2_pool,False
5188,Apoth,30,0,1,sentinel,historical_fallback,7416,,-0.018675,826,30,1.0,0,121,-0.034884002137719895,0.11991242937497198,,,unverified_statistical_tier2_pool,False
5199,Guardy,70,58,1,initiator,2026,7416,,0.033143,292,58,0.8285714285714286,12,237,-0.03920609411965029,1.2332557034500216,1.0212619454733427,1.7607964577126598,unverified_statistical_tier2_pool,False
5203,Bati,7,7,1,controller,2026,7416,,-0.032339,3983,7,1.0,0,295,-0.04470957291189566,0.0201540794454117,0.0201540794454117,0.28791542064873854,unverified_statistical_tier2_pool,False
5228,Minimise,40,30,3,initiator,2026,7416,,0.059988,5886,21,0.525,19,237,-0.03920609411965029,0.969524547915193,0.7281123783432231,2.427041261144077,unverified_statistical_tier2_pool,False
5241,Maple,14,0,1,duelist,historical_fallback,7416,,0.02528,4763,14,1.0,0,342,-0.047447091887610926,0.24424856098857906,,,unverified_statistical_tier2_pool,False
5283,Bunny,1,0,1,duelist,historical_fallback,7416,10653|24679,0.010999,9,1,1.0,0,342,-0.047447091887610926,0.014589654589403978,,,unverified_statistical_tier2_pool,False
5292,al0rante,42,38,2,controller,2026,7416,,-0.169466,7105,38,0.9047619047619048,4,295,-0.04470957291189566,-1.1272972878816545,-1.0058474613735044,-2.6469670036144857,unverified_statistical_tier2_pool,False
5303,awake,4,4,1,duelist,2026,7416,38345|38347|52537|55699,-0.05635,38345,4,1.0,0,342,-0.047447091887610926,-0.008632906862187206,-0.008632906862187206,-0.21582267155468016,unverified_statistical_tier2_pool,False
5342,duhT,49,49,1,controller,2026,7416,8896|56935,-0.072667,8896,49,1.0,0,294,-0.04401135369692863,-0.34084900358306736,-0.34084900358306736,-0.6956102113940149,unverified_statistical_tier2_pool,False
5351,RgLMeister,73,46,2,controller,2026,7416,,0.007789,6238,46,0.6301369863013698,27,294,-0.044975080437388744,0.9455720289074069,0.594766247431351,1.2929701031116325,unverified_statistical_tier2_pool,False
5395,cortezia,110,40,2,controller,2026,7416,,0.031073,5957,70,0.6363636363636364,40,295,-0.04470957291189566,2.0143469541334857,0.7226958378657871,1.8067395946644678,unverified_statistical_tier2_pool,False
5476,Minty,58,49,1,controller,2026,7416,,0.002557,4663,58,1.0,0,294,-0.044975080437388744,0.6712225190516681,0.5691322053558833,1.1614942966446598,unverified_statistical_tier2_pool,False
5477,Leon,22,22,1,sentinel,2026,7416,40310,-0.134722,40310,22,1.0,0,120,-0.034467022381013575,-0.4945576544994647,-0.4945576544994647,-2.2479893386339302,unverified_statistical_tier2_pool,False
5490,xiTsha,5,0,1,controller,historical_fallback,7416,8593,-0.007258,3839,5,1.0,0,295,-0.04470957291189566,0.046604621994965956,,,unverified_statistical_tier2_pool,False
5498,Kipperman,31,31,1,duelist,2026,7416,3862|26809|36389,-0.037752,1615,31,1.0,0,341,-0.047602989289219654,0.07419890354935055,0.07419890354935055,0.23935130177209854,unverified_statistical_tier2_pool,False
5500,Docent,34,34,1,controller,2026,7416,,0.139473,4892,34,1.0,0,294,-0.044975080437388744,1.4846557092300743,1.4846557092300743,4.366634438911983,unverified_statistical_tier2_pool,False
5517,Masic,8,0,1,initiator,historical_fallback,7416,4962|6559,0.0036,4962,8,1.0,0,238,-0.03895063454622416,0.08336397700257464,,,unverified_statistical_tier2_pool,False
5540,mw1,11,11,1,duelist,2026,7416,3277|8124|19301|62945,-0.018441,3277,11,1.0,0,341,-0.047602989289219654,0.07649996582510715,0.07649996582510715,0.6954542347737014,unverified_statistical_tier2_pool,False
5541,tryst,3,3,1,initiator,2026,7416,51542,0.011094,43399,3,1.0,0,238,-0.03895063454622416,0.03693411231631033,0.03693411231631033,1.2311370772103443,unverified_statistical_tier2_pool,False
5550,grubinho,120,25,2,controller,2026,7416,,0.032632,4181,68,0.5666666666666667,52,295,-0.04470957291189566,2.1860035852613864,0.45410180244966497,1.8164072097986599,unverified_statistical_tier2_pool,False
5554,PROFEK,143,76,3,controller,2026,7416,,0.079889,9780,133,0.9300699300699301,10,295,-0.04470957291189566,4.321205126219633,2.287140775763284,3.009395757583268,unverified_statistical_tier2_pool,False
5564,DeadInk,74,74,3,duelist,2026,7416,55694|58496,0.222879,10146,74,1.0,0,341,-0.047602989289219654,4.634588502163734,4.634588502163734,6.262957435356397,unverified_statistical_tier2_pool,False
5565,Rosé,84,53,3,initiator,2026,7416,24344|31305,0.08374,24344,84,1.0,0,238,-0.03895063454622416,2.492754784819347,1.5544750861505618,2.9329718606614374,unverified_statistical_tier2_pool,False
5568,sociablEE,140,83,3,controller,2026,7416,,0.081799,8369,71,0.5071428571428571,69,295,-0.04470957291189566,4.30622933861057,2.5540465905328005,3.0771645669069887,unverified_statistical_tier2_pool,False
5593,Luc1d,15,15,1,controller,2026,7416,,-0.051075,8834,15,1.0,0,294,-0.04401135369692863,-0.02473681613507911,-0.02473681613507911,-0.16491210756719407,unverified_statistical_tier2_pool,False
5599,KHaaLiD,35,21,2,initiator,2026,7416,,0.091859,1618,35,1.0,0,237,-0.03920609411965029,1.1240053547350017,0.6741251393673442,3.2101197112730673,unverified_statistical_tier2_pool,False
5600,Moh,14,0,1,controller,historical_fallback,7416,,-0.01743,1618,14,1.0,0,295,-0.04470957291189566,0.09411896339663955,,,unverified_statistical_tier2_pool,False
5609,fr1,6,6,1,duelist,2026,7416,5612|5614|7288|27321,-0.027143,5612,6,1.0,0,342,-0.047447091887610926,0.02956553223333508,0.02956553223333508,0.4927588705555846,unverified_statistical_tier2_pool,False
5612,prefox,6,6,1,initiator,2026,7416,5609|5614|7288|27321,-0.027143,5609,6,1.0,0,238,-0.03895063454622416,0.017199163960983255,0.017199163960983255,0.28665273268305425,unverified_statistical_tier2_pool,False
5614,xelouz,6,6,1,controller,2026,7416,5609|5612|7288|27321,-0.027143,5609,6,1.0,0,295,-0.04470957291189566,0.025582106042392694,0.025582106042392694,0.4263684340398782,unverified_statistical_tier2_pool,False
5618,DVDOV,7,7,1,controller,2026,7416,5621|7292|7293,0.007951,5621,7,1.0,0,295,-0.04470957291189566,0.09140117737365783,0.09140117737365783,1.305731105337969,unverified_statistical_tier2_pool,False
5619,Ebeeee,2,2,1,controller,2026,7416,,-0.000133,5618,2,1.0,0,295,-0.04470957291189566,0.022262467476836523,0.022262467476836523,1.1131233738418262,unverified_statistical_tier2_pool,False
5621,TTyke,7,7,1,duelist,2026,7416,5618|7292|7293,0.007951,5618,7,1.0,0,342,-0.047447091887610926,0.09616040861970465,0.09616040861970465,1.3737201231386378,unverified_statistical_tier2_pool,False
5639,Shalaby,6,6,1,sentinel,2026,7416,55040,0.002859,23056,6,1.0,0,121,-0.034884002137719895,0.056472829656922185,0.056472829656922185,0.9412138276153698,unverified_statistical_tier2_pool,False
5642,chrollo,2,2,1,controller,2026,7416,,-0.019719,6503,2,1.0,0,295,-0.04470957291189566,0.009324894488894647,0.009324894488894647,0.46624472444473236,unverified_statistical_tier2_pool,False
5654,Avez,95,53,1,initiator,2026,7416,,0.095446,2858,95,1.0,0,238,-0.03895063454622416,3.1279897691929843,1.7417557367535563,3.286331578780295,unverified_statistical_tier2_pool,False
5722,prince,29,29,1,initiator,2026,7416,41864|44903,-0.11453,41864,29,1.0,0,237,-0.03818425582594577,-0.5227319910829754,-0.5227319910829754,-1.8025241071826739,unverified_statistical_tier2_pool,False
5795,sickrey,35,23,3,sentinel,2026,7416,,0.05091,36070,28,0.8,7,120,-0.035601050290873654,0.7426376606293013,0.4853759709814623,2.1103303086150533,unverified_statistical_tier2_pool,False
5796,Kr1stal,133,82,2,initiator,2026,7416,,0.059469,4428,112,0.8421052631578947,21,238,-0.03895063454622416,3.1668049593783483,1.9633765448725937,2.3943616400885293,unverified_statistical_tier2_pool,False
5810,kryo,25,25,1,controller,2026,7416,,-0.07885,4540,25,1.0,0,294,-0.04401135369692863,-0.2106385360318589,-0.2106385360318589,-0.8425541441274356,unverified_statistical_tier2_pool,False
5886,Flaring,35,21,1,controller,2026,7416,,0.095737,24653,35,1.0,0,294,-0.044975080437388744,1.2129974228208584,0.7323617954590235,3.487437121233445,unverified_statistical_tier2_pool,False
5893,RobbieBk,37,4,4,initiator,2026,7416,,-0.073403,1284,14,0.3783783783783784,23,238,-0.03895063454622416,-0.3022757965883465,-0.03402181496681639,-0.8505453741704097,unverified_statistical_tier2_pool,False
5927,Anoxai,11,11,1,duelist,2026,7416,2431|4163|13654,-0.064863,2431,11,1.0,0,341,-0.046979399682784743,-0.04729158457775373,-0.04729158457775373,-0.4299234961613976,unverified_statistical_tier2_pool,False
5957,artzin,166,63,2,controller,2026,7416,,0.048364,5395,70,0.42168674698795183,96,295,-0.04470957291189566,3.707020428339824,1.368180180485228,2.1717145721987747,unverified_statistical_tier2_pool,False
6022,yosemite,129,50,3,sentinel,2026,7416,,-0.143359,14125,50,0.3875968992248062,79,121,-0.034884002137719895,-3.417951165262788,-1.3046385139196184,-2.6092770278392368,unverified_statistical_tier2_pool,False
6024,GlXad,2,2,1,initiator,2026,7416,66119|66120,-0.026158,25949,2,1.0,0,238,-0.03895063454622416,0.0059271240175337025,0.0059271240175337025,0.2963562008766851,unverified_statistical_tier2_pool,False
6101,kvmil,9,9,1,duelist,2026,7416,15491,-0.012458,8440,9,1.0,0,342,-0.047447091887610926,0.0781350062142479,0.0781350062142479,0.8681667357138656,unverified_statistical_tier2_pool,False
6126,sibeastw0w,8,8,1,initiator,2026,7416,51250|58008|58009,-0.074957,51250,8,1.0,0,238,-0.03895063454622416,-0.07157584126685462,-0.07157584126685462,-0.8946980158356828,unverified_statistical_tier2_pool,False
6193,cauanzin,110,22,1,initiator,2026,7416,,-0.059786,2408,72,0.6545454545454545,38,238,-0.03895063454622416,-0.5469165830680371,-0.10689754059846446,-0.4858979118112021,unverified_statistical_tier2_pool,False
6195,lz,111,61,2,controller,2026,7416,,-0.021747,14950,71,0.6396396396396397,40,294,-0.044975080437388744,0.6286047394576066,0.3450556337294075,0.5656649733268975,unverified_statistical_tier2_pool,False
6202,guuih,60,52,2,controller,2026,7416,3424|9266,0.066593,3424,60,1.0,0,294,-0.044975080437388744,1.6381518063345708,1.4155230888004646,2.72215978615474,unverified_statistical_tier2_pool,False
6238,Urango,73,46,3,initiator,2026,7416,,-0.032433,5351,46,0.6301369863013698,27,237,-0.03920609411965029,0.12097851235854323,0.07644149110788578,0.1661771545823604,unverified_statistical_tier2_pool,False
6437,Dark3st,57,57,2,initiator,2026,7416,,0.017567,21887,34,0.5964912280701754,23,237,-0.03920609411965029,0.7927651009149279,0.7927651009149279,1.3908159665174176,unverified_statistical_tier2_pool,False
6503,Sand,36,15,4,sentinel,2026,7416,,-0.111652,1618,16,0.4444444444444444,20,120,-0.034467022381013575,-0.6764948787679049,-0.2753658595885561,-1.8357723972570406,unverified_statistical_tier2_pool,False
6505,RockeT,13,13,1,duelist,2026,7416,8237|14366,-0.051711,6503,13,1.0,0,341,-0.046979399682784743,-0.0144995732297038,-0.0144995732297038,-0.11153517869002923,unverified_statistical_tier2_pool,False
6510,AtaKaptan,90,0,1,controller,historical_fallback,7416,,0.060333,1139,90,1.0,0,295,-0.04470957291189566,2.2630924743096923,,,unverified_statistical_tier2_pool,False
6544,screwdriver,9,9,1,sentinel,2026,7416,23278|61044|61045|63203,0.003378,23278,9,1.0,0,121,-0.034884002137719895,0.0854703569410723,0.0854703569410723,0.9496706326785811,unverified_statistical_tier2_pool,False
6559,DESTRUCT1VEE,8,0,1,controller,historical_fallback,7416,4962|5517,0.0036,4962,8,1.0,0,295,-0.04470957291189566,0.09462094741263061,,,unverified_statistical_tier2_pool,False
6582,neT,127,42,6,initiator,2026,7416,,-0.077381,612,45,0.3543307086614173,82,237,-0.03818425582594577,-1.1958689814557835,-0.39346664663101005,-0.9368253491214524,unverified_statistical_tier2_pool,False
6642,Wildfire,26,26,1,controller,2026,7416,,-0.01523,64,26,1.0,0,294,-0.044975080437388744,0.18941332494324276,0.18941332494324276,0.7285127882432414,unverified_statistical_tier2_pool,False
6659,Dragon,19,9,2,sentinel,2026,7416,43125,-0.045044,5228,19,1.0,0,121,-0.034884002137719895,-0.04686328609169699,-0.021944521735694666,-0.24382801928549627,unverified_statistical_tier2_pool,False
6668,SugarZ3ro,110,43,1,controller,2026,7416,,-0.053894,25221,71,0.6454545454545455,39,295,-0.04470957291189566,-0.23915239127718907,-0.09152746462951,-0.21285456890583723,unverified_statistical_tier2_pool,False
6672,Meiy,119,55,1,duelist,2026,7416,,-0.008297,21438,99,0.8319327731092437,20,342,-0.047447091887610926,1.1115573429401198,0.5149809514782286,0.9363290026876885,unverified_statistical_tier2_pool,False
6700,Anthem,73,43,2,initiator,2026,7416,,0.02593,2615,43,0.589041095890411,30,237,-0.03920609411965029,1.1518666241719788,0.6803364588280596,1.5821778112280456,unverified_statistical_tier2_pool,False
6702,bazz,41,41,1,controller,2026,7416,10769|45962|52723,0.152388,10769,41,1.0,0,294,-0.044975080437388744,1.9082525163503872,1.9082525163503872,4.6542744301228955,unverified_statistical_tier2_pool,False
6723,foxz,12,0,1,initiator,historical_fallback,7416,4377,0.008548,3342,12,1.0,0,238,-0.03895063454622416,0.140090937031371,,,unverified_statistical_tier2_pool,False
6742,bbx,11,11,1,duelist,2026,7416,13234|17022,-0.075943,13234,11,1.0,0,341,-0.046979399682784743,-0.07802405123773476,-0.07802405123773476,-0.7093095567066796,unverified_statistical_tier2_pool,False
6828,pa1ka,8,8,1,controller,2026,7416,4201|23152|49749|56541,-0.000177,4201,8,1.0,0,295,-0.04470957291189566,0.08675014705680967,0.08675014705680967,1.0843768382101209,unverified_statistical_tier2_pool,False
6889,NeskaaS,12,0,1,sentinel,historical_fallback,7416,314|8805,0.013678,252,12,1.0,0,121,-0.034884002137719895,0.14478072585543283,,,unverified_statistical_tier2_pool,False
6913,sultan,7,0,1,controller,historical_fallback,7416,3630,-0.007119,3630,7,1.0,0,295,-0.04470957291189566,0.06419316488229687,,,unverified_statistical_tier2_pool,False
6959,Flickless,90,42,1,controller,2026,7416,11332,0.015604,11332,90,1.0,0,295,-0.04470957291189566,1.2616988240040554,0.5878775493032378,1.3997084507219948,unverified_statistical_tier2_pool,False
6998,nvrfear,14,14,1,initiator,2026,7416,,0.034437,9698,14,1.0,0,237,-0.03920609411965029,0.2491817036023723,0.2491817036023723,1.7798693114455164,unverified_statistical_tier2_pool,False
7043,NcSlasher,86,18,1,initiator,2026,7416,10739,0.006841,10739,86,1.0,0,237,-0.03920609411965029,0.9434586924014638,0.2017072582572465,1.1205958792069248,unverified_statistical_tier2_pool,False
7045,fl1pzjder,19,0,2,controller,historical_fallback,7416,,0.003548,4871,19,1.0,0,295,-0.04470957291189566,0.2216823655587386,,,unverified_statistical_tier2_pool,False
7049,natz,50,33,2,sentinel,2026,7416,,-0.016904,7043,35,0.7,15,120,-0.035601050290873654,0.22066870365220947,0.14413252565565549,0.43676522925956207,unverified_statistical_tier2_pool,False
7105,qpert,38,38,1,controller,2026,7416,28948,-0.127131,5292,38,1.0,0,295,-0.04470957291189566,-0.6593723533526323,-0.6593723533526323,-1.735190403559559,unverified_statistical_tier2_pool,False
7107,neveR,38,38,2,duelist,2026,7416,36756|59062,0.095965,36756,38,1.0,0,341,-0.047602989289219654,1.2930650288408094,1.2930650288408094,3.4028027074758143,unverified_statistical_tier2_pool,False
7135,zjc,53,0,2,initiator,historical_fallback,7416,,-0.080398,3547,35,0.660377358490566,18,238,-0.03895063454622416,-0.5420608188556428,,,unverified_statistical_tier2_pool,False
7162,wackie,38,28,2,sentinel,2026,7416,,0.013059,2570,28,0.7368421052631579,10,120,-0.035601050290873654,0.4534725345690278,0.3346498575283145,1.1951780626011232,unverified_statistical_tier2_pool,False
7173,soren,38,38,2,sentinel,2026,7416,14612|27061,-0.019145,14612,38,1.0,0,120,-0.035601050290873654,0.1535470751872111,0.1535470751872111,0.40407125049266085,unverified_statistical_tier2_pool,False
7176,askoo,22,22,1,controller,2026,7416,54431|55690,-0.07983,54431,22,1.0,0,294,-0.04401135369692863,-0.18904271512926885,-0.18904271512926885,-0.8592850687694038,unverified_statistical_tier2_pool,False
7220,Saiz,47,35,2,sentinel,2026,7416,,-0.02086,15473,35,0.7446808510638298,12,120,-0.035601050290873654,0.17009826043901416,0.12674799785567847,0.3621371367305099,unverified_statistical_tier2_pool,False
7231,kya,12,12,1,initiator,2026,7416,,-0.057643,1835,12,1.0,0,237,-0.03818425582594577,-0.05341134218111296,-0.05341134218111296,-0.4450945181759413,unverified_statistical_tier2_pool,False
7288,Ninjas,6,6,1,controller,2026,7416,5609|5612|5614|27321,-0.027143,5609,6,1.0,0,295,-0.04470957291189566,0.025582106042392694,0.025582106042392694,0.4263684340398782,unverified_statistical_tier2_pool,False
7292,aimhunterr,7,7,1,initiator,2026,7416,5618|5621|7293,0.007951,5618,7,1.0,0,238,-0.03895063454622416,0.08139133653432845,0.08139133653432845,1.162733379061835,unverified_statistical_tier2_pool,False
7293,kasper,7,7,1,initiator,2026,7416,5618|5621|7292,0.007951,5618,7,1.0,0,238,-0.03895063454622416,0.08139133653432845,0.08139133653432845,1.162733379061835,unverified_statistical_tier2_pool,False
7353,glovee,24,16,2,initiator,2026,7416,,0.013273,1399,16,0.6666666666666666,8,237,-0.03920609411965029,0.30806625856677744,0.2052983840494157,1.283114900308848,unverified_statistical_tier2_pool,False
7378,Jinggg,254,109,1,duelist,2026,7416,,0.193809,9801,254,1.0,0,342,-0.047447091887610926,14.628180465398696,6.362784225799257,5.83741672091675,unverified_statistical_tier2_pool,False
7405,Jremy,111,50,2,duelist,2026,7416,,0.126994,2334,61,0.5495495495495496,50,341,-0.047602989289219654,4.609324318871775,2.0081752390390806,4.016350478078161,unverified_statistical_tier2_pool,False
7410,Karl,7,7,1,initiator,2026,7416,,-0.043478,11578,7,1.0,0,238,-0.03895063454622416,-0.007519008382031456,-0.007519008382031456,-0.10741440545759222,unverified_statistical_tier2_pool,False
7416,skye,2,2,1,sentinel,2026,7416,,-0.022617,4056,2,1.0,0,121,-0.034884002137719895,0.004680747696312215,0.004680747696312215,0.23403738481561076,unverified_statistical_tier2_pool,False
7426,Juicy,72,10,3,unknown,2026,7416,,0.03357,7849,54,0.75,18,0,,,,,unverified_statistical_tier2_pool,False
7437,kellyS,67,36,2,controller,2026,7416,,-0.161954,4056,36,0.5373134328358209,31,295,-0.04470957291189566,-1.7912838823155783,-0.927680459135301,-2.576890164264725,unverified_statistical_tier2_pool,False
7458,moose,102,71,2,controller,2026,7416,,0.079722,3685,71,0.696078431372549,31,294,-0.044975080437388744,3.099828663007563,2.1596443214292655,3.041752565393332,unverified_statistical_tier2_pool,False
7490,aNguiSt,52,23,2,sentinel,2026,7416,,0.045235,1835,29,0.5576923076923077,23,120,-0.035601050290873654,1.0205291608748315,0.4483164346050533,1.9492018895871883,unverified_statistical_tier2_pool,False
7513,markL,7,7,1,controller,2026,7416,,-0.080771,7580,7,1.0,0,295,-0.04470957291189566,-0.05838335158351615,-0.05838335158351615,-0.8340478797645164,unverified_statistical_tier2_pool,False
7530,kimmy,13,13,2,duelist,2026,7416,,-0.008056,16942,12,0.9230769230769231,1,341,-0.047602989289219654,0.12539450833342158,0.12539450833342158,0.9645731410263199,unverified_statistical_tier2_pool,False
7560,JayH,9,9,1,initiator,2026,7416,2377|17814,-0.009648,2377,9,1.0,0,238,-0.03895063454622416,0.06549179406663275,0.06549179406663275,0.7276866007403638,unverified_statistical_tier2_pool,False
7580,Edw4rd,10,10,1,controller,2026,7416,9202|56126|56127,-0.111356,9202,10,1.0,0,294,-0.04401135369692863,-0.15394044965325626,-0.15394044965325626,-1.5394044965325626,unverified_statistical_tier2_pool,False
7603,Mazino,183,56,3,controller,2026,7416,,0.054996,1818,138,0.7540983606557377,45,295,-0.04470957291189566,4.439658496732772,1.3409466933755776,2.3945476667421026,unverified_statistical_tier2_pool,False
7616,Feniz,55,55,1,controller,2026,7416,,0.243705,9094,55,1.0,0,294,-0.044975080437388744,3.479713656153044,3.479713656153044,6.326752102096444,unverified_statistical_tier2_pool,False
7618,theory,59,59,2,initiator,2026,7416,,-0.06565,15931,31,0.5254237288135594,28,237,-0.03818425582594577,-0.3806390847462337,-0.3806390847462337,-0.6451509910953113,unverified_statistical_tier2_pool,False
7639,ezznap,50,50,1,controller,2026,7416,,0.070413,53131,50,1.0,0,294,-0.044975080437388744,1.3815221714058366,1.3815221714058366,2.763044342811673,unverified_statistical_tier2_pool,False
7652,Tuli,57,57,2,duelist,2026,7416,,-0.069389,29240,36,0.631578947368421,21,341,-0.046979399682784743,-0.29827352440389776,-0.29827352440389776,-0.5232868849191189,unverified_statistical_tier2_pool,False
7660,Fizzy,71,60,2,controller,2026,7416,,0.163983,3127,60,0.8450704225352113,11,294,-0.044975080437388744,3.436058879437454,2.870187551561056,4.783645919268427,unverified_statistical_tier2_pool,False
7716,penny,44,23,4,duelist,2026,7416,,0.004389,729,23,0.5227272727272727,21,342,-0.047447091887610926,0.5469303442450774,0.28097816092847633,1.2216441779498972,unverified_statistical_tier2_pool,False
7718,xnfri,1,0,1,initiator,historical_fallback,7416,1014|3205|8004|33897,-0.010999,1014,1,1.0,0,238,-0.03895063454622416,0.006963082163695289,,,unverified_statistical_tier2_pool,False
7745,Yoshiii,50,50,1,controller,2026,7416,,0.152193,7405,50,1.0,0,294,-0.044975080437388744,2.272559697220606,2.272559697220606,4.545119394441212,unverified_statistical_tier2_pool,False
7749,Nexi,22,15,2,sentinel,2026,7416,,-2.7e-05,9735,15,0.6818181818181818,7,120,-0.035601050290873654,0.18847753954675484,0.1263499639289411,0.8423330928596073,unverified_statistical_tier2_pool,False
7754,xavi8k,94,82,2,controller,2026,7416,,0.110162,872,82,0.8723404255319149,12,295,-0.04470957291189566,3.5471105511236813,3.089175658213342,3.7672873880650517,unverified_statistical_tier2_pool,False
7764,Lmemore,50,17,3,initiator,2026,7416,,-0.038112,4871,32,0.64,18,237,-0.03920609411965029,0.013138590738889566,0.004400202285638255,0.025883542856695616,unverified_statistical_tier2_pool,False
7804,severiNe,3,3,1,controller,2026,7416,,0.00948,3480,3,1.0,0,295,-0.04470957291189566,0.04003337161859888,0.04003337161859888,1.3344457206199625,unverified_statistical_tier2_pool,False
7807,ValdyN,11,11,1,initiator,2026,7416,3480,3.7e-05,3480,11,1.0,0,237,-0.03920609411965029,0.10538619582275166,0.10538619582275166,0.9580563256613787,unverified_statistical_tier2_pool,False
7841,TvirusLuke,90,0,2,duelist,historical_fallback,7416,,-0.052718,3741,61,0.6777777777777778,29,342,-0.047447091887610926,-0.11632970066204046,,,unverified_statistical_tier2_pool,False
7849,SiuFatBB,125,61,3,initiator,2026,7416,,0.002203,14125,90,0.72,35,238,-0.03895063454622416,1.2377409953935774,0.6032868149409734,0.9889947785917597,unverified_statistical_tier2_pool,False
7851,YRSelect,4,0,1,sentinel,historical_fallback,7416,24302|37421|47977,-0.02234,12365,4,1.0,0,121,-0.034884002137719895,0.01243429594800205,,,unverified_statistical_tier2_pool,False
7857,BerLIN,159,59,2,initiator,2026,7416,,-0.058836,19530,120,0.7547169811320755,39,238,-0.03895063454622416,-0.7715529033140378,-0.2839109961778558,-0.4812050782675522,unverified_statistical_tier2_pool,False
7861,W1nner,24,11,1,unknown,2026,7416,,-0.024057,4763,24,1.0,0,0,,,,,unverified_statistical_tier2_pool,False
7865,n1co,3,3,1,initiator,2026,7416,,0.009371,5593,3,1.0,0,238,-0.03895063454622416,0.03541964859815738,0.03541964859815738,1.1806549532719128,unverified_statistical_tier2_pool,False
7866,Click,23,0,1,duelist,historical_fallback,7416,,-0.022851,11,23,1.0,0,342,-0.047447091887610926,0.1358272093366908,,,unverified_statistical_tier2_pool,False
7870,vanity,38,0,1,controller,historical_fallback,7416,,-0.018326,7871,38,1.0,0,295,-0.04470957291189566,0.2458658512462954,,,unverified_statistical_tier2_pool,False
7871,Xeppaa,111,28,1,initiator,2026,7416,,0.064186,18796,106,0.954954954954955,5,238,-0.03895063454622416,2.7413116184642097,0.6810799939182741,2.4324285497081215,unverified_statistical_tier2_pool,False
7873,leaf,267,99,1,controller,2026,7416,,0.157818,3885,267,1.0,0,295,-0.04470957291189566,12.971163034372772,4.78504070547282,4.8333744499725455,unverified_statistical_tier2_pool,False
7883,silenttt,5,0,1,sentinel,historical_fallback,7416,1377|8590|26808,-0.012219,1377,5,1.0,0,121,-0.034884002137719895,0.02739954491799923,,,unverified_statistical_tier2_pool,False
7888,BlackWiz,30,30,1,controller,2026,7416,4038|34785|38369|51094,-0.01233,4038,30,1.0,0,294,-0.044975080437388744,0.2374518666390672,0.2374518666390672,0.7915062221302239,unverified_statistical_tier2_pool,False
7987,KovaQ,46,34,2,controller,2026,7416,,-0.008828,19530,34,0.7391304347826086,12,295,-0.04470957291189566,0.4048080483950113,0.2999398575489931,0.8821760516146856,unverified_statistical_tier2_pool,False
7994,brazy,8,8,1,initiator,2026,7416,41076|53059,0.001558,22334,8,1.0,0,238,-0.03895063454622416,0.0805751954056726,0.0805751954056726,1.0071899425709074,unverified_statistical_tier2_pool,False
8004,Zennakukin,1,0,1,sentinel,historical_fallback,7416,1014|3205|7718|33897,-0.010999,1014,1,1.0,0,121,-0.034884002137719895,0.005950762993073677,,,unverified_statistical_tier2_pool,False
8014,Vašek,30,30,1,initiator,2026,7416,13274|33840|47259,-0.000468,13274,30,1.0,0,237,-0.03920609411965029,0.2866958606786055,0.2866958606786055,0.9556528689286848,unverified_statistical_tier2_pool,False
8041,Brave,81,53,2,initiator,2026,7416,569|10161,0.057365,569,81,1.0,0,237,-0.03920609411965029,1.893396014218718,1.2263950878685252,2.3139529959783496,unverified_statistical_tier2_pool,False
8044,MrFaliN,110,8,1,initiator,2026,7416,,-0.01724,8369,110,1.0,0,238,-0.03895063454622416,0.5765777216007635,0.042530861940898446,0.5316357742612305,unverified_statistical_tier2_pool,False
8056,Mited,34,34,1,initiator,2026,7416,593,-0.058534,593,34,1.0,0,237,-0.03818425582594577,-0.16294403174102678,-0.16294403174102678,-0.4792471521794906,unverified_statistical_tier2_pool,False
8082,zander,166,94,3,controller,2026,7416,,0.107191,4927,94,0.5662650602409639,72,294,-0.044975080437388744,6.071812883353935,3.3996630999130026,3.616662872247875,unverified_statistical_tier2_pool,False
8124,forkeN,11,11,1,controller,2026,7416,3277|5540|19301|62945,-0.018441,3277,11,1.0,0,294,-0.044975080437388744,0.0696222220514977,0.0696222220514977,0.6329292913772518,unverified_statistical_tier2_pool,False
8137,lenne,10,0,1,initiator,historical_fallback,7416,,-0.00993,3977,10,1.0,0,238,-0.03895063454622416,0.06928243119234168,,,unverified_statistical_tier2_pool,False
8225,f1cio,45,38,2,controller,2026,7416,,0.034643,1437,38,0.8444444444444444,7,294,-0.044975080437388744,0.886281547654804,0.7485512848871541,1.969871802334616,unverified_statistical_tier2_pool,False
8226,waddle,58,35,3,initiator,2026,7416,,0.007678,12474,40,0.6896551724137931,18,237,-0.03920609411965029,0.6347065663796605,0.369112903905872,1.0546082968739199,unverified_statistical_tier2_pool,False
8237,Depyro,13,13,1,duelist,2026,7416,6505|14366,-0.051711,6503,13,1.0,0,341,-0.046979399682784743,-0.0144995732297038,-0.0144995732297038,-0.11153517869002923,unverified_statistical_tier2_pool,False
8240,Layla,8,8,1,sentinel,2026,7416,56305,-0.067692,14431,8,1.0,0,121,-0.034884002137719895,-0.06460675350068718,-0.06460675350068718,-0.8075844187585897,unverified_statistical_tier2_pool,False
8278,KNZY,53,53,2,controller,2026,7416,2909|43935,0.034811,2909,53,1.0,0,294,-0.044975080437388744,1.021430432607798,1.021430432607798,1.927227231335468,unverified_statistical_tier2_pool,False
8286,GLYPH,79,63,3,controller,2026,7416,,0.140555,565,42,0.5316455696202531,37,295,-0.04470957291189566,3.5024849320231386,2.7711477414191306,4.398647208601795,unverified_statistical_tier2_pool,False
8369,yetujey,181,79,1,sentinel,2026,7416,,0.06567,12793,119,0.6574585635359116,62,121,-0.034884002137719895,4.39045521567235,1.9321838032212584,2.445802282558555,unverified_statistical_tier2_pool,False
8373,Okeanos,42,20,2,duelist,2026,7416,,-0.043518,619,42,1.0,0,342,-0.047447091887610926,0.038785433261881636,0.017725970417135223,0.08862985208567611,unverified_statistical_tier2_pool,False
8375,bones,16,16,1,controller,2026,7416,,-0.003554,3007,16,1.0,0,294,-0.044975080437388744,0.16260257035783798,0.16260257035783798,1.0162660647364874,unverified_statistical_tier2_pool,False
8376,seven,71,38,2,duelist,2026,7416,,-0.100182,5292,38,0.5352112676056338,33,342,-0.047447091887610926,-0.8458138948510321,-0.4195299944523418,-1.104026301190373,unverified_statistical_tier2_pool,False
8402,icy,110,0,2,duelist,historical_fallback,7416,,0.006468,3885,72,0.6545454545454545,38,342,-0.047447091887610926,1.4271078731884792,,,unverified_statistical_tier2_pool,False
8405,Awkua,5,5,1,initiator,2026,7416,16029|29617|46277|48004,-0.035238,16029,5,1.0,0,238,-0.03895063454622416,0.004499261416504363,0.004499261416504363,0.08998522833008726,unverified_statistical_tier2_pool,False
8410,cuz,47,47,1,duelist,2026,7416,1089|13754|16757|30467,-0.059171,1089,47,1.0,0,341,-0.046979399682784743,-0.13581894418760912,-0.13581894418760912,-0.288976476994913,unverified_statistical_tier2_pool,False
8419,Reduxx,40,40,1,duelist,2026,7416,,-0.044354,5395,40,1.0,0,342,-0.047447091887610926,0.02959394057952297,0.02959394057952297,0.07398485144880743,unverified_statistical_tier2_pool,False
8422,Spaz,64,64,2,controller,2026,7416,,0.124231,4828,48,0.75,16,294,-0.044975080437388744,2.562537349376309,2.562537349376309,4.003964608400483,unverified_statistical_tier2_pool,False
8434,nabil,11,11,1,sentinel,2026,7416,,0.016021,6437,11,1.0,0,120,-0.035601050290873654,0.13833707248416366,0.13833707248416366,1.2576097498560332,unverified_statistical_tier2_pool,False
8440,puggy,28,28,1,initiator,2026,7416,27789|55747,-0.026489,27789,28,1.0,0,237,-0.03920609411965029,0.08444810778004025,0.08444810778004025,0.30160038492871516,unverified_statistical_tier2_pool,False
8447,Less,141,40,3,controller,2026,7416,,0.062394,727,92,0.6524822695035462,49,295,-0.04470957291189566,3.6566493897999885,1.0075892492123648,2.518973123030912,unverified_statistical_tier2_pool,False
8480,aspas,208,56,2,duelist,2026,7416,,0.169693,1818,138,0.6634615384615384,70,342,-0.047447091887610926,10.945493838168938,2.9098989903042933,5.196248196971952,unverified_statistical_tier2_pool,False
8497,Monyet,181,56,3,duelist,2026,7416,,0.044949,4871,155,0.856353591160221,26,342,-0.047447091887610926,4.039684650536384,1.2411765223349542,2.2163866470267037,unverified_statistical_tier2_pool,False
8502,OLIZERA,79,65,2,sentinel,2026,7416,,0.056815,251,65,0.8227848101265823,14,120,-0.035601050290873654,1.7751763757936319,1.4600376422758425,2.24621175734745,unverified_statistical_tier2_pool,False
8504,invy,183,109,2,initiator,2026,7416,,0.094543,7378,109,0.5956284153005464,74,238,-0.03895063454622416,5.889440821024971,3.503951793371047,3.2146346728174744,unverified_statistical_tier2_pool,False
8549,kiNgg,201,79,1,controller,2026,7416,,0.201804,619,122,0.6069651741293532,79,295,-0.04470957291189566,12.012304483180719,4.709965249085399,5.961981327956201,unverified_statistical_tier2_pool,False
8582,Laz,53,44,2,sentinel,2026,7416,15897,0.105918,15897,53,1.0,0,120,-0.035601050290873654,1.8121985275376074,1.5047699128542087,3.4199316201232013,unverified_statistical_tier2_pool,False
8590,KILLDREAM,5,0,1,controller,historical_fallback,7416,1377|7883|26808,-0.012219,1377,5,1.0,0,295,-0.04470957291189566,0.03924720803199022,,,unverified_statistical_tier2_pool,False
8593,Grmekista,5,0,1,controller,historical_fallback,7416,5490,-0.007258,3839,5,1.0,0,295,-0.04470957291189566,0.046604621994965956,,,unverified_statistical_tier2_pool,False
8673,heat,102,24,2,sentinel,2026,7416,,-0.099914,1311,51,0.5,51,121,-0.034884002137719895,-1.5868684975293146,-0.37429876315278965,-1.5595781798032904,unverified_statistical_tier2_pool,False
8706,havoc,115,58,2,duelist,2026,7416,,0.02815,25743,88,0.7652173913043478,27,341,-0.047602989289219654,2.0894488519978807,1.0578806586254323,1.8239321700438489,unverified_statistical_tier2_pool,False
8742,jakee,76,67,3,controller,2026,7416,,0.037303,844,47,0.618421052631579,29,294,-0.044975080437388744,1.5309336265869895,1.3468956352535466,2.0102919929157412,unverified_statistical_tier2_pool,False
8746,dynamic,48,48,1,sentinel,2026,7416,46360|47852|47861,0.019892,46360,48,1.0,0,120,-0.035601050290873654,0.6486163775161364,0.6486163775161364,1.3512841198252843,unverified_statistical_tier2_pool,False
8790,MiniNiwde,50,50,4,initiator,2026,7416,,0.06667,3227,44,0.88,6,237,-0.03920609411965029,1.2644298923868613,1.2644298923868613,2.5288597847737226,unverified_statistical_tier2_pool,False
8792,Xhowi,51,51,2,controller,2026,7416,,0.041094,8790,42,0.8235294117647058,9,294,-0.044975080437388744,1.043017832136629,1.043017832136629,2.0451330041894686,unverified_statistical_tier2_pool,False
8805,Sacake,12,0,1,initiator,historical_fallback,7416,314|6889,0.013678,252,12,1.0,0,238,-0.03895063454622416,0.15688616570134734,,,unverified_statistical_tier2_pool,False
8808,pyrolll,20,14,3,controller,2026,7416,,0.000618,1281,12,0.6,8,294,-0.044975080437388744,0.21543513776165701,0.14929506656987523,1.066393332641966,unverified_statistical_tier2_pool,False
8834,bucher,17,17,1,sentinel,2026,7416,30750|51676,-0.070071,30750,17,1.0,0,120,-0.034467022381013575,-0.1390792659809242,-0.1390792659809242,-0.8181133292995542,unverified_statistical_tier2_pool,False
8872,mazin,90,57,4,initiator,2026,7416,,0.014035,13093,79,0.8777777777777778,11,237,-0.03920609411965029,1.177735711094983,0.7460820020875814,1.3089157931361077,unverified_statistical_tier2_pool,False
8873,dgzin,82,45,3,duelist,2026,7416,,-0.027496,826,45,0.5487804878048781,37,342,-0.047447091887610926,0.3866908913474068,0.21011801627973808,0.4669289250660847,unverified_statistical_tier2_pool,False
8889,ryotzz,2,2,1,initiator,2026,7416,,0.025288,33121,2,1.0,0,238,-0.03895063454622416,0.027966874382198803,0.027966874382198803,1.3983437191099402,unverified_statistical_tier2_pool,False
8892,snw,59,42,3,duelist,2026,7416,783,-0.001382,783,59,1.0,0,341,-0.047602989289219654,0.6683522303669136,0.4741188566252192,1.128854420536236,unverified_statistical_tier2_pool,False
8896,Loweed,49,49,1,duelist,2026,7416,5342|56935,-0.072667,5342,49,1.0,0,341,-0.046979399682784743,-0.3055088794802656,-0.3055088794802656,-0.6234875091433992,unverified_statistical_tier2_pool,False
9017,moobs,71,55,2,sentinel,2026,7416,,0.01818,39602,43,0.6056338028169014,28,120,-0.035601050290873654,0.9280129487478352,0.7146156621072723,1.2993012038314042,unverified_statistical_tier2_pool,False
9063,infiltrator,48,32,3,duelist,2026,7416,,-0.005874,1533,24,0.5,24,341,-0.047602989289219654,0.4872233784053714,0.3215926214477856,1.00497694202433,unverified_statistical_tier2_pool,False
9094,Kess,73,55,2,initiator,2026,7416,,0.20919,7616,55,0.7534246575342466,18,237,-0.03920609411965029,4.0481100576056805,2.974606464292387,5.408375389622521,unverified_statistical_tier2_pool,False
9152,Deryeon,88,45,4,controller,2026,7416,,0.030309,4382,31,0.3522727272727273,57,294,-0.044975080437388744,1.5892583186448777,0.8197161939475746,1.8215915421057212,unverified_statistical_tier2_pool,False
9185,dodonut,18,18,1,duelist,2026,7416,17397|21486,-0.120099,3079,18,1.0,0,341,-0.046979399682784743,-0.31244643187126875,-0.31244643187126875,-1.7358135103959376,unverified_statistical_tier2_pool,False
9192,Cloudy,63,63,1,initiator,2026,7416,25053|60576,0.157302,25053,63,1.0,0,237,-0.03920609411965029,2.7964598043340425,2.7964598043340425,4.4388250862445116,unverified_statistical_tier2_pool,False
9196,t3xture,219,43,1,duelist,2026,7416,34974,0.096061,34974,219,1.0,0,342,-0.047447091887610926,7.636552974429901,1.4795913628318662,3.440910146120619,unverified_statistical_tier2_pool,False
9202,RXFLEX,10,10,1,initiator,2026,7416,7580|56126|56127,-0.111356,7580,10,1.0,0,237,-0.03818425582594577,-0.1673951313296282,-0.1673951313296282,-1.673951313296282,unverified_statistical_tier2_pool,False
9263,sayoo,43,43,2,initiator,2026,7416,,0.000433,3626,32,0.7441860465116279,11,237,-0.03920609411965029,0.4149326350150854,0.4149326350150854,0.9649596163141522,unverified_statistical_tier2_pool,False
9266,Tisora,60,52,2,duelist,2026,7416,3424|6202,0.066593,3424,60,1.0,0,341,-0.047602989289219654,1.676819326011483,1.4489580638828394,2.7864578151593067,unverified_statistical_tier2_pool,False
9279,Kylee,6,6,1,sentinel,2026,7416,34082|48729|48763|59514,-0.027809,34082,6,1.0,0,121,-0.034884002137719895,0.0104485635821015,0.0104485635821015,0.17414272636835834,unverified_statistical_tier2_pool,False
9290,Madelyn,38,24,2,initiator,2026,7416,,0.078727,3639,24,0.631578947368421,14,237,-0.03920609411965029,1.0807867270105453,0.6780292740783345,2.8251219753263936,unverified_statistical_tier2_pool,False
9354,Cebando,59,37,3,controller,2026,7416,,-0.148102,11046,28,0.4745762711864407,31,294,-0.04401135369692863,-1.4387777398253954,-0.870588284723633,-2.352941310063873,unverified_statistical_tier2_pool,False
9371,1szaqt,5,5,1,initiator,2026,7416,48011|50623|50625|63153,-0.049764,48011,5,1.0,0,238,-0.03895063454622416,-0.013459978259663885,-0.013459978259663885,-0.2691995651932777,unverified_statistical_tier2_pool,False
9508,Leosen,27,27,1,duelist,2026,7416,4969,-0.032534,4969,27,1.0,0,341,-0.047602989289219654,0.09609978319921963,0.09609978319921963,0.3559251229600728,unverified_statistical_tier2_pool,False
9530,pryxi,20,20,1,duelist,2026,7416,55741,-0.103853,5477,20,1.0,0,341,-0.046979399682784743,-0.2517045242253468,-0.2517045242253468,-1.2585226211267337,unverified_statistical_tier2_pool,False
9554,kaajak,168,55,2,duelist,2026,7416,,0.131386,4,148,0.8809523809523809,20,342,-0.047447091887610926,7.317811997774378,2.3912749876347985,4.347772704790542,unverified_statistical_tier2_pool,False
9556,demek,28,28,2,duelist,2026,7416,9557,-0.054412,9557,28,1.0,0,341,-0.046979399682784743,-0.049080372027242,-0.049080372027242,-0.1752870429544357,unverified_statistical_tier2_pool,False
9557,NeFi,28,28,2,controller,2026,7416,9556,-0.054412,9556,28,1.0,0,294,-0.04401135369692863,-0.06869637707821988,-0.06869637707821988,-0.2453442038507853,unverified_statistical_tier2_pool,False
9558,Wolfen,56,49,2,sentinel,2026,7416,,0.092258,11,49,0.875,7,120,-0.035601050290873654,1.7161557557941727,1.4939085191164925,3.048792896156107,unverified_statistical_tier2_pool,False
9571,Demiurge,19,19,1,sentinel,2026,7416,,-0.014031,8440,19,1.0,0,120,-0.035601050290873654,0.09499174388634013,0.09499174388634013,0.49995654677021123,unverified_statistical_tier2_pool,False
9698,MonOkson,38,38,3,controller,2026,7416,,0.044122,10429,31,0.8157894736842105,7,294,-0.044975080437388744,0.8147809558019438,0.8147809558019438,2.144160410005115,unverified_statistical_tier2_pool,False
9717,Lilo,8,8,1,duelist,2026,7416,,-0.009444,3480,8,1.0,0,342,-0.047447091887610926,0.07400488709259156,0.07400488709259156,0.9250610886573946,unverified_statistical_tier2_pool,False
9735,2GE,49,15,3,controller,2026,7416,,-0.028692,9740,47,0.9591836734693877,2,294,-0.044975080437388744,0.19366975920582769,0.05789281682793529,0.38595211218623526,unverified_statistical_tier2_pool,False
9740,Wild0reoo,60,15,2,initiator,2026,7416,,-0.039232,9735,47,0.7833333333333333,13,237,-0.03818425582594577,-0.015098514292154308,-0.0037299864065389876,-0.024866576043593252,unverified_statistical_tier2_pool,False
9745,Georggyyy,15,15,1,duelist,2026,7416,52080,0.005293,7749,15,1.0,0,341,-0.047602989289219654,0.1876937872937452,0.1876937872937452,1.2512919152916346,unverified_statistical_tier2_pool,False
9747,Emman,24,17,2,initiator,2026,7416,,0.065865,13220,24,1.0,0,237,-0.03920609411965029,0.6220518044972068,0.43880631827022937,2.581213636883702,unverified_statistical_tier2_pool,False
9780,Jamppi,165,76,3,initiator,2026,7416,,0.074773,5554,133,0.806060606060606,32,238,-0.03895063454622416,4.556090020323737,2.08701206725405,2.7460685095448025,unverified_statistical_tier2_pool,False
9797,Saucee,3,3,1,duelist,2026,7416,31830|42829|42844|61983,-0.013134,31830,3,1.0,0,342,-0.047447091887610926,0.025628616996081488,0.025628616996081488,0.8542872332027164,unverified_statistical_tier2_pool,False
9800,mindfreak,105,4,3,unknown,2026,7416,,0.004032,9801,100,0.9523809523809523,5,0,,,,,unverified_statistical_tier2_pool,False
9801,f0rsakeN,281,109,2,controller,2026,7416,,0.188881,9803,280,0.99644128113879,1,295,-0.04470957291189566,15.71597936073713,6.158885890386615,5.650354027877628,unverified_statistical_tier2_pool,False
9802,Benkai,31,0,1,sentinel,historical_fallback,7416,1839,-0.030431,1162,31,1.0,0,121,-0.034884002137719895,0.033813524010615215,,,unverified_statistical_tier2_pool,False
9803,d4v41,280,109,1,controller,2026,7416,17086,0.183966,9801,280,1.0,0,295,-0.04470957291189566,15.325042333991366,6.0281964433750135,5.530455452637627,unverified_statistical_tier2_pool,False
9810,Alfajer,220,55,1,sentinel,2026,7416,,0.095909,438,220,1.0,0,121,-0.034884002137719895,7.014060833098565,1.7498652761692264,3.1815732293985937,unverified_statistical_tier2_pool,False
9835,Ali,16,0,1,sentinel,historical_fallback,7416,,0.032992,3980,16,1.0,0,121,-0.034884002137719895,0.2692129613016567,,,unverified_statistical_tier2_pool,False
9943,mezoky,7,7,1,initiator,2026,7416,20443|30305|30911|42633,-0.044952,20443,7,1.0,0,238,-0.03895063454622416,-0.010465358209445386,-0.010465358209445386,-0.14950511727779123,unverified_statistical_tier2_pool,False
10053,FireBallOps,55,55,2,sentinel,2026,7416,,-0.040784,4385,35,0.6363636363636364,20,120,-0.034467022381013575,-0.08442942629681688,-0.08442942629681688,-0.15350804781239433,unverified_statistical_tier2_pool,False
10089,ANDY,6,0,1,duelist,historical_fallback,7416,26316|31589,-0.00919,26310,6,1.0,0,342,-0.047447091887610926,0.05666706790493525,,,unverified_statistical_tier2_pool,False
10114,baha,8,8,1,controller,2026,7416,,-0.046531,8044,8,1.0,0,295,-0.04470957291189566,-0.003573973429379429,-0.003573973429379429,-0.04467466786724286,unverified_statistical_tier2_pool,False
10137,ip0TT,48,40,2,duelist,2026,7416,,0.041887,21584,40,0.8333333333333334,8,341,-0.047602989289219654,1.0473264557548616,0.8724165742358916,2.181041435589729,unverified_statistical_tier2_pool,False
10141,SnapS,18,18,1,initiator,2026,7416,23487|58373,-0.073233,23487,18,1.0,0,237,-0.03818425582594577,-0.15235003888470738,-0.15235003888470738,-0.8463891049150409,unverified_statistical_tier2_pool,False
10143,VASQUEZ,9,9,1,duelist,2026,7416,,-0.00503,6998,9,1.0,0,342,-0.047447091887610926,0.09245666372210021,0.09245666372210021,1.0272962635788911,unverified_statistical_tier2_pool,False
10146,reazy,102,74,4,controller,2026,7416,,0.186733,5564,74,0.7254901960784313,28,294,-0.044975080437388744,5.558581151480128,3.9559833654862318,5.345923466873287,unverified_statistical_tier2_pool,False
10152,Padisah,26,26,1,sentinel,2026,7416,13557|19776,0.004378,13557,26,1.0,0,120,-0.035601050290873654,0.2470403848959475,0.2470403848959475,0.950155326522875,unverified_statistical_tier2_pool,False
10160,Izzy,27,27,1,duelist,2026,7416,,0.115103,12670,27,1.0,0,342,-0.047447091887610926,1.0619122942183548,1.0619122942183548,3.9330084971050177,unverified_statistical_tier2_pool,False
10161,QutionerX,81,53,2,duelist,2026,7416,569|8041,0.057365,569,81,1.0,0,341,-0.047602989289219654,2.0579281007254497,1.3328062104947187,2.514728699046639,unverified_statistical_tier2_pool,False
10190,GabbyDiz,15,15,2,controller,2026,7416,22798|55845,0.007802,2333,15,1.0,0,294,-0.044975080437388744,0.1959051010234465,0.1959051010234465,1.3060340068229765,unverified_statistical_tier2_pool,False
10203,tesseract,28,28,1,initiator,2026,7416,10217|10251|16953,-0.017308,10217,28,1.0,0,237,-0.03920609411965029,0.14693806378994484,0.14693806378994484,0.524778799249803,unverified_statistical_tier2_pool,False
10217,marky,28,28,1,duelist,2026,7416,10203|10251|16953,-0.017308,10203,28,1.0,0,341,-0.047602989289219654,0.2032429263820738,0.2032429263820738,0.7258675942216922,unverified_statistical_tier2_pool,False
10251,slathom999,28,28,1,controller,2026,7416,10203|10217|16953,-0.017308,10203,28,1.0,0,294,-0.044975080437388744,0.18562420725711698,0.18562420725711698,0.6629435973468463,unverified_statistical_tier2_pool,False
10307,marteen,158,59,2,duelist,2026,7416,,0.01093,565,59,0.37341772151898733,99,342,-0.047447091887610926,2.250631089899278,0.829663941118144,1.4062100696917694,unverified_statistical_tier2_pool,False
10338,Lime,83,83,1,duelist,2026,7416,55681,0.252244,2173,83,1.0,0,341,-0.047602989289219654,5.6626886327309105,5.6626886327309105,6.8225164249770005,unverified_statistical_tier2_pool,False
10375,Braso,19,19,1,sentinel,2026,7416,27326|45140|50018|50021,-0.077716,27326,19,1.0,0,120,-0.034467022381013575,-0.1990086229773485,-0.1990086229773485,-1.0474138051439394,unverified_statistical_tier2_pool,False
10378,ALMO,8,8,1,sentinel,2026,7416,,-0.035949,4894,8,1.0,0,121,-0.034884002137719895,-0.0020957406660177536,-0.0020957406660177536,-0.02619675832522192,unverified_statistical_tier2_pool,False
10429,Luvjix,39,39,2,duelist,2026,7416,29553,0.037584,29553,39,1.0,0,341,-0.047602989289219654,0.8088867500179339,0.8088867500179339,2.074068589789574,unverified_statistical_tier2_pool,False
10448,Kozok,6,6,1,initiator,2026,7416,53114|59374,-0.033147,53114,6,1.0,0,238,-0.03895063454622416,0.00868936289268396,0.00868936289268396,0.144822714878066,unverified_statistical_tier2_pool,False
10458,phaze,7,7,1,controller,2026,7416,,-0.036811,6503,7,1.0,0,295,-0.04470957291189566,0.013501493721702729,0.013501493721702729,0.1928784817386104,unverified_statistical_tier2_pool,False
10463,Paradox,50,43,2,initiator,2026,7416,,0.05261,30877,42,0.84,8,237,-0.03920609411965029,1.0948544607860855,0.9380305688556827,2.181466439199262,unverified_statistical_tier2_pool,False
10486,YHchen,50,11,2,unknown,2026,7416,,-0.018242,16924,26,0.52,24,0,,,,,unverified_statistical_tier2_pool,False
10543,Safiro,1,0,1,duelist,historical_fallback,7416,28446|58086|58089,0.011053,659,1,1.0,0,342,-0.047447091887610926,0.014608001605372567,,,unverified_statistical_tier2_pool,False
10556,drakk,19,19,2,duelist,2026,7416,,-0.097288,7639,15,0.7894736842105263,4,341,-0.046979399682784743,-0.2292474367516888,-0.2292474367516888,-1.2065654565878359,unverified_statistical_tier2_pool,False
10557,Darker,61,61,1,controller,2026,7416,,0.095766,28716,61,1.0,0,295,-0.04470957291189566,2.042650979107236,2.042650979107236,3.348608162470878,unverified_statistical_tier2_pool,False
10581,Ryu,19,19,1,initiator,2026,7416,,0.012179,18784,19,1.0,0,237,-0.03920609411965029,0.23045079070166657,0.23045079070166657,1.2128988984298241,unverified_statistical_tier2_pool,False
10582,Panaek,21,21,2,duelist,2026,7416,,-0.059782,35619,16,0.7619047619047619,5,341,-0.046979399682784743,-0.06407799398525854,-0.06407799398525854,-0.30513330469170735,unverified_statistical_tier2_pool,False
10584,Seoldam,67,49,1,duelist,2026,7416,4663,-0.002386,4663,67,1.0,0,341,-0.047602989289219654,0.7379968194523451,0.5414129067361523,1.1049242994615354,unverified_statistical_tier2_pool,False
10588,hiroronn,56,17,2,sentinel,2026,7416,,-0.096765,424,56,1.0,0,120,-0.034467022381013575,-0.8486009324409516,-0.25602516729485947,-1.5060303958521146,unverified_statistical_tier2_pool,False
10627,Art,41,21,2,controller,2026,7416,,-0.003146,993,21,0.5121951219512195,20,294,-0.044975080437388744,0.40429623107593166,0.20902051360017282,0.995335779048442,unverified_statistical_tier2_pool,False
10628,Misaya,53,53,1,initiator,2026,7416,48431,0.094026,29840,53,1.0,0,237,-0.03920609411965029,1.6933007176800035,1.6933007176800035,3.1949070144905725,unverified_statistical_tier2_pool,False
10642,Jan,21,21,2,controller,2026,7416,,-0.038662,17111,19,0.9047619047619048,2,294,-0.044975080437388744,0.03237216255253189,0.03237216255253189,0.15415315501205665,unverified_statistical_tier2_pool,False
10653,suzu,1,0,1,controller,historical_fallback,7416,5283|24679,0.010999,9,1,1.0,0,295,-0.04470957291189566,0.013905666428812524,,,unverified_statistical_tier2_pool,False
10698,nephh,159,60,1,controller,2026,7416,,0.014347,4885,159,1.0,0,295,-0.04470957291189566,2.3091184178232718,0.8719948459981839,1.4533247433303065,unverified_statistical_tier2_pool,False
10738,heyNF,16,16,1,initiator,2026,7416,,0.080264,43399,16,1.0,0,237,-0.03920609411965029,0.46140243029167843,0.46140243029167843,2.88376518932299,unverified_statistical_tier2_pool,False
10739,Shiro,86,18,1,controller,2026,7416,7043,0.006841,7043,86,1.0,0,294,-0.044975080437388744,1.0612771422073903,0.22698073395578355,1.2610040775321307,unverified_statistical_tier2_pool,False
10749,k1ngkappa,58,58,2,controller,2026,7416,,0.178815,3639,47,0.8103448275862069,11,294,-0.044975080437388744,3.115433644672102,3.115433644672102,5.371437318400175,unverified_statistical_tier2_pool,False
10758,Kohliii,58,58,1,initiator,2026,7416,19231|30286|30575,0.121797,19231,58,1.0,0,237,-0.03920609411965029,2.2284691733431705,2.2284691733431705,3.842188229902018,unverified_statistical_tier2_pool,False
10760,SmokeA,33,33,1,sentinel,2026,7416,18995,0.006077,18995,33,1.0,0,120,-0.035601050290873654,0.33031409375432125,0.33031409375432125,1.000951799255519,unverified_statistical_tier2_pool,False
10761,Kucf,2,2,1,initiator,2026,7416,11886|24839|62858|62859,-0.019635,11886,2,1.0,0,238,-0.03895063454622416,0.008006436784573412,0.008006436784573412,0.4003218392286706,unverified_statistical_tier2_pool,False
10769,NOBITA,41,41,1,initiator,2026,7416,6702|45962|52723,0.152388,6702,41,1.0,0,237,-0.03920609411965029,1.8515552520159597,1.8515552520159597,4.515988419551121,unverified_statistical_tier2_pool,False
10816,xccurate,51,0,3,controller,historical_fallback,7416,,0.002249,4545,49,0.9607843137254902,2,295,-0.04470957291189566,0.5696921153544856,,,unverified_statistical_tier2_pool,False
10821,deLb,132,63,2,controller,2026,7416,,-0.119152,37494,63,0.4772727272727273,69,295,-0.04470957291189566,-2.4055574351627436,-1.152064346533412,-1.8286735659260507,unverified_statistical_tier2_pool,False
10885,DaviH,99,70,2,initiator,2026,7416,,0.286023,4329,60,0.6060606060606061,39,237,-0.03920609411965029,7.789713560617831,5.461745783972138,7.802493977103055,unverified_statistical_tier2_pool,False
10971,RieNs,244,69,1,initiator,2026,7416,1144|29873,0.11595,1144,244,1.0,0,238,-0.03895063454622416,9.263750015900644,2.6371020208752767,3.821886986775763,unverified_statistical_tier2_pool,False
11046,deigara,28,28,2,initiator,2026,7416,,-0.14587,9354,28,1.0,0,237,-0.03818425582594577,-0.6872390736771663,-0.6872390736771663,-2.454425263132737,unverified_statistical_tier2_pool,False
11105,rich,9,0,1,initiator,historical_fallback,7416,,-0.015467,2567,9,1.0,0,238,-0.03895063454622416,0.0522030838508214,,,unverified_statistical_tier2_pool,False
11118,skuba,138,94,1,controller,2026,7416,,0.233703,2172,138,1.0,0,295,-0.04470957291189566,9.310479619643338,6.334934247390122,6.739291752542683,unverified_statistical_tier2_pool,False
11134,Kicks,202,92,3,controller,2026,7416,,0.131602,2168,107,0.5297029702970297,95,294,-0.044975080437388744,8.700896297939838,3.9289653294138613,4.270614488493328,unverified_statistical_tier2_pool,False
11218,Yuicaw,162,78,2,sentinel,2026,7416,,-0.046162,14125,84,0.5185185185185185,78,121,-0.034884002137719895,-0.4431876903703895,-0.2133822209497187,-0.27356694993553676,unverified_statistical_tier2_pool,False
11225,Ethan,190,94,1,initiator,2026,7416,,0.169367,5132,160,0.8421052631578947,30,238,-0.03895063454622416,9.603086755344748,4.726640806388417,5.028341283391933,unverified_statistical_tier2_pool,False
11232,daiki,25,25,1,initiator,2026,7416,12143|14386|15297|21435,-0.11747,12143,25,1.0,0,237,-0.03818425582594577,-0.46537414866960614,-0.46537414866960614,-1.8614965946784248,unverified_statistical_tier2_pool,False
11236,antG,27,27,1,controller,2026,7416,21108|21558|35660,-0.150045,21108,27,1.0,0,294,-0.04401135369692863,-0.6119575404901089,-0.6119575404901089,-2.2665094092226252,unverified_statistical_tier2_pool,False
11259,conir,7,7,1,controller,2026,7416,4807|19791|22997|29823,-0.053249,4807,7,1.0,0,295,-0.04470957291189566,-0.014938045067991512,-0.014938045067991512,-0.21340064382845017,unverified_statistical_tier2_pool,False
11322,Sevire,72,72,1,controller,2026,7416,,0.109564,301,72,1.0,0,294,-0.044975080437388744,2.692082954536506,2.692082954536506,3.739004103522925,unverified_statistical_tier2_pool,False
11332,ara,90,42,1,duelist,2026,7416,6959,0.015604,6959,90,1.0,0,342,-0.047447091887610926,1.3185973208766044,0.6144088062552276,1.4628781101314945,unverified_statistical_tier2_pool,False
11494,keiko,219,94,2,controller,2026,7416,,0.130134,457,122,0.5570776255707762,97,295,-0.04470957291189566,9.288872302646134,3.9607111702783238,4.213522521572685,unverified_statistical_tier2_pool,False
11495,archiw0w,35,35,2,initiator,2026,7416,,0.149429,7107,35,1.0,0,237,-0.03920609411965029,1.5683830770677765,1.5683830770677765,4.481094505907933,unverified_statistical_tier2_pool,False
11516,dRKY,26,26,1,initiator,2026,7416,,0.088806,10137,26,1.0,0,237,-0.03920609411965029,0.8178526062922158,0.8178526062922158,3.1455869472777533,unverified_statistical_tier2_pool,False
11524,Nicc,200,73,1,initiator,2026,7416,,-0.007263,3741,196,0.98,4,238,-0.03895063454622416,1.557435731269953,0.567984055489093,0.7780603499850589,unverified_statistical_tier2_pool,False
11527,NoMan,130,91,2,duelist,2026,7416,,0.007975,22047,118,0.9076923076923077,12,342,-0.047447091887610926,1.7420026694218191,1.2134398207974704,1.3334503525246928,unverified_statistical_tier2_pool,False
11578,Hotsauz,24,24,1,controller,2026,7416,13221,0.027707,13220,24,1.0,0,294,-0.044975080437388744,0.42475390690914916,0.42475390690914916,1.7698079454547881,unverified_statistical_tier2_pool,False
11600,Foxy9,145,22,3,controller,2026,7416,,0.111269,804,64,0.4413793103448276,81,295,-0.04470957291189566,5.476182984702055,0.8153893915373939,3.7063154160790632,unverified_statistical_tier2_pool,False
11666,ray4c,18,17,2,duelist,2026,7416,,-0.052518,7764,18,1.0,0,341,-0.046979399682784743,-0.02362200881347204,-0.022292152674052046,-0.13113030984736498,unverified_statistical_tier2_pool,False
11696,Zoestol,14,14,1,controller,2026,7416,37704,-0.058841,873,14,1.0,0,294,-0.04401135369692863,-0.049559577717500414,-0.049559577717500414,-0.3539969836964315,unverified_statistical_tier2_pool,False
11704,STYRON,45,23,4,initiator,2026,7416,,-0.004301,24628,22,0.4888888888888889,23,238,-0.03895063454622416,0.3667714355573838,0.1795622058810279,0.7807052429609908,unverified_statistical_tier2_pool,False
11705,Zeno,14,7,1,unknown,2026,7416,56248|58958,-0.062612,14441,14,1.0,0,0,,,,,unverified_statistical_tier2_pool,False
11737,Xan,50,38,3,duelist,2026,7416,,0.05939,5228,21,0.42,29,341,-0.047602989289219654,1.3160281156915221,0.9993258201909183,2.6298047899761006,unverified_statistical_tier2_pool,False
11843,Yoyo,24,6,2,unknown,2026,7416,,0.076638,3049,18,0.75,6,0,,,,,unverified_statistical_tier2_pool,False
11886,ROACH,2,2,1,duelist,2026,7416,10761|24839|62858|62859,-0.019635,10761,2,1.0,0,342,-0.047447091887610926,0.011507918870241662,0.011507918870241662,0.5753959435120831,unverified_statistical_tier2_pool,False
11888,ChromnZ,2,2,1,sentinel,2026,7416,15266|15318|15462|19912,-0.027579,15266,2,1.0,0,121,-0.034884002137719895,0.003543981669212659,0.003543981669212659,0.17719908346063296,unverified_statistical_tier2_pool,False
11917,ExiT,25,18,2,duelist,2026,7416,,-0.012747,15639,18,0.72,7,342,-0.047447091887610926,0.21056730049406963,0.15047733352662834,0.8359851862590464,unverified_statistical_tier2_pool,False
11921,silentzz,66,16,2,sentinel,2026,7416,,-0.005057,6195,50,0.7575757575757576,16,121,-0.034884002137719895,0.4760332355727089,0.11202018962610988,0.7001261851631867,unverified_statistical_tier2_pool,False
12088,f0rsaken,1,0,1,duelist,historical_fallback,7416,30594|36666|58087,-0.011053,30594,1,1.0,0,342,-0.047447091887610926,0.009068799771525804,,,unverified_statistical_tier2_pool,False
12098,Kadoom,44,44,1,duelist,2026,7416,,0.134163,3401,44,1.0,0,341,-0.047602989289219654,1.9362446062365466,1.9362446062365466,4.4005559232648785,unverified_statistical_tier2_pool,False
12143,Bizerra,25,25,1,duelist,2026,7416,11232|14386|15297|21435,-0.11747,11232,25,1.0,0,341,-0.046979399682784743,-0.41339886009453036,-0.41339886009453036,-1.6535954403781217,unverified_statistical_tier2_pool,False
12226,sturNN,25,25,2,controller,2026,7416,,-0.025016,1399,16,0.64,9,294,-0.044975080437388744,0.12022993283336597,0.12022993283336597,0.4809197313334639,unverified_statistical_tier2_pool,False
12291,PoomOneLove,8,0,1,initiator,historical_fallback,7416,16977|26783|27225,-0.042668,2366,8,1.0,0,238,-0.03895063454622416,-0.0073421995059854694,,,unverified_statistical_tier2_pool,False
12322,NDG,60,31,3,initiator,2026,7416,2333,0.05029,2333,60,1.0,0,237,-0.03920609411965029,1.3208206804725793,0.683051920854614,2.2033932930794,unverified_statistical_tier2_pool,False
12323,RvK,51,51,1,initiator,2026,7416,2252|46051|50349,0.171739,2252,51,1.0,0,237,-0.03920609411965029,2.5518469188491664,2.5518469188491664,5.0036214095081695,unverified_statistical_tier2_pool,False
12365,coconut,132,60,4,initiator,2026,7416,,0.035451,22047,68,0.5151515151515151,64,238,-0.03895063454622416,2.3867545795856655,1.0909621260991083,1.8182702101651804,unverified_statistical_tier2_pool,False
12474,Tag,40,17,2,sentinel,2026,7416,,0.063553,8226,40,1.0,0,120,-0.035601050290873654,0.9784070908057106,0.41803443191373924,2.459026070080819,unverified_statistical_tier2_pool,False
12475,Penab,6,6,1,controller,2026,7416,28480|49740|50223,-0.033022,28480,6,1.0,0,295,-0.04470957291189566,0.01748743494133992,0.01748743494133992,0.291457249022332,unverified_statistical_tier2_pool,False
12514,Spocki,27,27,1,initiator,2026,7416,22042|27813|39062,-0.022437,22042,27,1.0,0,237,-0.03920609411965029,0.10800354228218434,0.10800354228218434,0.4000131195636457,unverified_statistical_tier2_pool,False
12519,Ticey,45,22,2,initiator,2026,7416,33994,-0.012885,33994,45,1.0,0,237,-0.03920609411965029,0.2940274584816038,0.14385004312617045,0.6538638323916839,unverified_statistical_tier2_pool,False
12528,disisjohn,25,25,1,duelist,2026,7416,,-0.048129,4969,25,1.0,0,341,-0.046979399682784743,-0.006873846274211726,-0.006873846274211726,-0.027495385096846903,unverified_statistical_tier2_pool,False
12593,Felix,18,18,1,initiator,2026,7416,,-0.007115,12514,18,1.0,0,237,-0.03920609411965029,0.13521872986102573,0.13521872986102573,0.7512151658945875,unverified_statistical_tier2_pool,False
12670,nekky,57,49,2,initiator,2026,7416,40843|41720,0.056644,40843,57,1.0,0,238,-0.03895063454622416,1.3147928165791938,1.1273803263115783,2.300776176146078,unverified_statistical_tier2_pool,False
12673,Bard0lf,27,27,1,duelist,2026,7416,,0.02183,40665,27,1.0,0,341,-0.047602989289219654,0.44916533519249874,0.44916533519249874,1.663575315527773,unverified_statistical_tier2_pool,False
12774,Anima,16,16,1,initiator,2026,7416,1399,0.009673,1399,16,1.0,0,237,-0.03920609411965029,0.19123438514773322,0.19123438514773322,1.1952149071733327,unverified_statistical_tier2_pool,False
12793,xeus,119,79,1,duelist,2026,7416,,0.03256,8369,119,1.0,0,342,-0.047447091887610926,2.3094452314531964,1.538378546208764,1.9473146154541319,unverified_statistical_tier2_pool,False
12795,Crewen,62,53,2,sentinel,2026,7416,40935,0.033513,5565,62,1.0,0,121,-0.034884002137719895,1.017885598015921,0.8669416915483368,1.6357390406572392,unverified_statistical_tier2_pool,False
12872,david,74,69,4,sentinel,2026,7416,,0.117573,1311,69,0.9324324324324325,5,120,-0.035601050290873654,2.637268081985958,2.447349834114193,3.546883817556801,unverified_statistical_tier2_pool,False
12928,Veqaj,41,27,2,controller,2026,7416,,0.01466,4,27,0.6585365853658537,14,295,-0.04470957291189566,0.5889711604756155,0.3902844947018022,1.4454981285251933,unverified_statistical_tier2_pool,False
12932,geeza,67,67,1,sentinel,2026,7416,766|2119|25902,0.037384,766,67,1.0,0,120,-0.035601050290873654,1.1993338458951681,1.1993338458951681,1.7900505162614448,unverified_statistical_tier2_pool,False
12979,MrTenzouEz,34,34,1,initiator,2026,7416,1395|49906,0.01566,1395,34,1.0,0,237,-0.03920609411965029,0.46066640754185645,0.46066640754185645,1.3549011986525188,unverified_statistical_tier2_pool,False
12990,SyouTa,59,43,1,controller,2026,7416,,-0.035644,6668,59,1.0,0,295,-0.04470957291189566,0.12369733544597777,0.09014904107899441,0.20964893274184745,unverified_statistical_tier2_pool,False
13000,RedLight,25,25,1,initiator,2026,7416,,0.048277,25082,25,1.0,0,237,-0.03920609411965029,0.49526967859910803,0.49526967859910803,1.9810787143964321,unverified_statistical_tier2_pool,False
13002,Akame,89,55,1,initiator,2026,7416,,0.040155,6672,89,1.0,0,238,-0.03895063454622416,1.6673782902118766,1.0378126561821954,1.8869321021494463,unverified_statistical_tier2_pool,False
13039,Meteor,277,78,2,sentinel,2026,7416,,0.186137,2489,190,0.6859205776173285,87,121,-0.034884002137719895,14.873371166092863,4.126623534272763,5.290542992657389,unverified_statistical_tier2_pool,False
13093,jzz,79,57,4,sentinel,2026,7416,,0.037836,8872,79,1.0,0,120,-0.035601050290873654,1.4253770127100818,1.028833515611916,1.8049710800209051,unverified_statistical_tier2_pool,False
13114,dvL,6,6,1,initiator,2026,7416,47588|50800|54806|54807,-0.005198,47588,6,1.0,0,238,-0.03895063454622416,0.050362574173464125,0.050362574173464125,0.839376236224402,unverified_statistical_tier2_pool,False
13219,Papi,48,11,2,controller,2026,7416,,-0.080864,4428,30,0.625,18,294,-0.04401135369692863,-0.42959550999551105,-0.10076372557333563,-0.9160338688485058,unverified_statistical_tier2_pool,False
13220,JA,31,24,2,sentinel,2026,7416,,0.022387,9747,24,0.7741935483870968,7,120,-0.035601050290873654,0.4399231469583287,0.3386876655714517,1.4111986065477156,unverified_statistical_tier2_pool,False
13221,azys,24,24,1,duelist,2026,7416,11578,0.027707,11578,24,1.0,0,341,-0.047602989289219654,0.4401546482299604,0.4401546482299604,1.8339777009581686,unverified_statistical_tier2_pool,False
13234,summoNN,11,11,1,initiator,2026,7416,6742|17022,-0.075943,6742,11,1.0,0,237,-0.03818425582594577,-0.10174675729694777,-0.10174675729694777,-0.9249705208813433,unverified_statistical_tier2_pool,False
13258,CyvOph,42,22,4,duelist,2026,7416,,-0.039088,11917,15,0.35714285714285715,27,342,-0.047447091887610926,0.08598077086501843,0.04469202446729387,0.20314556576042667,unverified_statistical_tier2_pool,False
13274,Hazard,30,30,1,initiator,2026,7416,8014|33840|47259,-0.000468,8014,30,1.0,0,237,-0.03920609411965029,0.2866958606786055,0.2866958606786055,0.9556528689286848,unverified_statistical_tier2_pool,False
13435,Fragger,10,0,1,initiator,historical_fallback,7416,1378|15376|15577,-0.027171,1378,10,1.0,0,238,-0.03895063454622416,0.0286878028103994,,,unverified_statistical_tier2_pool,False
13545,WerlasS,22,22,1,initiator,2026,7416,,0.0029,10152,22,1.0,0,237,-0.03920609411965029,0.21841740180988975,0.21841740180988975,0.9928063718631353,unverified_statistical_tier2_pool,False
13557,Zeask,26,26,1,duelist,2026,7416,10152|19776,0.004378,10152,26,1.0,0,341,-0.047602989289219654,0.3210393449298942,0.3210393449298942,1.234766711268824,unverified_statistical_tier2_pool,False
13571,musz3kk,23,23,1,duelist,2026,7416,2864|22716,0.030359,2701,23,1.0,0,341,-0.047602989289219654,0.43835097122524924,0.43835097122524924,1.905873787935866,unverified_statistical_tier2_pool,False
13654,NoHelp,11,11,1,controller,2026,7416,2431|4163|5927,-0.064863,2431,11,1.0,0,294,-0.04401135369692863,-0.05514939798396362,-0.05514939798396362,-0.5013581634905784,unverified_statistical_tier2_pool,False
13744,PatMen,153,82,2,controller,2026,7416,,0.203358,872,82,0.5359477124183006,71,295,-0.04470957291189566,9.035847939238355,4.941938205987108,6.026753909740375,unverified_statistical_tier2_pool,False
13754,Kouf,47,47,1,sentinel,2026,7416,1089|8410|16757|30467,-0.059171,1089,47,1.0,0,120,-0.034467022381013575,-0.2754491092915789,-0.2754491092915789,-0.5860619346629339,unverified_statistical_tier2_pool,False
13768,S1Mon,97,10,2,unknown,2026,7416,,0.126111,3017,71,0.7319587628865979,26,0,,,,,unverified_statistical_tier2_pool,False
13781,XII,2,0,1,initiator,historical_fallback,7416,,-0.014895,872,2,1.0,0,238,-0.03895063454622416,0.011740482398835406,,,unverified_statistical_tier2_pool,False
13784,Killua,105,62,2,initiator,2026,7416,,0.054468,13788,105,1.0,0,238,-0.03895063454622416,2.367451280745162,1.397284379401718,2.2536844829059968,unverified_statistical_tier2_pool,False
13788,JitBoyS,161,62,2,duelist,2026,7416,,0.0466,3977,149,0.9254658385093167,12,342,-0.047447091887610926,3.6426186331773707,1.406650483335087,2.2687911021533664,unverified_statistical_tier2_pool,False
13823,PxS,50,27,4,controller,2026,7416,,0.003487,20238,31,0.62,19,294,-0.044975080437388744,0.592134018816706,0.32002670733500543,1.185284101240761,unverified_statistical_tier2_pool,False
13860,rubkkoide,50,45,1,controller,2026,7416,2931,0.10098,2931,50,1.0,0,294,-0.044975080437388744,1.707909562505172,1.5269896702903623,3.393310378423027,unverified_statistical_tier2_pool,False
13861,NicoMachine,22,0,1,initiator,historical_fallback,7416,,0.005757,2585,22,1.0,0,238,-0.03895063454622416,0.24343118194934998,,,unverified_statistical_tier2_pool,False
13937,MEHA,17,17,1,duelist,2026,7416,,0.031318,4613,17,1.0,0,341,-0.047602989289219654,0.3321154517649458,0.3321154517649458,1.953620304499681,unverified_statistical_tier2_pool,False
14048,zerona,69,69,2,controller,2026,7416,2164,0.069454,2164,69,1.0,0,294,-0.044975080437388744,1.9140507097925836,1.9140507097925836,2.7739865359312805,unverified_statistical_tier2_pool,False
14125,Spring,135,50,2,controller,2026,7416,,-0.126525,7849,90,0.6666666666666666,45,295,-0.04470957291189566,-2.6750865198623868,-0.9823621107119036,-1.964724221423807,unverified_statistical_tier2_pool,False
14208,Kishi,36,36,2,controller,2026,7416,,0.11754,3626,32,0.8888888888888888,4,294,-0.044975080437388744,1.3679873520684025,1.3679873520684025,3.799964866856674,unverified_statistical_tier2_pool,False
14209,Suka,4,0,1,initiator,historical_fallback,7416,14587|19154|23042|44149,-0.022166,14587,4,1.0,0,238,-0.03895063454622416,0.016511045089342757,,,unverified_statistical_tier2_pool,False
14213,ting2k5,14,14,2,duelist,2026,7416,23976|37639|51893|56064,-0.161594,23976,14,1.0,0,341,-0.046979399682784743,-0.3471680047212101,-0.3471680047212101,-2.4797714622943583,unverified_statistical_tier2_pool,False
14225,n1zzy,13,0,1,duelist,historical_fallback,7416,,-0.019923,7437,13,1.0,0,342,-0.047447091887610926,0.0823224136452606,,,unverified_statistical_tier2_pool,False
14254,gin,7,7,2,unknown,2026,7416,,-0.043467,56259,4,0.5714285714285714,3,0,,,,,unverified_statistical_tier2_pool,False
14366,Shniider,13,13,1,initiator,2026,7416,6505|8237,-0.051711,6503,13,1.0,0,237,-0.03818425582594577,-0.0414817947704553,-0.0414817947704553,-0.3190907290035023,unverified_statistical_tier2_pool,False
14386,isaa,25,25,1,controller,2026,7416,11232|12143|15297|21435,-0.11747,11232,25,1.0,0,294,-0.04401135369692863,-0.43092937891447514,-0.43092937891447514,-1.7237175156579005,unverified_statistical_tier2_pool,False
14431,monk,50,8,3,controller,2026,7416,,-0.115912,10821,36,0.72,14,295,-0.04470957291189566,-0.8676449141231093,-0.1404583164618678,-1.7557289557733475,unverified_statistical_tier2_pool,False
14439,FFs,33,10,2,unknown,2026,7416,,0.017303,13768,26,0.7878787878787878,7,0,,,,,unverified_statistical_tier2_pool,False
14440,Chaos,13,0,1,duelist,historical_fallback,7416,4416,-0.01512,4416,13,1.0,0,342,-0.047447091887610926,0.10410888656411038,,,unverified_statistical_tier2_pool,False
14441,aluba,68,31,2,initiator,2026,7416,,-0.068786,14125,54,0.7941176470588235,14,238,-0.03895063454622416,-0.4910608283642675,-0.22155223086686027,-0.7146846156995493,unverified_statistical_tier2_pool,False
14444,Eren,60,19,3,unknown,2026,7416,,-0.121203,7135,28,0.4666666666666667,32,0,,,,,unverified_statistical_tier2_pool,False
14445,AC,29,0,2,controller,historical_fallback,7416,,-0.076653,488,25,0.8620689655172413,4,295,-0.04470957291189566,-0.22891185006382164,,,unverified_statistical_tier2_pool,False
14458,barricade,27,7,1,unknown,2026,7416,,-0.077732,11705,14,0.5185185185185185,13,0,,,,,unverified_statistical_tier2_pool,False
14587,DaFt,4,0,1,duelist,historical_fallback,7416,14209|19154|23042|44149,-0.022166,14209,4,1.0,0,342,-0.047447091887610926,0.0248596764510135,,,unverified_statistical_tier2_pool,False
14608,VqZ,8,8,1,controller,2026,7416,29994|49711|57372|58740,-0.031959,29994,8,1.0,0,295,-0.04470957291189566,0.025447568946407262,0.025447568946407262,0.3180946118300908,unverified_statistical_tier2_pool,False
14612,lux9,38,38,2,duelist,2026,7416,7173|27061,-0.019145,7173,38,1.0,0,341,-0.047602989289219654,0.26540741611576407,0.26540741611576407,0.6984405687256949,unverified_statistical_tier2_pool,False
14677,qqGOD,2,0,1,controller,historical_fallback,7416,,0.022458,8582,2,1.0,0,295,-0.04470957291189566,0.03319492142852021,,,unverified_statistical_tier2_pool,False
14681,kamo,208,80,2,duelist,2026,7416,,0.109001,457,168,0.8076923076923077,40,342,-0.047447091887610926,7.925522543558525,3.0703629452439007,3.8379536815548763,unverified_statistical_tier2_pool,False
14950,gobera,111,83,1,duelist,2026,7416,,0.024938,651,83,0.7477477477477478,28,341,-0.047602989289219654,1.9593574159898104,1.4703843210945573,1.7715473748127195,unverified_statistical_tier2_pool,False
15051,sacred,53,53,1,controller,2026,7416,,-0.022821,4917,45,0.8490566037735849,8,294,-0.044975080437388744,0.28309899063945626,0.28309899063945626,0.5341490389423703,unverified_statistical_tier2_pool,False
15064,Kajuks,58,58,1,controller,2026,7416,,0.048616,292,58,1.0,0,294,-0.044975080437388744,1.32025116164601,1.32025116164601,2.276295106286224,unverified_statistical_tier2_pool,False
15210,TNKJ,6,6,1,controller,2026,7416,,-0.026814,6742,6,1.0,0,295,-0.04470957291189566,0.026030599179864944,0.026030599179864944,0.43384331966441575,unverified_statistical_tier2_pool,False
15264,Zami,7,7,1,initiator,2026,7416,15265|19007|40972|62944,-0.031748,15265,7,1.0,0,238,-0.03895063454622416,0.012045463410279678,0.012045463410279678,0.1720780487182811,unverified_statistical_tier2_pool,False
15265,Kyojin,7,7,1,controller,2026,7416,15264|19007|40972|62944,-0.031748,15264,7,1.0,0,295,-0.04470957291189566,0.021666564104355357,0.021666564104355357,0.3095223443479337,unverified_statistical_tier2_pool,False
15266,1KAPUMBA,2,2,1,controller,2026,7416,11888|15318|15462|19912,-0.027579,11888,2,1.0,0,295,-0.04470957291189566,0.008303660156569637,0.008303660156569637,0.41518300782848183,unverified_statistical_tier2_pool,False
15297,Joojina,25,25,1,controller,2026,7416,11232|12143|14386|21435,-0.11747,11232,25,1.0,0,294,-0.04401135369692863,-0.43092937891447514,-0.43092937891447514,-1.7237175156579005,unverified_statistical_tier2_pool,False
15302,Babyblue,35,0,1,initiator,historical_fallback,7416,,-0.026099,3519,35,1.0,0,238,-0.03895063454622416,0.10932932629309827,,,unverified_statistical_tier2_pool,False
15318,Asitte,2,2,1,duelist,2026,7416,11888|15266|15462|19912,-0.027579,11888,2,1.0,0,342,-0.047447091887610926,0.009628285131698056,0.009628285131698056,0.4814142565849028,unverified_statistical_tier2_pool,False
15361,swag,19,19,1,controller,2026,7416,23832,-0.057142,23832,19,1.0,0,294,-0.04401135369692863,-0.06113118983576321,-0.06113118983576321,-0.32174310439875375,unverified_statistical_tier2_pool,False
15363,Mast3r,3,3,1,initiator,2026,7416,17295|46062|51635,0.012926,17295,3,1.0,0,238,-0.03895063454622416,0.038399003375765794,0.038399003375765794,1.2799667791921931,unverified_statistical_tier2_pool,False
15364,1TaPGoD,9,9,1,duelist,2026,7416,3502,0.01677,3502,9,1.0,0,342,-0.047447091887610926,0.14424245260930263,0.14424245260930263,1.6026939178811404,unverified_statistical_tier2_pool,False
15376,GrTw,10,0,1,sentinel,historical_fallback,7416,1378|13435|15577,-0.027171,1378,10,1.0,0,121,-0.034884002137719895,0.018788883176303728,,,unverified_statistical_tier2_pool,False
15395,gbz,37,37,2,duelist,2026,7416,,0.009475,662,37,1.0,0,341,-0.047602989289219654,0.5140325115641066,0.5140325115641066,1.389277058281369,unverified_statistical_tier2_pool,False
15455,tr1ck,2,2,1,sentinel,2026,7416,,-0.032351,19207,2,1.0,0,121,-0.034884002137719895,0.0012530876744230035,0.0012530876744230035,0.06265438372115018,unverified_statistical_tier2_pool,False
15462,ZinG,2,2,1,initiator,2026,7416,11888|15266|15318|19912,-0.027579,11888,2,1.0,0,238,-0.03895063454622416,0.005514928202393188,0.005514928202393188,0.2757464101196594,unverified_statistical_tier2_pool,False
15473,YuNo,35,35,1,controller,2026,7416,24359|36639|48951,-0.005387,7220,35,1.0,0,294,-0.044975080437388744,0.3402546424911289,0.3402546424911289,0.9721561214032255,unverified_statistical_tier2_pool,False
15491,MaximN,9,9,1,initiator,2026,7416,6101,-0.012458,6101,9,1.0,0,238,-0.03895063454622416,0.0591741904479815,0.0591741904479815,0.6574910049775722,unverified_statistical_tier2_pool,False
15500,trent,284,99,1,initiator,2026,7416,3885,0.208757,3885,284,1.0,0,238,-0.03895063454622416,16.89179931762122,5.86772645558458,5.926996419782403,unverified_statistical_tier2_pool,False
15549,Pink,11,0,1,initiator,historical_fallback,7416,,-0.002847,4416,11,1.0,0,238,-0.03895063454622416,0.09822615286313852,,,unverified_statistical_tier2_pool,False
15559,CHICHOO,256,89,1,controller,2026,7416,3017|3520|4742,0.068394,3017,256,1.0,0,295,-0.04470957291189566,7.035352730876372,2.4376406350286457,2.738922061829939,unverified_statistical_tier2_pool,False
15577,brk,10,0,1,duelist,historical_fallback,7416,1378|13435|15376,-0.027171,1378,10,1.0,0,342,-0.047447091887610926,0.04935164085996935,,,unverified_statistical_tier2_pool,False
15639,chloric,55,55,2,initiator,2026,7416,,-0.006223,18677,31,0.5636363636363636,24,237,-0.03920609411965029,0.44253208134834426,0.44253208134834426,0.8046037842697168,unverified_statistical_tier2_pool,False
15681,Palla,87,67,5,duelist,2026,7416,,0.043259,2408,48,0.5517241379310345,39,341,-0.047602989289219654,1.929453141186385,1.4910604539567434,2.225463364114542,unverified_statistical_tier2_pool,False
15735,KROSTALY,79,79,1,initiator,2026,7416,,0.036378,8369,79,1.0,0,238,-0.03895063454622416,1.4486292126165567,1.4486292126165567,1.833707864071591,unverified_statistical_tier2_pool,False
15891,KRX,5,5,1,initiator,2026,7416,,-0.015287,2366,5,1.0,0,238,-0.03895063454622416,0.029541831080701242,0.029541831080701242,0.5908366216140248,unverified_statistical_tier2_pool,False
15897,Apinya,53,44,2,initiator,2026,7416,8582,0.105918,8582,53,1.0,0,237,-0.03920609411965029,1.8585589240197784,1.5433701518755214,3.5076594360807305,unverified_statistical_tier2_pool,False
15916,jotinha,59,59,2,initiator,2026,7416,,0.047055,1294,42,0.711864406779661,17,237,-0.03920609411965029,1.2195066928076215,1.2195066928076215,2.066960496284104,unverified_statistical_tier2_pool,False
15924,Winter,23,23,1,initiator,2026,7416,,-0.061292,2968,23,1.0,0,237,-0.03818425582594577,-0.12437655513483972,-0.12437655513483972,-0.5407676310210423,unverified_statistical_tier2_pool,False
15931,Peloncito,88,80,2,initiator,2026,7416,,0.011536,21428,80,0.9090909090909091,8,237,-0.03920609411965029,1.0659767424271216,0.9651780927677187,1.2064726159596484,unverified_statistical_tier2_pool,False
15969,Yuta,51,51,1,controller,2026,7416,126,0.090547,126,51,1.0,0,294,-0.044975080437388744,1.686358572683674,1.686358572683674,3.3065854366346548,unverified_statistical_tier2_pool,False
16003,runi,31,0,1,controller,historical_fallback,7416,,-0.007072,7458,31,1.0,0,295,-0.04470957291189566,0.2849135493620039,,,unverified_statistical_tier2_pool,False
16012,Akira,32,27,3,controller,2026,7416,,-0.002949,29629,27,0.84375,5,294,-0.044975080437388744,0.32326755567660614,0.27254019892073394,1.0094081441508664,unverified_statistical_tier2_pool,False
16028,Klamran,5,5,1,sentinel,2026,7416,26398|33274|34624,-0.022184,26398,5,1.0,0,121,-0.034884002137719895,0.01580834470941772,0.01580834470941772,0.3161668941883544,unverified_statistical_tier2_pool,False
16029,KHS,5,5,1,initiator,2026,7416,8405|29617|46277|48004,-0.035238,8405,5,1.0,0,238,-0.03895063454622416,0.004499261416504363,0.004499261416504363,0.08998522833008726,unverified_statistical_tier2_pool,False
16045,Rudi,8,8,1,controller,2026,7416,18384|24426|31300|52527,-0.022116,18384,8,1.0,0,295,-0.04470957291189566,0.04448700056473476,0.04448700056473476,0.5560875070591844,unverified_statistical_tier2_pool,False
16078,Loupiote,1,0,1,initiator,historical_fallback,3579,3579|42535|58090|58091,-0.01138,3579,1,1.0,0,0,,,,,unverified_statistical_tier2_pool,False
16117,luluvich,11,11,1,initiator,2026,7416,201|203|362,0.004775,201,11,1.0,0,237,-0.03920609411965029,0.12034929076146361,0.12034929076146361,1.094084461467851,unverified_statistical_tier2_pool,False
16188,Tempo,10,0,1,sentinel,historical_fallback,7416,2182|29628,-0.018087,2182,10,1.0,0,121,-0.034884002137719895,0.0416937941853433,,,unverified_statistical_tier2_pool,False
16209,Famsii,83,65,3,initiator,2026,7416,,0.086503,251,65,0.7831325301204819,18,237,-0.03920609411965029,2.5437527301868434,1.9863914790156885,3.0559868907933665,unverified_statistical_tier2_pool,False
16215,dos9,93,53,3,controller,2026,7416,,0.070621,2858,53,0.5698924731182796,40,295,-0.04470957291189566,2.577903715516816,1.4955447146977972,2.821782480561881,unverified_statistical_tier2_pool,False
16262,Che,6,6,1,controller,2026,7416,37697|47950|48656,-0.037507,37697,6,1.0,0,295,-0.04470957291189566,0.010782372445816979,0.010782372445816979,0.17970620743028298,unverified_statistical_tier2_pool,False
16268,egoisT,6,6,1,duelist,2026,7416,41765|46442|50064|59810,-0.031792,41765,6,1.0,0,342,-0.047447091887610926,0.023377377569911872,0.023377377569911872,0.3896229594985312,unverified_statistical_tier2_pool,False
16447,d3mur,9,9,1,duelist,2026,7416,,-0.034689,12226,9,1.0,0,342,-0.047447091887610926,0.026912118172657706,0.026912118172657706,0.2990235352517523,unverified_statistical_tier2_pool,False
16459,Elite,117,53,3,controller,2026,7416,,0.037331,569,81,0.6923076923076923,36,294,-0.044975080437388744,2.3450120053538432,1.045513658674618,1.9726672805181473,unverified_statistical_tier2_pool,False
16671,welyy,64,64,1,initiator,2026,7416,39239|41550,0.072659,39239,64,1.0,0,237,-0.03920609411965029,1.7438642367976798,1.7438642367976798,2.7247878699963746,unverified_statistical_tier2_pool,False
16757,Cohburg,47,47,1,initiator,2026,7416,1089|8410|13754|30467,-0.059171,1089,47,1.0,0,237,-0.03818425582594577,-0.23394205892435133,-0.23394205892435133,-0.497749061541173,unverified_statistical_tier2_pool,False
16842,Mojer,30,11,1,duelist,2026,7416,,-0.013754,13219,18,0.6,12,341,-0.047602989289219654,0.251795824115094,0.09239086523860168,0.8399169567145607,unverified_statistical_tier2_pool,False
16852,Nakya,30,18,2,duelist,2026,7416,,-0.044443,252,18,0.6,12,341,-0.047602989289219654,0.02320079462833946,0.01383797084895555,0.07687761582753083,unverified_statistical_tier2_pool,False
16924,stew,112,43,3,duelist,2026,7416,,-0.102192,3519,101,0.9017857142857143,11,342,-0.047447091887610926,-1.503721101319699,-0.5741678051010594,-1.3352739653513008,unverified_statistical_tier2_pool,False
16942,Reverie,12,12,1,initiator,2026,7416,27073,0.009707,7530,12,1.0,0,237,-0.03920609411965029,0.1430735549396499,0.1430735549396499,1.1922796244970826,unverified_statistical_tier2_pool,False
16953,ZYND,28,28,1,sentinel,2026,7416,10203|10217|10251,-0.017308,10203,28,1.0,0,120,-0.035601050290873654,0.12275755357096124,0.12275755357096124,0.4384198341820044,unverified_statistical_tier2_pool,False
16977,socools0da,8,0,1,initiator,historical_fallback,7416,12291|26783|27225,-0.042668,2366,8,1.0,0,238,-0.03895063454622416,-0.0073421995059854694,,,unverified_statistical_tier2_pool,False
17010,yaki,4,4,1,duelist,2026,7416,42491|58913|58914,-0.060587,42491,4,1.0,0,342,-0.047447091887610926,-0.012862080015057564,-0.012862080015057564,-0.3215520003764391,unverified_statistical_tier2_pool,False
17022,Taco,11,11,1,duelist,2026,7416,6742|13234,-0.075943,6742,11,1.0,0,341,-0.046979399682784743,-0.07802405123773476,-0.07802405123773476,-0.7093095567066796,unverified_statistical_tier2_pool,False
17049,Hermes,29,29,2,duelist,2026,7416,,-0.049432,1916,18,0.6206896551724138,11,342,-0.047447091887610926,-0.01385173523552069,-0.01385173523552069,-0.04776460426041617,unverified_statistical_tier2_pool,False
17050,Lynx,3,3,1,controller,2026,7416,20942|61975|61976|61977,0.011331,20942,3,1.0,0,295,-0.04470957291189566,0.041734746313147775,0.041734746313147775,1.391158210438259,unverified_statistical_tier2_pool,False
17086,something,280,109,1,duelist,2026,7416,9803,0.183966,9801,280,1.0,0,342,-0.047447091887610926,15.510957829172451,6.100988912752042,5.597237534634901,unverified_statistical_tier2_pool,False
17091,Zan,8,8,1,sentinel,2026,7416,34825|40736|43075|48879,-0.094753,34825,8,1.0,0,121,-0.034884002137719895,-0.110590074732517,-0.110590074732517,-1.3823759341564625,unverified_statistical_tier2_pool,False
17111,Allen,48,48,1,initiator,2026,7416,27444|58162,-0.020839,27444,48,1.0,0,237,-0.03920609411965029,0.21038681676080734,0.21038681676080734,0.438305868251682,unverified_statistical_tier2_pool,False
17169,muto,21,21,1,initiator,2026,7416,40726,0.037236,993,21,1.0,0,237,-0.03920609411965029,0.3827754697917279,0.3827754697917279,1.8227403323415614,unverified_statistical_tier2_pool,False
17216,UCc,7,0,1,controller,historical_fallback,7416,320|41053,-0.010164,320,7,1.0,0,295,-0.04470957291189566,0.059844242226708144,,,unverified_statistical_tier2_pool,False
17292,CortezZ,1,1,1,sentinel,2026,7416,,-0.0156,15363,1,1.0,0,121,-0.034884002137719895,0.004799901412594454,0.004799901412594454,0.4799901412594454,unverified_statistical_tier2_pool,False
17294,HyBr1D,25,25,1,controller,2026,7416,31355,0.053771,5009,25,1.0,0,294,-0.044975080437388744,0.5797145036726041,0.5797145036726041,2.3188580146904165,unverified_statistical_tier2_pool,False
17295,DominiK,3,3,1,controller,2026,7416,15363|46062|51635,0.012926,15363,3,1.0,0,295,-0.04470957291189566,0.042668578670419066,0.042668578670419066,1.4222859556806355,unverified_statistical_tier2_pool,False
17323,mimi,1,0,1,duelist,historical_fallback,3579,3922|20278|24803|58092,0.01138,3922,1,1.0,0,0,,,,,unverified_statistical_tier2_pool,False
17397,Noia,18,18,1,controller,2026,7416,9185|21486,-0.120099,3079,18,1.0,0,294,-0.04401135369692863,-0.3252051275417648,-0.3252051275417648,-1.8066951530098043,unverified_statistical_tier2_pool,False
17433,v1c,108,63,2,controller,2026,7416,,0.071936,18796,86,0.7962962962962963,22,294,-0.044975080437388744,3.009661735172345,1.761774127447018,2.796466868963521,unverified_statistical_tier2_pool,False
17690,Jow,63,55,2,controller,2026,7416,,0.186268,31476,61,0.9682539682539683,2,294,-0.044975080437388744,3.221353330414983,2.7612894833035444,5.020526333279172,unverified_statistical_tier2_pool,False
17694,prask,42,42,3,sentinel,2026,7416,,0.061667,3227,42,1.0,0,120,-0.035601050290873654,0.9815301838357786,0.9815301838357786,2.3369766281804254,unverified_statistical_tier2_pool,False
17751,Tim,51,51,1,controller,2026,7416,893,-0.113525,893,51,1.0,0,294,-0.04401135369692863,-0.8439592030796063,-0.8439592030796063,-1.6548219668227573,unverified_statistical_tier2_pool,False
17770,alvinboy,88,70,2,sentinel,2026,7416,,0.199653,24553,70,0.7954545454545454,18,120,-0.035601050290873654,4.978694674733763,3.925638467800841,5.608054954001201,unverified_statistical_tier2_pool,False
17814,toggle,9,9,1,duelist,2026,7416,2377|7560,-0.009648,2377,9,1.0,0,342,-0.047447091887610926,0.08445765059350019,0.08445765059350019,0.93841833992778,unverified_statistical_tier2_pool,False
17976,florescent,25,8,2,duelist,2026,7416,,-0.108054,1281,17,0.68,8,342,-0.047447091887610926,-0.3673975874769691,-0.12051184242720031,-1.506398030340004,unverified_statistical_tier2_pool,False
17977,lidyuh,4,4,1,controller,2026,7416,,-0.061706,3079,4,1.0,0,295,-0.04470957291189566,-0.016153652382148276,-0.016153652382148276,-0.4038413095537069,unverified_statistical_tier2_pool,False
18162,Serial,93,62,2,controller,2026,7416,,0.129845,1281,62,0.6666666666666666,31,294,-0.044975080437388744,3.9071500910055983,2.5887727349451257,4.175439895072783,unverified_statistical_tier2_pool,False
18350,MiniBoo,195,45,2,duelist,2026,7416,,0.118359,1144,150,0.7692307692307693,45,342,-0.047447091887610926,7.9201251743841,1.8345455105327928,4.076767801183984,unverified_statistical_tier2_pool,False
18384,Bully,8,8,1,sentinel,2026,7416,16045|24426|31300|52527,-0.022116,16045,8,1.0,0,121,-0.034884002137719895,0.025151506246058497,0.025151506246058497,0.31439382807573124,unverified_statistical_tier2_pool,False
18400,bipo,66,55,2,duelist,2026,7416,,0.083543,565,55,0.8333333333333334,11,342,-0.047447091887610926,2.1088263247542782,1.7522235469778478,3.1858609945051777,unverified_statistical_tier2_pool,False
18461,snk,3,3,1,sentinel,2026,7416,,-0.022814,30901,3,1.0,0,121,-0.034884002137719895,0.008596005966490461,0.008596005966490461,0.2865335322163487,unverified_statistical_tier2_pool,False
18615,batujnax,103,74,4,initiator,2026,7416,,0.118911,5564,74,0.7184466019417476,29,237,-0.03920609411965029,3.7683890950617793,2.679587789204365,3.6210645800058985,unverified_statistical_tier2_pool,False
18677,Ruxic,92,43,1,controller,2026,7416,,0.036666,29867,92,1.0,0,295,-0.04470957291189566,1.8170052869469202,0.8474048319250832,1.970708911453682,unverified_statistical_tier2_pool,False
18702,Deadly10,41,41,1,duelist,2026,7416,43408,0.017282,10463,41,1.0,0,341,-0.047602989289219654,0.6315606928375603,0.6315606928375603,1.540391933750147,unverified_statistical_tier2_pool,False
18784,Cfax,30,30,1,controller,2026,7416,,-0.029038,26757,30,1.0,0,294,-0.044975080437388744,0.1146704122719771,0.1146704122719771,0.38223470757325706,unverified_statistical_tier2_pool,False
18796,OXY,126,43,1,duelist,2026,7416,,0.020229,7871,106,0.8412698412698413,20,342,-0.047447091887610926,2.0449430001594155,0.6900715526102259,1.6048175642098277,unverified_statistical_tier2_pool,False
18995,RozsteR,33,33,1,duelist,2026,7416,10760,0.006077,10760,33,1.0,0,341,-0.047602989289219654,0.42527934067432627,0.42527934067432627,1.2887252747706857,unverified_statistical_tier2_pool,False
19007,FalcoN,7,7,1,sentinel,2026,7416,15264|15265|40972|62944,-0.031748,15264,7,1.0,0,121,-0.034884002137719895,0.005246527675094759,0.005246527675094759,0.07495039535849655,unverified_statistical_tier2_pool,False
19154,albus,4,0,1,sentinel,historical_fallback,7416,14209|14587|23042|44149,-0.022166,14209,4,1.0,0,121,-0.034884002137719895,0.01251284542486586,,,unverified_statistical_tier2_pool,False
19207,1mp2k,4,4,1,duelist,2026,7416,20180|40089|58385,-0.063802,20180,4,1.0,0,342,-0.047447091887610926,-0.016195153654431305,-0.016195153654431305,-0.4048788413607826,unverified_statistical_tier2_pool,False
19231,kibojn,58,58,1,initiator,2026,7416,10758|30286|30575,0.121797,10758,58,1.0,0,237,-0.03920609411965029,2.2284691733431705,2.2284691733431705,3.842188229902018,unverified_statistical_tier2_pool,False
19248,gallo,1,1,1,initiator,2026,7416,,-0.0129,2968,1,1.0,0,238,-0.03895063454622416,0.006145889093501944,0.006145889093501944,0.6145889093501944,unverified_statistical_tier2_pool,False
19292,jowa,26,26,1,controller,2026,7416,,-0.107637,6022,26,1.0,0,295,-0.04470957291189566,-0.39252948256561226,-0.39252948256561226,-1.5097287790985088,unverified_statistical_tier2_pool,False
19301,Braxxyy,11,11,1,duelist,2026,7416,3277|5540|8124|62945,-0.018441,3277,11,1.0,0,341,-0.047602989289219654,0.07649996582510715,0.07649996582510715,0.6954542347737014,unverified_statistical_tier2_pool,False
19505,Szalony,19,19,1,duelist,2026,7416,,-0.162605,4540,19,1.0,0,341,-0.046979399682784743,-0.5218790439949206,-0.5218790439949206,-2.7467318104995817,unverified_statistical_tier2_pool,False
19522,Wailers,28,0,1,controller,historical_fallback,7416,220,-0.026,220,28,1.0,0,295,-0.04470957291189566,0.12878412588990384,,,unverified_statistical_tier2_pool,False
19526,rexxtoned,62,62,1,controller,2026,7416,39682,0.083959,3839,62,1.0,0,294,-0.044975080437388744,1.9219069185879012,1.9219069185879012,3.099849868690163,unverified_statistical_tier2_pool,False
19530,AAAAY,153,41,2,sentinel,2026,7416,,-0.045459,7857,120,0.7843137254901961,33,121,-0.034884002137719895,-0.3968045916660119,-0.10624105049048305,-0.25912451339142206,unverified_statistical_tier2_pool,False
19531,QiuYe,21,3,3,initiator,2026,7416,,-0.003279,488,13,0.6190476190476191,8,238,-0.03895063454622416,0.18436462791503194,0.02653972213739908,0.8846574045799693,unverified_statistical_tier2_pool,False
19677,lucas,73,62,1,initiator,2026,7416,,-0.094678,4720,73,1.0,0,238,-0.03895063454622416,-0.980307194172416,-0.8326776734623242,-1.3430285055843938,unverified_statistical_tier2_pool,False
19691,tomaszy,118,45,3,duelist,2026,7416,,0.012196,2173,57,0.4830508474576271,61,341,-0.047602989289219654,1.7250440729589285,0.6533925292396572,1.4519833983103492,unverified_statistical_tier2_pool,False
19776,JrayN,26,26,1,initiator,2026,7416,10152|13557,0.004378,10152,26,1.0,0,237,-0.03920609411965029,0.26927610694602444,0.26927610694602444,1.0356773344077863,unverified_statistical_tier2_pool,False
19791,melissa,7,7,1,initiator,2026,7416,4807|11259|22997|29823,-0.053249,4807,7,1.0,0,238,-0.03895063454622416,-0.02501175840901021,-0.02501175840901021,-0.3573108344144315,unverified_statistical_tier2_pool,False
19912,Ahu,2,2,1,initiator,2026,7416,11888|15266|15318|15462,-0.027579,11888,2,1.0,0,238,-0.03895063454622416,0.005514928202393188,0.005514928202393188,0.2757464101196594,unverified_statistical_tier2_pool,False
20140,vora,84,66,2,initiator,2026,7416,29893,0.190009,29893,84,1.0,0,238,-0.03895063454622416,4.646351849231318,3.621521004026421,5.487153036403668,unverified_statistical_tier2_pool,False
20144,LewN,110,53,2,duelist,2026,7416,,0.115049,5554,57,0.5181818181818182,53,342,-0.047447091887610926,4.356382164511716,2.1038826088540485,3.969589828026507,unverified_statistical_tier2_pool,False
20180,Kenshiro,4,4,1,sentinel,2026,7416,19207|40089|58385,-0.063802,19207,4,1.0,0,121,-0.034884002137719895,-0.028652834848837516,-0.028652834848837516,-0.7163208712209379,unverified_statistical_tier2_pool,False
20238,Askia,63,52,2,controller,2026,7416,,0.031335,3424,52,0.8253968253968254,11,294,-0.044975080437388744,1.1709742500471707,0.9672433779796161,1.8600834191915694,unverified_statistical_tier2_pool,False
20240,xenom,120,50,3,controller,2026,7416,,0.020325,5395,70,0.5833333333333334,50,294,-0.044975080437388744,1.9117476527622914,0.79834306822661,1.59668613645322,unverified_statistical_tier2_pool,False
20251,vit9ine,21,21,1,controller,2026,7416,,-0.03342,5342,21,1.0,0,294,-0.044975080437388744,0.059503981579773824,0.059503981579773824,0.2833522932370182,unverified_statistical_tier2_pool,False
20271,Vorwenn,12,0,1,initiator,historical_fallback,7416,,-0.015473,2653,12,1.0,0,238,-0.03895063454622416,0.06900741137124411,,,unverified_statistical_tier2_pool,False
20278,cigdemT,1,0,1,initiator,historical_fallback,3579,3922|17323|24803|58092,0.01138,3922,1,1.0,0,0,,,,,unverified_statistical_tier2_pool,False
20292,Akai,2,2,1,controller,2026,7416,,-0.037534,27299,2,1.0,0,295,-0.04470957291189566,0.0035877073726257036,0.0035877073726257036,0.17938536863128518,unverified_statistical_tier2_pool,False
20302,Jini,2,2,1,controller,2026,7416,,-0.018996,122,2,1.0,0,295,-0.04470957291189566,0.010098488794353211,0.010098488794353211,0.5049244397176605,unverified_statistical_tier2_pool,False
20443,Brädi,7,7,1,initiator,2026,7416,9943|30305|30911|42633,-0.044952,9943,7,1.0,0,238,-0.03895063454622416,-0.010465358209445386,-0.010465358209445386,-0.14950511727779123,unverified_statistical_tier2_pool,False
20538,LiNLiN,16,16,2,controller,2026,7416,,-0.143386,39557,10,0.625,6,294,-0.04401135369692863,-0.36310514683825346,-0.36310514683825346,-2.269407167739084,unverified_statistical_tier2_pool,False
20657,Yotaa,27,27,2,controller,2026,7416,,-0.059215,7176,17,0.6296296296296297,10,294,-0.04401135369692863,-0.09861514335471866,-0.09861514335471866,-0.3652412716841432,unverified_statistical_tier2_pool,False
20806,Yaoming,27,27,1,duelist,2026,7416,2968,-0.082853,2968,27,1.0,0,341,-0.046979399682784743,-0.2280783607346542,-0.2280783607346542,-0.8447346693876082,unverified_statistical_tier2_pool,False
20828,CreamZ,29,29,1,duelist,2026,7416,,0.07137,30693,29,1.0,0,341,-0.047602989289219654,0.8399941083020395,0.8399941083020395,2.896531407938067,unverified_statistical_tier2_pool,False
20871,Kada,115,72,3,initiator,2026,7416,,0.062279,301,85,0.7391304347826086,30,237,-0.03920609411965029,2.82708379917515,1.7685006082998043,2.4562508448608393,unverified_statistical_tier2_pool,False
20942,ONEHUNDRED,3,3,1,initiator,2026,7416,17050|61975|61976|61977,0.011331,17050,3,1.0,0,238,-0.03895063454622416,0.03743800865273772,0.03743800865273772,1.247933621757924,unverified_statistical_tier2_pool,False
20957,stunna,42,42,2,duelist,2026,7416,,0.045592,612,22,0.5238095238095238,20,341,-0.047602989289219654,0.9596964485325086,0.9596964485325086,2.2849915441250204,unverified_statistical_tier2_pool,False
20959,toozy,35,35,3,controller,2026,7416,,-0.01863,733,18,0.5142857142857142,17,294,-0.044975080437388744,0.22252582609653032,0.22252582609653032,0.6357880745615152,unverified_statistical_tier2_pool,False
21108,ponix,27,27,1,initiator,2026,7416,11236|21558|35660,-0.150045,11236,27,1.0,0,237,-0.03818425582594577,-0.6461560986595973,-0.6461560986595973,-2.393170735776286,unverified_statistical_tier2_pool,False
21195,Teddy,12,12,1,duelist,2026,7416,34031|44919,-0.044179,24654,12,1.0,0,341,-0.047602989289219654,0.010018799922261235,0.010018799922261235,0.08348999935217695,unverified_statistical_tier2_pool,False
21216,f4ngeer,76,76,1,duelist,2026,7416,,0.041591,25494,76,1.0,0,342,-0.047447091887610926,1.6518645254609747,1.6518645254609747,2.173505954553914,unverified_statistical_tier2_pool,False
21251,blowz,79,79,1,initiator,2026,7416,,0.152105,8549,79,1.0,0,238,-0.03895063454622416,3.6448549351130812,3.6448549351130812,4.613740424193773,unverified_statistical_tier2_pool,False
21324,LuciA,2,2,1,initiator,2026,7416,62884,-0.032479,25330,2,1.0,0,238,-0.03895063454622416,0.0031814117238401773,0.0031814117238401773,0.15907058619200887,unverified_statistical_tier2_pool,False
21328,Wo0t,221,69,1,duelist,2026,7416,,0.121636,1144,221,1.0,0,342,-0.047447091887610926,9.15137855757824,2.878849706025216,4.172245950761183,unverified_statistical_tier2_pool,False
21428,CRUNCH,80,80,1,duelist,2026,7416,44075|49571,0.068973,15931,80,1.0,0,341,-0.047602989289219654,2.2125378482014173,2.2125378482014173,2.7656723102517717,unverified_statistical_tier2_pool,False
21435,Jelly,25,25,1,duelist,2026,7416,11232|12143|14386|15297,-0.11747,11232,25,1.0,0,341,-0.046979399682784743,-0.41339886009453036,-0.41339886009453036,-1.6535954403781217,unverified_statistical_tier2_pool,False
21438,SSeeS,99,55,1,controller,2026,7416,,0.032085,6672,99,1.0,0,295,-0.04470957291189566,1.8171213374136919,1.0076508777714404,1.8320925050389825,unverified_statistical_tier2_pool,False
21486,sarahcat,18,18,1,initiator,2026,7416,9185|17397,-0.120099,3079,18,1.0,0,237,-0.03818425582594577,-0.3502699210643923,-0.3502699210643923,-1.9459440059132906,unverified_statistical_tier2_pool,False
21558,micaela,27,27,1,controller,2026,7416,11236|21108|35660,-0.150045,11236,27,1.0,0,294,-0.04401135369692863,-0.6119575404901089,-0.6119575404901089,-2.2665094092226252,unverified_statistical_tier2_pool,False
21584,deminatiX,40,40,1,duelist,2026,7416,58374,0.038287,10137,40,1.0,0,341,-0.047602989289219654,0.8373473306497299,0.8373473306497299,2.093368326624325,unverified_statistical_tier2_pool,False
21610,runneR,160,81,3,duelist,2026,7416,,0.072156,1369,81,0.50625,79,341,-0.047602989289219654,4.659578332888228,2.3349561708873963,2.882661939367156,unverified_statistical_tier2_pool,False
21659,Sato,117,79,2,duelist,2026,7416,,0.131388,8549,101,0.8632478632478633,16,342,-0.047447091887610926,5.071851796365282,3.410350686720451,4.316899603443609,unverified_statistical_tier2_pool,False
21661,spike,114,79,2,duelist,2026,7416,,0.129359,8549,79,0.6929824561403509,35,342,-0.047447091887610926,4.875268233770782,3.3714307363682328,4.2676338435040915,unverified_statistical_tier2_pool,False
21668,Verno,117,56,2,initiator,2026,7416,,0.059859,8480,109,0.9316239316239316,8,238,-0.03895063454622416,2.793860087595948,1.3289215653527355,2.3730742238441707,unverified_statistical_tier2_pool,False
21778,P0PPIN,43,25,1,initiator,2026,7416,35302,0.043174,35302,43,1.0,0,238,-0.03895063454622416,0.8557742223506881,0.48926736016486955,1.9570694406594782,unverified_statistical_tier2_pool,False
21840,LilHieu,4,4,1,duelist,2026,7416,,-0.037843,44139,4,1.0,0,342,-0.047447091887610926,0.00959474499853269,0.00959474499853269,0.23986862496331723,unverified_statistical_tier2_pool,False
21878,snarly,13,13,1,initiator,2026,7416,36046,-0.048847,26569,13,1.0,0,237,-0.03818425582594577,-0.03343880923750292,-0.03343880923750292,-0.2572216095192532,unverified_statistical_tier2_pool,False
21886,furbsa,18,18,1,duelist,2026,7416,,-0.004754,6437,18,1.0,0,341,-0.047602989289219654,0.1890471282281384,0.1890471282281384,1.050261823489658,unverified_statistical_tier2_pool,False
21887,stallion,53,53,2,controller,2026,7416,,0.073943,1023,35,0.660377358490566,18,294,-0.044975080437388744,1.547611168607968,1.547611168607968,2.920021072845223,unverified_statistical_tier2_pool,False
22042,Arishikii,27,27,1,controller,2026,7416,12514|27813|39062,-0.022437,12514,27,1.0,0,294,-0.044975080437388744,0.1451341177871125,0.1451341177871125,0.5375337695818981,unverified_statistical_tier2_pool,False
22047,Rarga,182,93,1,duelist,2026,7416,37927,0.099185,37927,182,1.0,0,342,-0.047447091887610926,6.45511365306237,3.287532208961271,3.534980869850829,unverified_statistical_tier2_pool,False
22054,Yamiii,17,17,1,controller,2026,7416,,0.13967,31333,17,1.0,0,294,-0.044975080437388744,0.7585344883320019,0.7585344883320019,4.461967578423541,unverified_statistical_tier2_pool,False
22154,pika,9,9,1,controller,2026,7416,46309,0.014422,26404,9,1.0,0,295,-0.04470957291189566,0.1313970217355961,0.1313970217355961,1.45996690817329,unverified_statistical_tier2_pool,False
22188,jimbk,26,26,1,initiator,2026,7416,23197,-0.04875,23197,26,1.0,0,237,-0.03818425582594577,-0.06559043247206134,-0.06559043247206134,-0.2522708941233128,unverified_statistical_tier2_pool,False
22191,Bouncy,2,2,1,initiator,2026,7416,,-0.027585,22188,2,1.0,0,238,-0.03895063454622416,0.005382500880172114,0.005382500880172114,0.2691250440086057,unverified_statistical_tier2_pool,False
22291,Razziss,7,7,1,duelist,2026,7416,40212,-0.04354,2894,7,1.0,0,342,-0.047447091887610926,0.006764350535599373,0.006764350535599373,0.09663357907999104,unverified_statistical_tier2_pool,False
22334,Turbo,13,13,2,controller,2026,7416,47958,-0.047571,47958,13,1.0,0,294,-0.04401135369692863,-0.011479065037362068,-0.011479065037362068,-0.08830050028740052,unverified_statistical_tier2_pool,False
22617,Vitie,11,11,1,controller,2026,7416,,0.015496,2256,11,1.0,0,294,-0.044975080437388744,0.1646558820940855,0.1646558820940855,1.496871655400777,unverified_statistical_tier2_pool,False
22671,PhuRME,11,11,1,controller,2026,7416,,0.033825,10152,11,1.0,0,294,-0.044975080437388744,0.2042031378970327,0.2042031378970327,1.8563921627002975,unverified_statistical_tier2_pool,False
22687,Xérox,8,8,1,initiator,2026,7416,22698|39157|55081,-0.044105,22698,8,1.0,0,238,-0.03895063454622416,-0.009675772531777205,-0.009675772531777205,-0.12094715664721506,unverified_statistical_tier2_pool,False
22698,exe,8,8,1,controller,2026,7416,22687|39157|55081,-0.044105,22687,8,1.0,0,295,-0.04470957291189566,0.0011334105498855829,0.0011334105498855829,0.014167631873569786,unverified_statistical_tier2_pool,False
22716,Antsy,23,23,1,sentinel,2026,7416,2864|13571,0.030359,2701,23,1.0,0,120,-0.035601050290873654,0.3708069759710609,0.3708069759710609,1.6122042433524386,unverified_statistical_tier2_pool,False
22735,Nyanist,9,9,1,controller,2026,7416,49336,0.019553,10141,9,1.0,0,295,-0.04470957291189566,0.1428477612606895,0.1428477612606895,1.5871973473409942,unverified_statistical_tier2_pool,False
22798,Kel,15,15,2,duelist,2026,7416,10190|55845,0.007802,2333,15,1.0,0,341,-0.047602989289219654,0.20566254789607297,0.20566254789607297,1.3710836526404864,unverified_statistical_tier2_pool,False
22912,PKX,41,41,2,sentinel,2026,7416,,0.027858,22914,23,0.5609756097560976,18,120,-0.035601050290873654,0.6381315485935184,0.6381315485935184,1.5564184112037034,unverified_statistical_tier2_pool,False
22914,HiiiK,43,43,1,controller,2026,7416,,-0.096002,32725,39,0.9069767441860465,4,294,-0.04401135369692863,-0.5414017542286673,-0.5414017542286673,-1.2590738470434124,unverified_statistical_tier2_pool,False
22964,forbanz,36,36,2,duelist,2026,7416,,0.050478,1566,20,0.5555555555555556,16,341,-0.047602989289219654,0.8634796593643359,0.8634796593643359,2.3985546093453776,unverified_statistical_tier2_pool,False
22997,waved,7,7,1,duelist,2026,7416,4807|11259|19791|29823,-0.053249,4807,7,1.0,0,342,-0.047447091887610926,-0.010149328987485329,-0.010149328987485329,-0.14499041410693328,unverified_statistical_tier2_pool,False
23010,nicksz,46,46,1,controller,2026,7416,37098|41225,0.004411,1586,46,1.0,0,294,-0.044975080437388744,0.5559979333719396,0.5559979333719396,1.2086911595042165,unverified_statistical_tier2_pool,False
23042,TRIPCIEW,4,0,1,controller,historical_fallback,7416,14209|14587|19154|44149,-0.022166,14209,4,1.0,0,295,-0.04470957291189566,0.022170514492274362,,,unverified_statistical_tier2_pool,False
23056,Loop,19,19,2,initiator,2026,7416,,-0.053366,29340,13,0.6842105263157895,6,237,-0.03818425582594577,-0.06961831591113471,-0.06961831591113471,-0.36641218900597217,unverified_statistical_tier2_pool,False
23062,Surf,85,60,3,sentinel,2026,7416,,0.10181,2366,60,0.7058823529411765,25,120,-0.035601050290873654,2.8502553997309708,2.017623272495281,3.3627054541588013,unverified_statistical_tier2_pool,False
23152,haint,8,8,1,initiator,2026,7416,4201|6828|49749|56541,-0.000177,4201,8,1.0,0,238,-0.03895063454622416,0.07553335593347182,0.07553335593347182,0.9441669491683978,unverified_statistical_tier2_pool,False
23169,Minny,106,59,2,controller,2026,7416,,-0.041336,565,59,0.5566037735849056,47,295,-0.04470957291189566,0.08637548561983746,0.04806287191803091,0.08146249477632357,unverified_statistical_tier2_pool,False
23197,Knowbii,26,26,1,controller,2026,7416,22188,-0.04875,22188,26,1.0,0,294,-0.04401135369692863,-0.029405261082577017,-0.029405261082577017,-0.1130971580099116,unverified_statistical_tier2_pool,False
23278,miracle,9,9,1,duelist,2026,7416,6544|61044|61045|63203,0.003378,6544,9,1.0,0,342,-0.047447091887610926,0.11358713832728495,0.11358713832728495,1.2620793147476106,unverified_statistical_tier2_pool,False
23347,alannn,11,0,1,sentinel,historical_fallback,7416,1493|4277,-0.006561,1493,11,1.0,0,121,-0.034884002137719895,0.07713160067662322,,,unverified_statistical_tier2_pool,False
23365,koshmaras,58,58,2,duelist,2026,7416,,0.094237,1144,52,0.896551724137931,6,342,-0.047447091887610926,2.0266403917818323,2.0266403917818323,3.494207572037642,unverified_statistical_tier2_pool,False
23407,Pa1nt,64,62,3,duelist,2026,7416,,-0.023822,16671,40,0.625,24,341,-0.047602989289219654,0.3700485138204489,0.3585789103045194,0.5783530811363216,unverified_statistical_tier2_pool,False
23487,Flick,18,18,1,duelist,2026,7416,10141|58373,-0.073233,10141,18,1.0,0,341,-0.046979399682784743,-0.11407786174048562,-0.11407786174048562,-0.6337658985582535,unverified_statistical_tier2_pool,False
23596,Harilza,4,4,1,duelist,2026,7416,23633|23691|37046|51818,-0.062064,23633,4,1.0,0,342,-0.047447091887610926,-0.01409353942325614,-0.01409353942325614,-0.3523384855814035,unverified_statistical_tier2_pool,False
23633,Hanks,4,4,1,controller,2026,7416,23596|23691|37046|51818,-0.062064,23596,4,1.0,0,295,-0.04470957291189566,-0.016737027624989353,-0.016737027624989353,-0.41842569062473384,unverified_statistical_tier2_pool,False
23686,Kahlheit,11,11,1,duelist,2026,7416,26826|34104|37067|59559,-0.009498,26826,11,1.0,0,341,-0.047602989289219654,0.10288037416780527,0.10288037416780527,0.9352761287982296,unverified_statistical_tier2_pool,False
23691,TeukuUmar,4,4,1,controller,2026,7416,23596|23633|37046|51818,-0.062064,23596,4,1.0,0,295,-0.04470957291189566,-0.016737027624989353,-0.016737027624989353,-0.41842569062473384,unverified_statistical_tier2_pool,False
23799,caiobaz,18,18,2,duelist,2026,7416,,-0.021575,5722,10,0.5555555555555556,8,341,-0.047602989289219654,0.11152320966974671,0.11152320966974671,0.6195733870541483,unverified_statistical_tier2_pool,False
23832,lucks,19,19,1,initiator,2026,7416,15361,-0.057142,15361,19,1.0,0,237,-0.03818425582594577,-0.08827798599431502,-0.08827798599431502,-0.4646209789174475,unverified_statistical_tier2_pool,False
23861,LeeoLoos,5,5,1,controller,2026,7416,25834|25846|32693|42953,-0.055459,25834,5,1.0,0,295,-0.04470957291189566,-0.013390974509765508,-0.013390974509765508,-0.26781949019531015,unverified_statistical_tier2_pool,False
23930,Potter,15,6,2,unknown,2026,7416,,-0.031373,8582,9,0.6,6,0,,,,,unverified_statistical_tier2_pool,False
23971,Ask,22,22,1,controller,2026,7416,31845,-0.005671,1395,22,1.0,0,294,-0.044975080437388744,0.2131701469022893,0.2131701469022893,0.9689552131922241,unverified_statistical_tier2_pool,False
23976,Crus,14,14,2,initiator,2026,7416,14213|37639|51893|56064,-0.161594,14213,14,1.0,0,237,-0.03818425582594577,-0.37438200834582647,-0.37438200834582647,-2.6741572024701887,unverified_statistical_tier2_pool,False
24007,Shyy,169,68,5,sentinel,2026,7416,,0.063738,1311,143,0.8461538461538461,26,120,-0.035601050290873654,3.9524910181957367,1.5437841617952746,2.2702708261695212,unverified_statistical_tier2_pool,False
24021,Snapss,42,42,3,initiator,2026,7416,,-0.015254,63666,25,0.5952380952380952,17,237,-0.03920609411965029,0.23832922622324637,0.23832922622324637,0.5674505386267771,unverified_statistical_tier2_pool,False
24026,GeneralSteak,49,49,2,initiator,2026,7416,,0.131583,7639,35,0.7142857142857143,14,237,-0.03920609411965029,2.020440335612004,2.020440335612004,4.123347623697968,unverified_statistical_tier2_pool,False
24228,Smoke,94,94,2,duelist,2026,7416,,0.231254,4927,69,0.7340425531914894,25,341,-0.047602989289219654,6.317827579912093,6.317827579912093,6.721093170119248,unverified_statistical_tier2_pool,False
24232,ghost,3,3,1,controller,2026,7416,30733|44085|53353|63180,-0.046771,30733,3,1.0,0,295,-0.04470957291189566,-0.001499728596915051,-0.001499728596915051,-0.0499909532305017,unverified_statistical_tier2_pool,False
24302,CHIMEI,4,0,1,initiator,historical_fallback,7416,7851|37421|47977,-0.02234,7851,4,1.0,0,238,-0.03895063454622416,0.016462762988377566,,,unverified_statistical_tier2_pool,False
24305,XyuS,27,14,1,unknown,2026,7416,,-0.016485,4763,27,1.0,0,0,,,,,unverified_statistical_tier2_pool,False
24308,WsLeo,98,93,2,initiator,2026,7416,,0.004362,22047,93,0.9489795918367347,5,238,-0.03895063454622416,1.0234633865866667,0.9697162581096148,1.0427056538813062,unverified_statistical_tier2_pool,False
24322,Assass1N,7,7,1,sentinel,2026,7416,62837|62838|62839|62840,-0.033372,62837,7,1.0,0,121,-0.034884002137719895,0.002580496389865461,0.002580496389865461,0.036864234140935155,unverified_statistical_tier2_pool,False
24329,Zaps,6,6,2,sentinel,2026,7416,,0.00285,51603,5,0.8333333333333334,1,121,-0.034884002137719895,0.05625156505937212,0.05625156505937212,0.9375260843228688,unverified_statistical_tier2_pool,False
24344,Loita,84,53,3,controller,2026,7416,5565|31305,0.08374,5565,84,1.0,0,295,-0.04470957291189566,2.6097734766384986,1.6273263172319608,3.070427013645209,unverified_statistical_tier2_pool,False
24359,Faska,35,35,1,initiator,2026,7416,15473|36639|48951,-0.005387,7220,35,1.0,0,237,-0.03920609411965029,0.2906986081578099,0.2906986081578099,0.8305674518794569,unverified_statistical_tier2_pool,False
24424,Pa1ze,80,75,3,duelist,2026,7416,,0.123756,1281,62,0.775,18,341,-0.047602989289219654,3.2770369654064426,3.0633486165007593,4.084464822001013,unverified_statistical_tier2_pool,False
24426,WillyG,8,8,1,initiator,2026,7416,16045|18384|31300|52527,-0.022116,16045,8,1.0,0,238,-0.03895063454622416,0.03315633893782405,0.03315633893782405,0.4144542367228006,unverified_statistical_tier2_pool,False
24439,Yohpa,36,36,3,initiator,2026,7416,,-0.032502,2701,23,0.6388888888888888,13,237,-0.03920609411965029,0.059132318052458,0.059132318052458,0.16425643903460557,unverified_statistical_tier2_pool,False
24553,Boni,70,70,1,duelist,2026,7416,,0.169842,17770,70,1.0,0,341,-0.047602989289219654,3.6251112985600944,3.6251112985600944,5.178730426514421,unverified_statistical_tier2_pool,False
24628,wayne,64,42,3,controller,2026,7416,,0.041666,457,42,0.65625,22,295,-0.04470957291189566,1.3558763911934357,0.8891036112275417,2.1169133600655754,unverified_statistical_tier2_pool,False
24653,Vera,43,21,2,duelist,2026,7416,,0.084603,5886,35,0.813953488372093,8,341,-0.047602989289219654,1.4024140674430507,0.6881019432566888,3.276675920269947,unverified_statistical_tier2_pool,False
24654,Tempz,24,24,2,initiator,2026,7416,46046,-0.034472,46046,24,1.0,0,237,-0.03920609411965029,0.02771614402581324,0.02771614402581324,0.11548393344088849,unverified_statistical_tier2_pool,False
24679,cgrs,1,0,1,initiator,historical_fallback,7416,5283|10653,0.010999,9,1,1.0,0,238,-0.03895063454622416,0.01246690906163972,,,unverified_statistical_tier2_pool,False
24737,parscofield,16,16,1,sentinel,2026,7416,,-0.034884,7764,16,1.0,0,120,-0.03518407053416733,0.001140837025407293,0.001140837025407293,0.0071302314087955815,unverified_statistical_tier2_pool,False
24803,Harmii,1,0,1,sentinel,historical_fallback,3579,3922|17323|20278|58092,0.01138,3922,1,1.0,0,0,,,,,unverified_statistical_tier2_pool,False
24812,akku,3,3,1,controller,2026,7416,62891|62892|62893|62894,-0.016355,62891,3,1.0,0,295,-0.04470957291189566,0.02125579638033226,0.02125579638033226,0.7085265460110753,unverified_statistical_tier2_pool,False
24820,Babooshka,11,11,1,sentinel,2026,7416,24829|51592|53491,0.010425,24829,11,1.0,0,120,-0.035601050290873654,0.12622569297145797,0.12622569297145797,1.147506299740527,unverified_statistical_tier2_pool,False
24829,DeDli,11,11,1,initiator,2026,7416,24820|51592|53491,0.010425,24820,11,1.0,0,237,-0.03920609411965029,0.13611658248813646,0.13611658248813646,1.2374234771648769,unverified_statistical_tier2_pool,False
24839,Starry Night,2,2,1,duelist,2026,7416,10761|11886|62858|62859,-0.019635,10761,2,1.0,0,342,-0.047447091887610926,0.011507918870241662,0.011507918870241662,0.5753959435120831,unverified_statistical_tier2_pool,False
24895,Jemkin,169,53,1,duelist,2026,7416,,0.063882,4871,169,1.0,0,342,-0.047447091887610926,4.522274883544684,1.4116636976083963,2.6635164105818796,unverified_statistical_tier2_pool,False
24912,NekO,5,5,1,sentinel,2026,7416,,-0.040787,30693,5,1.0,0,121,-0.034884002137719895,-0.006979134868005499,-0.006979134868005499,-0.13958269736010998,unverified_statistical_tier2_pool,False
24950,squirmor,1,1,1,initiator,2026,7416,,-0.012367,31910,1,1.0,0,238,-0.03895063454622416,0.0063908375062400324,0.0063908375062400324,0.6390837506240032,unverified_statistical_tier2_pool,False
24979,Cloy,22,22,1,initiator,2026,7416,,-0.077605,34973,22,1.0,0,237,-0.03818425582594577,-0.20895065617299402,-0.20895065617299402,-0.9497757098772456,unverified_statistical_tier2_pool,False
25017,Ash,91,41,1,duelist,2026,7416,,0.026018,9196,91,1.0,0,342,-0.047447091887610926,1.6125899368981251,0.7238116112207258,1.7653941737090875,unverified_statistical_tier2_pool,False
25025,Estrella,75,0,2,initiator,historical_fallback,7416,,0.050878,4871,42,0.56,33,238,-0.03895063454622416,1.6343933998305356,,,unverified_statistical_tier2_pool,False
25048,SID,42,42,1,duelist,2026,7416,1971|2671|34727|47481,-0.02315,1971,42,1.0,0,341,-0.047602989289219654,0.24524569211665065,0.24524569211665065,0.5839183145634539,unverified_statistical_tier2_pool,False
25053,Wolverine,63,63,1,controller,2026,7416,9192|60576,0.157302,9192,63,1.0,0,294,-0.044975080437388744,2.880523175293403,2.880523175293403,4.572259008402227,unverified_statistical_tier2_pool,False
25080,empty,18,18,1,controller,2026,7416,62406,-0.104069,62406,18,1.0,0,294,-0.04401135369692863,-0.25346267801909633,-0.25346267801909633,-1.4081259889949795,unverified_statistical_tier2_pool,False
25081,yoman,26,0,2,initiator,historical_fallback,7416,,-0.017174,2489,14,0.5384615384615384,12,238,-0.03895063454622416,0.13710942137827137,,,unverified_statistical_tier2_pool,False
25082,Rico,48,48,2,controller,2026,7416,,-0.075365,61081,46,0.9583333333333334,2,294,-0.04401135369692863,-0.35044174912350023,-0.35044174912350023,-0.7300869773406254,unverified_statistical_tier2_pool,False
25089,CabezA,48,48,1,controller,2026,7416,27384|42755|42793|50826,0.073283,27384,48,1.0,0,294,-0.044975080437388744,1.353925732988034,1.353925732988034,2.8206786103917376,unverified_statistical_tier2_pool,False
25097,solution,46,46,2,controller,2026,7416,,-0.036694,26757,24,0.5217391304347826,22,294,-0.044975080437388744,0.09217278956657732,0.09217278956657732,0.20037562949255938,unverified_statistical_tier2_pool,False
25221,Xdll,71,43,1,initiator,2026,7416,,-0.03764,6668,71,1.0,0,238,-0.03895063454622416,0.02166605450855663,0.013047921654159744,0.030344003846883127,unverified_statistical_tier2_pool,False
25255,primmie,126,62,2,duelist,2026,7416,,0.037503,13788,126,1.0,0,342,-0.047447091887610926,2.574461203798295,1.271176165054631,2.0502841371848883,unverified_statistical_tier2_pool,False
25329,B3ar,17,0,1,controller,historical_fallback,7416,,-0.005879,3021,17,1.0,0,295,-0.04470957291189566,0.16346467954964677,,,unverified_statistical_tier2_pool,False
25330,khelthuzad,5,5,2,controller,2026,7416,62908,-0.046333,62908,5,1.0,0,295,-0.04470957291189566,-0.0020123196522376374,-0.0020123196522376374,-0.04024639304475275,unverified_statistical_tier2_pool,False
25339,LockM,38,0,1,initiator,historical_fallback,7416,,-0.038645,488,38,1.0,0,238,-0.03895063454622416,0.0028889120500042997,,,unverified_statistical_tier2_pool,False
25494,Shr1mp,111,76,3,initiator,2026,7416,,0.044963,46748,102,0.918918918918919,9,238,-0.03895063454622416,2.2796202856233583,1.5568519876700226,2.048489457460556,unverified_statistical_tier2_pool,False
25663,dods,13,13,1,sentinel,2026,7416,,0.006408,11236,13,1.0,0,120,-0.035601050290873654,0.1222141649187918,0.1222141649187918,0.9401089609137832,unverified_statistical_tier2_pool,False
25683,desire,40,40,2,initiator,2026,7416,,-0.172031,2408,20,0.5,20,237,-0.03818425582594577,-1.293894842783498,-1.293894842783498,-3.2347371069587454,unverified_statistical_tier2_pool,False
25743,raafa,88,58,2,initiator,2026,7416,,0.057261,8706,88,1.0,0,237,-0.03920609411965029,2.0339157875780853,1.349056813743228,2.3259600236952207,unverified_statistical_tier2_pool,False
25745,kumi,71,71,1,duelist,2026,7416,,0.086795,3685,71,1.0,0,341,-0.047602989289219654,2.3276965025076457,2.3276965025076457,3.278445778179783,unverified_statistical_tier2_pool,False
25834,h1perZ,5,5,1,initiator,2026,7416,23861|25846|32693|42953,-0.055459,23861,5,1.0,0,238,-0.03895063454622416,-0.02056287353229047,-0.02056287353229047,-0.4112574706458094,unverified_statistical_tier2_pool,False
25846,injaguar,5,5,1,initiator,2026,7416,23861|25834|32693|42953,-0.055459,23861,5,1.0,0,238,-0.03895063454622416,-0.02056287353229047,-0.02056287353229047,-0.4112574706458094,unverified_statistical_tier2_pool,False
25858,sw,28,20,2,sentinel,2026,7416,,0.071402,1566,20,0.7142857142857143,8,120,-0.035601050290873654,0.7391126854641152,0.5255761600233779,2.62788080011689,unverified_statistical_tier2_pool,False
25902,Shondex,67,67,1,controller,2026,7416,766|2119|12932,0.037384,766,67,1.0,0,294,-0.044975080437388744,1.3529577259682521,1.3529577259682521,2.0193398895048538,unverified_statistical_tier2_pool,False
25906,alexiiik,56,23,3,duelist,2026,7416,,0.062498,562,33,0.5892857142857143,23,341,-0.047602989289219654,1.5028891806484312,0.6107673295762314,2.65551012859231,unverified_statistical_tier2_pool,False
25915,BRIAN,42,42,2,initiator,2026,7416,,0.247546,4122,33,0.7857142857142857,9,237,-0.03920609411965029,2.7625419288523014,2.7625419288523014,6.577480782981671,unverified_statistical_tier2_pool,False
25949,bunt,40,2,3,duelist,2026,7416,,-0.086335,10821,34,0.85,6,342,-0.047447091887610926,-0.3746677768937732,-0.018141481848696794,-0.9070740924348397,unverified_statistical_tier2_pool,False
26171,Demon1,82,40,5,sentinel,2026,7416,,-0.022494,1129,46,0.5609756097560976,36,121,-0.034884002137719895,0.24115787904597552,0.11553236613323437,0.2888309153330859,unverified_statistical_tier2_pool,False
26221,son1c,3,3,1,initiator,2026,7416,51543|51546,-0.012814,51543,3,1.0,0,238,-0.03895063454622416,0.019413190918568246,0.019413190918568246,0.6471063639522748,unverified_statistical_tier2_pool,False
26280,Lusadris,4,4,1,sentinel,2026,7416,,0.001478,10152,4,1.0,0,121,-0.034884002137719895,0.03605071644871455,0.03605071644871455,0.9012679112178636,unverified_statistical_tier2_pool,False
26310,IKANA,16,0,2,initiator,historical_fallback,7416,,-0.069453,1062,10,0.625,6,238,-0.03895063454622416,-0.12020866572517402,,,unverified_statistical_tier2_pool,False
26316,RAMEN,6,0,1,sentinel,historical_fallback,7416,10089|31589,-0.00919,10089,6,1.0,0,121,-0.034884002137719895,0.03808061395164275,,,unverified_statistical_tier2_pool,False
26376,deecee,63,63,2,sentinel,2026,7416,,0.170841,3626,63,1.0,0,120,-0.035601050290873654,3.0835117648178114,3.0835117648178114,4.894463118758431,unverified_statistical_tier2_pool,False
26398,indra,5,5,1,initiator,2026,7416,16028|33274|34624,-0.022184,16028,5,1.0,0,238,-0.03895063454622416,0.020872694375497325,0.020872694375497325,0.4174538875099465,unverified_statistical_tier2_pool,False
26404,Zneva,33,33,1,controller,2026,7416,,-0.006743,31276,33,1.0,0,294,-0.044975080437388744,0.30353572273920165,0.30353572273920165,0.9198052204218232,unverified_statistical_tier2_pool,False
26565,jas0n,2,2,1,duelist,2026,7416,,-0.028199,873,2,1.0,0,342,-0.047447091887610926,0.008885332578051075,0.008885332578051075,0.44426662890255375,unverified_statistical_tier2_pool,False
26569,Slammed,39,39,2,controller,2026,7416,,-0.037828,3007,26,0.6666666666666666,13,294,-0.044975080437388744,0.06723043419777003,0.06723043419777003,0.17238572871223085,unverified_statistical_tier2_pool,False
26757,otaQ,51,43,2,duelist,2026,7416,,-0.050515,45918,40,0.7843137254901961,11,341,-0.046979399682784743,-0.04350389718277253,-0.03649005537250399,-0.08486059388954417,unverified_statistical_tier2_pool,False
26783,ZRIP,8,0,1,duelist,historical_fallback,7416,12291|16977|27225,-0.042668,2366,8,1.0,0,342,-0.047447091887610926,0.009437399535259239,,,unverified_statistical_tier2_pool,False
26808,fainz,5,0,1,duelist,historical_fallback,7416,1377|7883|8590,-0.012219,1377,5,1.0,0,342,-0.047447091887610926,0.04254472400421294,,,unverified_statistical_tier2_pool,False
26809,Tenshi,31,31,1,controller,2026,7416,3862|5498|36389,-0.037752,1615,31,1.0,0,294,-0.044975080437388744,0.05441194644189934,0.05441194644189934,0.17552240787709464,unverified_statistical_tier2_pool,False
26826,6ixKey,11,11,1,sentinel,2026,7416,23686|34104|37067|59559,-0.009498,23686,11,1.0,0,120,-0.035601050290873654,0.07049619165699011,0.07049619165699011,0.6408744696090011,unverified_statistical_tier2_pool,False
26829,damaraa,46,32,2,duelist,2026,7416,,-0.000721,3626,46,1.0,0,341,-0.047602989289219654,0.524974522444851,0.3647428555923154,1.1398214237259856,unverified_statistical_tier2_pool,False
26848,zeek,39,39,1,initiator,2026,7416,,0.061238,29074,39,1.0,0,237,-0.03920609411965029,0.9536742380170549,0.9536742380170549,2.4453185590180895,unverified_statistical_tier2_pool,False
27061,nAyte,38,38,2,initiator,2026,7416,7173|14612,-0.019145,7173,38,1.0,0,237,-0.03920609411965029,0.18715857125755408,0.18715857125755408,0.4925225559409318,unverified_statistical_tier2_pool,False
27073,ESMONDE,12,12,1,controller,2026,7416,16942,0.009707,7530,12,1.0,0,294,-0.044975080437388744,0.1599166364257134,0.1599166364257134,1.332638636880945,unverified_statistical_tier2_pool,False
27149,Brinks,83,83,1,controller,2026,7416,,0.122673,651,83,1.0,0,294,-0.044975080437388744,3.4074233614556597,3.4074233614556597,4.105329351151397,unverified_statistical_tier2_pool,False
27173,Sovano,17,17,1,duelist,2026,7416,34100,-0.047603,7764,17,1.0,0,341,-0.046979399682784743,-0.002509135869322554,-0.002509135869322554,-0.014759622760720906,unverified_statistical_tier2_pool,False
27225,D4rf,8,0,1,controller,historical_fallback,7416,12291|16977|26783,-0.042668,2366,8,1.0,0,295,-0.04470957291189566,0.004032298302358295,,,unverified_statistical_tier2_pool,False
27244,seph1roth,47,40,2,sentinel,2026,7416,,-0.058621,3977,24,0.5106382978723404,23,120,-0.034467022381013575,-0.2732949624154184,-0.23226420635073686,-0.5806605158768422,unverified_statistical_tier2_pool,False
27254,Leviathan,59,38,1,controller,2026,7416,,0.054109,13784,38,0.6440677966101694,21,295,-0.04470957291189566,1.4147031215183832,0.9078622015158894,2.3891110566207616,unverified_statistical_tier2_pool,False
27299,Koji,11,11,1,controller,2026,7416,33464|38353|60897,0.000608,33464,11,1.0,0,294,-0.044975080437388744,0.12452115732201058,0.12452115732201058,1.132010521109187,unverified_statistical_tier2_pool,False
27321,Izuki,6,6,1,sentinel,2026,7416,5609|5612|5614|7288,-0.027143,5609,6,1.0,0,121,-0.034884002137719895,0.011277232823327432,0.011277232823327432,0.18795388038879055,unverified_statistical_tier2_pool,False
27326,redwesty,19,19,1,controller,2026,7416,10375|45140|50018|50021,-0.077716,10375,19,1.0,0,294,-0.04401135369692863,-0.15498990279868063,-0.15498990279868063,-0.8157363305193718,unverified_statistical_tier2_pool,False
27336,Venka,47,47,1,duelist,2026,7416,3639|27775,0.178779,3639,47,1.0,0,341,-0.047602989289219654,2.5412410575651556,2.5412410575651556,5.406895867159906,unverified_statistical_tier2_pool,False
27384,JaXe,48,48,1,initiator,2026,7416,25089|42755|42793|50826,0.073283,25089,48,1.0,0,237,-0.03920609411965029,1.2876480809192,1.2876480809192,2.6826001685816667,unverified_statistical_tier2_pool,False
27442,Impact,43,43,2,duelist,2026,7416,,0.078277,10628,24,0.5581395348837209,19,341,-0.047602989289219654,1.290750498691589,1.290750498691589,3.0017453457943932,unverified_statistical_tier2_pool,False
27444,Banger,48,48,1,duelist,2026,7416,17111|58162,-0.020839,17111,48,1.0,0,341,-0.047602989289219654,0.30642593264544477,0.30642593264544477,0.63838735967801,unverified_statistical_tier2_pool,False
27458,EscO,11,11,1,duelist,2026,7416,32823|34705|49681|51142,-0.033592,32823,11,1.0,0,341,-0.047602989289219654,0.03770559390578643,0.03770559390578643,0.3427781264162402,unverified_statistical_tier2_pool,False
27755,anxiety,2,2,1,sentinel,2026,7416,51640,-0.018668,43449,2,1.0,0,121,-0.034884002137719895,0.006525881102594777,0.006525881102594777,0.32629405512973886,unverified_statistical_tier2_pool,False
27756,SavageYoddha,42,42,1,initiator,2026,7416,,0.045207,40074,42,1.0,0,237,-0.03920609411965029,0.8581111756772823,0.8581111756772823,2.043121846850672,unverified_statistical_tier2_pool,False
27765,ToXicSumit,3,3,1,sentinel,2026,7416,3628,-0.01629,3628,3,1.0,0,121,-0.034884002137719895,0.01391456555855558,0.01391456555855558,0.4638188519518527,unverified_statistical_tier2_pool,False
27767,EL1TE,12,12,1,sentinel,2026,7416,47815,0.00048,47815,12,1.0,0,120,-0.035601050290873654,0.10805284069411375,0.10805284069411375,0.9004403391176146,unverified_statistical_tier2_pool,False
27775,Techno,47,47,1,controller,2026,7416,3639|27336,0.178779,3639,47,1.0,0,294,-0.044975080437388744,2.5115210478143837,2.5115210478143837,5.343661803860391,unverified_statistical_tier2_pool,False
27789,deyten,28,28,1,controller,2026,7416,8440|55747,-0.026489,8440,28,1.0,0,294,-0.044975080437388744,0.12272456910468227,0.12272456910468227,0.4383020325167224,unverified_statistical_tier2_pool,False
27813,zery,27,27,1,duelist,2026,7416,12514|22042|39062,-0.022437,12514,27,1.0,0,341,-0.047602989289219654,0.16204330340983597,0.16204330340983597,0.6001603829993924,unverified_statistical_tier2_pool,False
27879,Clewy,28,28,1,controller,2026,7416,,-0.00061,18784,28,1.0,0,294,-0.044975080437388744,0.29817342025761173,0.29817342025761173,1.0649050723486133,unverified_statistical_tier2_pool,False
28024,Thander,2,2,1,duelist,2026,7416,,-0.037196,3839,2,1.0,0,342,-0.047447091887610926,0.005118387124157631,0.005118387124157631,0.25591935620788153,unverified_statistical_tier2_pool,False
28114,devy,21,21,2,initiator,2026,7416,,-0.007117,1023,21,1.0,0,237,-0.03920609411965029,0.16628218649868415,0.16628218649868415,0.7918199357080198,unverified_statistical_tier2_pool,False
28400,HYUNMIN,141,61,1,duelist,2026,7416,,0.082583,1916,141,1.0,0,342,-0.047447091887610926,4.4619276642098535,1.912111372367431,3.134608807159723,unverified_statistical_tier2_pool,False
28401,Pkm,55,55,2,duelist,2026,7416,,0.095556,10628,29,0.5272727272727272,26,341,-0.047602989289219654,1.9140959534462234,1.9140959534462234,3.480174460811315,unverified_statistical_tier2_pool,False
28446,Coreano,1,0,1,controller,historical_fallback,7416,10543|58086|58089,0.011053,659,1,1.0,0,295,-0.04470957291189566,0.013923874861955787,,,unverified_statistical_tier2_pool,False
28480,Marky,6,6,1,duelist,2026,7416,12475|49740|50223,-0.033022,12475,6,1.0,0,342,-0.047447091887610926,0.021583116399709557,0.021583116399709557,0.3597186066618259,unverified_statistical_tier2_pool,False
28612,tricky,41,41,1,duelist,2026,7416,,0.090014,10463,41,1.0,0,341,-0.047602989289219654,1.3352278979242636,1.3352278979242636,3.2566534095713746,unverified_statistical_tier2_pool,False
28715,hunterx,10,10,1,initiator,2026,7416,,-0.040914,7652,10,1.0,0,237,-0.03818425582594577,-0.005886788768041468,-0.005886788768041468,-0.05886788768041468,unverified_statistical_tier2_pool,False
28716,lukxo,99,61,2,sentinel,2026,7416,,0.049424,10557,61,0.6161616161616161,38,121,-0.034884002137719895,1.9797323092011705,1.227794273140868,2.0127774969522427,unverified_statistical_tier2_pool,False
28870,k0rupt,43,43,1,initiator,2026,7416,,-0.059774,893,43,1.0,0,237,-0.03818425582594577,-0.2196209649059627,-0.2196209649059627,-0.5107464300138668,unverified_statistical_tier2_pool,False
28879,299,30,30,2,duelist,2026,7416,,-0.077522,30743,16,0.5333333333333333,14,341,-0.046979399682784743,-0.2186387034652879,-0.2186387034652879,-0.7287956782176264,unverified_statistical_tier2_pool,False
28892,Muddy,53,53,4,duelist,2026,7416,,-0.019026,1023,21,0.39622641509433965,32,341,-0.047602989289219654,0.3650867190588806,0.3650867190588806,0.6888428661488314,unverified_statistical_tier2_pool,False
28948,NINJA,38,38,1,initiator,2026,7416,7105,-0.127131,5292,38,1.0,0,238,-0.03895063454622416,-0.7062005658494219,-0.7062005658494219,-1.858422541709005,unverified_statistical_tier2_pool,False
29074,sonofcar,55,55,1,duelist,2026,7416,,0.017666,26848,39,0.7090909090909091,16,341,-0.047602989289219654,0.8763540583416152,0.8763540583416152,1.593371015166573,unverified_statistical_tier2_pool,False
29076,satellite,94,94,1,duelist,2026,7416,30556,0.1199,4927,94,1.0,0,341,-0.047602989289219654,3.7460583518315547,3.7460583518315547,3.985168459395271,unverified_statistical_tier2_pool,False
29184,KaweNtw,18,0,1,sentinel,historical_fallback,7416,,-0.017119,34181,18,1.0,0,121,-0.034884002137719895,0.0769054201712756,,,unverified_statistical_tier2_pool,False
29240,skyppervz,61,61,2,initiator,2026,7416,,0.001436,7652,36,0.5901639344262295,25,237,-0.03920609411965029,0.5862516889044245,0.5862516889044245,0.9610683424662696,unverified_statistical_tier2_pool,False
29241,MiradaNinja,52,52,1,controller,2026,7416,,0.005094,7652,36,0.6923076923076923,16,294,-0.044975080437388744,0.6192509540703732,0.6192509540703732,1.1908672193661025,unverified_statistical_tier2_pool,False
29242,erde,47,47,1,controller,2026,7416,,0.183439,10557,47,1.0,0,295,-0.04470957291189566,2.584522901044635,2.584522901044635,5.498984895839649,unverified_statistical_tier2_pool,False
29243,Neon,74,74,1,sentinel,2026,7416,,0.198801,8549,74,1.0,0,121,-0.034884002137719895,4.179886792398845,4.179886792398845,5.6484956654038445,unverified_statistical_tier2_pool,False
29244,M1key,58,58,2,duelist,2026,7416,,-0.002754,36168,57,0.9827586206896551,1,341,-0.047602989289219654,0.6153200696903018,0.6153200696903018,1.0608966718798307,unverified_statistical_tier2_pool,False
29340,cunhaa,46,36,3,controller,2026,7416,,-0.030913,8014,23,0.5,23,294,-0.044975080437388744,0.15816951419359337,0.12392845052288165,0.34424569589689347,unverified_statistical_tier2_pool,False
29547,ion,59,41,3,duelist,2026,7416,,0.092235,4927,25,0.423728813559322,34,341,-0.047602989289219654,2.002526891549237,1.3791420653640638,3.3637611350343017,unverified_statistical_tier2_pool,False
29553,DaGG3r,39,39,2,controller,2026,7416,10429,0.037584,10429,39,1.0,0,294,-0.044975080437388744,0.783934431403986,0.783934431403986,2.0100882856512463,unverified_statistical_tier2_pool,False
29559,Javelin,68,68,1,initiator,2026,7416,,0.150678,42358,58,0.8529411764705882,10,237,-0.03920609411965029,3.136620194738536,3.136620194738536,4.612676756968435,unverified_statistical_tier2_pool,False
29617,chillin,5,5,1,sentinel,2026,7416,8405|16029|46277|48004,-0.035238,8405,5,1.0,0,121,-0.034884002137719895,-0.00042890066037348795,-0.00042890066037348795,-0.008578013207469759,unverified_statistical_tier2_pool,False
29628,Famzzam,10,0,1,initiator,historical_fallback,7416,2182|16188,-0.018087,2182,10,1.0,0,238,-0.03895063454622416,0.051779906992503844,,,unverified_statistical_tier2_pool,False
29629,adore,31,31,3,duelist,2026,7416,50270|61318,-0.053474,50270,31,1.0,0,341,-0.046979399682784743,-0.04839957798468392,-0.04839957798468392,-0.1561276709183352,unverified_statistical_tier2_pool,False
29630,porkychop,1,1,1,duelist,2026,7416,,-0.013571,31350,1,1.0,0,342,-0.047447091887610926,0.008040489930228212,0.008040489930228212,0.8040489930228212,unverified_statistical_tier2_pool,False
29688,mikeE,47,47,2,initiator,2026,7416,,0.002681,8746,30,0.6382978723404256,17,237,-0.03920609411965029,0.47906057671574703,0.47906057671574703,1.0192778227994617,unverified_statistical_tier2_pool,False
29691,dhawk,9,9,1,duelist,2026,7416,49608|53833,-0.102379,49608,9,1.0,0,342,-0.047447091887610926,-0.1175800836433869,-0.1175800836433869,-1.3064453738154098,unverified_statistical_tier2_pool,False
29823,mizzy,7,7,1,controller,2026,7416,4807|11259|19791|22997,-0.053249,4807,7,1.0,0,295,-0.04470957291189566,-0.014938045067991512,-0.014938045067991512,-0.21340064382845017,unverified_statistical_tier2_pool,False
29833,iZu,214,78,1,initiator,2026,7416,,0.087336,485,167,0.780373831775701,47,238,-0.03895063454622416,6.488707144628085,2.3442689299356645,3.0054729870970056,unverified_statistical_tier2_pool,False
29839,TenTen,39,22,4,duelist,2026,7416,,-0.063675,2615,17,0.4358974358974359,22,341,-0.046979399682784743,-0.15544398337247609,-0.08861823008858097,-0.40281013676627714,unverified_statistical_tier2_pool,False
29840,yuran,92,53,2,duelist,2026,7416,,0.077772,10628,53,0.5760869565217391,39,341,-0.047602989289219654,2.774534965260023,1.592842752400135,3.00536368377384,unverified_statistical_tier2_pool,False
29841,Caedye,73,55,2,sentinel,2026,7416,29843,0.005827,29843,73,1.0,0,121,-0.034884002137719895,0.7124977225406328,0.535461893076938,0.9735670783217055,unverified_statistical_tier2_pool,False
29843,yatsuka,73,55,2,duelist,2026,7416,29841,0.005827,29841,73,1.0,0,342,-0.047447091887610926,0.9316443449059045,0.7001358000364011,1.2729741818843654,unverified_statistical_tier2_pool,False
29867,hiro,127,43,2,sentinel,2026,7416,,0.081089,18677,92,0.7244094488188977,35,121,-0.034884002137719895,3.578263011790572,1.2045724364547854,2.8013312475692684,unverified_statistical_tier2_pool,False
29873,benjyfishy,244,69,1,sentinel,2026,7416,1144|10971,0.11595,1144,244,1.0,0,121,-0.034884002137719895,9.019770613861297,2.5677790130003277,3.721418859420765,unverified_statistical_tier2_pool,False
29893,Timotino,84,66,2,duelist,2026,7416,20140,0.190009,20140,84,1.0,0,342,-0.047447091887610926,4.8200411816959505,3.757112600113689,5.692594848657104,unverified_statistical_tier2_pool,False
29994,Xini,8,8,1,duelist,2026,7416,14608|49711|57372|58740,-0.031959,14608,8,1.0,0,342,-0.047447091887610926,0.03091007105763982,0.03091007105763982,0.38637588822049773,unverified_statistical_tier2_pool,False
30286,karam1l,58,58,1,duelist,2026,7416,10758|19231|30575,0.121797,10758,58,1.0,0,341,-0.047602989289219654,2.3454464177269205,2.3454464177269205,4.043873134011932,unverified_statistical_tier2_pool,False
30305,gurbby,7,7,1,duelist,2026,7416,9943|20443|30911|42633,-0.044952,9943,7,1.0,0,342,-0.047447091887610926,0.004349167306887947,0.004349167306887947,0.06213096152697067,unverified_statistical_tier2_pool,False
30456,Nass,5,5,1,controller,2026,7416,34005|45500|59960|62014,-0.050264,34005,5,1.0,0,295,-0.04470957291189566,-0.0069277541279593735,-0.0069277541279593735,-0.13855508255918747,unverified_statistical_tier2_pool,False
30467,Zamal,47,47,1,duelist,2026,7416,1089|8410|13754|16757,-0.059171,1089,47,1.0,0,341,-0.046979399682784743,-0.13581894418760912,-0.13581894418760912,-0.288976476994913,unverified_statistical_tier2_pool,False
30470,Kyu,56,56,2,initiator,2026,7416,,0.116472,4828,48,0.8571428571428571,8,237,-0.03920609411965029,2.0346307632384075,2.0346307632384075,3.633269220068585,unverified_statistical_tier2_pool,False
30479,Terra,4,4,1,duelist,2026,7416,,-0.061036,4614,4,1.0,0,342,-0.047447091887610926,-0.012570072071751315,-0.012570072071751315,-0.31425180179378287,unverified_statistical_tier2_pool,False
30526,B1ack,15,0,1,initiator,historical_fallback,7416,,-0.009653,488,15,1.0,0,238,-0.03895063454622416,0.10947811743440511,,,unverified_statistical_tier2_pool,False
30556,exa,94,94,1,controller,2026,7416,29076,0.1199,4927,94,1.0,0,294,-0.044975080437388744,3.6866676158595837,3.6866676158595837,3.921986825382536,unverified_statistical_tier2_pool,False
30563,ZEPHE,9,9,1,duelist,2026,7416,,0.026947,51549,9,1.0,0,342,-0.047447091887610926,0.1647020663843321,0.1647020663843321,1.8300229598259123,unverified_statistical_tier2_pool,False
30575,r1seN,58,58,1,sentinel,2026,7416,10758|19231|30286,0.121797,10758,58,1.0,0,120,-0.035601050290873654,2.1782632392944183,2.1782632392944183,3.755626274645549,unverified_statistical_tier2_pool,False
30594,Grim,1,0,1,sentinel,historical_fallback,7416,12088|36666|58087,-0.011053,12088,1,1.0,0,121,-0.034884002137719895,0.005940410268511609,,,unverified_statistical_tier2_pool,False
30693,Makaveli,40,40,2,controller,2026,7416,,0.035842,46104,35,0.875,5,294,-0.044975080437388744,0.7814511470770922,0.7814511470770922,1.9536278676927303,unverified_statistical_tier2_pool,False
30733,Tootsie,3,3,1,controller,2026,7416,24232|44085|53353|63180,-0.046771,24232,3,1.0,0,295,-0.04470957291189566,-0.001499728596915051,-0.001499728596915051,-0.0499909532305017,unverified_statistical_tier2_pool,False
30743,Fair,36,36,2,duelist,2026,7416,,-0.089623,9017,20,0.5555555555555556,16,341,-0.046979399682784743,-0.36548222029063915,-0.36548222029063915,-1.0152283896962198,unverified_statistical_tier2_pool,False
30750,eNes,17,17,1,initiator,2026,7416,8834|51676,-0.070071,8834,17,1.0,0,237,-0.03818425582594577,-0.12452384480836648,-0.12452384480836648,-0.7324932047550969,unverified_statistical_tier2_pool,False
30877,Lilboi,42,42,1,controller,2026,7416,,0.079165,10463,42,1.0,0,294,-0.044975080437388744,1.235332257632609,1.235332257632609,2.94126728007764,unverified_statistical_tier2_pool,False
30901,ianto,34,34,1,controller,2026,7416,,0.055699,39285,34,1.0,0,294,-0.044975080437388744,0.8223387533474432,0.8223387533474432,2.4186433921983626,unverified_statistical_tier2_pool,False
30911,r1zvaN,7,7,1,controller,2026,7416,9943|20443|30305|42633,-0.044952,9943,7,1.0,0,295,-0.04470957291189566,-0.0004232879728343075,-0.0004232879728343075,-0.006046971040490108,unverified_statistical_tier2_pool,False
31059,Bishepss,61,61,1,controller,2026,7416,47523|57920|58522,0.006237,1427,61,1.0,0,294,-0.044975080437388744,0.7390390595269474,0.7390390595269474,1.2115394418474548,unverified_statistical_tier2_pool,False
31116,Nail,25,25,1,sentinel,2026,7416,4613|4615|52931,-0.001814,4613,25,1.0,0,120,-0.035601050290873654,0.20831988337510016,0.20831988337510016,0.8332795335004006,unverified_statistical_tier2_pool,False
31207,carpe,58,0,1,initiator,historical_fallback,7416,,-0.021646,29833,58,1.0,0,238,-0.03895063454622416,0.24141093986885936,,,unverified_statistical_tier2_pool,False
31276,rehn,35,35,1,duelist,2026,7416,57211,-0.034328,57211,35,1.0,0,341,-0.047602989289219654,0.11178401184507247,0.11178401184507247,0.3193828909859214,unverified_statistical_tier2_pool,False
31298,Luca,10,10,1,sentinel,2026,7416,33986|45834|47522,-0.001129,33986,10,1.0,0,120,-0.035601050290873654,0.08564193148907029,0.08564193148907029,0.8564193148907029,unverified_statistical_tier2_pool,False
31300,Drog,8,8,1,controller,2026,7416,16045|18384|24426|52527,-0.022116,16045,8,1.0,0,295,-0.04470957291189566,0.04448700056473476,0.04448700056473476,0.5560875070591844,unverified_statistical_tier2_pool,False
31305,Lar0k,84,53,3,duelist,2026,7416,5565|24344,0.08374,5565,84,1.0,0,342,-0.047447091887610926,2.665394142048184,1.661949847193187,3.1357544286663908,unverified_statistical_tier2_pool,False
31307,Yigox,18,18,1,controller,2026,7416,,-0.009741,33527,18,1.0,0,294,-0.044975080437388744,0.1547876289418661,0.1547876289418661,0.859931271899256,unverified_statistical_tier2_pool,False
31333,Gauransh,27,27,1,duelist,2026,7416,43389|49570,0.047332,43389,27,1.0,0,341,-0.047602989289219654,0.6124237425347007,0.6124237425347007,2.2682360834618542,unverified_statistical_tier2_pool,False
31350,Deqadz,39,39,1,initiator,2026,7416,42365,0.051491,42365,39,1.0,0,237,-0.03920609411965029,0.852475074903357,0.852475074903357,2.1858335253932233,unverified_statistical_tier2_pool,False
31355,AceStaRRRRR,25,25,1,duelist,2026,7416,17294,0.053771,5009,25,1.0,0,341,-0.047602989289219654,0.5950548635619404,0.5950548635619404,2.3802194542477615,unverified_statistical_tier2_pool,False
31371,Trinity,56,56,1,duelist,2026,7416,,0.164244,10758,56,1.0,0,341,-0.047602989289219654,2.831745718771252,2.831745718771252,5.0566887835200935,unverified_statistical_tier2_pool,False
31374,btaps,7,7,1,controller,2026,7416,,-0.023278,8014,7,1.0,0,295,-0.04470957291189566,0.036702721715786646,0.036702721715786646,0.5243245959398093,unverified_statistical_tier2_pool,False
31376,tarik,1,0,1,duelist,historical_fallback,7416,35089|37656|55809|55810,-0.009315,35089,1,1.0,0,342,-0.047447091887610926,0.009447418360647108,,,unverified_statistical_tier2_pool,False
31476,Mephisto,61,53,2,duelist,2026,7416,,0.165476,17690,61,1.0,0,341,-0.047602989289219654,2.8688473969464634,2.4448842261076433,4.612989105863478,unverified_statistical_tier2_pool,False
31575,ZekeNotGio,1,1,1,initiator,2026,7416,,-0.008261,20538,1,1.0,0,238,-0.03895063454622416,0.005100960703109225,0.005100960703109225,0.5100960703109225,unverified_statistical_tier2_pool,False
31589,murza,6,0,1,duelist,historical_fallback,7416,10089|26316,-0.00919,10089,6,1.0,0,342,-0.047447091887610926,0.05666706790493525,,,unverified_statistical_tier2_pool,False
31593,kiss,5,0,1,controller,historical_fallback,7416,,-0.003984,10089,5,1.0,0,295,-0.04470957291189566,0.05037310249650234,,,unverified_statistical_tier2_pool,False
31753,SpiritZ1,153,73,1,duelist,2026,7416,,0.019928,11524,153,1.0,0,342,-0.047447091887610926,2.531502177529292,1.207046650940371,1.653488562932015,unverified_statistical_tier2_pool,False
31827,Dambi,158,78,2,duelist,2026,7416,31828|31829,0.14172,31828,158,1.0,0,342,-0.047447091887610926,7.136087498878253,3.5468196353081165,4.547204660651431,unverified_statistical_tier2_pool,False
31828,Francis,158,78,2,duelist,2026,7416,31827|31829,0.14172,31827,158,1.0,0,342,-0.047447091887610926,7.136087498878253,3.5468196353081165,4.547204660651431,unverified_statistical_tier2_pool,False
31829,Ivy,158,78,2,sentinel,2026,7416,31827|31828,0.14172,31827,158,1.0,0,121,-0.034884002137719895,6.656524401646937,3.3096425436284167,4.2431314661902775,unverified_statistical_tier2_pool,False
31830,Jiha,3,3,1,initiator,2026,7416,9797|42829|42844|61983,-0.013134,9797,3,1.0,0,238,-0.03895063454622416,0.019287719747086707,0.019287719747086707,0.6429239915695569,unverified_statistical_tier2_pool,False
31831,Aru,2,2,1,duelist,2026,7416,,-0.026358,25082,2,1.0,0,342,-0.047447091887610926,0.010118907169599956,0.010118907169599956,0.5059453584799978,unverified_statistical_tier2_pool,False
31844,MK,11,11,1,sentinel,2026,7416,48869|58532|58533|58534,-0.04351,48869,11,1.0,0,120,-0.034467022381013575,-0.024619100813981276,-0.024619100813981276,-0.2238100073998298,unverified_statistical_tier2_pool,False
31845,Chay,22,22,1,controller,2026,7416,23971,-0.005671,1395,22,1.0,0,294,-0.044975080437388744,0.2131701469022893,0.2131701469022893,0.9689552131922241,unverified_statistical_tier2_pool,False
31855,Celasun,56,34,3,sentinel,2026,7416,,0.094928,10137,26,0.4642857142857143,30,120,-0.035601050290873654,1.7853071701751162,1.075896995854038,3.164402928982465,unverified_statistical_tier2_pool,False
31910,Scottie,40,40,1,controller,2026,7416,,0.031024,44417,40,1.0,0,294,-0.044975080437388744,0.7344543463777444,0.7344543463777444,1.836135865944361,unverified_statistical_tier2_pool,False
32183,Dannyy,26,10,1,unknown,2026,7416,46042,0.025829,13768,26,1.0,0,0,,,,,unverified_statistical_tier2_pool,False
32303,delamac,31,31,1,controller,2026,7416,50075|55459|55748,0.013765,50075,31,1.0,0,294,-0.044975080437388744,0.4455288190491608,0.4455288190491608,1.4371897388682606,unverified_statistical_tier2_pool,False
32351,cullumx,4,4,1,duelist,2026,7416,,0.051718,1281,4,1.0,0,342,-0.047447091887610926,0.0926077166578071,0.0926077166578071,2.315192916445177,unverified_statistical_tier2_pool,False
32654,atlas,45,45,2,duelist,2026,7416,,-0.081919,43997,28,0.6222222222222222,17,341,-0.046979399682784743,-0.3854562490602622,-0.3854562490602622,-0.8565694423561382,unverified_statistical_tier2_pool,False
32675,Kring,36,36,1,initiator,2026,7416,32801|32802|42879|47551,0.045925,32801,36,1.0,0,237,-0.03920609411965029,0.7484221065486658,0.7484221065486658,2.078950295968516,unverified_statistical_tier2_pool,False
32693,Blastz,5,5,1,controller,2026,7416,23861|25834|25846|42953,-0.055459,23861,5,1.0,0,295,-0.04470957291189566,-0.013390974509765508,-0.013390974509765508,-0.26781949019531015,unverified_statistical_tier2_pool,False
32717,maestr0,47,42,2,duelist,2026,7416,,0.019138,783,42,0.8936170212765957,5,341,-0.047602989289219654,0.7675341111898757,0.6845082594874867,1.6297815702083018,unverified_statistical_tier2_pool,False
32725,lilo,39,39,1,duelist,2026,7416,,-0.119623,22914,39,1.0,0,341,-0.046979399682784743,-0.6897947754633598,-0.6897947754633598,-1.768704552470153,unverified_statistical_tier2_pool,False
32732,Yeah,2,2,1,duelist,2026,7416,,0.026755,22912,2,1.0,0,342,-0.047447091887610926,0.0365611079920799,0.0365611079920799,1.828055399603995,unverified_statistical_tier2_pool,False
32745,frozeN,21,21,2,duelist,2026,7416,,-0.059048,37095,21,1.0,0,341,-0.046979399682784743,-0.060553315762037985,-0.060553315762037985,-0.28834912267637136,unverified_statistical_tier2_pool,False
32801,turkish,36,36,1,controller,2026,7416,32675|32802|42879|47551,0.045925,32675,36,1.0,0,294,-0.044975080437388744,0.7992476160557452,0.7992476160557452,2.220132266821514,unverified_statistical_tier2_pool,False
32802,Luid,36,36,1,duelist,2026,7416,32675|32801|42879|47551,0.045925,32675,36,1.0,0,341,-0.047602989289219654,0.8224029555738811,0.8224029555738811,2.2844526543718917,unverified_statistical_tier2_pool,False
32823,Lafura,11,11,1,sentinel,2026,7416,27458|34705|49681|51142,-0.033592,27458,11,1.0,0,120,-0.035601050290873654,0.005408963476020323,0.005408963476020323,0.04917239523654839,unverified_statistical_tier2_pool,False
33070,khz,11,11,1,duelist,2026,7416,,-0.054491,7652,11,1.0,0,341,-0.046979399682784743,-0.019847643745435184,-0.019847643745435184,-0.18043312495850167,unverified_statistical_tier2_pool,False
33121,Stwz1,46,46,2,initiator,2026,7416,,0.066521,40859,41,0.8913043478260869,5,237,-0.03920609411965029,1.189655175449636,1.189655175449636,2.586206903151383,unverified_statistical_tier2_pool,False
33177,none,14,14,1,duelist,2026,7416,,-0.156454,11236,14,1.0,0,341,-0.046979399682784743,-0.3077164579224029,-0.3077164579224029,-2.197974699445735,unverified_statistical_tier2_pool,False
33190,Zoom,10,10,1,duelist,2026,7416,42317|42318|48809|51474,0.032862,42317,10,1.0,0,341,-0.047602989289219654,0.19585140935802453,0.19585140935802453,1.9585140935802454,unverified_statistical_tier2_pool,False
33274,Psych,5,5,1,duelist,2026,7416,16028|26398|34624,-0.022184,16028,5,1.0,0,342,-0.047447091887610926,0.03145736912494579,0.03145736912494579,0.6291473824989158,unverified_statistical_tier2_pool,False
33358,shinnok,62,62,1,duelist,2026,7416,,0.141147,1281,62,1.0,0,341,-0.047602989289219654,2.7952530956720305,2.7952530956720305,4.508472734954888,unverified_statistical_tier2_pool,False
33417,fukukeN,38,38,2,controller,2026,7416,,-0.053852,806,29,0.7631578947368421,9,294,-0.04401135369692863,-0.08854922862167447,-0.08854922862167447,-0.23302428584651178,unverified_statistical_tier2_pool,False
33453,SaQR,2,2,1,sentinel,2026,7416,,0.001462,10448,2,1.0,0,121,-0.034884002137719895,0.018116879035667943,0.018116879035667943,0.9058439517833972,unverified_statistical_tier2_pool,False
33464,Avvix,11,11,1,initiator,2026,7416,27299|38353|60897,0.000608,27299,11,1.0,0,237,-0.03920609411965029,0.1087445576767323,0.1087445576767323,0.9885868879702936,unverified_statistical_tier2_pool,False
33522,BeX,18,18,1,sentinel,2026,7416,4894,0.020406,4894,18,1.0,0,120,-0.035601050290873654,0.24564237091429464,0.24564237091429464,1.364679838412748,unverified_statistical_tier2_pool,False
33527,wtex,53,53,2,duelist,2026,7416,33551|40842|41719,0.059933,33551,53,1.0,0,341,-0.047602989289219654,1.3965539627004095,1.3965539627004095,2.6350074767932257,unverified_statistical_tier2_pool,False
33551,Slaughter,53,53,2,controller,2026,7416,33527|40842|41719,0.059933,33527,53,1.0,0,294,-0.044975080437388744,1.3624190086488475,1.3624190086488475,2.570601903111033,unverified_statistical_tier2_pool,False
33570,chubizin,69,69,3,initiator,2026,7416,,0.163665,1311,69,1.0,0,237,-0.03920609411965029,3.2566964903361675,3.2566964903361675,4.719849985994445,unverified_statistical_tier2_pool,False
33576,margaret,96,53,3,sentinel,2026,7416,,0.081058,10628,53,0.5520833333333334,43,120,-0.035601050290873654,2.6622468052017325,1.481482631374408,2.7952502478762415,unverified_statistical_tier2_pool,False
33731,stonezy,65,58,2,sentinel,2026,7416,,0.036556,292,58,0.8923076923076924,7,120,-0.035601050290873654,1.1441068665812923,1.0185482644602173,1.7561176973452022,unverified_statistical_tier2_pool,False
33840,luky,30,30,1,duelist,2026,7416,8014|13274|47259,-0.000468,8014,30,1.0,0,341,-0.047602989289219654,0.34882271524352787,0.34882271524352787,1.162742384145093,unverified_statistical_tier2_pool,False
33897,Jasper7se,1,0,1,duelist,historical_fallback,7416,1014|3205|7718|8004,-0.010999,1014,1,1.0,0,342,-0.047447091887610926,0.009077240215521754,,,unverified_statistical_tier2_pool,False
33902,Sayonara,72,62,2,initiator,2026,7416,,0.119371,458,62,0.8611111111111112,10,238,-0.03895063454622416,2.7553609868554325,2.364787390697188,3.814173210801916,unverified_statistical_tier2_pool,False
33974,appA,14,14,1,controller,2026,7416,,-0.094186,5477,14,1.0,0,294,-0.04401135369692863,-0.14964849436152075,-0.14964849436152075,-1.0689178168680054,unverified_statistical_tier2_pool,False
33986,kendo,10,10,1,duelist,2026,7416,31298|45834|47522,-0.001129,31298,10,1.0,0,341,-0.047602989289219654,0.11545378615366186,0.11545378615366186,1.1545378615366186,unverified_statistical_tier2_pool,False
33994,Creamydreamy,45,22,2,controller,2026,7416,12519,-0.012885,12519,45,1.0,0,294,-0.044975080437388744,0.3584105161166603,0.1753491353074933,0.7970415241249694,unverified_statistical_tier2_pool,False
34005,petals,5,5,1,duelist,2026,7416,30456|45500|59960|62014,-0.050264,30456,5,1.0,0,342,-0.047447091887610926,-0.0035132529672907142,-0.0035132529672907142,-0.07026505934581428,unverified_statistical_tier2_pool,False
34031,Inf,12,12,1,sentinel,2026,7416,21195|44919,-0.044179,21195,12,1.0,0,120,-0.034467022381013575,-0.02843341956101081,-0.02843341956101081,-0.2369451630084234,unverified_statistical_tier2_pool,False
34032,grumble,8,0,1,sentinel,historical_fallback,7416,,-0.011133,7426,8,1.0,0,121,-0.034884002137719895,0.047320142335202264,,,unverified_statistical_tier2_pool,False
34057,Jerrwin,54,54,2,duelist,2026,7416,,0.13088,4581,30,0.5555555555555556,24,341,-0.047602989289219654,2.3252001618978686,2.3252001618978686,4.305926225736794,unverified_statistical_tier2_pool,False
34082,tupai,6,6,1,initiator,2026,7416,9279|48729|48763|59514,-0.027809,9279,6,1.0,0,238,-0.03895063454622416,0.016451117569539042,0.016451117569539042,0.2741852928256507,unverified_statistical_tier2_pool,False
34100,SCar,17,17,1,controller,2026,7416,27173,-0.047603,7764,17,1.0,0,294,-0.04401135369692863,-0.014454769826985459,-0.014454769826985459,-0.08502805780579681,unverified_statistical_tier2_pool,False
34104,capeesha,11,11,1,initiator,2026,7416,23686|26826|37067|59559,-0.009498,23686,11,1.0,0,237,-0.03920609411965029,0.08022563701997343,0.08022563701997343,0.7293239729088493,unverified_statistical_tier2_pool,False
34181,GREEN,35,17,2,controller,2026,7416,,-0.169066,29184,18,0.5142857142857142,17,295,-0.04470957291189566,-1.0577984338052175,-0.514053962133403,-3.0238468360788415,unverified_statistical_tier2_pool,False
34400,bao,45,45,1,sentinel,2026,7416,,-0.041544,826,45,1.0,0,121,-0.034884002137719895,-0.07030699331177881,-0.07030699331177881,-0.15623776291506403,unverified_statistical_tier2_pool,False
34624,iansn,5,5,1,initiator,2026,7416,16028|26398|33274,-0.022184,16028,5,1.0,0,238,-0.03895063454622416,0.020872694375497325,0.020872694375497325,0.4174538875099465,unverified_statistical_tier2_pool,False
34684,westside,111,42,2,sentinel,2026,7416,,-0.026796,6959,90,0.8108108108108109,21,121,-0.034884002137719895,0.21186675653961662,0.07918546355895112,0.18853681799750266,unverified_statistical_tier2_pool,False
34705,e9Lair,11,11,1,initiator,2026,7416,27458|32823|49681|51142,-0.033592,27458,11,1.0,0,237,-0.03920609411965029,0.015113169422142414,0.015113169422142414,0.13739244929220376,unverified_statistical_tier2_pool,False
34717,taru,9,9,1,initiator,2026,7416,34774|49327|60585|60586,-0.080351,34774,9,1.0,0,238,-0.03895063454622416,-0.08852274155708356,-0.08852274155708356,-0.9835860173009284,unverified_statistical_tier2_pool,False
34727,kAyle,42,42,1,initiator,2026,7416,1971|2671|25048|47481,-0.02315,1971,42,1.0,0,237,-0.03920609411965029,0.16110467198328543,0.16110467198328543,0.3835825523411558,unverified_statistical_tier2_pool,False
34760,MeatPieN,49,49,1,initiator,2026,7416,,-0.004577,43074,49,1.0,0,237,-0.03920609411965029,0.41333650991439824,0.41333650991439824,0.8435438977844862,unverified_statistical_tier2_pool,False
34774,zerurun,9,9,1,controller,2026,7416,34717|49327|60585|60586,-0.080351,34717,9,1.0,0,295,-0.04470957291189566,-0.07616712336937098,-0.07616712336937098,-0.8463013707707887,unverified_statistical_tier2_pool,False
34775,Sota,11,11,1,initiator,2026,7416,,-0.040076,424,11,1.0,0,237,-0.03818425582594577,-0.005088709207311193,-0.005088709207311193,-0.04626099279373812,unverified_statistical_tier2_pool,False
34776,Absol,43,43,1,duelist,2026,7416,1960,-0.037246,1960,43,1.0,0,342,-0.047447091887610926,0.10142728764461467,0.10142728764461467,0.23587741312701085,unverified_statistical_tier2_pool,False
34785,YoWamu,30,30,1,controller,2026,7416,4038|7888|38369|51094,-0.01233,4038,30,1.0,0,294,-0.044975080437388744,0.2374518666390672,0.2374518666390672,0.7915062221302239,unverified_statistical_tier2_pool,False
34825,Han,8,8,1,initiator,2026,7416,17091|40736|43075|48879,-0.094753,17091,8,1.0,0,238,-0.03895063454622416,-0.10303428244346294,-0.10303428244346294,-1.2879285305432868,unverified_statistical_tier2_pool,False
34827,Hals,43,43,1,duelist,2026,7416,4664,0.074382,2615,43,1.0,0,341,-0.047602989289219654,1.273565944943799,1.273565944943799,2.9617812673111605,unverified_statistical_tier2_pool,False
34869,int,2,2,1,initiator,2026,7416,34884|34951|54175,-0.000118,34883,2,1.0,0,238,-0.03895063454622416,0.019408434260038576,0.019408434260038576,0.9704217130019288,unverified_statistical_tier2_pool,False
34883,Distinct,15,15,2,duelist,2026,7416,,-0.033234,4127,13,0.8666666666666667,2,341,-0.047602989289219654,0.0506635582507628,0.0506635582507628,0.33775705500508535,unverified_statistical_tier2_pool,False
34884,Guntz,2,2,1,controller,2026,7416,34869|34951|54175,-0.000118,34869,2,1.0,0,295,-0.04470957291189566,0.022286054482553552,0.022286054482553552,1.1143027241276777,unverified_statistical_tier2_pool,False
34926,oonzmlp,55,40,2,sentinel,2026,7416,37532|42733,0.036988,37532,55,1.0,0,121,-0.034884002137719895,0.9605793706115815,0.6929505674614722,1.7323764186536805,unverified_statistical_tier2_pool,False
34938,R3SET,2,2,1,controller,2026,7416,34993|42790|42791|42792,-0.029197,34993,2,1.0,0,295,-0.04470957291189566,0.007707744926811866,0.007707744926811866,0.3853872463405933,unverified_statistical_tier2_pool,False
34951,Kity,2,2,1,duelist,2026,7416,34869|34884|54175,-0.000118,34869,2,1.0,0,342,-0.047447091887610926,0.023653825193410027,0.023653825193410027,1.1826912596705013,unverified_statistical_tier2_pool,False
34970,tenac1ous,1,1,1,controller,2026,7416,4488,-0.013567,4488,1,1.0,0,295,-0.04470957291189566,0.0076396129724610184,0.0076396129724610184,0.7639612972461018,unverified_statistical_tier2_pool,False
34973,apeX,42,42,1,controller,2026,7416,34982|56665,0.036509,34982,42,1.0,0,294,-0.044975080437388744,0.822556305960495,0.822556305960495,1.9584673951440357,unverified_statistical_tier2_pool,False
34974,Karon,219,43,1,controller,2026,7416,9196,0.096061,9196,219,1.0,0,295,-0.04470957291189566,7.490551950047442,1.4515733005655571,3.3757518617803655,unverified_statistical_tier2_pool,False
34982,Athan,42,42,1,duelist,2026,7416,34973|56665,0.036509,34973,42,1.0,0,341,-0.047602989289219654,0.849033077102826,0.849033077102826,2.0215073264353003,unverified_statistical_tier2_pool,False
34993,ExG,2,2,1,controller,2026,7416,34938|42790|42791|42792,-0.029197,34938,2,1.0,0,295,-0.04470957291189566,0.007707744926811866,0.007707744926811866,0.3853872463405933,unverified_statistical_tier2_pool,False
35013,Flashback,111,0,1,sentinel,historical_fallback,7416,,0.144037,4462,111,1.0,0,121,-0.034884002137719895,4.845864908452818,,,unverified_statistical_tier2_pool,False
35089,Yvonnie,1,0,1,sentinel,historical_fallback,7416,31376|37656|55809|55810,-0.009315,31376,1,1.0,0,121,-0.034884002137719895,0.0063386827078014685,,,unverified_statistical_tier2_pool,False
35302,Eggsterr,43,25,1,duelist,2026,7416,21778,0.043174,21778,43,1.0,0,342,-0.047447091887610926,0.9439811477034386,0.5396080405780148,2.1584321623120593,unverified_statistical_tier2_pool,False
35377,beeb,10,10,1,initiator,2026,7416,,0.028495,8746,10,1.0,0,237,-0.03920609411965029,0.16657093601720868,0.16657093601720868,1.6657093601720867,unverified_statistical_tier2_pool,False
35504,tomix,16,16,1,duelist,2026,7416,44294,0.043084,2333,16,1.0,0,341,-0.047602989289219654,0.35549236023369357,0.35549236023369357,2.221827251460585,unverified_statistical_tier2_pool,False
35513,samed,53,49,2,duelist,2026,7416,,0.060087,11,49,0.9245283018867925,4,341,-0.047602989289219654,1.3598199483981936,1.256994902806239,2.565295720012733,unverified_statistical_tier2_pool,False
35547,Raquinuki,3,3,1,sentinel,2026,7416,,-0.043141,20538,3,1.0,0,121,-0.034884002137719895,-0.005854973929354634,-0.005854973929354634,-0.1951657976451545,unverified_statistical_tier2_pool,False
35590,freizydeuS,15,15,1,controller,2026,7416,,-0.021358,593,15,1.0,0,294,-0.044975080437388744,0.08447167864526506,0.08447167864526506,0.5631445243017671,unverified_statistical_tier2_pool,False
35619,Sxnti,31,31,2,controller,2026,7416,,-0.023262,10582,16,0.5161290322580645,15,294,-0.044975080437388744,0.16189653263020787,0.16189653263020787,0.5222468794522834,unverified_statistical_tier2_pool,False
35650,Dlasqx1,35,35,2,duelist,2026,7416,,-0.009992,57477,25,0.7142857142857143,10,341,-0.047602989289219654,0.31358539998725327,0.31358539998725327,0.8959582856778665,unverified_statistical_tier2_pool,False
35660,tok1o,27,27,1,sentinel,2026,7416,11236|21108|21558,-0.150045,11236,27,1.0,0,120,-0.034467022381013575,-0.6680017882921382,-0.6680017882921382,-2.4740806973782896,unverified_statistical_tier2_pool,False
35662,Zebeej,2,2,1,controller,2026,7416,,0.032413,2909,2,1.0,0,295,-0.04470957291189566,0.03817412089806416,0.03817412089806416,1.9087060449032078,unverified_statistical_tier2_pool,False
35754,Tarbosh,4,4,1,initiator,2026,7416,,0.004818,6503,4,1.0,0,238,-0.03895063454622416,0.04270919481592511,0.04270919481592511,1.0677298703981277,unverified_statistical_tier2_pool,False
35919,Rayz,6,6,2,initiator,2026,7416,,-0.082592,39557,6,1.0,0,238,-0.03895063454622416,-0.05860028187922739,-0.05860028187922739,-0.9766713646537898,unverified_statistical_tier2_pool,False
35927,Dano,1,1,1,initiator,2026,7416,,-0.011175,1328,1,1.0,0,238,-0.03895063454622416,0.0055280522208951965,0.0055280522208951965,0.5528052220895197,unverified_statistical_tier2_pool,False
35943,Crz,6,6,1,controller,2026,7416,,-0.049266,24021,6,1.0,0,295,-0.04470957291189566,-0.006271582406558895,-0.006271582406558895,-0.10452637344264826,unverified_statistical_tier2_pool,False
35965,Yukxx,11,11,1,duelist,2026,7416,35967|49001,-0.008275,13219,11,1.0,0,341,-0.047602989289219654,0.1073249416449214,0.1073249416449214,0.9756812876811036,unverified_statistical_tier2_pool,False
35967,TAPHTAPH,11,11,1,initiator,2026,7416,35965|49001,-0.008275,13219,11,1.0,0,237,-0.03920609411965029,0.08443151583950348,0.08443151583950348,0.7675592349045771,unverified_statistical_tier2_pool,False
36036,practo,35,35,1,initiator,2026,7416,,-0.044636,4385,35,1.0,0,237,-0.03818425582594577,-0.0551527421881734,-0.0551527421881734,-0.15757926339478115,unverified_statistical_tier2_pool,False
36046,p0seidon,13,13,1,controller,2026,7416,21878,-0.048847,21878,13,1.0,0,294,-0.04401135369692863,-0.015158183566615135,-0.015158183566615135,-0.11660141205088566,unverified_statistical_tier2_pool,False
36070,Zimo,28,21,2,controller,2026,7416,,0.099985,5795,28,1.0,0,294,-0.044975080437388744,0.9961362278773153,0.7460602272917226,3.552667749008203,unverified_statistical_tier2_pool,False
36073,AL7B,9,9,1,controller,2026,7416,,0.038142,27299,9,1.0,0,295,-0.04470957291189566,0.1851377895888845,0.1851377895888845,2.0570865509876053,unverified_statistical_tier2_pool,False
36106,skz,34,34,2,initiator,2026,7416,,-0.038184,2585,26,0.7647058823529411,8,237,-0.03920609411965029,0.008552789397901717,0.008552789397901717,0.02515526293500505,unverified_statistical_tier2_pool,False
36168,Kimbo,57,57,2,controller,2026,7416,,0.010379,29244,57,1.0,0,294,-0.044975080437388744,0.7463794018513402,0.7463794018513402,1.3094375471076145,unverified_statistical_tier2_pool,False
36169,mta,70,36,3,duelist,2026,7416,,-0.103503,1311,34,0.4857142857142857,36,341,-0.046979399682784743,-0.9265730481174226,-0.4683227685742156,-1.300896579372821,unverified_statistical_tier2_pool,False
36245,N4RRATE,191,50,2,sentinel,2026,7416,,0.105874,1265,92,0.4816753926701571,99,121,-0.034884002137719895,6.534085194986977,1.7061208335388185,3.412241667077637,unverified_statistical_tier2_pool,False
36389,izana,31,31,1,sentinel,2026,7416,3862|5498|26809,-0.037752,1615,31,1.0,0,120,-0.034467022381013575,-0.02476088240202806,-0.02476088240202806,-0.07987381420009051,unverified_statistical_tier2_pool,False
36402,kubfu,38,38,1,duelist,2026,7416,,0.065062,31350,38,1.0,0,341,-0.047602989289219654,1.0327431994791705,1.0327431994791705,2.717745261787291,unverified_statistical_tier2_pool,False
36405,maliqeye,9,9,1,duelist,2026,7416,,-0.002696,2753,9,1.0,0,342,-0.047447091887610926,0.09844552008743579,0.09844552008743579,1.0938391120826199,unverified_statistical_tier2_pool,False
36415,Viva,133,32,3,initiator,2026,7416,,-0.010918,12365,68,0.5112781954887218,65,238,-0.03895063454622416,0.9076723333125867,0.21853637953532185,0.6829261860478808,unverified_statistical_tier2_pool,False
36433,phc,31,31,1,controller,2026,7416,,-0.082969,1294,24,0.7741935483870968,7,294,-0.04401135369692863,-0.2937035480521326,-0.2937035480521326,-0.9474308001681697,unverified_statistical_tier2_pool,False
36513,Guran,21,10,1,unknown,2026,7416,58960,0.041823,58960,21,1.0,0,0,,,,,unverified_statistical_tier2_pool,False
36560,canezerra,18,0,1,duelist,historical_fallback,7416,,0.077501,53,18,1.0,0,342,-0.047447091887610926,0.5571957727862538,,,unverified_statistical_tier2_pool,False
36616,FNooB,45,45,1,controller,2026,7416,,0.066568,40074,45,1.0,0,294,-0.044975080437388744,1.2158199526317564,1.2158199526317564,2.7018221169594585,unverified_statistical_tier2_pool,False
36626,Gam3rBl3ak,2,2,1,sentinel,2026,7416,48426|51638,-0.030377,36627,2,1.0,0,121,-0.034884002137719895,0.0022354738650863237,0.0022354738650863237,0.11177369325431619,unverified_statistical_tier2_pool,False
36627,HELL BOY,4,4,2,duelist,2026,7416,,-0.062857,21324,2,0.5,2,342,-0.047447091887610926,-0.01523583050479177,-0.01523583050479177,-0.38089576261979424,unverified_statistical_tier2_pool,False
36639,azaziN,35,35,1,duelist,2026,7416,15473|24359|48951,-0.005387,7220,35,1.0,0,341,-0.047602989289219654,0.3628247892826289,0.3628247892826289,1.0366422550932255,unverified_statistical_tier2_pool,False
36666,vela,1,0,1,initiator,historical_fallback,7416,12088|30594|58087,-0.011053,12088,1,1.0,0,238,-0.03895063454622416,0.006953328495086009,,,unverified_statistical_tier2_pool,False
36668,MarT1n,60,3,4,controller,2026,7416,,0.002703,5796,21,0.35,39,295,-0.04470957291189566,0.6987414831517821,0.03529241497833702,1.176413832611234,unverified_statistical_tier2_pool,False
36670,OBONE,42,7,1,controller,2026,7416,,-0.09722,41054,42,1.0,0,295,-0.04470957291189566,-0.5433865036856179,-0.0885724022777079,-1.2653200325386844,unverified_statistical_tier2_pool,False
36685,splash,76,76,1,duelist,2026,7416,55085,0.091457,39485,76,1.0,0,342,-0.047447091887610926,2.5640456157674385,2.5640456157674385,3.3737442312729455,unverified_statistical_tier2_pool,False
36748,Czester,12,12,2,initiator,2026,7416,,-0.096024,9556,12,1.0,0,237,-0.03818425582594577,-0.1599240330705269,-0.1599240330705269,-1.3327002755877242,unverified_statistical_tier2_pool,False
36756,drepeex,38,38,2,controller,2026,7416,7107|59062,0.095965,7107,38,1.0,0,294,-0.044975080437388744,1.2691175119499967,1.2691175119499967,3.339782926184202,unverified_statistical_tier2_pool,False
36886,Nicolee,2,2,1,duelist,2026,7416,45150|54723|56908|62877,-0.030871,45150,2,1.0,0,342,-0.047447091887610926,0.008238916315470468,0.008238916315470468,0.4119458157735234,unverified_statistical_tier2_pool,False
37017,Midi,11,0,2,initiator,historical_fallback,7416,,-0.016591,3021,7,0.6363636363636364,4,238,-0.03895063454622416,0.059332797107607194,,,unverified_statistical_tier2_pool,False
37019,X3B,5,0,1,initiator,historical_fallback,7416,,-0.017363,25494,5,1.0,0,238,-0.03895063454622416,0.026913545525313165,,,unverified_statistical_tier2_pool,False
37020,XiYiJi,3,0,1,initiator,historical_fallback,7416,,-0.004535,4881,3,1.0,0,238,-0.03895063454622416,0.024809587903565467,,,unverified_statistical_tier2_pool,False
37022,who,1,1,1,initiator,2026,7416,,-0.013396,45699,1,1.0,0,238,-0.03895063454622416,0.006192326183129426,0.006192326183129426,0.6192326183129426,unverified_statistical_tier2_pool,False
37046,slightslash,4,4,1,initiator,2026,7416,23596|23633|23691|51818,-0.062064,23596,4,1.0,0,238,-0.03895063454622416,-0.022302183761879202,-0.022302183761879202,-0.55755459404698,unverified_statistical_tier2_pool,False
37067,Lee,11,11,1,controller,2026,7416,23686|26826|34104|59559,-0.009498,23686,11,1.0,0,294,-0.044975080437388744,0.09579141027987459,0.09579141027987459,0.8708310025443144,unverified_statistical_tier2_pool,False
37091,peixeh,28,28,2,controller,2026,7416,,0.124151,33121,23,0.8214285714285714,5,294,-0.044975080437388744,1.1559313844687795,1.1559313844687795,4.128326373102785,unverified_statistical_tier2_pool,False
37095,kwn,49,49,3,initiator,2026,7416,44309,-0.072228,44309,49,1.0,0,237,-0.03818425582594577,-0.4044144916339543,-0.4044144916339543,-0.8253356972121517,unverified_statistical_tier2_pool,False
37098,Tiezzi,46,46,1,duelist,2026,7416,23010|41225,0.004411,1586,46,1.0,0,341,-0.047602989289219654,0.5855486575236379,0.5855486575236379,1.2729318641818217,unverified_statistical_tier2_pool,False
37105,Loss,59,59,2,duelist,2026,7416,,0.056903,45864,32,0.5423728813559322,27,341,-0.047602989289219654,1.4688496372002808,1.4688496372002808,2.489575656271662,unverified_statistical_tier2_pool,False
37354,basic,26,26,1,duelist,2026,7416,,-0.04918,3722,26,1.0,0,342,-0.047447091887610926,-0.010378582654335888,-0.010378582654335888,-0.03991762559359957,unverified_statistical_tier2_pool,False
37393,Luca,49,49,1,initiator,2026,7416,,0.071249,4663,49,1.0,0,237,-0.03920609411965029,1.3227563158505848,1.3227563158505848,2.6995026854093567,unverified_statistical_tier2_pool,False
37421,riya,4,0,1,duelist,historical_fallback,7416,7851|24302|47977,-0.02234,7851,4,1.0,0,342,-0.047447091887610926,0.02487494884108904,,,unverified_statistical_tier2_pool,False
37475,Kaily,9,9,1,initiator,2026,7416,,0.040161,34760,9,1.0,0,238,-0.03895063454622416,0.17488823899242856,0.17488823899242856,1.9432026554714286,unverified_statistical_tier2_pool,False
37489,Lysoar,225,93,4,controller,2026,7416,,0.07619,22047,93,0.41333333333333333,132,295,-0.04470957291189566,6.570280081695843,2.710059522229482,2.9140424970209486,unverified_statistical_tier2_pool,False
37494,Kai,180,63,2,duelist,2026,7416,,-0.027814,4770,153,0.85,27,342,-0.047447091887610926,0.8639120378833385,0.3028210212955718,0.4806682877707489,unverified_statistical_tier2_pool,False
37532,Zexy,55,40,2,duelist,2026,7416,34926|42733,0.036988,34926,55,1.0,0,342,-0.047447091887610926,1.1279828005150265,0.8135480524468041,2.03387013111701,unverified_statistical_tier2_pool,False
37535,JaebiN,38,38,2,duelist,2026,7416,,-0.051045,25082,38,1.0,0,341,-0.046979399682784743,-0.03544927151946792,-0.03544927151946792,-0.09328755663017872,unverified_statistical_tier2_pool,False
37639,Hyuse,14,14,2,controller,2026,7416,14213|23976|51893|56064,-0.161594,14213,14,1.0,0,294,-0.04401135369692863,-0.3563429487495716,-0.3563429487495716,-2.5453067767826547,unverified_statistical_tier2_pool,False
37646,Ao,24,24,2,controller,2026,7416,52535,-0.069758,52535,24,1.0,0,294,-0.04401135369692863,-0.1510976166777615,-0.1510976166777615,-0.6295734028240062,unverified_statistical_tier2_pool,False
37656,Kyedae,1,0,1,sentinel,historical_fallback,7416,31376|35089|55809|55810,-0.009315,31376,1,1.0,0,121,-0.034884002137719895,0.0063386827078014685,,,unverified_statistical_tier2_pool,False
37674,MrCANI,41,0,2,initiator,historical_fallback,7416,,0.004579,5796,21,0.5121951219512195,20,238,-0.03895063454622416,0.4339292371303075,,,unverified_statistical_tier2_pool,False
37697,Dro9,6,6,1,initiator,2026,7416,16262|47950|48656,-0.037507,16262,6,1.0,0,238,-0.03895063454622416,0.00216058235887151,0.00216058235887151,0.03600970598119183,unverified_statistical_tier2_pool,False
37704,heartless,14,14,1,initiator,2026,7416,11696,-0.058841,873,14,1.0,0,237,-0.03818425582594577,-0.0690610799340658,-0.0690610799340658,-0.49329342810047,unverified_statistical_tier2_pool,False
37705,Nino,6,6,1,sentinel,2026,7416,59061|59320|61028,-0.032057,59061,6,1.0,0,121,-0.034884002137719895,0.0042193801718573565,0.0042193801718573565,0.07032300286428927,unverified_statistical_tier2_pool,False
37796,bangz,7,7,1,initiator,2026,7416,,-0.051934,57990,7,1.0,0,238,-0.03895063454622416,-0.022418151128902886,-0.022418151128902886,-0.3202593018414698,unverified_statistical_tier2_pool,False
37841,nosby,6,6,1,controller,2026,7416,,-0.063228,4540,6,1.0,0,295,-0.04470957291189566,-0.02715125632519405,-0.02715125632519405,-0.45252093875323424,unverified_statistical_tier2_pool,False
37847,Fighter,21,7,2,controller,2026,7416,,-0.06097,1618,14,0.6666666666666666,7,295,-0.04470957291189566,-0.08436862018577002,-0.02817351506029836,-0.40247878657569086,unverified_statistical_tier2_pool,False
37925,Kolosha,61,61,2,duelist,2026,7416,,0.140676,29559,52,0.8524590163934426,9,341,-0.047602989289219654,2.7945979759935216,2.7945979759935216,4.581308157366429,unverified_statistical_tier2_pool,False
37927,happywei,182,93,1,controller,2026,7416,22047,0.099185,22047,182,1.0,0,295,-0.04470957291189566,6.334329776416158,3.2261031636977,3.4689281330082795,unverified_statistical_tier2_pool,False
38345,tsägä,4,4,1,sentinel,2026,7416,5303|38347|52537|55699,-0.05635,5303,4,1.0,0,121,-0.034884002137719895,-0.020836797313475652,-0.020836797313475652,-0.5209199328368913,unverified_statistical_tier2_pool,False
38347,Keks u,4,4,1,controller,2026,7416,5303|38345|52537|55699,-0.05635,5303,4,1.0,0,295,-0.04470957291189566,-0.011289966871497137,-0.011289966871497137,-0.2822491717874284,unverified_statistical_tier2_pool,False
38353,Saud,11,11,1,duelist,2026,7416,27299|33464|60897,0.000608,27299,11,1.0,0,341,-0.047602989289219654,0.1317092012880422,0.1317092012880422,1.197356375345838,unverified_statistical_tier2_pool,False
38369,Only1,30,30,1,duelist,2026,7416,4038|7888|34785|51094,-0.01233,4038,30,1.0,0,341,-0.047602989289219654,0.2565452455632655,0.2565452455632655,0.8551508185442185,unverified_statistical_tier2_pool,False
38627,Aljassmi,5,5,1,sentinel,2026,7416,,0.008083,5618,5,1.0,0,121,-0.034884002137719895,0.053096439742679746,0.053096439742679746,1.061928794853595,unverified_statistical_tier2_pool,False
38857,benG,64,64,2,controller,2026,7416,,0.058592,1294,64,1.0,0,294,-0.044975080437388744,1.5700798822274187,1.5700798822274187,2.4532498159803415,unverified_statistical_tier2_pool,False
38912,yuno,3,3,1,sentinel,2026,7416,,-0.043857,20538,3,1.0,0,121,-0.034884002137719895,-0.0064866673118731955,-0.0064866673118731955,-0.2162222437291065,unverified_statistical_tier2_pool,False
38921,Fotzy,13,13,1,controller,2026,7416,,-0.028741,25097,13,1.0,0,294,-0.044975080437388744,0.05054908360665383,0.05054908360665383,0.3888391046665679,unverified_statistical_tier2_pool,False
39021,Notexxd,49,49,2,controller,2026,7416,,0.059344,3685,47,0.9591836734693877,2,294,-0.044975080437388744,1.2467536336489353,1.2467536336489353,2.5443951707121126,unverified_statistical_tier2_pool,False
39062,Terrox,27,27,1,sentinel,2026,7416,12514|22042|27813,-0.022437,12514,27,1.0,0,120,-0.035601050290873654,0.0847936654767526,0.0847936654767526,0.3140506128768615,unverified_statistical_tier2_pool,False
39124,Bearrett,3,3,1,initiator,2026,7416,,-0.036284,31910,3,1.0,0,238,-0.03895063454622416,0.001907862703194263,0.001907862703194263,0.06359542343980877,unverified_statistical_tier2_pool,False
39157,xanic,8,8,1,duelist,2026,7416,22687|22698|55081,-0.044105,22687,8,1.0,0,342,-0.047447091887610926,0.006267928144218393,0.006267928144218393,0.07834910180272991,unverified_statistical_tier2_pool,False
39180,echo,9,9,1,controller,2026,7416,,-0.033444,9017,9,1.0,0,295,-0.04470957291189566,0.024945572006398575,0.024945572006398575,0.27717302229331753,unverified_statistical_tier2_pool,False
39239,payne,64,64,1,controller,2026,7416,16671|41550,0.072659,16671,64,1.0,0,294,-0.044975080437388744,1.833873544003099,1.833873544003099,2.8654274125048422,unverified_statistical_tier2_pool,False
39245,Soerzz,2,2,1,duelist,2026,7416,,-0.028428,18784,2,1.0,0,342,-0.047447091887610926,0.008873282232313706,0.008873282232313706,0.4436641116156853,unverified_statistical_tier2_pool,False
39285,Fezisss,39,39,1,controller,2026,7416,45769|50288,0.02964,45769,39,1.0,0,294,-0.044975080437388744,0.6916643570398724,0.6916643570398724,1.7734983513842881,unverified_statistical_tier2_pool,False
39351,wezzy,41,41,1,controller,2026,7416,4892|50776|52965,0.043306,4892,41,1.0,0,294,-0.044975080437388744,0.8663271385843389,0.8663271385843389,2.1129930209374117,unverified_statistical_tier2_pool,False
39352,Rensz,5,5,1,sentinel,2026,7416,,-0.058895,4892,5,1.0,0,121,-0.034884002137719895,-0.029763257246138042,-0.029763257246138042,-0.5952651449227608,unverified_statistical_tier2_pool,False
39357,s0pp,79,71,2,duelist,2026,7416,,0.143972,5568,71,0.8987341772151899,8,342,-0.047447091887610926,3.6717800060123835,3.294556781907107,4.6402208195874755,unverified_statistical_tier2_pool,False
39485,Scales,110,76,1,controller,2026,7416,,0.082106,41739,97,0.8818181818181818,13,295,-0.04470957291189566,3.404221738178543,2.3396744336054844,3.0785189915861637,unverified_statistical_tier2_pool,False
39494,Yueluo,5,0,1,controller,historical_fallback,7416,1175|46578,-0.035231,1175,5,1.0,0,295,-0.04470957291189566,0.01177181124371618,,,unverified_statistical_tier2_pool,False
39538,Bull3tZ,37,37,2,duelist,2026,7416,,-0.01579,25097,22,0.5945945945945946,15,341,-0.047602989289219654,0.2796244125798127,0.2796244125798127,0.7557416556211154,unverified_statistical_tier2_pool,False
39557,Xalleby,13,13,2,duelist,2026,7416,,-0.175225,45706,11,0.8461538461538461,2,341,-0.046979399682784743,-0.37596140620061136,-0.37596140620061136,-2.8920108169277796,unverified_statistical_tier2_pool,False
39602,Recoil,63,63,3,initiator,2026,7416,,-0.074694,9017,43,0.6825396825396826,20,237,-0.03818425582594577,-0.5512056545546464,-0.5512056545546464,-0.8749296104042007,unverified_statistical_tier2_pool,False
39682,WanZeru,62,62,1,duelist,2026,7416,19526,0.083959,3839,62,1.0,0,341,-0.047602989289219654,1.9611233141047608,1.9611233141047608,3.163102119523808,unverified_statistical_tier2_pool,False
39695,sunfloweR,60,60,3,controller,2026,7416,,0.130061,7107,38,0.6333333333333333,22,294,-0.044975080437388744,2.5254088049456573,2.5254088049456573,4.209014674909429,unverified_statistical_tier2_pool,False
39697,cb,119,47,3,duelist,2026,7416,,0.069221,41054,94,0.7899159663865546,25,342,-0.047447091887610926,3.4157606944188563,1.35139005993475,2.87529799986117,unverified_statistical_tier2_pool,False
40003,Wintxrr,36,36,1,controller,2026,7416,,0.039698,31350,36,1.0,0,294,-0.044975080437388744,0.7331012771429887,0.7331012771429887,2.036392436508302,unverified_statistical_tier2_pool,False
40004,globeX,56,56,1,duelist,2026,7416,,0.002779,292,56,1.0,0,341,-0.047602989289219654,0.6866829034165891,0.6866829034165891,1.2262194703867664,unverified_statistical_tier2_pool,False
40057,BatmaN,22,22,1,controller,2026,7416,,0.019667,47835,15,0.6818181818181818,7,294,-0.044975080437388744,0.34591100136538544,0.34591100136538544,1.5723227334790246,unverified_statistical_tier2_pool,False
40066,Raez10,10,10,1,initiator,2026,7416,62775|62776,0.027697,62775,10,1.0,0,237,-0.03920609411965029,0.16582261993506725,0.16582261993506725,1.6582261993506726,unverified_statistical_tier2_pool,False
40074,Kladenstein,50,50,1,duelist,2026,7416,,0.04734,36616,45,0.9,5,341,-0.047602989289219654,1.1489595161437367,1.1489595161437367,2.2979190322874734,unverified_statistical_tier2_pool,False
40089,SALT,4,4,1,initiator,2026,7416,19207|20180|58385,-0.063802,19207,4,1.0,0,238,-0.03895063454622416,-0.02461877293894399,-0.02461877293894399,-0.6154693234735997,unverified_statistical_tier2_pool,False
40106,Anir,2,2,1,sentinel,2026,7416,62912|62913|62914|62915,-0.030061,62912,2,1.0,0,121,-0.034884002137719895,0.002388390726966394,0.002388390726966394,0.1194195363483197,unverified_statistical_tier2_pool,False
40212,Naifma7,7,7,1,initiator,2026,7416,22291,-0.04354,2894,7,1.0,0,238,-0.03895063454622416,-0.00794797969146549,-0.00794797969146549,-0.11354256702093557,unverified_statistical_tier2_pool,False
40218,FuRy,12,12,1,controller,2026,7416,41087|53124,-0.019824,41087,12,1.0,0,294,-0.044975080437388744,0.07410814855512321,0.07410814855512321,0.6175679046260267,unverified_statistical_tier2_pool,False
40279,NGen,22,22,2,initiator,2026,7416,,0.087756,34973,20,0.9090909090909091,2,237,-0.03920609411965029,0.6716790865589136,0.6716790865589136,3.053086757085971,unverified_statistical_tier2_pool,False
40310,felito,22,22,1,initiator,2026,7416,5477,-0.134722,5477,22,1.0,0,237,-0.03818425582594577,-0.4759952580242653,-0.4759952580242653,-2.163614809201206,unverified_statistical_tier2_pool,False
40511,NIZ,28,28,1,initiator,2026,7416,,0.070658,3401,28,1.0,0,237,-0.03920609411965029,0.7451097199016934,0.7451097199016934,2.6611061425060476,unverified_statistical_tier2_pool,False
40587,nysHAA,9,9,1,initiator,2026,7416,,0.010636,46440,9,1.0,0,238,-0.03895063454622416,0.10971114618738814,0.10971114618738814,1.2190127354154239,unverified_statistical_tier2_pool,False
40591,ComeBack,60,24,4,duelist,2026,7416,,-0.032136,5565,22,0.36666666666666664,38,342,-0.047447091887610926,0.22409347021935067,0.08965551377590403,0.37356464073293344,unverified_statistical_tier2_pool,False
40610,LuXlis,8,0,1,controller,historical_fallback,7416,58954|58955,-0.029225,4666,8,1.0,0,295,-0.04470957291189566,0.030809238897128333,,,unverified_statistical_tier2_pool,False
40665,YappA,31,31,1,initiator,2026,7416,40667,-0.039206,40667,31,1.0,0,237,-0.03818425582594577,-0.00757439800822951,-0.00757439800822951,-0.024433541962030677,unverified_statistical_tier2_pool,False
40667,mazen,31,31,1,duelist,2026,7416,40665,-0.039206,40665,31,1.0,0,341,-0.047602989289219654,0.06221206497943102,0.06221206497943102,0.20068408057880976,unverified_statistical_tier2_pool,False
40668,CHADONjr,15,15,2,initiator,2026,7416,,-0.153846,4614,8,0.5333333333333333,7,237,-0.03818425582594577,-0.4068606594494225,-0.4068606594494225,-2.7124043963294833,unverified_statistical_tier2_pool,False
40670,Block,7,7,1,initiator,2026,7416,,0.011573,12673,7,1.0,0,238,-0.03895063454622416,0.08760112555019339,0.08760112555019339,1.2514446507170487,unverified_statistical_tier2_pool,False
40697,hAwksinho,28,28,1,duelist,2026,7416,2570,0.006536,2570,28,1.0,0,341,-0.047602989289219654,0.3723059404811956,0.3723059404811956,1.329664073147127,unverified_statistical_tier2_pool,False
40702,bênjiro,19,19,2,initiator,2026,7416,,0.006895,9556,10,0.5263157894736842,9,237,-0.03920609411965029,0.21362773039358662,0.21362773039358662,1.124356475755719,unverified_statistical_tier2_pool,False
40726,Gwangboong,21,21,1,duelist,2026,7416,17169,0.037236,993,21,1.0,0,341,-0.047602989289219654,0.42502532349839717,0.42502532349839717,2.0239301118971293,unverified_statistical_tier2_pool,False
40734,Hands,9,9,1,duelist,2026,7416,48492|49680|62033,-0.035715,33417,9,1.0,0,342,-0.047447091887610926,0.025287079694435388,0.025287079694435388,0.28096755216039315,unverified_statistical_tier2_pool,False
40736,Kapi,8,8,1,controller,2026,7416,17091|34825|43075|48879,-0.094753,17091,8,1.0,0,295,-0.04470957291189566,-0.09234477953945561,-0.09234477953945561,-1.154309744243195,unverified_statistical_tier2_pool,False
40738,KillAA,10,10,1,controller,2026,7416,2511|4477|43045,-0.025751,2511,10,1.0,0,294,-0.044975080437388744,0.0469783854334227,0.0469783854334227,0.469783854334227,unverified_statistical_tier2_pool,False
40841,kabzi,35,35,1,controller,2026,7416,,0.069674,33527,35,1.0,0,294,-0.044975080437388744,0.9851014924578457,0.9851014924578457,2.8145756927367023,unverified_statistical_tier2_pool,False
40842,ibonata,53,53,2,initiator,2026,7416,33527|33551|41719,0.059933,33527,53,1.0,0,237,-0.03920609411965029,1.2874796104799744,1.2874796104799744,2.429206812226367,unverified_statistical_tier2_pool,False
40843,audaz,57,49,2,controller,2026,7416,12670|41720,0.056644,12670,57,1.0,0,295,-0.04470957291189566,1.3938658617145459,1.1950927459192577,2.4389647875903218,unverified_statistical_tier2_pool,False
40845,Levius,85,0,1,sentinel,historical_fallback,7416,,0.078094,4774,85,1.0,0,121,-0.034884002137719895,2.3673904386606868,,,unverified_statistical_tier2_pool,False
40858,raised,46,46,2,duelist,2026,7416,,-0.00692,37095,28,0.6086956521739131,18,341,-0.047602989289219654,0.45693822322638955,0.45693822322638955,0.9933439635356295,unverified_statistical_tier2_pool,False
40859,taka,45,45,3,duelist,2026,7416,,0.051611,33121,41,0.9111111111111111,4,341,-0.047602989289219654,1.0882388030951218,1.0882388030951218,2.418308451322493,unverified_statistical_tier2_pool,False
40889,decoy,40,40,1,duelist,2026,7416,40891|40892|50788|54802,0.049145,40891,40,1.0,0,341,-0.047602989289219654,0.9454084889316057,0.9454084889316057,2.3635212223290143,unverified_statistical_tier2_pool,False
40891,Batenkh,40,40,1,initiator,2026,7416,40889|40892|50788|54802,0.049145,40889,40,1.0,0,237,-0.03920609411965029,0.8631793871195277,0.8631793871195277,2.157948467798819,unverified_statistical_tier2_pool,False
40892,diky,40,40,1,controller,2026,7416,40889|40891|50788|54802,0.049145,40889,40,1.0,0,294,-0.044975080437388744,0.919671399026483,0.919671399026483,2.2991784975662073,unverified_statistical_tier2_pool,False
40910,consz,23,23,1,duelist,2026,7416,,0.098935,3639,23,1.0,0,341,-0.047602989289219654,0.796017901229707,0.796017901229707,3.4609473966509,unverified_statistical_tier2_pool,False
40935,lovers rock,62,53,2,duelist,2026,7416,12795,0.033513,5565,62,1.0,0,342,-0.047447091887610926,1.2049151198503103,1.026120966338382,1.9360772949780791,unverified_statistical_tier2_pool,False
40948,falc0n,3,3,1,initiator,2026,7416,62896|62897|62898,-0.015718,62895,3,1.0,0,238,-0.03895063454622416,0.017402230502600036,0.017402230502600036,0.5800743500866679,unverified_statistical_tier2_pool,False
40972,Pa2Z,7,7,1,controller,2026,7416,15264|15265|19007|62944,-0.031748,15264,7,1.0,0,295,-0.04470957291189566,0.021666564104355357,0.021666564104355357,0.3095223443479337,unverified_statistical_tier2_pool,False
41029,Z1yan,58,10,2,unknown,2026,7416,,-0.014538,3519,48,0.8275862068965517,10,0,,,,,unverified_statistical_tier2_pool,False
41053,Snail,7,0,1,initiator,historical_fallback,7416,320|17216,-0.010164,320,7,1.0,0,238,-0.03895063454622416,0.04985498554916512,,,unverified_statistical_tier2_pool,False
41054,GuanG,112,40,2,sentinel,2026,7416,,-0.069899,39697,94,0.8392857142857143,18,121,-0.034884002137719895,-0.9646986528902042,-0.3422473550166348,-0.855618387541587,unverified_statistical_tier2_pool,False
41076,Heizzy,8,8,1,duelist,2026,7416,7994|53059,0.001558,7994,8,1.0,0,342,-0.047447091887610926,0.0974647756175317,0.0974647756175317,1.2183096952191461,unverified_statistical_tier2_pool,False
41087,soull,12,12,1,initiator,2026,7416,40218|53124,-0.019824,40218,12,1.0,0,237,-0.03920609411965029,0.057124198315299135,0.057124198315299135,0.47603498596082616,unverified_statistical_tier2_pool,False
41088,ImNotD7o,4,4,1,initiator,2026,7416,,-0.001095,40218,4,1.0,0,238,-0.03895063454622416,0.03751480023062692,0.03751480023062692,0.937870005765673,unverified_statistical_tier2_pool,False
41089,potato484,8,8,1,initiator,2026,7416,,-0.018729,40218,8,1.0,0,238,-0.03895063454622416,0.039556452445164314,0.039556452445164314,0.49445565556455395,unverified_statistical_tier2_pool,False
41128,Mathi,50,50,2,duelist,2026,7416,,0.055757,2909,50,1.0,0,341,-0.047602989289219654,1.2462068005506288,1.2462068005506288,2.4924136011012576,unverified_statistical_tier2_pool,False
41134,nx1,45,45,1,controller,2026,7416,59095,0.147072,2931,45,1.0,0,294,-0.044975080437388744,2.016071624026328,2.016071624026328,4.480159164502951,unverified_statistical_tier2_pool,False
41135,Dantedeu5,79,40,2,duelist,2026,7416,,0.054656,727,40,0.5063291139240507,39,342,-0.047447091887610926,1.9388273752883247,0.9609837965250014,2.4024594913125035,unverified_statistical_tier2_pool,False
41220,krejz,17,17,1,controller,2026,7416,41390,-0.00896,2570,17,1.0,0,294,-0.044975080437388744,0.14965813450293458,0.14965813450293458,0.880341967664321,unverified_statistical_tier2_pool,False
41224,tkzin,85,85,2,duelist,2026,7416,,0.137102,1294,39,0.4588235294117647,46,341,-0.047602989289219654,3.7767170991909405,3.7767170991909405,4.44319658728346,unverified_statistical_tier2_pool,False
41225,kramarick,46,46,1,sentinel,2026,7416,23010|37098,0.004411,1586,46,1.0,0,120,-0.035601050290873654,0.4505548458220574,0.4505548458220574,0.9794670561349075,unverified_statistical_tier2_pool,False
41390,troizyyy,17,17,1,controller,2026,7416,41220,-0.00896,2570,17,1.0,0,294,-0.044975080437388744,0.14965813450293458,0.14965813450293458,0.880341967664321,unverified_statistical_tier2_pool,False
41409,vandals,21,21,1,duelist,2026,7416,,-0.07219,2968,15,0.7142857142857143,6,341,-0.046979399682784743,-0.12760611244383668,-0.12760611244383668,-0.6076481544944604,unverified_statistical_tier2_pool,False
41449,Campos,21,21,2,duelist,2026,7416,,-0.002536,662,15,0.7142857142857143,6,341,-0.047602989289219654,0.22883799444181013,0.22883799444181013,1.089704735437191,unverified_statistical_tier2_pool,False
41456,mxnor,12,12,1,initiator,2026,7416,,-0.000643,22914,12,1.0,0,237,-0.03920609411965029,0.10950932985011064,0.10950932985011064,0.912577748750922,unverified_statistical_tier2_pool,False
41466,mixyce,10,10,1,initiator,2026,7416,,0.025551,5342,10,1.0,0,237,-0.03920609411965029,0.16067383760883053,0.16067383760883053,1.6067383760883054,unverified_statistical_tier2_pool,False
41482,dth,39,39,1,controller,2026,7416,,0.038498,1586,39,1.0,0,294,-0.044975080437388744,0.7972313683989223,0.7972313683989223,2.0441829958946727,unverified_statistical_tier2_pool,False
41550,zaj,64,64,1,duelist,2026,7416,16671|39239,0.072659,16671,64,1.0,0,341,-0.047602989289219654,1.8748741963734576,1.8748741963734576,2.9294909318335276,unverified_statistical_tier2_pool,False
41552,doozy,19,19,2,duelist,2026,7416,42348|58707|58750,-0.084687,42348,19,1.0,0,341,-0.046979399682784743,-0.16804102270486948,-0.16804102270486948,-0.8844264352887867,unverified_statistical_tier2_pool,False
41694,endoist,60,60,2,duelist,2026,7416,48516,0.082782,2366,60,1.0,0,341,-0.047602989289219654,1.9139723314580777,1.9139723314580777,3.189953885763463,unverified_statistical_tier2_pool,False
41702,canady,55,55,2,initiator,2026,7416,,0.098069,2366,55,1.0,0,237,-0.03920609411965029,1.8447350727146525,1.8447350727146525,3.3540637685720953,unverified_statistical_tier2_pool,False
41718,Spear,31,31,3,duelist,2026,7416,,-0.029322,1399,16,0.5161290322580645,15,341,-0.047602989289219654,0.1385376707180473,0.1385376707180473,0.44689571199370093,unverified_statistical_tier2_pool,False
41719,mepeezy,53,53,2,duelist,2026,7416,33527|33551|40842,0.059933,33527,53,1.0,0,341,-0.047602989289219654,1.3965539627004095,1.3965539627004095,2.6350074767932257,unverified_statistical_tier2_pool,False
41720,Favian,57,49,2,duelist,2026,7416,12670|40843,0.056644,12670,57,1.0,0,342,-0.047447091887610926,1.4314454807511288,1.2272696546702275,2.504631948306587,unverified_statistical_tier2_pool,False
41731,JulCáesar,9,9,1,sentinel,2026,7416,49335,-0.092785,10141,9,1.0,0,121,-0.034884002137719895,-0.12318943274748029,-0.12318943274748029,-1.3687714749720032,unverified_statistical_tier2_pool,False
41739,slowly,119,76,2,duelist,2026,7416,,0.024637,39485,97,0.8151260504201681,22,342,-0.047447091887610926,2.088783254243064,1.3263659527498564,1.7452183588813899,unverified_statistical_tier2_pool,False
41765,Lituu,6,6,1,controller,2026,7416,16268|46442|50064|59810,-0.031792,16268,6,1.0,0,295,-0.04470957291189566,0.019290340615995438,0.019290340615995438,0.3215056769332573,unverified_statistical_tier2_pool,False
41774,Shion7,40,0,1,initiator,historical_fallback,7416,,-0.031141,3741,40,1.0,0,238,-0.03895063454622416,0.07682035992041208,,,unverified_statistical_tier2_pool,False
41798,nightz,21,21,1,duelist,2026,7416,,0.003065,1129,21,1.0,0,342,-0.047447091887610926,0.24286384269838074,0.24286384269838074,1.1564944890399083,unverified_statistical_tier2_pool,False
41834,Panda,5,5,2,initiator,2026,7416,,-0.049306,48054,3,0.6,2,238,-0.03895063454622416,-0.01289914231832373,-0.01289914231832373,-0.2579828463664746,unverified_statistical_tier2_pool,False
41840,NoMeRcY,10,10,2,duelist,2026,7416,,-0.060462,43448,6,0.6,4,341,-0.046979399682784743,-0.02975007907766805,-0.02975007907766805,-0.2975007907766805,unverified_statistical_tier2_pool,False
41864,rodd,29,29,1,initiator,2026,7416,5722|44903,-0.11453,5722,29,1.0,0,237,-0.03818425582594577,-0.5227319910829754,-0.5227319910829754,-1.8025241071826739,unverified_statistical_tier2_pool,False
41866,theusz,6,6,1,duelist,2026,7416,48052|48965|50786|53438,-0.045597,48052,6,1.0,0,342,-0.047447091887610926,0.0027342542882263787,0.0027342542882263787,0.04557090480377298,unverified_statistical_tier2_pool,False
41894,icie,7,7,1,duelist,2026,7416,,-0.062595,29691,7,1.0,0,342,-0.047447091887610926,-0.02473141118040917,-0.02473141118040917,-0.35330587400584523,unverified_statistical_tier2_pool,False
42008,pAwn1,14,14,1,initiator,2026,7416,55083,-0.050519,10137,14,1.0,0,237,-0.03818425582594577,-0.04166313228347407,-0.04166313228347407,-0.29759380202481484,unverified_statistical_tier2_pool,False
42064,hieu,36,36,1,duelist,2026,7416,,0.01854,4917,36,1.0,0,341,-0.047602989289219654,0.5690512776380119,0.5690512776380119,1.580697993438922,unverified_statistical_tier2_pool,False
42199,Rei,48,48,1,duelist,2026,7416,,0.038474,7639,48,1.0,0,341,-0.047602989289219654,0.9866799602865597,0.9866799602865597,2.055583250596999,unverified_statistical_tier2_pool,False
42235,Dynamite,69,62,1,duelist,2026,7416,,-0.07415,4720,69,1.0,0,342,-0.047447091887610926,-0.444574068426006,-0.39808175683023084,-0.6420673497261787,unverified_statistical_tier2_pool,False
42317,Krish,10,10,1,controller,2026,7416,33190|42318|48809|51474,0.032862,33190,10,1.0,0,294,-0.044975080437388744,0.18945945824744476,0.18945945824744476,1.8945945824744477,unverified_statistical_tier2_pool,False
42318,Ssqkkii,10,10,1,initiator,2026,7416,33190|42317|48809|51474,0.032862,33190,10,1.0,0,237,-0.03920609411965029,0.17542567082421534,0.17542567082421534,1.7542567082421534,unverified_statistical_tier2_pool,False
42348,Elyxo,19,19,2,initiator,2026,7416,41552|58707|58750,-0.084687,41552,19,1.0,0,237,-0.03818425582594577,-0.20742385738919605,-0.20742385738919605,-1.091704512574716,unverified_statistical_tier2_pool,False
42358,Darxcioo,65,65,2,duelist,2026,7416,,0.080705,29559,58,0.8923076923076924,7,341,-0.047602989289219654,2.0166035186200615,2.0166035186200615,3.1024669517231716,unverified_statistical_tier2_pool,False
42365,ViiZiionZzz,39,39,1,duelist,2026,7416,31350,0.051491,31350,39,1.0,0,341,-0.047602989289219654,0.9315004512845774,0.9315004512845774,2.3884626956014805,unverified_statistical_tier2_pool,False
42371,T0BA,29,29,1,sentinel,2026,7416,,0.052697,31350,29,1.0,0,120,-0.035601050290873654,0.6147687402093012,0.6147687402093012,2.11989220761828,unverified_statistical_tier2_pool,False
42454,sizo,29,29,2,sentinel,2026,7416,,0.096932,29559,28,0.9655172413793104,1,120,-0.035601050290873654,0.937378578437133,0.937378578437133,3.2323399256452863,unverified_statistical_tier2_pool,False
42491,Kaito,4,4,1,initiator,2026,7416,17010|58913|58914,-0.060587,17010,4,1.0,0,238,-0.03895063454622416,-0.021191742633956623,-0.021191742633956623,-0.5297935658489156,unverified_statistical_tier2_pool,False
42513,Dingwei,15,8,2,initiator,2026,7416,,-0.063742,8240,8,0.5333333333333333,7,238,-0.03895063454622416,-0.09188503450424673,-0.048801173062705816,-0.6100146632838227,unverified_statistical_tier2_pool,False
42535,TheMisterCH,1,0,1,initiator,historical_fallback,3579,3579|16078|58090|58091,-0.01138,3579,1,1.0,0,0,,,,,unverified_statistical_tier2_pool,False
42537,HanChe,35,0,2,sentinel,historical_fallback,7416,,-0.039297,46748,35,1.0,0,121,-0.034884002137719895,-0.0379968019329201,,,unverified_statistical_tier2_pool,False
42570,Necro,6,6,1,initiator,2026,7416,42662|49719|50246|61320,-0.030491,42662,6,1.0,0,238,-0.03895063454622416,0.012611326252511823,0.012611326252511823,0.21018877087519705,unverified_statistical_tier2_pool,False
42633,Bjorn,7,7,1,duelist,2026,7416,9943|20443|30305|30911,-0.044952,9943,7,1.0,0,342,-0.047447091887610926,0.004349167306887947,0.004349167306887947,0.06213096152697067,unverified_statistical_tier2_pool,False
42638,Amcar,19,19,1,sentinel,2026,7416,,-0.019536,4969,19,1.0,0,120,-0.035601050290873654,0.07206692855237462,0.07206692855237462,0.3792996239598664,unverified_statistical_tier2_pool,False
42651,avey,57,57,1,controller,2026,7416,,0.148053,29559,57,1.0,0,294,-0.044975080437388744,2.666937164669559,2.666937164669559,4.678837130999227,unverified_statistical_tier2_pool,False
42661,BarcK,29,29,2,controller,2026,7416,,-0.015237,8440,19,0.6551724137931034,10,294,-0.044975080437388744,0.2033743453749398,0.2033743453749398,0.7012908461204821,unverified_statistical_tier2_pool,False
42662,obx,6,6,1,duelist,2026,7416,42570|49719|50246|61320,-0.030491,42570,6,1.0,0,342,-0.047447091887610926,0.02527396423889522,0.02527396423889522,0.42123273731492034,unverified_statistical_tier2_pool,False
42702,Krizz,23,23,1,sentinel,2026,7416,,-0.007147,9556,23,1.0,0,120,-0.035601050290873654,0.15232600749156794,0.15232600749156794,0.6622869890937736,unverified_statistical_tier2_pool,False
42714,Raon,4,4,1,duelist,2026,7416,60212|60238|60239|60240,-0.001014,60212,4,1.0,0,342,-0.047447091887610926,0.04617415300311173,0.04617415300311173,1.1543538250777932,unverified_statistical_tier2_pool,False
42721,Awayk,52,52,1,duelist,2026,7416,,0.170151,9192,52,1.0,0,341,-0.047602989289219654,2.5313728491461776,2.5313728491461776,4.8680247098964955,unverified_statistical_tier2_pool,False
42727,G4mM4,1,1,1,controller,2026,7416,42828|61972|61973|61974,-0.014468,42828,1,1.0,0,295,-0.04470957291189566,0.007513190122615809,0.007513190122615809,0.7513190122615809,unverified_statistical_tier2_pool,False
42733,XuNa,55,40,2,initiator,2026,7416,34926|37532,0.036988,34926,55,1.0,0,238,-0.03895063454622416,1.0147864530785458,0.7320067190907886,1.8300167977269717,unverified_statistical_tier2_pool,False
42755,shu,48,48,1,controller,2026,7416,25089|27384|42793|50826,0.073283,25089,48,1.0,0,294,-0.044975080437388744,1.353925732988034,1.353925732988034,2.8206786103917376,unverified_statistical_tier2_pool,False
42767,VaNish,2,2,1,controller,2026,7416,42770|42771|42773|60205,0.000427,42770,2,1.0,0,295,-0.04470957291189566,0.022504750574309285,0.022504750574309285,1.1252375287154641,unverified_statistical_tier2_pool,False
42769,wezzy,29,29,3,duelist,2026,7416,,-0.017237,42842,16,0.5517241379310345,13,341,-0.047602989289219654,0.2083208236087904,0.2083208236087904,0.7183476676165186,unverified_statistical_tier2_pool,False
42770,XirZz,2,2,1,duelist,2026,7416,42767|42771|42773|60205,0.000427,42767,2,1.0,0,342,-0.047447091887610926,0.023868673219636705,0.023868673219636705,1.1934336609818352,unverified_statistical_tier2_pool,False
42771,Nameless,2,2,1,initiator,2026,7416,42767|42770|42773|60205,0.000427,42767,2,1.0,0,238,-0.03895063454622416,0.019635012388233508,0.019635012388233508,0.9817506194116754,unverified_statistical_tier2_pool,False
42772,Xross,96,78,1,initiator,2026,7416,,0.190638,488,96,1.0,0,238,-0.03895063454622416,5.2903968473564715,4.310812389287417,5.526682550368483,unverified_statistical_tier2_pool,False
42773,Foxar,2,2,1,duelist,2026,7416,42767|42770|42771|60205,0.000427,42767,2,1.0,0,342,-0.047447091887610926,0.023868673219636705,0.023868673219636705,1.1934336609818352,unverified_statistical_tier2_pool,False
42790,SPARE,2,2,1,duelist,2026,7416,34938|34993|42791|42792,-0.029197,34938,2,1.0,0,342,-0.047447091887610926,0.009067074926838448,0.009067074926838448,0.4533537463419224,unverified_statistical_tier2_pool,False
42791,sikkaN,2,2,1,initiator,2026,7416,34938|34993|42790|42792,-0.029197,34938,2,1.0,0,238,-0.03895063454622416,0.0048472622450640435,0.0048472622450640435,0.24236311225320217,unverified_statistical_tier2_pool,False
42792,Quokka,2,2,1,sentinel,2026,7416,34938|34993|42790|42791,-0.029197,34938,2,1.0,0,121,-0.034884002137719895,0.0028266791660001567,0.0028266791660001567,0.14133395830000783,unverified_statistical_tier2_pool,False
42793,Kally,48,48,1,duelist,2026,7416,25089|27384|42755|50826,0.073283,25089,48,1.0,0,341,-0.047602989289219654,1.3841223209611357,1.3841223209611357,2.8835881686690326,unverified_statistical_tier2_pool,False
42811,cl1p,6,6,2,sentinel,2026,7416,,0.024389,60217,6,1.0,0,121,-0.034884002137719895,0.08876524204702735,0.08876524204702735,1.4794207007837892,unverified_statistical_tier2_pool,False
42821,DaiLy,2,2,1,duelist,2026,7416,42840|60237|61984,0.000457,42840,2,1.0,0,342,-0.047447091887610926,0.02392426182069568,0.02392426182069568,1.196213091034784,unverified_statistical_tier2_pool,False
42824,Dong2,4,4,1,initiator,2026,7416,42827|61965|61966|61967,-0.001067,42827,4,1.0,0,238,-0.03895063454622416,0.037766863186744604,0.037766863186744604,0.9441715796686151,unverified_statistical_tier2_pool,False
42827,Fiesta,4,4,1,initiator,2026,7416,42824|61965|61966|61967,-0.001067,42824,4,1.0,0,238,-0.03895063454622416,0.037766863186744604,0.037766863186744604,0.9441715796686151,unverified_statistical_tier2_pool,False
42828,Space,1,1,1,duelist,2026,7416,42727|61972|61973|61974,-0.014468,42727,1,1.0,0,342,-0.047447091887610926,0.008192375356087023,0.008192375356087023,0.8192375356087023,unverified_statistical_tier2_pool,False
42829,AshER,3,3,1,controller,2026,7416,9797|31830|42844|61983,-0.013134,9797,3,1.0,0,295,-0.04470957291189566,0.023586013779992643,0.023586013779992643,0.786200459333088,unverified_statistical_tier2_pool,False
42830,Fister,3,3,1,duelist,2026,7416,61969|61970|61971,0.012324,985,3,1.0,0,342,-0.047447091887610926,0.04467105702724494,0.04467105702724494,1.4890352342414979,unverified_statistical_tier2_pool,False
42834,MasterSeochanwoo,2,2,1,duelist,2026,7416,60201|60226|60227|60229,-0.028862,60201,2,1.0,0,342,-0.047447091887610926,0.009229753965062093,0.009229753965062093,0.46148769825310465,unverified_statistical_tier2_pool,False
42840,J1nKyy,2,2,1,controller,2026,7416,42821|60237|61984,0.000457,42821,2,1.0,0,295,-0.04470957291189566,0.02255804942145362,0.02255804942145362,1.127902471072681,unverified_statistical_tier2_pool,False
42842,Axe1,19,19,2,controller,2026,7416,61968,-0.074857,61968,19,1.0,0,294,-0.04401135369692863,-0.14106186329626758,-0.14106186329626758,-0.7424308594540399,unverified_statistical_tier2_pool,False
42843,fl0wy,26,26,1,duelist,2026,7416,,-0.052469,61081,26,1.0,0,341,-0.046979399682784743,-0.03403798790504761,-0.03403798790504761,-0.130915338096337,unverified_statistical_tier2_pool,False
42844,StreN,3,3,1,duelist,2026,7416,9797|31830|42829|61983,-0.013134,9797,3,1.0,0,342,-0.047447091887610926,0.025628616996081488,0.025628616996081488,0.8542872332027164,unverified_statistical_tier2_pool,False
42879,aztex,36,36,1,controller,2026,7416,32675|32801|32802|47551,0.045925,32675,36,1.0,0,294,-0.044975080437388744,0.7992476160557452,0.7992476160557452,2.220132266821514,unverified_statistical_tier2_pool,False
42901,thyy,55,12,2,duelist,2026,7416,,0.020111,13784,55,1.0,0,342,-0.047447091887610926,0.9003658797303447,0.1977805805510835,1.6481715045923624,unverified_statistical_tier2_pool,False
42953,Mathias,5,5,1,duelist,2026,7416,23861|25834|25846|32693,-0.055459,23861,5,1.0,0,342,-0.047447091887610926,-0.009981293039342087,-0.009981293039342087,-0.19962586078684175,unverified_statistical_tier2_pool,False
43007,qiutiaN,47,47,2,initiator,2026,7416,,0.059963,41054,33,0.7021276595744681,14,238,-0.03895063454622416,1.1397321577267396,1.1397321577267396,2.4249620377164676,unverified_statistical_tier2_pool,False
43029,Lipsum,12,12,1,sentinel,2026,7416,43093|47474|64747|64748,-0.067834,43093,12,1.0,0,120,-0.034467022381013575,-0.0941806935919717,-0.0941806935919717,-0.7848391132664309,unverified_statistical_tier2_pool,False
43045,dabuchi,10,10,1,controller,2026,7416,2511|4477|40738,-0.025751,2511,10,1.0,0,294,-0.044975080437388744,0.0469783854334227,0.0469783854334227,0.469783854334227,unverified_statistical_tier2_pool,False
43057,DH,65,39,2,controller,2026,7416,,0.034861,804,36,0.5538461538461539,29,294,-0.044975080437388744,1.2557794905526716,0.7531347298912309,1.9311146920287972,unverified_statistical_tier2_pool,False
43064,Aace,52,43,2,duelist,2026,7416,,0.06944,2615,43,0.8269230769230769,9,341,-0.047602989289219654,1.4790532172576611,1.2220375400679866,2.8419477675999687,unverified_statistical_tier2_pool,False
43074,Satwoshi,52,52,1,duelist,2026,7416,47467|62034,8.2e-05,47467,52,1.0,0,341,-0.047602989289219654,0.598167903477901,0.598167903477901,1.1503228913036558,unverified_statistical_tier2_pool,False
43075,Excel,8,8,1,controller,2026,7416,17091|34825|40736|48879,-0.094753,17091,8,1.0,0,295,-0.04470957291189566,-0.09234477953945561,-0.09234477953945561,-1.154309744243195,unverified_statistical_tier2_pool,False
43090,Keimaru,12,12,1,initiator,2026,7416,49326|50758|64749|64752,-0.055089,49326,12,1.0,0,237,-0.03818425582594577,-0.05007451187444162,-0.05007451187444162,-0.41728759895368017,unverified_statistical_tier2_pool,False
43093,RIFE,12,12,1,controller,2026,7416,43029|47474|64747|64748,-0.067834,43029,12,1.0,0,294,-0.04401135369692863,-0.06718395128840024,-0.06718395128840024,-0.5598662607366687,unverified_statistical_tier2_pool,False
43125,KADIRI,19,9,2,duelist,2026,7416,6659,-0.045044,5228,19,1.0,0,342,-0.047447091887610926,0.011070965180970449,0.0051830606866989926,0.05758956318554436,unverified_statistical_tier2_pool,False
43128,FLOGA,9,9,1,controller,2026,7416,,0.015218,1209,9,1.0,0,295,-0.04470957291189566,0.1285377286667943,0.1285377286667943,1.4281969851866032,unverified_statistical_tier2_pool,False
43389,YasH,27,27,1,duelist,2026,7416,31333|49570,0.047332,31333,27,1.0,0,341,-0.047602989289219654,0.6124237425347007,0.6124237425347007,2.2682360834618542,unverified_statistical_tier2_pool,False
43395,Sanak,10,10,1,duelist,2026,7416,,-0.078157,43448,10,1.0,0,341,-0.046979399682784743,-0.05406906748479354,-0.05406906748479354,-0.5406906748479353,unverified_statistical_tier2_pool,False
43399,LaFlame,19,19,1,duelist,2026,7416,43428,0.091358,43428,19,1.0,0,341,-0.047602989289219654,0.639895926902032,0.639895926902032,3.367873299484379,unverified_statistical_tier2_pool,False
43404,SNIPST,2,2,1,sentinel,2026,7416,,0.042447,10463,2,1.0,0,121,-0.034884002137719895,0.03822799161800383,0.03822799161800383,1.9113995809001916,unverified_statistical_tier2_pool,False
43405,Lavish,2,2,1,duelist,2026,7416,,-0.021349,24912,2,1.0,0,342,-0.047447091887610926,0.011302657675927141,0.011302657675927141,0.5651328837963571,unverified_statistical_tier2_pool,False
43408,Garv,41,41,1,initiator,2026,7416,18702,0.017282,10463,41,1.0,0,237,-0.03920609411965029,0.5500118982544024,0.5500118982544024,1.341492434766835,unverified_statistical_tier2_pool,False
43420,seb1rt,2,2,1,controller,2026,7416,60127,-0.031814,47806,2,1.0,0,295,-0.04470957291189566,0.006307394457610027,0.006307394457610027,0.31536972288050136,unverified_statistical_tier2_pool,False
43428,Akdemon,19,19,1,sentinel,2026,7416,43399,0.091358,43399,19,1.0,0,120,-0.035601050290873654,0.584425328020702,0.584425328020702,3.0759227790563264,unverified_statistical_tier2_pool,False
43441,Bhindi,9,9,1,sentinel,2026,7416,51652|60669|62778|62779,0.034554,51652,9,1.0,0,121,-0.034884002137719895,0.1545082741650996,0.1545082741650996,1.7167586018344398,unverified_statistical_tier2_pool,False
43448,Shanks,14,14,1,initiator,2026,7416,,-0.114688,43449,14,1.0,0,237,-0.03818425582594577,-0.19399257802226574,-0.19399257802226574,-1.3856612715876124,unverified_statistical_tier2_pool,False
43449,bumbo,20,20,2,sentinel,2026,7416,,-0.17795,51628,18,0.9,2,120,-0.034467022381013575,-0.5519406111425629,-0.5519406111425629,-2.7597030557128144,unverified_statistical_tier2_pool,False
43905,Cross,9,9,1,controller,2026,7416,43924|48862|59184|63152,-0.05737,43924,9,1.0,0,295,-0.04470957291189566,-0.02766740726796879,-0.02766740726796879,-0.30741563631076435,unverified_statistical_tier2_pool,False
43924,KaZe,9,9,1,duelist,2026,7416,43905|48862|59184|63152,-0.05737,43905,9,1.0,0,342,-0.047447091887610926,-0.021686564490802474,-0.021686564490802474,-0.24096182767558302,unverified_statistical_tier2_pool,False
43935,ruso,53,53,2,duelist,2026,7416,2909|8278,0.034811,2909,53,1.0,0,341,-0.047602989289219654,1.0550637622753722,1.0550637622753722,1.990686343915797,unverified_statistical_tier2_pool,False
43958,Yuna,3,3,1,duelist,2026,7416,,-0.03384,29240,3,1.0,0,342,-0.047447091887610926,0.008949283899624683,0.008949283899624683,0.29830946332082275,unverified_statistical_tier2_pool,False
43997,RYKER,45,45,1,duelist,2026,7416,,-0.096599,64,32,0.7111111111111111,13,341,-0.046979399682784743,-0.5463255716830797,-0.5463255716830797,-1.2140568259623994,unverified_statistical_tier2_pool,False
44075,dedmos,80,80,1,controller,2026,7416,21428|49571,0.068973,15931,80,1.0,0,294,-0.044975080437388744,2.162878674822528,2.162878674822528,2.70359834352816,unverified_statistical_tier2_pool,False
44085,Booey,3,3,1,duelist,2026,7416,24232|30733|53353|63180,-0.046771,24232,3,1.0,0,342,-0.047447091887610926,0.0004914243041457267,0.0004914243041457267,0.01638081013819089,unverified_statistical_tier2_pool,False
44128,XiaoFeng,6,6,1,controller,2026,7416,56432|56679,0.047469,11704,6,1.0,0,295,-0.04470957291189566,0.13624067351155,0.13624067351155,2.2706778918591666,unverified_statistical_tier2_pool,False
44139,MAREK,5,5,1,controller,2026,7416,64134|64135,-0.057142,64134,5,1.0,0,295,-0.04470957291189566,-0.015527133432574891,-0.015527133432574891,-0.3105426686514978,unverified_statistical_tier2_pool,False
44149,Pr0digy,4,0,1,controller,historical_fallback,7416,14209|14587|19154|23042,-0.022166,14209,4,1.0,0,295,-0.04470957291189566,0.022170514492274362,,,unverified_statistical_tier2_pool,False
44170,niwt,8,8,1,duelist,2026,7416,3784|61319,0.005357,3784,8,1.0,0,342,-0.047447091887610926,0.10191382096063856,0.10191382096063856,1.273922762007982,unverified_statistical_tier2_pool,False
44186,d3nZ,10,10,1,controller,2026,7416,57377,0.017799,46440,10,1.0,0,294,-0.044975080437388744,0.15552846459862957,0.15552846459862957,1.5552846459862957,unverified_statistical_tier2_pool,False
44251,Dignified,25,25,2,sentinel,2026,7416,,0.033436,2333,16,0.64,9,120,-0.035601050290873654,0.424591550457325,0.424591550457325,1.6983662018293,unverified_statistical_tier2_pool,False
44259,yokam,30,24,2,duelist,2026,7416,,0.017811,11578,24,0.8,6,341,-0.047602989289219654,0.47645198775929476,0.38217668415409456,1.5924028506420607,unverified_statistical_tier2_pool,False
44294,eur,16,16,1,controller,2026,7416,35504,0.043084,2333,16,1.0,0,294,-0.044975080437388744,0.345174838028075,0.345174838028075,2.157342737675469,unverified_statistical_tier2_pool,False
44309,fish,49,49,3,controller,2026,7416,37095,-0.072228,37095,49,1.0,0,294,-0.04401135369692863,-0.3351483829629668,-0.3351483829629668,-0.6839762917611567,unverified_statistical_tier2_pool,False
44344,shawz,28,28,1,duelist,2026,7416,,0.074575,31910,28,1.0,0,341,-0.047602989289219654,0.8299554504189326,0.8299554504189326,2.964126608639045,unverified_statistical_tier2_pool,False
44348,ducq,50,50,2,initiator,2026,7416,,0.05435,45699,50,1.0,0,237,-0.03920609411965029,1.1491225879773688,1.1491225879773688,2.2982451759547375,unverified_statistical_tier2_pool,False
44417,dre,56,56,1,controller,2026,7416,,0.012343,31910,40,0.7142857142857143,16,294,-0.044975080437388744,0.7707216225853117,0.7707216225853117,1.3762886117594852,unverified_statistical_tier2_pool,False
44548,NoMiss,10,10,1,controller,2026,7416,,-0.071405,5477,10,1.0,0,294,-0.04401135369692863,-0.06552675813565029,-0.06552675813565029,-0.6552675813565029,unverified_statistical_tier2_pool,False
44586,ANNYEON,42,42,1,duelist,2026,7416,,0.004592,25082,42,1.0,0,341,-0.047602989289219654,0.5051814190555344,0.5051814190555344,1.202812902513177,unverified_statistical_tier2_pool,False
44613,Yamada,19,19,1,sentinel,2026,7416,,-0.002702,10642,19,1.0,0,120,-0.035601050290873654,0.15215256559571477,0.15215256559571477,0.8008029768195515,unverified_statistical_tier2_pool,False
44787,RayUndaunted,16,16,1,controller,2026,7416,,-0.01868,28879,16,1.0,0,294,-0.044975080437388744,0.0997447817362076,0.0997447817362076,0.6234048858512975,unverified_statistical_tier2_pool,False
44838,Racoone,36,36,1,initiator,2026,7416,,-0.031197,44417,36,1.0,0,237,-0.03920609411965029,0.06947481148157741,0.06947481148157741,0.19298558744882616,unverified_statistical_tier2_pool,False
44842,Jackk,55,55,2,initiator,2026,7416,,0.063269,6437,30,0.5454545454545454,25,237,-0.03920609411965029,1.3693981406773739,1.3693981406773739,2.489814801231589,unverified_statistical_tier2_pool,False
44903,Fw,29,29,1,controller,2026,7416,5722|41864,-0.11453,5722,29,1.0,0,294,-0.04401135369692863,-0.48257895777632426,-0.48257895777632426,-1.6640653716424976,unverified_statistical_tier2_pool,False
44919,aplycs,12,12,1,controller,2026,7416,21195|34031,-0.044179,21195,12,1.0,0,294,-0.04480787627340789,0.001841473467582122,0.001841473467582122,0.015345612229851016,unverified_statistical_tier2_pool,False
45140,loll9,19,19,1,duelist,2026,7416,10375|27326|50018|50021,-0.077716,10375,19,1.0,0,341,-0.046979399682784743,-0.1413123909709128,-0.1413123909709128,-0.7437494261626989,unverified_statistical_tier2_pool,False
45150,RAVENCLAW,2,2,1,duelist,2026,7416,36886|54723|56908|62877,-0.030871,36886,2,1.0,0,342,-0.047447091887610926,0.008238916315470468,0.008238916315470468,0.4119458157735234,unverified_statistical_tier2_pool,False
45358,yearn,17,17,1,controller,2026,7416,,-0.014836,64,17,1.0,0,294,-0.044975080437388744,0.12665710389872276,0.12665710389872276,0.7450417876395456,unverified_statistical_tier2_pool,False
45484,MAX,37,37,1,sentinel,2026,7416,5009,-0.081069,5009,37,1.0,0,120,-0.034467022381013575,-0.3901410720004458,-0.3901410720004458,-1.0544353297309346,unverified_statistical_tier2_pool,False
45492,swagzor,33,33,1,duelist,2026,7416,,0.080763,41054,33,1.0,0,342,-0.047447091887610926,1.0364229913229095,1.0364229913229095,3.1406757312815436,unverified_statistical_tier2_pool,False
45494,Proxh,83,69,2,controller,2026,7416,,0.04895,2173,52,0.6265060240963856,31,294,-0.044975080437388744,1.735267061769464,1.4218613259980297,2.0606685884029416,unverified_statistical_tier2_pool,False
45500,gepard,5,5,1,duelist,2026,7416,30456|34005|59960|62014,-0.050264,30456,5,1.0,0,342,-0.047447091887610926,-0.0035132529672907142,-0.0035132529672907142,-0.07026505934581428,unverified_statistical_tier2_pool,False
45696,vita,42,42,2,duelist,2026,7416,,0.101611,16671,26,0.6190476190476191,16,341,-0.047602989289219654,1.5241708055664427,1.5241708055664427,3.62897810849153,unverified_statistical_tier2_pool,False
45699,solada,51,51,2,duelist,2026,7416,47982|57188,0.040955,47982,51,1.0,0,341,-0.047602989289219654,1.109078305698522,1.109078305698522,2.174663344506906,unverified_statistical_tier2_pool,False
45706,Roses,11,11,2,controller,2026,7416,,-0.144082,39557,11,1.0,0,294,-0.04401135369692863,-0.2443272912273087,-0.2443272912273087,-2.2211571929755336,unverified_statistical_tier2_pool,False
45769,Waddles,39,39,1,initiator,2026,7416,39285|50288,0.02964,39285,39,1.0,0,237,-0.03920609411965029,0.6382678723091413,0.6382678723091413,1.636584287972157,unverified_statistical_tier2_pool,False
45811,sn0wFlake,12,0,1,controller,historical_fallback,7416,,0.020963,1916,12,1.0,0,295,-0.04470957291189566,0.1958082494567388,,,unverified_statistical_tier2_pool,False
45834,aidan,10,10,1,duelist,2026,7416,31298|33986|47522,-0.001129,31298,10,1.0,0,341,-0.047602989289219654,0.11545378615366186,0.11545378615366186,1.1545378615366186,unverified_statistical_tier2_pool,False
45836,Corsa,32,32,1,sentinel,2026,7416,,0.022513,39285,32,1.0,0,120,-0.035601050290873654,0.4400226123771546,0.4400226123771546,1.375070663678608,unverified_statistical_tier2_pool,False
45864,Bruxo,42,42,1,duelist,2026,7416,,-0.012219,37105,32,0.7619047619047619,10,341,-0.047602989289219654,0.36136793056625593,0.36136793056625593,0.8603998346815617,unverified_statistical_tier2_pool,False
45918,clutchz,40,40,1,duelist,2026,7416,,0.046525,26757,40,1.0,0,341,-0.047602989289219654,0.9054482012770213,0.9054482012770213,2.263620503192553,unverified_statistical_tier2_pool,False
45921,v1bz,4,4,1,initiator,2026,7416,49464,-0.060686,39557,4,1.0,0,238,-0.03895063454622416,-0.02031217262295426,-0.02031217262295426,-0.5078043155738565,unverified_statistical_tier2_pool,False
45922,Sitolui,16,16,1,duelist,2026,7416,,-0.101964,2968,16,1.0,0,341,-0.046979399682784743,-0.2055375735455031,-0.2055375735455031,-1.2846098346593944,unverified_statistical_tier2_pool,False
45962,KEN,41,41,1,sentinel,2026,7416,6702|10769|52723,0.152388,6702,41,1.0,0,120,-0.035601050290873654,1.8161487185811986,1.8161487185811986,4.429631020929753,unverified_statistical_tier2_pool,False
46011,haeyoday,25,25,1,duelist,2026,7416,,0.067979,766,25,1.0,0,341,-0.047602989289219654,0.7096962232122033,0.7096962232122033,2.838784892848813,unverified_statistical_tier2_pool,False
46040,Youze,15,15,1,duelist,2026,7416,,0.02003,21216,15,1.0,0,342,-0.047447091887610926,0.2498348414321539,0.2498348414321539,1.6655656095476925,unverified_statistical_tier2_pool,False
46042,Youjun,26,10,1,unknown,2026,7416,32183,0.025829,13768,26,1.0,0,0,,,,,unverified_statistical_tier2_pool,False
46046,Iceyyy,24,24,2,duelist,2026,7416,24654,-0.034472,24654,24,1.0,0,341,-0.047602989289219654,0.07684831054991154,0.07684831054991154,0.32020129395796476,unverified_statistical_tier2_pool,False
46048,R0meo,22,22,2,duelist,2026,7416,,-0.029525,46060,18,0.8181818181818182,4,341,-0.047602989289219654,0.09068218596713179,0.09068218596713179,0.41219175439605354,unverified_statistical_tier2_pool,False
46050,elchuluno,6,6,1,duelist,2026,7416,52542|60540,-0.032877,52542,6,1.0,0,342,-0.047447091887610926,0.021735168500589208,0.021735168500589208,0.3622528083431535,unverified_statistical_tier2_pool,False
46051,Yuvi,51,51,1,duelist,2026,7416,2252|12323|50349,0.171739,2252,51,1.0,0,341,-0.047602989289219654,2.654673498862325,2.654673498862325,5.2052421546320105,unverified_statistical_tier2_pool,False
46056,Jaggi,30,30,2,initiator,2026,7416,,0.042226,31333,27,0.9,3,237,-0.03920609411965029,0.5822827310030123,0.5822827310030123,1.9409424366767076,unverified_statistical_tier2_pool,False
46058,s1mple,8,8,1,initiator,2026,7416,,-0.06851,31333,8,1.0,0,238,-0.03895063454622416,-0.0561538582395138,-0.0561538582395138,-0.7019232279939225,unverified_statistical_tier2_pool,False
46059,Decroit,13,13,1,sentinel,2026,7416,58220,0.067664,46048,13,1.0,0,120,-0.035601050290873654,0.33357971999301156,0.33357971999301156,2.565997846100089,unverified_statistical_tier2_pool,False
46060,luc1d,21,21,2,initiator,2026,7416,,-0.0244,46048,18,0.8571428571428571,3,237,-0.03920609411965029,0.07203878163218966,0.07203878163218966,0.34304181729614125,unverified_statistical_tier2_pool,False
46062,hYpeF,3,3,1,duelist,2026,7416,15363|17295|51635,0.012926,15363,3,1.0,0,342,-0.047447091887610926,0.04469852253460005,0.04469852253460005,1.4899507511533348,unverified_statistical_tier2_pool,False
46082,jcz,27,27,1,initiator,2026,7416,,-0.055334,2818,25,0.9259259259259259,2,237,-0.03818425582594577,-0.10933444972395912,-0.10933444972395912,-0.40494240638503376,unverified_statistical_tier2_pool,False
46098,Layman,10,10,1,initiator,2026,7416,48502|52356|52500|52501,-0.021769,48502,10,1.0,0,237,-0.03920609411965029,0.043075066523582894,0.043075066523582894,0.43075066523582894,unverified_statistical_tier2_pool,False
46104,Envy2K,60,60,2,duelist,2026,7416,,0.1304,30693,35,0.5833333333333334,25,341,-0.047602989289219654,2.5546681606373034,2.5546681606373034,4.2577802677288386,unverified_statistical_tier2_pool,False
46105,Cyrax,7,7,1,duelist,2026,7416,,0.018853,10760,7,1.0,0,342,-0.047447091887610926,0.11250011007894656,0.11250011007894656,1.6071444296992365,unverified_statistical_tier2_pool,False
46121,Marcai,6,6,2,duelist,2026,7416,,0.017905,10463,3,0.5,3,342,-0.047447091887610926,0.09440521674739355,0.09440521674739355,1.5734202791232257,unverified_statistical_tier2_pool,False
46126,Mighty,19,19,2,duelist,2026,7416,,0.017435,27756,17,0.8947368421052632,2,341,-0.047602989289219654,0.3015088097765564,0.3015088097765564,1.5868884725081918,unverified_statistical_tier2_pool,False
46135,Zeus,23,23,1,duelist,2026,7416,,0.007336,4056,23,1.0,0,342,-0.047447091887610926,0.27255709043299137,0.27255709043299137,1.1850308279695276,unverified_statistical_tier2_pool,False
46182,FLAMEE,12,12,1,controller,2026,7416,,-0.13484,5009,12,1.0,0,294,-0.04401135369692863,-0.2255742370965675,-0.2255742370965675,-1.8797853091380625,unverified_statistical_tier2_pool,False
46277,huphh,5,5,1,duelist,2026,7416,8405|16029|29617|48004,-0.035238,8405,5,1.0,0,342,-0.047447091887610926,0.01480676405838044,0.01480676405838044,0.2961352811676088,unverified_statistical_tier2_pool,False
46309,oteN,9,9,1,duelist,2026,7416,22154,0.014422,22154,9,1.0,0,342,-0.047447091887610926,0.13748162492085259,0.13748162492085259,1.5275736102316955,unverified_statistical_tier2_pool,False
46360,foreign,48,48,1,controller,2026,7416,8746|47852|47861,0.019892,8746,48,1.0,0,294,-0.044975080437388744,0.7580470331864355,0.7580470331864355,1.5792646524717406,unverified_statistical_tier2_pool,False
46440,Helas,19,19,1,duelist,2026,7416,52924|54425,0.028435,52924,19,1.0,0,341,-0.047602989289219654,0.35677252129932796,0.35677252129932796,1.8777501121017262,unverified_statistical_tier2_pool,False
46441,k9lyos,40,40,1,sentinel,2026,7416,,0.072791,29559,40,1.0,0,120,-0.035601050290873654,1.049756109537639,1.049756109537639,2.6243902738440976,unverified_statistical_tier2_pool,False
46442,molecule,6,6,1,initiator,2026,7416,16268|41765|50064|59810,-0.031792,16268,6,1.0,0,238,-0.03895063454622416,0.010691370879242379,0.010691370879242379,0.17818951465403965,unverified_statistical_tier2_pool,False
46446,TITOUNE,27,27,2,duelist,2026,7416,,-0.068862,5006,18,0.6666666666666666,9,341,-0.046979399682784743,-0.14483521858073223,-0.14483521858073223,-0.5364267354841934,unverified_statistical_tier2_pool,False
46456,shed3rik,34,34,2,controller,2026,7416,58631|60346|60536,-0.024315,58631,34,1.0,0,294,-0.044975080437388744,0.171870372613938,0.171870372613938,0.5055010959233471,unverified_statistical_tier2_pool,False
46460,Ezeir,88,40,1,controller,2026,7416,,-0.030368,41054,88,1.0,0,295,-0.04470957291189566,0.3093911727644369,0.14011251781973394,0.3502812945493349,unverified_statistical_tier2_pool,False
46463,twilight,38,38,1,initiator,2026,7416,1437|48574|48575,0.043169,1437,38,1.0,0,237,-0.03920609411965029,0.7744331230831968,0.7744331230831968,2.0379819028505177,unverified_statistical_tier2_pool,False
46527,Cangshu,19,0,1,initiator,historical_fallback,7416,,0.0001,3741,19,1.0,0,238,-0.03895063454622416,0.1830003301928395,,,unverified_statistical_tier2_pool,False
46532,Satoshi,13,2,2,duelist,2026,7416,,0.072724,3531,11,0.8461538461538461,2,342,-0.047447091887610926,0.38105176407072683,0.05661885725481741,2.8309428627408706,unverified_statistical_tier2_pool,False
46568,above,40,40,3,controller,2026,7416,,-0.11619,32745,21,0.525,19,294,-0.04401135369692863,-0.6995993343823222,-0.6995993343823222,-1.7489983359558057,unverified_statistical_tier2_pool,False
46578,YU,5,0,1,duelist,historical_fallback,7416,1175|39494,-0.035231,1175,5,1.0,0,342,-0.047447091887610926,0.01517075187318212,,,unverified_statistical_tier2_pool,False
46601,om3y,4,4,1,duelist,2026,7416,,0.001921,873,4,1.0,0,342,-0.047447091887610926,0.049177358203062904,0.049177358203062904,1.2294339550765727,unverified_statistical_tier2_pool,False
46746,DrealeXJ,4,4,1,initiator,2026,7416,,-0.056975,20538,4,1.0,0,238,-0.03895063454622416,-0.01654269564261357,-0.01654269564261357,-0.41356739106533924,unverified_statistical_tier2_pool,False
46748,K1ra,119,76,2,controller,2026,7416,,-0.015061,25494,102,0.8571428571428571,17,295,-0.04470957291189566,0.8605563850002602,0.5502055276635776,0.723954641662602,unverified_statistical_tier2_pool,False
46749,player,12,0,2,duelist,historical_fallback,7416,,-0.048866,42537,12,1.0,0,342,-0.047447091887610926,-0.004148197682745158,,,unverified_statistical_tier2_pool,False
46753,huNter,2,0,1,controller,historical_fallback,7416,,-0.012273,4416,2,1.0,0,295,-0.04470957291189566,0.016201435201966596,,,unverified_statistical_tier2_pool,False
46901,maxhinh9,21,21,2,controller,2026,7416,,-0.087277,2818,14,0.6666666666666666,7,294,-0.04401135369692863,-0.2077659186810359,-0.2077659186810359,-0.9893615175287422,unverified_statistical_tier2_pool,False
46993,Long,1,0,1,controller,historical_fallback,7416,,-0.005206,10089,1,1.0,0,295,-0.04470957291189566,0.009645435781391709,,,unverified_statistical_tier2_pool,False
47098,Sentiro,2,2,1,initiator,2026,7416,47753|59715|62875,-0.031133,47753,2,1.0,0,238,-0.03895063454622416,0.003890481308867877,0.003890481308867877,0.19452406544339385,unverified_statistical_tier2_pool,False
47101,5CM,22,2,3,duelist,2026,7416,,-0.099454,47102,16,0.7272727272727273,6,342,-0.047447091887610926,-0.2782595136239364,-0.024301977443424883,-1.2150988721712441,unverified_statistical_tier2_pool,False
47102,waituu,22,3,3,controller,2026,7416,,-0.024307,3547,17,0.7727272727272727,5,295,-0.04470957291189566,0.10970503363084899,0.015169190347777528,0.5056396782592509,unverified_statistical_tier2_pool,False
47103,G1Xad,5,0,1,initiator,historical_fallback,7416,3124,-0.011489,3124,5,1.0,0,238,-0.03895063454622416,0.032626652085429364,,,unverified_statistical_tier2_pool,False
47107,Nilo,3,3,1,duelist,2026,7416,,-0.015915,22912,3,1.0,0,342,-0.047447091887610926,0.023640768859734984,0.023640768859734984,0.7880256286578328,unverified_statistical_tier2_pool,False
47259,Shaimon,30,30,1,sentinel,2026,7416,8014|13274|33840,-0.000468,8014,30,1.0,0,120,-0.035601050290873654,0.2600200037494177,0.2600200037494177,0.8667333458313923,unverified_statistical_tier2_pool,False
47467,Ady,52,52,1,controller,2026,7416,43074|62034,8.2e-05,43074,52,1.0,0,294,-0.044975080437388744,0.565281645881636,0.565281645881636,1.0870800882339153,unverified_statistical_tier2_pool,False
47472,r4bbit,10,10,1,initiator,2026,7416,50759|50762|58540|58542,-0.065003,50759,10,1.0,0,237,-0.03818425582594577,-0.06403728175987372,-0.06403728175987372,-0.6403728175987372,unverified_statistical_tier2_pool,False
47474,Russeyll,12,12,1,initiator,2026,7416,43029|43093|64747|64748,-0.067834,43029,12,1.0,0,237,-0.03818425582594577,-0.08366095672986973,-0.08366095672986973,-0.697174639415581,unverified_statistical_tier2_pool,False
47481,Frxeez,42,42,1,sentinel,2026,7416,1971|2671|25048|34727,-0.02315,1971,42,1.0,0,120,-0.035601050290873654,0.12495577370541994,0.12495577370541994,0.2975137469176665,unverified_statistical_tier2_pool,False
47482,flora,45,45,2,duelist,2026,7416,,-0.066437,43074,43,0.9555555555555556,2,341,-0.046979399682784743,-0.21129473661350012,-0.21129473661350012,-0.46954385914111135,unverified_statistical_tier2_pool,False
47522,Kaaru,10,10,1,controller,2026,7416,31298|33986|45834,-0.001129,31298,10,1.0,0,294,-0.044975080437388744,0.10892673874657427,0.10892673874657427,1.0892673874657428,unverified_statistical_tier2_pool,False
47523,Raz,61,61,1,duelist,2026,7416,31059|57920|58522,0.006237,1427,61,1.0,0,341,-0.047602989289219654,0.7767999747808607,0.7767999747808607,1.2734425816079682,unverified_statistical_tier2_pool,False
47551,sanoj,36,36,1,duelist,2026,7416,32675|32801|32802|42879,0.045925,32675,36,1.0,0,341,-0.047602989289219654,0.8224029555738811,0.8224029555738811,2.2844526543718917,unverified_statistical_tier2_pool,False
47588,Aston,6,6,1,controller,2026,7416,13114|50800|54806|54807,-0.005198,13114,6,1.0,0,295,-0.04470957291189566,0.05896126604076696,0.05896126604076696,0.982687767346116,unverified_statistical_tier2_pool,False
47629,Coco,105,62,2,controller,2026,7416,,-0.071637,4720,91,0.8666666666666667,14,295,-0.04470957291189566,-0.6831193433976566,-0.4014443349623734,-0.6474908628425378,unverified_statistical_tier2_pool,False
47632,LilMad,10,0,1,duelist,historical_fallback,7416,,-0.008226,4416,10,1.0,0,342,-0.047447091887610926,0.09691736225371833,,,unverified_statistical_tier2_pool,False
47634,Ec1ipsed,3,0,1,sentinel,historical_fallback,7416,,-0.006893,4416,3,1.0,0,121,-0.034884002137719895,0.020956175643308095,,,unverified_statistical_tier2_pool,False
47690,WooDyy,2,2,1,controller,2026,7416,,-0.03145,19207,2,1.0,0,295,-0.04470957291189566,0.0065541347445875475,0.0065541347445875475,0.3277067372293774,unverified_statistical_tier2_pool,False
47739,mokiii,9,9,1,sentinel,2026,7416,62841|62842|62843,-0.029705,62841,9,1.0,0,121,-0.034884002137719895,0.011116448254668232,0.011116448254668232,0.1235160917185359,unverified_statistical_tier2_pool,False
47740,Lucid,2,2,1,duelist,2026,7416,,-0.027984,47739,2,1.0,0,342,-0.047447091887610926,0.00946521447526072,0.00946521447526072,0.47326072376303596,unverified_statistical_tier2_pool,False
47745,Riptide,2,2,1,controller,2026,7416,51657|64701|64702,-0.035879,51657,2,1.0,0,295,-0.04470957291189566,0.004409295937829516,0.004409295937829516,0.2204647968914758,unverified_statistical_tier2_pool,False
47751,Drago2Washed,4,4,1,duelist,2026,7416,51555|62856|62857,0.003248,51555,4,1.0,0,342,-0.047447091887610926,0.04974714150367615,0.04974714150367615,1.2436785375919037,unverified_statistical_tier2_pool,False
47753,Leo,2,2,1,controller,2026,7416,47098|59715|62875,-0.031133,47098,2,1.0,0,295,-0.04470957291189566,0.006755084942974499,0.006755084942974499,0.33775424714872493,unverified_statistical_tier2_pool,False
47754,masterz,10,10,1,controller,2026,7416,,0.053383,46048,10,1.0,0,294,-0.044975080437388744,0.2447956667763676,0.2447956667763676,2.447956667763676,unverified_statistical_tier2_pool,False
47756,CLowNx,19,19,1,duelist,2026,7416,,0.023233,60739,19,1.0,0,341,-0.047602989289219654,0.334898460368975,0.334898460368975,1.7626234756261845,unverified_statistical_tier2_pool,False
47761,MyTh VoiD,4,4,1,controller,2026,7416,62786,0.000366,60134,4,1.0,0,295,-0.04470957291189566,0.04467561371232959,0.04467561371232959,1.1168903428082397,unverified_statistical_tier2_pool,False
47764,Shivam,2,2,1,sentinel,2026,7416,,-0.032217,10760,2,1.0,0,121,-0.034884002137719895,0.0013045771784545024,0.0013045771784545024,0.06522885892272512,unverified_statistical_tier2_pool,False
47773,MasK,16,16,1,duelist,2026,7416,,-0.136741,43449,16,1.0,0,341,-0.046979399682784743,-0.26429322027378127,-0.26429322027378127,-1.651832626711133,unverified_statistical_tier2_pool,False
47791,RonniE,2,2,1,initiator,2026,7416,47812|51536|62796|62797,-0.028262,47812,2,1.0,0,238,-0.03895063454622416,0.005220013780814159,0.005220013780814159,0.26100068904070794,unverified_statistical_tier2_pool,False
47798,kxbiR,2,2,1,controller,2026,7416,,-0.000995,41834,2,1.0,0,295,-0.04470957291189566,0.021848808591986624,0.021848808591986624,1.092440429599331,unverified_statistical_tier2_pool,False
47801,TripleNinja,2,2,1,duelist,2026,7416,51548|51613|62827,-0.028526,51548,2,1.0,0,342,-0.047447091887610926,0.009256528316641532,0.009256528316641532,0.4628264158320766,unverified_statistical_tier2_pool,False
47804,sAmar,21,21,2,controller,2026,7416,,0.039477,10738,16,0.7619047619047619,5,294,-0.044975080437388744,0.42514516370616995,0.42514516370616995,2.02450077955319,unverified_statistical_tier2_pool,False
47806,GHO5T,4,4,2,sentinel,2026,7416,,-0.061281,26221,2,0.5,2,121,-0.034884002137719895,-0.025994035673480353,-0.025994035673480353,-0.6498508918370088,unverified_statistical_tier2_pool,False
47812,Qontra,2,2,1,sentinel,2026,7416,47791|51536|62796|62797,-0.028262,47791,2,1.0,0,121,-0.034884002137719895,0.0032349048776852962,0.0032349048776852962,0.1617452438842648,unverified_statistical_tier2_pool,False
47815,devashhessh,12,12,1,controller,2026,7416,27767,0.00048,27767,12,1.0,0,294,-0.044975080437388744,0.13610998385153328,0.13610998385153328,1.134249865429444,unverified_statistical_tier2_pool,False
47816,zer0,3,3,1,duelist,2026,7416,47818|47820|50094|62813,-0.016299,47818,3,1.0,0,342,-0.047447091887610926,0.023334670470551433,0.023334670470551433,0.7778223490183812,unverified_statistical_tier2_pool,False
47818,GearZ,3,3,1,controller,2026,7416,47816|47820|50094|62813,-0.016299,47816,3,1.0,0,295,-0.04470957291189566,0.021284307969573646,0.021284307969573646,0.7094769323191216,unverified_statistical_tier2_pool,False
47820,Toxii,3,3,1,initiator,2026,7416,47816|47818|50094|62813,-0.016299,47816,3,1.0,0,238,-0.03895063454622416,0.016970577825716204,0.016970577825716204,0.5656859275238735,unverified_statistical_tier2_pool,False
47835,xeon,42,42,1,sentinel,2026,7416,,0.068331,30693,35,0.8333333333333334,7,120,-0.035601050290873654,1.0602710392131824,1.0602710392131824,2.524454855269482,unverified_statistical_tier2_pool,False
47837,gioØ2x,55,55,2,controller,2026,7416,,-0.051385,15931,49,0.8909090909090909,6,294,-0.04401135369692863,-0.09740925119342225,-0.09740925119342225,-0.17710772944258593,unverified_statistical_tier2_pool,False
47852,Boomy,48,48,1,duelist,2026,7416,8746|46360|47861,0.019892,8746,48,1.0,0,341,-0.047602989289219654,0.7887157903854076,0.7887157903854076,1.6431578966362659,unverified_statistical_tier2_pool,False
47858,Leo,44,44,2,duelist,2026,7416,,0.100151,45699,44,1.0,0,341,-0.047602989289219654,1.5946770802414019,1.5946770802414019,3.6242660914577316,unverified_statistical_tier2_pool,False
47861,calamity,48,48,1,duelist,2026,7416,8746|46360|47852,0.019892,8746,48,1.0,0,341,-0.047602989289219654,0.7887157903854076,0.7887157903854076,1.6431578966362659,unverified_statistical_tier2_pool,False
47944,Itachi,5,5,1,duelist,2026,7416,2650|48313|48316|58038,-0.04575,2650,5,1.0,0,342,-0.047447091887610926,0.0021099389109479616,0.0021099389109479616,0.04219877821895923,unverified_statistical_tier2_pool,False
47950,kappi,6,6,1,controller,2026,7416,16262|37697|48656,-0.037507,16262,6,1.0,0,295,-0.04470957291189566,0.010782372445816979,0.010782372445816979,0.17970620743028298,unverified_statistical_tier2_pool,False
47958,resistance,13,13,2,sentinel,2026,7416,22334,-0.047571,22334,13,1.0,0,120,-0.034467022381013575,-0.04226355635736101,-0.04226355635736101,-0.3251042796720078,unverified_statistical_tier2_pool,False
47977,CHAK,4,0,1,controller,historical_fallback,7416,7851|24302|37421,-0.02234,7851,4,1.0,0,295,-0.04470957291189566,0.022165263537097912,,,unverified_statistical_tier2_pool,False
47982,sorex,51,51,2,controller,2026,7416,45699|57188,0.040955,45699,51,1.0,0,294,-0.044975080437388744,1.0761806964500475,1.0761806964500475,2.1101582283334266,unverified_statistical_tier2_pool,False
48004,twigz,5,5,1,duelist,2026,7416,8405|16029|29617|46277,-0.035238,8405,5,1.0,0,342,-0.047447091887610926,0.01480676405838044,0.01480676405838044,0.2961352811676088,unverified_statistical_tier2_pool,False
48011,Jaizerra,5,5,1,sentinel,2026,7416,9371|50623|50625|63153,-0.049764,9371,5,1.0,0,121,-0.034884002137719895,-0.018522125669998613,-0.018522125669998613,-0.37044251339997225,unverified_statistical_tier2_pool,False
48012,Hada,27,27,1,sentinel,2026,7416,,0.13148,7639,27,1.0,0,120,-0.035601050290873654,1.0847967642407368,1.0847967642407368,4.01776579348421,unverified_statistical_tier2_pool,False
48017,traded,28,28,1,duelist,2026,7416,,-0.007417,31910,28,1.0,0,341,-0.047602989289219654,0.2732170298104722,0.2732170298104722,0.9757751064659722,unverified_statistical_tier2_pool,False
48025,alym,37,37,1,duelist,2026,7416,,0.077706,754,37,1.0,0,342,-0.047447091887610926,1.0954989198611504,1.0954989198611504,2.9608078915166227,unverified_statistical_tier2_pool,False
48052,Carmine,6,6,1,controller,2026,7416,41866|48965|50786|53438,-0.045597,41866,6,1.0,0,295,-0.04470957291189566,-0.0013109763577544564,-0.0013109763577544564,-0.021849605962574275,unverified_statistical_tier2_pool,False
48054,RBS,3,3,1,sentinel,2026,7416,64697,-0.018929,41834,3,1.0,0,121,-0.034884002137719895,0.011955295276598221,0.011955295276598221,0.39850984255327404,unverified_statistical_tier2_pool,False
48171,Nana,12,12,1,unknown,2026,7416,48226|48227|54355|58919,0.023988,48226,12,1.0,0,0,,,,,unverified_statistical_tier2_pool,False
48226,Ayu,12,12,1,unknown,2026,7416,48171|48227|54355|58919,0.023988,48171,12,1.0,0,0,,,,,unverified_statistical_tier2_pool,False
48227,p1katong,12,12,1,unknown,2026,7416,48171|48226|54355|58919,0.023988,48171,12,1.0,0,0,,,,,unverified_statistical_tier2_pool,False
48264,Sin,5,5,1,duelist,2026,7416,48265|48272|48581|54412,-0.043733,48265,5,1.0,0,342,-0.047447091887610926,0.0046055049759225475,0.0046055049759225475,0.09211009951845095,unverified_statistical_tier2_pool,False
48265,Letha,5,5,1,duelist,2026,7416,48264|48272|48581|54412,-0.043733,48264,5,1.0,0,342,-0.047447091887610926,0.0046055049759225475,0.0046055049759225475,0.09211009951845095,unverified_statistical_tier2_pool,False
48272,eetu,5,5,1,sentinel,2026,7416,48264|48265|48581|54412,-0.043733,48264,5,1.0,0,121,-0.034884002137719895,-0.010978116013613481,-0.010978116013613481,-0.21956232027226963,unverified_statistical_tier2_pool,False
48313,Leooo,5,5,1,controller,2026,7416,2650|47944|48316|58038,-0.04575,2650,5,1.0,0,295,-0.04470957291189566,-0.0012938647815780024,-0.0012938647815780024,-0.02587729563156005,unverified_statistical_tier2_pool,False
48316,myhn,5,5,1,controller,2026,7416,2650|47944|48313|58038,-0.04575,2650,5,1.0,0,295,-0.04470957291189566,-0.0012938647815780024,-0.0012938647815780024,-0.02587729563156005,unverified_statistical_tier2_pool,False
48403,xannn,2,2,1,sentinel,2026,7416,,-0.020532,7580,2,1.0,0,121,-0.034884002137719895,0.00624815760711922,0.00624815760711922,0.312407880355961,unverified_statistical_tier2_pool,False
48426,ghostxD,2,2,1,controller,2026,7416,36626|51638,-0.030377,36626,2,1.0,0,295,-0.04470957291189566,0.007106311906037999,0.007106311906037999,0.35531559530189993,unverified_statistical_tier2_pool,False
48431,Kippei,53,53,1,controller,2026,7416,10628,0.094026,10628,53,1.0,0,294,-0.044975080437388744,1.7670946983720959,1.7670946983720959,3.3341409403247093,unverified_statistical_tier2_pool,False
48439,Rimuru,6,6,1,duelist,2026,7416,,-0.055949,2334,6,1.0,0,342,-0.047447091887610926,-0.009856079989639027,-0.009856079989639027,-0.16426799982731713,unverified_statistical_tier2_pool,False
48492,Mametu,9,9,1,controller,2026,7416,40734|49680|62033,-0.035715,33417,9,1.0,0,295,-0.04470957291189566,0.01938849839040674,0.01938849839040674,0.2154277598934082,unverified_statistical_tier2_pool,False
48502,loley,10,10,1,duelist,2026,7416,46098|52356|52500|52501,-0.021769,46098,10,1.0,0,341,-0.047602989289219654,0.06379273459587714,0.06379273459587714,0.6379273459587714,unverified_statistical_tier2_pool,False
48516,doffy,60,60,2,duelist,2026,7416,41694,0.082782,2366,60,1.0,0,341,-0.047602989289219654,1.9139723314580777,1.9139723314580777,3.189953885763463,unverified_statistical_tier2_pool,False
48551,E13,7,7,1,initiator,2026,7416,,-0.056963,57477,6,0.8571428571428571,1,238,-0.03895063454622416,-0.028259260032631628,-0.028259260032631628,-0.40370371475188044,unverified_statistical_tier2_pool,False
48553,Yarwiz,21,21,1,sentinel,2026,7416,,0.020385,24021,21,1.0,0,120,-0.035601050290873654,0.27650491256960114,0.27650491256960114,1.3166900598552433,unverified_statistical_tier2_pool,False
48574,Nia,38,38,1,duelist,2026,7416,1437|46463|48575,0.043169,1437,38,1.0,0,341,-0.047602989289219654,0.8532483181117382,0.8532483181117382,2.2453903108203637,unverified_statistical_tier2_pool,False
48575,bucute,38,38,1,controller,2026,7416,1437|46463|48574,0.043169,1437,38,1.0,0,294,-0.044975080437388744,0.8285856966124803,0.8285856966124803,2.180488675296001,unverified_statistical_tier2_pool,False
48577,gyen,83,49,2,sentinel,2026,7416,,0.031942,4663,49,0.5903614457831325,34,120,-0.035601050290873654,1.3469497796112253,0.8088363247313639,1.6506863770027833,unverified_statistical_tier2_pool,False
48581,jota,5,5,1,initiator,2026,7416,48264|48265|48272|54412,-0.043733,48264,5,1.0,0,238,-0.03895063454622416,-0.005931907310745166,-0.005931907310745166,-0.11863814621490332,unverified_statistical_tier2_pool,False
48592,ada,14,14,2,duelist,2026,7416,,-0.053031,40218,12,0.8571428571428571,2,341,-0.046979399682784743,-0.020775655559032935,-0.020775655559032935,-0.1483975397073781,unverified_statistical_tier2_pool,False
48629,Sidsity,2,0,2,initiator,historical_fallback,7416,,-0.001739,9,1,0.5,1,238,-0.03895063454622416,0.01852152706978588,,,unverified_statistical_tier2_pool,False
48656,Shadow1,6,6,1,duelist,2026,7416,16262|37697|47950,-0.037507,16262,6,1.0,0,342,-0.047447091887610926,0.01488125870069773,0.01488125870069773,0.24802097834496217,unverified_statistical_tier2_pool,False
48705,Chaza,22,22,1,duelist,2026,7416,,-0.069213,1835,22,1.0,0,341,-0.046979399682784743,-0.11519717358458431,-0.11519717358458431,-0.5236235162935651,unverified_statistical_tier2_pool,False
48729,w1sh,6,6,1,sentinel,2026,7416,9279|34082|48763|59514,-0.027809,9279,6,1.0,0,121,-0.034884002137719895,0.0104485635821015,0.0104485635821015,0.17414272636835834,unverified_statistical_tier2_pool,False
48763,Novacane,6,6,1,duelist,2026,7416,9279|34082|48729|59514,-0.027809,9279,6,1.0,0,342,-0.047447091887610926,0.028984887963163286,0.028984887963163286,0.48308146605272145,unverified_statistical_tier2_pool,False
48800,strongtallguy62,20,20,1,duelist,2026,7416,,-0.070942,9017,20,1.0,0,341,-0.046979399682784743,-0.1138456802179651,-0.1138456802179651,-0.5692284010898254,unverified_statistical_tier2_pool,False
48802,Dragon,33,33,1,duelist,2026,7416,,0.070205,7616,33,1.0,0,341,-0.047602989289219654,0.841577064453921,0.841577064453921,2.550233528648245,unverified_statistical_tier2_pool,False
48808,cai,11,11,1,sentinel,2026,7416,49728|52930|60718|61043,0.023366,49728,11,1.0,0,120,-0.035601050290873654,0.159114219279319,0.159114219279319,1.4464929025392637,unverified_statistical_tier2_pool,False
48809,Jake,10,10,1,sentinel,2026,7416,33190|42317|42318|51474,0.032862,33190,10,1.0,0,120,-0.035601050290873654,0.16665484481204595,0.16665484481204595,1.6665484481204593,unverified_statistical_tier2_pool,False
48862,cl4yerr,9,9,1,initiator,2026,7416,43905|43924|59184|63152,-0.05737,43905,9,1.0,0,238,-0.03895063454622416,-0.040246721533159446,-0.040246721533159446,-0.44718579481288273,unverified_statistical_tier2_pool,False
48863,Mystizip,51,51,2,controller,2026,7416,,0.002398,2909,51,1.0,0,294,-0.044975080437388744,0.5830756620998647,0.5830756620998647,1.143285611960519,unverified_statistical_tier2_pool,False
48864,mrtnssj,47,47,1,controller,2026,7416,50459,-8.1e-05,50459,47,1.0,0,294,-0.044975080437388744,0.4978890350705434,0.4978890350705434,1.0593383724905179,unverified_statistical_tier2_pool,False
48869,Iggy,11,11,1,duelist,2026,7416,31844|58532|58533|58534,-0.04351,31844,11,1.0,0,341,-0.047602989289219654,0.01113952039532512,0.01113952039532512,0.10126836723022836,unverified_statistical_tier2_pool,False
48878,rushia,138,60,1,controller,2026,7416,,0.015982,4885,138,1.0,0,295,-0.04470957291189566,2.062061964198278,0.8961378658814871,1.4935631098024786,unverified_statistical_tier2_pool,False
48879,SIN,8,8,1,duelist,2026,7416,17091|34825|40736|43075,-0.094753,17091,8,1.0,0,342,-0.047447091887610926,-0.08726789970196033,-0.08726789970196033,-1.0908487462745042,unverified_statistical_tier2_pool,False
48908,Xizen,20,20,2,initiator,2026,7416,64735|64736,-0.069944,61985,20,1.0,0,237,-0.03818425582594577,-0.14612737626375727,-0.14612737626375727,-0.7306368813187863,unverified_statistical_tier2_pool,False
48925,Raxcal,62,62,2,duelist,2026,7416,,0.13359,62402,43,0.6935483870967742,19,341,-0.047602989289219654,2.7005977188303554,2.7005977188303554,4.355802772307024,unverified_statistical_tier2_pool,False
48938,Keatz,8,8,2,initiator,2026,7416,,-0.042419,39285,5,0.625,3,238,-0.03895063454622416,-0.006462759086381498,-0.006462759086381498,-0.08078448857976872,unverified_statistical_tier2_pool,False
48948,clush,13,13,1,sentinel,2026,7416,48950|52538|54124,-0.132826,48950,13,1.0,0,120,-0.034467022381013575,-0.2962115688061162,-0.2962115688061162,-2.278550529277817,unverified_statistical_tier2_pool,False
48950,Zeni,13,13,1,initiator,2026,7416,48948|52538|54124,-0.132826,48948,13,1.0,0,237,-0.03818425582594577,-0.28488014432372866,-0.28488014432372866,-2.1913857255671436,unverified_statistical_tier2_pool,False
48951,Hassan,35,35,1,duelist,2026,7416,15473|24359|36639,-0.005387,7220,35,1.0,0,341,-0.047602989289219654,0.3628247892826289,0.3628247892826289,1.0366422550932255,unverified_statistical_tier2_pool,False
48964,lowz,46,46,2,duelist,2026,7416,,-0.113835,2585,26,0.5652173913043478,20,341,-0.046979399682784743,-0.744107149703289,-0.744107149703289,-1.6176242384854107,unverified_statistical_tier2_pool,False
48965,khaikky,6,6,1,duelist,2026,7416,41866|48052|50786|53438,-0.045597,41866,6,1.0,0,342,-0.047447091887610926,0.0027342542882263787,0.0027342542882263787,0.04557090480377298,unverified_statistical_tier2_pool,False
48981,nevoy,58,58,1,sentinel,2026,7416,1581,0.108715,1581,58,1.0,0,120,-0.035601050290873654,2.0242678315870863,2.0242678315870863,3.490116951012218,unverified_statistical_tier2_pool,False
48984,Kramz,22,22,1,duelist,2026,7416,,0.091566,48864,22,1.0,0,341,-0.047602989289219654,0.7209844669812137,0.7209844669812137,3.27720212264188,unverified_statistical_tier2_pool,False
49001,Secre,11,11,1,controller,2026,7416,35965|35967,-0.008275,13219,11,1.0,0,294,-0.044975080437388744,0.10016156139316379,0.10016156139316379,0.9105596490287617,unverified_statistical_tier2_pool,False
49318,Meracle,1,1,1,sentinel,2026,7416,,-0.012719,7764,1,1.0,0,121,-0.034884002137719895,0.00489137113632826,0.00489137113632826,0.48913711363282597,unverified_statistical_tier2_pool,False
49326,mimi,12,12,1,duelist,2026,7416,43090|50758|64749|64752,-0.055089,43090,12,1.0,0,341,-0.046979399682784743,-0.0240126530086035,-0.0240126530086035,-0.20010544173836253,unverified_statistical_tier2_pool,False
49327,Lucky,9,9,1,initiator,2026,7416,34717|34774|60585|60586,-0.080351,34717,9,1.0,0,238,-0.03895063454622416,-0.08852274155708356,-0.08852274155708356,-0.9835860173009284,unverified_statistical_tier2_pool,False
49335,Mikasa,9,9,1,duelist,2026,7416,41731,-0.092785,10141,9,1.0,0,342,-0.047447091887610926,-0.09635640233922532,-0.09635640233922532,-1.070626692658059,unverified_statistical_tier2_pool,False
49336,MiniDLL,9,9,1,sentinel,2026,7416,22735,0.019553,10141,9,1.0,0,121,-0.034884002137719895,0.1210182433962298,0.1210182433962298,1.3446471488469978,unverified_statistical_tier2_pool,False
49341,sh0ut,15,15,1,controller,2026,7416,,-0.029447,10152,15,1.0,0,294,-0.044975080437388744,0.0557156505365663,0.0557156505365663,0.37143767024377533,unverified_statistical_tier2_pool,False
49346,echo,48,40,2,sentinel,2026,7416,,0.091333,12670,48,1.0,0,121,-0.034884002137719895,1.4703471469263505,1.2224485163436094,3.0561212908590236,unverified_statistical_tier2_pool,False
49464,clapie,4,4,1,duelist,2026,7416,45921,-0.060686,39557,4,1.0,0,342,-0.047447091887610926,-0.012358502823913597,-0.012358502823913597,-0.30896257059783994,unverified_statistical_tier2_pool,False
49476,zhe,89,78,2,duelist,2026,7416,,0.014523,3519,78,0.8764044943820225,11,342,-0.047447091887610926,1.334603043851108,1.1677151733657196,1.4970707350842558,unverified_statistical_tier2_pool,False
49570,Rinsat,27,27,1,sentinel,2026,7416,31333|43389,0.047332,31333,27,1.0,0,120,-0.035601050290873654,0.5350831937160714,0.5350831937160714,1.9817896063558198,unverified_statistical_tier2_pool,False
49571,paganus,80,80,1,duelist,2026,7416,21428|44075,0.068973,15931,80,1.0,0,341,-0.047602989289219654,2.2125378482014173,2.2125378482014173,2.7656723102517717,unverified_statistical_tier2_pool,False
49608,enzo,9,9,1,controller,2026,7416,29691|53833,-0.102379,29691,9,1.0,0,295,-0.04470957291189566,-0.12347001330833995,-0.12347001330833995,-1.3718890367593328,unverified_statistical_tier2_pool,False
49612,Croudy,6,6,1,unknown,2026,7416,,-0.003127,23930,6,1.0,0,0,,,,,unverified_statistical_tier2_pool,False
49680,Airy,9,9,1,duelist,2026,7416,40734|48492|62033,-0.035715,33417,9,1.0,0,342,-0.047447091887610926,0.025287079694435388,0.025287079694435388,0.28096755216039315,unverified_statistical_tier2_pool,False
49681,keisu,11,11,1,duelist,2026,7416,27458|32823|34705|51142,-0.033592,27458,11,1.0,0,341,-0.047602989289219654,0.03770559390578643,0.03770559390578643,0.3427781264162402,unverified_statistical_tier2_pool,False
49711,Fitch,8,8,1,duelist,2026,7416,14608|29994|57372|58740,-0.031959,14608,8,1.0,0,342,-0.047447091887610926,0.03091007105763982,0.03091007105763982,0.38637588822049773,unverified_statistical_tier2_pool,False
49713,Pure,4,4,1,initiator,2026,7416,50293|50310|58119,-0.061159,50293,4,1.0,0,238,-0.03895063454622416,-0.02184359316419221,-0.02184359316419221,-0.5460898291048053,unverified_statistical_tier2_pool,False
49719,shawN,6,6,1,controller,2026,7416,42570|42662|50246|61320,-0.030491,42570,6,1.0,0,295,-0.04470957291189566,0.02119462027063257,0.02119462027063257,0.3532436711772095,unverified_statistical_tier2_pool,False
49728,beNca,11,11,1,duelist,2026,7416,48808|52930|60718|61043,0.023366,48808,11,1.0,0,341,-0.047602989289219654,0.19164445739141622,0.19164445739141622,1.7422223399219658,unverified_statistical_tier2_pool,False
49740,Demonn,6,6,1,initiator,2026,7416,12475|28480|50223,-0.033022,12475,6,1.0,0,238,-0.03895063454622416,0.008870706405825046,0.008870706405825046,0.14784510676375076,unverified_statistical_tier2_pool,False
49746,Gingi,5,5,1,sentinel,2026,7416,,-0.019148,16262,5,1.0,0,121,-0.034884002137719895,0.019645962682091345,0.019645962682091345,0.3929192536418269,unverified_statistical_tier2_pool,False
49749,etnaa,8,8,1,duelist,2026,7416,4201|6828|23152|56541,-0.000177,4201,8,1.0,0,342,-0.047447091887610926,0.09208172122370678,0.09208172122370678,1.1510215152963348,unverified_statistical_tier2_pool,False
49817,brast,2,2,1,duelist,2026,7416,,-0.020237,2610,2,1.0,0,342,-0.047447091887610926,0.01052829276913736,0.01052829276913736,0.526414638456868,unverified_statistical_tier2_pool,False
49830,Kleine,2,2,1,initiator,2026,7416,,-0.034702,62402,2,1.0,0,238,-0.03895063454622416,0.0020661784618877244,0.0020661784618877244,0.10330892309438622,unverified_statistical_tier2_pool,False
49857,zanks,2,2,1,duelist,2026,7416,,-0.039784,29691,2,1.0,0,342,-0.047447091887610926,0.0038299165117127165,0.0038299165117127165,0.19149582558563583,unverified_statistical_tier2_pool,False
49871,Yuno,2,2,1,controller,2026,7416,,-0.030869,5477,2,1.0,0,295,-0.04470957291189566,0.006588103904769882,0.006588103904769882,0.3294051952384941,unverified_statistical_tier2_pool,False
49876,Mora,26,26,1,controller,2026,7416,,-0.101903,2968,26,1.0,0,294,-0.04401135369692863,-0.35448120371026776,-0.35448120371026776,-1.3633892450394913,unverified_statistical_tier2_pool,False
49906,HoneyBunny,34,34,1,duelist,2026,7416,1395|12979,0.01566,1395,34,1.0,0,341,-0.047602989289219654,0.531180193068741,0.531180193068741,1.562294685496297,unverified_statistical_tier2_pool,False
49973,glacier,36,36,1,duelist,2026,7416,,-0.081021,6022,36,1.0,0,342,-0.047447091887610926,-0.28604298213101187,-0.28604298213101187,-0.7945638392528108,unverified_statistical_tier2_pool,False
50018,Bosh,19,19,1,duelist,2026,7416,10375|27326|45140|50021,-0.077716,10375,19,1.0,0,341,-0.046979399682784743,-0.1413123909709128,-0.1413123909709128,-0.7437494261626989,unverified_statistical_tier2_pool,False
50021,vurtex,19,19,1,initiator,2026,7416,10375|27326|45140|50018,-0.077716,10375,19,1.0,0,237,-0.03818425582594577,-0.1818581748970946,-0.1818581748970946,-0.9571482889320769,unverified_statistical_tier2_pool,False
50025,Setrod,41,41,1,duelist,2026,7416,,-0.034905,19530,41,1.0,0,342,-0.047447091887610926,0.12591787802447196,0.12591787802447196,0.30711677566944384,unverified_statistical_tier2_pool,False
50064,CorSa,6,6,1,duelist,2026,7416,16268|41765|46442|59810,-0.031792,16268,6,1.0,0,342,-0.047447091887610926,0.023377377569911872,0.023377377569911872,0.3896229594985312,unverified_statistical_tier2_pool,False
50070,AleZ,10,10,1,duelist,2026,7416,,-0.024208,32303,10,1.0,0,341,-0.047602989289219654,0.05659074944745762,0.05659074944745762,0.5659074944745762,unverified_statistical_tier2_pool,False
50075,Movv,31,31,1,sentinel,2026,7416,32303|55459|55748,0.013765,32303,31,1.0,0,120,-0.035601050290873654,0.37432770819640293,0.37432770819640293,1.2075087361174288,unverified_statistical_tier2_pool,False
50080,Lsn,17,0,1,initiator,historical_fallback,7416,,-0.067826,10821,17,1.0,0,238,-0.03895063454622416,-0.11774686903352444,,,unverified_statistical_tier2_pool,False
50094,Rin,3,3,1,sentinel,2026,7416,47816|47818|47820|62813,-0.016299,47816,3,1.0,0,121,-0.034884002137719895,0.013924199553490613,0.013924199553490613,0.46413998511635374,unverified_statistical_tier2_pool,False
50186,qu1ckz,33,33,3,initiator,2026,7416,,0.032795,1284,22,0.6666666666666666,11,237,-0.03920609411965029,0.5796843217811524,0.5796843217811524,1.7566191569125829,unverified_statistical_tier2_pool,False
50206,sulunist,20,20,1,initiator,2026,7416,,0.016656,4540,20,1.0,0,237,-0.03920609411965029,0.2633808588171498,0.2633808588171498,1.316904294085749,unverified_statistical_tier2_pool,False
50223,kízy,6,6,1,duelist,2026,7416,12475|28480|49740,-0.033022,12475,6,1.0,0,342,-0.047447091887610926,0.021583116399709557,0.021583116399709557,0.3597186066618259,unverified_statistical_tier2_pool,False
50246,Kev,6,6,1,sentinel,2026,7416,42570|42662|49719|61320,-0.030491,42570,6,1.0,0,121,-0.034884002137719895,0.006549092094385145,0.006549092094385145,0.10915153490641909,unverified_statistical_tier2_pool,False
50253,Oak,26,26,1,duelist,2026,7416,,-0.022588,57995,26,1.0,0,341,-0.047602989289219654,0.15264883429361906,0.15264883429361906,0.5871109011293041,unverified_statistical_tier2_pool,False
50267,Br0zgA,3,3,1,controller,2026,7416,,0.011793,31350,3,1.0,0,295,-0.04470957291189566,0.04176616544590506,0.04176616544590506,1.3922055148635017,unverified_statistical_tier2_pool,False
50270,prevail,31,31,3,controller,2026,7416,29629|61318,-0.053474,29629,31,1.0,0,294,-0.04401135369692863,-0.07053095190409392,-0.07053095190409392,-0.22751919969062556,unverified_statistical_tier2_pool,False
50272,rens,3,3,2,duelist,2026,7416,,0.014211,16012,2,0.6666666666666666,1,342,-0.047447091887610926,0.045895475438297195,0.045895475438297195,1.529849181276573,unverified_statistical_tier2_pool,False
50288,narky,39,39,1,duelist,2026,7416,39285|45769,0.02964,39285,39,1.0,0,341,-0.047602989289219654,0.7159820824328391,0.7159820824328391,1.835851493417536,unverified_statistical_tier2_pool,False
50293,Ert,4,4,1,duelist,2026,7416,49713|50310|58119,-0.061159,49713,4,1.0,0,342,-0.047447091887610926,-0.013481051903022956,-0.013481051903022956,-0.3370262975755739,unverified_statistical_tier2_pool,False
50310,Cheat,4,4,1,controller,2026,7416,49713|50293|58119,-0.061159,49713,4,1.0,0,295,-0.04470957291189566,-0.01617469174469366,-0.01617469174469366,-0.4043672936173415,unverified_statistical_tier2_pool,False
50335,stark,7,7,1,initiator,2026,7416,,0.015231,31298,7,1.0,0,238,-0.03895063454622416,0.0940403929396183,0.0940403929396183,1.34343418485169,unverified_statistical_tier2_pool,False
50349,xexxar,51,51,1,duelist,2026,7416,2252|12323|46051,0.171739,2252,51,1.0,0,341,-0.047602989289219654,2.654673498862325,2.654673498862325,5.2052421546320105,unverified_statistical_tier2_pool,False
50423,ExpMoe,14,14,2,controller,2026,7416,,-0.124563,29691,9,0.6428571428571429,5,294,-0.04401135369692863,-0.27271924699555294,-0.27271924699555294,-1.947994621396807,unverified_statistical_tier2_pool,False
50459,tunaso,47,47,1,duelist,2026,7416,48864,-8.1e-05,48864,47,1.0,0,341,-0.047602989289219654,0.5269805132972551,0.5269805132972551,1.121235134675011,unverified_statistical_tier2_pool,False
50461,deev,27,27,2,initiator,2026,7416,,0.021266,48864,22,0.8148148148148148,5,237,-0.03920609411965029,0.38248648482188546,0.38248648482188546,1.4166166104514277,unverified_statistical_tier2_pool,False
50581,Vecious,10,10,1,duelist,2026,7416,,-0.015601,25097,10,1.0,0,341,-0.047602989289219654,0.07571823702034453,0.07571823702034453,0.7571823702034453,unverified_statistical_tier2_pool,False
50623,Byucho,5,5,1,controller,2026,7416,9371|48011|50625|63153,-0.049764,9371,5,1.0,0,295,-0.04470957291189566,-0.00629160594860817,-0.00629160594860817,-0.1258321189721634,unverified_statistical_tier2_pool,False
50625,Joluma,5,5,1,duelist,2026,7416,9371|48011|50623|63153,-0.049764,9371,5,1.0,0,342,-0.047447091887610926,-0.0028842881625944505,-0.0028842881625944505,-0.05768576325188901,unverified_statistical_tier2_pool,False
50758,Lroll,12,12,1,controller,2026,7416,43090|49326|64749|64752,-0.055089,43090,12,1.0,0,294,-0.04401135369692863,-0.03280549100042596,-0.03280549100042596,-0.2733790916702163,unverified_statistical_tier2_pool,False
50759,R14h,10,10,1,controller,2026,7416,47472|50762|58540|58542,-0.065003,47472,10,1.0,0,294,-0.04401135369692863,-0.05009836125815509,-0.05009836125815509,-0.5009836125815509,unverified_statistical_tier2_pool,False
50762,Acherron,10,10,1,controller,2026,7416,47472|50759|58540|58542,-0.065003,47472,10,1.0,0,294,-0.04401135369692863,-0.05009836125815509,-0.05009836125815509,-0.5009836125815509,unverified_statistical_tier2_pool,False
50768,spm,39,39,3,duelist,2026,7416,,-0.072255,37095,39,1.0,0,341,-0.046979399682784743,-0.23835431408781887,-0.23835431408781887,-0.6111649079174842,unverified_statistical_tier2_pool,False
50770,dny,4,4,1,sentinel,2026,7416,,-0.060536,22914,4,1.0,0,121,-0.034884002137719895,-0.0245833824688812,-0.0245833824688812,-0.61458456172203,unverified_statistical_tier2_pool,False
50776,influx,41,41,1,duelist,2026,7416,4892|39351|52965,0.043306,4892,41,1.0,0,341,-0.047602989289219654,0.8920231351987463,0.8920231351987463,2.1756661834115767,unverified_statistical_tier2_pool,False
50786,Renna,6,6,1,initiator,2026,7416,41866|48052|48965|53438,-0.045597,41866,6,1.0,0,238,-0.03895063454622416,-0.00981742026782767,-0.00981742026782767,-0.16362367113046117,unverified_statistical_tier2_pool,False
50788,140,40,40,1,controller,2026,7416,40889|40891|40892|54802,0.049145,40889,40,1.0,0,294,-0.044975080437388744,0.919671399026483,0.919671399026483,2.2991784975662073,unverified_statistical_tier2_pool,False
50800,Zephyr,6,6,1,controller,2026,7416,13114|47588|54806|54807,-0.005198,13114,6,1.0,0,295,-0.04470957291189566,0.05896126604076696,0.05896126604076696,0.982687767346116,unverified_statistical_tier2_pool,False
50813,GSR,63,63,2,duelist,2026,7416,,0.094168,3839,55,0.873015873015873,8,341,-0.047602989289219654,2.1443361464706503,2.1443361464706503,3.4037081690010322,unverified_statistical_tier2_pool,False
50814,Fractioned,19,19,3,duelist,2026,7416,,-0.039048,3784,8,0.42105263157894735,11,341,-0.047602989289219654,0.03985429648271954,0.03985429648271954,0.20975945517220812,unverified_statistical_tier2_pool,False
50826,Ramgi,48,48,1,duelist,2026,7416,25089|27384|42755|42793,0.073283,25089,48,1.0,0,341,-0.047602989289219654,1.3841223209611357,1.3841223209611357,2.8835881686690326,unverified_statistical_tier2_pool,False
50827,Gnadel,45,45,1,initiator,2026,7416,53196|60650,0.079806,53196,45,1.0,0,237,-0.03920609411965029,1.2985757298968152,1.2985757298968152,2.885723844215145,unverified_statistical_tier2_pool,False
51093,ayuta,8,8,1,initiator,2026,7416,51098|58541|62035,-0.002018,51098,8,1.0,0,238,-0.03895063454622416,0.07203028168978964,0.07203028168978964,0.9003785211223705,unverified_statistical_tier2_pool,False
51094,Falk,30,30,1,initiator,2026,7416,4038|7888|34785|38369,-0.01233,4038,30,1.0,0,237,-0.03920609411965029,0.19552459718998533,0.19552459718998533,0.6517486572999511,unverified_statistical_tier2_pool,False
51098,hatto,8,8,1,duelist,2026,7416,51093|58541|62035,-0.002018,51093,8,1.0,0,342,-0.047447091887610926,0.0886040886117373,0.0886040886117373,1.1075511076467162,unverified_statistical_tier2_pool,False
51099,ZynX,18,18,1,duelist,2026,7416,,-0.048133,773,18,1.0,0,342,-0.047447091887610926,-0.002942588520083389,-0.002942588520083389,-0.01634771400046327,unverified_statistical_tier2_pool,False
51100,Flicker,51,51,2,duelist,2026,7416,,0.046959,6702,41,0.803921568627451,10,341,-0.047602989289219654,1.133688916091102,1.133688916091102,2.2229194433158863,unverified_statistical_tier2_pool,False
51142,kuro,11,11,1,controller,2026,7416,27458|32823|34705|49681,-0.033592,27458,11,1.0,0,294,-0.044975080437388744,0.0306366614420574,0.0306366614420574,0.27851510401870366,unverified_statistical_tier2_pool,False
51238,yong,38,38,2,sentinel,2026,7416,,0.067421,1916,33,0.868421052631579,5,121,-0.034884002137719895,0.9343152193850157,0.9343152193850157,2.458724261539515,unverified_statistical_tier2_pool,False
51244,Jieni7,102,61,1,initiator,2026,7416,,0.052407,3017,102,1.0,0,238,-0.03895063454622416,2.257234382351497,1.3419150385702387,2.1998607189676043,unverified_statistical_tier2_pool,False
51249,FKEY,31,31,1,initiator,2026,7416,,-0.00639,3045,31,1.0,0,238,-0.03895063454622416,0.2481569706246573,0.2481569706246573,0.8005063568537333,unverified_statistical_tier2_pool,False
51250,Ying,8,8,1,duelist,2026,7416,6126|58008|58009,-0.074957,6126,8,1.0,0,342,-0.047447091887610926,-0.05467437869318248,-0.05467437869318248,-0.683429733664781,unverified_statistical_tier2_pool,False
51254,Ko0da,8,8,1,controller,2026,7416,,-0.003963,32303,8,1.0,0,295,-0.04470957291189566,0.080076702320527,0.080076702320527,1.0009587790065875,unverified_statistical_tier2_pool,False
51474,BSK,10,10,1,controller,2026,7416,33190|42317|42318|48809,0.032862,33190,10,1.0,0,294,-0.044975080437388744,0.18945945824744476,0.18945945824744476,1.8945945824744477,unverified_statistical_tier2_pool,False
51475,admirooo,4,4,1,duelist,2026,7416,58324|58327|58328|58332,-0.059416,58324,4,1.0,0,342,-0.047447091887610926,-0.01176621667743838,-0.01176621667743838,-0.2941554169359595,unverified_statistical_tier2_pool,False
51536,Lethal,2,2,1,duelist,2026,7416,47791|47812|62796|62797,-0.028262,47791,2,1.0,0,342,-0.047447091887610926,0.00936346913290309,0.00936346913290309,0.46817345664515453,unverified_statistical_tier2_pool,False
51542,AlphaWarrior,3,3,1,sentinel,2026,7416,5541,0.011094,5541,3,1.0,0,121,-0.034884002137719895,0.03392633669030415,0.03392633669030415,1.130877889676805,unverified_statistical_tier2_pool,False
51543,SangraM,3,3,1,duelist,2026,7416,26221|51546,-0.012814,26221,3,1.0,0,342,-0.047447091887610926,0.025714638604038886,0.025714638604038886,0.8571546201346295,unverified_statistical_tier2_pool,False
51546,AaG,3,3,1,controller,2026,7416,26221|51543,-0.012814,26221,3,1.0,0,295,-0.04470957291189566,0.02368487467046937,0.02368487467046937,0.7894958223489791,unverified_statistical_tier2_pool,False
51548,pauly,2,2,1,sentinel,2026,7416,47801|51613|62827,-0.028526,47801,2,1.0,0,121,-0.034884002137719895,0.0031132700080570563,0.0031132700080570563,0.15566350040285282,unverified_statistical_tier2_pool,False
51549,kidnyuh,11,11,1,sentinel,2026,7416,64694,-0.006226,51617,11,1.0,0,120,-0.035601050290873654,0.07957206102269215,0.07957206102269215,0.723382372933565,unverified_statistical_tier2_pool,False
51555,Ichigo,4,4,1,duelist,2026,7416,47751|62856|62857,0.003248,47751,4,1.0,0,342,-0.047447091887610926,0.04974714150367615,0.04974714150367615,1.2436785375919037,unverified_statistical_tier2_pool,False
51558,Exile,5,5,1,controller,2026,7416,51560|51589|51590,0.012741,51560,5,1.0,0,295,-0.04470957291189566,0.07162171619988933,0.07162171619988933,1.4324343239977866,unverified_statistical_tier2_pool,False
51559,ArfernoX,4,4,1,controller,2026,7416,62787|62788|62789|62790,0.007294,62787,4,1.0,0,295,-0.04470957291189566,0.04907945207267306,0.04907945207267306,1.2269863018168263,unverified_statistical_tier2_pool,False
51560,HASH,5,5,1,initiator,2026,7416,51558|51589|51590,0.012741,51558,5,1.0,0,238,-0.03895063454622416,0.06443693667330264,0.06443693667330264,1.2887387334660527,unverified_statistical_tier2_pool,False
51561,R1ntaro,9,9,2,duelist,2026,7416,,0.013955,51558,5,0.5555555555555556,4,342,-0.047447091887610926,0.13661950135500367,0.13661950135500367,1.5179944595000407,unverified_statistical_tier2_pool,False
51562,Corvus,3,3,2,duelist,2026,7416,,-0.036602,27755,2,0.6666666666666666,1,342,-0.047447091887610926,0.007077258619634708,0.007077258619634708,0.23590862065449025,unverified_statistical_tier2_pool,False
51583,ARJUN,2,2,1,duelist,2026,7416,62904|62905|62906|62907,-0.025734,62904,2,1.0,0,342,-0.047447091887610926,0.010276306412745184,0.010276306412745184,0.5138153206372592,unverified_statistical_tier2_pool,False
51585,ALT F4 B4 2L8,2,2,1,sentinel,2026,7416,,0.028526,15363,2,1.0,0,121,-0.034884002137719895,0.031193734358106684,0.031193734358106684,1.5596867179053342,unverified_statistical_tier2_pool,False
51589,Ext1nct,5,5,1,sentinel,2026,7416,51558|51560|51590,0.012741,51558,5,1.0,0,121,-0.034884002137719895,0.05936396937657579,0.05936396937657579,1.1872793875315157,unverified_statistical_tier2_pool,False
51590,ITz INSANE,5,5,1,duelist,2026,7416,51558|51560|51589,0.012741,51558,5,1.0,0,342,-0.047447091887610926,0.07503727876728622,0.07503727876728622,1.5007455753457244,unverified_statistical_tier2_pool,False
51592,Zaidan,11,11,1,duelist,2026,7416,24820|24829|53491,0.010425,24820,11,1.0,0,341,-0.047602989289219654,0.15915547212873532,0.15915547212873532,1.4468679284430483,unverified_statistical_tier2_pool,False
51593,RaJ,5,5,1,duelist,2026,7416,51596|51626|53493|62865,0.018451,51596,5,1.0,0,342,-0.047447091887610926,0.08091784067500535,0.08091784067500535,1.6183568135001072,unverified_statistical_tier2_pool,False
51596,Blitz,5,5,1,initiator,2026,7416,51593|51626|53493|62865,0.018451,51593,5,1.0,0,238,-0.03895063454622416,0.07049740611804534,0.07049740611804534,1.4099481223609067,unverified_statistical_tier2_pool,False
51597,INST1NCT,5,5,1,initiator,2026,7416,51634|62862|62863|62864,-0.017224,51634,5,1.0,0,238,-0.03895063454622416,0.027138913498604256,0.027138913498604256,0.5427782699720851,unverified_statistical_tier2_pool,False
51599,Zaraki,10,10,1,controller,2026,7416,,-0.005121,24820,10,1.0,0,294,-0.044975080437388744,0.09936130326333359,0.09936130326333359,0.9936130326333359,unverified_statistical_tier2_pool,False
51601,ScaR,21,21,1,controller,2026,7416,,0.037531,40074,21,1.0,0,294,-0.044975080437388744,0.42439064341268534,0.42439064341268534,2.020907825774692,unverified_statistical_tier2_pool,False
51603,liam,5,5,1,initiator,2026,7416,64693,-0.013803,24329,5,1.0,0,238,-0.03895063454622416,0.03121450005673604,0.03121450005673604,0.6242900011347208,unverified_statistical_tier2_pool,False
51605,ka1ser,2,2,1,duelist,2026,7416,62917|62918|62919|62920,-0.030521,62917,2,1.0,0,342,-0.047447091887610926,0.008386022689024941,0.008386022689024941,0.41930113445124706,unverified_statistical_tier2_pool,False
51613,SappyHyper,2,2,1,controller,2026,7416,47801|51548|62827,-0.028526,47801,2,1.0,0,295,-0.04470957291189566,0.007918878281285402,0.007918878281285402,0.3959439140642701,unverified_statistical_tier2_pool,False
51617,ManOp,16,16,1,controller,2026,7416,62854,0.004471,62854,16,1.0,0,294,-0.044975080437388744,0.19540759925470352,0.19540759925470352,1.2212974953418971,unverified_statistical_tier2_pool,False
51626,RowdyCS,5,5,1,duelist,2026,7416,51593|51596|53493|62865,0.018451,51593,5,1.0,0,342,-0.047447091887610926,0.08091784067500535,0.08091784067500535,1.6183568135001072,unverified_statistical_tier2_pool,False
51628,TERMI,18,18,1,controller,2026,7416,,-0.159282,43449,18,1.0,0,294,-0.04401135369692863,-0.39292844115019937,-0.39292844115019937,-2.1829357841677743,unverified_statistical_tier2_pool,False
51629,IAMPrasad,14,14,1,sentinel,2026,7416,51630|51631|51632|62780,0.003053,51630,14,1.0,0,120,-0.035601050290873654,0.13454757845687892,0.13454757845687892,0.9610541318348494,unverified_statistical_tier2_pool,False
51630,Baaz,14,14,1,initiator,2026,7416,51629|51631|51632|62780,0.003053,51629,14,1.0,0,237,-0.03920609411965029,0.14708894743179118,0.14708894743179118,1.0506353387985086,unverified_statistical_tier2_pool,False
51631,Morpheus,14,14,1,controller,2026,7416,51629|51630|51632|62780,0.003053,51629,14,1.0,0,294,-0.044975080437388744,0.16715503812525456,0.16715503812525456,1.1939645580375324,unverified_statistical_tier2_pool,False
51632,KonsTanT,14,14,1,duelist,2026,7416,51629|51630|51631|62780,0.003053,51629,14,1.0,0,341,-0.047602989289219654,0.1762941974742534,0.1762941974742534,1.2592442676732387,unverified_statistical_tier2_pool,False
51634,Saddy,5,5,1,duelist,2026,7416,51597|62862|62863|62864,-0.017224,51597,5,1.0,0,342,-0.047447091887610926,0.03775160372769337,0.03775160372769337,0.7550320745538674,unverified_statistical_tier2_pool,False
51635,Pace,3,3,1,duelist,2026,7416,15363|17295|46062,0.012926,15363,3,1.0,0,342,-0.047447091887610926,0.04469852253460005,0.04469852253460005,1.4899507511533348,unverified_statistical_tier2_pool,False
51637,RawHawkeye,2,2,1,duelist,2026,7416,,-0.001784,4037,2,1.0,0,342,-0.047447091887610926,0.02264063670909361,0.02264063670909361,1.1320318354546806,unverified_statistical_tier2_pool,False
51638,Aman,2,2,1,sentinel,2026,7416,36626|48426,-0.030377,36626,2,1.0,0,121,-0.034884002137719895,0.0022354738650863237,0.0022354738650863237,0.11177369325431619,unverified_statistical_tier2_pool,False
51640,Lxgacy,2,2,1,initiator,2026,7416,27755,-0.018668,27755,2,1.0,0,238,-0.03895063454622416,0.008155096636481174,0.008155096636481174,0.4077548318240587,unverified_statistical_tier2_pool,False
51645,snowman,2,2,1,controller,2026,7416,62800|62803,-0.031064,62800,2,1.0,0,295,-0.04470957291189566,0.0067888673862268045,0.0067888673862268045,0.3394433693113402,unverified_statistical_tier2_pool,False
51652,RedoxInn,9,9,1,initiator,2026,7416,43441|60669|62778|62779,0.034554,43441,9,1.0,0,238,-0.03895063454622416,0.16358317397233935,0.16358317397233935,1.8175908219148817,unverified_statistical_tier2_pool,False
51655,Elev3n,17,17,2,duelist,2026,7416,,0.03544,40057,14,0.8235294117647058,3,341,-0.047602989289219654,0.34532889378102044,0.34532889378102044,2.0313464340060023,unverified_statistical_tier2_pool,False
51657,Aero,2,2,1,initiator,2026,7416,47745|64701|64702,-0.035879,47745,2,1.0,0,238,-0.03895063454622416,0.001534011608602781,0.001534011608602781,0.07670058043013905,unverified_statistical_tier2_pool,False
51676,prayy,17,17,1,duelist,2026,7416,8834|30750,-0.070071,8834,17,1.0,0,341,-0.046979399682784743,-0.09011668284060365,-0.09011668284060365,-0.530098134356492,unverified_statistical_tier2_pool,False
51695,Gambo,15,15,2,initiator,2026,7416,,0.040665,40057,14,0.9333333333333333,1,237,-0.03920609411965029,0.29021637861207894,0.29021637861207894,1.9347758574138596,unverified_statistical_tier2_pool,False
51696,SynX,41,41,1,initiator,2026,7416,,0.162005,47835,34,0.8292682926829268,7,237,-0.03920609411965029,2.0078422658938297,2.0078422658938297,4.897176258277633,unverified_statistical_tier2_pool,False
51818,phish,4,4,1,sentinel,2026,7416,23596|23633|23691|37046,-0.062064,23596,4,1.0,0,121,-0.034884002137719895,-0.02623523356045221,-0.02623523356045221,-0.6558808390113052,unverified_statistical_tier2_pool,False
51893,minh2,14,14,2,duelist,2026,7416,14213|23976|37639|56064,-0.161594,14213,14,1.0,0,341,-0.046979399682784743,-0.3471680047212101,-0.3471680047212101,-2.4797714622943583,unverified_statistical_tier2_pool,False
52080,kkoruna,15,15,1,duelist,2026,7416,9745,0.005293,7749,15,1.0,0,341,-0.047602989289219654,0.1876937872937452,0.1876937872937452,1.2512919152916346,unverified_statistical_tier2_pool,False
52101,Bai,44,39,2,sentinel,2026,7416,,-0.044595,46748,41,0.9318181818181818,3,121,-0.034884002137719895,-0.10501541694913424,-0.092960959440131,-0.23836143446187436,unverified_statistical_tier2_pool,False
52356,saranghae,10,10,1,controller,2026,7416,46098|48502|52500|52501,-0.021769,46098,10,1.0,0,294,-0.044975080437388744,0.05731068789788868,0.05731068789788868,0.5731068789788868,unverified_statistical_tier2_pool,False
52500,pennywise,10,10,1,duelist,2026,7416,46098|48502|52356|52501,-0.021769,46098,10,1.0,0,341,-0.047602989289219654,0.06379273459587714,0.06379273459587714,0.6379273459587714,unverified_statistical_tier2_pool,False
52501,Neft,10,10,1,sentinel,2026,7416,46098|48502|52356|52500,-0.021769,46098,10,1.0,0,120,-0.035601050290873654,0.03417529402965502,0.03417529402965502,0.34175294029655023,unverified_statistical_tier2_pool,False
52527,flank,8,8,1,duelist,2026,7416,16045|18384|24426|31300,-0.022116,16045,8,1.0,0,342,-0.047447091887610926,0.04987080631422325,0.04987080631422325,0.6233850789277906,unverified_statistical_tier2_pool,False
52535,poeth,24,24,2,controller,2026,7416,37646,-0.069758,37646,24,1.0,0,294,-0.04401135369692863,-0.1510976166777615,-0.1510976166777615,-0.6295734028240062,unverified_statistical_tier2_pool,False
52536,ZeyNo,20,20,1,duelist,2026,7416,54967,0.060353,7173,20,1.0,0,341,-0.047602989289219654,0.5300968840539733,0.5300968840539733,2.6504844202698665,unverified_statistical_tier2_pool,False
52537,SWINGG0D,4,4,1,duelist,2026,7416,5303|38345|38347|55699,-0.05635,5303,4,1.0,0,342,-0.047447091887610926,-0.008632906862187206,-0.008632906862187206,-0.21582267155468016,unverified_statistical_tier2_pool,False
52538,yaggert,13,13,1,duelist,2026,7416,48948|48950|54124,-0.132826,48948,13,1.0,0,341,-0.046979399682784743,-0.2581104000704419,-0.2581104000704419,-1.985464615926476,unverified_statistical_tier2_pool,False
52539,gaara,4,4,1,controller,2026,7416,,-0.051055,48948,4,1.0,0,295,-0.04470957291189566,-0.005866636687483606,-0.005866636687483606,-0.14666591718709016,unverified_statistical_tier2_pool,False
52542,LART1K3,6,6,1,initiator,2026,7416,46050|60540,-0.032877,46050,6,1.0,0,238,-0.03895063454622416,0.009061246693081226,0.009061246693081226,0.15102077821802043,unverified_statistical_tier2_pool,False
52545,skonikS,4,4,1,duelist,2026,7416,,-0.064249,46050,4,1.0,0,342,-0.047447091887610926,-0.016731348064014828,-0.016731348064014828,-0.4182837016003707,unverified_statistical_tier2_pool,False
52723,yutaro,41,41,1,sentinel,2026,7416,6702|10769|45962,0.152388,6702,41,1.0,0,120,-0.035601050290873654,1.8161487185811986,1.8161487185811986,4.429631020929753,unverified_statistical_tier2_pool,False
52797,Kneehawl,4,4,1,duelist,2026,7416,62866|62867|62869,-0.002567,62866,4,1.0,0,342,-0.047447091887610926,0.044675679821712055,0.044675679821712055,1.1168919955428014,unverified_statistical_tier2_pool,False
52904,Akeman,66,19,2,duelist,2026,7416,,0.005288,4705,61,0.9242424242424242,5,342,-0.047447091887610926,0.8565406192102432,0.24824458733371246,1.3065504596511182,unverified_statistical_tier2_pool,False
52924,Jawad,19,19,1,sentinel,2026,7416,46440|54425,0.028435,46440,19,1.0,0,120,-0.035601050290873654,0.300374688788934,0.300374688788934,1.5809194146785999,unverified_statistical_tier2_pool,False
52930,LALO,11,11,1,initiator,2026,7416,48808|49728|60718|61043,0.023366,48808,11,1.0,0,237,-0.03920609411965029,0.1688806528957273,0.1688806528957273,1.53527866268843,unverified_statistical_tier2_pool,False
52931,REZE,25,25,1,controller,2026,7416,4613|4615|31116,-0.001814,4613,25,1.0,0,294,-0.044975080437388744,0.2661439551384617,0.2661439551384617,1.0645758205538467,unverified_statistical_tier2_pool,False
52965,oroni,41,41,1,duelist,2026,7416,4892|39351|50776,0.043306,4892,41,1.0,0,341,-0.047602989289219654,0.8920231351987463,0.8920231351987463,2.1756661834115767,unverified_statistical_tier2_pool,False
52976,henky,29,29,2,duelist,2026,7416,,-0.04017,9556,23,0.7931034482758621,6,341,-0.047602989289219654,0.050998359327975085,0.050998359327975085,0.17585641147577616,unverified_statistical_tier2_pool,False
53059,ASPY,8,8,1,controller,2026,7416,7994|41076,0.001558,7994,8,1.0,0,295,-0.04470957291189566,0.09202355435349185,0.09202355435349185,1.1502944294186481,unverified_statistical_tier2_pool,False
53114,M0dy,6,6,1,duelist,2026,7416,10448|59374,-0.033147,10448,6,1.0,0,342,-0.047447091887610926,0.021408623458178677,0.021408623458178677,0.3568103909696447,unverified_statistical_tier2_pool,False
53124,Suu1tan,12,12,1,controller,2026,7416,40218|41087,-0.019824,40218,12,1.0,0,294,-0.044975080437388744,0.07410814855512321,0.07410814855512321,0.6175679046260267,unverified_statistical_tier2_pool,False
53131,Sabortzz,58,50,2,duelist,2026,7416,,0.012975,7639,50,0.8620689655172413,8,341,-0.047602989289219654,0.8441587597947927,0.7237942259145714,1.4475884518291429,unverified_statistical_tier2_pool,False
53155,ativik,15,15,1,duelist,2026,7416,,-0.085585,7652,15,1.0,0,341,-0.046979399682784743,-0.13097726206099508,-0.13097726206099508,-0.8731817470733005,unverified_statistical_tier2_pool,False
53196,DarK,45,45,1,controller,2026,7416,50827|60650,0.079806,50827,45,1.0,0,294,-0.044975080437388744,1.3617475029259714,1.3617475029259714,3.0261055620577144,unverified_statistical_tier2_pool,False
53324,Tenkai,7,7,1,duelist,2026,7416,,-0.029411,9698,7,1.0,0,342,-0.047447091887610926,0.029336551092975394,0.029336551092975394,0.4190935870425056,unverified_statistical_tier2_pool,False
53353,LIAN,3,3,1,initiator,2026,7416,24232|30733|44085|63180,-0.046771,24232,3,1.0,0,238,-0.03895063454622416,-0.005691602161796483,-0.005691602161796483,-0.18972007205988276,unverified_statistical_tier2_pool,False
53438,ayxrus,6,6,1,controller,2026,7416,41866|48052|48965|50786,-0.045597,41866,6,1.0,0,295,-0.04470957291189566,-0.0013109763577544564,-0.0013109763577544564,-0.021849605962574275,unverified_statistical_tier2_pool,False
53488,CLINTOR,12,12,2,duelist,2026,7416,,0.011664,3502,9,0.75,3,341,-0.047602989289219654,0.1746460561352925,0.1746460561352925,1.4553838011274376,unverified_statistical_tier2_pool,False
53490,P0WER,15,15,2,duelist,2026,7416,,0.039809,40057,13,0.8666666666666667,2,341,-0.047602989289219654,0.3186890956575616,0.3186890956575616,2.1245939710504107,unverified_statistical_tier2_pool,False
53491,introvert,11,11,1,duelist,2026,7416,24820|24829|51592,0.010425,24820,11,1.0,0,341,-0.047602989289219654,0.15915547212873532,0.15915547212873532,1.4468679284430483,unverified_statistical_tier2_pool,False
53493,Hawk,5,5,1,controller,2026,7416,51593|51596|51626|62865,0.018451,51593,5,1.0,0,295,-0.04470957291189566,0.07756092529566444,0.07756092529566444,1.5512185059132888,unverified_statistical_tier2_pool,False
53833,max,9,9,1,initiator,2026,7416,29691|49608,-0.102379,29691,9,1.0,0,238,-0.03895063454622416,-0.13586964297938953,-0.13586964297938953,-1.5096626997709945,unverified_statistical_tier2_pool,False
54011,LEVA,7,7,1,initiator,2026,7416,,-0.052724,36433,7,1.0,0,238,-0.03895063454622416,-0.02367576313559744,-0.02367576313559744,-0.33822518765139203,unverified_statistical_tier2_pool,False
54016,SmiLe,11,11,1,duelist,2026,7416,58193|58194|58195|64755,-0.057517,58193,11,1.0,0,341,-0.046979399682784743,-0.027202198768041946,-0.027202198768041946,-0.24729271607310863,unverified_statistical_tier2_pool,False
54017,yuki,11,11,2,controller,2026,7416,,0.00264,51093,8,0.7272727272727273,3,294,-0.044975080437388744,0.12215223702769212,0.12215223702769212,1.1104748820699284,unverified_statistical_tier2_pool,False
54082,Weegle,45,45,3,duelist,2026,7416,,-0.031817,3227,43,0.9555555555555556,2,341,-0.047602989289219654,0.17094920360907107,0.17094920360907107,0.37988711913126905,unverified_statistical_tier2_pool,False
54124,Galdex,13,13,1,initiator,2026,7416,48948|48950|52538,-0.132826,48948,13,1.0,0,237,-0.03818425582594577,-0.28488014432372866,-0.28488014432372866,-2.1913857255671436,unverified_statistical_tier2_pool,False
54175,DaNa,2,2,1,duelist,2026,7416,34869|34884|34951,-0.000118,34869,2,1.0,0,342,-0.047447091887610926,0.023653825193410027,0.023653825193410027,1.1826912596705013,unverified_statistical_tier2_pool,False
54355,maofish,12,12,1,unknown,2026,7416,48171|48226|48227|58919,0.023988,48171,12,1.0,0,0,,,,,unverified_statistical_tier2_pool,False
54412,myoo,5,5,1,controller,2026,7416,48264|48265|48272|48581,-0.043733,48264,5,1.0,0,295,-0.04470957291189566,0.0012112549621728919,0.0012112549621728919,0.024225099243457837,unverified_statistical_tier2_pool,False
54425,Tr0mA,19,19,1,controller,2026,7416,46440|52924,0.028435,46440,19,1.0,0,294,-0.044975080437388744,0.34442180969766933,0.34442180969766933,1.8127463668298385,unverified_statistical_tier2_pool,False
54431,Lucio,22,22,1,initiator,2026,7416,7176|55690,-0.07983,7176,22,1.0,0,237,-0.03818425582594577,-0.219897302303246,-0.219897302303246,-0.9995331922874818,unverified_statistical_tier2_pool,False
54469,cobra,15,15,1,initiator,2026,7416,60900|60901|60903|60907,0.002741,60900,15,1.0,0,237,-0.03920609411965029,0.15446691100502202,0.15446691100502202,1.0297794067001467,unverified_statistical_tier2_pool,False
54487,Xlele,45,40,3,duelist,2026,7416,,-0.025101,7987,21,0.4666666666666667,24,342,-0.047447091887610926,0.24586783982439336,0.21812333785209975,0.5453083446302494,unverified_statistical_tier2_pool,False
54723,Rabity,2,2,1,initiator,2026,7416,36886|45150|56908|62877,-0.030871,36886,2,1.0,0,238,-0.03895063454622416,0.004017045144824483,0.004017045144824483,0.20085225724122413,unverified_statistical_tier2_pool,False
54802,santnas,40,40,1,duelist,2026,7416,40889|40891|40892|50788,0.049145,40889,40,1.0,0,341,-0.047602989289219654,0.9454084889316057,0.9454084889316057,2.3635212223290143,unverified_statistical_tier2_pool,False
54806,JKCF,6,6,1,duelist,2026,7416,13114|47588|50800|54807,-0.005198,13114,6,1.0,0,342,-0.047447091887610926,0.06304912297615167,0.06304912297615167,1.0508187162691944,unverified_statistical_tier2_pool,False
54807,Hanaa,6,6,1,duelist,2026,7416,13114|47588|50800|54806,-0.005198,13114,6,1.0,0,342,-0.047447091887610926,0.06304912297615167,0.06304912297615167,1.0508187162691944,unverified_statistical_tier2_pool,False
54967,azume,20,20,1,controller,2026,7416,52536,0.060353,7173,20,1.0,0,294,-0.044975080437388744,0.5172569884625436,0.5172569884625436,2.5862849423127185,unverified_statistical_tier2_pool,False
54973,Neptunee,23,23,1,sentinel,2026,7416,,0.0711,12673,23,1.0,0,120,-0.035601050290873654,0.6026683977063452,0.6026683977063452,2.6202973813319357,unverified_statistical_tier2_pool,False
54977,Wanlast,8,8,1,duelist,2026,7416,,-0.033132,4613,8,1.0,0,342,-0.047447091887610926,0.028101641570516755,0.028101641570516755,0.35127051963145944,unverified_statistical_tier2_pool,False
55008,Ju4nn,10,10,2,duelist,2026,7416,,-0.05736,20538,9,0.9,1,341,-0.046979399682784743,-0.022677185107673525,-0.022677185107673525,-0.22677185107673523,unverified_statistical_tier2_pool,False
55031,Mxfia,6,6,1,duelist,2026,7416,,-0.014281,20538,6,1.0,0,342,-0.047447091887610926,0.04729055032629054,0.04729055032629054,0.788175838771509,unverified_statistical_tier2_pool,False
55038,Au1,20,20,1,controller,2026,7416,,0.083319,21216,20,1.0,0,295,-0.04470957291189566,0.6103411568414259,0.6103411568414259,3.051705784207129,unverified_statistical_tier2_pool,False
55040,fvrdrms1,6,6,1,duelist,2026,7416,5639,0.002859,5639,6,1.0,0,342,-0.047447091887610926,0.07524961016771048,0.07524961016771048,1.2541601694618414,unverified_statistical_tier2_pool,False
55081,VdekJeNN,8,8,1,duelist,2026,7416,22687|22698|39157,-0.044105,22687,8,1.0,0,342,-0.047447091887610926,0.006267928144218393,0.006267928144218393,0.07834910180272991,unverified_statistical_tier2_pool,False
55083,Whiteslow,14,14,1,sentinel,2026,7416,42008,-0.050519,10137,14,1.0,0,120,-0.034467022381013575,-0.05422544043847094,-0.05422544043847094,-0.38732457456050673,unverified_statistical_tier2_pool,False
55085,Erv,76,76,1,controller,2026,7416,36685,0.091457,36685,76,1.0,0,295,-0.04470957291189566,2.513219765287808,2.513219765287808,3.3068681122208003,unverified_statistical_tier2_pool,False
55192,chadu,23,23,1,controller,2026,7416,,-0.092408,37095,23,1.0,0,294,-0.04401135369692863,-0.2723029105807245,-0.2723029105807245,-1.183925698177063,unverified_statistical_tier2_pool,False
55371,drakz,10,10,1,duelist,2026,7416,,-0.040874,1291,10,1.0,0,341,-0.047602989289219654,0.01481193761002414,0.01481193761002414,0.1481193761002414,unverified_statistical_tier2_pool,False
55459,SebZz,31,31,1,initiator,2026,7416,32303|50075|55748,0.013765,32303,31,1.0,0,237,-0.03920609411965029,0.4017061696536716,0.4017061696536716,1.2958263537215213,unverified_statistical_tier2_pool,False
55461,lored,4,4,1,controller,2026,7416,,-0.050665,48948,4,1.0,0,295,-0.04470957291189566,-0.005392874910065848,-0.005392874910065848,-0.1348218727516462,unverified_statistical_tier2_pool,False
55681,kozzy,83,83,1,duelist,2026,7416,10338,0.252244,2173,83,1.0,0,341,-0.047602989289219654,5.6626886327309105,5.6626886327309105,6.8225164249770005,unverified_statistical_tier2_pool,False
55690,lowless,22,22,1,duelist,2026,7416,7176|54431,-0.07983,7176,22,1.0,0,341,-0.046979399682784743,-0.1733373315690624,-0.1733373315690624,-0.7878969616775563,unverified_statistical_tier2_pool,False
55694,hezacoil,74,74,3,controller,2026,7416,5564|58496,0.222879,5564,74,1.0,0,294,-0.044975080437388744,4.588475676498435,4.588475676498435,6.200642806078966,unverified_statistical_tier2_pool,False
55699,naxeu,4,4,1,initiator,2026,7416,5303|38345|38347|52537,-0.05635,5303,4,1.0,0,238,-0.03895063454622416,-0.016883639617340185,-0.016883639617340185,-0.4220909904335046,unverified_statistical_tier2_pool,False
55741,ScelzeR,20,20,1,duelist,2026,7416,9530,-0.103853,5477,20,1.0,0,341,-0.046979399682784743,-0.2517045242253468,-0.2517045242253468,-1.2585226211267337,unverified_statistical_tier2_pool,False
55747,Opex,28,28,1,duelist,2026,7416,8440|27789,-0.026489,8440,28,1.0,0,341,-0.047602989289219654,0.1401536402672106,0.1401536402672106,0.5005487152400379,unverified_statistical_tier2_pool,False
55748,verity,31,31,1,duelist,2026,7416,32303|50075|55459,0.013765,32303,31,1.0,0,341,-0.047602989289219654,0.4654950507445717,0.4654950507445717,1.5015969378857152,unverified_statistical_tier2_pool,False
55749,Katuzo,26,26,1,controller,2026,7416,,-0.046951,4969,26,1.0,0,294,-0.04401135369692863,-0.01805469418358535,-0.01805469418358535,-0.06944113147532828,unverified_statistical_tier2_pool,False
55809,Vinnie,1,0,1,initiator,historical_fallback,7416,31376|35089|37656|55810,-0.009315,31376,1,1.0,0,238,-0.03895063454622416,0.0073454007597124615,,,unverified_statistical_tier2_pool,False
55810,joshseki,1,0,1,controller,historical_fallback,7416,31376|35089|37656|55809,-0.009315,31376,1,1.0,0,295,-0.04470957291189566,0.008770357446977739,,,unverified_statistical_tier2_pool,False
55811,Jacob,1,0,1,initiator,historical_fallback,7416,55812,0.009315,9,1,1.0,0,238,-0.03895063454622416,0.012001098675232358,,,unverified_statistical_tier2_pool,False
55812,Disguised Toast,1,0,1,sentinel,historical_fallback,7416,55811,0.009315,9,1,1.0,0,121,-0.034884002137719895,0.01098837475692993,,,unverified_statistical_tier2_pool,False
55817,Verse,25,25,1,controller,2026,7416,,-0.044747,3028,25,1.0,0,295,-0.04470957291189566,-0.00023280527380931115,-0.00023280527380931115,-0.0009312210952372446,unverified_statistical_tier2_pool,False
55823,Ben1Ley,13,13,1,duelist,2026,7416,,-0.004964,7857,13,1.0,0,342,-0.047447091887610926,0.13557289997309835,0.13557289997309835,1.0428684613315258,unverified_statistical_tier2_pool,False
55828,kklin,15,0,1,sentinel,historical_fallback,7416,,-0.01426,3519,15,1.0,0,121,-0.034884002137719895,0.07519016903139547,,,unverified_statistical_tier2_pool,False
55845,13RD,15,15,2,duelist,2026,7416,10190|22798,0.007802,2333,15,1.0,0,341,-0.047602989289219654,0.20566254789607297,0.20566254789607297,1.3710836526404864,unverified_statistical_tier2_pool,False
56064,her,14,14,2,controller,2026,7416,14213|23976|37639|51893,-0.161594,14213,14,1.0,0,294,-0.04401135369692863,-0.3563429487495716,-0.3563429487495716,-2.5453067767826547,unverified_statistical_tier2_pool,False
56126,eswell,10,10,1,duelist,2026,7416,7580|9202|56127,-0.111356,7580,10,1.0,0,341,-0.046979399682784743,-0.14709528269930966,-0.14709528269930966,-1.4709528269930965,unverified_statistical_tier2_pool,False
56127,HarmonY,10,10,1,duelist,2026,7416,7580|9202|56126,-0.111356,7580,10,1.0,0,341,-0.046979399682784743,-0.14709528269930966,-0.14709528269930966,-1.4709528269930965,unverified_statistical_tier2_pool,False
56248,Ending,14,7,1,unknown,2026,7416,11705|58958,-0.062612,11705,14,1.0,0,0,,,,,unverified_statistical_tier2_pool,False
56259,M1ng929,4,4,1,unknown,2026,7416,63004|63005|63106,-0.056068,14254,4,1.0,0,0,,,,,unverified_statistical_tier2_pool,False
56260,bud,20,20,1,initiator,2026,7416,,0.040753,4885,20,1.0,0,238,-0.03895063454622416,0.39171050221475473,0.39171050221475473,1.9585525110737738,unverified_statistical_tier2_pool,False
56305,Folykiki,8,8,1,duelist,2026,7416,8240,-0.067692,8240,8,1.0,0,342,-0.047447091887610926,-0.03984210299979413,-0.03984210299979413,-0.4980262874974266,unverified_statistical_tier2_pool,False
56432,Zayce,6,6,1,duelist,2026,7416,44128|56679,0.047469,11704,6,1.0,0,342,-0.047447091887610926,0.14026615010020743,0.14026615010020743,2.3377691683367905,unverified_statistical_tier2_pool,False
56541,akakiryuuu,8,8,1,controller,2026,7416,4201|6828|23152|49749,-0.000177,4201,8,1.0,0,295,-0.04470957291189566,0.08675014705680967,0.08675014705680967,1.0843768382101209,unverified_statistical_tier2_pool,False
56665,Kyra,42,42,1,duelist,2026,7416,34973|34982,0.036509,34973,42,1.0,0,341,-0.047602989289219654,0.849033077102826,0.849033077102826,2.0215073264353003,unverified_statistical_tier2_pool,False
56679,Kassielsy,6,6,1,duelist,2026,7416,44128|56432,0.047469,11704,6,1.0,0,342,-0.047447091887610926,0.14026615010020743,0.14026615010020743,2.3377691683367905,unverified_statistical_tier2_pool,False
56785,Darky,25,25,2,controller,2026,7416,,-0.090524,48864,18,0.72,7,294,-0.04401135369692863,-0.278692444865755,-0.278692444865755,-1.11476977946302,unverified_statistical_tier2_pool,False
56788,tdr,12,12,1,controller,2026,7416,,0.008645,29244,12,1.0,0,294,-0.044975080437388744,0.1553398033664778,0.1553398033664778,1.2944983613873149,unverified_statistical_tier2_pool,False
56908,scarlet,2,2,1,controller,2026,7416,36886|45150|54723|62877,-0.030871,36886,2,1.0,0,295,-0.04470957291189566,0.00687895295246338,0.00687895295246338,0.343947647623169,unverified_statistical_tier2_pool,False
56935,znajder,49,49,1,duelist,2026,7416,5342|8896,-0.072667,5342,49,1.0,0,341,-0.046979399682784743,-0.3055088794802656,-0.3055088794802656,-0.6234875091433992,unverified_statistical_tier2_pool,False
56936,artru,7,7,1,controller,2026,7416,,-0.034087,1586,7,1.0,0,295,-0.04470957291189566,0.017985630987578105,0.017985630987578105,0.25693758553683005,unverified_statistical_tier2_pool,False
57171,whitecat,45,28,2,duelist,2026,7416,,0.018798,10203,28,0.6222222222222222,17,341,-0.047602989289219654,0.7161066444231678,0.44504935709082194,1.5894619896100786,unverified_statistical_tier2_pool,False
57175,jzn,19,19,1,duelist,2026,7416,,-0.073656,5722,19,1.0,0,341,-0.046979399682784743,-0.12275006822592383,-0.12275006822592383,-0.646052990662757,unverified_statistical_tier2_pool,False
57188,tonza,51,51,2,duelist,2026,7416,45699|47982,0.040955,45699,51,1.0,0,341,-0.047602989289219654,1.109078305698522,1.109078305698522,2.174663344506906,unverified_statistical_tier2_pool,False
57211,onrazor,35,35,1,sentinel,2026,7416,31276,-0.034328,31276,35,1.0,0,120,-0.035601050290873654,0.010724967696312704,0.010724967696312704,0.030642764846607724,unverified_statistical_tier2_pool,False
57336,Jamelinho213,60,60,1,duelist,2026,7416,4325|4629,0.177892,3127,60,1.0,0,341,-0.047602989289219654,3.1030895044174294,3.1030895044174294,5.171815840695715,unverified_statistical_tier2_pool,False
57372,Mitsuya,8,8,1,initiator,2026,7416,14608|29994|49711|58740,-0.031959,14608,8,1.0,0,238,-0.03895063454622416,0.013954984672820248,0.013954984672820248,0.1744373084102531,unverified_statistical_tier2_pool,False
57377,noryy,10,10,1,initiator,2026,7416,44186,0.017799,44186,10,1.0,0,237,-0.03920609411965029,0.14120818879136965,0.14120818879136965,1.4120818879136965,unverified_statistical_tier2_pool,False
57477,Levi,30,30,1,initiator,2026,7416,,0.014869,35650,25,0.8333333333333334,5,237,-0.03920609411965029,0.39170147552432855,0.39170147552432855,1.3056715850810952,unverified_statistical_tier2_pool,False
57479,Muz,16,16,1,controller,2026,7416,,-0.030794,10582,16,1.0,0,294,-0.044975080437388744,0.05492878081772057,0.05492878081772057,0.34330488011075355,unverified_statistical_tier2_pool,False
57920,kospa1n,61,61,1,duelist,2026,7416,31059|47523|58522,0.006237,1427,61,1.0,0,341,-0.047602989289219654,0.7767999747808607,0.7767999747808607,1.2734425816079682,unverified_statistical_tier2_pool,False
57990,bense,31,31,1,controller,2026,7416,,-0.059348,57995,31,1.0,0,294,-0.04401135369692863,-0.11524557338000885,-0.11524557338000885,-0.37175991412906084,unverified_statistical_tier2_pool,False
57992,zetaisha,29,29,1,duelist,2026,7416,,-0.014106,57995,29,1.0,0,341,-0.047602989289219654,0.22997971644238416,0.22997971644238416,0.7930335049737385,unverified_statistical_tier2_pool,False
57995,Duz,33,33,1,initiator,2026,7416,59034,-0.074522,59034,33,1.0,0,237,-0.03818425582594577,-0.28570267470633565,-0.28570267470633565,-0.8657656809282898,unverified_statistical_tier2_pool,False
58008,Tonk,8,8,1,sentinel,2026,7416,6126|51250|58009,-0.074957,6126,8,1.0,0,121,-0.034884002137719895,-0.07966755347109428,-0.07966755347109428,-0.9958444183886784,unverified_statistical_tier2_pool,False
58009,Krst1Ng,8,8,1,controller,2026,7416,6126|51250|58008,-0.074957,6126,8,1.0,0,295,-0.04470957291189566,-0.0601192412446645,-0.0601192412446645,-0.7514905155583063,unverified_statistical_tier2_pool,False
58018,mont1,56,56,1,sentinel,2026,7416,,0.135472,1294,49,0.875,7,120,-0.035601050290873654,2.279177756452836,2.279177756452836,4.069960279380065,unverified_statistical_tier2_pool,False
58028,Rachel,4,4,1,unknown,2026,7416,63006,-0.001615,36513,4,1.0,0,0,,,,,unverified_statistical_tier2_pool,False
58038,chris,5,5,1,initiator,2026,7416,2650|47944|48313|48316,-0.04575,2650,5,1.0,0,238,-0.03895063454622416,-0.008456378883040405,-0.008456378883040405,-0.1691275776608081,unverified_statistical_tier2_pool,False
58086,TinaKitten,1,0,1,sentinel,historical_fallback,7416,10543|28446|58089,0.011053,659,1,1.0,0,121,-0.034884002137719895,0.01146871548261319,,,unverified_statistical_tier2_pool,False
58087,Suga,1,0,1,controller,historical_fallback,7416,12088|30594|36666,-0.011053,12088,1,1.0,0,295,-0.04470957291189566,0.008387330440075336,,,unverified_statistical_tier2_pool,False
58089,Foolish,1,0,1,controller,historical_fallback,7416,10543|28446|58086,0.011053,659,1,1.0,0,295,-0.04470957291189566,0.013923874861955787,,,unverified_statistical_tier2_pool,False
58090,RaGe,1,0,1,duelist,historical_fallback,3579,3579|16078|42535|58091,-0.01138,3579,1,1.0,0,0,,,,,unverified_statistical_tier2_pool,False
58091,Helydia,1,0,1,duelist,historical_fallback,3579,3579|16078|42535|58090,-0.01138,3579,1,1.0,0,0,,,,,unverified_statistical_tier2_pool,False
58092,Pereira,1,0,1,duelist,historical_fallback,3579,3922|17323|20278|24803,0.01138,3922,1,1.0,0,0,,,,,unverified_statistical_tier2_pool,False
58119,rekich,4,4,1,duelist,2026,7416,49713|50293|50310,-0.061159,49713,4,1.0,0,342,-0.047447091887610926,-0.013481051903022956,-0.013481051903022956,-0.3370262975755739,unverified_statistical_tier2_pool,False
58162,Sayu,48,48,1,duelist,2026,7416,17111|27444,-0.020839,17111,48,1.0,0,341,-0.047602989289219654,0.30642593264544477,0.30642593264544477,0.63838735967801,unverified_statistical_tier2_pool,False
58193,Soa,11,11,1,controller,2026,7416,54016|58194|58195|64755,-0.057517,54016,11,1.0,0,294,-0.04401135369692863,-0.03487234951797391,-0.03487234951797391,-0.3170213592543083,unverified_statistical_tier2_pool,False
58194,gan,11,11,1,initiator,2026,7416,54016|58193|58195|64755,-0.057517,54016,11,1.0,0,237,-0.03818425582594577,-0.04994115575586969,-0.04994115575586969,-0.45401050687154265,unverified_statistical_tier2_pool,False
58195,yuta,11,11,1,sentinel,2026,7416,54016|58193|58194|64755,-0.057517,54016,11,1.0,0,120,-0.034467022381013575,-0.059560838036253755,-0.059560838036253755,-0.5414621639659433,unverified_statistical_tier2_pool,False
58219,EMPkido,8,8,2,sentinel,2026,7416,,-0.045893,60162,6,0.75,2,121,-0.034884002137719895,-0.020799632172159688,-0.020799632172159688,-0.2599954021519961,unverified_statistical_tier2_pool,False
58220,Ralack,13,13,1,duelist,2026,7416,46059,0.067664,46048,13,1.0,0,341,-0.047602989289219654,0.3724279749194629,0.3724279749194629,2.864830576303561,unverified_statistical_tier2_pool,False
58259,Dream1,9,9,1,duelist,2026,7416,58260|62771|62772|62773,0.038224,58260,9,1.0,0,342,-0.047447091887610926,0.18955908345099642,0.18955908345099642,2.1062120383444047,unverified_statistical_tier2_pool,False
58260,DEMON,9,9,1,sentinel,2026,7416,58259|62771|62772|62773,0.038224,58259,9,1.0,0,121,-0.034884002137719895,0.1617085259292852,0.1617085259292852,1.79676139921428,unverified_statistical_tier2_pool,False
58290,77even,58,58,2,duelist,2026,7416,,0.073288,1524,58,1.0,0,341,-0.047602989289219654,1.7117689932367017,1.7117689932367017,2.9513258504081064,unverified_statistical_tier2_pool,False
58292,metroneo,16,16,1,duelist,2026,7416,,0.007166,29559,16,1.0,0,341,-0.047602989289219654,0.210847003788039,0.210847003788039,1.3177937736752439,unverified_statistical_tier2_pool,False
58324,Kryger,4,4,1,sentinel,2026,7416,51475|58327|58328|58332,-0.059416,51475,4,1.0,0,121,-0.034884002137719895,-0.024135339600526884,-0.024135339600526884,-0.603383490013172,unverified_statistical_tier2_pool,False
58327,Kejser,4,4,1,controller,2026,7416,51475|58324|58328|58332,-0.059416,51475,4,1.0,0,295,-0.04470957291189566,-0.01445986719225989,-0.01445986719225989,-0.36149667980649725,unverified_statistical_tier2_pool,False
58328,mauxy,4,4,1,duelist,2026,7416,51475|58324|58327|58332,-0.059416,51475,4,1.0,0,342,-0.047447091887610926,-0.01176621667743838,-0.01176621667743838,-0.2941554169359595,unverified_statistical_tier2_pool,False
58332,Uzuharu,4,4,1,initiator,2026,7416,51475|58324|58327|58328,-0.059416,51475,4,1.0,0,238,-0.03895063454622416,-0.020129450360369894,-0.020129450360369894,-0.5032362590092474,unverified_statistical_tier2_pool,False
58373,krish,18,18,1,controller,2026,7416,10141|23487,-0.073233,10141,18,1.0,0,294,-0.04401135369692863,-0.12699042404818878,-0.12699042404818878,-0.7055023558232709,unverified_statistical_tier2_pool,False
58374,ef1sS,40,40,1,controller,2026,7416,21584,0.038287,10137,40,1.0,0,294,-0.044975080437388744,0.8117432670324681,0.8117432670324681,2.0293581675811705,unverified_statistical_tier2_pool,False
58385,reltzy,4,4,1,duelist,2026,7416,19207|20180|40089,-0.063802,19207,4,1.0,0,342,-0.047447091887610926,-0.016195153654431305,-0.016195153654431305,-0.4048788413607826,unverified_statistical_tier2_pool,False
58496,Kachoww,74,74,3,duelist,2026,7416,5564|55694,0.222879,5564,74,1.0,0,341,-0.047602989289219654,4.634588502163734,4.634588502163734,6.262957435356397,unverified_statistical_tier2_pool,False
58522,reblyik,61,61,1,controller,2026,7416,31059|47523|57920,0.006237,1427,61,1.0,0,294,-0.044975080437388744,0.7390390595269474,0.7390390595269474,1.2115394418474548,unverified_statistical_tier2_pool,False
58532,Flux,11,11,1,initiator,2026,7416,31844|48869|58533|58534,-0.04351,31844,11,1.0,0,237,-0.03818425582594577,-0.014497200538333088,-0.014497200538333088,-0.13179273216666443,unverified_statistical_tier2_pool,False
58533,Chocolatte,11,11,1,controller,2026,7416,31844|48869|58532|58534,-0.04351,31844,11,1.0,0,294,-0.044975080437388744,0.003988159643659173,0.003988159643659173,0.03625599676053793,unverified_statistical_tier2_pool,False
58534,kaspas,11,11,1,duelist,2026,7416,31844|48869|58532|58533,-0.04351,31844,11,1.0,0,341,-0.047602989289219654,0.01113952039532512,0.01113952039532512,0.10126836723022836,unverified_statistical_tier2_pool,False
58538,RONY,34,34,1,sentinel,2026,7416,62029|62030|62032,-0.046979,62029,34,1.0,0,120,-0.034467022381013575,-0.10366325166642276,-0.10366325166642276,-0.30489191666594934,unverified_statistical_tier2_pool,False
58540,Kennosuke,10,10,1,duelist,2026,7416,47472|50759|50762|58542,-0.065003,47472,10,1.0,0,341,-0.046979399682784743,-0.04300378536594929,-0.04300378536594929,-0.4300378536594929,unverified_statistical_tier2_pool,False
58541,ren,8,8,1,controller,2026,7416,51093|51098|62035,-0.002018,51093,8,1.0,0,295,-0.04470957291189566,0.08326406906444189,0.08326406906444189,1.0408008633055237,unverified_statistical_tier2_pool,False
58542,Milk,10,10,1,duelist,2026,7416,47472|50759|50762|58540,-0.065003,47472,10,1.0,0,341,-0.046979399682784743,-0.04300378536594929,-0.04300378536594929,-0.4300378536594929,unverified_statistical_tier2_pool,False
58547,gray9,12,12,1,duelist,2026,7416,,0.022394,993,12,1.0,0,341,-0.047602989289219654,0.20111684220664,0.20111684220664,1.6759736850553333,unverified_statistical_tier2_pool,False
58549,winnable,2,2,1,duelist,2026,7416,,0.029002,4122,2,1.0,0,342,-0.047447091887610926,0.03525160282600537,0.03525160282600537,1.7625801413002684,unverified_statistical_tier2_pool,False
58631,innersavage,34,34,2,duelist,2026,7416,46456|60346|60536,-0.024315,46456,34,1.0,0,341,-0.047602989289219654,0.1937218642709701,0.1937218642709701,0.569770189032265,unverified_statistical_tier2_pool,False
58679,Goodnight,1,1,1,sentinel,2026,7416,,-0.010053,7580,1,1.0,0,121,-0.034884002137719895,0.005341879798819393,0.005341879798819393,0.5341879798819393,unverified_statistical_tier2_pool,False
58707,b3zginn,19,19,2,controller,2026,7416,41552|42348|58750,-0.084687,41552,19,1.0,0,294,-0.04401135369692863,-0.18132359024125028,-0.18132359024125028,-0.9543346854802646,unverified_statistical_tier2_pool,False
58740,Esconardo,8,8,1,duelist,2026,7416,14608|29994|49711|57372,-0.031959,14608,8,1.0,0,342,-0.047447091887610926,0.03091007105763982,0.03091007105763982,0.38637588822049773,unverified_statistical_tier2_pool,False
58750,Frostt,19,19,2,sentinel,2026,7416,41552|42348|58707,-0.084687,41552,19,1.0,0,120,-0.034467022381013575,-0.22408950522996102,-0.22408950522996102,-1.1794184485787422,unverified_statistical_tier2_pool,False
58751,Ro0t,11,11,2,initiator,2026,7416,,-0.088214,41552,11,1.0,0,237,-0.03818425582594577,-0.13022774022049555,-0.13022774022049555,-1.1838885474590504,unverified_statistical_tier2_pool,False
58753,X3ryo,8,8,1,sentinel,2026,7416,,0.003527,41552,8,1.0,0,121,-0.034884002137719895,0.07056238632614631,0.07056238632614631,0.8820298290768289,unverified_statistical_tier2_pool,False
58913,Sami,4,4,1,controller,2026,7416,17010|42491|58914,-0.060587,17010,4,1.0,0,295,-0.04470957291189566,-0.015544785336620737,-0.015544785336620737,-0.3886196334155184,unverified_statistical_tier2_pool,False
58914,Kenma,4,4,1,duelist,2026,7416,17010|42491|58913,-0.060587,17010,4,1.0,0,342,-0.047447091887610926,-0.012862080015057564,-0.012862080015057564,-0.3215520003764391,unverified_statistical_tier2_pool,False
58915,Lunar,2,2,1,sentinel,2026,7416,,-0.030034,17010,2,1.0,0,121,-0.034884002137719895,0.0023728399684480594,0.0023728399684480594,0.11864199842240297,unverified_statistical_tier2_pool,False
58919,Yunni,12,12,1,unknown,2026,7416,48171|48226|48227|54355,0.023988,48171,12,1.0,0,0,,,,,unverified_statistical_tier2_pool,False
58953,chenze,10,2,2,duelist,2026,7416,,-0.003067,4666,10,1.0,0,342,-0.047447091887610926,0.10905924409569462,0.020718150594056794,1.0359075297028397,unverified_statistical_tier2_pool,False
58954,Ugly,8,0,1,initiator,historical_fallback,7416,40610|58955,-0.029225,4666,8,1.0,0,238,-0.03895063454622416,0.019348553834487303,,,unverified_statistical_tier2_pool,False
58955,Enly,8,0,1,controller,historical_fallback,7416,40610|58954,-0.029225,4666,8,1.0,0,295,-0.04470957291189566,0.030809238897128333,,,unverified_statistical_tier2_pool,False
58957,Laicositna,4,0,1,controller,historical_fallback,7416,,-0.0424,14445,4,1.0,0,295,-0.04470957291189566,0.0022082266417398633,,,unverified_statistical_tier2_pool,False
58958,Yanggg,14,7,1,unknown,2026,7416,11705|56248,-0.062612,11705,14,1.0,0,0,,,,,unverified_statistical_tier2_pool,False
58959,iamgrq,92,76,2,controller,2026,7416,,0.020588,21216,76,0.8260869565217391,16,295,-0.04470957291189566,1.4668080420854799,1.2116309832223893,1.5942512937136701,unverified_statistical_tier2_pool,False
58960,nnono,21,10,1,unknown,2026,7416,36513,0.041823,36513,21,1.0,0,0,,,,,unverified_statistical_tier2_pool,False
59027,Yehia,3,3,1,controller,2026,7416,,-0.015188,10448,3,1.0,0,295,-0.04470957291189566,0.022057643566330665,0.022057643566330665,0.7352547855443555,unverified_statistical_tier2_pool,False
59034,GhostaS,33,33,1,controller,2026,7416,57995,-0.074522,57995,33,1.0,0,294,-0.04401135369692863,-0.23979126827904484,-0.23979126827904484,-0.7266402069061965,unverified_statistical_tier2_pool,False
59036,Axhyt,3,3,1,sentinel,2026,7416,,-0.043966,49713,3,1.0,0,121,-0.034884002137719895,-0.00665716086119611,-0.00665716086119611,-0.22190536203987032,unverified_statistical_tier2_pool,False
59057,lucki,28,28,3,duelist,2026,7416,,-0.067715,29629,28,1.0,0,341,-0.046979399682784743,-0.13927694888756814,-0.13927694888756814,-0.49741767459845765,unverified_statistical_tier2_pool,False
59061,bandz,6,6,1,duelist,2026,7416,37705|59320|61028,-0.032057,37705,6,1.0,0,342,-0.047447091887610926,0.022966029185573833,0.022966029185573833,0.38276715309289716,unverified_statistical_tier2_pool,False
59062,foe,38,38,2,duelist,2026,7416,7107|36756,0.095965,7107,38,1.0,0,341,-0.047602989289219654,1.2930650288408094,1.2930650288408094,3.4028027074758143,unverified_statistical_tier2_pool,False
59095,leadssj,45,45,1,duelist,2026,7416,41134,0.147072,2931,45,1.0,0,341,-0.047602989289219654,2.0440371141445444,2.0440371141445444,4.542304698098988,unverified_statistical_tier2_pool,False
59166,caioziN,10,10,2,duelist,2026,7416,,2.7e-05,32745,10,1.0,0,341,-0.047602989289219654,0.11656850441338701,0.11656850441338701,1.1656850441338702,unverified_statistical_tier2_pool,False
59179,SykTap,17,17,1,controller,2026,7416,,-0.074629,29240,17,1.0,0,294,-0.04401135369692863,-0.12350263723632421,-0.12350263723632421,-0.7264861013901425,unverified_statistical_tier2_pool,False
59184,zankuoo,9,9,1,duelist,2026,7416,43905|43924|48862|63152,-0.05737,43905,9,1.0,0,342,-0.047447091887610926,-0.021686564490802474,-0.021686564490802474,-0.24096182767558302,unverified_statistical_tier2_pool,False
59265,mazeofmemory,15,15,2,sentinel,2026,7416,,-0.0754,201,11,0.7333333333333333,4,120,-0.034467022381013575,-0.15260158266803764,-0.15260158266803764,-1.0173438844535843,unverified_statistical_tier2_pool,False
59287,jinwoo,6,6,1,duelist,2026,7416,,-0.025552,873,6,1.0,0,342,-0.047447091887610926,0.03196096500934392,0.03196096500934392,0.5326827501557321,unverified_statistical_tier2_pool,False
59320,George,6,6,1,controller,2026,7416,37705|59061|61028,-0.032057,37705,6,1.0,0,295,-0.04470957291189566,0.018881615268528495,0.018881615268528495,0.31469358780880824,unverified_statistical_tier2_pool,False
59374,ztmonarch,6,6,1,sentinel,2026,7416,10448|53114,-0.033147,10448,6,1.0,0,121,-0.034884002137719895,0.0026005855245982423,0.0026005855245982423,0.04334309207663737,unverified_statistical_tier2_pool,False
59376,b00nrealcul,32,32,1,duelist,2026,7416,,0.15674,3626,32,1.0,0,341,-0.047602989289219654,1.5201952403202323,1.5201952403202323,4.750610126000726,unverified_statistical_tier2_pool,False
59514,Naroks,6,6,1,controller,2026,7416,9279|34082|48729|48763,-0.027809,9279,6,1.0,0,295,-0.04470957291189566,0.024947680729668464,0.024947680729668464,0.41579467882780774,unverified_statistical_tier2_pool,False
59559,HZBY,11,11,1,duelist,2026,7416,23686|26826|34104|37067,-0.009498,23686,11,1.0,0,341,-0.047602989289219654,0.10288037416780527,0.10288037416780527,0.9352761287982296,unverified_statistical_tier2_pool,False
59715,Bích Ngọc,2,2,1,duelist,2026,7416,47098|47753|62875,-0.031133,47098,2,1.0,0,342,-0.047447091887610926,0.008116375716225699,0.008116375716225699,0.40581878581128494,unverified_statistical_tier2_pool,False
59810,Proxers,6,6,1,sentinel,2026,7416,16268|41765|46442|50064,-0.031792,16268,6,1.0,0,121,-0.034884002137719895,0.00461848277041943,0.00461848277041943,0.07697471284032383,unverified_statistical_tier2_pool,False
59863,Weenix,5,5,1,duelist,2026,7416,60782|63199|63200|63201,-0.041742,60782,5,1.0,0,342,-0.047447091887610926,0.006954120829231802,0.006954120829231802,0.13908241658463605,unverified_statistical_tier2_pool,False
59960,Toastie,5,5,1,controller,2026,7416,30456|34005|45500|62014,-0.050264,30456,5,1.0,0,295,-0.04470957291189566,-0.0069277541279593735,-0.0069277541279593735,-0.13855508255918747,unverified_statistical_tier2_pool,False
60063,XaiinZ,4,4,1,duelist,2026,7416,,-0.034609,10448,4,1.0,0,342,-0.047447091887610926,0.012818818106615448,0.012818818106615448,0.3204704526653862,unverified_statistical_tier2_pool,False
60126,impulse,5,5,1,duelist,2026,7416,60738|62855,0.010697,51617,5,1.0,0,342,-0.047447091887610926,0.07241186884738238,0.07241186884738238,1.4482373769476475,unverified_statistical_tier2_pool,False
60127,pryx,2,2,1,sentinel,2026,7416,43420,-0.031814,43420,2,1.0,0,121,-0.034884002137719895,0.001502717129572284,0.001502717129572284,0.0751358564786142,unverified_statistical_tier2_pool,False
60134,HJ,8,8,1,duelist,2026,7416,60143|60145,0.00158,60143,8,1.0,0,342,-0.047447091887610926,0.09656129079533127,0.09656129079533127,1.2070161349416408,unverified_statistical_tier2_pool,False
60137,MimiS1mppp,3,3,1,controller,2026,7416,,0.016586,47751,3,1.0,0,295,-0.04470957291189566,0.045495406433596786,0.045495406433596786,1.5165135477865597,unverified_statistical_tier2_pool,False
60138,SkreaM,1,1,1,controller,2026,7416,,-0.013338,47751,1,1.0,0,295,-0.04470957291189566,0.007513211702330991,0.007513211702330991,0.7513211702330991,unverified_statistical_tier2_pool,False
60142,StarKid,4,4,1,sentinel,2026,7416,,0.001214,51561,4,1.0,0,121,-0.034884002137719895,0.035327208381609965,0.035327208381609965,0.8831802095402491,unverified_statistical_tier2_pool,False
60143,SLASH,8,8,1,duelist,2026,7416,60134|60145,0.00158,60134,8,1.0,0,342,-0.047447091887610926,0.09656129079533127,0.09656129079533127,1.2070161349416408,unverified_statistical_tier2_pool,False
60145,peekaaaaaaaaa,8,8,1,controller,2026,7416,60134|60143,0.00158,60134,8,1.0,0,295,-0.04470957291189566,0.09117282334305399,0.09117282334305399,1.1396602917881749,unverified_statistical_tier2_pool,False
60148,Space,2,2,1,duelist,2026,7416,60149|60165|62860|62861,-0.00118,60149,2,1.0,0,342,-0.047447091887610926,0.02310266377494702,0.02310266377494702,1.1551331887473508,unverified_statistical_tier2_pool,False
60149,J33T,2,2,1,initiator,2026,7416,60148|60165|62860|62861,-0.00118,60148,2,1.0,0,238,-0.03895063454622416,0.0188583503582741,0.0188583503582741,0.942917517913705,unverified_statistical_tier2_pool,False
60151,Soka,6,6,1,duelist,2026,7416,60152|60170|62822,-0.02113,60152,6,1.0,0,342,-0.047447091887610926,0.038363573845728194,0.038363573845728194,0.6393928974288032,unverified_statistical_tier2_pool,False
60152,OBITO,6,6,1,duelist,2026,7416,60151|60170|62822,-0.02113,60151,6,1.0,0,342,-0.047447091887610926,0.038363573845728194,0.038363573845728194,0.6393928974288032,unverified_statistical_tier2_pool,False
60154,SCAR,1,1,1,initiator,2026,7416,,-0.014239,60157,1,1.0,0,238,-0.03895063454622416,0.006040161582959169,0.006040161582959169,0.6040161582959169,unverified_statistical_tier2_pool,False
60155,CLICKED,1,1,1,sentinel,2026,7416,,-0.014577,60157,1,1.0,0,121,-0.034884002137719895,0.004993726449308067,0.004993726449308067,0.4993726449308067,unverified_statistical_tier2_pool,False
60157,MangoMan,2,2,1,controller,2026,7416,62824|62825|62826,-0.028816,62824,2,1.0,0,295,-0.04470957291189566,0.007797029613468565,0.007797029613468565,0.38985148067342823,unverified_statistical_tier2_pool,False
60158,Moonn,6,6,2,duelist,2026,7416,,-0.029105,3628,3,0.5,3,342,-0.047447091887610926,0.02735531615948339,0.02735531615948339,0.4559219359913898,unverified_statistical_tier2_pool,False
60159,once he was,7,7,1,initiator,2026,7416,,-0.080427,5009,7,1.0,0,238,-0.03895063454622416,-0.059801000648300545,-0.059801000648300545,-0.8543000092614363,unverified_statistical_tier2_pool,False
60162,Dp,6,6,2,duelist,2026,7416,,-0.024545,58219,6,1.0,0,342,-0.047447091887610926,0.03323229129894978,0.03323229129894978,0.553871521649163,unverified_statistical_tier2_pool,False
60165,icy,2,2,1,controller,2026,7416,60148|60149|62860|62861,-0.00118,60148,2,1.0,0,295,-0.04470957291189566,0.02173510961839209,0.02173510961839209,1.0867554809196045,unverified_statistical_tier2_pool,False
60166,not high,2,2,1,controller,2026,7416,62828|62829|62830|62831,-0.027778,62828,2,1.0,0,295,-0.04470957291189566,0.008219871283468072,0.008219871283468072,0.4109935641734036,unverified_statistical_tier2_pool,False
60170,SnyXS,6,6,1,initiator,2026,7416,60151|60152|62822,-0.02113,60151,6,1.0,0,238,-0.03895063454622416,0.025990895044233242,0.025990895044233242,0.433181584070554,unverified_statistical_tier2_pool,False
60172,Pacho,4,4,2,controller,2026,7416,,-0.057901,47801,2,0.5,2,295,-0.04470957291189566,-0.012781813968156308,-0.012781813968156308,-0.3195453492039077,unverified_statistical_tier2_pool,False
60184,Ninja,2,2,1,duelist,2026,7416,60742|62804|62805,-0.029246,60742,2,1.0,0,342,-0.047447091887610926,0.008958939219355033,0.008958939219355033,0.44794696096775166,unverified_statistical_tier2_pool,False
60188,Dracula,2,2,1,sentinel,2026,7416,64698|64699|64700,-0.032977,62895,2,1.0,0,121,-0.034884002137719895,0.0009406935422057727,0.0009406935422057727,0.047034677110288636,unverified_statistical_tier2_pool,False
60201,FUT xeus,2,2,1,duelist,2026,7416,42834|60226|60227|60229,-0.028862,42834,2,1.0,0,342,-0.047447091887610926,0.009229753965062093,0.009229753965062093,0.46148769825310465,unverified_statistical_tier2_pool,False
60205,Xatas,2,2,1,controller,2026,7416,42767|42770|42771|42773,0.000427,42767,2,1.0,0,295,-0.04470957291189566,0.022504750574309285,0.022504750574309285,1.1252375287154641,unverified_statistical_tier2_pool,False
60209,ozy,3,3,1,controller,2026,7416,,0.044963,42811,3,1.0,0,295,-0.04470957291189566,0.06714500197407997,0.06714500197407997,2.2381667324693324,unverified_statistical_tier2_pool,False
60212,Kerio,4,4,1,duelist,2026,7416,42714|60238|60239|60240,-0.001014,42714,4,1.0,0,342,-0.047447091887610926,0.04617415300311173,0.04617415300311173,1.1543538250777932,unverified_statistical_tier2_pool,False
60217,051,21,21,2,initiator,2026,7416,,-0.016327,60220,20,0.9523809523809523,1,237,-0.03920609411965029,0.11576645302279892,0.11576645302279892,0.5512688239180902,unverified_statistical_tier2_pool,False
60218,juns2o,4,4,2,initiator,2026,7416,,0.067948,60217,4,1.0,0,238,-0.03895063454622416,0.1030106357703866,0.1030106357703866,2.5752658942596653,unverified_statistical_tier2_pool,False
60220,Midro,20,20,2,sentinel,2026,7416,,-0.039311,60217,20,1.0,0,120,-0.034467022381013575,-0.023487353002270395,-0.023487353002270395,-0.11743676501135196,unverified_statistical_tier2_pool,False
60222,Daniel,4,4,1,duelist,2026,7416,60637|60638|60639|60640,0.004861,60637,4,1.0,0,342,-0.047447091887610926,0.051485755939451094,0.051485755939451094,1.2871438984862773,unverified_statistical_tier2_pool,False
60226,iwinter,2,2,1,controller,2026,7416,42834|60201|60227|60229,-0.028862,42834,2,1.0,0,295,-0.04470957291189566,0.00787112403587803,0.00787112403587803,0.3935562017939015,unverified_statistical_tier2_pool,False
60227,핑크돌고래,2,2,1,duelist,2026,7416,42834|60201|60226|60229,-0.028862,42834,2,1.0,0,342,-0.047447091887610926,0.009229753965062093,0.009229753965062093,0.46148769825310465,unverified_statistical_tier2_pool,False
60229,양준서,2,2,1,sentinel,2026,7416,42834|60201|60226|60227,-0.028862,42834,2,1.0,0,121,-0.034884002137719895,0.0029922328895329864,0.0029922328895329864,0.14961164447664932,unverified_statistical_tier2_pool,False
60237,유즈하 리코,2,2,1,duelist,2026,7416,42821|42840|61984,0.000457,42821,2,1.0,0,342,-0.047447091887610926,0.02392426182069568,0.02392426182069568,1.196213091034784,unverified_statistical_tier2_pool,False
60238,formis9,4,4,1,controller,2026,7416,42714|60212|60239|60240,-0.001014,42714,4,1.0,0,295,-0.04470957291189566,0.04345185209371799,0.04345185209371799,1.0862963023429497,unverified_statistical_tier2_pool,False
60239,Kafka Hibino,4,4,1,initiator,2026,7416,42714|60212|60238|60240,-0.001014,42714,4,1.0,0,238,-0.03895063454622416,0.037724804969090586,0.037724804969090586,0.9431201242272647,unverified_statistical_tier2_pool,False
60240,Roseanne,4,4,1,controller,2026,7416,42714|60212|60238|60239,-0.001014,42714,4,1.0,0,295,-0.04470957291189566,0.04345185209371799,0.04345185209371799,1.0862963023429497,unverified_statistical_tier2_pool,False
60341,hosedo,1,1,1,duelist,2026,7416,,-0.017163,16012,1,1.0,0,342,-0.047447091887610926,0.007568754271517486,0.007568754271517486,0.7568754271517486,unverified_statistical_tier2_pool,False
60346,sora,34,34,2,initiator,2026,7416,46456|58631|60536,-0.024315,46456,34,1.0,0,237,-0.03920609411965029,0.1238916733886446,0.1238916733886446,0.3643872746724841,unverified_statistical_tier2_pool,False
60536,dragneel,34,34,2,controller,2026,7416,46456|58631|60346,-0.024315,46456,34,1.0,0,294,-0.044975080437388744,0.171870372613938,0.171870372613938,0.5055010959233471,unverified_statistical_tier2_pool,False
60537,exie,30,30,1,duelist,2026,7416,,0.055859,46456,30,1.0,0,341,-0.047602989289219654,0.7554104301739148,0.7554104301739148,2.518034767246383,unverified_statistical_tier2_pool,False
60540,rxgak,6,6,1,sentinel,2026,7416,46050|52542,-0.032877,46050,6,1.0,0,121,-0.034884002137719895,0.0029945353673836994,0.0029945353673836994,0.049908922789728326,unverified_statistical_tier2_pool,False
60541,VIPEX,13,13,1,duelist,2026,7416,,0.041936,32303,13,1.0,0,341,-0.047602989289219654,0.2863094235019095,0.2863094235019095,2.2023801807839196,unverified_statistical_tier2_pool,False
60576,Ray,63,63,1,controller,2026,7416,9192|25053,0.157302,9192,63,1.0,0,294,-0.044975080437388744,2.880523175293403,2.880523175293403,4.572259008402227,unverified_statistical_tier2_pool,False
60577,Faither,13,13,1,duelist,2026,7416,,-0.098219,9192,13,1.0,0,341,-0.046979399682784743,-0.15449533106606983,-0.15449533106606983,-1.1884256235851525,unverified_statistical_tier2_pool,False
60585,TK,9,9,1,duelist,2026,7416,34717|34774|49327|60586,-0.080351,34717,9,1.0,0,342,-0.047447091887610926,-0.07029847146851026,-0.07029847146851026,-0.7810941274278917,unverified_statistical_tier2_pool,False
60586,PaiN,9,9,1,controller,2026,7416,34717|34774|49327|60585,-0.080351,34717,9,1.0,0,295,-0.04470957291189566,-0.07616712336937098,-0.07616712336937098,-0.8463013707707887,unverified_statistical_tier2_pool,False
60637,JESKO,4,4,1,duelist,2026,7416,60222|60638|60639|60640,0.004861,60222,4,1.0,0,342,-0.047447091887610926,0.051485755939451094,0.051485755939451094,1.2871438984862773,unverified_statistical_tier2_pool,False
60638,Krexx,4,4,1,controller,2026,7416,60222|60637|60639|60640,0.004861,60222,4,1.0,0,295,-0.04470957291189566,0.04879755503028382,0.04879755503028382,1.2199388757570957,unverified_statistical_tier2_pool,False
60639,DG09,4,4,1,initiator,2026,7416,60222|60637|60638|60640,0.004861,60222,4,1.0,0,238,-0.03895063454622416,0.04313994161809487,0.04313994161809487,1.0784985404523717,unverified_statistical_tier2_pool,False
60640,Xrizz,4,4,1,controller,2026,7416,60222|60637|60638|60639,0.004861,60222,4,1.0,0,295,-0.04470957291189566,0.04879755503028382,0.04879755503028382,1.2199388757570957,unverified_statistical_tier2_pool,False
60650,Satoru,45,45,1,duelist,2026,7416,50827|53196,0.079806,50827,45,1.0,0,341,-0.047602989289219654,1.390528262811861,1.390528262811861,3.09006280624858,unverified_statistical_tier2_pool,False
60669,Aspire,9,9,1,duelist,2026,7416,43441|51652|62778|62779,0.034554,43441,9,1.0,0,342,-0.047447091887610926,0.18255118711181673,0.18255118711181673,2.0283465234646303,unverified_statistical_tier2_pool,False
60671,Zenichi,7,7,2,initiator,2026,7416,,-0.003912,4037,5,0.7142857142857143,2,238,-0.03895063454622416,0.0576250660023474,0.0576250660023474,0.8232152286049629,unverified_statistical_tier2_pool,False
60674,Rokrop,5,5,1,initiator,2026,7416,62871|62872|62873,0.011513,62871,5,1.0,0,238,-0.03895063454622416,0.06272292510613603,0.06272292510613603,1.2544585021227206,unverified_statistical_tier2_pool,False
60676,Martin,2,2,1,controller,2026,7416,,0.029102,60674,2,1.0,0,295,-0.04470957291189566,0.03646965771101229,0.03646965771101229,1.8234828855506147,unverified_statistical_tier2_pool,False
60694,Clashy,2,2,1,sentinel,2026,7416,,-0.042447,10758,2,1.0,0,121,-0.034884002137719895,-0.003751794968766875,-0.003751794968766875,-0.18758974843834375,unverified_statistical_tier2_pool,False
60705,Ilaxo,10,10,1,duelist,2026,7416,,0.040561,29559,10,1.0,0,341,-0.047602989289219654,0.21182049478592707,0.21182049478592707,2.1182049478592706,unverified_statistical_tier2_pool,False
60718,jacoblofi,11,11,1,duelist,2026,7416,48808|49728|52930|61043,0.023366,48808,11,1.0,0,341,-0.047602989289219654,0.19164445739141622,0.19164445739141622,1.7422223399219658,unverified_statistical_tier2_pool,False
60737,admr,5,5,2,duelist,2026,7416,,-0.018892,46048,3,0.6,2,342,-0.047447091887610926,0.03518753589842538,0.03518753589842538,0.7037507179685076,unverified_statistical_tier2_pool,False
60738,Adrianne Lenker,5,5,1,sentinel,2026,7416,60126|62855,0.010697,51617,5,1.0,0,121,-0.034884002137719895,0.056746781337880914,0.056746781337880914,1.1349356267576183,unverified_statistical_tier2_pool,False
60739,ado enjoyer,21,21,1,initiator,2026,7416,62851|62852|62853,-0.006142,62851,21,1.0,0,237,-0.03920609411965029,0.17218122036350103,0.17218122036350103,0.8199105731595286,unverified_statistical_tier2_pool,False
60742,ZappY,2,2,1,duelist,2026,7416,60184|62804|62805,-0.029246,60184,2,1.0,0,342,-0.047447091887610926,0.008958939219355033,0.008958939219355033,0.44794696096775166,unverified_statistical_tier2_pool,False
60782,Forykoo,5,5,1,initiator,2026,7416,59863|63199|63200|63201,-0.041742,59863,5,1.0,0,238,-0.03895063454622416,-0.0034042021604241968,-0.0034042021604241968,-0.06808404320848394,unverified_statistical_tier2_pool,False
60806,aint,9,9,1,duelist,2026,7416,,0.084629,4540,9,1.0,0,342,-0.047447091887610926,0.2941441224606995,0.2941441224606995,3.2682680273411053,unverified_statistical_tier2_pool,False
60897,Susano,11,11,1,duelist,2026,7416,27299|33464|38353,0.000608,27299,11,1.0,0,341,-0.047602989289219654,0.1317092012880422,0.1317092012880422,1.197356375345838,unverified_statistical_tier2_pool,False
60900,Senor,15,15,1,sentinel,2026,7416,54469|60901|60903|60907,0.002741,54469,15,1.0,0,120,-0.035601050290873654,0.14121360887204687,0.14121360887204687,0.9414240591469791,unverified_statistical_tier2_pool,False
60901,yellowflash,15,15,1,duelist,2026,7416,54469|60900|60903|60907,0.002741,54469,15,1.0,0,341,-0.047602989289219654,0.1853190712300326,0.1853190712300326,1.235460474866884,unverified_statistical_tier2_pool,False
60903,Facade,15,15,1,sentinel,2026,7416,54469|60900|60901|60907,0.002741,54469,15,1.0,0,120,-0.035601050290873654,0.14121360887204687,0.14121360887204687,0.9414240591469791,unverified_statistical_tier2_pool,False
60907,soufy,15,15,1,controller,2026,7416,54469|60900|60901|60903,0.002741,54469,15,1.0,0,294,-0.044975080437388744,0.17566619652043303,0.17566619652043303,1.171107976802887,unverified_statistical_tier2_pool,False
61028,nepalwarrior,6,6,1,duelist,2026,7416,37705|59061|59320,-0.032057,37705,6,1.0,0,342,-0.047447091887610926,0.022966029185573833,0.022966029185573833,0.38276715309289716,unverified_statistical_tier2_pool,False
61039,soguja,3,3,1,controller,2026,7416,,0.015754,46050,3,1.0,0,295,-0.04470957291189566,0.04504948459771202,0.04504948459771202,1.5016494865904007,unverified_statistical_tier2_pool,False
61043,Corte,11,11,1,controller,2026,7416,48808|49728|52930|60718,0.023366,48808,11,1.0,0,294,-0.044975080437388744,0.18451791312600108,0.18451791312600108,1.6774355738727371,unverified_statistical_tier2_pool,False
61044,doventor,9,9,1,controller,2026,7416,6544|23278|61045|63203,0.003378,6544,9,1.0,0,295,-0.04470957291189566,0.10745844998640364,0.10745844998640364,1.1939827776267071,unverified_statistical_tier2_pool,False
61045,Nrk,9,9,1,controller,2026,7416,6544|23278|61044|63203,0.003378,6544,9,1.0,0,295,-0.04470957291189566,0.10745844998640364,0.10745844998640364,1.1939827776267071,unverified_statistical_tier2_pool,False
61078,dksla,5,5,1,controller,2026,7416,,0.044815,42843,5,1.0,0,295,-0.04470957291189566,0.11156232546375333,0.11156232546375333,2.2312465092750666,unverified_statistical_tier2_pool,False
61079,xiongdi,15,15,1,initiator,2026,7416,,0.020495,42843,15,1.0,0,237,-0.03920609411965029,0.2192349131402978,0.2192349131402978,1.4615660876019854,unverified_statistical_tier2_pool,False
61080,kaiju,9,9,1,duelist,2026,7416,,-0.008784,42843,9,1.0,0,342,-0.047447091887610926,0.08444550496351266,0.08444550496351266,0.9382833884834739,unverified_statistical_tier2_pool,False
61081,XIV,51,51,1,duelist,2026,7416,,-0.004192,25082,46,0.9019607843137255,5,341,-0.047602989289219654,0.5152988936418199,0.5152988936418199,1.0103899875329803,unverified_statistical_tier2_pool,False
61318,fang,31,31,3,initiator,2026,7416,29629|50270,-0.053474,29629,31,1.0,0,237,-0.03818425582594577,-0.11400620625569918,-0.11400620625569918,-0.36776195566354575,unverified_statistical_tier2_pool,False
61319,striker,8,8,1,controller,2026,7416,3784|44170,0.005357,3784,8,1.0,0,295,-0.04470957291189566,0.09663694436593667,0.09663694436593667,1.2079618045742084,unverified_statistical_tier2_pool,False
61320,depressed abuser,6,6,1,duelist,2026,7416,42570|42662|49719|50246,-0.030491,42570,6,1.0,0,342,-0.047447091887610926,0.02527396423889522,0.02527396423889522,0.42123273731492034,unverified_statistical_tier2_pool,False
61428,Tron,11,11,1,duelist,2026,7416,,-0.061284,25097,11,1.0,0,341,-0.046979399682784743,-0.03744386676513384,-0.03744386676513384,-0.34039878877394397,unverified_statistical_tier2_pool,False
61846,vynz,24,24,1,duelist,2026,7416,,-0.011411,4540,24,1.0,0,341,-0.047602989289219654,0.2065890945514478,0.2065890945514478,0.8607878939643658,unverified_statistical_tier2_pool,False
61965,백서연,4,4,1,controller,2026,7416,42824|42827|61966|61967,-0.001067,42824,4,1.0,0,295,-0.04470957291189566,0.043508461641024676,0.043508461641024676,1.0877115410256168,unverified_statistical_tier2_pool,False
61966,Eva999,4,4,1,duelist,2026,7416,42824|42827|61965|61967,-0.001067,42824,4,1.0,0,342,-0.047447091887610926,0.04623768386414978,0.04623768386414978,1.1559420966037446,unverified_statistical_tier2_pool,False
61967,TarZan,4,4,1,controller,2026,7416,42824|42827|61965|61966,-0.001067,42824,4,1.0,0,295,-0.04470957291189566,0.043508461641024676,0.043508461641024676,1.0877115410256168,unverified_statistical_tier2_pool,False
61968,Kellan,19,19,2,duelist,2026,7416,42842,-0.074857,42842,19,1.0,0,341,-0.046979399682784743,-0.12746523753000388,-0.12746523753000388,-0.6708696712105467,unverified_statistical_tier2_pool,False
61969,감있는사나이,3,3,1,controller,2026,7416,42830|61970|61971,0.012324,985,3,1.0,0,295,-0.04470957291189566,0.04262220530926253,0.04262220530926253,1.4207401769754178,unverified_statistical_tier2_pool,False
61970,사나이,3,3,1,controller,2026,7416,42830|61969|61971,0.012324,985,3,1.0,0,295,-0.04470957291189566,0.04262220530926253,0.04262220530926253,1.4207401769754178,unverified_statistical_tier2_pool,False
61971,가짜사나이,3,3,1,duelist,2026,7416,42830|61969|61970,0.012324,985,3,1.0,0,342,-0.047447091887610926,0.04467105702724494,0.04467105702724494,1.4890352342414979,unverified_statistical_tier2_pool,False
61972,KˉRae,1,1,1,duelist,2026,7416,42727|42828|61973|61974,-0.014468,42727,1,1.0,0,342,-0.047447091887610926,0.008192375356087023,0.008192375356087023,0.8192375356087023,unverified_statistical_tier2_pool,False
61973,ChaS2r,1,1,1,initiator,2026,7416,42727|42828|61972|61974,-0.014468,42727,1,1.0,0,238,-0.03895063454622416,0.006083861499829091,0.006083861499829091,0.6083861499829091,unverified_statistical_tier2_pool,False
61974,Pochita,1,1,1,controller,2026,7416,42727|42828|61972|61973,-0.014468,42727,1,1.0,0,295,-0.04470957291189566,0.007513190122615809,0.007513190122615809,0.7513190122615809,unverified_statistical_tier2_pool,False
61975,XLG Lysoar,3,3,1,duelist,2026,7416,17050|20942|61976|61977,0.011331,17050,3,1.0,0,342,-0.047447091887610926,0.04377775608154133,0.04377775608154133,1.4592585360513777,unverified_statistical_tier2_pool,False
61976,Carry,3,3,1,controller,2026,7416,17050|20942|61975|61977,0.011331,17050,3,1.0,0,295,-0.04470957291189566,0.041734746313147775,0.041734746313147775,1.391158210438259,unverified_statistical_tier2_pool,False
61977,Husenai,3,3,1,duelist,2026,7416,17050|20942|61975|61976,0.011331,17050,3,1.0,0,342,-0.047447091887610926,0.04377775608154133,0.04377775608154133,1.4592585360513777,unverified_statistical_tier2_pool,False
61978,Prix,2,2,1,sentinel,2026,7416,61979|61980|61981|61982,-0.029001,61979,2,1.0,0,121,-0.034884002137719895,0.002914158823398738,0.002914158823398738,0.1457079411699369,unverified_statistical_tier2_pool,False
61979,KID,2,2,1,initiator,2026,7416,61978|61980|61981|61982,-0.029001,61978,2,1.0,0,238,-0.03895063454622416,0.004927691501183551,0.004927691501183551,0.24638457505917755,unverified_statistical_tier2_pool,False
61980,홍도성V1,2,2,1,controller,2026,7416,61978|61979|61981|61982,-0.029001,61978,2,1.0,0,295,-0.04470957291189566,0.007778109585184156,0.007778109585184156,0.3889054792592078,unverified_statistical_tier2_pool,False
61981,이쁘니,2,2,1,duelist,2026,7416,61978|61979|61980|61982,-0.029001,61978,2,1.0,0,342,-0.047447091887610926,0.009132622559796855,0.009132622559796855,0.45663112798984273,unverified_statistical_tier2_pool,False
61982,エスデス 에스데스,2,2,1,duelist,2026,7416,61978|61979|61980|61981,-0.029001,61978,2,1.0,0,342,-0.047447091887610926,0.009132622559796855,0.009132622559796855,0.45663112798984273,unverified_statistical_tier2_pool,False
61983,1030,3,3,1,controller,2026,7416,9797|31830|42829|42844,-0.013134,9797,3,1.0,0,295,-0.04470957291189566,0.023586013779992643,0.023586013779992643,0.786200459333088,unverified_statistical_tier2_pool,False
61984,Jereg,2,2,1,controller,2026,7416,42821|42840|60237,0.000457,42821,2,1.0,0,295,-0.04470957291189566,0.02255804942145362,0.02255804942145362,1.127902471072681,unverified_statistical_tier2_pool,False
61985,Zoltraak,22,22,2,duelist,2026,7416,,-0.069487,48908,20,0.9090909090909091,2,341,-0.046979399682784743,-0.11470564561156127,-0.11470564561156127,-0.5213892982343694,unverified_statistical_tier2_pool,False
62014,naykoo,5,5,1,initiator,2026,7416,30456|34005|45500|59960,-0.050264,30456,5,1.0,0,238,-0.03895063454622416,-0.014111097680714557,-0.014111097680714557,-0.28222195361429114,unverified_statistical_tier2_pool,False
62029,Cazkla,34,34,1,duelist,2026,7416,58538|62030|62032,-0.046979,58538,34,1.0,0,341,-0.047602989289219654,0.0051628585304794306,0.0051628585304794306,0.015184878030821854,unverified_statistical_tier2_pool,False
62030,distinct,34,34,1,controller,2026,7416,58538|62029|62032,-0.046979,58538,34,1.0,0,294,-0.04401135369692863,-0.02457782450210344,-0.02457782450210344,-0.07228771912383365,unverified_statistical_tier2_pool,False
62031,Jinbay,20,20,1,initiator,2026,7416,,-0.022719,58538,20,1.0,0,237,-0.03920609411965029,0.07909574093534849,0.07909574093534849,0.39547870467674245,unverified_statistical_tier2_pool,False
62032,tarkun,34,34,1,sentinel,2026,7416,58538|62029|62030,-0.046979,58538,34,1.0,0,120,-0.034467022381013575,-0.10366325166642276,-0.10366325166642276,-0.30489191666594934,unverified_statistical_tier2_pool,False
62033,daydus,9,9,1,initiator,2026,7416,40734|48492|49680,-0.035715,33417,9,1.0,0,238,-0.03895063454622416,0.006975840908707398,0.006975840908707398,0.0775093434300822,unverified_statistical_tier2_pool,False
62034,Karaage,52,52,1,controller,2026,7416,43074|47467,8.2e-05,43074,52,1.0,0,294,-0.044975080437388744,0.565281645881636,0.565281645881636,1.0870800882339153,unverified_statistical_tier2_pool,False
62035,winter,8,8,1,duelist,2026,7416,51093|51098|58541,-0.002018,51093,8,1.0,0,342,-0.047447091887610926,0.0886040886117373,0.0886040886117373,1.1075511076467162,unverified_statistical_tier2_pool,False
62165,MattsLP,3,3,1,sentinel,2026,7416,,-0.020946,2909,3,1.0,0,121,-0.034884002137719895,0.010321675034174027,0.010321675034174027,0.34405583447246757,unverified_statistical_tier2_pool,False
62183,caqu,1,1,1,sentinel,2026,7416,,-0.018359,16262,1,1.0,0,121,-0.034884002137719895,0.004111195643272336,0.004111195643272336,0.4111195643272336,unverified_statistical_tier2_pool,False
62259,penny,6,6,2,duelist,2026,7416,,-0.074879,3281,4,0.6666666666666666,2,342,-0.047447091887610926,-0.03650596851031318,-0.03650596851031318,-0.6084328085052196,unverified_statistical_tier2_pool,False
62270,Spare10,3,3,1,sentinel,2026,7416,,0.010895,30901,3,1.0,0,121,-0.034884002137719895,0.033848934656434904,0.033848934656434904,1.1282978218811635,unverified_statistical_tier2_pool,False
62287,Lolo,34,34,1,duelist,2026,7416,,0.041717,48864,34,1.0,0,341,-0.047602989289219654,0.718101869686476,0.718101869686476,2.1120643226072824,unverified_statistical_tier2_pool,False
62291,Xiesta,50,50,1,duelist,2026,7416,,0.255521,9192,50,1.0,0,341,-0.047602989289219654,3.4223696482515984,3.4223696482515984,6.844739296503196,unverified_statistical_tier2_pool,False
62402,KiTae,51,51,2,initiator,2026,7416,,-0.007054,62403,45,0.8823529411764706,6,237,-0.03920609411965029,0.3929927938338435,0.3929927938338435,0.7705741055565559,unverified_statistical_tier2_pool,False
62403,Fric,45,45,1,sentinel,2026,7416,62404|62405,0.036697,62402,45,1.0,0,120,-0.035601050290873654,0.779081917531624,0.779081917531624,1.7312931500702755,unverified_statistical_tier2_pool,False
62404,Sovereign,45,45,1,duelist,2026,7416,62403|62405,0.036697,62402,45,1.0,0,341,-0.047602989289219654,0.9083138831892288,0.9083138831892288,2.018475295976064,unverified_statistical_tier2_pool,False
62405,RgoN,45,45,1,controller,2026,7416,62403|62404,0.036697,62402,45,1.0,0,294,-0.044975080437388744,0.8800216797949456,0.8800216797949456,1.9556037328776568,unverified_statistical_tier2_pool,False
62406,Day1,18,18,1,duelist,2026,7416,25080,-0.104069,25080,18,1.0,0,341,-0.046979399682784743,-0.240867270622855,-0.240867270622855,-1.3381515034603055,unverified_statistical_tier2_pool,False
62407,Zayn,16,16,1,controller,2026,7416,4127,-0.068108,4127,16,1.0,0,294,-0.04401135369692863,-0.08929937592650472,-0.08929937592650472,-0.5581210995406545,unverified_statistical_tier2_pool,False
62445,Le0,2,2,1,initiator,2026,7416,,0.006098,10582,2,1.0,0,238,-0.03895063454622416,0.02025848378675643,0.02025848378675643,1.0129241893378216,unverified_statistical_tier2_pool,False
62466,Sof1ane,3,3,1,controller,2026,7416,,-0.017959,10448,3,1.0,0,295,-0.04470957291189566,0.02005242099018184,0.02005242099018184,0.6684140330060613,unverified_statistical_tier2_pool,False
62764,killua,10,10,1,controller,2026,7416,62765|62766|62767|62768,-0.002129,62765,10,1.0,0,294,-0.044975080437388744,0.10670466811414853,0.10670466811414853,1.0670466811414854,unverified_statistical_tier2_pool,False
62765,Trippie,10,10,1,sentinel,2026,7416,62764|62766|62767|62768,-0.002129,62764,10,1.0,0,120,-0.035601050290873654,0.08335956727811056,0.08335956727811056,0.8335956727811056,unverified_statistical_tier2_pool,False
62766,Ark,10,10,1,initiator,2026,7416,62764|62765|62767|62768,-0.002129,62764,10,1.0,0,237,-0.03920609411965029,0.09233772956977593,0.09233772956977593,0.9233772956977593,unverified_statistical_tier2_pool,False
62767,BratZ,10,10,1,duelist,2026,7416,62764|62765|62766|62768,-0.002129,62764,10,1.0,0,341,-0.047602989289219654,0.11324892756713317,0.11324892756713317,1.1324892756713318,unverified_statistical_tier2_pool,False
62768,S one,10,10,1,duelist,2026,7416,62764|62765|62766|62767,-0.002129,62764,10,1.0,0,341,-0.047602989289219654,0.11324892756713317,0.11324892756713317,1.1324892756713318,unverified_statistical_tier2_pool,False
62771,alvi2k,9,9,1,initiator,2026,7416,58259|58260|62772|62773,0.038224,58259,9,1.0,0,238,-0.03895063454622416,0.17072214092248206,0.17072214092248206,1.8969126769164673,unverified_statistical_tier2_pool,False
62772,Frenzy,9,9,1,initiator,2026,7416,58259|58260|62771|62773,0.038224,58259,9,1.0,0,238,-0.03895063454622416,0.17072214092248206,0.17072214092248206,1.8969126769164673,unverified_statistical_tier2_pool,False
62773,Flexx,9,9,1,controller,2026,7416,58259|58260|62771|62772,0.038224,58259,9,1.0,0,295,-0.04470957291189566,0.18348924106808917,0.18348924106808917,2.0387693452009907,unverified_statistical_tier2_pool,False
62774,Hackelllllllllll,6,6,1,controller,2026,7416,,0.091916,40066,6,1.0,0,295,-0.04470957291189566,0.20294229862322788,0.20294229862322788,3.3823716437204645,unverified_statistical_tier2_pool,False
62775,Trident,10,10,1,controller,2026,7416,40066|62776,0.027697,40066,10,1.0,0,294,-0.044975080437388744,0.180125794153363,0.180125794153363,1.80125794153363,unverified_statistical_tier2_pool,False
62776,Cau7ion,10,10,1,sentinel,2026,7416,40066|62775,0.027697,40066,10,1.0,0,120,-0.035601050290873654,0.15688448149271766,0.15688448149271766,1.5688448149271765,unverified_statistical_tier2_pool,False
62777,HopSta,12,12,2,duelist,2026,7416,,-0.008182,40066,10,0.8333333333333334,2,341,-0.047602989289219654,0.11735901416478645,0.11735901416478645,0.9779917847065537,unverified_statistical_tier2_pool,False
62778,TRIXUMP,9,9,1,controller,2026,7416,43441|51652|60669|62779,0.034554,43441,9,1.0,0,295,-0.04470957291189566,0.17643866799282754,0.17643866799282754,1.9604296443647504,unverified_statistical_tier2_pool,False
62779,GODSPREE,9,9,1,initiator,2026,7416,43441|51652|60669|62778,0.034554,43441,9,1.0,0,238,-0.03895063454622416,0.16358317397233935,0.16358317397233935,1.8175908219148817,unverified_statistical_tier2_pool,False
62780,BADSHAH,14,14,1,duelist,2026,7416,51629|51630|51631|51632,0.003053,51629,14,1.0,0,341,-0.047602989289219654,0.1762941974742534,0.1762941974742534,1.2592442676732387,unverified_statistical_tier2_pool,False
62781,zFROST,3,3,1,initiator,2026,7416,62782|62783|62784|62785,-0.01398,62782,3,1.0,0,238,-0.03895063454622416,0.018654316163979,0.018654316163979,0.6218105387993,unverified_statistical_tier2_pool,False
62782,Tall Feminist,3,3,1,sentinel,2026,7416,62781|62783|62784|62785,-0.01398,62781,3,1.0,0,121,-0.034884002137719895,0.015618264591967412,0.015618264591967412,0.520608819732247,unverified_statistical_tier2_pool,False
62783,DiviNE,3,3,1,controller,2026,7416,62781|62782|62784|62785,-0.01398,62781,3,1.0,0,295,-0.04470957291189566,0.02295241775868745,0.02295241775868745,0.7650805919562483,unverified_statistical_tier2_pool,False
62784,DeepiT,3,3,1,controller,2026,7416,62781|62782|62783|62785,-0.01398,62781,3,1.0,0,295,-0.04470957291189566,0.02295241775868745,0.02295241775868745,0.7650805919562483,unverified_statistical_tier2_pool,False
62785,hyokA,3,3,1,duelist,2026,7416,62781|62782|62783|62784,-0.01398,62781,3,1.0,0,342,-0.047447091887610926,0.02499493859002222,0.02499493859002222,0.8331646196674073,unverified_statistical_tier2_pool,False
62786,Lisan al Gaib,4,4,1,initiator,2026,7416,47761,0.000366,47761,4,1.0,0,238,-0.03895063454622416,0.03896989367440412,0.03896989367440412,0.974247341860103,unverified_statistical_tier2_pool,False
62787,modu,4,4,1,duelist,2026,7416,51559|62788|62789|62790,0.007294,51559,4,1.0,0,342,-0.047447091887610926,0.05165485819829335,0.05165485819829335,1.2913714549573339,unverified_statistical_tier2_pool,False
62788,garry,4,4,1,initiator,2026,7416,51559|62787|62789|62790,0.007294,51559,4,1.0,0,238,-0.03895063454622416,0.04365873280274929,0.04365873280274929,1.0914683200687323,unverified_statistical_tier2_pool,False
62789,Awqwrd,4,4,1,sentinel,2026,7416,51559|62787|62788|62790,0.007294,51559,4,1.0,0,121,-0.034884002137719895,0.039828662242506696,0.039828662242506696,0.9957165560626674,unverified_statistical_tier2_pool,False
62790,MADTOi,4,4,1,duelist,2026,7416,51559|62787|62788|62789,0.007294,51559,4,1.0,0,342,-0.047447091887610926,0.05165485819829335,0.05165485819829335,1.2913714549573339,unverified_statistical_tier2_pool,False
62791,C0mPact L0vER,5,5,1,sentinel,2026,7416,62792|62793|62794|62795,-0.012742,62792,5,1.0,0,121,-0.034884002137719895,0.027469703533273437,0.027469703533273437,0.5493940706654687,unverified_statistical_tier2_pool,False
62792,S1N,5,5,1,duelist,2026,7416,62791|62793|62794|62795,-0.012742,62791,5,1.0,0,342,-0.047447091887610926,0.04304074202943603,0.04304074202943603,0.8608148405887206,unverified_statistical_tier2_pool,False
62793,Vyom,5,5,1,duelist,2026,7416,62791|62792|62794|62795,-0.012742,62791,5,1.0,0,342,-0.047447091887610926,0.04304074202943603,0.04304074202943603,0.8608148405887206,unverified_statistical_tier2_pool,False
62794,Terrox,5,5,1,controller,2026,7416,62791|62792|62793|62795,-0.012742,62791,5,1.0,0,295,-0.04470957291189566,0.03964879812088423,0.03964879812088423,0.7929759624176846,unverified_statistical_tier2_pool,False
62795,RekoN,5,5,1,duelist,2026,7416,62791|62792|62793|62794,-0.012742,62791,5,1.0,0,342,-0.047447091887610926,0.04304074202943603,0.04304074202943603,0.8608148405887206,unverified_statistical_tier2_pool,False
62796,Reaper,2,2,1,controller,2026,7416,47791|47812|51536|62797,-0.028262,47791,2,1.0,0,295,-0.04470957291189566,0.008029071607900784,0.008029071607900784,0.4014535803950392,unverified_statistical_tier2_pool,False
62797,SaVage,2,2,1,initiator,2026,7416,47791|47812|51536|62796,-0.028262,47791,2,1.0,0,238,-0.03895063454622416,0.005220013780814159,0.005220013780814159,0.26100068904070794,unverified_statistical_tier2_pool,False
62798,Mr Cyberx,15,15,1,duelist,2026,7416,,0.030718,43399,15,1.0,0,341,-0.047602989289219654,0.2838396471818588,0.2838396471818588,1.8922643145457252,unverified_statistical_tier2_pool,False
62800,AKKAZA,2,2,1,sentinel,2026,7416,51645|62803,-0.031064,51645,2,1.0,0,121,-0.034884002137719895,0.001901087523688394,0.001901087523688394,0.0950543761844197,unverified_statistical_tier2_pool,False
62801,eze,7,7,1,duelist,2026,7416,62802,-0.044867,62802,7,1.0,0,342,-0.047447091887610926,0.004488151891370806,0.004488151891370806,0.06411645559101152,unverified_statistical_tier2_pool,False
62802,b0nkFR,7,7,1,controller,2026,7416,62801,-0.044867,62801,7,1.0,0,295,-0.04470957291189566,-0.0002744552214224427,-0.0002744552214224427,-0.003920788877463467,unverified_statistical_tier2_pool,False
62803,snoww,2,2,1,initiator,2026,7416,51645|62800,-0.031064,51645,2,1.0,0,238,-0.03895063454622416,0.003924459888802634,0.003924459888802634,0.1962229944401317,unverified_statistical_tier2_pool,False
62804,Tsurugi,2,2,1,controller,2026,7416,60184|60742|62805,-0.029246,60184,2,1.0,0,295,-0.04470957291189566,0.007612790425886085,0.007612790425886085,0.38063952129430423,unverified_statistical_tier2_pool,False
62805,Alive,2,2,1,sentinel,2026,7416,60184|60742|62804,-0.029246,60184,2,1.0,0,121,-0.034884002137719895,0.002777316459448398,0.002777316459448398,0.1388658229724199,unverified_statistical_tier2_pool,False
62806,Dallu,4,4,2,initiator,2026,7416,,-0.06106,43420,2,0.5,2,238,-0.03895063454622416,-0.021749610953157028,-0.021749610953157028,-0.5437402738289256,unverified_statistical_tier2_pool,False
62807,PeePeePooPoo,2,2,1,initiator,2026,7416,62808|62809|62810|62811,-0.03018,62808,2,1.0,0,238,-0.03895063454622416,0.0043406542485586175,0.0043406542485586175,0.21703271242793087,unverified_statistical_tier2_pool,False
62808,Eagle,2,2,1,duelist,2026,7416,62807|62809|62810|62811,-0.03018,62807,2,1.0,0,342,-0.047447091887610926,0.008542069515864725,0.008542069515864725,0.42710347579323626,unverified_statistical_tier2_pool,False
62809,RevelK,2,2,1,controller,2026,7416,62807|62808|62810|62811,-0.03018,62807,2,1.0,0,295,-0.04470957291189566,0.007188776886447701,0.007188776886447701,0.35943884432238504,unverified_statistical_tier2_pool,False
62810,BabyMeoW,2,2,1,controller,2026,7416,62807|62808|62809|62811,-0.03018,62807,2,1.0,0,295,-0.04470957291189566,0.007188776886447701,0.007188776886447701,0.35943884432238504,unverified_statistical_tier2_pool,False
62811,KUROKAMI,2,2,1,duelist,2026,7416,62807|62808|62809|62810,-0.03018,62807,2,1.0,0,342,-0.047447091887610926,0.008542069515864725,0.008542069515864725,0.42710347579323626,unverified_statistical_tier2_pool,False
62813,Russel,3,3,1,controller,2026,7416,47816|47818|47820|50094,-0.016299,47816,3,1.0,0,295,-0.04470957291189566,0.021284307969573646,0.021284307969573646,0.7094769323191216,unverified_statistical_tier2_pool,False
62814,0xygen,2,2,1,controller,2026,7416,62815|62816|62817|62818,-0.02717,62815,2,1.0,0,295,-0.04470957291189566,0.00845780765245091,0.00845780765245091,0.4228903826225455,unverified_statistical_tier2_pool,False
62815,Rusty,2,2,1,duelist,2026,7416,62814|62816|62817|62818,-0.02717,62814,2,1.0,0,342,-0.047447091887610926,0.009775324348834769,0.009775324348834769,0.4887662174417384,unverified_statistical_tier2_pool,False
62816,DeadlyGod,2,2,1,sentinel,2026,7416,62814|62815|62817|62818,-0.02717,62814,2,1.0,0,121,-0.034884002137719895,0.0037233065273155064,0.0037233065273155064,0.18616532636577532,unverified_statistical_tier2_pool,False
62817,sobisno1,2,2,1,initiator,2026,7416,62814|62815|62816|62818,-0.02717,62814,2,1.0,0,238,-0.03895063454622416,0.005683896467550409,0.005683896467550409,0.28419482337752044,unverified_statistical_tier2_pool,False
62818,ep1c,2,2,1,duelist,2026,7416,62814|62815|62816|62817,-0.02717,62814,2,1.0,0,342,-0.047447091887610926,0.009775324348834769,0.009775324348834769,0.4887662174417384,unverified_statistical_tier2_pool,False
62822,GhostyXD,6,6,1,controller,2026,7416,60151|60152|60170,-0.02113,60151,6,1.0,0,295,-0.04470957291189566,0.03437853770582422,0.03437853770582422,0.5729756284304036,unverified_statistical_tier2_pool,False
62823,MumbaiHater,2,2,1,controller,2026,7416,,-0.029095,60151,2,1.0,0,295,-0.04470957291189566,0.007674975910349824,0.007674975910349824,0.3837487955174912,unverified_statistical_tier2_pool,False
62824,INDRAJEET,2,2,1,sentinel,2026,7416,60157|62825|62826,-0.028816,60157,2,1.0,0,121,-0.034884002137719895,0.002978963362962439,0.002978963362962439,0.14894816814812195,unverified_statistical_tier2_pool,False
62825,Homie,2,2,1,duelist,2026,7416,60157|62824|62826,-0.028816,60157,2,1.0,0,342,-0.047447091887610926,0.009138221726333606,0.009138221726333606,0.4569110863166803,unverified_statistical_tier2_pool,False
62826,BruhWTF,2,2,1,duelist,2026,7416,60157|62824|62825,-0.028816,60157,2,1.0,0,342,-0.047447091887610926,0.009138221726333606,0.009138221726333606,0.4569110863166803,unverified_statistical_tier2_pool,False
62827,HarshWho,2,2,1,duelist,2026,7416,47801|51548|51613,-0.028526,47801,2,1.0,0,342,-0.047447091887610926,0.009256528316641532,0.009256528316641532,0.4628264158320766,unverified_statistical_tier2_pool,False
62828,Khan,2,2,1,duelist,2026,7416,60166|62829|62830|62831,-0.027778,60166,2,1.0,0,342,-0.047447091887610926,0.009546631399829197,0.009546631399829197,0.47733156999145987,unverified_statistical_tier2_pool,False
62829,風中的屁,2,2,1,sentinel,2026,7416,60166|62828|62830|62831,-0.027778,60166,2,1.0,0,121,-0.034884002137719895,0.0034527086445385047,0.0034527086445385047,0.17263543222692523,unverified_statistical_tier2_pool,False
62830,sensei,2,2,1,initiator,2026,7416,60166|62828|62829|62831,-0.027778,60166,2,1.0,0,238,-0.03895063454622416,0.005426718660292262,0.005426718660292262,0.2713359330146131,unverified_statistical_tier2_pool,False
62831,x0k,2,2,1,duelist,2026,7416,60166|62828|62829|62830,-0.027778,60166,2,1.0,0,342,-0.047447091887610926,0.009546631399829197,0.009546631399829197,0.47733156999145987,unverified_statistical_tier2_pool,False
62832,Swagzera,2,2,1,initiator,2026,7416,62833|62834|62835|62836,-0.030371,62833,2,1.0,0,238,-0.03895063454622416,0.0042552381310763665,0.0042552381310763665,0.21276190655381833,unverified_statistical_tier2_pool,False
62833,neo,2,2,1,controller,2026,7416,62832|62834|62835|62836,-0.030371,62832,2,1.0,0,295,-0.04470957291189566,0.007109611715212627,0.007109611715212627,0.35548058576063135,unverified_statistical_tier2_pool,False
62834,Night Wolf 27,2,2,1,duelist,2026,7416,62832|62833|62835|62836,-0.030371,62832,2,1.0,0,342,-0.047447091887610926,0.008465906825006364,0.008465906825006364,0.4232953412503182,unverified_statistical_tier2_pool,False
62835,7000,2,2,1,controller,2026,7416,62832|62833|62834|62836,-0.030371,62832,2,1.0,0,295,-0.04470957291189566,0.007109611715212627,0.007109611715212627,0.35548058576063135,unverified_statistical_tier2_pool,False
62836,TFS,2,2,1,duelist,2026,7416,62832|62833|62834|62835,-0.030371,62832,2,1.0,0,342,-0.047447091887610926,0.008465906825006364,0.008465906825006364,0.4232953412503182,unverified_statistical_tier2_pool,False
62837,N 1 N J 4,7,7,1,duelist,2026,7416,24322|62838|62839|62840,-0.033372,24322,7,1.0,0,342,-0.047447091887610926,0.024005005859117468,0.024005005859117468,0.34292865513024956,unverified_statistical_tier2_pool,False
62838,MoTo MoTo,7,7,1,duelist,2026,7416,24322|62837|62839|62840,-0.033372,24322,7,1.0,0,342,-0.047447091887610926,0.024005005859117468,0.024005005859117468,0.34292865513024956,unverified_statistical_tier2_pool,False
62839,Luttappy,7,7,1,initiator,2026,7416,24322|62837|62838|62840,-0.033372,24322,7,1.0,0,238,-0.03895063454622416,0.009519794081891075,0.009519794081891075,0.13599705831272965,unverified_statistical_tier2_pool,False
62840,fr0sty,7,7,1,controller,2026,7416,24322|62837|62838|62839,-0.033372,24322,7,1.0,0,295,-0.04470957291189566,0.019339898423397284,0.019339898423397284,0.27628426319138977,unverified_statistical_tier2_pool,False
62841,PoTaTO,9,9,1,duelist,2026,7416,47739|62842|62843,-0.029705,47739,9,1.0,0,342,-0.047447091887610926,0.03805289861419836,0.03805289861419836,0.422809984602204,unverified_statistical_tier2_pool,False
62842,69gunner,9,9,1,duelist,2026,7416,47739|62841|62843,-0.029705,47739,9,1.0,0,342,-0.047447091887610926,0.03805289861419836,0.03805289861419836,0.422809984602204,unverified_statistical_tier2_pool,False
62843,gates of olympus,9,9,1,initiator,2026,7416,47739|62841|62842,-0.029705,47739,9,1.0,0,238,-0.03895063454622416,0.019840432846262412,0.019840432846262412,0.22044925384736014,unverified_statistical_tier2_pool,False
62844,muthlab enjoyer,7,7,1,controller,2026,7416,,-0.001721,47739,7,1.0,0,295,-0.04470957291189566,0.07118332492425189,0.07118332492425189,1.016904641775027,unverified_statistical_tier2_pool,False
62845,Cry me a river,6,6,1,sentinel,2026,7416,62846|62847|62848|62849,-0.022381,62846,6,1.0,0,121,-0.034884002137719895,0.01836809248625132,0.01836809248625132,0.3061348747708553,unverified_statistical_tier2_pool,False
62846,s1lent,6,6,1,controller,2026,7416,62845|62847|62848|62849,-0.022381,62845,6,1.0,0,295,-0.04470957291189566,0.032784396561409634,0.032784396561409634,0.5464066093568273,unverified_statistical_tier2_pool,False
62847,Azrael,6,6,1,initiator,2026,7416,62845|62846|62848|62849,-0.022381,62845,6,1.0,0,238,-0.03895063454622416,0.024336746258777298,0.024336746258777298,0.40561243764628835,unverified_statistical_tier2_pool,False
62848,Flickzz,6,6,1,duelist,2026,7416,62845|62846|62847|62849,-0.022381,62845,6,1.0,0,342,-0.047447091887610926,0.036797981683742764,0.036797981683742764,0.613299694729046,unverified_statistical_tier2_pool,False
62849,Embrace It,6,6,1,duelist,2026,7416,62845|62846|62847|62848,-0.022381,62845,6,1.0,0,342,-0.047447091887610926,0.036797981683742764,0.036797981683742764,0.613299694729046,unverified_statistical_tier2_pool,False
62850,Jerk,1,1,1,initiator,2026,7416,,0.015545,24820,1,1.0,0,238,-0.03895063454622416,0.01358764453454464,0.01358764453454464,1.358764453454464,unverified_statistical_tier2_pool,False
62851,Zipline,21,21,1,controller,2026,7416,60739|62852|62853,-0.006142,60739,21,1.0,0,294,-0.044975080437388744,0.20219382440017908,0.20219382440017908,0.962827735238948,unverified_statistical_tier2_pool,False
62852,V1Ren,21,21,1,controller,2026,7416,60739|62851|62853,-0.006142,60739,21,1.0,0,294,-0.044975080437388744,0.20219382440017908,0.20219382440017908,0.962827735238948,unverified_statistical_tier2_pool,False
62853,DhruvxBot,21,21,1,duelist,2026,7416,60739|62851|62852,-0.006142,60739,21,1.0,0,341,-0.047602989289219654,0.2158620040417022,0.2158620040417022,1.0279143049604866,unverified_statistical_tier2_pool,False
62854,Raptor,16,16,1,initiator,2026,7416,51617,0.004471,51617,16,1.0,0,237,-0.03920609411965029,0.17262640711172994,0.17262640711172994,1.0789150444483122,unverified_statistical_tier2_pool,False
62855,Vexyy,5,5,1,duelist,2026,7416,60126|60738,0.010697,51617,5,1.0,0,342,-0.047447091887610926,0.07241186884738238,0.07241186884738238,1.4482373769476475,unverified_statistical_tier2_pool,False
62856,strawberry,4,4,1,initiator,2026,7416,47751|51555|62857,0.003248,47751,4,1.0,0,238,-0.03895063454622416,0.04142048504587931,0.04142048504587931,1.0355121261469826,unverified_statistical_tier2_pool,False
62857,arzvak,4,4,1,sentinel,2026,7416,47751|51555|62856,0.003248,47751,4,1.0,0,121,-0.034884002137719895,0.03743341983890153,0.03743341983890153,0.9358354959725381,unverified_statistical_tier2_pool,False
62858,HeadshotAccident,2,2,1,sentinel,2026,7416,10761|11886|24839|62859,-0.019635,10761,2,1.0,0,121,-0.034884002137719895,0.006326130925761009,0.006326130925761009,0.31630654628805044,unverified_statistical_tier2_pool,False
62859,Atomix,2,2,1,controller,2026,7416,10761|11886|24839|62858,-0.019635,10761,2,1.0,0,295,-0.04470957291189566,0.0103811187377853,0.0103811187377853,0.519055936889265,unverified_statistical_tier2_pool,False
62860,RXDirewolf,2,2,1,sentinel,2026,7416,60148|60149|60165|62861,-0.00118,60148,2,1.0,0,121,-0.034884002137719895,0.01682711088363298,0.01682711088363298,0.8413555441816489,unverified_statistical_tier2_pool,False
62861,Ab,2,2,1,duelist,2026,7416,60148|60149|60165|62860,-0.00118,60148,2,1.0,0,342,-0.047447091887610926,0.02310266377494702,0.02310266377494702,1.1551331887473508,unverified_statistical_tier2_pool,False
62862,Attack on towers,5,5,1,duelist,2026,7416,51597|51634|62863|62864,-0.017224,51597,5,1.0,0,342,-0.047447091887610926,0.03775160372769337,0.03775160372769337,0.7550320745538674,unverified_statistical_tier2_pool,False
62863,ItsBlank,5,5,1,controller,2026,7416,51597|51634|62862|62864,-0.017224,51597,5,1.0,0,295,-0.04470957291189566,0.03433230302242313,0.03433230302242313,0.6866460604484625,unverified_statistical_tier2_pool,False
62864,Suho Kim,5,5,1,controller,2026,7416,51597|51634|62862|62863,-0.017224,51597,5,1.0,0,295,-0.04470957291189566,0.03433230302242313,0.03433230302242313,0.6866460604484625,unverified_statistical_tier2_pool,False
62865,senaRio,5,5,1,sentinel,2026,7416,51593|51596|51626|53493,0.018451,51593,5,1.0,0,121,-0.034884002137719895,0.06550833440811754,0.06550833440811754,1.3101666881623508,unverified_statistical_tier2_pool,False
62866,Levi,4,4,1,controller,2026,7416,52797|62867|62869,-0.002567,52797,4,1.0,0,295,-0.04470957291189566,0.04194924196905914,0.04194924196905914,1.0487310492264785,unverified_statistical_tier2_pool,False
62867,Kiritooo,4,4,1,sentinel,2026,7416,52797|62866|62869,-0.002567,52797,4,1.0,0,121,-0.034884002137719895,0.03216459417185069,0.03216459417185069,0.8041148542962673,unverified_statistical_tier2_pool,False
62868,SCΛR,2,2,1,initiator,2026,7416,,-0.032628,52797,2,1.0,0,238,-0.03895063454622416,0.0031578364926271862,0.0031578364926271862,0.1578918246313593,unverified_statistical_tier2_pool,False
62869,Ashborn,4,4,1,initiator,2026,7416,52797|62866|62867,-0.002567,52797,4,1.0,0,238,-0.03895063454622416,0.03621405471780237,0.03621405471780237,0.9053513679450592,unverified_statistical_tier2_pool,False
62870,Martin,3,3,1,controller,2026,7416,,-0.017588,60674,3,1.0,0,295,-0.04470957291189566,0.020323823126922158,0.020323823126922158,0.6774607708974053,unverified_statistical_tier2_pool,False
62871,d3vanshfps,5,5,1,sentinel,2026,7416,60674|62872|62873,0.011513,60674,5,1.0,0,121,-0.034884002137719895,0.05766313495142544,0.05766313495142544,1.1532626990285089,unverified_statistical_tier2_pool,False
62872,MhAtrE,5,5,1,sentinel,2026,7416,60674|62871|62873,0.011513,60674,5,1.0,0,121,-0.034884002137719895,0.05766313495142544,0.05766313495142544,1.1532626990285089,unverified_statistical_tier2_pool,False
62873,d0mvlr,5,5,1,duelist,2026,7416,60674|62871|62872,0.011513,60674,5,1.0,0,342,-0.047447091887610926,0.0732967452531984,0.0732967452531984,1.465934905063968,unverified_statistical_tier2_pool,False
62874,FURYY,1,1,1,duelist,2026,7416,,-0.015216,47098,1,1.0,0,342,-0.047447091887610926,0.007988676374230674,0.007988676374230674,0.7988676374230674,unverified_statistical_tier2_pool,False
62875,howaboutn0,2,2,1,sentinel,2026,7416,47098|47753|59715,-0.031133,47098,2,1.0,0,121,-0.034884002137719895,0.0018669915840784368,0.0018669915840784368,0.09334957920392184,unverified_statistical_tier2_pool,False
62876,igoontoher,1,1,1,duelist,2026,7416,,-0.015916,47098,1,1.0,0,342,-0.047447091887610926,0.007862647066684658,0.007862647066684658,0.7862647066684658,unverified_statistical_tier2_pool,False
62877,peri peri,2,2,1,sentinel,2026,7416,36886|45150|54723|56908,-0.030871,36886,2,1.0,0,121,-0.034884002137719895,0.0019953800507702124,0.0019953800507702124,0.09976900253851062,unverified_statistical_tier2_pool,False
62878,Neha,2,2,1,duelist,2026,7416,3865|62879|62880|62881,-0.02648,3865,2,1.0,0,342,-0.047447091887610926,0.01002597059754462,0.01002597059754462,0.501298529877231,unverified_statistical_tier2_pool,False
62879,Killua,2,2,1,initiator,2026,7416,3865|62878|62880|62881,-0.02648,3865,2,1.0,0,238,-0.03895063454622416,0.0059685370347590805,0.0059685370347590805,0.298426851737954,unverified_statistical_tier2_pool,False
62880,Fanom,2,2,1,sentinel,2026,7416,3865|62878|62879|62881,-0.02648,3865,2,1.0,0,121,-0.034884002137719895,0.004023978073484258,0.004023978073484258,0.2011989036742129,unverified_statistical_tier2_pool,False
62881,GOKU69,2,2,1,duelist,2026,7416,3865|62878|62879|62880,-0.02648,3865,2,1.0,0,342,-0.047447091887610926,0.01002597059754462,0.01002597059754462,0.501298529877231,unverified_statistical_tier2_pool,False
62884,Kratos,2,2,1,duelist,2026,7416,21324,-0.032479,21324,2,1.0,0,342,-0.047447091887610926,0.007354205354113352,0.007354205354113352,0.3677102677056676,unverified_statistical_tier2_pool,False
62886,hurricane,2,2,1,controller,2026,7416,62887|62888|62889|62890,-0.020913,62887,2,1.0,0,295,-0.04470957291189566,0.01021236627300115,0.01021236627300115,0.5106183136500575,unverified_statistical_tier2_pool,False
62887,TurretDestroyer,2,2,1,initiator,2026,7416,62886|62888|62889|62890,-0.020913,62886,2,1.0,0,238,-0.03895063454622416,0.007749291402804448,0.007749291402804448,0.3874645701402224,unverified_statistical_tier2_pool,False
62888,SAM,2,2,1,duelist,2026,7416,62886|62887|62889|62890,-0.020913,62886,2,1.0,0,342,-0.047447091887610926,0.011381301890220075,0.011381301890220075,0.5690650945110037,unverified_statistical_tier2_pool,False
62889,Nexus,2,2,1,duelist,2026,7416,62886|62887|62888|62890,-0.020913,62886,2,1.0,0,342,-0.047447091887610926,0.011381301890220075,0.011381301890220075,0.5690650945110037,unverified_statistical_tier2_pool,False
62890,ZXR,2,2,1,sentinel,2026,7416,62886|62887|62888|62889,-0.020913,62886,2,1.0,0,121,-0.034884002137719895,0.006006771845278369,0.006006771845278369,0.30033859226391846,unverified_statistical_tier2_pool,False
62891,Lasthope4,3,3,1,controller,2026,7416,24812|62892|62893|62894,-0.016355,24812,3,1.0,0,295,-0.04470957291189566,0.02125579638033226,0.02125579638033226,0.7085265460110753,unverified_statistical_tier2_pool,False
62892,akku,3,3,1,sentinel,2026,7416,24812|62891|62893|62894,-0.016355,24812,3,1.0,0,121,-0.034884002137719895,0.013890899734031903,0.013890899734031903,0.46302999113439675,unverified_statistical_tier2_pool,False
62893,XENON,3,3,1,initiator,2026,7416,24812|62891|62892|62894,-0.016355,24812,3,1.0,0,238,-0.03895063454622416,0.01693925007224517,0.01693925007224517,0.564641669074839,unverified_statistical_tier2_pool,False
62894,I Miss Her,3,3,1,duelist,2026,7416,24812|62891|62892|62893,-0.016355,24812,3,1.0,0,342,-0.047447091887610926,0.023307507133894012,0.023307507133894012,0.7769169044631337,unverified_statistical_tier2_pool,False
62895,Art1st,5,5,2,duelist,2026,7416,,-0.048695,40948,3,0.6,2,342,-0.047447091887610926,-0.001550728096064491,-0.001550728096064491,-0.031014561921289818,unverified_statistical_tier2_pool,False
62896,Apocalypse,3,3,1,controller,2026,7416,40948|62897|62898,-0.015718,40948,3,1.0,0,295,-0.04470957291189566,0.021714164112453915,0.021714164112453915,0.7238054704151304,unverified_statistical_tier2_pool,False
62897,Modi,3,3,1,sentinel,2026,7416,40948|62896|62898,-0.015718,40948,3,1.0,0,121,-0.034884002137719895,0.014356942177079335,0.014356942177079335,0.4785647392359778,unverified_statistical_tier2_pool,False
62898,FireBalL,3,3,1,initiator,2026,7416,40948|62896|62897,-0.015718,40948,3,1.0,0,238,-0.03895063454622416,0.017402230502600036,0.017402230502600036,0.5800743500866679,unverified_statistical_tier2_pool,False
62899,NoMad,2,2,1,duelist,2026,7416,62900|62901|62902|62903,-0.028844,62900,2,1.0,0,342,-0.047447091887610926,0.009123781759527827,0.009123781759527827,0.45618908797639135,unverified_statistical_tier2_pool,False
62900,Mahika,2,2,1,controller,2026,7416,62899|62901|62902|62903,-0.028844,62899,2,1.0,0,295,-0.04470957291189566,0.007782675047216858,0.007782675047216858,0.3891337523608429,unverified_statistical_tier2_pool,False
62901,Arin,2,2,1,initiator,2026,7416,62899|62900|62902|62903,-0.028844,62899,2,1.0,0,238,-0.03895063454622416,0.004959707691542803,0.004959707691542803,0.24798538457714014,unverified_statistical_tier2_pool,False
62902,GurmaanSingh,2,2,1,sentinel,2026,7416,62899|62900|62901|62903,-0.028844,62899,2,1.0,0,121,-0.034884002137719895,0.0029649441760914996,0.0029649441760914996,0.14824720880457498,unverified_statistical_tier2_pool,False
62903,SicaN,2,2,1,duelist,2026,7416,62899|62900|62901|62902,-0.028844,62899,2,1.0,0,342,-0.047447091887610926,0.009123781759527827,0.009123781759527827,0.45618908797639135,unverified_statistical_tier2_pool,False
62904,ThatDude16,2,2,1,initiator,2026,7416,51583|62905|62906|62907,-0.025734,51583,2,1.0,0,238,-0.03895063454622416,0.006261280806413638,0.006261280806413638,0.3130640403206819,unverified_statistical_tier2_pool,False
62905,ProBot,2,2,1,initiator,2026,7416,51583|62904|62906|62907,-0.025734,51583,2,1.0,0,238,-0.03895063454622416,0.006261280806413638,0.006261280806413638,0.3130640403206819,unverified_statistical_tier2_pool,False
62906,shot deke gayab,2,2,1,controller,2026,7416,51583|62904|62905|62907,-0.025734,51583,2,1.0,0,295,-0.04470957291189566,0.008983556335121268,0.008983556335121268,0.4491778167560634,unverified_statistical_tier2_pool,False
62907,notyourßΔKΔ,2,2,1,sentinel,2026,7416,51583|62904|62905|62906,-0.025734,51583,2,1.0,0,121,-0.034884002137719895,0.004336771021975827,0.004336771021975827,0.21683855109879135,unverified_statistical_tier2_pool,False
62908,pomme,5,5,2,duelist,2026,7416,25330,-0.046333,25330,5,1.0,0,342,-0.047447091887610926,0.0013802426795095912,0.0013802426795095912,0.027604853590191825,unverified_statistical_tier2_pool,False
62909,scooty,3,3,1,sentinel,2026,7416,62910|62911,-0.013854,25330,3,1.0,0,121,-0.034884002137719895,0.01570911333437658,0.01570911333437658,0.523637111145886,unverified_statistical_tier2_pool,False
62910,Max surya,3,3,1,duelist,2026,7416,62909|62911,-0.013854,25330,3,1.0,0,342,-0.047447091887610926,0.0250834916434563,0.0250834916434563,0.8361163881152102,unverified_statistical_tier2_pool,False
62911,Zealous,3,3,1,initiator,2026,7416,62909|62910,-0.013854,25330,3,1.0,0,238,-0.03895063454622416,0.018744454914532027,0.018744454914532027,0.6248151638177343,unverified_statistical_tier2_pool,False
62912,BehindYouBro,2,2,1,duelist,2026,7416,40106|62913|62914|62915,-0.030061,40106,2,1.0,0,342,-0.047447091887610926,0.00860397305868743,0.00860397305868743,0.43019865293437154,unverified_statistical_tier2_pool,False
62913,ReignOfWrath,2,2,1,controller,2026,7416,40106|62912|62914|62915,-0.030061,40106,2,1.0,0,295,-0.04470957291189566,0.007250263220208664,0.007250263220208664,0.3625131610104332,unverified_statistical_tier2_pool,False
62914,Leo,2,2,1,initiator,2026,7416,40106|62912|62913|62915,-0.030061,40106,2,1.0,0,238,-0.03895063454622416,0.004401215871212005,0.004401215871212005,0.22006079356060027,unverified_statistical_tier2_pool,False
62915,DesTinY Pew Pew,2,2,1,duelist,2026,7416,40106|62912|62913|62914,-0.030061,40106,2,1.0,0,342,-0.047447091887610926,0.00860397305868743,0.00860397305868743,0.43019865293437154,unverified_statistical_tier2_pool,False
62916,cyboorg3,2,2,1,duelist,2026,7416,,0.030061,52797,2,1.0,0,342,-0.047447091887610926,0.03851233390354647,0.03851233390354647,1.9256166951773235,unverified_statistical_tier2_pool,False
62917,Rio,2,2,1,controller,2026,7416,51605|62918|62919|62920,-0.030521,51605,2,1.0,0,295,-0.04470957291189566,0.007030592287302517,0.007030592287302517,0.35152961436512586,unverified_statistical_tier2_pool,False
62918,Atomi6,2,2,1,initiator,2026,7416,51605|62917|62919|62920,-0.030521,51605,2,1.0,0,238,-0.03895063454622416,0.0041780971754890595,0.0041780971754890595,0.20890485877445297,unverified_statistical_tier2_pool,False
62919,ImaGine,2,2,1,controller,2026,7416,51605|62917|62918|62920,-0.030521,51605,2,1.0,0,295,-0.04470957291189566,0.007030592287302517,0.007030592287302517,0.35152961436512586,unverified_statistical_tier2_pool,False
62920,FlicK,2,2,1,sentinel,2026,7416,51605|62917|62918|62919,-0.030521,51605,2,1.0,0,121,-0.034884002137719895,0.0021629778111211806,0.0021629778111211806,0.10814889055605903,unverified_statistical_tier2_pool,False
62921,Hemtej,2,2,1,controller,2026,7416,62922|62923|62924|62925,-0.029102,62922,2,1.0,0,295,-0.04470957291189566,0.007672108363402874,0.007672108363402874,0.3836054181701437,unverified_statistical_tier2_pool,False
62922,Tan,2,2,1,duelist,2026,7416,62921|62923|62924|62925,-0.029102,62921,2,1.0,0,342,-0.047447091887610926,0.009016162874470768,0.009016162874470768,0.4508081437235384,unverified_statistical_tier2_pool,False
62923,F7ASH,2,2,1,initiator,2026,7416,62921|62922|62924|62925,-0.029102,62921,2,1.0,0,238,-0.03895063454622416,0.004843030704152318,0.004843030704152318,0.2421515352076159,unverified_statistical_tier2_pool,False
62924,smollmodda,2,2,1,sentinel,2026,7416,62921|62922|62923|62925,-0.029102,62921,2,1.0,0,121,-0.034884002137719895,0.0028440269271498564,0.0028440269271498564,0.14220134635749282,unverified_statistical_tier2_pool,False
62925,ZazzyXO,2,2,1,duelist,2026,7416,62921|62922|62923|62924,-0.029102,62921,2,1.0,0,342,-0.047447091887610926,0.009016162874470768,0.009016162874470768,0.4508081437235384,unverified_statistical_tier2_pool,False
62944,UDeaD,7,7,1,duelist,2026,7416,15264|15265|19007|40972,-0.031748,15264,7,1.0,0,342,-0.047447091887610926,0.026236982761038585,0.026236982761038585,0.37481403944340835,unverified_statistical_tier2_pool,False
62945,A n x i e t y,11,11,1,controller,2026,7416,3277|5540|8124|19301,-0.018441,3277,11,1.0,0,294,-0.044975080437388744,0.0696222220514977,0.0696222220514977,0.6329292913772518,unverified_statistical_tier2_pool,False
62946,XEBEC,4,4,1,sentinel,2026,7416,,-0.064219,40066,4,1.0,0,121,-0.034884002137719895,-0.029263626233073825,-0.029263626233073825,-0.7315906558268457,unverified_statistical_tier2_pool,False
62947,yilai,13,13,1,duelist,2026,7416,,-0.029147,4774,13,1.0,0,342,-0.047447091887610926,0.05868788485645765,0.05868788485645765,0.4514452681265973,unverified_statistical_tier2_pool,False
63004,Ye,4,4,1,unknown,2026,7416,56259|63005|63106,-0.056068,14254,4,1.0,0,0,,,,,unverified_statistical_tier2_pool,False
63005,superbigguo,4,4,1,unknown,2026,7416,56259|63004|63106,-0.056068,14254,4,1.0,0,0,,,,,unverified_statistical_tier2_pool,False
63006,DANG5,4,4,1,unknown,2026,7416,58028,-0.001615,36513,4,1.0,0,0,,,,,unverified_statistical_tier2_pool,False
63008,Yusung,3,3,1,sentinel,2026,7416,,-0.034993,4127,3,1.0,0,121,-0.034884002137719895,-7.229847059198047e-05,-7.229847059198047e-05,-0.0024099490197326823,unverified_statistical_tier2_pool,False
63093,dlak,5,5,1,controller,2026,7416,,-0.017259,46050,5,1.0,0,295,-0.04470957291189566,0.034141642173015796,0.034141642173015796,0.6828328434603159,unverified_statistical_tier2_pool,False
63106,Apathy,4,4,1,unknown,2026,7416,56259|63004|63005,-0.056068,14254,4,1.0,0,0,,,,,unverified_statistical_tier2_pool,False
63107,ra1ny,20,20,1,duelist,2026,7416,,-0.011794,4720,20,1.0,0,342,-0.047447091887610926,0.1707696959481012,0.1707696959481012,0.8538484797405059,unverified_statistical_tier2_pool,False
63152,meyern,9,9,1,controller,2026,7416,43905|43924|48862|59184,-0.05737,43905,9,1.0,0,295,-0.04470957291189566,-0.02766740726796879,-0.02766740726796879,-0.30741563631076435,unverified_statistical_tier2_pool,False
63153,sanpwee,5,5,1,duelist,2026,7416,9371|48011|50623|50625,-0.049764,9371,5,1.0,0,342,-0.047447091887610926,-0.0028842881625944505,-0.0028842881625944505,-0.05768576325188901,unverified_statistical_tier2_pool,False
63154,XoNs,30,30,2,duelist,2026,7416,,0.023786,34973,24,0.8,6,341,-0.047602989289219654,0.5099075987752671,0.5099075987752671,1.6996919959175572,unverified_statistical_tier2_pool,False
63180,wertlle,3,3,1,sentinel,2026,7416,24232|30733|44085|53353,-0.046771,24232,3,1.0,0,121,-0.034884002137719895,-0.008654143103064282,-0.008654143103064282,-0.28847143676880943,unverified_statistical_tier2_pool,False
63199,Esqetic,5,5,1,controller,2026,7416,59863|60782|63200|63201,-0.041742,59863,5,1.0,0,295,-0.04470957291189566,0.0036177588967264973,0.0036177588967264973,0.07235517793452995,unverified_statistical_tier2_pool,False
63200,noasZ,5,5,1,controller,2026,7416,59863|60782|63199|63201,-0.041742,59863,5,1.0,0,295,-0.04470957291189566,0.0036177588967264973,0.0036177588967264973,0.07235517793452995,unverified_statistical_tier2_pool,False
63201,juny,5,5,1,duelist,2026,7416,59863|60782|63199|63200,-0.041742,59863,5,1.0,0,342,-0.047447091887610926,0.006954120829231802,0.006954120829231802,0.13908241658463605,unverified_statistical_tier2_pool,False
63203,dekspook,9,9,1,controller,2026,7416,6544|23278|61044|61045,0.003378,6544,9,1.0,0,295,-0.04470957291189566,0.10745844998640364,0.10745844998640364,1.1939827776267071,unverified_statistical_tier2_pool,False
63204,Joe Goldberg,4,4,1,initiator,2026,7416,,-0.001625,37705,4,1.0,0,238,-0.03895063454622416,0.03729327121044779,0.03729327121044779,0.9323317802611947,unverified_statistical_tier2_pool,False
63215,joe goldberg,2,2,1,sentinel,2026,7416,,-0.030432,37705,2,1.0,0,121,-0.034884002137719895,0.0021974889871969605,0.0021974889871969605,0.10987444935984803,unverified_statistical_tier2_pool,False
63493,Panda,4,4,1,unknown,2026,7416,,0.057683,4666,4,1.0,0,0,,,,,unverified_statistical_tier2_pool,False
63512,kztnotrui,17,17,1,duelist,2026,7416,,-0.033464,7176,17,1.0,0,341,-0.047602989289219654,0.056984634105055276,0.056984634105055276,0.3352037300297369,unverified_statistical_tier2_pool,False
63666,Matkazeta,25,25,2,duelist,2026,7416,,0.027716,24021,25,1.0,0,341,-0.047602989289219654,0.44845413110874716,0.44845413110874716,1.7938165244349886,unverified_statistical_tier2_pool,False
63725,aiwas,6,6,1,duelist,2026,7416,,-0.07559,57995,6,1.0,0,342,-0.047447091887610926,-0.03657175509950175,-0.03657175509950175,-0.6095292516583625,unverified_statistical_tier2_pool,False
63726,koszer,5,5,1,duelist,2026,7416,,-0.030529,4540,5,1.0,0,342,-0.047447091887610926,0.019424402875978686,0.019424402875978686,0.3884880575195737,unverified_statistical_tier2_pool,False
64029,FT,33,33,2,duelist,2026,7416,,-0.032163,4774,27,0.8181818181818182,6,342,-0.047447091887610926,0.12412298218445983,0.12412298218445983,0.37613024904381764,unverified_statistical_tier2_pool,False
64134,WexijZX,5,5,1,sentinel,2026,7416,44139|64135,-0.057142,44139,5,1.0,0,121,-0.034884002137719895,-0.027797526462659483,-0.027797526462659483,-0.5559505292531897,unverified_statistical_tier2_pool,False
64135,Rai Caa,5,5,1,duelist,2026,7416,44139|64134,-0.057142,44139,5,1.0,0,342,-0.047447091887610926,-0.01210823078998352,-0.01210823078998352,-0.2421646157996704,unverified_statistical_tier2_pool,False
64286,xirxia,2,2,1,duelist,2026,7416,,-0.028439,20538,2,1.0,0,342,-0.047447091887610926,0.008862651473390437,0.008862651473390437,0.44313257366952186,unverified_statistical_tier2_pool,False
64340,Lokii,2,2,1,sentinel,2026,7416,,-0.030553,17010,2,1.0,0,121,-0.034884002137719895,0.0021151869281905156,0.0021151869281905156,0.10575934640952578,unverified_statistical_tier2_pool,False
64512,Tacobencota,2,2,1,duelist,2026,7416,,-0.03724,44139,2,1.0,0,342,-0.047447091887610926,0.0050949026578303025,0.0050949026578303025,0.2547451328915151,unverified_statistical_tier2_pool,False
64692,kiersaz,4,4,1,duelist,2026,7416,,0.06064,10738,4,1.0,0,342,-0.047447091887610926,0.10526810178718904,0.10526810178718904,2.631702544679726,unverified_statistical_tier2_pool,False
64693,Xeno,5,5,1,initiator,2026,7416,51603,-0.013803,24329,5,1.0,0,238,-0.03895063454622416,0.03121450005673604,0.03121450005673604,0.6242900011347208,unverified_statistical_tier2_pool,False
64694,YΛSH,11,11,1,controller,2026,7416,51549,-0.006226,51549,11,1.0,0,294,-0.044975080437388744,0.10492908530652073,0.10492908530652073,0.9539007755138248,unverified_statistical_tier2_pool,False
64695,Zodiac,4,4,1,duelist,2026,7416,,0.032688,4037,4,1.0,0,342,-0.047447091887610926,0.0797550508965727,0.0797550508965727,1.9938762724143175,unverified_statistical_tier2_pool,False
64696,MisF0rtunE,4,4,1,initiator,2026,7416,,0.007965,60151,4,1.0,0,238,-0.03895063454622416,0.0452934326945561,0.0452934326945561,1.1323358173639027,unverified_statistical_tier2_pool,False
64697,Phantom,3,3,1,initiator,2026,7416,48054,-0.018929,41834,3,1.0,0,238,-0.03895063454622416,0.015002448537843605,0.015002448537843605,0.5000816179281201,unverified_statistical_tier2_pool,False
64698,final boss,2,2,1,duelist,2026,7416,60188|64699|64700,-0.032977,60188,2,1.0,0,342,-0.047447091887610926,0.007134006013392813,0.007134006013392813,0.35670030066964065,unverified_statistical_tier2_pool,False
64699,phoT0N,2,2,1,initiator,2026,7416,60188|64698|64700,-0.032977,60188,2,1.0,0,238,-0.03895063454622416,0.0029464426059874205,0.0029464426059874205,0.14732213029937102,unverified_statistical_tier2_pool,False
64700,Kelzier,2,2,1,controller,2026,7416,60188|64698|64699,-0.032977,60188,2,1.0,0,295,-0.04470957291189566,0.0057852519536673586,0.0057852519536673586,0.28926259768336793,unverified_statistical_tier2_pool,False
64701,pissbaby,2,2,1,duelist,2026,7416,47745|51657|64702,-0.035879,47745,2,1.0,0,342,-0.047447091887610926,0.005775840224126305,0.005775840224126305,0.28879201120631526,unverified_statistical_tier2_pool,False
64702,jin,2,2,1,controller,2026,7416,47745|51657|64701,-0.035879,47745,2,1.0,0,295,-0.04470957291189566,0.004409295937829516,0.004409295937829516,0.2204647968914758,unverified_statistical_tier2_pool,False
64734,Rody,8,8,2,controller,2026,7416,,0.054276,48908,8,1.0,0,295,-0.04470957291189566,0.19191331066373235,0.19191331066373235,2.3989163832966542,unverified_statistical_tier2_pool,False
64735,YzaE,20,20,2,duelist,2026,7416,48908|64736,-0.069944,48908,20,1.0,0,341,-0.046979399682784743,-0.10556271351015298,-0.10556271351015298,-0.5278135675507649,unverified_statistical_tier2_pool,False
64736,Kitsch,20,20,2,controller,2026,7416,48908|64735,-0.069944,48908,20,1.0,0,294,-0.04401135369692863,-0.11924353682952937,-0.11924353682952937,-0.5962176841476469,unverified_statistical_tier2_pool,False
64737,wish,2,2,1,duelist,2026,7416,64738,-0.03596,10642,2,1.0,0,342,-0.047447091887610926,0.005733472679443907,0.005733472679443907,0.28667363397219536,unverified_statistical_tier2_pool,False
64738,Fr1ght,2,2,1,controller,2026,7416,64737,-0.03596,10642,2,1.0,0,295,-0.04470957291189566,0.004367306715140518,0.004367306715140518,0.21836533575702588,unverified_statistical_tier2_pool,False
64739,rsd,23,23,2,sentinel,2026,7416,64740|64741|64742,-0.074529,64740,23,1.0,0,120,-0.034467022381013575,-0.20941675262657217,-0.20941675262657217,-0.9105076201155312,unverified_statistical_tier2_pool,False
64740,Taegeuk,23,23,2,controller,2026,7416,64739|64741|64742,-0.074529,64739,23,1.0,0,294,-0.04401135369692863,-0.15936411261966862,-0.15936411261966862,-0.6928874461724722,unverified_statistical_tier2_pool,False
64741,Beom,23,23,2,duelist,2026,7416,64739|64740|64742,-0.074529,64739,23,1.0,0,341,-0.046979399682784743,-0.14381918646989478,-0.14381918646989478,-0.6253008107386729,unverified_statistical_tier2_pool,False
64742,YJ,23,23,2,duelist,2026,7416,64739|64740|64741,-0.074529,64739,23,1.0,0,341,-0.046979399682784743,-0.14381918646989478,-0.14381918646989478,-0.6253008107386729,unverified_statistical_tier2_pool,False
64747,Kylerr,12,12,1,duelist,2026,7416,43029|43093|47474|64748,-0.067834,43029,12,1.0,0,341,-0.046979399682784743,-0.05879781225937744,-0.05879781225937744,-0.48998176882814537,unverified_statistical_tier2_pool,False
64748,Hisuy,12,12,1,duelist,2026,7416,43029|43093|47474|64747,-0.067834,43029,12,1.0,0,341,-0.046979399682784743,-0.05879781225937744,-0.05879781225937744,-0.48998176882814537,unverified_statistical_tier2_pool,False
64749,Yota,12,12,1,sentinel,2026,7416,43090|49326|50758|64752,-0.055089,43090,12,1.0,0,120,-0.034467022381013575,-0.06109501274796808,-0.06109501274796808,-0.5091251062330674,unverified_statistical_tier2_pool,False
64752,ショットガン脇田,12,12,1,duelist,2026,7416,43090|49326|50758|64749,-0.055089,43090,12,1.0,0,341,-0.046979399682784743,-0.0240126530086035,-0.0240126530086035,-0.20010544173836253,unverified_statistical_tier2_pool,False
64753,Shimons,14,14,1,initiator,2026,7416,,-0.02426,58538,14,1.0,0,237,-0.03920609411965029,0.051934743284881346,0.051934743284881346,0.3709624520348668,unverified_statistical_tier2_pool,False
64755,Aho,11,11,1,sentinel,2026,7416,54016|58193|58194|58195,-0.057517,54016,11,1.0,0,120,-0.034467022381013575,-0.059560838036253755,-0.059560838036253755,-0.5414621639659433,unverified_statistical_tier2_pool,False
64849,Sharks,2,2,1,duelist,2026,7416,,0.042414,22047,2,1.0,0,342,-0.047447091887610926,0.04492130744910633,0.04492130744910633,2.2460653724553166,unverified_statistical_tier2_pool,False
64969,crownfisher,39,39,1,controller,2026,7416,,-0.020081,3519,39,1.0,0,295,-0.04470957291189566,0.2307056510344963,0.2307056510344963,0.5915529513705033,unverified_statistical_tier2_pool,False
65194,LAT Gen08,2,2,1,controller,2026,7416,,-0.020782,740,2,1.0,0,295,-0.04470957291189566,0.009357447456528334,0.009357447456528334,0.4678723728264167,unverified_statistical_tier2_pool,False
65389,skuzy,12,12,1,sentinel,2026,7416,,-0.124221,48908,12,1.0,0,120,-0.034467022381013575,-0.23967207678798827,-0.23967207678798827,-1.9972673065665687,unverified_statistical_tier2_pool,False
65392,Ease,5,5,1,controller,2026,7416,,-0.051828,2700,5,1.0,0,295,-0.04470957291189566,-0.008835303803294225,-0.008835303803294225,-0.1767060760658845,unverified_statistical_tier2_pool,False
65394,Akira,4,4,1,controller,2026,7416,,-0.062745,29629,4,1.0,0,295,-0.04470957291189566,-0.01707707595286273,-0.01707707595286273,-0.42692689882156826,unverified_statistical_tier2_pool,False
65396,Sane,5,5,1,sentinel,2026,7416,,0.039467,6998,5,1.0,0,121,-0.034884002137719895,0.08975971179510511,0.08975971179510511,1.7951942359021023,unverified_statistical_tier2_pool,False
65401,Spare5,5,5,1,duelist,2026,7416,,-0.031107,48948,5,1.0,0,342,-0.047447091887610926,0.018632296801427584,0.018632296801427584,0.37264593602855167,unverified_statistical_tier2_pool,False
65402,msh,5,5,1,sentinel,2026,7416,,-0.047265,9556,5,1.0,0,121,-0.034884002137719895,-0.015246939023684958,-0.015246939023684958,-0.30493878047369916,unverified_statistical_tier2_pool,False
65403,demonn,4,4,1,initiator,2026,7416,,-0.066565,4540,4,1.0,0,238,-0.03895063454622416,-0.02681880311379825,-0.02681880311379825,-0.6704700778449563,unverified_statistical_tier2_pool,False
66119,X1He,2,2,1,sentinel,2026,7416,6024|66120,-0.026158,6024,2,1.0,0,121,-0.034884002137719895,0.004045128659239894,0.004045128659239894,0.2022564329619947,unverified_statistical_tier2_pool,False
66120,SG,2,2,1,controller,2026,7416,6024|66119,-0.026158,6024,2,1.0,0,295,-0.04470957291189566,0.008588715963699811,0.008588715963699811,0.42943579818499056,unverified_statistical_tier2_pool,False
