match_id,map_id,played_at_utc,event_id,team_id,team_name,lineup_ids,source_url,previous_map_id,previous_observed_at_utc,previous_lineup_ids,players_in,players_out,status
318911,164091,2024-04-03 11:00:00,1998,14419,GIANTX,292|1427|1885|2690|4181,https://www.vlr.gg/318911/karmine-corp-vs-giantx-champions-tour-2024-emea-stage-1-w1,156083,2024-02-22 13:10:00,292|1427|2690|3070|4181,1885,3070,observed_lineup_change_not_verified_signing
318914,164097,2024-04-04 11:00:00,1998,2059,Team Vitality,312|2168|4321|11134|21610,https://www.vlr.gg/318914/team-vitality-vs-natus-vincere-champions-tour-2024-emea-stage-1-w1,161392,2024-02-26 10:45:00,312|1615|4321|11134|21610,2168,1615,observed_lineup_change_not_verified_signing
319765,164237,2024-04-05 05:00:00,2006,731,TYLOO,4705|4771|4773|7135|14444,https://www.vlr.gg/319765/bilibili-gaming-vs-tyloo-champions-tour-2024-china-stage-1-w1,157894,2024-02-24 04:00:00,3045|3547|4771|4773|7135,4705|14444,3045|3547,observed_lineup_change_not_verified_signing
319766,164240,2024-04-05 08:10:00,2006,14137,Titan Esports Club,488|4778|5011|14445|25339,https://www.vlr.gg/319766/wolves-esports-vs-titan-esports-club-champions-tour-2024-china-stage-1-w1,157950,2024-02-27 05:35:00,488|4778|5011|19531|25339,14445,19531,observed_lineup_change_not_verified_signing
319767,164243,2024-04-06 05:00:00,2006,11981,Dragon Ranger Gaming,3741|4880|7841|11524|41774,https://www.vlr.gg/319767/dragon-ranger-gaming-vs-all-gamers-champions-tour-2024-china-stage-1-w1,157956,2024-03-01 04:00:00,3741|4880|7841|11524|42513,41774,42513,observed_lineup_change_not_verified_signing
314302,163152,2024-04-06 07:00:00,2002,8185,KIWOOM DRX,485|804|4462|4678|11600,https://www.vlr.gg/314302/team-secret-vs-drx-champions-tour-2024-pacific-stage-1-w1,155772,2024-02-24 05:25:00,485|804|4462|11600|35013,4678,35013,observed_lineup_change_not_verified_signing
319768,164246,2024-04-06 08:45:00,2006,13576,JD Gaming,4320|10486|16924|36415|36668,https://www.vlr.gg/319768/edward-gaming-vs-jd-gaming-champions-tour-2024-china-stage-1-w1,157913,2024-02-26 04:05:00,3519|4320|16924|36415|36668,10486,3519,observed_lineup_change_not_verified_signing
314622,163351,2024-04-06 17:00:00,2004,188,Cloud9,7458|7870|7871|16003|18796,https://www.vlr.gg/314622/cloud9-vs-leviat-n-champions-tour-2024-americas-stage-1-w1,153735,2024-02-25 15:00:00,4373|7870|7871|8742|18796,7458|16003,4373|8742,observed_lineup_change_not_verified_signing
314303,163155,2024-04-07 04:00:00,2002,6387,BLEED,772|881|2361|4382|9152,https://www.vlr.gg/314303/bleed-vs-talon-esports-champions-tour-2024-pacific-stage-1-w1,155140,2024-02-19 04:15:00,881|1430|2362|4382|9152,772|2361,1430|2362,observed_lineup_change_not_verified_signing
314303,163155,2024-04-07 04:00:00,2002,8304,TALON,3977|3980|5129|13788|23062,https://www.vlr.gg/314303/bleed-vs-talon-esports-champions-tour-2024-pacific-stage-1-w1,155127,2024-02-21 04:30:00,3977|3980|5129|8137|13788,23062,8137,observed_lineup_change_not_verified_signing
319769,164249,2024-04-07 05:00:00,2006,12064,Nova Esports,1209|4402|36670|39697|41054,https://www.vlr.gg/319769/nova-esports-vs-trace-esports-champions-tour-2024-china-stage-1-w1,157897,2024-02-26 02:00:00,4402|4727|36670|39697|41054,1209,4727,observed_lineup_change_not_verified_signing
319769,164249,2024-04-07 05:00:00,2006,12685,Trace Esports,3045|4710|4712|4770|37494,https://www.vlr.gg/319769/nova-esports-vs-trace-esports-champions-tour-2024-china-stage-1-w1,157959,2024-03-01 06:15:00,4705|4710|4712|4770|37494,3045,4705,observed_lineup_change_not_verified_signing
314304,163158,2024-04-07 07:15:00,2002,624,Paper Rex,7378|9800|9801|9803|17086,https://www.vlr.gg/314304/t1-vs-paper-rex-champions-tour-2024-pacific-stage-1-w1,162356,2024-03-23 11:00:00,8497|9800|9801|9803|17086,7378,8497,observed_lineup_change_not_verified_signing
314624,163357,2024-04-07 17:00:00,2004,11058,G2 Esports,3885|4581|7873|8402|15500,https://www.vlr.gg/314624/g2-esports-vs-evil-geniuses-champions-tour-2024-americas-stage-1-w1,161405,2024-02-26 20:55:00,3885|4581|6582|7873|15500,8402,6582,observed_lineup_change_not_verified_signing
314626,163363,2024-04-08 17:00:00,2004,2355,KRÜ Esports,1311|2462|2610|8673|24007,https://www.vlr.gg/314626/kr-esports-vs-furia-champions-tour-2024-americas-stage-1-w1,153765,2024-02-25 20:55:00,1311|2462|2610|24007|36169,8673,36169,observed_lineup_change_not_verified_signing
314626,163363,2024-04-08 17:00:00,2004,2406,FURIA,725|939|1671|1711|8706,https://www.vlr.gg/314626/kr-esports-vs-furia-champions-tour-2024-americas-stage-1-w1,153732,2024-02-19 17:00:00,939|1671|1711|2567|8706,725,2567,observed_lineup_change_not_verified_signing
314307,163168,2024-04-09 04:00:00,2002,8304,TALON,3977|3980|5129|8137|13788,https://www.vlr.gg/314307/gen-g-vs-talon-esports-champions-tour-2024-pacific-stage-1-w1,163167,2024-04-09 04:00:00,3977|3980|5129|13788|23062,8137,23062,observed_lineup_change_not_verified_signing
314314,163188,2024-04-15 06:10:00,2002,8304,TALON,3977|3980|5129|13788|23062,https://www.vlr.gg/314314/global-esports-vs-talon-esports-champions-tour-2024-pacific-stage-1-w2,163168,2024-04-09 04:00:00,3977|3980|5129|8137|13788,23062,8137,observed_lineup_change_not_verified_signing
319780,164282,2024-04-20 07:40:00,2006,13576,JD Gaming,3519|10486|16924|36415|36668,https://www.vlr.gg/319780/dragon-ranger-gaming-vs-jd-gaming-champions-tour-2024-china-stage-1-w3,164257,2024-04-12 05:00:00,4320|10486|16924|36415|36668,3519,4320,observed_lineup_change_not_verified_signing
314319,163203,2024-04-21 04:00:00,2002,878,Rex Regum Qeon,4871|7045|7764|9735|24895,https://www.vlr.gg/314319/global-esports-vs-rex-regum-qeon-champions-tour-2024-pacific-stage-1-w3,163192,2024-04-16 04:00:00,4871|7045|7764|24895|25025,9735,25025,observed_lineup_change_not_verified_signing
314321,163209,2024-04-22 04:00:00,2002,8304,TALON,3977|3980|5129|8137|13788,https://www.vlr.gg/314321/t1-vs-talon-esports-champions-tour-2024-pacific-stage-1-w3,163190,2024-04-15 06:10:00,3977|3980|5129|13788|23062,8137,23062,observed_lineup_change_not_verified_signing
314321,163210,2024-04-22 04:00:00,2002,8304,TALON,3977|3980|5129|13788|23062,https://www.vlr.gg/314321/t1-vs-talon-esports-champions-tour-2024-pacific-stage-1-w3,163209,2024-04-22 04:00:00,3977|3980|5129|8137|13788,23062,8137,observed_lineup_change_not_verified_signing
318930,164145,2024-04-24 11:00:00,1998,1001,Team Heretics,1144|10971|18350|21328|29873,https://www.vlr.gg/318930/team-liquid-vs-team-heretics-champions-tour-2024-emea-stage-1-w4,164134,2024-04-18 11:00:00,309|1144|10971|18350|29873,21328,309,observed_lineup_change_not_verified_signing
319783,164291,2024-04-26 05:00:00,2006,12010,Bilibili Gaming,3021|4774|4885|6022|40845,https://www.vlr.gg/319783/titan-esports-club-vs-bilibili-gaming-champions-tour-2024-china-stage-1-w4,164280,2024-04-20 05:00:00,3021|4774|4885|6022|25329,40845,25329,observed_lineup_change_not_verified_signing
319787,164303,2024-04-28 05:00:00,2006,12064,Nova Esports,1209|4402|4727|39697|41054,https://www.vlr.gg/319787/all-gamers-vs-nova-esports-champions-tour-2024-china-stage-1-w4,164287,2024-04-21 05:00:00,1209|4402|36670|39697|41054,4727,36670,observed_lineup_change_not_verified_signing
314328,163230,2024-04-28 07:10:00,2002,8304,TALON,3977|3980|5129|8137|13788,https://www.vlr.gg/314328/team-secret-vs-talon-esports-champions-tour-2024-pacific-stage-1-w4,163210,2024-04-22 04:00:00,3977|3980|5129|13788|23062,8137,23062,observed_lineup_change_not_verified_signing
314328,163231,2024-04-28 07:10:00,2002,8304,TALON,3977|3980|5129|13788|23062,https://www.vlr.gg/314328/team-secret-vs-talon-esports-champions-tour-2024-pacific-stage-1-w4,163230,2024-04-28 07:10:00,3977|3980|5129|8137|13788,23062,8137,observed_lineup_change_not_verified_signing
314330,163236,2024-04-29 06:05:00,2002,878,Rex Regum Qeon,4871|7045|7764|24895|25025,https://www.vlr.gg/314330/gen-g-vs-rex-regum-qeon-champions-tour-2024-pacific-stage-1-w4,163204,2024-04-21 04:00:00,4871|7045|7764|9735|24895,25025,9735,observed_lineup_change_not_verified_signing
329908,167272,2024-05-03 06:10:00,2002,8304,TALON,3977|3980|5129|8137|13788,https://www.vlr.gg/329908/paper-rex-vs-talon-esports-champions-tour-2024-pacific-stage-1-ko,167270,2024-05-03 06:10:00,3977|3980|5129|13788|23062,8137,23062,observed_lineup_change_not_verified_signing
329908,169325,2024-05-03 06:10:00,2002,8304,TALON,3977|3980|5129|13788|23062,https://www.vlr.gg/329908/paper-rex-vs-talon-esports-champions-tour-2024-pacific-stage-1-ko,167272,2024-05-03 06:10:00,3977|3980|5129|8137|13788,23062,8137,observed_lineup_change_not_verified_signing
319793,164321,2024-05-05 05:00:00,2006,12064,Nova Esports,1209|4402|36670|39697|41054,https://www.vlr.gg/319793/nova-esports-vs-titan-esports-club-champions-tour-2024-china-stage-1-w5,164305,2024-04-28 05:00:00,1209|4402|4727|39697|41054,36670,4727,observed_lineup_change_not_verified_signing
348059,170630,2024-05-24 07:00:00,1999,1001,Team Heretics,309|1144|10971|21328|29873,https://www.vlr.gg/348059/team-heretics-vs-dragon-ranger-gaming-champions-tour-2024-masters-shanghai-r1,169389,2024-05-12 11:00:00,1144|10971|18350|21328|29873,309,18350,observed_lineup_change_not_verified_signing
314340,163239,2024-06-15 04:00:00,2005,8185,KIWOOM DRX,804|4462|4678|11600|35013,https://www.vlr.gg/314340/zeta-division-vs-drx-champions-tour-2024-pacific-stage-2-w1,167281,2024-05-05 06:00:00,485|804|4462|4678|11600,35013,485,observed_lineup_change_not_verified_signing
314341,163242,2024-06-15 06:40:00,2005,6199,Team Secret,2334|7405|8504|9735|9740,https://www.vlr.gg/314341/team-secret-vs-bleed-champions-tour-2024-pacific-stage-2-w1,167268,2024-05-03 04:00:00,2333|2334|7405|8504|12322,9735|9740,2333|12322,observed_lineup_change_not_verified_signing
314341,163242,2024-06-15 06:40:00,2005,6387,BLEED,772|1430|2361|4382|9152,https://www.vlr.gg/314341/team-secret-vs-bleed-champions-tour-2024-pacific-stage-2-w1,163234,2024-04-29 04:00:00,772|881|2361|4382|9152,1430,881,observed_lineup_change_not_verified_signing
359603,174900,2024-06-15 07:00:00,2096,13576,JD Gaming,3519|10486|16924|36415|41029,https://www.vlr.gg/359603/titan-esports-club-vs-jd-gaming-champions-tour-2024-china-stage-2-w1,164313,2024-05-03 07:00:00,3519|10486|16924|36415|36668,41029,36668,observed_lineup_change_not_verified_signing
314342,163245,2024-06-16 04:00:00,2005,14,T1,485|1129|4545|10816|29833,https://www.vlr.gg/314342/t1-vs-gen-g-champions-tour-2024-pacific-stage-2-w1,170772,2024-05-26 04:00:00,1129|4545|10816|29833|31207,485,31207,observed_lineup_change_not_verified_signing
359604,174903,2024-06-16 05:00:00,2096,731,TYLOO,3020|3547|4773|7135|39485,https://www.vlr.gg/359604/all-gamers-vs-tyloo-champions-tour-2024-china-stage-2-w1,164316,2024-05-04 05:00:00,4705|4771|4773|7135|14444,3020|3547|39485,4705|4771|14444,observed_lineup_change_not_verified_signing
359605,174906,2024-06-16 07:05:00,2096,12010,Bilibili Gaming,4705|4774|4885|6022|10698,https://www.vlr.gg/359605/bilibili-gaming-vs-wolves-esports-champions-tour-2024-china-stage-2-w1,164319,2024-05-04 07:30:00,3021|4774|4885|6022|40845,4705|10698,3021|40845,observed_lineup_change_not_verified_signing
359605,174906,2024-06-16 07:05:00,2096,13790,Wolves Esports,871|7849|11218|14125|14441,https://www.vlr.gg/359605/bilibili-gaming-vs-wolves-esports-champions-tour-2024-china-stage-2-w1,164313,2024-05-03 07:00:00,871|3020|11218|14125|14441,7849,3020,observed_lineup_change_not_verified_signing
314344,163251,2024-06-17 04:00:00,2005,878,Rex Regum Qeon,4871|7764|8497|24895|25025,https://www.vlr.gg/314344/rex-regum-qeon-vs-detonation-focusme-champions-tour-2024-pacific-stage-2-w1,163238,2024-04-29 06:05:00,4871|7045|7764|24895|25025,8497,7045,observed_lineup_change_not_verified_signing
353154,173349,2024-06-19 12:00:00,2094,2593,FNATIC,438|458|5022|9810|29867,https://www.vlr.gg/353154/bbl-esports-vs-fnatic-champions-tour-2024-emea-stage-2-w1,170800,2024-06-01 04:00:00,438|458|1380|5022|9810,29867,1380,observed_lineup_change_not_verified_signing
353155,173352,2024-06-19 15:30:00,2094,1001,Team Heretics,1144|10971|18350|21328|29873,https://www.vlr.gg/353155/team-heretics-vs-natus-vincere-champions-tour-2024-emea-stage-2-w1,170828,2024-06-09 04:15:00,309|1144|10971|21328|29873,18350,309,observed_lineup_change_not_verified_signing
353157,173358,2024-06-20 12:00:00,2094,12694,Gentle Mates,220|301|5004|19522|20871,https://www.vlr.gg/353157/giantx-vs-gentle-mates-champions-tour-2024-emea-stage-2-w1,164176,2024-05-03 11:00:00,220|301|868|5004|19522,20871,868,observed_lineup_change_not_verified_signing
359606,174909,2024-06-21 05:00:00,2096,12064,Nova Esports,1209|4402|39697|41054|46460,https://www.vlr.gg/359606/dragon-ranger-gaming-vs-nova-esports-champions-tour-2024-china-stage-2-w2,169572,2024-05-08 07:15:00,1209|4402|36670|39697|41054,46460,36670,observed_lineup_change_not_verified_signing
359607,174912,2024-06-21 08:15:00,2096,12685,Trace Esports,3021|3045|4712|4770|37494,https://www.vlr.gg/359607/funplus-phoenix-vs-trace-esports-champions-tour-2024-china-stage-2-w2,169585,2024-05-10 07:45:00,3045|4710|4712|4770|37494,3021,4710,observed_lineup_change_not_verified_signing
353177,173415,2024-06-22 17:00:00,2095,7386,MIBR,46|2567|5957|8872|23407,https://www.vlr.gg/353177/mibr-vs-leviat-n-champions-tour-2024-americas-stage-2-w1,163436,2024-05-05 17:00:00,651|5351|5957|8872|13093,46|2567|23407,651|5351|13093,observed_lineup_change_not_verified_signing
353178,173418,2024-06-22 19:15:00,2095,1034,NRG,4|261|817|4164|11225,https://www.vlr.gg/353178/sentinels-vs-nrg-esports-champions-tour-2024-americas-stage-2-w1,163430,2024-05-04 17:00:00,4|261|263|11225|26171,817|4164,263|26171,observed_lineup_change_not_verified_signing
359610,174921,2024-06-23 05:00:00,2096,731,TYLOO,3020|3547|7135|14444|39485,https://www.vlr.gg/359610/tyloo-vs-trace-esports-champions-tour-2024-china-stage-2-w2,174904,2024-06-16 05:00:00,3020|3547|4773|7135|39485,14444,4773,observed_lineup_change_not_verified_signing
353179,173421,2024-06-23 17:00:00,2095,2406,FURIA,681|725|939|1711|8706,https://www.vlr.gg/353179/furia-vs-100-thieves-champions-tour-2024-americas-stage-2-w1,163427,2024-05-03 20:00:00,725|939|1671|1711|8706,681,1671,observed_lineup_change_not_verified_signing
353180,173424,2024-06-23 19:45:00,2095,6961,LOUD,683|727|2408|6193|8447,https://www.vlr.gg/353180/loud-vs-evil-geniuses-champions-tour-2024-americas-stage-2-w1,168976,2024-05-08 19:25:00,727|1575|2408|6193|8447,683,1575,observed_lineup_change_not_verified_signing
359613,174930,2024-06-27 07:00:00,2096,1120,EDward Gaming,3017|3520|4742|13768|15559,https://www.vlr.gg/359613/edward-gaming-vs-dragon-ranger-gaming-champions-tour-2024-china-stage-2-w3,174920,2024-06-22 07:00:00,3017|3520|4720|4742|15559,13768,4720,observed_lineup_change_not_verified_signing
359616,174939,2024-06-29 05:00:00,2096,14137,Titan Esports Club,488|5011|14445|25339|30526,https://www.vlr.gg/359616/titan-esports-club-vs-tyloo-champions-tour-2024-china-stage-2-w3,174916,2024-06-22 05:00:00,488|4778|5011|14445|25339,30526,4778,observed_lineup_change_not_verified_signing
314354,163281,2024-06-30 04:00:00,2005,14,T1,485|4545|10816|29833|31207,https://www.vlr.gg/314354/global-esports-vs-t1-champions-tour-2024-pacific-stage-2-w3,163274,2024-06-24 06:20:00,485|1129|4545|10816|29833,31207,1129,observed_lineup_change_not_verified_signing
353184,173436,2024-06-30 17:00:00,2095,7386,MIBR,2567|5957|8872|11105|15681,https://www.vlr.gg/353184/loud-vs-mibr-champions-tour-2024-americas-stage-2-w2,173416,2024-06-22 17:00:00,46|2567|5957|8872|23407,11105|15681,46|23407,observed_lineup_change_not_verified_signing
353166,173385,2024-07-03 12:00:00,2094,14419,GIANTX,292|1885|2690|4181|16209,https://www.vlr.gg/353166/team-heretics-vs-giantx-champions-tour-2024-emea-stage-2-w3,173377,2024-06-27 14:00:00,292|1427|1885|2690|4181,16209,1427,observed_lineup_change_not_verified_signing
353191,173457,2024-07-03 19:05:00,2095,2355,KRÜ Esports,1311|2462|8673|24007|36169,https://www.vlr.gg/353191/nrg-esports-vs-kr-esports-champions-tour-2024-americas-stage-2-w2,173434,2024-06-29 19:00:00,1311|2462|2610|8673|24007,36169,2610,observed_lineup_change_not_verified_signing
365317,176172,2024-07-12 06:15:00,2005,8304,TALON,3977|3980|5129|13788|25255,https://www.vlr.gg/365317/team-secret-vs-talon-esports-champions-tour-2024-pacific-stage-2-ko,163304,2024-07-06 06:45:00,3977|3980|5129|13788|23062,25255,23062,observed_lineup_change_not_verified_signing
380570,180912,2024-07-28 13:00:00,2143,15120,R8 Esports,1874|1897|2432|3807|5795,https://www.vlr.gg/380570/r8-esports-vs-sweetnsour-champions-tour-2024-emea-ascension-r2,180911,2024-07-28 13:00:00,1470|1897|2432|3807|5795,1874,1470,observed_lineup_change_not_verified_signing
400151,183657,2024-09-14 06:50:00,2149,15893,Ambitious Legend Gaming,4416|14440|14458|15549|47632,https://www.vlr.gg/400151/ambitious-legend-gaming-vs-qing-jiu-club-champions-tour-2024-china-ascension-elim-b,183428,2024-09-12 05:00:00,4416|14440|14458|46753|47632,15549,46753,observed_lineup_change_not_verified_signing
400165,183686,2024-09-19 08:25:00,2149,15893,Ambitious Legend Gaming,4416|14440|14458|15549|47634,https://www.vlr.gg/400165/ambitious-legend-gaming-vs-chosen-clique-gaming-champions-tour-2024-china-ascension-lr1,183673,2024-09-18 05:00:00,4416|14440|14458|15549|47632,47634,47632,observed_lineup_change_not_verified_signing
399730,183529,2024-09-23 00:00:00,2146,13849,Justice For Tomorrow,10089|26310|26316|31589|46993,https://www.vlr.gg/399730/full-sense-vs-justice-for-tomorrow-champions-tour-2024-pacific-ascension-ubsf,183528,2024-09-23 00:00:00,10089|26310|26316|31589|31593,46993,31593,observed_lineup_change_not_verified_signing
399737,183551,2024-09-24 00:00:00,2146,13849,Justice For Tomorrow,10089|26310|26316|31589|31593,https://www.vlr.gg/399737/justice-for-tomorrow-vs-riddle-order-champions-tour-2024-pacific-ascension-lr3,183529,2024-09-23 00:00:00,10089|26310|26316|31589|46993,31593,46993,observed_lineup_change_not_verified_signing
430838,196667,2025-01-11 04:00:00,2275,731,TYLOO,3547|7135|14444|41739|47101,https://www.vlr.gg/430838/tyloo-vs-titan-esports-club-champions-tour-2025-china-kickoff-ur1,174974,2024-07-07 07:00:00,3020|3547|7135|14444|39485,41739|47101,3020|39485,observed_lineup_change_not_verified_signing
430838,196667,2025-01-11 04:00:00,2275,14137,Titan Esports Club,488|4720|5011|30526|42235,https://www.vlr.gg/430838/tyloo-vs-titan-esports-club-champions-tour-2025-china-kickoff-ur1,174965,2024-07-06 05:00:00,488|5011|14445|25339|30526,4720|42235,14445|25339,observed_lineup_change_not_verified_signing
430837,196664,2025-01-11 06:35:00,2275,13581,Xi Lai Gaming,4710|12365|22047|36415|37927,https://www.vlr.gg/430837/xi-lai-gaming-vs-wolves-esports-champions-tour-2025-china-kickoff-ur1,183683,2024-09-21 05:00:00,5796|22047|36668|37674|37927,4710|12365|36415,5796|36668|37674,observed_lineup_change_not_verified_signing
430837,196664,2025-01-11 06:35:00,2275,13790,Wolves Esports,7426|7849|11218|14125|37489,https://www.vlr.gg/430837/xi-lai-gaming-vs-wolves-esports-champions-tour-2025-china-kickoff-ur1,174961,2024-07-05 07:00:00,871|7849|11218|14125|14441,7426|37489,871|14441,observed_lineup_change_not_verified_signing
430839,196670,2025-01-12 04:00:00,2275,13576,JD Mall JDG Esports (JD Gaming),3519|15302|16924|37674|41029,https://www.vlr.gg/430839/jdg-esports-vs-dragon-ranger-gaming-champions-tour-2025-china-kickoff-ur1,178692,2024-07-16 06:25:00,3519|10486|16924|36415|41029,15302|37674,10486|36415,observed_lineup_change_not_verified_signing
430839,196670,2025-01-12 04:00:00,2275,11981,Dragon Ranger Gaming,3741|4705|7841|11524|31753,https://www.vlr.gg/430839/jdg-esports-vs-dragon-ranger-gaming-champions-tour-2025-china-kickoff-ur1,174961,2024-07-05 07:00:00,3741|4880|7841|11524|41774,4705|31753,4880|41774,observed_lineup_change_not_verified_signing
430840,196673,2025-01-12 07:25:00,2275,1119,All Gamers,4880|10821|14431|46748|50080,https://www.vlr.gg/430840/all-gamers-vs-nova-esports-champions-tour-2025-china-kickoff-ur1,178695,2024-07-16 04:00:00,3049|4881|10821|14431|25949,4880|46748|50080,3049|4881|25949,observed_lineup_change_not_verified_signing
429381,196073,2025-01-15 12:00:00,2276,397,BBL Esports,172|5554|5568|9780|20144,https://www.vlr.gg/429381/bbl-esports-vs-giantx-champions-tour-2025-emea-kickoff-ur1,173399,2024-07-05 12:00:00,569|8041|10146|10161|16459,172|5554|5568|9780|20144,569|8041|10146|10161|16459,observed_lineup_change_not_verified_signing
429381,196073,2025-01-15 12:00:00,2276,14419,GIANTX,1885|4181|19691|21610|34684,https://www.vlr.gg/429381/bbl-esports-vs-giantx-champions-tour-2025-emea-kickoff-ur1,173404,2024-07-09 14:00:00,292|1885|2690|4181|16209,19691|21610|34684,292|2690|16209,observed_lineup_change_not_verified_signing
429380,196070,2025-01-15 15:30:00,2276,8877,Karmine Corp,727|2858|5654|10307|16459,https://www.vlr.gg/429380/karmine-corp-vs-natus-vincere-champions-tour-2025-emea-kickoff-ur1,178852,2024-07-15 14:50:00,2173|2625|10307|19691|36245,727|2858|5654|16459,2173|2625|19691|36245,observed_lineup_change_not_verified_signing
429380,196070,2025-01-15 15:30:00,2276,4915,Natus Vincere,109|384|3722|18677|29867,https://www.vlr.gg/429380/karmine-corp-vs-natus-vincere-champions-tour-2025-emea-kickoff-ur1,178849,2024-07-15 12:00:00,11|98|109|384|2858,3722|18677|29867,11|98|2858,observed_lineup_change_not_verified_signing
430842,196679,2025-01-16 04:00:00,2275,11328,FunPlus Phoenix,872|3028|6022|7857|19530,https://www.vlr.gg/430842/funplus-phoenix-vs-titan-esports-club-champions-tour-2025-china-kickoff-ubqf,180379,2024-08-08 04:00:00,872|3028|7857|19530|37489,6022,37489,observed_lineup_change_not_verified_signing
430841,196676,2025-01-16 07:20:00,2275,12010,Bilibili Gaming,4774|4885|10698|40845|48878,https://www.vlr.gg/430841/bilibili-gaming-vs-xi-lai-gaming-champions-tour-2025-china-kickoff-ubqf,180364,2024-08-08 06:10:00,4705|4774|4885|6022|10698,40845|48878,4705|6022,observed_lineup_change_not_verified_signing
429379,196067,2025-01-16 12:00:00,2276,474,Team Liquid,309|457|1475|11494|14681,https://www.vlr.gg/429379/team-liquid-vs-koi-champions-tour-2025-emea-kickoff-ur1,173410,2024-07-10 15:20:00,114|457|1457|9780|11494,309|1475|14681,114|1457|9780,observed_lineup_change_not_verified_signing
429379,196067,2025-01-16 12:00:00,2276,7035,Movistar KOI (KOI),101|1428|3685|4544|5550,https://www.vlr.gg/429379/team-liquid-vs-koi-champions-tour-2025-emea-kickoff-ur1,173408,2024-07-10 12:00:00,451|565|1428|5550|14681,101|3685|4544,451|565|14681,observed_lineup_change_not_verified_signing
429382,196076,2025-01-16 15:10:00,2276,11479,Apeks,129|1281|1507|1851|17976,https://www.vlr.gg/429382/apeks-vs-gentle-mates-champions-tour-2025-emea-kickoff-ur1,183645,2024-09-15 12:00:00,101|129|1281|1507|9554,1851|17976,101|9554,observed_lineup_change_not_verified_signing
429382,196076,2025-01-16 15:10:00,2276,12694,Gentle Mates,11|5893|7866|20871|23169,https://www.vlr.gg/429382/apeks-vs-gentle-mates-champions-tour-2025-emea-kickoff-ur1,173414,2024-07-11 12:00:00,220|301|5004|19522|20871,11|5893|7866|23169,220|301|5004|19522,observed_lineup_change_not_verified_signing
427991,195761,2025-01-16 17:00:00,2274,5248,Evil Geniuses,826|881|1533|4927|8402,https://www.vlr.gg/427991/evil-geniuses-vs-loud-champions-tour-2025-americas-kickoff-ur1,173479,2024-07-13 17:00:00,826|1533|3993|4927|5188,881|8402,3993|5188,observed_lineup_change_not_verified_signing
427991,195761,2025-01-16 17:00:00,2274,6961,LOUD,683|1586|2408|6193|8873,https://www.vlr.gg/427991/evil-geniuses-vs-loud-champions-tour-2025-americas-kickoff-ur1,173486,2024-07-14 17:00:00,683|727|2408|6193|8447,1586|8873,727|8447,observed_lineup_change_not_verified_signing
427992,195764,2025-01-16 19:45:00,2274,7386,MIBR,725|5395|5957|8480|20240,https://www.vlr.gg/427992/mibr-vs-100-thieves-champions-tour-2025-americas-kickoff-ur1,173479,2024-07-13 17:00:00,2567|5957|8872|11105|15681,725|5395|8480|20240,2567|8872|11105|15681,observed_lineup_change_not_verified_signing
427992,195764,2025-01-16 19:45:00,2274,120,100 Thieves,601|604|796|4147|8082,https://www.vlr.gg/427992/mibr-vs-100-thieves-champions-tour-2025-americas-kickoff-ur1,178841,2024-07-19 19:10:00,601|604|796|3880|4147,8082,3880,observed_lineup_change_not_verified_signing
429385,196085,2025-01-17 12:00:00,2276,2593,FNATIC,4|438|458|9554|9810,https://www.vlr.gg/429385/fnatic-vs-bbl-esports-champions-tour-2025-emea-kickoff-ubqf,180451,2024-08-18 04:00:00,438|458|5022|9810|29867,4|9554,5022|29867,observed_lineup_change_not_verified_signing
429384,196082,2025-01-17 16:00:00,2276,2059,Team Vitality,312|2168|5022|8447|11134,https://www.vlr.gg/429384/team-vitality-vs-karmine-corp-champions-tour-2025-emea-kickoff-ubqf,180397,2024-08-11 04:00:00,312|2168|4321|11134|21610,5022|8447,4321|21610,observed_lineup_change_not_verified_signing
427994,195770,2025-01-17 17:00:00,2274,15072,2Game Esports,662|3169|6195|11921|14950,https://www.vlr.gg/427994/2game-esports-vs-furia-champions-tour-2025-americas-kickoff-ur1,183623,2024-09-21 15:00:00,662|3169|6195|11921|21661,14950,21661,observed_lineup_change_not_verified_signing
427994,195770,2025-01-17 17:00:00,2274,2406,FURIA,733|844|4931|7716|8742,https://www.vlr.gg/427994/2game-esports-vs-furia-champions-tour-2025-americas-kickoff-ur1,173482,2024-07-13 19:10:00,681|725|939|1711|8706,733|844|4931|7716|8742,681|725|939|1711|8706,observed_lineup_change_not_verified_signing
427993,195767,2025-01-17 19:05:00,2274,1034,NRG,817|4164|5132|11225|21668,https://www.vlr.gg/427993/nrg-esports-vs-cloud9-champions-tour-2025-americas-kickoff-ur1,173471,2024-07-07 19:15:00,4|261|817|4164|11225,5132|21668,4|261,observed_lineup_change_not_verified_signing
427993,195767,2025-01-17 19:05:00,2274,188,Cloud9,612|6582|7871|17433|18796,https://www.vlr.gg/427993/nrg-esports-vs-cloud9-champions-tour-2025-americas-kickoff-ur1,178821,2024-07-17 17:00:00,7458|7870|7871|16003|18796,612|6582|17433,7458|7870|16003,observed_lineup_change_not_verified_signing
430514,196410,2025-01-18 03:00:00,2277,466,BOOM Esports,2348|4874|7043|10739|16215,https://www.vlr.gg/430514/boom-esports-vs-t1-champions-tour-2025-pacific-kickoff-ur1,183538,2024-09-29 03:45:00,2348|2380|4874|7043|10739,16215,2380,observed_lineup_change_not_verified_signing
430514,196410,2025-01-18 03:00:00,2277,14,T1,485|804|4056|13039|29833,https://www.vlr.gg/430514/boom-esports-vs-t1-champions-tour-2025-pacific-kickoff-ur1,163313,2024-07-08 04:00:00,485|4545|10816|29833|31207,804|4056|13039,4545|10816|31207,observed_lineup_change_not_verified_signing
430515,196413,2025-01-18 06:15:00,2277,5448,ZETA DIVISION,424|2615|6668|12990|25221,https://www.vlr.gg/430515/zeta-division-vs-nongshim-redforce-champions-tour-2025-pacific-kickoff-ur1,163310,2024-07-07 07:00:00,424|999|6668|10588|29840,2615|12990|25221,999|10588|29840,observed_lineup_change_not_verified_signing
430853,196711,2025-01-18 06:20:00,2275,1119,All Gamers,10821|14431|25949|46748|50080,https://www.vlr.gg/430853/xi-lai-gaming-vs-all-gamers-champions-tour-2025-china-kickoff-lr1,196674,2025-01-12 07:25:00,4880|10821|14431|46748|50080,25949,4880,observed_lineup_change_not_verified_signing
427995,195773,2025-01-18 17:00:00,2274,2355,KRÜ Esports,1311|2462|3826|7603|24007,https://www.vlr.gg/427995/kr-esports-vs-loud-champions-tour-2025-americas-kickoff-ubqf,180368,2024-08-10 06:15:00,1311|2462|8673|24007|36169,3826|7603,8673|36169,observed_lineup_change_not_verified_signing
427996,195776,2025-01-18 19:25:00,2274,2,Sentinels,729|1265|3880|4004|36245,https://www.vlr.gg/427996/sentinels-vs-100-thieves-champions-tour-2025-americas-kickoff-ubqf,180454,2024-08-23 06:45:00,9|659|729|1265|4004,3880|36245,9|659,observed_lineup_change_not_verified_signing
430516,196416,2025-01-19 03:00:00,2277,918,Global Esports,4428|5796|7437|9152|13219,https://www.vlr.gg/430516/global-esports-vs-team-secret-champions-tour-2025-pacific-kickoff-ur1,163297,2024-07-05 07:00:00,1162|1743|1839|3626|9802,4428|5796|7437|9152|13219,1162|1743|1839|3626|9802,observed_lineup_change_not_verified_signing
430517,196419,2025-01-19 06:00:00,2277,278,DetonatioN FocusMe,4052|6672|10627|13002|48577,https://www.vlr.gg/430517/detonation-focusme-vs-rex-regum-qeon-champions-tour-2025-pacific-kickoff-ur1,178343,2024-07-06 04:00:00,993|1970|6672|6700|21438,4052|10627|13002|48577,993|1970|6700|21438,observed_lineup_change_not_verified_signing
430517,196419,2025-01-19 06:00:00,2277,878,Rex Regum Qeon,4866|4871|8497|24895|25025,https://www.vlr.gg/430517/detonation-focusme-vs-rex-regum-qeon-champions-tour-2025-pacific-kickoff-ur1,176170,2024-07-12 04:00:00,4871|7764|8497|24895|25025,4866,7764,observed_lineup_change_not_verified_signing
427998,195782,2025-01-19 17:00:00,2274,2359,LEVIATÁN,619|1818|5004|8549|26171,https://www.vlr.gg/427998/leviat-n-vs-furia-champions-tour-2025-americas-kickoff-ubqf,180458,2024-08-24 03:00:00,619|1818|7603|8480|8549,5004|26171,7603|8480,observed_lineup_change_not_verified_signing
427998,195782,2025-01-19 17:00:00,2274,2406,FURIA,939|1711|8673|8706|25743,https://www.vlr.gg/427998/leviat-n-vs-furia-champions-tour-2025-americas-kickoff-ubqf,195771,2025-01-17 17:00:00,733|844|4931|7716|8742,939|1711|8673|8706|25743,733|844|4931|7716|8742,observed_lineup_change_not_verified_signing
427997,195779,2025-01-19 19:20:00,2274,11058,G2 Esports,3885|3993|4581|7873|15500,https://www.vlr.gg/427997/g2-esports-vs-cloud9-champions-tour-2025-americas-kickoff-ubqf,180444,2024-08-16 05:50:00,3885|4581|7873|8402|15500,3993,8402,observed_lineup_change_not_verified_signing
430521,196431,2025-01-20 03:00:00,2277,8185,KIWOOM DRX,1916|4462|4678|28400|35013,https://www.vlr.gg/430521/drx-vs-nongshim-redforce-champions-tour-2025-pacific-kickoff-ubqf,180448,2024-08-18 07:25:00,804|4462|4678|11600|35013,1916|28400,804|11600,observed_lineup_change_not_verified_signing
429383,196079,2025-01-22 12:00:00,2276,1184,FUT Esports,1139|6510|8044|8369|12793,https://www.vlr.gg/429383/fut-esports-vs-team-liquid-champions-tour-2025-emea-kickoff-ubqf,180409,2024-08-09 06:25:00,573|1139|6510|8044|8369,12793,573,observed_lineup_change_not_verified_signing
429394,196114,2025-01-24 12:00:00,2276,11479,Apeks,129|1281|1507|17976|18615,https://www.vlr.gg/429394/team-liquid-vs-apeks-champions-tour-2025-emea-kickoff-lr1,196077,2025-01-16 15:10:00,129|1281|1507|1851|17976,18615,1851,observed_lineup_change_not_verified_signing
430520,196428,2025-01-25 06:00:00,2277,17,Gen.G,2489|9196|11600|25081|34974,https://www.vlr.gg/430520/gen-g-vs-rex-regum-qeon-champions-tour-2025-pacific-kickoff-ubqf,180382,2024-08-10 04:00:00,773|2489|9196|13039|34974,11600|25081,773|13039,observed_lineup_change_not_verified_signing
430524,196440,2025-02-07 03:00:00,2277,14,T1,485|804|13039|29833|31207,https://www.vlr.gg/430524/t1-vs-drx-champions-tour-2025-pacific-kickoff-ubf,196436,2025-01-31 03:00:00,485|804|4056|13039|29833,31207,4056,observed_lineup_change_not_verified_signing
449002,202771,2025-02-23 05:00:00,2281,14,T1,485|804|4056|13039|29833,https://www.vlr.gg/449002/t1-vs-trace-esports-champions-tour-2025-masters-bangkok-r2-0-1,202499,2025-02-21 05:00:00,485|804|13039|29833|31207,4056,31207,observed_lineup_change_not_verified_signing
450048,203457,2025-03-14 07:00:00,2359,1119,All Gamers,10821|42537|46748|46749|50080,https://www.vlr.gg/450048/trace-esports-vs-all-gamers-champions-tour-2025-china-stage-1-w1,196713,2025-01-18 06:20:00,10821|14431|25949|46748|50080,42537|46749,14431|25949,observed_lineup_change_not_verified_signing
450049,203460,2025-03-15 05:00:00,2359,11981,Dragon Ranger Gaming,3741|4705|11524|31753|46527,https://www.vlr.gg/450049/dragon-ranger-gaming-vs-nova-esports-champions-tour-2025-china-stage-1-w1,196727,2025-01-23 07:15:00,3741|4705|7841|11524|31753,46527,7841,observed_lineup_change_not_verified_signing
450049,203460,2025-03-15 05:00:00,2359,12064,Nova Esports,4402|36670|39697|41054|46460,https://www.vlr.gg/450049/dragon-ranger-gaming-vs-nova-esports-champions-tour-2025-china-stage-1-w1,196715,2025-01-21 04:00:00,1209|4402|39697|41054|46460,36670,1209,observed_lineup_change_not_verified_signing
450050,203463,2025-03-15 07:05:00,2359,731,TYLOO,3547|7135|41739|47101|47102,https://www.vlr.gg/450050/tyloo-vs-edward-gaming-champions-tour-2025-china-stage-1-w1,196706,2025-01-19 04:00:00,3547|7135|14444|41739|47101,47102,14444,observed_lineup_change_not_verified_signing
450052,203469,2025-03-16 07:25:00,2359,11328,FunPlus Phoenix,872|3028|6022|19530|25494,https://www.vlr.gg/450052/funplus-phoenix-vs-titan-esports-club-champions-tour-2025-china-stage-1-w1,196722,2025-01-22 04:00:00,872|3028|6022|7857|19530,25494,7857,observed_lineup_change_not_verified_signing
450052,203469,2025-03-16 07:25:00,2359,14137,Titan Esports Club,488|4720|5011|7841|47629,https://www.vlr.gg/450052/funplus-phoenix-vs-titan-esports-club-champions-tour-2025-china-stage-1-w1,196709,2025-01-18 04:00:00,488|4720|5011|30526|42235,7841|47629,30526|42235,observed_lineup_change_not_verified_signing
459517,206933,2025-03-21 17:00:00,2347,1034,NRG,817|2172|4164|5132|11225,https://www.vlr.gg/459517/cloud9-vs-nrg-esports-champions-tour-2025-americas-stage-1-w1,195816,2025-02-01 19:30:00,817|4164|5132|11225|21668,2172,21668,observed_lineup_change_not_verified_signing
458805,206150,2025-03-22 04:00:00,2379,918,Global Esports,4428|5796|7437|13219|44259,https://www.vlr.gg/458805/detonation-focusme-vs-global-esports-champions-tour-2025-pacific-stage-1-w1,196455,2025-01-27 06:00:00,4428|5796|7437|9152|13219,44259,9152,observed_lineup_change_not_verified_signing
459519,206939,2025-03-22 17:00:00,2347,2406,FURIA,662|1711|8673|8706|25743,https://www.vlr.gg/459519/g2-esports-vs-furia-champions-tour-2025-americas-stage-1-w1,195800,2025-01-23 17:00:00,939|1711|8673|8706|25743,662,939,observed_lineup_change_not_verified_signing
459520,206942,2025-03-22 19:25:00,2347,7386,MIBR,5395|5957|8480|20240|21668,https://www.vlr.gg/459520/mibr-vs-leviat-n-champions-tour-2025-americas-stage-1-w1,195829,2025-02-07 17:00:00,725|5395|5957|8480|20240,21668,725,observed_lineup_change_not_verified_signing
459520,206942,2025-03-22 19:25:00,2347,2359,LEVIATÁN,619|1129|1818|8549|26171,https://www.vlr.gg/459520/mibr-vs-leviat-n-champions-tour-2025-americas-stage-1-w1,195819,2025-02-02 17:00:00,619|1818|5004|8549|26171,1129,5004,observed_lineup_change_not_verified_signing
458808,206159,2025-03-23 07:05:00,2379,8304,TALON,3977|13784|13788|25255|42901,https://www.vlr.gg/458808/talon-vs-team-secret-champions-tour-2025-pacific-stage-1-w1,196473,2025-02-07 06:30:00,3977|3980|5129|13788|25255,13784|42901,3980|5129,observed_lineup_change_not_verified_signing
459521,206945,2025-03-23 17:00:00,2347,15072,2Game Esports,3169|6195|11921|14950|20238,https://www.vlr.gg/459521/2game-esports-vs-evil-geniuses-champions-tour-2025-americas-stage-1-w1,195809,2025-01-24 17:00:00,662|3169|6195|11921|14950,20238,662,observed_lineup_change_not_verified_signing
458809,206162,2025-03-24 04:00:00,2379,17,Gen.G,2489|4559|9196|25017|34974,https://www.vlr.gg/458809/gen-g-vs-boom-esports-champions-tour-2025-pacific-stage-1-w1,196479,2025-02-08 03:00:00,2489|9196|11600|25081|34974,4559|25017,11600|25081,observed_lineup_change_not_verified_signing
458810,206165,2025-03-24 06:50:00,2379,878,Rex Regum Qeon,1430|4866|4871|8497|24895,https://www.vlr.gg/458810/nongshim-redforce-vs-rex-regum-qeon-champions-tour-2025-pacific-stage-1-w1,196462,2025-02-01 03:00:00,4866|4871|8497|24895|25025,1430,25025,observed_lineup_change_not_verified_signing
459826,207147,2025-03-26 12:00:00,2380,2059,Team Vitality,312|5022|8447|11134|13258,https://www.vlr.gg/459826/team-vitality-vs-giantx-champions-tour-2025-emea-stage-1-w1,202799,2025-02-28 07:05:00,312|2168|5022|8447|11134,13258,2168,observed_lineup_change_not_verified_signing
459827,207150,2025-03-26 14:15:00,2380,397,BBL Esports,2173|5554|5568|9780|20144,https://www.vlr.gg/459827/bbl-esports-vs-karmine-corp-champions-tour-2025-emea-stage-1-w1,196128,2025-01-31 14:15:00,172|5554|5568|9780|20144,2173,172,observed_lineup_change_not_verified_signing
459828,207153,2025-03-27 12:00:00,2380,11479,Apeks,1281|1507|3980|17976|18615,https://www.vlr.gg/459828/team-heretics-vs-apeks-champions-tour-2025-emea-stage-1-w1,196116,2025-01-24 12:00:00,129|1281|1507|17976|18615,3980,129,observed_lineup_change_not_verified_signing
459831,207162,2025-03-28 14:30:00,2380,474,Team Liquid,309|457|11494|14681|18162,https://www.vlr.gg/459831/team-liquid-vs-gentle-mates-champions-tour-2025-emea-stage-1-w1,202781,2025-02-24 07:10:00,309|457|1475|11494|14681,18162,1475,observed_lineup_change_not_verified_signing
459831,207162,2025-03-28 14:30:00,2380,12694,Gentle Mates,11|1475|7866|20871|23169,https://www.vlr.gg/459831/team-liquid-vs-gentle-mates-champions-tour-2025-emea-stage-1-w1,196118,2025-01-30 12:00:00,11|5893|7866|20871|23169,1475,5893,observed_lineup_change_not_verified_signing
450062,203499,2025-03-29 08:15:00,2359,1120,EDward Gaming,3017|3520|4742|15559|51244,https://www.vlr.gg/450062/dragon-ranger-gaming-vs-edward-gaming-champions-tour-2025-china-stage-1-w3,203473,2025-03-20 07:00:00,3017|3520|4742|13768|15559,51244,13768,observed_lineup_change_not_verified_signing
459527,206963,2025-03-30 17:00:00,2347,15072,2Game Esports,6195|11921|13823|14950|20238,https://www.vlr.gg/459527/loud-vs-2game-esports-champions-tour-2025-americas-stage-1-w2,206946,2025-03-23 17:00:00,3169|6195|11921|14950|20238,13823,3169,observed_lineup_change_not_verified_signing
450065,203508,2025-04-03 07:00:00,2359,11328,FunPlus Phoenix,872|3028|6022|13781|19530,https://www.vlr.gg/450065/funplus-phoenix-vs-dragon-ranger-gaming-champions-tour-2025-china-stage-1-w4,203503,2025-03-30 05:00:00,872|3028|6022|19530|25494,13781,25494,observed_lineup_change_not_verified_signing
459530,206972,2025-04-04 19:10:00,2347,6961,LOUD,683|1586|6193|8873|28716,https://www.vlr.gg/459530/100-thieves-vs-loud-champions-tour-2025-americas-stage-1-w3,206964,2025-03-30 17:00:00,683|1586|2408|6193|8873,28716,2408,observed_lineup_change_not_verified_signing
458817,206186,2025-04-05 04:00:00,2379,17,Gen.G,2489|9196|11600|25017|34974,https://www.vlr.gg/458817/gen-g-vs-detonation-focusme-champions-tour-2025-pacific-stage-1-w3,206176,2025-03-30 04:00:00,2489|4559|9196|25017|34974,11600,4559,observed_lineup_change_not_verified_signing
450067,203514,2025-04-05 05:00:00,2359,1119,All Gamers,10821|42537|46748|50080|52101,https://www.vlr.gg/450067/all-gamers-vs-jdg-esports-champions-tour-2025-china-stage-1-w4,203506,2025-03-30 07:30:00,10821|42537|46748|46749|50080,52101,46749,observed_lineup_change_not_verified_signing
458819,206193,2025-04-06 04:00:00,2379,624,Paper Rex,7378|9801|9803|13744|17086,https://www.vlr.gg/458819/paper-rex-vs-boom-esports-champions-tour-2025-pacific-stage-1-w3,206176,2025-03-30 04:00:00,7378|9800|9801|9803|17086,13744,9800,observed_lineup_change_not_verified_signing
458821,211411,2025-04-07 04:00:00,2379,8185,KIWOOM DRX,1916|4462|25025|28400|35013,https://www.vlr.gg/458821/drx-vs-global-esports-champions-tour-2025-pacific-stage-1-w3,206178,2025-03-30 06:55:00,1916|4462|4678|28400|35013,25025,4678,observed_lineup_change_not_verified_signing
450072,203529,2025-04-11 07:00:00,2359,731,TYLOO,3547|7135|39485|41739|47102,https://www.vlr.gg/450072/dragon-ranger-gaming-vs-tyloo-champions-tour-2025-china-stage-1-w5,203522,2025-04-06 05:00:00,3547|7135|41739|47101|47102,39485,47101,observed_lineup_change_not_verified_signing
458824,206207,2025-04-12 06:15:00,2379,8185,KIWOOM DRX,1916|4462|4678|25025|28400,https://www.vlr.gg/458824/drx-vs-boom-esports-champions-tour-2025-pacific-stage-1-w4,211440,2025-04-07 04:00:00,1916|4462|25025|28400|35013,4678,35013,observed_lineup_change_not_verified_signing
450074,203535,2025-04-12 08:05:00,2359,12685,Trace Esports,3021|3045|4712|37017|37494,https://www.vlr.gg/450074/bilibili-gaming-vs-trace-esports-champions-tour-2025-china-stage-1-w5,203525,2025-04-06 08:00:00,3021|3045|4712|4770|37494,37017,4770,observed_lineup_change_not_verified_signing
459538,206996,2025-04-12 19:25:00,2347,6961,LOUD,683|2408|6193|8873|28716,https://www.vlr.gg/459538/sentinels-vs-loud-champions-tour-2025-americas-stage-1-w4,206974,2025-04-04 19:10:00,683|1586|6193|8873|28716,2408,1586,observed_lineup_change_not_verified_signing
450076,203541,2025-04-13 07:10:00,2359,11328,FunPlus Phoenix,872|3028|6022|19530|25494,https://www.vlr.gg/450076/edward-gaming-vs-funplus-phoenix-champions-tour-2025-china-stage-1-w5,203509,2025-04-03 07:00:00,872|3028|6022|13781|19530,25494,13781,observed_lineup_change_not_verified_signing
458826,206213,2025-04-13 07:10:00,2379,918,Global Esports,4428|5796|7437|9152|13219,https://www.vlr.gg/458826/gen-g-vs-global-esports-champions-tour-2025-pacific-stage-1-w4,211440,2025-04-07 04:00:00,4428|5796|7437|13219|44259,9152,44259,observed_lineup_change_not_verified_signing
458827,206216,2025-04-14 04:00:00,2379,5448,ZETA DIVISION,2615|6668|12990|25221|29839,https://www.vlr.gg/458827/talon-vs-zeta-division-champions-tour-2025-pacific-stage-1-w4,210878,2025-04-05 06:00:00,424|2615|6668|12990|25221,29839,424,observed_lineup_change_not_verified_signing
459848,207210,2025-04-17 13:10:00,2380,14419,GIANTX,1885|4181|6959|11332|34684,https://www.vlr.gg/459848/giantx-vs-fnatic-champions-tour-2025-emea-stage-1-w4,207188,2025-04-09 13:15:00,1885|4181|19691|21610|34684,6959|11332,19691|21610,observed_lineup_change_not_verified_signing
459853,207222,2025-04-23 15:00:00,2380,14419,GIANTX,4181|6959|11332|21610|34684,https://www.vlr.gg/459853/giantx-vs-apeks-champions-tour-2025-emea-stage-1-w5,207212,2025-04-17 13:10:00,1885|4181|6959|11332|34684,21610,1885,observed_lineup_change_not_verified_signing
490307,217250,2025-06-07 14:10:00,2282,474,Team Liquid,309|7716|11494|14681|18162,https://www.vlr.gg/490307/bilibili-gaming-vs-team-liquid-champions-tour-2025-masters-toronto-r1,215408,2025-05-17 12:00:00,309|457|11494|14681|18162,7716,457,observed_lineup_change_not_verified_signing
490313,217268,2025-06-10 14:30:00,2282,474,Team Liquid,309|457|7716|11494|14681,https://www.vlr.gg/490313/team-liquid-vs-mibr-valorant-masters-2025-toronto-r2-0-1,217252,2025-06-07 14:10:00,309|7716|11494|14681|18162,457,18162,observed_lineup_change_not_verified_signing
490313,217269,2025-06-10 14:30:00,2282,474,Team Liquid,309|457|11494|14681|18162,https://www.vlr.gg/490313/team-liquid-vs-mibr-valorant-masters-2025-toronto-r2-0-1,217268,2025-06-10 14:30:00,309|457|7716|11494|14681,18162,7716,observed_lineup_change_not_verified_signing
490314,217273,2025-06-11 14:30:00,2282,474,Team Liquid,309|457|7716|11494|14681,https://www.vlr.gg/490314/paper-rex-vs-team-liquid-valorant-masters-toronto-2025-r3-1-1,217272,2025-06-11 14:30:00,309|457|11494|14681|18162,7716,18162,observed_lineup_change_not_verified_signing
498621,221147,2025-06-13 14:25:00,2282,13581,Xi Lai Gaming,12365|22047|36415|37017|37927,https://www.vlr.gg/498621/xi-lai-gaming-vs-sentinels-valorant-masters-toronto-2025-ubqf,212260,2025-05-04 05:00:00,4710|12365|22047|36415|37927,37017,4710,observed_lineup_change_not_verified_signing
506930,223138,2025-07-03 07:00:00,2499,1120,EDward Gaming,3017|3520|4742|7135|15559,https://www.vlr.gg/506930/edward-gaming-vs-titan-esports-club-vct-2025-china-stage-2-w1,212251,2025-05-02 07:35:00,3017|3520|4742|15559|51244,7135,51244,observed_lineup_change_not_verified_signing
506930,223138,2025-07-03 07:00:00,2499,14137,Titan Esports Club,4720|5011|7841|19677|47629,https://www.vlr.gg/506930/edward-gaming-vs-titan-esports-club-vct-2025-china-stage-2-w1,212230,2025-04-18 05:00:00,488|4720|5011|7841|47629,19677,488,observed_lineup_change_not_verified_signing
506931,223141,2025-07-04 07:00:00,2499,731,TYLOO,3049|3547|11843|39485|41739,https://www.vlr.gg/506931/bilibili-gaming-vs-tyloo-vct-2025-china-stage-2-w1,203531,2025-04-11 07:00:00,3547|7135|39485|41739|47102,3049|11843,7135|47102,observed_lineup_change_not_verified_signing
506932,223144,2025-07-05 05:00:00,2499,1119,All Gamers,4881|10821|25494|37020|46748,https://www.vlr.gg/506932/all-gamers-vs-xi-lai-gaming-vct-2025-china-stage-2-w1,203534,2025-04-12 05:00:00,10821|42537|46748|50080|52101,4881|25494|37020,42537|50080|52101,observed_lineup_change_not_verified_signing
506932,223144,2025-07-05 05:00:00,2499,13581,Xi Lai Gaming,11527|12365|22047|36415|37927,https://www.vlr.gg/506932/all-gamers-vs-xi-lai-gaming-vct-2025-china-stage-2-w1,221174,2025-06-15 12:00:00,12365|22047|36415|37017|37927,11527,37017,observed_lineup_change_not_verified_signing
506933,223147,2025-07-05 07:45:00,2499,11328,FunPlus Phoenix,872|3028|6022|7857|19530,https://www.vlr.gg/506933/wolves-esports-vs-funplus-phoenix-vct-2025-china-stage-2-w1,203542,2025-04-13 07:10:00,872|3028|6022|19530|25494,7857,25494,observed_lineup_change_not_verified_signing
506934,223150,2025-07-06 05:00:00,2499,11981,Dragon Ranger Gaming,3741|4705|11524|31753|52904,https://www.vlr.gg/506934/dragon-ranger-gaming-vs-nova-esports-vct-2025-china-stage-2-w1,212242,2025-04-20 07:10:00,3741|4705|11524|31753|46527,52904,46527,observed_lineup_change_not_verified_signing
506934,223150,2025-07-06 05:00:00,2499,12064,Nova Esports,1209|14431|39697|41054|46460,https://www.vlr.gg/506934/dragon-ranger-gaming-vs-nova-esports-vct-2025-china-stage-2-w1,212232,2025-04-18 08:50:00,4402|36670|39697|41054|46460,1209|14431,4402|36670,observed_lineup_change_not_verified_signing
506935,223153,2025-07-06 08:05:00,2499,13576,JD Mall JDG Esports (JD Gaming),3519|15302|16924|41029|55828,https://www.vlr.gg/506935/jdg-esports-vs-trace-esports-vct-2025-china-stage-2-w1,211581,2025-04-10 07:00:00,3519|15302|16924|37674|41029,55828,37674,observed_lineup_change_not_verified_signing
506935,223153,2025-07-06 08:05:00,2499,12685,Trace Esports,3021|3045|4770|36668|37494,https://www.vlr.gg/506935/jdg-esports-vs-trace-esports-vct-2025-china-stage-2-w1,212244,2025-04-20 05:00:00,3021|3045|4712|37017|37494,4770|36668,4712|37017,observed_lineup_change_not_verified_signing
508816,223657,2025-07-15 06:15:00,2500,11060,Nongshim RedForce,488|4122|31827|31828|31829,https://www.vlr.gg/508816/nongshim-redforce-vs-team-secret-vct-2025-pacific-stage-2-w1,212510,2025-05-03 04:00:00,4122|31827|31828|31829|33576,488,33576,observed_lineup_change_not_verified_signing
508816,223657,2025-07-15 06:15:00,2500,6199,Team Secret,2380|7437|8504|9740|14225,https://www.vlr.gg/508816/nongshim-redforce-vs-team-secret-vct-2025-pacific-stage-2-w1,206239,2025-04-21 06:00:00,2334|7405|8504|9735|9740,2380|7437|14225,2334|7405|9735,observed_lineup_change_not_verified_signing
508817,223660,2025-07-16 04:00:00,2500,14,T1,485|804|13039|29833|43057,https://www.vlr.gg/508817/t1-vs-paper-rex-vct-2025-pacific-stage-2-w1,212513,2025-05-03 07:25:00,485|804|4056|13039|29833,43057,4056,observed_lineup_change_not_verified_signing
508818,223664,2025-07-16 06:35:00,2500,8185,KIWOOM DRX,1916|4462|25025|28400|35013,https://www.vlr.gg/508818/drx-vs-gen-g-vct-2025-pacific-stage-2-w1,212530,2025-05-09 06:00:00,1916|4462|4678|25025|28400,35013,4678,observed_lineup_change_not_verified_signing
511543,226424,2025-07-16 11:00:00,2498,4915,Natus Vincere,109|384|18677|25906|29867,https://www.vlr.gg/511543/natus-vincere-vs-apeks-vct-2025-emea-stage-2-w1,215399,2025-05-11 14:45:00,109|384|3722|18677|29867,25906,3722,observed_lineup_change_not_verified_signing
511543,226424,2025-07-16 11:00:00,2498,11479,Apeks,1281|1507|7716|8502|18615,https://www.vlr.gg/511543/natus-vincere-vs-apeks-vct-2025-emea-stage-2-w1,207223,2025-04-23 15:00:00,1281|1507|3980|17976|18615,7716|8502,3980|17976,observed_lineup_change_not_verified_signing
511544,226427,2025-07-16 13:50:00,2498,2059,Team Vitality,4521|5022|7987|8447|11134,https://www.vlr.gg/511544/team-vitality-vs-giantx-vct-2025-emea-stage-2-w1,216584,2025-05-09 15:05:00,312|5022|8447|11134|13258,4521|7987,312|13258,observed_lineup_change_not_verified_signing
511544,226427,2025-07-16 13:50:00,2498,14419,GIANTX,4181|5550|6959|11332|34684,https://www.vlr.gg/511544/team-vitality-vs-giantx-vct-2025-emea-stage-2-w1,207223,2025-04-23 15:00:00,4181|6959|11332|21610|34684,5550,21610,observed_lineup_change_not_verified_signing
508819,223667,2025-07-17 04:00:00,2500,918,Global Esports,4428|5129|5796|13219|25081,https://www.vlr.gg/508819/rex-regum-qeon-vs-global-esports-vct-2025-pacific-stage-2-w1,206223,2025-04-19 04:00:00,4428|5796|7437|9152|13219,5129|25081,7437|9152,observed_lineup_change_not_verified_signing
508820,223669,2025-07-17 06:15:00,2500,5448,ZETA DIVISION,424|2615|6668|25221|29839,https://www.vlr.gg/508820/zeta-division-vs-detonation-focusme-vct-2025-pacific-stage-2-w1,206233,2025-04-20 07:30:00,2615|6668|12990|25221|29839,424,12990,observed_lineup_change_not_verified_signing
508820,223669,2025-07-17 06:15:00,2500,278,DetonatioN FocusMe,4052|6672|13002|21438|48577,https://www.vlr.gg/508820/zeta-division-vs-detonation-focusme-vct-2025-pacific-stage-2-w1,206235,2025-04-21 04:00:00,4052|6672|10627|13002|48577,21438,10627,observed_lineup_change_not_verified_signing
511545,226430,2025-07-17 11:00:00,2498,1184,FUT Esports,573|1139|8044|8369|12793,https://www.vlr.gg/511545/fut-esports-vs-gentle-mates-vct-2025-emea-stage-2-w1,216646,2025-05-11 11:00:00,1139|6510|8044|8369|12793,573,6510,observed_lineup_change_not_verified_signing
511545,226430,2025-07-17 11:00:00,2498,12694,Gentle Mates,1475|12928|23169|40591|45494,https://www.vlr.gg/511545/fut-esports-vs-gentle-mates-vct-2025-emea-stage-2-w1,207227,2025-04-24 11:00:00,11|1475|7866|20871|23169,12928|40591|45494,11|7866|20871,observed_lineup_change_not_verified_signing
511546,226433,2025-07-17 14:30:00,2498,474,Team Liquid,309|457|2168|11494|14681,https://www.vlr.gg/511546/team-liquid-vs-koi-vct-2025-emea-stage-2-w1,217273,2025-06-11 14:30:00,309|457|7716|11494|14681,2168,7716,observed_lineup_change_not_verified_signing
511546,226433,2025-07-17 14:30:00,2498,7035,Movistar KOI (KOI),2190|3127|3685|4544|5004,https://www.vlr.gg/511546/team-liquid-vs-koi-vct-2025-emea-stage-2-w1,207227,2025-04-24 11:00:00,101|1428|3685|4544|5550,2190|3127|5004,101|1428|5550,observed_lineup_change_not_verified_signing
506938,223162,2025-07-18 05:00:00,2499,1119,All Gamers,4881|10821|25494|42537|46748,https://www.vlr.gg/506938/all-gamers-vs-wolves-esports-vct-2025-china-stage-2-w2,223146,2025-07-05 05:00:00,4881|10821|25494|37020|46748,42537,37020,observed_lineup_change_not_verified_signing
509801,224713,2025-07-18 17:00:00,2501,2406,FURIA,2408|3826|6238|8673|15681,https://www.vlr.gg/509801/cloud9-vs-furia-vct-2025-americas-stage-2-w1,207010,2025-04-18 20:00:00,662|1711|8673|8706|25743,2408|3826|6238|15681,662|1711|8706|25743,observed_lineup_change_not_verified_signing
509802,224716,2025-07-18 19:10:00,2501,2359,LEVIATÁN,619|1818|8373|8549|21659,https://www.vlr.gg/509802/leviat-n-vs-loud-vct-2025-americas-stage-2-w1,207021,2025-04-20 21:00:00,619|1129|1818|8549|26171,8373|21659,1129|26171,observed_lineup_change_not_verified_signing
509802,224716,2025-07-18 19:10:00,2501,6961,LOUD,683|3983|5893|6193|28716,https://www.vlr.gg/509802/leviat-n-vs-loud-vct-2025-americas-stage-2-w1,207019,2025-04-20 17:00:00,683|2408|6193|8873|28716,3983|5893,2408|8873,observed_lineup_change_not_verified_signing
509803,224719,2025-07-19 17:00:00,2501,15072,2Game Esports,662|6195|11921|14950|21661,https://www.vlr.gg/509803/evil-geniuses-vs-2game-esports-vct-2025-americas-stage-2-w1,207012,2025-04-19 17:00:00,6195|11921|13823|14950|20238,662|21661,13823|20238,observed_lineup_change_not_verified_signing
509804,224722,2025-07-19 20:25:00,2501,2355,VISA KRÜ (KRÜ Esports),1311|2462|7603|24007|41135,https://www.vlr.gg/509804/mibr-vs-kr-esports-vct-2025-americas-stage-2-w1,213517,2025-04-27 17:00:00,1311|2462|3826|7603|24007,41135,3826,observed_lineup_change_not_verified_signing
509805,224725,2025-07-20 17:00:00,2501,120,100 Thieves,601|796|4147|8082|9094,https://www.vlr.gg/509805/100-thieves-vs-nrg-vct-2025-americas-stage-2-w1,213515,2025-04-27 19:40:00,601|604|796|4147|8082,9094,604,observed_lineup_change_not_verified_signing
509805,224725,2025-07-20 17:00:00,2501,1034,NRG,2172|4164|5132|11118|11225,https://www.vlr.gg/509805/100-thieves-vs-nrg-vct-2025-americas-stage-2-w1,213508,2025-04-25 17:00:00,817|2172|4164|5132|11225,11118,817,observed_lineup_change_not_verified_signing
509806,224728,2025-07-20 19:00:00,2501,11058,G2 Esports,2170|3885|3993|4581|15500,https://www.vlr.gg/509806/sentinels-vs-g2-esports-vct-2025-americas-stage-2-w1,221186,2025-06-20 14:40:00,3885|3993|4581|7873|15500,2170,7873,observed_lineup_change_not_verified_signing
506947,223186,2025-07-25 05:00:00,2499,12064,Nova Esports,1209|4402|39697|41054|46460,https://www.vlr.gg/506947/nova-esports-vs-all-gamers-vct-2025-china-stage-2-w3,223161,2025-07-17 07:00:00,1209|14431|39697|41054|46460,4402,14431,observed_lineup_change_not_verified_signing
506948,223189,2025-07-25 08:30:00,2499,1120,EDward Gaming,3017|3520|4742|15559|51244,https://www.vlr.gg/506948/tyloo-vs-edward-gaming-vct-2025-china-stage-2-w3,223173,2025-07-19 07:10:00,3017|3520|4742|7135|15559,51244,7135,observed_lineup_change_not_verified_signing
508844,223736,2025-08-10 04:00:00,2500,6199,Team Secret,2334|7437|8504|9740|14225,https://www.vlr.gg/508844/rex-regum-qeon-vs-team-secret-vct-2025-pacific-stage-2-w4,223707,2025-08-01 04:00:00,2380|7437|8504|9740|14225,2334,2380,observed_lineup_change_not_verified_signing
511581,226511,2025-08-15 13:30:00,2498,8877,Karmine Corp,727|2858|5654|8808|10307,https://www.vlr.gg/511581/team-liquid-vs-karmine-corp-vct-2025-emea-stage-2-w5,226488,2025-08-07 14:00:00,727|2858|5654|10307|16459,8808,16459,observed_lineup_change_not_verified_signing
530927,231397,2025-08-23 14:55:00,2498,2059,Team Vitality,312|4521|5022|8447|11134,https://www.vlr.gg/530927/natus-vincere-vs-team-vitality-vct-2025-emea-stage-2-lr1,226507,2025-08-14 13:05:00,4521|5022|7987|8447|11134,312,7987,observed_lineup_change_not_verified_signing
530910,231372,2025-08-29 17:00:00,2501,11058,G2 Esports,3885|3993|4581|7873|15500,https://www.vlr.gg/530910/sentinels-vs-g2-esports-vct-2025-americas-stage-2-ubf,231365,2025-08-22 20:35:00,2170|3885|3993|4581|15500,7873,2170,observed_lineup_change_not_verified_signing
542205,233427,2025-09-13 11:55:00,2283,8185,KIWOOM DRX,1916|4462|4678|28400|35013,https://www.vlr.gg/542205/team-liquid-vs-drx-valorant-champions-2025-opening-c,231327,2025-08-16 06:05:00,1916|4462|25025|28400|35013,4678,25025,observed_lineup_change_not_verified_signing
542212,233445,2025-09-14 09:00:00,2283,11981,Dragon Ranger Gaming,4705|11524|26171|31753|52904,https://www.vlr.gg/542212/dragon-ranger-gaming-vs-t1-valorant-champions-2025-opening-d,230573,2025-08-24 05:00:00,3741|4705|11524|31753|52904,26171,3741,observed_lineup_change_not_verified_signing
542268,233469,2025-09-28 09:00:00,2283,2593,FNATIC,4|438|458|1369|9554,https://www.vlr.gg/542268/fnatic-vs-paper-rex-valorant-champions-2025-ubsf,233459,2025-09-25 12:50:00,4|438|458|9554|9810,1369,9810,observed_lineup_change_not_verified_signing
542270,233475,2025-10-03 07:00:00,2283,2593,FNATIC,4|438|458|9554|9810,https://www.vlr.gg/542270/fnatic-vs-nrg-valorant-champions-2025-ubf,233471,2025-09-28 09:00:00,4|438|458|1369|9554,9810,1369,observed_lineup_change_not_verified_signing
569510,237328,2025-10-11 08:10:00,2648,11981,Dragon Ranger Gaming,3741|4705|11524|31753|52904,https://www.vlr.gg/569510/dragon-ranger-gaming-vs-thunder-gaming-vct-2025-china-ascension-opening-a,233452,2025-09-20 12:00:00,4705|11524|26171|31753|52904,3741,26171,observed_lineup_change_not_verified_signing
569514,237340,2025-10-12 05:00:00,2648,13579,Chosen Clique Gaming,14445|25949|29184|34181|58957,https://www.vlr.gg/569514/chosen-clique-gaming-vs-ambitious-legend-gaming-vct-2025-china-ascension-opening-b,183693,2024-09-20 05:00:00,4763|5241|29184|34181|47629,14445|25949|58957,4763|5241|47629,observed_lineup_change_not_verified_signing
569514,237340,2025-10-12 05:00:00,2648,15893,Ambitious Legend Gaming,11705|14441|14458|56248|58958,https://www.vlr.gg/569514/chosen-clique-gaming-vs-ambitious-legend-gaming-vct-2025-china-ascension-opening-b,183688,2024-09-19 08:25:00,4416|14440|14458|15549|47634,11705|14441|56248|58958,4416|14440|15549|47634,observed_lineup_change_not_verified_signing
569515,237343,2025-10-12 07:30:00,2648,11985,Rare Atom,3531|36513|46532|49476|58960,https://www.vlr.gg/569515/rare-atom-vs-any-questions-gaming-vct-2025-china-ascension-opening-b,183683,2024-09-21 05:00:00,1916|3531|4428|11527|45811,36513|46532|49476|58960,1916|4428|11527|45811,observed_lineup_change_not_verified_signing
551762,235355,2025-10-14 03:00:00,2535,466,BOOM Esports,4874|7043|7049|10739|57171,https://www.vlr.gg/551762/boom-esports-vs-team-nkt-vct-2025-pacific-ascension-d1,223735,2025-08-09 06:25:00,2348|4874|7043|10739|16215,7049|57171,2348|16215,observed_lineup_change_not_verified_signing
551764,235361,2025-10-15 03:00:00,2535,11060,Nongshim RedForce,488|31827|31828|31829|42772,https://www.vlr.gg/551764/nongshim-redforce-vs-naos-vct-2025-pacific-ascension-d2,231894,2025-08-16 04:00:00,488|4122|31827|31828|31829,42772,4122,observed_lineup_change_not_verified_signing
551764,235361,2025-10-15 03:00:00,2535,7031,NAOS,3401|7754|11737|16842|16852,https://www.vlr.gg/551764/nongshim-redforce-vs-naos-vct-2025-pacific-ascension-d2,183547,2024-09-23 02:25:00,7749|9747|13219|13220|16842,3401|7754|11737|16852,7749|9747|13219|13220,observed_lineup_change_not_verified_signing
551765,235364,2025-10-15 05:30:00,2535,4050,FULL SENSE,8582|15897|23930|27244|27254,https://www.vlr.gg/551765/full-sense-vs-velocity-gaming-vct-2025-pacific-ascension-d2,183563,2024-09-28 03:00:00,3342|3401|4377|6723|27254,8582|15897|23930|27244,3342|3401|4377|6723,observed_lineup_change_not_verified_signing
551768,235373,2025-10-16 05:00:00,2535,14375,RIDDLE ORDER,4663|5476|10584|29841|29843,https://www.vlr.gg/551768/riddle-order-vs-naos-vct-2025-pacific-ascension-d3,183558,2024-09-27 04:50:00,4663|10584|29841|29843|43064,5476,43064,observed_lineup_change_not_verified_signing
565302,238745,2025-10-18 11:00:00,2519,11232,Joblife,565|2625|13258|20871|33731,https://www.vlr.gg/565302/ulf-esports-vs-joblife-vct-2025-emea-ascension-opening-a,183420,2024-09-04 13:45:00,1284|1475|2700|4308|5893,565|2625|13258|20871|33731,1284|1475|2700|4308|5893,observed_lineup_change_not_verified_signing
556025,236214,2025-10-18 16:00:00,2534,106,TSM,64|8376|17770|20140|29893,https://www.vlr.gg/556025/stellae-gaming-vs-tsm-vct-2025-americas-ascension-r1,183609,2024-09-15 19:50:00,64|740|849|3702|8376,17770|20140|29893,740|849|3702,observed_lineup_change_not_verified_signing
551780,235410,2025-10-21 03:00:00,2535,4050,FULL SENSE,8582|14677|15897|23930|27254,https://www.vlr.gg/551780/full-sense-vs-riddle-order-vct-2025-pacific-ascension-d8,235389,2025-10-18 03:00:00,8582|15897|23930|27244|27254,14677,27244,observed_lineup_change_not_verified_signing
596399,244778,2026-01-15 17:00:00,2682,427,ENVY,53|1129|2462|21778|35302,https://www.vlr.gg/596399/envy-vs-evil-geniuses-vct-2026-americas-kickoff-ur1,236250,2025-10-26 16:00:00,53|21778|29547|35302|36560,1129|2462,29547|36560,observed_lineup_change_not_verified_signing
596399,244778,2026-01-15 17:00:00,2682,5248,Evil Geniuses,619|826|8373|8873|34400,https://www.vlr.gg/596399/envy-vs-evil-geniuses-vct-2026-americas-kickoff-ur1,231358,2025-08-23 20:25:00,826|881|1533|4927|8402,619|8373|8873|34400,881|1533|4927|8402,observed_lineup_change_not_verified_signing
596398,244775,2026-01-15 20:10:00,2682,6961,LOUD,683|3983|6193|10557|28716,https://www.vlr.gg/596398/loud-vs-cloud9-vct-2026-americas-kickoff-ur1,224801,2025-08-17 19:30:00,683|3983|5893|6193|28716,10557,5893,observed_lineup_change_not_verified_signing
596398,244775,2026-01-15 20:10:00,2682,188,Cloud9,729|7716|7871|17433|18796,https://www.vlr.gg/596398/loud-vs-cloud9-vct-2026-americas-kickoff-ur1,233203,2025-08-29 19:30:00,612|6582|7871|17433|18796,729|7716,612|6582,observed_lineup_change_not_verified_signing
596400,244781,2026-01-16 17:00:00,2682,2355,KRÜ Esports,1294|3980|9063|36169|38857,https://www.vlr.gg/596400/kr-esports-vs-furia-vct-2026-americas-kickoff-ur1,231356,2025-08-23 17:00:00,1311|2462|7603|24007|41135,1294|3980|9063|36169|38857,1311|2462|7603|24007|41135,observed_lineup_change_not_verified_signing
596400,244781,2026-01-16 17:00:00,2682,2406,FURIA,754|796|3722|5957|48025,https://www.vlr.gg/596400/kr-esports-vs-furia-vct-2026-americas-kickoff-ur1,224792,2025-08-16 17:00:00,2408|3826|6238|8673|15681,754|796|3722|5957|48025,2408|3826|6238|8673|15681,observed_lineup_change_not_verified_signing
596401,244784,2026-01-16 20:05:00,2682,120,100 Thieves,601|3880|4147|20140|29893,https://www.vlr.gg/596401/100-thieves-vs-leviat-n-vct-2026-americas-kickoff-ur1,231370,2025-08-24 18:50:00,601|796|4147|8082|9094,3880|20140|29893,796|8082|9094,observed_lineup_change_not_verified_signing
596401,244784,2026-01-16 20:05:00,2682,2359,LEVIATÁN,8549|13823|21251|21659|21661,https://www.vlr.gg/596401/100-thieves-vs-leviat-n-vct-2026-americas-kickoff-ur1,231367,2025-08-24 17:00:00,619|1818|8373|8549|21659,13823|21251|21661,619|1818|8373,observed_lineup_change_not_verified_signing
596402,244787,2026-01-17 17:00:00,2682,1034,NRG,2172|5132|11118|11225|11494,https://www.vlr.gg/596402/nrg-vs-cloud9-vct-2026-americas-kickoff-ur2,233482,2025-10-05 07:00:00,2172|4164|5132|11118|11225,11494,4164,observed_lineup_change_not_verified_signing
596403,244790,2026-01-17 19:00:00,2682,7386,MIBR,1818|4004|7603|8480|21668,https://www.vlr.gg/596403/mibr-vs-envy-vct-2026-americas-kickoff-ur2,233491,2025-09-29 12:20:00,5395|5957|8480|20240|21668,1818|4004|7603,5395|5957|20240,observed_lineup_change_not_verified_signing
596404,244793,2026-01-18 17:00:00,2682,2,Sentinels,1265|5395|8419|30470|36245,https://www.vlr.gg/596404/sentinels-vs-furia-vct-2026-americas-kickoff-ur2,233408,2025-09-19 12:30:00,729|1265|3880|4004|36245,5395|8419|30470,729|3880|4004,observed_lineup_change_not_verified_signing
596405,244796,2026-01-18 19:20:00,2682,11058,G2 Esports,2170|3885|3993|7873|15500,https://www.vlr.gg/596405/g2-esports-vs-100-thieves-vct-2026-americas-kickoff-ur2,233485,2025-09-27 09:00:00,3885|3993|4581|7873|15500,2170,4581,observed_lineup_change_not_verified_signing
594740,244304,2026-01-20 11:00:00,2684,4915,Natus Vincere,384|4544|5568|18677|29867,https://www.vlr.gg/594740/natus-vincere-vs-karmine-corp-vct-2026-emea-kickoff-ur1,231417,2025-08-29 14:40:00,109|384|18677|25906|29867,4544|5568,109|25906,observed_lineup_change_not_verified_signing
594740,244304,2026-01-20 11:00:00,2684,8877,Karmine Corp,1428|2858|5654|16215|20144,https://www.vlr.gg/594740/natus-vincere-vs-karmine-corp-vct-2026-emea-kickoff-ur1,232628,2025-08-23 11:00:00,727|2858|5654|8808|10307,1428|16215|20144,727|8808|10307,observed_lineup_change_not_verified_signing
594741,244307,2026-01-20 13:35:00,2684,1184,FUT Esports,8044|8369|10114|12793|15735,https://www.vlr.gg/594741/fut-esports-vs-gentle-mates-vct-2026-emea-kickoff-ur1,226509,2025-08-15 11:00:00,573|1139|8044|8369|12793,10114|15735,573|1139,observed_lineup_change_not_verified_signing
594741,244307,2026-01-20 13:35:00,2684,12694,Gentle Mates,565|8286|10307|18400|23169,https://www.vlr.gg/594741/fut-esports-vs-gentle-mates-vct-2026-emea-kickoff-ur1,226507,2025-08-14 13:05:00,1475|12928|23169|40591|45494,565|8286|10307|18400,1475|12928|40591|45494,observed_lineup_change_not_verified_signing
602710,247905,2026-01-20 16:00:00,2783,11001,M80,64|1533|17770|23407|24553,https://www.vlr.gg/602710/m80-vs-evictix-challengers-2026-north-america-ace-stage-1-r1,183623,2024-09-21 15:00:00,864|3722|4828|6582|8082,64|1533|17770|23407|24553,864|3722|4828|6582|8082,observed_lineup_change_not_verified_signing
602711,247908,2026-01-20 16:00:00,2783,10448,Winthrop University,3702|9017|30743|39602|48800,https://www.vlr.gg/602711/winthrop-university-vs-pigeons-challengers-2026-north-america-ace-stage-1-r1,236254,2025-10-24 16:00:00,3980|8286|9017|9063|9835,3702|30743|39602|48800,3980|8286|9063|9835,observed_lineup_change_not_verified_signing
594742,244310,2026-01-21 11:00:00,2684,3478,PCIFIC Esports,573|5292|7105|8376|28948,https://www.vlr.gg/594742/pcific-esports-vs-bbl-esports-vct-2026-emea-kickoff-ur1,183645,2024-09-15 12:00:00,5565|24344|31305|31855|40591,573|5292|7105|8376|28948,5565|24344|31305|31855|40591,observed_lineup_change_not_verified_signing
594742,244310,2026-01-21 11:00:00,2684,397,BBL Esports,5565|12795|24344|31305|40935,https://www.vlr.gg/594742/pcific-esports-vs-bbl-esports-vct-2026-emea-kickoff-ur1,233349,2025-08-30 12:00:00,2173|5554|5568|9780|20144,5565|12795|24344|31305|40935,2173|5554|5568|9780|20144,observed_lineup_change_not_verified_signing
594743,244313,2026-01-21 14:20:00,2684,18019,ULF Esports,12226|12670|16447|40843|41720,https://www.vlr.gg/594743/ulf-esports-vs-team-vitality-vct-2026-emea-kickoff-ur1,238796,2025-10-25 12:00:00,12670|39357|40843|41720|49346,12226|16447,39357|49346,observed_lineup_change_not_verified_signing
594743,244313,2026-01-21 14:20:00,2684,2059,Team Vitality,458|4521|5022|5554|9780,https://www.vlr.gg/594743/ulf-esports-vs-team-vitality-vct-2026-emea-kickoff-ur1,231398,2025-08-23 14:55:00,312|4521|5022|8447|11134,458|5554|9780,312|8447|11134,observed_lineup_change_not_verified_signing
606535,248819,2026-01-21 18:25:00,2783,6985,QoR,3685|7458|24228|25745|39021,https://www.vlr.gg/606535/qor-vs-evictix-challengers-2026-north-america-ace-stage-1-r2-0-1,247903,2026-01-19 18:00:00,3079|3685|7458|25745|39021,24228,3079,observed_lineup_change_not_verified_signing
606535,248834,2026-01-21 18:25:00,2783,19914,Evictix,24950|31910|44417|44838|48017,https://www.vlr.gg/606535/qor-vs-evictix-challengers-2026-north-america-ace-stage-1-r2-0-1,248819,2026-01-21 18:25:00,31910|39124|44417|44838|48017,24950,39124,observed_lineup_change_not_verified_signing
595630,244560,2026-01-22 03:00:00,2683,6199,Team Secret,2334|4056|4874|7437|29839,https://www.vlr.gg/595630/nongshim-redforce-vs-team-secret-vct-2026-pacific-kickoff-ur1,223738,2025-08-10 04:00:00,2334|7437|8504|9740|14225,4056|4874|29839,8504|9740|14225,observed_lineup_change_not_verified_signing
598923,245204,2026-01-22 04:00:00,2685,12685,Trace Esports,3045|4770|10821|36415|37494,https://www.vlr.gg/598923/trace-esports-vs-wolves-esports-vct-2026-china-kickoff-ur1,230577,2025-08-10 08:15:00,3021|3045|4770|36668|37494,10821|36415,3021|36668,observed_lineup_change_not_verified_signing
598923,245204,2026-01-22 04:00:00,2685,13790,Wolves Esports,6022|7849|14125|19292|43007,https://www.vlr.gg/598923/trace-esports-vs-wolves-esports-vct-2026-china-kickoff-ur1,223218,2025-08-02 05:00:00,7426|7849|11218|14125|37489,6022|19292|43007,7426|11218|37489,observed_lineup_change_not_verified_signing
595631,244563,2026-01-22 05:10:00,2683,5448,ZETA DIVISION,1960|6668|12990|25221|34776,https://www.vlr.gg/595631/zeta-division-vs-full-sense-vct-2026-pacific-kickoff-ur1,223735,2025-08-09 06:25:00,424|2615|6668|25221|29839,1960|12990|34776,424|2615|29839,observed_lineup_change_not_verified_signing
595631,244563,2026-01-22 05:10:00,2683,4050,FULL SENSE,13784|13788|25255|27254|42901,https://www.vlr.gg/595631/zeta-division-vs-full-sense-vct-2026-pacific-kickoff-ur1,238805,2025-10-21 03:00:00,8582|14677|15897|23930|27254,13784|13788|25255|42901,8582|14677|15897|23930,observed_lineup_change_not_verified_signing
598924,245207,2026-01-22 07:25:00,2685,11328,FunPlus Phoenix,3028|4382|7857|19530|50025,https://www.vlr.gg/598924/funplus-phoenix-vs-tyloo-vct-2026-china-kickoff-ur1,230580,2025-08-10 05:00:00,872|3028|6022|7857|19530,4382|50025,872|6022,observed_lineup_change_not_verified_signing
598924,245207,2026-01-22 07:25:00,2685,731,TYLOO,3049|36685|39485|41739|55085,https://www.vlr.gg/598924/funplus-phoenix-vs-tyloo-vct-2026-china-kickoff-ur1,230582,2025-08-21 05:00:00,3049|3547|11843|39485|41739,36685|55085,3547|11843,observed_lineup_change_not_verified_signing
594744,244316,2026-01-22 11:00:00,2684,1001,Team Heretics,1144|10971|21328|29873|40591,https://www.vlr.gg/594744/team-heretics-vs-natus-vincere-vct-2026-emea-kickoff-ur2,233494,2025-09-29 09:00:00,1144|10971|18350|21328|29873,40591,18350,observed_lineup_change_not_verified_signing
595632,244567,2026-01-23 03:00:00,2683,918,Global Esports,872|4428|5796|7754|13744,https://www.vlr.gg/595632/varrel-vs-global-esports-vct-2026-pacific-kickoff-ur1,223731,2025-08-09 04:00:00,4428|5129|5796|13219|25081,872|7754|13744,5129|13219|25081,observed_lineup_change_not_verified_signing
598921,245198,2026-01-23 04:00:00,2685,1119,All Gamers,21216|25494|46748|55038|58959,https://www.vlr.gg/598921/all-gamers-vs-nova-esports-vct-2026-china-kickoff-ur1,230586,2025-08-21 07:10:00,4881|10821|25494|42537|46748,21216|55038|58959,4881|10821|42537,observed_lineup_change_not_verified_signing
598921,245198,2026-01-23 04:00:00,2685,12064,Nova Esports,4712|34181|36670|41054|46460,https://www.vlr.gg/598921/all-gamers-vs-nova-esports-vct-2026-china-kickoff-ur1,223218,2025-08-02 05:00:00,1209|4402|39697|41054|46460,4712|34181|36670,1209|4402|39697,observed_lineup_change_not_verified_signing
595633,244569,2026-01-23 05:10:00,2683,278,DetonatioN FocusMe,6672|13002|21438|29841|29843,https://www.vlr.gg/595633/detonation-focusme-vs-gen-g-vct-2026-pacific-kickoff-ur1,231318,2025-08-15 04:00:00,4052|6672|13002|21438|48577,29841|29843,4052|48577,observed_lineup_change_not_verified_signing
595633,244569,2026-01-23 05:10:00,2683,17,Gen.G,773|9196|25017|34974|51099,https://www.vlr.gg/595633/detonation-focusme-vs-gen-g-vct-2026-pacific-kickoff-ur1,231322,2025-08-15 06:05:00,2489|9196|11600|25017|34974,773|51099,2489|11600,observed_lineup_change_not_verified_signing
598922,245201,2026-01-23 06:55:00,2685,13576,JD Mall JDG Esports (JD Gaming),3519|11218|12365|16924|49476,https://www.vlr.gg/598922/jdg-esports-vs-titan-esports-club-vct-2026-china-kickoff-ur1,223224,2025-08-03 05:00:00,3519|15302|16924|41029|55828,11218|12365|49476,15302|41029|55828,observed_lineup_change_not_verified_signing
598922,245201,2026-01-23 06:55:00,2685,14137,Wuxi Titan Esports Club (Titan Esports Club),4720|5011|19677|42235|47629,https://www.vlr.gg/598922/jdg-esports-vs-titan-esports-club-vct-2026-china-kickoff-ur1,223214,2025-08-01 07:40:00,4720|5011|7841|19677|47629,42235,7841,observed_lineup_change_not_verified_signing
594746,244322,2026-01-23 11:00:00,2684,2593,FNATIC,4|438|9554|9810|12928,https://www.vlr.gg/594746/fnatic-vs-bbl-esports-vct-2026-emea-kickoff-ur2,233482,2025-10-05 07:00:00,4|438|458|9554|9810,12928,458,observed_lineup_change_not_verified_signing
594747,244325,2026-01-23 13:25:00,2684,474,Team Liquid,457|1885|11134|14681|18350,https://www.vlr.gg/594747/team-liquid-vs-team-vitality-vct-2026-emea-kickoff-ur2,233440,2025-09-21 09:00:00,309|457|2168|11494|14681,1885|11134|18350,309|2168|11494,observed_lineup_change_not_verified_signing
595634,244573,2026-01-24 03:00:00,2683,14,T1,485|804|2489|13039|29833,https://www.vlr.gg/595634/t1-vs-nongshim-redforce-vct-2026-pacific-kickoff-ur2,233455,2025-09-22 09:00:00,485|804|13039|29833|43057,2489,43057,observed_lineup_change_not_verified_signing
598927,245216,2026-01-24 04:00:00,2685,13581,Xi Lai Gaming,11527|22047|24308|37489|37927,https://www.vlr.gg/598927/xi-lai-gaming-vs-wolves-esports-vct-2026-china-kickoff-ur2,233410,2025-09-21 11:20:00,11527|12365|22047|36415|37927,24308|37489,12365|36415,observed_lineup_change_not_verified_signing
595635,244575,2026-01-24 05:55:00,2683,8185,KIWOOM DRX,1916|4462|4678|17049|28400,https://www.vlr.gg/595635/drx-vs-full-sense-vct-2026-pacific-kickoff-ur2,233501,2025-10-04 07:00:00,1916|4462|4678|28400|35013,17049,35013,observed_lineup_change_not_verified_signing
598928,245219,2026-01-24 06:35:00,2685,1120,EDward Gaming,3017|3520|4742|15559|39697,https://www.vlr.gg/598928/edward-gaming-vs-tyloo-vct-2026-china-kickoff-ur2,233438,2025-09-19 09:00:00,3017|3520|4742|15559|51244,39697,51244,observed_lineup_change_not_verified_signing
596412,244819,2026-01-24 20:05:00,2682,188,Cloud9,729|7716|7871|17433|26171,https://www.vlr.gg/596412/leviat-n-vs-cloud9-vct-2026-americas-kickoff-mr1,244788,2026-01-17 17:00:00,729|7716|7871|17433|18796,26171,18796,observed_lineup_change_not_verified_signing
595636,244578,2026-01-25 03:00:00,2683,624,Paper Rex,7378|8504|9801|9803|17086,https://www.vlr.gg/595636/paper-rex-vs-global-esports-vct-2026-pacific-kickoff-ur2,233496,2025-10-03 09:35:00,7378|9801|9803|13744|17086,8504,13744,observed_lineup_change_not_verified_signing
598925,245210,2026-01-25 04:00:00,2685,12010,Guangzhou Huadu Bilibili Gaming (Bilibili Gaming),4774|4885|10698|48878|56260,https://www.vlr.gg/598925/bilibili-gaming-vs-all-gamers-vct-2026-china-kickoff-ur2,233423,2025-09-20 09:00:00,4774|4885|10698|40845|48878,56260,40845,observed_lineup_change_not_verified_signing
604657,248530,2026-01-26 14:00:00,2778,16971,ShindeN,2931|3826|13860|41134|59095,https://www.vlr.gg/604657/alt-f4-vs-shinden-challengers-2026-latam-south-ace-stage-1-w1,236221,2025-10-19 16:00:00,783|2931|8892|12872|13860,3826|41134|59095,783|8892|12872,observed_lineup_change_not_verified_signing
609056,249685,2026-01-26 16:00:00,2783,19914,Evictix,31910|44344|44417|44838|48017,https://www.vlr.gg/609056/evictix-vs-azure-dragon-gaming-challengers-2026-north-america-ace-stage-1-r3-0-2,248834,2026-01-21 18:25:00,24950|31910|44417|44838|48017,44344,24950,observed_lineup_change_not_verified_signing
594751,244339,2026-01-27 11:00:00,2684,474,Team Liquid,457|1885|14681|18350|24628,https://www.vlr.gg/594751/karmine-corp-vs-team-liquid-vct-2026-emea-kickoff-mr1,244327,2026-01-23 13:25:00,457|1885|11134|14681|18350,24628,11134,observed_lineup_change_not_verified_signing
604659,248536,2026-01-27 14:00:00,2778,367,9z Globant,725|2610|3455|22964|29241,https://www.vlr.gg/604659/9z-team-vs-farenvehn-challengers-2026-latam-south-ace-stage-1-w1,236236,2025-10-21 19:20:00,1294|2464|2468|2610|3828,725|3455|22964|29241,1294|2464|2468|3828,observed_lineup_change_not_verified_signing
608869,249411,2026-01-28 15:00:00,2787,15072,2Game Esports,651|1575|6195|14950|27149,https://www.vlr.gg/608869/2game-esports-vs-intz-challengers-2026-brazil-gamers-club-stage-1-w1,224796,2025-08-16 19:20:00,662|6195|11921|14950|21661,651|1575|27149,662|11921|21661,observed_lineup_change_not_verified_signing
608872,249420,2026-01-29 15:00:00,2787,1124,RED Canids,2585|5351|6238|36106|48964,https://www.vlr.gg/608872/red-canids-vs-team-solid-challengers-2026-brazil-gamers-club-stage-1-w1,236207,2025-10-14 19:15:00,651|1566|3157|5351|32717,2585|6238|36106|48964,651|1566|3157|32717,observed_lineup_change_not_verified_signing
608872,249420,2026-01-29 15:00:00,2787,19265,Team Solid,1581|2567|8706|25743|48981,https://www.vlr.gg/608872/red-canids-vs-team-solid-challengers-2026-brazil-gamers-club-stage-1-w1,236257,2025-10-25 16:00:00,1671|8706|8873|13823|25743,1581|2567|48981,1671|8873|13823,observed_lineup_change_not_verified_signing
604693,248632,2026-01-29 17:00:00,2777,17252,FUEGO,2753|7639|10556|42199|53131,https://www.vlr.gg/604693/fuego-vs-contra-challengers-2026-latam-north-ace-stage-1-w1,248618,2026-01-26 20:00:00,1328|2753|7639|10556|53131,42199,1328,observed_lineup_change_not_verified_signing
596420,244845,2026-01-31 19:45:00,2682,2359,LEVIATÁN,8549|21251|21659|21661|29243,https://www.vlr.gg/596420/kr-esports-vs-leviat-n-vct-2026-americas-kickoff-lr1,244820,2026-01-24 20:05:00,8549|13823|21251|21659|21661,29243,13823,observed_lineup_change_not_verified_signing
596416,244831,2026-02-01 19:25:00,2682,188,Cloud9,729|7716|7871|17433|18796,https://www.vlr.gg/596416/g2-esports-vs-cloud9-vct-2026-americas-kickoff-mr3,244827,2026-01-25 20:00:00,729|7716|7871|17433|26171,18796,26171,observed_lineup_change_not_verified_signing
604665,248554,2026-02-02 14:00:00,2778,19409,ALT F4,2909|8278|43935|48863|62165,https://www.vlr.gg/604665/alt-f4-vs-oxen-challengers-2026-latam-south-ace-stage-1-w2,248546,2026-01-28 16:10:00,2909|8278|41128|43935|48863,62165,41128,observed_lineup_change_not_verified_signing
604665,248554,2026-02-02 14:00:00,2778,9427,OXEN,2818|29244|36168|46082|56788,https://www.vlr.gg/604665/alt-f4-vs-oxen-challengers-2026-latam-south-ace-stage-1-w2,248552,2026-01-29 17:00:00,2818|29244|36168|46082|50461,56788,50461,observed_lineup_change_not_verified_signing
612646,251447,2026-02-02 18:15:00,2783,5038,YFP,6437|20959|21886|21887|44842,https://www.vlr.gg/612646/evictix-vs-yfp-challengers-2026-north-america-ace-stage-1-r5-2-2,251248,2026-01-29 19:00:00,6437|8434|21886|21887|44842,20959,8434,observed_lineup_change_not_verified_signing
604697,248644,2026-02-03 17:00:00,2777,21126,Tezcat Gaming,3227|8790|8792|17694|54082,https://www.vlr.gg/604697/contra-vs-tezcat-gaming-challengers-2026-latam-north-ace-stage-1-w2,248628,2026-01-28 17:00:00,3227|8790|8792|10582|17694,54082,10582,observed_lineup_change_not_verified_signing
608876,249432,2026-02-04 15:00:00,2787,15072,2Game Esports,651|3156|6195|14950|27149,https://www.vlr.gg/608876/remo-esports-vs-2game-esports-challengers-2026-brazil-gamers-club-stage-1-w2,249412,2026-01-28 15:00:00,651|1575|6195|14950|27149,3156,1575,observed_lineup_change_not_verified_signing
608879,249441,2026-02-05 15:00:00,2787,16071,PEEK,22912|22914|32725|33121|47107,https://www.vlr.gg/608879/peek-vs-red-canids-challengers-2026-brazil-gamers-club-stage-1-w2,249424,2026-01-29 15:00:00,22912|22914|32725|32732|33121,47107,32732,observed_lineup_change_not_verified_signing
596421,244848,2026-02-06 17:00:00,2682,427,ENVY,1129|2462|21778|26171|35302,https://www.vlr.gg/596421/envy-vs-evil-geniuses-vct-2026-americas-kickoff-lr2,244827,2026-01-25 20:00:00,53|1129|2462|21778|35302,26171,53,observed_lineup_change_not_verified_signing
598941,245260,2026-02-08 04:00:00,2685,12010,Guangzhou Huadu Bilibili Gaming (Bilibili Gaming),3021|4885|10698|48878|56260,https://www.vlr.gg/598941/xi-lai-gaming-vs-bilibili-gaming-vct-2026-china-kickoff-mbf,245258,2026-02-06 04:00:00,4774|4885|10698|48878|56260,3021,4774,observed_lineup_change_not_verified_signing
604669,248566,2026-02-09 14:00:00,2778,19409,ALT F4,2909|8278|41128|43935|48863,https://www.vlr.gg/604669/9z-team-vs-alt-f4-challengers-2026-latam-south-ace-stage-1-w3,248556,2026-02-02 14:00:00,2909|8278|43935|48863|62165,41128,62165,observed_lineup_change_not_verified_signing
604671,248572,2026-02-10 14:00:00,2778,16726,AURA,7652|9354|11046|28715|53155,https://www.vlr.gg/604671/aura-vs-shinden-challengers-2026-latam-south-ace-stage-1-w3,248558,2026-02-02 17:00:00,7652|9354|11046|28715|41449,53155,41449,observed_lineup_change_not_verified_signing
604672,248575,2026-02-10 17:00:00,2778,19791,KRÜ SPARK,1294|36169|36433|38857|41224,https://www.vlr.gg/604672/oxen-vs-kr-spark-challengers-2026-latam-south-ace-stage-1-w3,248564,2026-02-03 17:00:00,36433|41224|46901|54011|58018,1294|36169|38857,46901|54011|58018,observed_lineup_change_not_verified_signing
604701,248656,2026-02-10 17:00:00,2777,17252,FUEGO,1328|7639|10556|42199|53131,https://www.vlr.gg/604701/fuego-vs-lyon-challengers-2026-latam-north-ace-stage-1-w3,248648,2026-02-03 20:00:00,2753|7639|10556|42199|53131,1328,2753,observed_lineup_change_not_verified_signing
608883,249447,2026-02-11 15:00:00,2787,15072,2Game Esports,651|1575|6195|14950|27149,https://www.vlr.gg/608883/mibr-academy-vs-2game-esports-challengers-2026-brazil-gamers-club-stage-1-w3,249434,2026-02-04 15:00:00,651|3156|6195|14950|27149,1575,3156,observed_lineup_change_not_verified_signing
616830,252696,2026-02-12 06:00:00,2823,19972,MoonWish Esports,7580|9202|56126|56127|58679,https://www.vlr.gg/616830/kadiliman-vs-moonwish-esports-challengers-2026-southeast-asia-split-1-r3,252688,2026-02-11 08:00:00,7513|7580|9202|56126|56127,58679,7513,observed_lineup_change_not_verified_signing
616830,252697,2026-02-12 06:00:00,2823,19972,MoonWish Esports,7513|7580|9202|56126|56127,https://www.vlr.gg/616830/kadiliman-vs-moonwish-esports-challengers-2026-southeast-asia-split-1-r3,252696,2026-02-12 06:00:00,7580|9202|56126|56127|58679,7513,58679,observed_lineup_change_not_verified_signing
608888,249462,2026-02-12 17:30:00,2787,16071,PEEK,22912|22914|32725|33121|40859,https://www.vlr.gg/608888/peek-vs-team-solid-challengers-2026-brazil-gamers-club-stage-1-w3,249443,2026-02-05 15:00:00,22912|22914|32725|33121|47107,40859,47107,observed_lineup_change_not_verified_signing
616837,252717,2026-02-13 06:00:00,2823,20988,Zirca,3480|7804|7807|9263|10749,https://www.vlr.gg/616837/brimstone-vs-zirca-challengers-2026-southeast-asia-split-1-r5,252706,2026-02-12 08:30:00,3480|7807|9263|9717|10749,7804,9717,observed_lineup_change_not_verified_signing
616838,252720,2026-02-13 06:00:00,2823,19972,MoonWish Esports,7580|9202|48403|56126|56127,https://www.vlr.gg/616838/moonwish-esports-vs-trinity-challengers-2026-southeast-asia-split-1-r5,252712,2026-02-12 08:30:00,7513|7580|9202|56126|56127,48403,7513,observed_lineup_change_not_verified_signing
604677,248587,2026-02-17 17:00:00,2778,9425,LEVIATÁN Academy,29240|48864|48984|50459|62287,https://www.vlr.gg/604677/9z-team-vs-leviat-n-academy-challengers-2026-latam-south-ace-stage-1-w4,248570,2026-02-09 17:00:00,29240|48864|48984|50459|59179,62287,59179,observed_lineup_change_not_verified_signing
604710,248668,2026-02-17 17:00:00,2777,17289,AB3 Esports,24026|25097|38921|39538|50581,https://www.vlr.gg/604710/ab3-esports-vs-tezcat-gaming-challengers-2026-latam-north-ace-stage-1-w4,248654,2026-02-09 20:45:00,25097|38921|39538|50581|61428,24026,61428,observed_lineup_change_not_verified_signing
604711,248671,2026-02-17 20:00:00,2777,7269,FUSION,2968|15924|20806|41409|49876,https://www.vlr.gg/604711/fusion-vs-contra-challengers-2026-latam-north-ace-stage-1-w4,248652,2026-02-09 17:00:00,2968|15924|20806|45922|49876,41409,45922,observed_lineup_change_not_verified_signing
608891,249471,2026-02-18 18:00:00,2787,21122,HOLY,662|1578|2486|15395|41449,https://www.vlr.gg/608891/holy-vs-equipe-caos-challengers-2026-brazil-gamers-club-stage-1-w4,249436,2026-02-04 18:00:00,662|1578|2486|15395|40859,41449,40859,observed_lineup_change_not_verified_signing
622058,254003,2026-02-19 16:00:00,2783,21055,sleepers,37022|45699|47858|47982|57188,https://www.vlr.gg/622058/sleepers-vs-shopify-rebellion-black-challengers-2026-north-america-ace-stage-1-ubsf,253995,2026-02-17 19:10:00,44348|45699|47858|47982|57188,37022,44348,observed_lineup_change_not_verified_signing
622058,254004,2026-02-19 16:00:00,2783,21055,sleepers,44348|45699|47858|47982|57188,https://www.vlr.gg/622058/sleepers-vs-shopify-rebellion-black-challengers-2026-north-america-ace-stage-1-ubsf,254003,2026-02-19 16:00:00,37022|45699|47858|47982|57188,44348,37022,observed_lineup_change_not_verified_signing
604678,248590,2026-02-23 14:00:00,2778,19791,KRÜ SPARK,1294|36169|36433|38857|58018,https://www.vlr.gg/604678/kr-spark-vs-melser-kindergarten-challengers-2026-latam-south-ace-stage-1-w5,248586,2026-02-17 14:00:00,1294|36169|36433|38857|41224,58018,41224,observed_lineup_change_not_verified_signing
604678,248591,2026-02-23 14:00:00,2778,19791,KRÜ SPARK,1294|36169|38857|41224|58018,https://www.vlr.gg/604678/kr-spark-vs-melser-kindergarten-challengers-2026-latam-south-ace-stage-1-w5,248590,2026-02-23 14:00:00,1294|36169|36433|38857|58018,41224,36433,observed_lineup_change_not_verified_signing
604712,248674,2026-02-23 17:00:00,2777,7269,FUSION,2968|15924|20806|45922|49876,https://www.vlr.gg/604712/fusion-vs-tezcat-gaming-challengers-2026-latam-north-ace-stage-1-w5,248673,2026-02-17 20:00:00,2968|15924|20806|41409|49876,45922,41409,observed_lineup_change_not_verified_signing
604713,248677,2026-02-23 20:00:00,2777,17289,AB3 Esports,24026|25097|38921|39538|61428,https://www.vlr.gg/604713/fuego-vs-ab3-esports-challengers-2026-latam-north-ace-stage-1-w5,248669,2026-02-17 17:00:00,24026|25097|38921|39538|50581,61428,50581,observed_lineup_change_not_verified_signing
604681,248599,2026-02-24 17:00:00,2778,16726,AURA,7652|9354|11046|33070|53155,https://www.vlr.gg/604681/oxen-vs-aura-challengers-2026-latam-south-ace-stage-1-w5,248579,2026-02-16 14:00:00,7652|9354|11046|28715|53155,33070,28715,observed_lineup_change_not_verified_signing
608903,249501,2026-02-25 15:00:00,2787,19213,Remo Esports,1291|5722|41864|44903|57175,https://www.vlr.gg/608903/remo-esports-vs-equipe-caos-challengers-2026-brazil-gamers-club-stage-1-w6,249469,2026-02-18 15:00:00,1291|5722|41864|44903|55371,57175,55371,observed_lineup_change_not_verified_signing
626291,254262,2026-02-26 03:00:00,2830,20978,ARETE,25082|42843|44586|61079|61081,https://www.vlr.gg/626291/gen-g-global-academy-vs-arete-challengers-2026-korea-wdg-split-1-w1,252182,2026-02-02 05:00:00,42843|61078|61079|61080|61081,25082|44586,61078|61080,observed_lineup_change_not_verified_signing
629823,255473,2026-03-05 04:30:00,2823,18117,Motiv Esports,5228|5886|9152|11737|24653,https://www.vlr.gg/629823/motiv-esports-vs-trinity-challengers-2026-southeast-asia-split-1-d1,235428,2025-10-25 03:00:00,3342|5886|11704|24628|24653,5228|9152|11737,3342|11704|24628,observed_lineup_change_not_verified_signing
629824,255476,2026-03-05 07:30:00,2823,7031,NAOS,13219|16842|35965|35967|49001,https://www.vlr.gg/629824/naos-vs-rival-esports-challengers-2026-southeast-asia-split-1-d1,235422,2025-10-24 03:00:00,3401|7754|11737|16842|16852,13219|35965|35967|49001,3401|7754|11737|16852,observed_lineup_change_not_verified_signing
636140,256430,2026-03-07 02:30:00,2880,21599,THEGODs,60155|60157|62824|62825|62826,https://www.vlr.gg/636140/x-ind-vs-thegods-challengers-2026-south-asia-split-1-ro64,256429,2026-03-07 02:30:00,60154|60157|62824|62825|62826,60155,60154,observed_lineup_change_not_verified_signing
636145,256445,2026-03-07 02:30:00,2880,21604,Team Null,24329|26221|51543|51546|60158,https://www.vlr.gg/636145/suplexure-vs-team-null-challengers-2026-south-asia-split-1-ro64,256444,2026-03-07 02:30:00,26221|47806|51543|51546|60158,24329,47806,observed_lineup_change_not_verified_signing
636145,256446,2026-03-07 02:30:00,2880,21604,Team Null,26221|47806|51543|51546|60158,https://www.vlr.gg/636145/suplexure-vs-team-null-challengers-2026-south-asia-split-1-ro64,256445,2026-03-07 02:30:00,24329|26221|51543|51546|60158,47806,24329,observed_lineup_change_not_verified_signing
636147,256451,2026-03-07 02:30:00,2880,21606,CCE YOUTH,47098|47753|59715|62875|62876,https://www.vlr.gg/636147/dark-kings-vs-cce-youth-challengers-2026-south-asia-split-1-ro64,256450,2026-03-07 02:30:00,47098|47753|59715|62874|62875,62876,62874,observed_lineup_change_not_verified_signing
636163,256498,2026-03-07 05:30:00,2880,20595,NWA,46048|46059|46060|47754|58220,https://www.vlr.gg/636163/nwa-vs-arise-esports-challengers-2026-south-asia-split-1-ro32,256406,2026-03-07 02:30:00,46048|46059|46060|58220|60737,47754,60737,observed_lineup_change_not_verified_signing
636167,256511,2026-03-07 05:30:00,2880,21587,AR Esports,15363|17292|17295|46062|51635,https://www.vlr.gg/636167/x-ind-vs-ar-esports-challengers-2026-south-asia-split-1-ro32,256433,2026-03-07 02:30:00,15363|17295|46062|51585|51635,17292,51585,observed_lineup_change_not_verified_signing
636179,256521,2026-03-07 05:30:00,2880,16346,RTN,47751|51555|60138|62856|62857,https://www.vlr.gg/636179/rtn-vs-xcrew-esports-challengers-2026-south-asia-split-1-ro32,256520,2026-03-07 05:30:00,47751|51555|60137|62856|62857,60138,60137,observed_lineup_change_not_verified_signing
636184,256535,2026-03-07 05:30:00,2880,21621,Ninja Turtles,52797|62866|62867|62868|62869,https://www.vlr.gg/636184/unrivaled-vs-ninja-turtles-challengers-2026-south-asia-split-1-ro32,256487,2026-03-07 02:30:00,52797|62866|62867|62869|62916,62868,62916,observed_lineup_change_not_verified_signing
636185,256538,2026-03-07 05:30:00,2880,21622,Red Lotus Society,60674|62870|62871|62872|62873,https://www.vlr.gg/636185/red-lotus-society-vs-rr-paglus-challengers-2026-south-asia-split-1-ro32,256400,2026-03-07 02:30:00,60674|60676|62871|62872|62873,62870,60676,observed_lineup_change_not_verified_signing
636255,256632,2026-03-07 08:30:00,2880,20844,Unrivaled,24820|24829|51592|53491|62850,https://www.vlr.gg/636255/unrivaled-vs-rr-paglus-challengers-2026-south-asia-split-1-ro16,256536,2026-03-07 05:30:00,24820|24829|51592|51599|53491,62850,51599,observed_lineup_change_not_verified_signing
636255,256633,2026-03-07 08:30:00,2880,20844,Unrivaled,24820|24829|51592|51599|53491,https://www.vlr.gg/636255/unrivaled-vs-rr-paglus-challengers-2026-south-asia-split-1-ro16,256632,2026-03-07 08:30:00,24820|24829|51592|53491|62850,51599,62850,observed_lineup_change_not_verified_signing
636603,256647,2026-03-08 03:30:00,2880,21611,you mirin brah,47739|47740|62841|62842|62843,https://www.vlr.gg/636603/you-mirin-brah-vs-x-ind-challengers-2026-south-asia-split-1-qf,256627,2026-03-07 08:30:00,47739|62841|62842|62843|62844,47740,62844,observed_lineup_change_not_verified_signing
636659,256668,2026-03-09 03:30:00,2880,21582,Vison Esports,40066|62775|62776|62777|62946,https://www.vlr.gg/636659/vison-esports-vs-leosun-esports-challengers-2026-south-asia-split-1-uro16,256618,2026-03-07 08:30:00,40066|62774|62775|62776|62777,62946,62774,observed_lineup_change_not_verified_signing
636660,256671,2026-03-09 03:30:00,2880,20596,SIGN Esports,40057|47835|51655|51695|51696,https://www.vlr.gg/636660/sign-esports-vs-the-rad-syndicate-challengers-2026-south-asia-split-1-uro16,256630,2026-03-07 08:30:00,40057|51655|51695|51696|53490,47835,53490,observed_lineup_change_not_verified_signing
636660,256672,2026-03-09 03:30:00,2880,20596,SIGN Esports,40057|47835|51655|51695|53490,https://www.vlr.gg/636660/sign-esports-vs-the-rad-syndicate-challengers-2026-south-asia-split-1-uro16,256671,2026-03-09 03:30:00,40057|47835|51655|51695|51696,53490,51696,observed_lineup_change_not_verified_signing
636669,256698,2026-03-09 06:30:00,2880,16351,ZeroFrags,24912|30693|47804|58219|60162,https://www.vlr.gg/636669/zerofrags-vs-redviperz-challengers-2026-south-asia-split-1-lr1,256657,2026-03-09 03:30:00,24912|30693|43405|47804|58219,60162,43405,observed_lineup_change_not_verified_signing
636673,256710,2026-03-09 09:30:00,2880,20595,NWA,46048|46059|46060|58220|60737,https://www.vlr.gg/636673/nwa-vs-x-ind-challengers-2026-south-asia-split-1-lr2,256685,2026-03-09 06:30:00,46048|46059|46060|47754|58220,60737,47754,observed_lineup_change_not_verified_signing
638459,256782,2026-03-09 16:00:00,2783,11648,ROSE,893|5035|5166|17751|28870,https://www.vlr.gg/638459/rose-vs-winthrop-university-challengers-2026-north-america-ace-stage-1-gs,251442,2026-02-02 16:00:00,893|5035|17751|28870|28892,5166,28892,observed_lineup_change_not_verified_signing
638459,256782,2026-03-09 16:00:00,2783,10448,Winthrop University,9017|30743|39180|39602|48800,https://www.vlr.gg/638459/rose-vs-winthrop-university-challengers-2026-north-america-ace-stage-1-gs,251439,2026-02-02 16:00:00,3702|9017|30743|39602|48800,39180,3702,observed_lineup_change_not_verified_signing
636668,256695,2026-03-10 03:30:00,2880,798,The Rad Syndicate,10463|18702|30877|43408|62259,https://www.vlr.gg/636668/the-rad-syndicate-vs-xcrew-esports-challengers-2026-south-asia-split-1-ubsf,256687,2026-03-09 06:30:00,10463|18702|28612|30877|43408,62259,28612,observed_lineup_change_not_verified_signing
636679,256728,2026-03-10 06:30:00,2880,798,The Rad Syndicate,10463|18702|28612|30877|43408,https://www.vlr.gg/636679/the-rad-syndicate-vs-asterisk-challengers-2026-south-asia-split-1-lr4,256696,2026-03-10 03:30:00,10463|18702|30877|43408|62259,28612,62259,observed_lineup_change_not_verified_signing
638460,256785,2026-03-10 16:00:00,2783,16278,Blue Otter,873|11696|28879|37704|46601,https://www.vlr.gg/638460/blue-otter-vs-rose-challengers-2026-north-america-ace-stage-1-gs,251229,2026-01-28 16:00:00,873|11696|20959|28879|37704,46601,20959,observed_lineup_change_not_verified_signing
629827,255485,2026-03-11 06:00:00,2823,466,BOOM Esports,252|7043|7049|10739|16852,https://www.vlr.gg/629827/boom-esports-vs-rival-esports-challengers-2026-southeast-asia-split-1-d2,235438,2025-10-26 03:00:00,4874|7043|7049|10739|57171,252|16852,4874|57171,observed_lineup_change_not_verified_signing
626299,254286,2026-03-12 04:00:00,2830,9749,DRX Academy,4059|24979|34973|34982|56665,https://www.vlr.gg/626299/gen-g-global-academy-vs-drx-academy-challengers-2026-korea-wdg-split-1-w2,254276,2026-02-27 00:00:00,24979|34973|34982|51238|56665,4059,51238,observed_lineup_change_not_verified_signing
626300,257165,2026-03-12 06:45:00,2830,15744,FEARX,4127|25080|62406|62407|63008,https://www.vlr.gg/626300/fearx-vs-onside-gaming-challengers-2026-korea-wdg-split-1-w2,254289,2026-03-12 06:45:00,4127|25080|34883|62406|62407,63008,34883,observed_lineup_change_not_verified_signing
608912,249528,2026-03-12 16:00:00,2787,16853,Paysandu Esports,37091|37095|40858|44309|50768,https://www.vlr.gg/608912/paysandu-esports-vs-red-canids-challengers-2026-brazil-gamers-club-stage-1-w7,249517,2026-02-26 18:00:00,37095|40858|44309|50768|55192,37091,55192,observed_lineup_change_not_verified_signing
608913,249531,2026-03-12 16:00:00,2787,16068,F4TALITY,5342|8896|15916|41466|56935,https://www.vlr.gg/608913/furia-academy-vs-f4tality-challengers-2026-brazil-gamers-club-stage-1-w7,249512,2026-02-26 15:00:00,5342|8896|15916|20251|56935,41466,20251,observed_lineup_change_not_verified_signing
604685,248611,2026-03-12 17:25:00,2778,9427,OXEN,29244|36168|46082|56785|56788,https://www.vlr.gg/604685/9z-team-vs-oxen-challengers-2026-latam-south-ace-stage-1-w6,248601,2026-02-24 17:00:00,2818|29244|36168|46082|56788,56785,2818,observed_lineup_change_not_verified_signing
604718,248692,2026-03-12 18:00:00,2777,17289,AB3 Esports,2753|24026|25097|36405|39538,https://www.vlr.gg/604718/ab3-esports-vs-chivas-esports-challengers-2026-latam-north-ace-stage-1-w6,248679,2026-02-23 20:00:00,24026|25097|38921|39538|61428,2753|36405,38921|61428,observed_lineup_change_not_verified_signing
604719,248696,2026-03-12 21:00:00,2777,7269,FUSION,2968|19248|20806|41409|49876,https://www.vlr.gg/604719/fusion-vs-fuego-challengers-2026-latam-north-ace-stage-1-w6,248695,2026-03-12 21:00:00,2968|15924|20806|45922|49876,19248|41409,15924|45922,observed_lineup_change_not_verified_signing
626303,254298,2026-03-13 03:00:00,2830,15744,FEARX,4127|25080|34883|62406|62407,https://www.vlr.gg/626303/arete-vs-fearx-challengers-2026-korea-wdg-split-1-w2,257165,2026-03-12 06:45:00,4127|25080|62406|62407|63008,34883,63008,observed_lineup_change_not_verified_signing
626305,254305,2026-03-18 04:00:00,2830,15744,FEARX,4127|25080|62406|62407|63008,https://www.vlr.gg/626305/drx-academy-vs-fearx-challengers-2026-korea-wdg-split-1-w3,254304,2026-03-18 04:00:00,4127|25080|34883|62406|62407,63008,34883,observed_lineup_change_not_verified_signing
626305,254306,2026-03-18 04:00:00,2830,15744,FEARX,4127|25080|34883|62406|62407,https://www.vlr.gg/626305/drx-academy-vs-fearx-challengers-2026-korea-wdg-split-1-w3,254305,2026-03-18 04:00:00,4127|25080|62406|62407|63008,34883,63008,observed_lineup_change_not_verified_signing
644251,258030,2026-03-18 17:40:00,2777,7269,FUSION,2968|15924|20806|41409|49876,https://www.vlr.gg/644251/fusion-vs-atletico-san-pancho-challengers-2026-latam-north-ace-stage-1-opening,248696,2026-03-12 21:00:00,2968|19248|20806|41409|49876,15924,19248,observed_lineup_change_not_verified_signing
628544,255099,2026-03-19 03:00:00,2847,5148,Insomnia,34760|43074|47467|47482|62034,https://www.vlr.gg/628544/agelite-vs-insomnia-challengers-2026-japan-split-1-ur1,252154,2026-02-04 02:30:00,34760|37475|43074|47467|62034,47482,37475,observed_lineup_change_not_verified_signing
626307,254311,2026-03-19 04:00:00,2830,21437,Mir Gaming,42769|42842|60217|60218|61968,https://www.vlr.gg/626307/onside-gaming-vs-mir-gaming-challengers-2026-korea-wdg-split-1-w3,254310,2026-03-19 04:00:00,42769|42842|60217|60220|61968,60218,60220,observed_lineup_change_not_verified_signing
626308,254313,2026-03-19 07:00:00,2830,20978,ARETE,25082|37535|42843|44586|61081,https://www.vlr.gg/626308/dplus-esports-vs-arete-challengers-2026-korea-wdg-split-1-w3,254300,2026-03-13 03:00:00,25082|42843|44586|61079|61081,37535,61079,observed_lineup_change_not_verified_signing
642128,257665,2026-03-19 12:00:00,2782,876,Enterprise Esports,2173|3674|10338|45494|55681,https://www.vlr.gg/642128/enterprise-esports-vs-bar-a-esports-challengers-2026-emea-stage-1-b,238749,2025-10-20 11:00:00,562|1369|1616|2700|2894,2173|3674|10338|45494|55681,562|1369|1616|2700|2894,observed_lineup_change_not_verified_signing
642128,257665,2026-03-19 12:00:00,2782,14461,Barça eSports,292|5199|15064|33731|40004,https://www.vlr.gg/642128/enterprise-esports-vs-bar-a-esports-challengers-2026-emea-stage-1-b,183417,2024-09-04 14:00:00,2653|2701|5199|7220|20271,292|15064|33731|40004,2653|2701|7220|20271,observed_lineup_change_not_verified_signing
642140,257692,2026-03-19 12:00:00,2782,7967,Mandatory,301|2625|5004|11322|20871,https://www.vlr.gg/642140/mandatory-vs-mir-challengers-2026-emea-stage-1-d,238796,2025-10-25 12:00:00,113|114|301|1284|3582,2625|5004|11322|20871,113|114|1284|3582,observed_lineup_change_not_verified_signing
626309,254316,2026-03-20 01:00:00,2830,21437,Mir Gaming,42769|42842|60217|60220|61968,https://www.vlr.gg/626309/t1-academy-vs-mir-gaming-challengers-2026-korea-wdg-split-1-w3,254311,2026-03-19 04:00:00,42769|42842|60217|60218|61968,60220,60218,observed_lineup_change_not_verified_signing
642883,257865,2026-03-20 05:30:00,2880,16939,xCrew,31333|43389|46056|46058|49570,https://www.vlr.gg/642883/xcrew-vs-the-rad-syndicate-challengers-2026-south-asia-split-1-w1,257857,2026-03-18 08:30:00,22054|31333|43389|46056|49570,46058,22054,observed_lineup_change_not_verified_signing
642129,257668,2026-03-20 14:00:00,2782,6882,FOKUS,1281|8808|18162|24424|33358,https://www.vlr.gg/642129/enterprise-esports-vs-fokus-challengers-2026-emea-stage-1-b,237128,2025-10-20 13:25:00,1457|2658|4244|5292|35513,1281|8808|18162|24424|33358,1457|2658|4244|5292|35513,observed_lineup_change_not_verified_signing
644276,258087,2026-03-20 15:00:00,2778,9425,LEVIATÁN Academy,29240|48864|50459|59179|62287,https://www.vlr.gg/644276/shinden-vs-leviat-n-academy-challengers-2026-latam-south-ace-stage-1-ubsf,248604,2026-03-11 15:00:00,29240|48864|48984|50459|62287,59179,48984,observed_lineup_change_not_verified_signing
644277,258090,2026-03-20 17:30:00,2778,9427,OXEN,2818|29244|36168|46082|56785,https://www.vlr.gg/644277/melser-kindergarten-vs-oxen-challengers-2026-latam-south-ace-stage-1-ubsf,248612,2026-03-12 17:25:00,29244|36168|46082|56785|56788,2818,56788,observed_lineup_change_not_verified_signing
628548,255111,2026-03-21 03:00:00,2847,14375,RIDDLE ORDER,4663|5476|10584|37393|48577,https://www.vlr.gg/628548/riddle-order-vs-insomnia-challengers-2026-japan-split-1-ubqf,238805,2025-10-21 03:00:00,4663|5476|10584|29841|29843,37393|48577,29841|29843,observed_lineup_change_not_verified_signing
642886,257874,2026-03-21 07:40:00,2880,17664,DOT EXE,41840|43448|43449|47773|51628,https://www.vlr.gg/642886/asterisk-vs-dot-exe-challengers-2026-south-asia-split-1-w1,257854,2026-03-18 05:30:00,43395|43448|43449|47773|51628,41840,43395,observed_lineup_change_not_verified_signing
645644,258695,2026-03-21 10:00:00,2884,19680,ASTERIX DIVISION,49713|50293|50310|58119|59036,https://www.vlr.gg/645644/coalesce-vs-asterix-division-challengers-2026-north-east-stage-2-uro32,258694,2026-03-21 10:00:00,49713|50272|50293|50310|58119,59036,50272,observed_lineup_change_not_verified_signing
642134,257680,2026-03-21 12:00:00,2782,11232,Joblife,114|321|1369|1475|21610,https://www.vlr.gg/642134/joblife-vs-pixel-lumina-challengers-2026-emea-stage-1-c,238752,2025-10-22 11:00:00,565|2625|13258|20871|33731,114|321|1369|1475|21610,565|2625|13258|20871|33731,observed_lineup_change_not_verified_signing
645659,258740,2026-03-21 12:00:00,2884,15027,FULL BOX 200,4540|5810|37841|60806|61846,https://www.vlr.gg/645659/full-box-200-vs-kz-players-challengers-2026-north-east-stage-2-uro16,258739,2026-03-21 12:00:00,4540|5810|50206|60806|61846,37841,50206,observed_lineup_change_not_verified_signing
645679,258791,2026-03-21 12:00:00,2884,21721,Tan'i Phoenix,46050|52542|60540|61039|63093,https://www.vlr.gg/645679/tani-phoenix-vs-elite-klan-challengers-2026-north-east-stage-2-lr1,258725,2026-03-21 10:00:00,46050|52542|52545|60540|63093,61039,52545,observed_lineup_change_not_verified_signing
645665,258757,2026-03-22 10:00:00,2884,15027,FULL BOX 200,4540|5810|50206|60806|61846,https://www.vlr.gg/645665/bunkurs-13-vs-full-box-200-challengers-2026-north-east-stage-2-ubqf,258741,2026-03-21 12:00:00,4540|5810|37841|60806|61846,50206,37841,observed_lineup_change_not_verified_signing
645666,258760,2026-03-22 10:00:00,2884,21715,Natus Vincere Junior,4614|29559|37925|46441|60705,https://www.vlr.gg/645666/natus-vincere-junior-vs-zombie-squad-challengers-2026-north-east-stage-2-ubqf,258743,2026-03-21 12:00:00,29559|37925|42651|46441|60705,4614,42651,observed_lineup_change_not_verified_signing
645682,258800,2026-03-22 10:00:00,2884,20971,UBE,37705|59061|59320|61028|63215,https://www.vlr.gg/645682/ube-vs-marine-region-challengers-2026-north-east-stage-2-lr2,258749,2026-03-21 12:00:00,37705|59061|59320|61028|63204,63215,63204,observed_lineup_change_not_verified_signing
646060,259272,2026-03-22 10:00:00,2884,12478,Coalesce,16262|37697|47950|48656|62183,https://www.vlr.gg/646060/coalesce-vs-baigiau-challengers-2026-north-east-stage-2-lr2,258737,2026-03-21 12:00:00,16262|37697|47950|48656|49746,62183,49746,observed_lineup_change_not_verified_signing
646060,259273,2026-03-22 10:00:00,2884,12478,Coalesce,16262|37697|47950|48656|49746,https://www.vlr.gg/646060/coalesce-vs-baigiau-challengers-2026-north-east-stage-2-lr2,259272,2026-03-22 10:00:00,16262|37697|47950|48656|62183,49746,62183,observed_lineup_change_not_verified_signing
646061,259275,2026-03-22 10:00:00,2884,21721,Tan'i Phoenix,46050|52542|52545|60540|61039,https://www.vlr.gg/646061/kz-players-vs-tani-phoenix-challengers-2026-north-east-stage-2-lr2,258792,2026-03-21 12:00:00,46050|52542|60540|61039|63093,52545,63093,observed_lineup_change_not_verified_signing
646061,259276,2026-03-22 10:00:00,2884,21721,Tan'i Phoenix,46050|52542|52545|60540|63093,https://www.vlr.gg/646061/kz-players-vs-tani-phoenix-challengers-2026-north-east-stage-2-lr2,259275,2026-03-22 10:00:00,46050|52542|52545|60540|61039,63093,61039,observed_lineup_change_not_verified_signing
645242,258547,2026-03-23 16:00:00,2857,9353,Shopify Rebellion Black,4927|8082|24228|29076|30556,https://www.vlr.gg/645242/shopify-rebellion-black-vs-rose-challengers-2026-north-america-ace-stage-2-r1,254011,2026-02-26 16:00:00,4927|8082|29076|29547|30556,24228,29547,observed_lineup_change_not_verified_signing
645242,258547,2026-03-23 16:00:00,2857,11648,ROSE,873|893|5166|17751|28870,https://www.vlr.gg/645242/shopify-rebellion-black-vs-rose-challengers-2026-north-america-ace-stage-2-r1,256770,2026-03-12 16:00:00,893|5035|5166|17751|28870,873,5035,observed_lineup_change_not_verified_signing
645243,258550,2026-03-23 16:00:00,2857,11001,M80,4828|8422|17770|24553|30470,https://www.vlr.gg/645243/m80-vs-pigeons-challengers-2026-north-america-ace-stage-2-r1,254021,2026-02-23 18:20:00,64|1533|17770|23407|24553,4828|8422|30470,64|1533|23407,observed_lineup_change_not_verified_signing
645244,258553,2026-03-23 18:10:00,2857,13920,SaD Esports,733|16671|23407|39239|41550,https://www.vlr.gg/645244/sad-esports-vs-division-one-challengers-2026-north-america-ace-stage-2-r1,254033,2026-02-25 16:00:00,733|16671|34057|39239|41550,23407,34057,observed_lineup_change_not_verified_signing
645245,258556,2026-03-23 18:50:00,2857,5601,Nightblood Gaming,4385|10053|26848|29074|36036,https://www.vlr.gg/645245/sleepers-vs-nightblood-gaming-challengers-2026-north-america-ace-stage-2-r1,252435,2026-02-09 16:00:00,4385|8422|10053|29074|36036,26848,8422,observed_lineup_change_not_verified_signing
645246,258559,2026-03-24 16:00:00,2857,21049,NRG Academy,766|2119|6582|12932|25902,https://www.vlr.gg/645246/nrg-academy-vs-alliance-guardians-challengers-2026-north-america-ace-stage-2-r1,254024,2026-02-23 16:00:00,766|2119|12932|15639|25902,6582,15639,observed_lineup_change_not_verified_signing
645246,258559,2026-03-24 16:00:00,2857,16440,Alliance Guardians,64|765|6642|32654|43997,https://www.vlr.gg/645246/nrg-academy-vs-alliance-guardians-challengers-2026-north-america-ace-stage-2-r1,252441,2026-02-09 18:20:00,21878|26569|32654|36046|43997,64|765|6642,21878|26569|36046,observed_lineup_change_not_verified_signing
645247,258562,2026-03-24 16:00:00,2857,21054,Evil Geniuses Academy,612|844|2164|8742|14048,https://www.vlr.gg/645247/evil-geniuses-academy-vs-azure-dragon-gaming-challengers-2026-north-america-ace-stage-2-r1,254019,2026-02-18 18:10:00,612|2164|8742|14048|20957,844,20957,observed_lineup_change_not_verified_signing
645247,258562,2026-03-24 16:00:00,2857,21053,Azure Dragon Gaming,4917|15051|28892|39602|42064,https://www.vlr.gg/645247/evil-geniuses-academy-vs-azure-dragon-gaming-challengers-2026-north-america-ace-stage-2-r1,253896,2026-02-11 16:00:00,3007|4917|8375|15051|42064,28892|39602,3007|8375,observed_lineup_change_not_verified_signing
645249,258568,2026-03-24 18:00:00,2857,19914,Evictix,3007|26569|31910|44417|48017,https://www.vlr.gg/645249/evictix-vs-yfp-challengers-2026-north-america-ace-stage-2-r1,254015,2026-02-18 16:00:00,31910|44344|44417|44838|48017,3007|26569,44344|44838,observed_lineup_change_not_verified_signing
645249,258568,2026-03-24 18:00:00,2857,5038,YFP,1023|6437|21887|44842|45696,https://www.vlr.gg/645249/evictix-vs-yfp-challengers-2026-north-america-ace-stage-2-r1,253898,2026-02-11 19:05:00,6437|20959|21886|21887|44842,1023|45696,20959|21886,observed_lineup_change_not_verified_signing
645248,258565,2026-03-24 19:10:00,2857,6985,QoR,1533|3685|7458|25745|39021,https://www.vlr.gg/645248/qor-vs-shopify-rebellion-gold-challengers-2026-north-america-ace-stage-2-r1,254011,2026-02-26 16:00:00,3685|7458|24228|25745|39021,1533,24228,observed_lineup_change_not_verified_signing
644253,259562,2026-03-24 21:00:00,2777,21459,STREAMER ARENA,10582|35619|35650|57479|62445,https://www.vlr.gg/644253/streamer-arena-vs-atletico-san-pancho-challengers-2026-latam-north-ace-stage-1-elim,259537,2026-03-24 21:00:00,10582|35619|35650|57477|57479,62445,57477,observed_lineup_change_not_verified_signing
626313,254329,2026-03-25 04:00:00,2830,15744,FEARX,4127|25080|62406|62407|63008,https://www.vlr.gg/626313/dplus-esports-vs-fearx-challengers-2026-korea-wdg-split-1-w4,254328,2026-03-25 04:00:00,4127|25080|34883|62406|62407,63008,34883,observed_lineup_change_not_verified_signing
644254,258041,2026-03-25 20:00:00,2777,21459,STREAMER ARENA,10582|35619|35650|57477|57479,https://www.vlr.gg/644254/fusion-vs-streamer-arena-challengers-2026-latam-north-ace-stage-1-decider,259562,2026-03-24 21:00:00,10582|35619|35650|57479|62445,57477,62445,observed_lineup_change_not_verified_signing
644254,258042,2026-03-25 20:00:00,2777,7269,FUSION,2968|15924|20806|41409|45922,https://www.vlr.gg/644254/fusion-vs-streamer-arena-challengers-2026-latam-north-ace-stage-1-decider,258041,2026-03-25 20:00:00,2968|15924|20806|41409|49876,45922,49876,observed_lineup_change_not_verified_signing
644254,258043,2026-03-25 20:00:00,2777,7269,FUSION,2968|20806|41409|45922|49876,https://www.vlr.gg/644254/fusion-vs-streamer-arena-challengers-2026-latam-north-ace-stage-1-decider,258042,2026-03-25 20:00:00,2968|15924|20806|41409|45922,49876,15924,observed_lineup_change_not_verified_signing
626315,254334,2026-03-26 04:00:00,2830,19189,ONSIDE GAMING,9192|25053|42721|60576|62291,https://www.vlr.gg/626315/arete-vs-onside-gaming-challengers-2026-korea-wdg-split-1-w4,254323,2026-03-20 03:00:00,9192|25053|42721|60576|60577,62291,60577,observed_lineup_change_not_verified_signing
642891,257883,2026-03-26 05:30:00,2880,17664,DOT EXE,43395|43448|43449|47773|51628,https://www.vlr.gg/642891/revenant-xspark-vs-dot-exe-challengers-2026-south-asia-split-1-w2,257875,2026-03-21 07:40:00,41840|43448|43449|47773|51628,43395,41840,observed_lineup_change_not_verified_signing
644281,258104,2026-03-27 15:00:00,2778,9425,LEVIATÁN Academy,29240|43958|48864|50459|59179,https://www.vlr.gg/644281/melser-kindergarten-vs-leviat-n-academy-challengers-2026-latam-south-ace-stage-1-lbf,258103,2026-03-22 17:10:00,29240|48864|50459|59179|62287,43958,62287,observed_lineup_change_not_verified_signing
644829,258470,2026-03-28 07:00:00,2823,21267,555,2366|15891|23062|41694|48516,https://www.vlr.gg/644829/motiv-esports-vs-555-challengers-2026-southeast-asia-split-1-lbf,258469,2026-03-27 10:30:00,2366|23062|41694|41702|48516,15891,41702,observed_lineup_change_not_verified_signing
646066,259290,2026-03-28 10:00:00,2884,4141,WLGaming Esports,31298|33986|45834|47522|48938,https://www.vlr.gg/646066/wlgaming-esports-vs-uniway-challengers-2026-north-east-stage-2-lr4,258755,2026-03-22 10:00:00,31298|33986|45834|47522|50335,48938,50335,observed_lineup_change_not_verified_signing
646068,259296,2026-03-28 10:00:00,2884,21715,Natus Vincere Junior,29559|37925|42651|46441|60705,https://www.vlr.gg/646068/natus-vincere-junior-vs-enisorail-challengers-2026-north-east-stage-2-lr4,258761,2026-03-22 10:00:00,4614|29559|37925|46441|60705,42651,4614,observed_lineup_change_not_verified_signing
642898,257904,2026-03-29 08:30:00,2880,17664,DOT EXE,41840|43448|43449|47773|51628,https://www.vlr.gg/642898/dot-exe-vs-leosun-esports-challengers-2026-south-asia-split-1-w2,257899,2026-03-28 07:20:00,43395|43448|43449|47773|51628,41840,43395,observed_lineup_change_not_verified_signing
646072,259308,2026-03-29 09:00:00,2884,20150,Bunkurs 13,16012|29629|50270|60341|61318,https://www.vlr.gg/646072/leo-esports-vs-bunkurs-13-challengers-2026-north-east-stage-2-lbqf,259302,2026-03-28 12:00:00,16012|29629|50270|59057|61318,60341,59057,observed_lineup_change_not_verified_signing
645671,258769,2026-03-29 12:30:00,2884,13112,Lost Puppies,29630|31350|40003|42365|42371,https://www.vlr.gg/645671/zombie-squad-vs-lost-puppies-challengers-2026-north-east-stage-2-gf,259314,2026-03-29 10:00:00,31350|36402|40003|42365|42371,29630,36402,observed_lineup_change_not_verified_signing
642899,257907,2026-03-30 05:30:00,2880,16939,xCrew,31333|43389|46056|46126|49570,https://www.vlr.gg/642899/revenant-xspark-vs-xcrew-challengers-2026-south-asia-split-1-w2,257890,2026-03-27 05:30:00,31333|43389|46056|46058|49570,46126,46058,observed_lineup_change_not_verified_signing
642914,257925,2026-03-31 05:00:00,2864,14137,Wuxi Titan Esports Club (Titan Esports Club),4720|4881|19677|42235|47629,https://www.vlr.gg/642914/titan-esports-club-vs-all-gamers-vct-2026-china-stage-1-w1,245276,2026-02-04 04:00:00,4720|5011|19677|42235|47629,4881,5011,observed_lineup_change_not_verified_signing
642914,257925,2026-03-31 05:00:00,2864,1119,All Gamers,3031|21216|25494|46748|58959,https://www.vlr.gg/642914/titan-esports-club-vs-all-gamers-vct-2026-china-stage-1-w1,254394,2026-03-10 16:10:00,21216|25494|46748|55038|58959,3031,55038,observed_lineup_change_not_verified_signing
642901,257913,2026-03-31 05:30:00,2880,16939,xCrew,31333|43389|46056|46058|49570,https://www.vlr.gg/642901/xcrew-vs-dot-exe-challengers-2026-south-asia-split-1-w2,257908,2026-03-30 05:30:00,31333|43389|46056|46126|49570,46058,46126,observed_lineup_change_not_verified_signing
642901,257913,2026-03-31 05:30:00,2880,17664,DOT EXE,41840|43395|43448|43449|51628,https://www.vlr.gg/642901/xcrew-vs-dot-exe-challengers-2026-south-asia-split-1-w2,257905,2026-03-29 08:30:00,41840|43448|43449|47773|51628,43395,47773,observed_lineup_change_not_verified_signing
642915,257928,2026-03-31 08:30:00,2864,12064,Nova Esports,34181|41054|43007|45492|46460,https://www.vlr.gg/642915/nova-esports-vs-edward-gaming-vct-2026-china-stage-1-w1,245267,2026-01-31 04:00:00,4712|34181|36670|41054|46460,43007|45492,4712|36670,observed_lineup_change_not_verified_signing
642915,257928,2026-03-31 08:30:00,2864,1120,EDward Gaming,3017|3520|4742|15559|51244,https://www.vlr.gg/642915/nova-esports-vs-edward-gaming-vct-2026-china-stage-1-w1,254349,2026-03-03 13:00:00,3017|3520|4742|15559|39697,51244,39697,observed_lineup_change_not_verified_signing
647396,260081,2026-04-01 04:00:00,2830,9749,DRX Academy,24979|34973|34982|56665|63154,https://www.vlr.gg/647396/onside-gaming-vs-drx-academy-challengers-2026-korea-wdg-split-1-ur1,254338,2026-03-26 06:15:00,4059|24979|34973|34982|56665,63154,4059,observed_lineup_change_not_verified_signing
642916,257931,2026-04-01 05:00:00,2864,11328,FunPlus Phoenix,7857|7987|19530|50025|55823,https://www.vlr.gg/642916/jdg-esports-vs-funplus-phoenix-vct-2026-china-stage-1-w1,245270,2026-02-01 04:00:00,3028|4382|7857|19530|50025,7987|55823,3028|4382,observed_lineup_change_not_verified_signing
648099,260506,2026-04-01 05:40:00,2847,104,REJECT,424|7405|7745|10588|34775,https://www.vlr.gg/648099/insomnia-vs-reject-challengers-2026-japan-split-1-ubqf,255127,2026-03-26 06:00:00,424|7405|7745|10588|63154,34775,63154,observed_lineup_change_not_verified_signing
647397,260084,2026-04-01 06:40:00,2830,20978,ARETE,25082|37535|42843|61080|61081,https://www.vlr.gg/647397/gen-g-global-academy-vs-arete-challengers-2026-korea-wdg-split-1-ur1,254335,2026-03-26 04:00:00,25082|37535|42843|44586|61081,61080,44586,observed_lineup_change_not_verified_signing
642917,257934,2026-04-01 08:10:00,2864,11981,Dragon Ranger Gaming,3028|3741|4705|11524|31753,https://www.vlr.gg/642917/dragon-ranger-gaming-vs-xi-lai-gaming-vct-2026-china-stage-1-w1,245288,2026-02-07 02:00:00,3741|4705|11524|31753|52904,3028,52904,observed_lineup_change_not_verified_signing
644710,258342,2026-04-01 14:35:00,2863,8877,Karmine Corp,2858|5654|16215|20144|36245,https://www.vlr.gg/644710/team-liquid-vs-karmine-corp-vct-2026-emea-stage-1-w1,252723,2026-02-05 11:00:00,1428|2858|5654|16215|20144,36245,1428,observed_lineup_change_not_verified_signing
639899,257098,2026-04-01 16:00:00,2787,16068,F4TALITY,5342|8896|20251|41466|56935,https://www.vlr.gg/639899/holy-vs-f4tality-challengers-2026-brazil-gamers-club-stage-1-opening,249533,2026-03-12 16:00:00,5342|8896|15916|41466|56935,20251,15916,observed_lineup_change_not_verified_signing
639900,257101,2026-04-01 18:20:00,2787,16853,Paysandu Esports,37095|40858|44309|50768|55192,https://www.vlr.gg/639900/paysandu-esports-vs-remo-esports-challengers-2026-brazil-gamers-club-stage-1-opening,249529,2026-03-12 16:00:00,37091|37095|40858|44309|50768,55192,37091,observed_lineup_change_not_verified_signing
642918,257937,2026-04-02 05:00:00,2864,13790,Wolves Esports,6022|7849|14125|19292|49973,https://www.vlr.gg/642918/wolves-esports-vs-trace-esports-vct-2026-china-stage-1-w1,245273,2026-02-03 04:00:00,6022|7849|14125|19292|43007,49973,43007,observed_lineup_change_not_verified_signing
642918,257937,2026-04-02 05:00:00,2864,12685,Trace Esports,5011|10821|36415|37494|54487,https://www.vlr.gg/642918/wolves-esports-vs-trace-esports-vct-2026-china-stage-1-w1,245278,2026-02-05 04:00:00,3045|4770|10821|36415|37494,5011|54487,3045|4770,observed_lineup_change_not_verified_signing
642919,257940,2026-04-02 07:30:00,2864,12010,Guangzhou Huadu Bilibili Gaming (Bilibili Gaming),4774|4885|10698|48878|62947,https://www.vlr.gg/642919/bilibili-gaming-vs-tyloo-vct-2026-china-stage-1-w1,253654,2026-02-09 04:00:00,3021|4885|10698|48878|56260,4774|62947,3021|56260,observed_lineup_change_not_verified_signing
644711,258345,2026-04-02 11:00:00,2863,2059,Team Vitality,458|5022|5554|9780|33902,https://www.vlr.gg/644711/team-vitality-vs-giantx-vct-2026-emea-stage-1-w1,244394,2026-02-14 08:00:00,458|4521|5022|5554|9780,33902,4521,observed_lineup_change_not_verified_signing
644712,258348,2026-04-02 13:05:00,2863,1184,FUT Esports,5568|8369|12793|15735|39357,https://www.vlr.gg/644712/gentle-mates-vs-fut-esports-vct-2026-emea-stage-1-w1,244373,2026-02-03 11:00:00,8044|8369|10114|12793|15735,5568|39357,8044|10114,observed_lineup_change_not_verified_signing
644652,258249,2026-04-03 04:00:00,2775,17,Gen.G,773|9196|11600|34974|51099,https://www.vlr.gg/644652/gen-g-vs-global-esports-vct-2026-pacific-stage-1-w1,244638,2026-02-07 06:00:00,773|9196|25017|34974|51099,11600,25017,observed_lineup_change_not_verified_signing
644713,258351,2026-04-03 11:00:00,2863,4915,Natus Vincere,4544|15639|18677|29867|37925,https://www.vlr.gg/644713/team-heretics-vs-natus-vincere-vct-2026-emea-stage-1-w1,244384,2026-02-06 11:00:00,384|4544|5568|18677|29867,15639|37925,384|5568,observed_lineup_change_not_verified_signing
644655,258258,2026-04-04 07:10:00,2775,4050,FULL SENSE,3977|13784|13788|25255|27254,https://www.vlr.gg/644655/full-sense-vs-detonation-focusme-vct-2026-pacific-stage-1-w1,244640,2026-02-08 03:00:00,13784|13788|25255|27254|42901,3977,42901,observed_lineup_change_not_verified_signing
649813,261247,2026-04-04 11:00:00,2908,5214,CGN Esports,11|4329|9558|10885|35513,https://www.vlr.gg/649813/aka-hero-vs-cgn-esports-challengers-2026-dach-evolution-stage-2-w1,183651,2024-09-14 12:00:00,1835|2472|4329|7490|10885,11|9558|35513,1835|2472|7490,observed_lineup_change_not_verified_signing
649924,261358,2026-04-04 11:30:00,2884,21715,Natus Vincere Junior,29559|42358|42651|46441|58292,https://www.vlr.gg/649924/bonk-vs-natus-vincere-junior-challengers-2026-north-east-stage-2-r1,259311,2026-03-29 09:00:00,29559|37925|42651|46441|60705,42358|58292,37925|60705,observed_lineup_change_not_verified_signing
649925,261361,2026-04-04 11:30:00,2884,13112,Lost Puppies,31350|36402|40003|42365|42371,https://www.vlr.gg/649925/lost-puppies-vs-leo-esports-challengers-2026-north-east-stage-2-r1,258769,2026-03-29 12:30:00,29630|31350|40003|42365|42371,36402,29630,observed_lineup_change_not_verified_signing
649929,261373,2026-04-04 12:00:00,2884,12355,Bitfix Gaming,7107|11495|36756|39695|59062,https://www.vlr.gg/649929/bitfix-gaming-vs-full-box-200-challengers-2026-north-east-stage-2-r1,259285,2026-03-22 12:00:00,3784|4525|44170|50814|61319,7107|11495|36756|39695|59062,3784|4525|44170|50814|61319,observed_lineup_change_not_verified_signing
649929,261373,2026-04-04 12:00:00,2884,15027,FULL BOX 200,4540|5810|19505|50206|61846,https://www.vlr.gg/649929/bitfix-gaming-vs-full-box-200-challengers-2026-north-east-stage-2-r1,258766,2026-03-22 12:00:00,4540|5810|50206|60806|61846,19505,60806,observed_lineup_change_not_verified_signing
644656,258261,2026-04-05 04:00:00,2775,6199,Team Secret,2334|4056|4874|7437|48439,https://www.vlr.gg/644656/team-secret-vs-drx-vct-2026-pacific-stage-1-w1,244629,2026-02-05 03:00:00,2334|4056|4874|7437|29839,48439,29839,observed_lineup_change_not_verified_signing
644656,258261,2026-04-05 04:00:00,2775,8185,KIWOOM DRX,1916|4462|4678|28400|51238,https://www.vlr.gg/644656/team-secret-vs-drx-vct-2026-pacific-stage-1-w1,244647,2026-02-12 03:00:00,1916|4462|4678|17049|28400,51238,17049,observed_lineup_change_not_verified_signing
649934,261388,2026-04-05 09:00:00,2884,9071,EVOPLAY,9556|9557|42702|50186|52976,https://www.vlr.gg/649934/vr2-vs-evoplay-challengers-2026-north-east-stage-2-r2,261371,2026-04-04 12:00:00,9556|9557|40702|42702|52976,50186,40702,observed_lineup_change_not_verified_signing
650488,261528,2026-04-05 11:00:00,2921,6313,KPI Gaming,32303|50075|51254|55459|55748,https://www.vlr.gg/650488/kpi-gaming-vs-hge-esport-challengers-2026-spain-rising-stage-3-ur1,180937,2024-07-31 10:00:00,251|402|443|2894|33902,32303|50075|51254|55459|55748,251|402|443|2894|33902,observed_lineup_change_not_verified_signing
650955,261723,2026-04-05 12:00:00,2923,11856,GnG Esports,5639|23056|29340|50814|55040,https://www.vlr.gg/650955/gng-esports-vs-vibranium-esports-challengers-2026-mena-resilience-pulse-stage-north-africa-swi,257708,2026-03-23 12:00:00,9698|23056|29340|42358|53324,5639|50814|55040,9698|42358|53324,observed_lineup_change_not_verified_signing
650955,261724,2026-04-05 12:00:00,2923,16077,Vibranium Esports,10448|33453|53114|59374|62466,https://www.vlr.gg/650955/gng-esports-vs-vibranium-esports-challengers-2026-mena-resilience-pulse-stage-north-africa-swi,261723,2026-04-05 12:00:00,10448|53114|59374|60063|62466,33453,60063,observed_lineup_change_not_verified_signing
650955,261965,2026-04-05 12:00:00,2923,16077,Vibranium Esports,10448|53114|59374|60063|62466,https://www.vlr.gg/650955/gng-esports-vs-vibranium-esports-challengers-2026-mena-resilience-pulse-stage-north-africa-swi,261724,2026-04-05 12:00:00,10448|33453|53114|59374|62466,60063,33453,observed_lineup_change_not_verified_signing
650491,261537,2026-04-06 11:00:00,2921,13161,NOVO Esports,2431|2432|4163|5927|13654,https://www.vlr.gg/650491/novo-esports-vs-otakar-esports-challengers-2026-spain-rising-stage-3-ubqf,180946,2024-07-29 15:00:00,1493|1524|4277|18400|23347,2431|2432|4163|5927|13654,1493|1524|4277|18400|23347,observed_lineup_change_not_verified_signing
650493,261543,2026-04-06 13:30:00,2921,17179,DNSTY,8226|12474|12519|23365|33994,https://www.vlr.gg/650493/dnsty-vs-ramboot-club-challengers-2026-spain-rising-stage-3-ubqf,238802,2025-10-26 13:00:00,8226|12474|12519|16209|33994,23365,16209,observed_lineup_change_not_verified_signing
650877,261621,2026-04-06 19:00:00,2787,19213,Remo Esports,5722|23799|41864|44903|57175,https://www.vlr.gg/650877/remo-esports-vs-team-liquid-brazil-challengers-2026-brazil-gamers-club-stage-1-ubsf,257108,2026-04-02 16:00:00,1291|5722|41864|44903|57175,23799,1291,observed_lineup_change_not_verified_signing
653307,262528,2026-04-07 04:00:00,2934,19531,Any Questions Gaming,7426|13768|14439|32183|46042,https://www.vlr.gg/653307/any-questions-gaming-vs-ambitious-legend-gaming-china-national-tournament-2026-split-alpha-pro-d,237376,2025-10-18 05:00:00,13768|14439|32183|46042|58959,7426,58959,observed_lineup_change_not_verified_signing
653308,262531,2026-04-07 07:00:00,2934,11985,Rare Atom,36513|41029|58028|58960|63006,https://www.vlr.gg/653308/rare-atom-vs-weibo-gaming-china-national-tournament-2026-split-alpha-pro-division-w2,237366,2025-10-19 05:00:00,3531|36513|46532|49476|58960,41029|58028|63006,3531|46532|49476,observed_lineup_change_not_verified_signing
651541,262013,2026-04-07 12:00:00,2908,15491,AKA HERO,122|5593|8834|30750|51676,https://www.vlr.gg/651541/aka-hero-vs-fokus-challengers-2026-dach-evolution-stage-2-w2,261248,2026-04-04 11:00:00,122|8834|20302|30750|51676,5593,20302,observed_lineup_change_not_verified_signing
651542,262017,2026-04-07 15:00:00,2908,8826,ALTERNATE aTTaX,2472|4969|9508|42638|55749,https://www.vlr.gg/651542/alternate-attax-vs-eintracht-frankfurt-challengers-2026-dach-evolution-stage-2-w2,262016,2026-04-07 15:00:00,4969|9508|12528|42638|55749,2472,12528,observed_lineup_change_not_verified_signing
648752,260843,2026-04-07 16:00:00,2857,19914,Evictix,3007|26569|31910|44344|44417,https://www.vlr.gg/648752/sad-esports-vs-evictix-challengers-2026-north-america-ace-stage-2-r4-1-2,259823,2026-03-30 16:00:00,3007|26569|31910|44417|48017,44344,48017,observed_lineup_change_not_verified_signing
650938,261685,2026-04-08 18:00:00,2919,2131,Chivas Esports,18784|25097|26757|27879|45918,https://www.vlr.gg/650938/chivas-esports-vs-tezcat-gaming-challengers-2026-latam-north-ace-masters-opening-a,258061,2026-03-21 20:00:00,10581|18784|26757|27879|45918,25097,10581,observed_lineup_change_not_verified_signing
650943,261700,2026-04-08 21:00:00,2919,17289,AB3 Esports,20538|24021|55008|55031|63666,https://www.vlr.gg/650943/ab3-esports-vs-fuego-challengers-2026-latam-north-ace-masters-opening-b,258036,2026-03-24 18:00:00,2753|24026|25097|36405|39538,20538|24021|55008|55031|63666,2753|24026|25097|36405|39538,observed_lineup_change_not_verified_signing
650943,261700,2026-04-08 21:00:00,2919,17252,FUEGO,1328|7639|24026|42199|53131,https://www.vlr.gg/650943/ab3-esports-vs-fuego-challengers-2026-latam-north-ace-masters-opening-b,248696,2026-03-12 21:00:00,1328|7639|10556|42199|53131,24026,10556,observed_lineup_change_not_verified_signing
642931,257973,2026-04-09 05:00:00,2864,1119,All Gamers,21216|25494|46040|46748|58959,https://www.vlr.gg/642931/jdg-esports-vs-all-gamers-vct-2026-china-stage-1-w2,257947,2026-04-03 07:10:00,3031|21216|25494|46748|58959,46040,3031,observed_lineup_change_not_verified_signing
644719,258366,2026-04-09 13:30:00,2863,1001,Team Heretics,1144|10971|21328|23365|29873,https://www.vlr.gg/644719/team-liquid-vs-team-heretics-vct-2026-emea-stage-1-w2,258353,2026-04-03 11:00:00,1144|10971|21328|29873|40591,23365,40591,observed_lineup_change_not_verified_signing
650920,261644,2026-04-09 15:00:00,2920,9427,OXEN,1291|2586|2818|46082|46901,https://www.vlr.gg/650920/oxen-vs-9z-team-challengers-2026-latam-south-ace-masters-opening-a,258103,2026-03-22 17:10:00,2818|29244|36168|46082|56785,1291|2586|46901,29244|36168|56785,observed_lineup_change_not_verified_signing
650920,261644,2026-04-09 15:00:00,2920,367,9z Globant,7652|29240|29241|29244|36168,https://www.vlr.gg/650920/oxen-vs-9z-team-challengers-2026-latam-south-ace-masters-opening-a,248612,2026-03-12 17:25:00,725|2610|3455|22964|29241,7652|29240|29244|36168,725|2610|3455|22964,observed_lineup_change_not_verified_signing
650882,261636,2026-04-09 16:00:00,2787,16853,Paysandu Esports,37091|37095|40858|44309|50768,https://www.vlr.gg/650882/paysandu-esports-vs-remo-esports-challengers-2026-brazil-gamers-club-stage-1-lbf,261626,2026-04-08 16:00:00,37095|40858|44309|50768|55192,37091,55192,observed_lineup_change_not_verified_signing
650925,261659,2026-04-09 18:00:00,2920,19791,KRÜ SPARK,1294|15916|38857|41224|58018,https://www.vlr.gg/650925/kr-spark-vs-university-war-challengers-2026-latam-south-ace-masters-opening-b,258076,2026-03-24 15:00:00,1294|36169|38857|41224|58018,15916,36169,observed_lineup_change_not_verified_signing
645474,258575,2026-04-10 17:00:00,2860,2,Sentinels,261|1265|4581|5395|8419,https://www.vlr.gg/645474/sentinels-vs-kr-esports-vct-2026-americas-stage-1-w1,244852,2026-02-06 19:30:00,1265|5395|8419|30470|36245,261|4581,30470|36245,observed_lineup_change_not_verified_signing
645474,258575,2026-04-10 17:00:00,2860,2355,KRÜ Esports,727|939|8447|11921|41135,https://www.vlr.gg/645474/sentinels-vs-kr-esports-vct-2026-americas-stage-1-w1,244846,2026-01-31 19:45:00,1294|3980|9063|36169|38857,727|939|8447|11921|41135,1294|3980|9063|36169|38857,observed_lineup_change_not_verified_signing
649957,261424,2026-04-11 09:00:00,2884,21715,Natus Vincere Junior,4614|29559|42358|46441|58292,https://www.vlr.gg/649957/natus-vincere-junior-vs-lost-puppies-challengers-2026-north-east-stage-2-r4,261404,2026-04-06 11:00:00,29559|42358|42651|46441|58292,4614,42651,observed_lineup_change_not_verified_signing
649958,261427,2026-04-11 09:00:00,2884,20871,baigiau,50253|57990|57995|59034|63725,https://www.vlr.gg/649958/baigiau-vs-bonk-challengers-2026-north-east-stage-2-r4,261404,2026-04-06 11:00:00,50253|57990|57992|57995|59034,63725,57992,observed_lineup_change_not_verified_signing
649962,261439,2026-04-11 09:00:00,2884,9071,EVOPLAY,9556|9557|40702|42702|52976,https://www.vlr.gg/649962/uniway-vs-evoplay-challengers-2026-north-east-stage-2-r4,261420,2026-04-06 13:30:00,9556|9557|42702|50186|52976,40702,50186,observed_lineup_change_not_verified_signing
649959,261430,2026-04-11 11:30:00,2884,17177,Pixel Lumina,1835|2525|2617|4525|48705,https://www.vlr.gg/649959/pixel-lumina-vs-formulation-gaming-challengers-2026-north-east-stage-2-r4,261402,2026-04-06 11:00:00,1835|2525|2617|7231|48705,4525,7231,observed_lineup_change_not_verified_signing
649963,261442,2026-04-11 11:30:00,2884,20879,VR2,4894|9698|10429|29553|33522,https://www.vlr.gg/649963/mir-vs-vr2-challengers-2026-north-east-stage-2-r4,261422,2026-04-06 13:30:00,4894|10378|10429|29553|33522,9698,10378,observed_lineup_change_not_verified_signing
649964,261445,2026-04-11 11:30:00,2884,15027,FULL BOX 200,4540|19505|50206|61846|63726,https://www.vlr.gg/649964/full-box-200-vs-team-liquid-academy-challengers-2026-north-east-stage-2-r4,261414,2026-04-06 11:00:00,4540|5810|19505|50206|61846,63726,5810,observed_lineup_change_not_verified_signing
645477,258584,2026-04-11 20:35:00,2860,6961,LOUD,3983|5203|6193|10557|28716,https://www.vlr.gg/645477/envy-vs-loud-vct-2026-americas-stage-1-w1,244843,2026-01-31 17:00:00,683|3983|6193|10557|28716,5203,683,observed_lineup_change_not_verified_signing
644663,258282,2026-04-12 05:50:00,2775,17,Gen.G,773|9196|25017|34974|51099,https://www.vlr.gg/644663/gen-g-vs-paper-rex-vct-2026-pacific-stage-1-w2,258250,2026-04-03 04:00:00,773|9196|11600|34974|51099,25017,11600,observed_lineup_change_not_verified_signing
649968,261451,2026-04-12 09:00:00,2884,18054,BONK,30901|39285|45769|50288|62270,https://www.vlr.gg/649968/bonk-vs-pixel-lumina-challengers-2026-north-east-stage-2-r5,261428,2026-04-11 09:00:00,30901|39285|45769|45836|50288,62270,45836,observed_lineup_change_not_verified_signing
651546,262028,2026-04-12 11:00:00,2908,8826,ALTERNATE aTTaX,4969|9508|12528|42638|55749,https://www.vlr.gg/651546/esports-cologne-vs-alternate-attax-challengers-2026-dach-evolution-stage-2-w2,262018,2026-04-07 15:00:00,2472|4969|9508|42638|55749,12528,2472,observed_lineup_change_not_verified_signing
651546,262030,2026-04-12 11:00:00,2908,8826,ALTERNATE aTTaX,2472|4969|9508|12528|42638,https://www.vlr.gg/651546/esports-cologne-vs-alternate-attax-challengers-2026-dach-evolution-stage-2-w2,262029,2026-04-12 11:00:00,4969|9508|12528|42638|55749,2472,55749,observed_lineup_change_not_verified_signing
649969,261454,2026-04-12 11:30:00,2884,20871,baigiau,50253|57990|57992|57995|59034,https://www.vlr.gg/649969/lost-puppies-vs-baigiau-challengers-2026-north-east-stage-2-r5,261428,2026-04-11 09:00:00,50253|57990|57995|59034|63725,57992,63725,observed_lineup_change_not_verified_signing
649974,261469,2026-04-12 11:30:00,2884,15027,FULL BOX 200,4540|5810|19505|61846|63726,https://www.vlr.gg/649974/full-box-200-vs-xtremedogs-challengers-2026-north-east-stage-2-r5,261447,2026-04-11 11:30:00,4540|19505|50206|61846|63726,5810,50206,observed_lineup_change_not_verified_signing
649974,261469,2026-04-12 11:30:00,2884,22112,XtremeDogs,16012|29629|50270|50272|61318,https://www.vlr.gg/649974/full-box-200-vs-xtremedogs-challengers-2026-north-east-stage-2-r5,261438,2026-04-11 09:00:00,16012|29629|50270|59057|61318,50272,59057,observed_lineup_change_not_verified_signing
650496,261552,2026-04-12 13:00:00,2921,17179,DNSTY,2700|8226|12474|12519|33994,https://www.vlr.gg/650496/bar-a-esports-vs-dnsty-challengers-2026-spain-rising-stage-3-ubf,261551,2026-04-07 14:15:00,8226|12474|12519|23365|33994,2700,23365,observed_lineup_change_not_verified_signing
649975,261472,2026-04-13 11:00:00,2884,18054,BONK,30901|39285|45769|45836|50288,https://www.vlr.gg/649975/bonk-vs-lost-puppies-challengers-2026-north-east-stage-2-r6,261453,2026-04-12 09:00:00,30901|39285|45769|50288|62270,45836,62270,observed_lineup_change_not_verified_signing
649976,261475,2026-04-13 11:00:00,2884,20871,baigiau,50253|57992|57995|59034|63725,https://www.vlr.gg/649976/baigiau-vs-enterprise-esports-challengers-2026-north-east-stage-2-r6,261456,2026-04-12 11:30:00,50253|57990|57992|57995|59034,63725,57990,observed_lineup_change_not_verified_signing
649979,261484,2026-04-13 11:00:00,2884,12355,Bitfix Gaming,2256|7107|36756|39695|59062,https://www.vlr.gg/649979/evoplay-vs-bitfix-gaming-challengers-2026-north-east-stage-2-r6,261468,2026-04-12 11:30:00,7107|11495|36756|39695|59062,2256,11495,observed_lineup_change_not_verified_signing
649979,261485,2026-04-13 11:00:00,2884,12355,Bitfix Gaming,7107|11495|36756|39695|59062,https://www.vlr.gg/649979/evoplay-vs-bitfix-gaming-challengers-2026-north-east-stage-2-r6,261484,2026-04-13 11:00:00,2256|7107|36756|39695|59062,11495,2256,observed_lineup_change_not_verified_signing
649806,261226,2026-04-13 13:30:00,2907,4572,Galatasaray Esports,10152|13545|13557|19776|49341,https://www.vlr.gg/649806/galatasaray-esports-vs-fire-flux-esports-challengers-2026-t-rkiye-birlik-stage-2-w2,261209,2026-04-07 13:00:00,10152|13557|19776|26280|49341,13545,26280,observed_lineup_change_not_verified_signing
649978,261481,2026-04-13 13:30:00,2884,16397,LEO Esports,22188|22191|23197|31276|57211,https://www.vlr.gg/649978/formulation-gaming-vs-leo-esports-challengers-2026-north-east-stage-2-r6,261458,2026-04-12 11:30:00,22188|23197|26404|31276|57211,22191,26404,observed_lineup_change_not_verified_signing
649981,261490,2026-04-13 13:30:00,2884,22112,XtremeDogs,16012|29629|50270|59057|61318,https://www.vlr.gg/649981/mir-vs-xtremedogs-challengers-2026-north-east-stage-2-r6,261470,2026-04-12 11:30:00,16012|29629|50270|50272|61318,59057,50272,observed_lineup_change_not_verified_signing
649982,263082,2026-04-13 14:30:00,2884,15027,FULL BOX 200,4540|5810|19505|50206|61846,https://www.vlr.gg/649982/vr2-vs-full-box-200-challengers-2026-north-east-stage-2-r6,261470,2026-04-12 11:30:00,4540|5810|19505|61846|63726,50206,63726,observed_lineup_change_not_verified_signing
651756,262125,2026-04-13 16:00:00,2857,21054,Evil Geniuses Academy,844|2164|8742|9017|14048,https://www.vlr.gg/651756/evil-geniuses-academy-vs-nrg-academy-challengers-2026-north-america-ace-stage-2-r5-2-2,260832,2026-04-06 16:00:00,612|844|2164|8742|14048,9017,612,observed_lineup_change_not_verified_signing
650937,261682,2026-04-13 18:00:00,2919,20784,LYON,2753|7616|9094|17690|48802,https://www.vlr.gg/650937/lyon-vs-streamer-arena-challengers-2026-latam-north-ace-masters-opening-a,258057,2026-03-28 18:00:00,5093|7616|9094|17690|31476,2753|48802,5093|31476,observed_lineup_change_not_verified_signing
650937,261682,2026-04-13 18:00:00,2919,21459,STREAMER ARENA,10582|35619|48551|57479|62445,https://www.vlr.gg/650937/lyon-vs-streamer-arena-challengers-2026-latam-north-ace-masters-opening-a,258045,2026-03-25 20:00:00,10582|35619|35650|57477|57479,48551|62445,35650|57477,observed_lineup_change_not_verified_signing
650937,261683,2026-04-13 18:00:00,2919,21459,STREAMER ARENA,10582|35619|48551|57477|57479,https://www.vlr.gg/650937/lyon-vs-streamer-arena-challengers-2026-latam-north-ace-masters-opening-a,261682,2026-04-13 18:00:00,10582|35619|48551|57479|62445,57477,62445,observed_lineup_change_not_verified_signing
650942,261697,2026-04-13 20:00:00,2919,20808,LAZER,593|7618|8056|10556|35650,https://www.vlr.gg/650942/contra-vs-lazer-challengers-2026-latam-north-ace-masters-opening-b,248687,2026-03-11 18:00:00,593|7618|8056|24021|35590,10556|35650,24021|35590,observed_lineup_change_not_verified_signing
656292,263668,2026-04-14 02:00:00,2934,12784,KeepBest Gaming,3020|6126|51250|58008|58009,https://www.vlr.gg/656292/unsettled-resentment-vs-keepbest-gaming-china-national-tournament-2026-split-alpha-pro-division,183656,2024-09-15 08:00:00,320|4404|9558|17216|41053,3020|6126|51250|58008|58009,320|4404|9558|17216|41053,observed_lineup_change_not_verified_signing
656294,263674,2026-04-14 04:00:00,2934,12785,Octagonal Disposition Gaming,4404|4657|4763|24305|52101,https://www.vlr.gg/656294/a-team-vs-octagonal-disposition-gaming-china-national-tournament-2026-split-alpha-pro-division-w,263642,2026-04-12 04:00:00,4763|7861|10486|14444|24305,4404|4657|52101,7861|10486|14444,observed_lineup_change_not_verified_signing
656296,263680,2026-04-14 06:00:00,2934,1224,Weibo Gaming,4666|4711|11843|46532|58953,https://www.vlr.gg/656296/weibo-gaming-vs-ever-growing-gaming-china-national-tournament-2026-split-alpha-pro-division-w3,263634,2026-04-12 02:00:00,4666|4711|9800|11843|63493,46532|58953,9800|63493,observed_lineup_change_not_verified_signing
649984,261499,2026-04-14 11:00:00,2884,20871,baigiau,50253|57990|57992|57995|59034,https://www.vlr.gg/649984/baigiau-vs-pixel-lumina-challengers-2026-north-east-stage-2-r7,261476,2026-04-13 11:00:00,50253|57992|57995|59034|63725,57990,63725,observed_lineup_change_not_verified_signing
655312,262964,2026-04-14 12:00:00,2908,6882,FOKUS,1281|18162|24424|32351|33358,https://www.vlr.gg/655312/dortmund-esports-vs-fokus-challengers-2026-dach-evolution-stage-2-w3,262032,2026-04-12 14:00:00,1281|8808|18162|24424|33358,32351,8808,observed_lineup_change_not_verified_signing
655313,262967,2026-04-14 12:00:00,2908,8826,ALTERNATE aTTaX,4969|9508|12528|42638|55749,https://www.vlr.gg/655313/aka-hero-vs-alternate-attax-challengers-2026-dach-evolution-stage-2-w3,262030,2026-04-12 11:00:00,2472|4969|9508|12528|42638,55749,2472,observed_lineup_change_not_verified_signing
649986,261505,2026-04-14 13:30:00,2884,16397,LEO Esports,22188|23197|26404|31276|57211,https://www.vlr.gg/649986/leo-esports-vs-bonk-challengers-2026-north-east-stage-2-r7,261482,2026-04-13 13:30:00,22188|22191|23197|31276|57211,26404,22191,observed_lineup_change_not_verified_signing
650919,261641,2026-04-14 15:00:00,2920,9425,LEVIATÁN Academy,48864|48984|50459|50461|56785,https://www.vlr.gg/650919/melser-kindergarten-vs-leviat-n-academy-challengers-2026-latam-south-ace-masters-opening-a,258106,2026-03-27 15:00:00,29240|43958|48864|50459|59179,48984|50461|56785,29240|43958|59179,observed_lineup_change_not_verified_signing
650919,261642,2026-04-14 15:00:00,2920,9425,LEVIATÁN Academy,48864|50459|50461|56785|62287,https://www.vlr.gg/650919/melser-kindergarten-vs-leviat-n-academy-challengers-2026-latam-south-ace-masters-opening-a,261641,2026-04-14 15:00:00,48864|48984|50459|50461|56785,62287,48984,observed_lineup_change_not_verified_signing
655315,262973,2026-04-14 15:00:00,2908,11829,eSports Cologne,5477|9530|33974|40310|55741,https://www.vlr.gg/655315/esports-cologne-vs-cgn-esports-challengers-2026-dach-evolution-stage-2-w3,262030,2026-04-12 11:00:00,5477|9530|40310|44548|55741,33974,44548,observed_lineup_change_not_verified_signing
647405,260110,2026-04-15 04:00:00,2830,15578,T1 Academy,28401|29839|50827|53196|60650,https://www.vlr.gg/647405/gen-g-global-academy-vs-t1-academy-challengers-2026-korea-wdg-split-1-lbf,260108,2026-04-09 06:25:00,28401|43057|50827|53196|60650,29839,43057,observed_lineup_change_not_verified_signing
644723,258378,2026-04-15 14:20:00,2863,4915,Natus Vincere,4544|15639|18677|29867|40591,https://www.vlr.gg/644723/gentle-mates-vs-natus-vincere-vct-2026-emea-stage-1-w3,258371,2026-04-10 11:00:00,4544|15639|18677|29867|37925,40591,37925,observed_lineup_change_not_verified_signing
650939,261688,2026-04-15 18:00:00,2919,20784,LYON,7616|9094|17690|31476|48802,https://www.vlr.gg/650939/lyon-vs-tezcat-gaming-challengers-2026-latam-north-ace-masters-winners-a,261683,2026-04-13 18:00:00,2753|7616|9094|17690|48802,31476,2753,observed_lineup_change_not_verified_signing
650944,261703,2026-04-15 19:45:00,2919,17289,AB3 Esports,20538|24021|38912|55031|63666,https://www.vlr.gg/650944/contra-vs-ab3-esports-challengers-2026-latam-north-ace-masters-winners-b,261701,2026-04-08 21:00:00,20538|24021|55008|55031|63666,38912,55008,observed_lineup_change_not_verified_signing
657964,265061,2026-04-18 09:00:00,2884,9071,EVOPLAY,9556|9557|36748|42702|52976,https://www.vlr.gg/657964/enterprise-esports-vs-evoplay-challengers-2026-north-east-stage-2-ur1,261486,2026-04-13 11:00:00,9556|9557|40702|42702|52976,36748,40702,observed_lineup_change_not_verified_signing
655316,262976,2026-04-18 11:00:00,2908,15491,AKA HERO,5593|7865|8834|30750|51676,https://www.vlr.gg/655316/aka-hero-vs-esports-cologne-challengers-2026-dach-evolution-stage-2-w3,262969,2026-04-14 12:00:00,122|5593|8834|30750|51676,7865,122,observed_lineup_change_not_verified_signing
651195,261813,2026-04-18 12:00:00,2922,4569,Fraggerz,5618|5621|7292|7293|38627,https://www.vlr.gg/651195/fraggerz-vs-axe-challengers-2026-mena-resilience-pulse-stage-middle-east-swiss-stage-r2-0-1,261605,2026-04-04 12:00:00,5618|5619|5621|7292|7293,38627,5619,observed_lineup_change_not_verified_signing
651195,261813,2026-04-18 12:00:00,2922,19667,Axe,17010|42491|58913|58914|64340,https://www.vlr.gg/651195/fraggerz-vs-axe-challengers-2026-mena-resilience-pulse-stage-middle-east-swiss-stage-r2-0-1,261596,2026-04-04 12:00:00,17010|42491|58913|58914|58915,64340,58915,observed_lineup_change_not_verified_signing
651196,261816,2026-04-18 14:30:00,2922,20959,Howlers,15455|19207|20180|40089|58385,https://www.vlr.gg/651196/mayhem-vs-howlers-challengers-2026-mena-resilience-pulse-stage-middle-east-swiss-stage-r2-0-1,261610,2026-04-04 14:30:00,19207|20180|40089|47690|58385,15455,47690,observed_lineup_change_not_verified_signing
657966,265067,2026-04-19 09:00:00,2884,12355,Bitfix Gaming,7107|8808|36756|39695|59062,https://www.vlr.gg/657966/bitfix-gaming-vs-natus-vincere-junior-challengers-2026-north-east-stage-2-ur1,261515,2026-04-14 13:30:00,7107|11495|36756|39695|59062,8808,11495,observed_lineup_change_not_verified_signing
657966,265067,2026-04-19 09:00:00,2884,21715,Natus Vincere Junior,29559|37925|42358|42651|46441,https://www.vlr.gg/657966/bitfix-gaming-vs-natus-vincere-junior-challengers-2026-north-east-stage-2-ur1,261497,2026-04-14 11:00:00,4614|29559|42358|46441|58292,37925|42651,4614|58292,observed_lineup_change_not_verified_signing
657967,265070,2026-04-19 11:30:00,2884,18054,BONK,30901|39285|42454|45769|50288,https://www.vlr.gg/657967/bonk-vs-team-liquid-academy-challengers-2026-north-east-stage-2-ur1,261506,2026-04-14 13:30:00,30901|39285|45769|45836|50288,42454,45836,observed_lineup_change_not_verified_signing
657967,265070,2026-04-19 11:30:00,2884,17297,Team Liquid Academy,3839|11134|19526|39682|50186,https://www.vlr.gg/657967/bonk-vs-team-liquid-academy-challengers-2026-north-east-stage-2-ur1,261515,2026-04-14 13:30:00,3839|11134|19526|39682|50813,50186,50813,observed_lineup_change_not_verified_signing
657967,265071,2026-04-19 11:30:00,2884,18054,BONK,30901|39285|45769|45836|50288,https://www.vlr.gg/657967/bonk-vs-team-liquid-academy-challengers-2026-north-east-stage-2-ur1,265070,2026-04-19 11:30:00,30901|39285|42454|45769|50288,45836,42454,observed_lineup_change_not_verified_signing
649778,261141,2026-04-19 12:25:00,2842,11232,Joblife,321|1369|1475|4521|21610,https://www.vlr.gg/649778/nuxeria-esport-vs-joblife-challengers-2026-france-revolution-stage-2-w3,261127,2026-04-13 15:30:00,114|321|1369|1475|21610,4521,114,observed_lineup_change_not_verified_signing
655319,262985,2026-04-19 14:00:00,2908,8826,ALTERNATE aTTaX,3934|4969|9508|12528|55749,https://www.vlr.gg/655319/dortmund-esports-vs-alternate-attax-challengers-2026-dach-evolution-stage-2-w3,262969,2026-04-14 12:00:00,4969|9508|12528|42638|55749,3934,42638,observed_lineup_change_not_verified_signing
651383,261998,2026-04-19 14:30:00,2923,16077,Vibranium Esports,10448|53114|59027|59374|60063,https://www.vlr.gg/651383/vibranium-esports-vs-ghools-esports-challengers-2026-mena-resilience-pulse-stage-north-africa,261965,2026-04-05 12:00:00,10448|53114|59374|60063|62466,59027,62466,observed_lineup_change_not_verified_signing
651383,261999,2026-04-19 14:30:00,2923,16077,Vibranium Esports,10448|33453|53114|59027|59374,https://www.vlr.gg/651383/vibranium-esports-vs-ghools-esports-challengers-2026-mena-resilience-pulse-stage-north-africa,261998,2026-04-19 14:30:00,10448|53114|59027|59374|60063,33453,60063,observed_lineup_change_not_verified_signing
651383,262000,2026-04-19 14:30:00,2923,16077,Vibranium Esports,10448|53114|59027|59374|60063,https://www.vlr.gg/651383/vibranium-esports-vs-ghools-esports-challengers-2026-mena-resilience-pulse-stage-north-africa,261999,2026-04-19 14:30:00,10448|33453|53114|59027|59374,60063,33453,observed_lineup_change_not_verified_signing
645485,258608,2026-04-19 19:20:00,2860,2,Sentinels,1265|4581|5395|8419|34057,https://www.vlr.gg/645485/100-thieves-vs-sentinels-vct-2026-americas-stage-1-w2,258576,2026-04-10 17:00:00,261|1265|4581|5395|8419,34057,261,observed_lineup_change_not_verified_signing
681033,269365,2026-04-20 07:00:00,2934,11985,Rare Atom,23930|36513|41029|49612|58960,https://www.vlr.gg/681033/victory-no-limits-gaming-vs-rare-atom-china-national-tournament-2026-split-alpha-pro-division-ub,263749,2026-04-16 04:00:00,36513|41029|58028|58960|63006,23930|49612,58028|63006,observed_lineup_change_not_verified_signing
657974,265095,2026-04-20 13:30:00,2884,12355,Bitfix Gaming,7107|11495|36756|39695|59062,https://www.vlr.gg/657974/bitfix-gaming-vs-bonk-challengers-2026-north-east-stage-2-mr1,265068,2026-04-19 09:00:00,7107|8808|36756|39695|59062,11495,8808,observed_lineup_change_not_verified_signing
655324,262991,2026-04-21 15:00:00,2908,15491,AKA HERO,122|5593|8834|30750|51676,https://www.vlr.gg/655324/aka-hero-vs-dortmund-esports-challengers-2026-dach-evolution-stage-2-w4,262978,2026-04-18 11:00:00,5593|7865|8834|30750|51676,122,7865,observed_lineup_change_not_verified_signing
650946,261709,2026-04-22 21:00:00,2919,17289,AB3 Esports,20538|24021|35547|55031|63666,https://www.vlr.gg/650946/ab3-esports-vs-fuego-challengers-2026-latam-north-ace-masters-decider-b,261704,2026-04-15 19:45:00,20538|24021|38912|55031|63666,35547,38912,observed_lineup_change_not_verified_signing
650946,261710,2026-04-22 21:00:00,2919,17289,AB3 Esports,20538|24021|38912|55031|63666,https://www.vlr.gg/650946/ab3-esports-vs-fuego-challengers-2026-latam-north-ace-masters-decider-b,261709,2026-04-22 21:00:00,20538|24021|35547|55031|63666,38912,35547,observed_lineup_change_not_verified_signing
644730,258399,2026-04-23 11:00:00,2863,2593,FNATIC,4|195|438|9554|9810,https://www.vlr.gg/644730/giantx-vs-fnatic-vct-2026-emea-stage-1-w4,258391,2026-04-17 13:40:00,4|438|9554|9810|12928,195,12928,observed_lineup_change_not_verified_signing
644673,258309,2026-04-25 04:00:00,2775,17,Gen.G,773|9196|25017|34974|62402,https://www.vlr.gg/644673/gen-g-vs-kiwoom-drx-vct-2026-pacific-stage-1-w4,258301,2026-04-19 06:25:00,773|9196|25017|34974|51099,62402,51099,observed_lineup_change_not_verified_signing
681040,269388,2026-04-25 04:00:00,2934,12785,Octagonal Disposition Gaming,4763|7861|10486|14444|24305,https://www.vlr.gg/681040/octagonal-disposition-gaming-vs-rare-atom-china-national-tournament-2026-split-alpha-pro-divisio,263678,2026-04-14 04:00:00,4404|4657|4763|24305|52101,7861|10486|14444,4404|4657|52101,observed_lineup_change_not_verified_signing
655325,262994,2026-04-25 11:00:00,2908,6882,FOKUS,1281|4244|18162|24424|33358,https://www.vlr.gg/655325/cgn-esports-vs-fokus-challengers-2026-dach-evolution-stage-2-w4,262980,2026-04-18 14:00:00,1281|18162|24424|32351|33358,4244,32351,observed_lineup_change_not_verified_signing
662233,266219,2026-04-25 14:30:00,2922,21860,Team Spire,40218|41087|41089|48592|53124,https://www.vlr.gg/662233/team-spire-vs-fraggerz-challengers-2026-mena-resilience-pulse-stage-middle-east-swiss-stage-r3,261809,2026-04-11 12:00:00,40218|41087|41088|48592|53124,41089,41088,observed_lineup_change_not_verified_signing
644676,258318,2026-04-26 06:05:00,2775,6199,Team Secret,2334|4056|4874|7437|46135,https://www.vlr.gg/644676/nongshim-redforce-vs-team-secret-vct-2026-pacific-stage-1-w4,258289,2026-04-17 06:20:00,2334|4056|4874|7437|48439,46135,48439,observed_lineup_change_not_verified_signing
663047,266294,2026-04-26 11:00:00,2921,8924,Ramboot Club,8014|13274|29340|33840|47259,https://www.vlr.gg/663047/ramboot-club-vs-hge-esport-challengers-2026-spain-rising-stage-3-phase-2-ur1,261573,2026-04-12 11:00:00,8014|13274|31374|33840|47259,29340,31374,observed_lineup_change_not_verified_signing
663048,266297,2026-04-26 13:00:00,2921,6313,KPI Gaming,32303|50070|50075|55459|55748,https://www.vlr.gg/663048/kpi-gaming-vs-melilla-titans-challengers-2026-spain-rising-stage-3-phase-2-ur1,261579,2026-04-13 11:00:00,32303|50075|51254|55459|55748,50070,51254,observed_lineup_change_not_verified_signing
663048,266297,2026-04-26 13:00:00,2921,7940,Melilla Titans,48948|48950|52538|54124|55461,https://www.vlr.gg/663048/kpi-gaming-vs-melilla-titans-challengers-2026-spain-rising-stage-3-phase-2-ur1,261564,2026-04-07 14:00:00,48948|48950|52538|52539|54124,55461,52539,observed_lineup_change_not_verified_signing
657975,265098,2026-04-27 11:00:00,2884,17297,Team Liquid Academy,3839|11134|19526|39682|50813,https://www.vlr.gg/657975/team-liquid-academy-vs-formulation-gaming-challengers-2026-north-east-stage-2-mr2,265077,2026-04-21 13:30:00,3839|11134|19526|39682|50186,50813,50186,observed_lineup_change_not_verified_signing
657976,265101,2026-04-27 13:30:00,2884,18054,BONK,39285|45769|45836|48938|50288,https://www.vlr.gg/657976/enterprise-esports-vs-bonk-challengers-2026-north-east-stage-2-mr2,265097,2026-04-20 13:30:00,30901|39285|45769|45836|50288,48938,30901,observed_lineup_change_not_verified_signing
650934,261671,2026-04-28 15:00:00,2920,20209,University War,2909|8278|35662|41128|43935,https://www.vlr.gg/650934/leviat-n-academy-vs-university-war-challengers-2026-latam-south-ace-masters-sf,261669,2026-04-23 18:00:00,2909|8278|41128|43935|48863,35662,48863,observed_lineup_change_not_verified_signing
657980,265113,2026-04-28 15:00:00,2884,18054,BONK,30901|39285|45769|45836|50288,https://www.vlr.gg/657980/bonk-vs-evoplay-challengers-2026-north-east-stage-2-lr1,265102,2026-04-27 13:30:00,39285|45769|45836|48938|50288,30901,48938,observed_lineup_change_not_verified_signing
650935,261674,2026-04-28 18:00:00,2920,367,9z Globant,726|7652|29240|29241|29244,https://www.vlr.gg/650935/kr-spark-vs-9z-globant-challengers-2026-latam-south-ace-masters-sf,261655,2026-04-23 15:00:00,7652|29240|29241|29244|36168,726,36168,observed_lineup_change_not_verified_signing
650935,261675,2026-04-28 18:00:00,2920,367,9z Globant,7652|29240|29241|29244|36168,https://www.vlr.gg/650935/kr-spark-vs-9z-globant-challengers-2026-latam-south-ace-masters-sf,261674,2026-04-28 18:00:00,726|7652|29240|29241|29244,36168,726,observed_lineup_change_not_verified_signing
644737,258420,2026-04-30 13:10:00,2863,2593,FNATIC,4|438|9554|9810|13258,https://www.vlr.gg/644737/bbl-esports-vs-fnatic-vct-2026-emea-stage-1-w5,258401,2026-04-23 11:00:00,4|195|438|9554|9810,13258,195,observed_lineup_change_not_verified_signing
650936,261677,2026-04-30 15:00:00,2920,20209,University War,2909|8278|41128|43935|48863,https://www.vlr.gg/650936/university-war-vs-kr-spark-challengers-2026-latam-south-ace-masters-gf,261672,2026-04-28 15:00:00,2909|8278|35662|41128|43935,48863,35662,observed_lineup_change_not_verified_signing
661109,265810,2026-04-30 19:35:00,2857,5038,YFP,1023|5093|6437|21887|45696,https://www.vlr.gg/661109/yfp-vs-m80-challengers-2026-north-america-ace-stage-2-ubsf,265799,2026-04-27 18:30:00,1023|6437|21887|44842|45696,5093,44842,observed_lineup_change_not_verified_signing
657981,265116,2026-05-03 09:00:00,2884,18054,BONK,39285|45769|45836|48938|50288,https://www.vlr.gg/657981/bitfix-gaming-vs-bonk-challengers-2026-north-east-stage-2-lr2,265115,2026-04-28 15:00:00,30901|39285|45769|45836|50288,48938,30901,observed_lineup_change_not_verified_signing
645496,258641,2026-05-03 17:00:00,2860,6961,LOUD,3983|6193|10557|28716|29242,https://www.vlr.gg/645496/loud-vs-cloud9-vct-2026-americas-stage-1-w4,258615,2026-04-24 18:40:00,3983|5203|6193|10557|28716,29242,5203,observed_lineup_change_not_verified_signing
645496,258641,2026-05-03 17:00:00,2860,188,Cloud9,729|7871|17433|18796|44842,https://www.vlr.gg/645496/loud-vs-cloud9-vct-2026-americas-stage-1-w4,258627,2026-04-26 19:25:00,729|7716|7871|17433|18796,44842,7716,observed_lineup_change_not_verified_signing
664806,266545,2026-05-04 12:00:00,2923,13589,Ghools Esports,4614|12673|40665|40667|54973,https://www.vlr.gg/664806/gamax-esports-vs-ghools-esports-challengers-2026-mena-resilience-pulse-stage-north-africa-ubsf,266226,2026-04-26 12:00:00,12673|40665|40667|40670|54973,4614,40670,observed_lineup_change_not_verified_signing
664807,266548,2026-05-04 14:30:00,2923,1471,Team RA'AD,6503|6505|8237|10458|14366,https://www.vlr.gg/664807/baam-esports-vs-team-raad-challengers-2026-mena-resilience-pulse-stage-north-africa-ubsf,261993,2026-04-12 15:15:00,6503|6505|8237|14366|35754,10458,35754,observed_lineup_change_not_verified_signing
669240,267442,2026-05-05 05:30:00,2968,21594,KRYON ESPORTS,10738|43399|43428|47804|64692,https://www.vlr.gg/669240/kryon-esports-vs-rr-paglus-challengers-2026-south-asia-split-2-ro16,256636,2026-03-07 05:30:00,5541|43399|43428|51542|62798,10738|47804|64692,5541|51542|62798,observed_lineup_change_not_verified_signing
669240,267442,2026-05-05 05:30:00,2968,21624,RR Paglus,60172|60739|62851|62852|62853,https://www.vlr.gg/669240/kryon-esports-vs-rr-paglus-challengers-2026-south-asia-split-2-ro16,256709,2026-03-09 06:30:00,47756|60739|62851|62852|62853,60172,47756,observed_lineup_change_not_verified_signing
669241,267445,2026-05-05 05:30:00,2968,21581,ARISE ESPORTS,51561|60134|60142|60143|60145,https://www.vlr.gg/669241/arise-esports-vs-team-goc-challengers-2026-south-asia-split-2-ro16,256499,2026-03-07 05:30:00,47761|60134|60143|60145|62786,51561|60142,47761|62786,observed_lineup_change_not_verified_signing
669242,267448,2026-05-05 05:30:00,2968,16411,XØ IND,10760|18995|36616|40074|46105,https://www.vlr.gg/669242/x-ind-vs-redpixel-challengers-2026-south-asia-split-2-ro16,256723,2026-03-10 03:30:00,27756|36616|40074|46126|51601,10760|18995|46105,27756|46126|51601,observed_lineup_change_not_verified_signing
669243,267451,2026-05-05 05:30:00,2968,21579,Frag Republic,24329|51603|62801|62802|64693,https://www.vlr.gg/669243/frag-republic-vs-venatrix-esports-challengers-2026-south-asia-split-2-ro16,256403,2026-03-07 02:30:00,51645|62800|62801|62802|62803,24329|51603|64693,51645|62800|62803,observed_lineup_change_not_verified_signing
669243,267452,2026-05-05 05:30:00,2968,22258,Venatrix Esports,41834|47798|48054|51655|64697,https://www.vlr.gg/669243/frag-republic-vs-venatrix-esports-challengers-2026-south-asia-split-2-ro16,267451,2026-05-05 05:30:00,41834|48054|51562|51655|64697,47798,51562,observed_lineup_change_not_verified_signing
669244,267454,2026-05-05 05:30:00,2968,20582,Clutch Core Esports,3628|27765|27767|47815|60158,https://www.vlr.gg/669244/clutch-core-esports-vs-dark-kings-challengers-2026-south-asia-split-2-ro16,256726,2026-03-10 03:30:00,3502|15364|27767|47815|53488,3628|27765|60158,3502|15364|53488,observed_lineup_change_not_verified_signing
669244,267454,2026-05-05 05:30:00,2968,20843,Dark Kings,30563|51549|51617|62854|64694,https://www.vlr.gg/669244/clutch-core-esports-vs-dark-kings-challengers-2026-south-asia-split-2-ro16,256519,2026-03-07 05:30:00,51617|60126|60738|62854|62855,30563|51549|64694,60126|60738|62855,observed_lineup_change_not_verified_signing
669245,267458,2026-05-05 05:30:00,2968,4680,Team 69,4037|4796|51637|60671|64695,https://www.vlr.gg/669245/team-69-vs-all-gamers-challengers-2026-south-asia-split-2-ro16,267457,2026-05-05 05:30:00,4037|4796|41840|60671|64695,51637,41840,observed_lineup_change_not_verified_signing
669246,267460,2026-05-05 05:30:00,2968,21598,ZEXAR ESPORTS,60151|60152|60170|62822|64696,https://www.vlr.gg/669246/zexar-esports-vs-teamss-redv2-challengers-2026-south-asia-split-2-ro16,256427,2026-03-07 02:30:00,60151|60152|60170|62822|62823,64696,62823,observed_lineup_change_not_verified_signing
669247,267463,2026-05-05 05:30:00,2968,20596,SIGN Esports,20828|30693|46104|47835|51696,https://www.vlr.gg/669247/sign-esports-vs-mumbai-demons-challengers-2026-south-asia-split-2-ro16,256715,2026-03-09 09:30:00,40057|47835|51655|51695|53490,20828|30693|46104|51696,40057|51655|51695|53490,observed_lineup_change_not_verified_signing
659484,265315,2026-05-05 07:00:00,2864,1119,All Gamers,21216|25494|46748|52101|58959,https://www.vlr.gg/659484/all-gamers-vs-tyloo-vct-2026-china-stage-1-lr2,265299,2026-05-04 07:00:00,21216|25494|46040|46748|58959,52101,46040,observed_lineup_change_not_verified_signing
669250,267472,2026-05-05 08:30:00,2968,4680,Team 69,4037|4796|41840|51637|60671,https://www.vlr.gg/669250/dark-kings-vs-team-69-challengers-2026-south-asia-split-2-qf,267458,2026-05-05 05:30:00,4037|4796|51637|60671|64695,41840,64695,observed_lineup_change_not_verified_signing
669250,267473,2026-05-05 08:30:00,2968,4680,Team 69,4037|4796|41840|60671|64695,https://www.vlr.gg/669250/dark-kings-vs-team-69-challengers-2026-south-asia-split-2-qf,267472,2026-05-05 08:30:00,4037|4796|41840|51637|60671,64695,51637,observed_lineup_change_not_verified_signing
668471,267075,2026-05-05 16:00:00,2962,16071,PEEK,22914|25683|32725|48964|50770,https://www.vlr.gg/668471/peek-vs-abacatudos-challengers-2026-brazil-gamers-club-stage-2-w1,249747,2026-03-19 16:00:00,22912|22914|32725|33121|40859,25683|48964|50770,22912|33121|40859,observed_lineup_change_not_verified_signing
668472,267078,2026-05-05 19:00:00,2962,17094,FURIA Academy,33121|37091|37105|40859|45864,https://www.vlr.gg/668472/furia-academy-vs-f4tality-challengers-2026-brazil-gamers-club-stage-2-w1,249741,2026-03-18 16:00:00,15361|23832|37105|45864|46568,33121|37091|40859,15361|23832|46568,observed_lineup_change_not_verified_signing
668472,267078,2026-05-05 19:00:00,2962,16068,F4TALITY,1578|2486|5342|8896|56935,https://www.vlr.gg/668472/furia-academy-vs-f4tality-challengers-2026-brazil-gamers-club-stage-2-w1,257112,2026-04-03 16:00:00,5342|8896|20251|41466|56935,1578|2486,20251|41466,observed_lineup_change_not_verified_signing
669253,267481,2026-05-06 05:30:00,2968,20596,SIGN Esports,30693|40057|46104|47835|51696,https://www.vlr.gg/669253/dark-kings-vs-sign-esports-challengers-2026-south-asia-split-2-sf,267476,2026-05-05 08:30:00,20828|30693|46104|47835|51696,40057,20828,observed_lineup_change_not_verified_signing
669253,267483,2026-05-06 05:30:00,2968,20596,SIGN Esports,20828|30693|46104|47835|51696,https://www.vlr.gg/669253/dark-kings-vs-sign-esports-challengers-2026-south-asia-split-2-sf,267482,2026-05-06 05:30:00,30693|40057|46104|47835|51696,20828,40057,observed_lineup_change_not_verified_signing
668473,267081,2026-05-06 16:00:00,2962,15072,2Game Esports,651|1575|14950|20240|27149,https://www.vlr.gg/668473/2game-esports-vs-elevate-challengers-2026-brazil-gamers-club-stage-2-w1,259345,2026-03-29 16:00:00,651|1575|6195|14950|27149,20240,6195,observed_lineup_change_not_verified_signing
668474,267084,2026-05-06 16:00:00,2962,1124,RED Canids,1566|5351|6238|22964|25858,https://www.vlr.gg/668474/red-canids-vs-team-liquid-brazil-challengers-2026-brazil-gamers-club-stage-2-w1,249751,2026-03-20 16:00:00,2585|5351|6238|36106|48964,1566|22964|25858,2585|36106|48964,observed_lineup_change_not_verified_signing
666489,266843,2026-05-07 06:35:00,2775,8185,KIWOOM DRX,1916|4462|4678|17049|28400,https://www.vlr.gg/666489/kiwoom-drx-vs-full-sense-vct-2026-pacific-stage-1-ur1,258334,2026-05-03 04:00:00,1916|4462|4678|28400|51238,17049,51238,observed_lineup_change_not_verified_signing
670387,267792,2026-05-08 01:00:00,2973,21437,Mir Gaming,42811|42842|60217|60220|61968,https://www.vlr.gg/670387/mir-gaming-vs-challengers-2026-korea-wdg-split-2-sf,254332,2026-03-25 06:45:00,42769|42842|60217|60220|61968,42811,42769,observed_lineup_change_not_verified_signing
670387,267792,2026-05-08 01:00:00,2973,21349,어리둥절범고래,48908|61985|64734|64735|64736,https://www.vlr.gg/670387/mir-gaming-vs-challengers-2026-korea-wdg-split-2-sf,252180,2026-02-02 03:00:00,42821|42840|60237|61984|61985,48908|64734|64735|64736,42821|42840|60237|61984,observed_lineup_change_not_verified_signing
670388,267795,2026-05-08 04:00:00,2973,15744,FEARX,10642|25080|62406|64737|64738,https://www.vlr.gg/670388/fearx-vs-rookies-challengers-2026-korea-wdg-split-2-sf,254329,2026-03-25 04:00:00,4127|25080|62406|62407|63008,10642|64737|64738,4127|62407|63008,observed_lineup_change_not_verified_signing
670388,267795,2026-05-08 04:00:00,2973,21348,Rookies,985|64739|64740|64741|64742,https://www.vlr.gg/670388/fearx-vs-rookies-challengers-2026-korea-wdg-split-2-sf,252173,2026-02-02 04:00:00,985|42830|61969|61970|61971,64739|64740|64741|64742,42830|61969|61970|61971,observed_lineup_change_not_verified_signing
645498,258647,2026-05-08 17:00:00,2860,5248,Evil Geniuses,826|2164|8873|14048|34400,https://www.vlr.gg/645498/kr-esports-vs-evil-geniuses-vct-2026-americas-stage-1-w5,258630,2026-05-01 17:00:00,619|826|8373|8873|34400,2164|14048,619|8373,observed_lineup_change_not_verified_signing
666495,266863,2026-05-09 07:30:00,2775,8185,KIWOOM DRX,1916|4462|4678|28400|51238,https://www.vlr.gg/666495/kiwoom-drx-vs-nongshim-redforce-vct-2026-pacific-stage-1-lr1,266844,2026-05-07 06:35:00,1916|4462|4678|17049|28400,51238,17049,observed_lineup_change_not_verified_signing
645500,258653,2026-05-09 17:00:00,2860,188,Cloud9,729|7871|18796|39021|44842,https://www.vlr.gg/645500/g2-esports-vs-cloud9-vct-2026-americas-stage-1-w5,258643,2026-05-03 17:00:00,729|7871|17433|18796|44842,39021,17433,observed_lineup_change_not_verified_signing
674149,268083,2026-05-10 16:00:00,2857,14278,Shopify Rebellion Gold,3079|9185|17397|17977|21486,https://www.vlr.gg/674149/shopify-rebellion-gold-vs-evictix-challengers-2026-north-america-ace-stage-2-promo-relegation-ro,260830,2026-04-06 16:00:00,3063|3079|9185|17397|21486,17977,3063,observed_lineup_change_not_verified_signing
673178,267960,2026-05-11 03:30:00,2974,104,REJECT,424|4122|7405|7745|25915,https://www.vlr.gg/673178/reject-vs-paron-challengers-2026-japan-split-2-d1,260541,2026-04-09 05:45:00,424|7405|7745|10588|34775,4122|25915,10588|34775,observed_lineup_change_not_verified_signing
673179,267963,2026-05-11 03:30:00,2974,21338,AGELITE,806|17111|27444|33417|58162,https://www.vlr.gg/673179/alestar-vs-agelite-challengers-2026-japan-split-2-d1,260534,2026-04-08 03:00:00,10642|17111|27444|44613|58162,806|33417,10642|44613,observed_lineup_change_not_verified_signing
673180,267966,2026-05-11 03:30:00,2974,282,SCARZ,993|10627|17169|40726|58547,https://www.vlr.gg/673180/scarz-vs-reignite-foxx-challengers-2026-japan-split-2-d1,252151,2026-02-04 02:30:00,993|10627|17169|25915|40726,58547,25915,observed_lineup_change_not_verified_signing
673182,267972,2026-05-11 03:30:00,2974,11490,Murash Gaming,1003|1395|12979|29839|49906,https://www.vlr.gg/673182/igzist-vs-murash-gaming-challengers-2026-japan-split-2-d1,260532,2026-04-08 00:00:00,1395|12979|23971|31845|49906,1003|29839,23971|31845,observed_lineup_change_not_verified_signing
673183,267975,2026-05-11 03:30:00,2974,21339,WEC C,58538|62029|62030|62032|64753,https://www.vlr.gg/673183/king-guy-vs-wec-c-challengers-2026-japan-split-2-d1,260528,2026-04-07 06:50:00,58538|62029|62030|62031|62032,64753,62031,observed_lineup_change_not_verified_signing
664047,266473,2026-05-12 12:00:00,2922,18120,Stallions Esports,20292|27299|33464|38353|60897,https://www.vlr.gg/664047/villianarc-vs-stallions-esports-challengers-2026-mena-resilience-pulse-stage-middle-east-lbf,266472,2026-05-05 12:00:00,27299|33464|36073|38353|60897,20292,36073,observed_lineup_change_not_verified_signing
668479,267093,2026-05-12 16:00:00,2962,16071,PEEK,22914|23799|25683|48964|50770,https://www.vlr.gg/668479/tbk-esports-vs-peek-challengers-2026-brazil-gamers-club-stage-2-w2,267076,2026-05-05 16:00:00,22914|25683|32725|48964|50770,23799,32725,observed_lineup_change_not_verified_signing
669252,267478,2026-05-13 06:30:00,2968,21594,KRYON ESPORTS,10738|43399|43428|47804|62798,https://www.vlr.gg/669252/kryon-esports-vs-x-ind-challengers-2026-south-asia-split-2-sf,267467,2026-05-05 08:30:00,10738|43399|43428|47804|64692,62798,64692,observed_lineup_change_not_verified_signing
669252,267478,2026-05-13 06:30:00,2968,16411,XØ IND,10760|18995|40074|46105|47764,https://www.vlr.gg/669252/kryon-esports-vs-x-ind-challengers-2026-south-asia-split-2-sf,267470,2026-05-05 08:30:00,10760|18995|36616|40074|46105,47764,36616,observed_lineup_change_not_verified_signing
669254,267485,2026-05-13 09:30:00,2968,20596,SIGN Esports,20828|30693|40057|46104|47835,https://www.vlr.gg/669254/kryon-esports-vs-sign-esports-challengers-2026-south-asia-split-2-gf,267484,2026-05-13 09:30:00,20828|30693|46104|47835|51696,40057,51696,observed_lineup_change_not_verified_signing
669254,267486,2026-05-13 09:30:00,2968,20596,SIGN Esports,20828|30693|46104|47835|51696,https://www.vlr.gg/669254/kryon-esports-vs-sign-esports-challengers-2026-south-asia-split-2-gf,267485,2026-05-13 09:30:00,20828|30693|40057|46104|47835,51696,40057,observed_lineup_change_not_verified_signing
669255,267487,2026-05-13 09:30:00,2968,16411,XØ IND,10760|18995|27756|36616|40074,https://www.vlr.gg/669255/x-ind-vs-dark-kings-challengers-2026-south-asia-split-2-cf,267479,2026-05-13 06:30:00,10760|18995|40074|46105|47764,27756|36616,46105|47764,observed_lineup_change_not_verified_signing
669255,267487,2026-05-13 09:30:00,2968,20843,Dark Kings,51549|51617|60737|62854|64694,https://www.vlr.gg/669255/x-ind-vs-dark-kings-challengers-2026-south-asia-split-2-cf,267483,2026-05-06 05:30:00,30563|51549|51617|62854|64694,60737,30563,observed_lineup_change_not_verified_signing
668481,267099,2026-05-13 16:00:00,2962,21089,INTZ,3424|6202|9266|13823|20238,https://www.vlr.gg/668481/2game-esports-vs-intz-challengers-2026-brazil-gamers-club-stage-2-w2,259350,2026-03-25 19:00:00,3424|6202|9266|15681|20238,13823,15681,observed_lineup_change_not_verified_signing
675767,268404,2026-05-14 05:30:00,2968,17664,DOT EXE,3281|43449|47773|51628|62259,https://www.vlr.gg/675767/x-ind-vs-dot-exe-challengers-2026-south-asia-split-2-ubsf,257914,2026-03-31 05:30:00,41840|43395|43448|43449|51628,3281|47773|62259,41840|43395|43448,observed_lineup_change_not_verified_signing
669550,267551,2026-05-15 07:00:00,2825,1929,KADILIMAN,2333|10190|12322|22798|55845,https://www.vlr.gg/669550/kadiliman-vs-ninja-team-challengers-2026-southeast-asia-split-2-ubqf,255501,2026-03-16 05:00:00,2333|12322|35504|44251|44294,10190|22798|55845,35504|44251|44294,observed_lineup_change_not_verified_signing
669556,267569,2026-05-15 09:30:00,2825,17777,Homeless Gang,14208|44139|64134|64135|64512,https://www.vlr.gg/669556/homeless-gang-vs-ninja-team-challengers-2026-southeast-asia-split-2-lr1,267550,2026-05-15 07:00:00,14208|21840|44139|64134|64135,64512,21840,observed_lineup_change_not_verified_signing
669556,267570,2026-05-15 09:30:00,2825,17777,Homeless Gang,21840|44139|64134|64135|64512,https://www.vlr.gg/669556/homeless-gang-vs-ninja-team-challengers-2026-southeast-asia-split-2-lr1,267569,2026-05-15 09:30:00,14208|44139|64134|64135|64512,21840,14208,observed_lineup_change_not_verified_signing
680274,269121,2026-05-18 11:00:00,2925,21715,Natus Vincere Junior,29559|37925|42358|42454|42651,https://www.vlr.gg/680274/be-ikta-esports-vs-natus-vincere-junior-challengers-2026-emea-stage-2-a,265129,2026-05-13 11:00:00,29559|37925|42358|42651|46441,42454,46441,observed_lineup_change_not_verified_signing
678026,268581,2026-05-18 18:00:00,2779,17252,FUEGO,7639|24026|42199|48012|53131,https://www.vlr.gg/678026/fuego-vs-chivas-esports-challengers-2026-latam-north-ace-stage-2-w1,261713,2026-04-27 18:00:00,1328|7639|24026|42199|53131,48012,1328,observed_lineup_change_not_verified_signing
678026,268581,2026-05-18 18:00:00,2779,2131,Chivas Esports,18784|25097|26757|35619|39245,https://www.vlr.gg/678026/fuego-vs-chivas-esports-challengers-2026-latam-north-ace-stage-2-w1,261696,2026-04-22 18:00:00,18784|25097|26757|27879|45918,35619|39245,27879|45918,observed_lineup_change_not_verified_signing
678027,268584,2026-05-18 21:00:00,2779,20808,LAZER,593|7618|8056|8792|39538,https://www.vlr.gg/678027/contra-vs-lazer-challengers-2026-latam-north-ace-stage-2-w1,261707,2026-04-20 21:00:00,593|7618|8056|10556|35650,8792|39538,10556|35650,observed_lineup_change_not_verified_signing
676898,268457,2026-05-19 15:00:00,2780,9427,OXEN,2610|2818|9354|46901|49817,https://www.vlr.gg/676898/oxen-vs-bestia-challengers-2026-latam-south-ace-stage-2-w1,261651,2026-04-21 15:00:00,1291|2586|2818|46082|46901,2610|9354|49817,1291|2586|46082,observed_lineup_change_not_verified_signing
676899,268460,2026-05-19 18:00:00,2780,7511,KRÜ BLAZE,11236|21108|21558|33177|35660,https://www.vlr.gg/676899/kr-blaze-vs-kr-spark-challengers-2026-latam-south-ace-stage-2-w1,261666,2026-04-21 18:00:00,11236|21108|21558|25663|35660,33177,25663,observed_lineup_change_not_verified_signing
678028,268587,2026-05-19 18:00:00,2779,21459,STREAMER ARENA,24021|35650|48551|48553|57477,https://www.vlr.gg/678028/streamer-arena-vs-lyon-challengers-2026-latam-north-ace-stage-2-w1,261693,2026-04-20 18:00:00,10582|35619|48551|57477|57479,24021|35650|48553,10582|35619|57479,observed_lineup_change_not_verified_signing
668489,267114,2026-05-19 19:00:00,2962,16071,PEEK,22914|23799|25683|32725|48964,https://www.vlr.gg/668489/team-solid-vs-peek-challengers-2026-brazil-gamers-club-stage-2-w3,267094,2026-05-12 16:00:00,22914|23799|25683|48964|50770,32725,50770,observed_lineup_change_not_verified_signing
678029,268590,2026-05-19 20:00:00,2779,17289,AB3 Esports,20538|35547|39557|45706|64286,https://www.vlr.gg/678029/ab3-esports-vs-grizzly-gang-challengers-2026-latam-north-ace-stage-2-w1,261710,2026-04-22 21:00:00,20538|24021|38912|55031|63666,35547|39557|45706|64286,24021|38912|55031|63666,observed_lineup_change_not_verified_signing
681293,269434,2026-05-20 05:30:00,2968,21627,Leosun Esports,5009|45484|46048|46060|46182,https://www.vlr.gg/681293/asterisk-vs-leosun-esports-challengers-2026-south-asia-split-2-w1,257923,2026-04-01 07:40:00,5009|17294|31355|45484|46104,46048|46060|46182,17294|31355|46104,observed_lineup_change_not_verified_signing
681295,269440,2026-05-21 05:30:00,2968,20596,SIGN Esports,30693|40057|46104|47835|51696,https://www.vlr.gg/681295/sign-esports-vs-no-salary-peek-challengers-2026-south-asia-split-2-w1,268412,2026-05-14 07:40:00,20828|30693|46104|47835|51696,40057,20828,observed_lineup_change_not_verified_signing
681295,269441,2026-05-21 05:30:00,2968,20596,SIGN Esports,20828|30693|46104|47835|51696,https://www.vlr.gg/681295/sign-esports-vs-no-salary-peek-challengers-2026-south-asia-split-2-w1,269440,2026-05-21 05:30:00,30693|40057|46104|47835|51696,20828,40057,observed_lineup_change_not_verified_signing
681296,269443,2026-05-21 08:20:00,2968,17180,Revenant XSpark,3639|9290|10749|27336|27775,https://www.vlr.gg/681296/the-rad-syndicate-vs-revenant-xspark-challengers-2026-south-asia-split-2-w1,262121,2026-04-09 05:30:00,3639|10749|27336|27775|40910,9290,40910,observed_lineup_change_not_verified_signing
681297,269446,2026-05-22 05:30:00,2968,16411,XØ IND,10760|18995|27756|40074|51601,https://www.vlr.gg/681297/x-ind-vs-no-salary-peek-challengers-2026-south-asia-split-2-w1,268421,2026-05-15 05:30:00,10760|18995|27756|36616|40074,51601,36616,observed_lineup_change_not_verified_signing
681297,269447,2026-05-22 05:30:00,2968,16411,XØ IND,10760|18995|27756|36616|40074,https://www.vlr.gg/681297/x-ind-vs-no-salary-peek-challengers-2026-south-asia-split-2-w1,269446,2026-05-22 05:30:00,10760|18995|27756|40074|51601,36616,51601,observed_lineup_change_not_verified_signing
681754,269815,2026-05-22 05:30:00,2825,623,Sharper Esports,3401|8582|12098|15897|40511,https://www.vlr.gg/681754/sharper-esports-vs-alter-ego-challengers-2026-southeast-asia-split-2-d1,258453,2026-03-29 07:00:00,3401|8582|12098|15897|27244,40511,27244,observed_lineup_change_not_verified_signing
681754,269815,2026-05-22 05:30:00,2825,1110,Alter Ego,7764|11666|27173|34100|49318,https://www.vlr.gg/681754/sharper-esports-vs-alter-ego-challengers-2026-southeast-asia-split-2-d1,258110,2026-03-17 07:40:00,7764|11666|24737|27173|34100,49318,24737,observed_lineup_change_not_verified_signing
681754,269816,2026-05-22 05:30:00,2825,1110,Alter Ego,7764|11666|24737|27173|34100,https://www.vlr.gg/681754/sharper-esports-vs-alter-ego-challengers-2026-southeast-asia-split-2-d1,269815,2026-05-22 05:30:00,7764|11666|27173|34100|49318,24737,49318,observed_lineup_change_not_verified_signing
681298,269449,2026-05-22 07:15:00,2968,20596,SIGN Esports,30693|40057|46104|47835|51696,https://www.vlr.gg/681298/sign-esports-vs-s8ul-esports-challengers-2026-south-asia-split-2-w1,269442,2026-05-21 05:30:00,20828|30693|46104|47835|51696,40057,20828,observed_lineup_change_not_verified_signing
681755,269818,2026-05-22 07:35:00,2825,21267,555,2366|23062|41694|41702|48516,https://www.vlr.gg/681755/555-vs-xipto-esports-challengers-2026-southeast-asia-split-2-d1,258474,2026-03-28 07:00:00,2366|15891|23062|41694|48516,41702,15891,observed_lineup_change_not_verified_signing
680292,269172,2026-05-22 11:00:00,2925,17297,Team Liquid Academy,3839|11134|19526|28024|39682,https://www.vlr.gg/680292/joblife-vs-team-liquid-academy-challengers-2026-emea-stage-2-d,269167,2026-05-21 13:30:00,3839|11134|19526|39682|50813,28024,50813,observed_lineup_change_not_verified_signing
681300,269452,2026-05-23 05:30:00,2968,21627,Leosun Esports,5009|45484|46048|46182|60159,https://www.vlr.gg/681300/the-rad-syndicate-vs-leosun-esports-challengers-2026-south-asia-split-2-w1,269435,2026-05-20 05:30:00,5009|45484|46048|46060|46182,60159,46060,observed_lineup_change_not_verified_signing
681782,269854,2026-05-24 03:00:00,2974,18299,QT DIG∞,10628|28401|29840|33576|48431,https://www.vlr.gg/681782/qt-dig-vs-riddle-order-challengers-2026-japan-split-2-w1,262749,2026-04-15 06:00:00,10628|27442|29840|33576|48431,28401,27442,observed_lineup_change_not_verified_signing
681783,269857,2026-05-24 06:30:00,2974,5148,Insomnia,43074|47467|47482|54017|62034,https://www.vlr.gg/681783/insomnia-vs-reject-challengers-2026-japan-split-2-w1,262745,2026-04-15 03:00:00,34760|43074|47467|47482|62034,54017,34760,observed_lineup_change_not_verified_signing
681302,269458,2026-05-25 05:30:00,2968,798,The Rad Syndicate,10463|18702|28612|43408|46121,https://www.vlr.gg/681302/x-ind-vs-the-rad-syndicate-challengers-2026-south-asia-split-2-w2,269453,2026-05-23 05:30:00,10463|18702|28612|30877|43408,46121,30877,observed_lineup_change_not_verified_signing
681302,269459,2026-05-25 05:30:00,2968,798,The Rad Syndicate,10463|18702|28612|30877|43408,https://www.vlr.gg/681302/x-ind-vs-the-rad-syndicate-challengers-2026-south-asia-split-2-w2,269458,2026-05-25 05:30:00,10463|18702|28612|43408|46121,30877,46121,observed_lineup_change_not_verified_signing
681516,269557,2026-05-25 16:00:00,2858,21054,Evil Geniuses Academy,844|6437|8742|9017|39602,https://www.vlr.gg/681516/evil-geniuses-academy-vs-nrg-academy-challengers-2026-north-america-ace-stage-3-r1,265832,2026-05-04 16:00:00,844|2164|8742|9017|14048,6437|39602,2164|14048,observed_lineup_change_not_verified_signing
681516,269557,2026-05-25 16:00:00,2858,21049,NRG Academy,766|2119|12932|25902|46011,https://www.vlr.gg/681516/evil-geniuses-academy-vs-nrg-academy-challengers-2026-north-america-ace-stage-3-r1,265756,2026-04-22 18:00:00,766|2119|6582|12932|25902,46011,6582,observed_lineup_change_not_verified_signing
681517,269560,2026-05-25 16:00:00,2858,6985,QoR,1533|3685|7458|9063|25745,https://www.vlr.gg/681517/qor-vs-pigeons-challengers-2026-north-america-ace-stage-3-r1,265829,2026-04-29 18:05:00,1533|3685|7458|25745|39021,9063,39021,observed_lineup_change_not_verified_signing
678037,268593,2026-05-25 18:00:00,2779,7269,FUSION,740|3227|8790|54082|65194,https://www.vlr.gg/678037/fusion-vs-lyon-challengers-2026-latam-north-ace-stage-2-w2,258045,2026-03-25 20:00:00,2968|20806|41409|45922|49876,740|3227|8790|54082|65194,2968|20806|41409|45922|49876,observed_lineup_change_not_verified_signing
681519,269566,2026-05-25 18:05:00,2858,19914,Evictix,28879|30743|44417|44787|44838,https://www.vlr.gg/681519/shopify-rebellion-black-vs-evictix-challengers-2026-north-america-ace-stage-3-r1,268097,2026-05-13 16:00:00,3007|26569|31910|44344|44417,28879|30743|44787|44838,3007|26569|31910|44344,observed_lineup_change_not_verified_signing
678039,268596,2026-05-25 21:00:00,2779,17289,AB3 Esports,20538|35919|39557|45706|55008,https://www.vlr.gg/678039/fuego-vs-ab3-esports-challengers-2026-latam-north-ace-stage-2-w2,268591,2026-05-19 20:00:00,20538|35547|39557|45706|64286,35919|55008,35547|64286,observed_lineup_change_not_verified_signing
681304,269464,2026-05-26 05:30:00,2968,21627,Leosun Esports,5009|45484|46048|46060|46182,https://www.vlr.gg/681304/leosun-esports-vs-s8ul-esports-challengers-2026-south-asia-split-2-w2,269453,2026-05-23 05:30:00,5009|45484|46048|46182|60159,46060,60159,observed_lineup_change_not_verified_signing
681304,269465,2026-05-26 05:30:00,2968,21627,Leosun Esports,5009|45484|46060|46182|60159,https://www.vlr.gg/681304/leosun-esports-vs-s8ul-esports-challengers-2026-south-asia-split-2-w2,269464,2026-05-26 05:30:00,5009|45484|46048|46060|46182,60159,46048,observed_lineup_change_not_verified_signing
681305,269467,2026-05-26 07:30:00,2968,20596,SIGN Esports,20828|30693|46104|47835|51696,https://www.vlr.gg/681305/sign-esports-vs-asterisk-challengers-2026-south-asia-split-2-w2,269451,2026-05-22 07:15:00,30693|40057|46104|47835|51696,20828,40057,observed_lineup_change_not_verified_signing
676904,268469,2026-05-26 15:00:00,2780,9427,OXEN,2610|2818|9354|36169|46901,https://www.vlr.gg/676904/university-war-vs-oxen-challengers-2026-latam-south-ace-stage-2-w2,268458,2026-05-19 15:00:00,2610|2818|9354|46901|49817,36169,49817,observed_lineup_change_not_verified_signing
681520,269569,2026-05-26 16:00:00,2858,21714,Division One,454|8746|46360|47852|47861,https://www.vlr.gg/681520/division-one-vs-dynamo-challengers-2026-north-america-ace-stage-3-r1,265842,2026-05-06 16:00:00,8746|29688|46360|47852|47861,454,29688,observed_lineup_change_not_verified_signing
681521,269572,2026-05-26 16:00:00,2858,5601,Nightblood Gaming,733|4385|20957|26848|29074,https://www.vlr.gg/681521/nightblood-gaming-vs-azure-dragon-gaming-challengers-2026-north-america-ace-stage-3-r1,265753,2026-04-22 16:00:00,4385|10053|26848|29074|36036,733|20957,10053|36036,observed_lineup_change_not_verified_signing
681521,269572,2026-05-26 16:00:00,2858,21053,Azure Dragon Gaming,4917|15051|17433|29547|29688,https://www.vlr.gg/681521/nightblood-gaming-vs-azure-dragon-gaming-challengers-2026-north-america-ace-stage-3-r1,265825,2026-04-29 16:00:00,4917|15051|28892|39602|42064,17433|29547|29688,28892|39602|42064,observed_lineup_change_not_verified_signing
681521,269574,2026-05-26 16:00:00,2858,5601,Nightblood Gaming,733|20957|20959|26848|29074,https://www.vlr.gg/681521/nightblood-gaming-vs-azure-dragon-gaming-challengers-2026-north-america-ace-stage-3-r1,269573,2026-05-26 16:00:00,733|4385|20957|26848|29074,20959,4385,observed_lineup_change_not_verified_signing
678040,268599,2026-05-26 18:00:00,2779,2131,Chivas Esports,1328|25097|26757|35619|45918,https://www.vlr.gg/678040/chivas-esports-vs-contra-challengers-2026-latam-north-ace-stage-2-w2,268582,2026-05-18 18:00:00,18784|25097|26757|35619|39245,1328|45918,18784|39245,observed_lineup_change_not_verified_signing
681522,269575,2026-05-26 19:00:00,2858,21838,FlyQuest,6582|44348|45699|47982|57188,https://www.vlr.gg/681522/flyquest-vs-alliance-guardians-challengers-2026-north-america-ace-stage-3-r1,265838,2026-05-05 18:10:00,44348|45699|47858|47982|57188,6582,47858,observed_lineup_change_not_verified_signing
681522,269575,2026-05-26 19:00:00,2858,16440,Alliance Guardians,64|3007|26569|43997|45358,https://www.vlr.gg/681522/flyquest-vs-alliance-guardians-challengers-2026-north-america-ace-stage-3-r1,263974,2026-04-20 19:15:00,64|765|6642|32654|43997,3007|26569|45358,765|6642|32654,observed_lineup_change_not_verified_signing
681523,269578,2026-05-26 19:00:00,2858,13920,SaD Esports,16671|23407|39239|41550|45696,https://www.vlr.gg/681523/sad-esports-vs-yfp-challengers-2026-north-america-ace-stage-3-r1,263970,2026-04-20 16:00:00,733|16671|23407|39239|41550,45696,733,observed_lineup_change_not_verified_signing
681523,269578,2026-05-26 19:00:00,2858,5038,YFP,1023|1120|21887|28114|28892,https://www.vlr.gg/681523/sad-esports-vs-yfp-challengers-2026-north-america-ace-stage-3-r1,265834,2026-05-04 19:00:00,1023|5093|6437|21887|45696,1120|28114|28892,5093|6437|45696,observed_lineup_change_not_verified_signing
678041,268602,2026-05-26 21:00:00,2779,21459,STREAMER ARENA,24021|35650|48553|57477|63666,https://www.vlr.gg/678041/streamer-arena-vs-lazer-challengers-2026-latam-north-ace-stage-2-w2,268588,2026-05-19 18:00:00,24021|35650|48551|48553|57477,63666,48551,observed_lineup_change_not_verified_signing
681307,269473,2026-05-27 08:30:00,2968,21627,Leosun Esports,5009|45484|46048|46182|60159,https://www.vlr.gg/681307/leosun-esports-vs-revenant-xspark-challengers-2026-south-asia-split-2-w2,269465,2026-05-26 05:30:00,5009|45484|46060|46182|60159,46048,46060,observed_lineup_change_not_verified_signing
678042,268605,2026-05-27 18:00:00,2779,17289,AB3 Esports,20538|31575|39557|45706|55008,https://www.vlr.gg/678042/ab3-esports-vs-lyon-challengers-2026-latam-north-ace-stage-2-w2,268597,2026-05-25 21:00:00,20538|35919|39557|45706|55008,31575,35919,observed_lineup_change_not_verified_signing
685248,270932,2026-05-27 19:10:00,2858,11648,ROSE,873|893|5166|17751|26565,https://www.vlr.gg/685248/rose-vs-yfp-challengers-2026-north-america-ace-stage-3-r2-0-1,269564,2026-05-25 18:30:00,873|893|5166|17751|28870,26565,28870,observed_lineup_change_not_verified_signing
676907,268478,2026-05-28 15:00:00,2780,19791,KRÜ SPARK,1294|15916|36433|38857|41224,https://www.vlr.gg/676907/oxen-vs-kr-spark-challengers-2026-latam-south-ace-stage-2-w2,268474,2026-05-26 18:00:00,1294|15916|38857|41224|58018,36433,58018,observed_lineup_change_not_verified_signing
676907,268479,2026-05-28 15:00:00,2780,19791,KRÜ SPARK,1294|15916|38857|41224|58018,https://www.vlr.gg/676907/oxen-vs-kr-spark-challengers-2026-latam-south-ace-stage-2-w2,268478,2026-05-28 15:00:00,1294|15916|36433|38857|41224,58018,36433,observed_lineup_change_not_verified_signing
678044,270992,2026-05-28 18:00:00,2779,21459,STREAMER ARENA,24021|35943|48553|57477|63666,https://www.vlr.gg/678044/streamer-arena-vs-contra-challengers-2026-latam-north-ace-stage-2-w2,268613,2026-05-28 18:00:00,24021|35650|48553|57477|63666,35943,35650,observed_lineup_change_not_verified_signing
678045,268614,2026-05-28 21:00:00,2779,7269,FUSION,740|3227|8790|17694|54082,https://www.vlr.gg/678045/chivas-esports-vs-fusion-challengers-2026-latam-north-ace-stage-2-w2,268594,2026-05-25 18:00:00,740|3227|8790|54082|65194,17694,65194,observed_lineup_change_not_verified_signing
681787,269869,2026-05-29 06:00:00,2974,5148,Insomnia,34760|43074|47467|47482|62034,https://www.vlr.gg/681787/qt-dig-vs-insomnia-challengers-2026-japan-split-2-w2,269859,2026-05-24 06:30:00,43074|47467|47482|54017|62034,34760,54017,observed_lineup_change_not_verified_signing
681308,269476,2026-05-30 05:30:00,2968,16411,XØ IND,10760|18995|36616|40074|46105,https://www.vlr.gg/681308/x-ind-vs-revenant-xspark-challengers-2026-south-asia-split-2-w2,269460,2026-05-25 05:30:00,10760|18995|27756|36616|40074,46105,27756,observed_lineup_change_not_verified_signing
681308,269477,2026-05-30 05:30:00,2968,16411,XØ IND,10760|18995|27756|36616|40074,https://www.vlr.gg/681308/x-ind-vs-revenant-xspark-challengers-2026-south-asia-split-2-w2,269476,2026-05-30 05:30:00,10760|18995|36616|40074|46105,27756,46105,observed_lineup_change_not_verified_signing
681310,269482,2026-05-31 05:30:00,2968,21627,Leosun Esports,5009|45484|46048|46060|46182,https://www.vlr.gg/681310/sign-esports-vs-leosun-esports-challengers-2026-south-asia-split-2-w2,269474,2026-05-27 08:30:00,5009|45484|46048|46182|60159,46060,60159,observed_lineup_change_not_verified_signing
681311,269485,2026-05-31 07:15:00,2968,798,The Rad Syndicate,10463|28612|30877|43404|46121,https://www.vlr.gg/681311/the-rad-syndicate-vs-asterisk-challengers-2026-south-asia-split-2-w2,269480,2026-05-30 08:10:00,10463|18702|28612|30877|43408,43404|46121,18702|43408,observed_lineup_change_not_verified_signing
681311,269485,2026-05-31 07:15:00,2968,15685,Asterisk,10758|19231|30286|30575|60694,https://www.vlr.gg/681311/the-rad-syndicate-vs-asterisk-challengers-2026-south-asia-split-2-w2,269469,2026-05-26 07:30:00,10758|19231|30286|30575|31371,60694,31371,observed_lineup_change_not_verified_signing
686765,271481,2026-06-01 07:00:00,2825,17167,Xipto Esports,7410|11578|13220|13221|44259,https://www.vlr.gg/686765/alter-ego-vs-xipto-esports-challengers-2026-southeast-asia-split-2-r1,269835,2026-05-24 09:20:00,9747|11578|13220|13221|44259,7410,9747,observed_lineup_change_not_verified_signing
681922,270061,2026-06-01 16:00:00,2962,16071,PEEK,22914|23799|25683|41456|48964,https://www.vlr.gg/681922/mibr-academy-vs-peek-challengers-2026-brazil-gamers-club-stage-2-w6,270029,2026-05-26 16:00:00,22914|23799|25683|32725|48964,41456,32725,observed_lineup_change_not_verified_signing
685988,270996,2026-06-01 16:00:00,2858,16440,Alliance Guardians,64|3007|6642|43997|45358,https://www.vlr.gg/685988/dynamo-vs-alliance-guardians-challengers-2026-north-america-ace-stage-3-r3-0-2,270931,2026-05-27 16:00:00,64|3007|26569|43997|45358,6642,26569,observed_lineup_change_not_verified_signing
685990,271002,2026-06-01 18:15:00,2858,11648,ROSE,873|893|5166|17751|59287,https://www.vlr.gg/685990/evil-geniuses-academy-vs-rose-challengers-2026-north-america-ace-stage-3-r3-0-2,270933,2026-05-27 19:10:00,873|893|5166|17751|26565,59287,26565,observed_lineup_change_not_verified_signing
681315,269497,2026-06-02 07:00:00,2968,15685,Asterisk,10758|19231|30286|30575|31371,https://www.vlr.gg/681315/x-ind-vs-asterisk-challengers-2026-south-asia-split-2-w3,269486,2026-05-31 07:15:00,10758|19231|30286|30575|60694,31371,60694,observed_lineup_change_not_verified_signing
678048,268623,2026-06-02 18:00:00,2779,21459,STREAMER ARENA,24021|35650|48553|57477|63666,https://www.vlr.gg/678048/streamer-arena-vs-chivas-esports-challengers-2026-latam-north-ace-stage-2-w3,270992,2026-05-28 18:00:00,24021|35943|48553|57477|63666,35650,35943,observed_lineup_change_not_verified_signing
686184,271050,2026-06-03 04:00:00,2973,15578,T1 Academy,27442|43057|50827|53196|60650,https://www.vlr.gg/686184/t1-academy-vs-gen-g-global-academy-challengers-2026-korea-wdg-split-2-w1,260112,2026-04-15 04:00:00,28401|29839|50827|53196|60650,27442|43057,28401|29839,observed_lineup_change_not_verified_signing
681317,269503,2026-06-03 07:35:00,2968,22341,No Salary Peek,3626|3627|9263|26829|51695,https://www.vlr.gg/681317/no-salary-peek-vs-s8ul-esports-challengers-2026-south-asia-split-2-w3,269489,2026-06-01 05:30:00,3626|3627|9263|26376|26829,51695,26376,observed_lineup_change_not_verified_signing
681317,269504,2026-06-03 07:35:00,2968,22341,No Salary Peek,3626|3627|9263|26376|26829,https://www.vlr.gg/681317/no-salary-peek-vs-s8ul-esports-challengers-2026-south-asia-split-2-w3,269503,2026-06-03 07:35:00,3626|3627|9263|26829|51695,26376,51695,observed_lineup_change_not_verified_signing
686185,271053,2026-06-03 08:00:00,2973,20978,ARETE,13000|25082|37535|44586|61081,https://www.vlr.gg/686185/dplus-esports-vs-arete-challengers-2026-korea-wdg-split-2-w1,260105,2026-04-08 06:05:00,25082|37535|42843|61080|61081,13000|44586,42843|61080,observed_lineup_change_not_verified_signing
686186,271056,2026-06-04 04:00:00,2973,9749,DRX Academy,34973|34982|40279|56665|63154,https://www.vlr.gg/686186/onside-gaming-vs-drx-academy-challengers-2026-korea-wdg-split-2-w1,260102,2026-04-08 04:00:00,24979|34973|34982|56665|63154,40279,24979,observed_lineup_change_not_verified_signing
681318,269508,2026-06-04 05:30:00,2968,16411,XØ IND,10760|18995|36616|40074|51601,https://www.vlr.gg/681318/x-ind-vs-sign-esports-challengers-2026-south-asia-split-2-w3,269507,2026-06-04 05:30:00,10760|18995|27756|36616|40074,51601,27756,observed_lineup_change_not_verified_signing
681318,271900,2026-06-04 05:30:00,2968,16411,XØ IND,10760|18995|27756|36616|40074,https://www.vlr.gg/681318/x-ind-vs-sign-esports-challengers-2026-south-asia-split-2-w3,269508,2026-06-04 05:30:00,10760|18995|36616|40074|51601,27756,51601,observed_lineup_change_not_verified_signing
681318,271900,2026-06-04 05:30:00,2968,20596,SIGN Esports,20828|30693|40057|46104|47835,https://www.vlr.gg/681318/x-ind-vs-sign-esports-challengers-2026-south-asia-split-2-w3,269508,2026-06-04 05:30:00,20828|30693|46104|47835|51696,40057,51696,observed_lineup_change_not_verified_signing
686187,271060,2026-06-04 07:00:00,2973,22548,So:sweet,48908|61985|64735|64736|65389,https://www.vlr.gg/686187/so-sweet-vs-x-cast-challengers-2026-korea-wdg-split-2-w1,271059,2026-06-04 07:00:00,48908|61985|64734|64735|64736,65389,64734,observed_lineup_change_not_verified_signing
686187,271061,2026-06-04 07:00:00,2973,22548,So:sweet,48908|61985|64734|64735|64736,https://www.vlr.gg/686187/so-sweet-vs-x-cast-challengers-2026-korea-wdg-split-2-w1,271060,2026-06-04 07:00:00,48908|61985|64735|64736|65389,64734,65389,observed_lineup_change_not_verified_signing
688761,271953,2026-06-04 09:00:00,3018,8945,One More Esports,6742|13234|15210|17022|23056,https://www.vlr.gg/688761/one-more-esports-vs-twisted-saints-esports-challengers-2026-emea-last-chance-qualifier-r1,261997,2026-04-19 12:00:00,6742|13234|17022|22334|47958,15210|23056,22334|47958,observed_lineup_change_not_verified_signing
688761,271953,2026-06-04 09:00:00,3018,16629,Twisted Saints Esports,6998|9698|10429|29553|65396,https://www.vlr.gg/688761/one-more-esports-vs-twisted-saints-esports-challengers-2026-emea-last-chance-qualifier-r1,258804,2026-03-22 10:00:00,12475|28480|49740|50223|52976,6998|9698|10429|29553|65396,12475|28480|49740|50223|52976,observed_lineup_change_not_verified_signing
688744,271905,2026-06-04 09:30:00,3018,19503,FAST LEARNER,29629|50270|59057|61318|65394,https://www.vlr.gg/688744/fast-learner-vs-wip-esports-challengers-2026-emea-last-chance-qualifier-r1,258795,2026-03-22 10:00:00,14608|29994|49711|57372|58740,29629|50270|59057|61318|65394,14608|29994|49711|57372|58740,observed_lineup_change_not_verified_signing
688745,271908,2026-06-04 09:30:00,3018,17179,DNSTY,2700|12519|24439|33994|65392,https://www.vlr.gg/688745/dnsty-vs-kpi-gaming-challengers-2026-emea-last-chance-qualifier-r1,266336,2026-05-03 11:00:00,2700|8226|12474|12519|33994,24439|65392,8226|12474,observed_lineup_change_not_verified_signing
688745,271908,2026-06-04 09:30:00,3018,6313,KPI Gaming,32303|50075|55459|55748|60541,https://www.vlr.gg/688745/dnsty-vs-kpi-gaming-challengers-2026-emea-last-chance-qualifier-r1,266340,2026-05-04 11:00:00,32303|50070|50075|55459|55748,60541,50070,observed_lineup_change_not_verified_signing
688746,271911,2026-06-04 09:30:00,3018,15027,FULL BOX 200,4540|5810|19505|37841|65403,https://www.vlr.gg/688746/full-box-200-vs-galatasaray-esports-challengers-2026-emea-last-chance-qualifier-r1,263084,2026-04-13 14:30:00,4540|5810|19505|50206|61846,37841|65403,50206|61846,observed_lineup_change_not_verified_signing
688746,271911,2026-06-04 09:30:00,3018,4572,Galatasaray Esports,10152|13545|13557|19776|22671,https://www.vlr.gg/688746/full-box-200-vs-galatasaray-esports-challengers-2026-emea-last-chance-qualifier-r1,265788,2026-04-28 13:30:00,10152|13545|13557|19776|49341,22671,49341,observed_lineup_change_not_verified_signing
688747,271914,2026-06-04 09:30:00,3018,5091,RIZON,6101|8440|15491|27789|55747,https://www.vlr.gg/688747/rizon-vs-lost-puppies-challengers-2026-emea-last-chance-qualifier-r1,266567,2026-05-09 09:00:00,8440|9571|27789|42661|55747,6101|15491,9571|42661,observed_lineup_change_not_verified_signing
688747,271914,2026-06-04 09:30:00,3018,13112,Lost Puppies,31350|36402|42365|42661|50267,https://www.vlr.gg/688747/rizon-vs-lost-puppies-challengers-2026-emea-last-chance-qualifier-r1,261504,2026-04-14 13:30:00,31350|36402|40003|42365|42371,42661|50267,40003|42371,observed_lineup_change_not_verified_signing
688748,271917,2026-06-04 09:30:00,3018,10417,Formulation Gaming,562|1284|19691|39695|50186,https://www.vlr.gg/688748/hge-esport-vs-formulation-gaming-challengers-2026-emea-last-chance-qualifier-r1,265112,2026-04-28 11:00:00,562|1284|7490|19691|25906,39695|50186,7490|25906,observed_lineup_change_not_verified_signing
688749,271920,2026-06-04 09:30:00,3018,2290,Gamax Esports,40587|46440|46446|52924|54425,https://www.vlr.gg/688749/gamax-esports-vs-ilekler-challengers-2026-emea-last-chance-qualifier-r1,266561,2026-05-06 14:30:00,44186|46440|52924|54425|57377,40587|46446,44186|57377,observed_lineup_change_not_verified_signing
688750,271923,2026-06-04 09:30:00,3018,11829,eSports Cologne,5477|33974|40310|44548|49871,https://www.vlr.gg/688750/esports-cologne-vs-leo-esports-challengers-2026-emea-last-chance-qualifier-r1,263010,2026-04-26 11:00:00,5477|9530|33974|40310|55741,44548|49871,9530|55741,observed_lineup_change_not_verified_signing
688750,271923,2026-06-04 09:30:00,3018,16397,LEO Esports,22154|26404|31276|46309|57211,https://www.vlr.gg/688750/esports-cologne-vs-leo-esports-challengers-2026-emea-last-chance-qualifier-r1,261506,2026-04-14 13:30:00,22188|23197|26404|31276|57211,22154|46309,22188|23197,observed_lineup_change_not_verified_signing
688751,271926,2026-06-04 09:30:00,3018,1471,Team RA'AD,5642|6503|6505|8237|14366,https://www.vlr.gg/688751/team-raad-vs-eintracht-frankfurt-challengers-2026-emea-last-chance-qualifier-r1,266563,2026-05-12 14:00:00,6503|6505|8237|10458|14366,5642,10458,observed_lineup_change_not_verified_signing
688752,271929,2026-06-04 09:30:00,3018,15477,Nuxeria Esport,7176|37646|52535|54431|55690,https://www.vlr.gg/688752/nuxeria-esport-vs-f9-eicar-challengers-2026-emea-last-chance-qualifier-r1,261160,2026-04-26 11:00:00,7176|20657|54431|55690|63512,37646|52535,20657|63512,observed_lineup_change_not_verified_signing
688753,271932,2026-06-04 09:30:00,3018,20871,baigiau,37796|57990|57992|57995|59034,https://www.vlr.gg/688753/ramboot-club-vs-baigiau-challengers-2026-emea-last-chance-qualifier-r1,261500,2026-04-14 11:00:00,50253|57990|57992|57995|59034,37796,50253,observed_lineup_change_not_verified_signing
688754,271935,2026-06-04 09:30:00,3018,8826,ALTERNATE aTTaX,4969|9508|12528|42638|55749,https://www.vlr.gg/688754/alternate-attax-vs-rbcorp-challengers-2026-emea-last-chance-qualifier-r1,263005,2026-04-26 11:00:00,3934|4969|9508|12528|55749,42638,3934,observed_lineup_change_not_verified_signing
688755,271938,2026-06-04 09:30:00,3018,18054,BONK,30901|39285|45769|45836|50288,https://www.vlr.gg/688755/la-masia-vs-bonk-challengers-2026-emea-last-chance-qualifier-r1,265118,2026-05-03 09:00:00,39285|45769|45836|48938|50288,30901,48938,observed_lineup_change_not_verified_signing
688756,271941,2026-06-04 09:30:00,3018,20963,Galions,2256|2570|7162|22617|40697,https://www.vlr.gg/688756/otakar-esports-vs-galions-challengers-2026-emea-last-chance-qualifier-r1,261160,2026-04-26 11:00:00,2570|7162|40697|41220|41390,2256|22617,41220|41390,observed_lineup_change_not_verified_signing
688757,271944,2026-06-04 09:30:00,3018,20976,Dortmund eSports,12514|22042|27813|39062|40702,https://www.vlr.gg/688757/dortmund-esports-vs-fire-flux-esports-challengers-2026-emea-last-chance-qualifier-r1,263002,2026-04-26 11:00:00,12514|12593|22042|27813|39062,40702,12593,observed_lineup_change_not_verified_signing
688757,271944,2026-06-04 09:30:00,3018,20085,Fire Flux Esports,10137|11516|21584|31855|58374,https://www.vlr.gg/688757/dortmund-esports-vs-fire-flux-esports-challengers-2026-emea-last-chance-qualifier-r1,265785,2026-04-28 10:30:00,10137|21584|42008|55083|58374,11516|31855,42008|55083,observed_lineup_change_not_verified_signing
688758,271947,2026-06-04 09:30:00,3018,7940,Melilla Titans,48948|48950|52538|54124|65401,https://www.vlr.gg/688758/melilla-titans-vs-bushido-wildcats-challengers-2026-emea-last-chance-qualifier-r1,266330,2026-04-28 11:00:00,48948|48950|52538|54124|55461,65401,55461,observed_lineup_change_not_verified_signing
688758,271947,2026-06-04 09:30:00,3018,20961,Bushido Wildcats,10141|22735|23487|49336|58373,https://www.vlr.gg/688758/melilla-titans-vs-bushido-wildcats-challengers-2026-emea-last-chance-qualifier-r1,261231,2026-04-18 10:30:00,10141|23487|41731|49335|58373,22735|49336,41731|49335,observed_lineup_change_not_verified_signing
688759,271950,2026-06-04 09:30:00,3018,17985,BAAM Esports,4613|4615|31116|52931|54977,https://www.vlr.gg/688759/baam-esports-vs-szach-mat-challengers-2026-emea-last-chance-qualifier-r1,266557,2026-05-14 12:00:00,4613|4615|13937|31116|52931,54977,13937,observed_lineup_change_not_verified_signing
688763,271959,2026-06-04 13:30:00,3018,13112,Lost Puppies,31350|36402|40003|42365|42661,https://www.vlr.gg/688763/lost-puppies-vs-ramboot-club-challengers-2026-emea-last-chance-qualifier-r2,271916,2026-06-04 09:30:00,31350|36402|42365|42661|50267,40003,50267,observed_lineup_change_not_verified_signing
688767,271971,2026-06-04 13:30:00,3018,1981,Dark Passage,41552|42348|58707|58750|58753,https://www.vlr.gg/688767/kpi-gaming-vs-dark-passage-challengers-2026-emea-last-chance-qualifier-r2,265782,2026-04-26 13:30:00,41552|42348|58707|58750|58751,58753,58751,observed_lineup_change_not_verified_signing
688772,271986,2026-06-04 13:30:00,3018,11829,eSports Cologne,5477|9530|33974|40310|55741,https://www.vlr.gg/688772/esports-cologne-vs-otakar-esports-challengers-2026-emea-last-chance-qualifier-r2,271924,2026-06-04 09:30:00,5477|33974|40310|44548|49871,9530|55741,44548|49871,observed_lineup_change_not_verified_signing
688773,271991,2026-06-04 13:30:00,3018,18054,BONK,18461|30901|39285|45769|50288,https://www.vlr.gg/688773/bonk-vs-melilla-titans-challengers-2026-emea-last-chance-qualifier-r2,271990,2026-06-04 13:30:00,30901|39285|45769|45836|50288,18461,45836,observed_lineup_change_not_verified_signing
686190,271069,2026-06-05 04:00:00,2973,22548,So:sweet,48908|61985|64735|64736|65389,https://www.vlr.gg/686190/so-sweet-vs-drx-academy-challengers-2026-korea-wdg-split-2-w1,271068,2026-06-05 04:00:00,48908|61985|64734|64735|64736,65389,64734,observed_lineup_change_not_verified_signing
686190,271070,2026-06-05 04:00:00,2973,22548,So:sweet,48908|61985|64734|64735|64736,https://www.vlr.gg/686190/so-sweet-vs-drx-academy-challengers-2026-korea-wdg-split-2-w1,271069,2026-06-05 04:00:00,48908|61985|64735|64736|65389,64734,65389,observed_lineup_change_not_verified_signing
681320,269512,2026-06-05 05:30:00,2968,16411,XØ IND,10760|18995|27756|40074|51601,https://www.vlr.gg/681320/x-ind-vs-leosun-esports-challengers-2026-south-asia-split-2-w3,271900,2026-06-04 05:30:00,10760|18995|27756|36616|40074,51601,36616,observed_lineup_change_not_verified_signing
681320,269512,2026-06-05 05:30:00,2968,21627,Leosun Esports,5009|45484|46060|46182|60159,https://www.vlr.gg/681320/x-ind-vs-leosun-esports-challengers-2026-south-asia-split-2-w3,269483,2026-05-31 05:30:00,5009|45484|46048|46060|46182,60159,46048,observed_lineup_change_not_verified_signing
689135,272096,2026-06-05 09:00:00,3018,16629,Twisted Saints Esports,6998|9698|10143|10429|29553,https://www.vlr.gg/689135/eintracht-frankfurt-vs-twisted-saints-esports-challengers-2026-emea-last-chance-qualifier-r3,271979,2026-06-04 13:30:00,6998|9698|10429|29553|65396,10143,65396,observed_lineup_change_not_verified_signing
689146,272126,2026-06-05 09:00:00,3018,20871,baigiau,37796|57990|57995|59034|63725,https://www.vlr.gg/689146/baigiau-vs-galions-challengers-2026-emea-last-chance-qualifier-r3,271985,2026-06-04 13:30:00,37796|57990|57992|57995|59034,63725,57992,observed_lineup_change_not_verified_signing
686193,271077,2026-06-17 06:45:00,2973,22548,So:sweet,48908|61985|64735|64736|65389,https://www.vlr.gg/686193/so-sweet-vs-dplus-esports-challengers-2026-korea-wdg-split-2-w2,271070,2026-06-05 04:00:00,48908|61985|64734|64735|64736,65389,64734,observed_lineup_change_not_verified_signing
676915,268499,2026-06-17 15:00:00,2780,22142,BESTIA,1311|3828|12872|33570|37105,https://www.vlr.gg/676915/kr-spark-vs-bestia-challengers-2026-latam-south-ace-stage-2-w4,268495,2026-06-02 15:00:00,1311|3828|12872|24007|33570,37105,24007,observed_lineup_change_not_verified_signing
676915,268500,2026-06-17 15:00:00,2780,19791,KRÜ SPARK,1294|15916|36433|38857|41224,https://www.vlr.gg/676915/kr-spark-vs-bestia-challengers-2026-latam-south-ace-stage-2-w4,268499,2026-06-17 15:00:00,1294|15916|38857|41224|58018,36433,58018,observed_lineup_change_not_verified_signing
676915,268501,2026-06-17 15:00:00,2780,19791,KRÜ SPARK,1294|15916|38857|41224|58018,https://www.vlr.gg/676915/kr-spark-vs-bestia-challengers-2026-latam-south-ace-stage-2-w4,268500,2026-06-17 15:00:00,1294|15916|36433|38857|41224,58018,36433,observed_lineup_change_not_verified_signing
681928,270079,2026-06-17 16:00:00,2962,20216,TRIBE,32745|37095|44309|46568|59166,https://www.vlr.gg/681928/tbk-esports-vs-tribe-challengers-2026-brazil-gamers-club-stage-2-w7,270068,2026-06-01 19:00:00,32745|37095|44309|46568|50768,59166,50768,observed_lineup_change_not_verified_signing
688228,271696,2026-06-17 16:00:00,2858,21714,Division One,8746|35377|46360|47852|47861,https://www.vlr.gg/688228/division-one-vs-evictix-challengers-2026-north-america-ace-stage-3-r4-1-2,271016,2026-06-02 18:00:00,454|8746|46360|47852|47861,35377,454,observed_lineup_change_not_verified_signing
678050,268629,2026-06-17 18:00:00,2779,7269,FUSION,586|740|41409|47837|54082,https://www.vlr.gg/678050/streamer-arena-vs-fusion-challengers-2026-latam-north-ace-stage-2-w4,271721,2026-06-02 21:00:00,740|3227|8790|17694|54082,586|41409|47837,3227|8790|17694,observed_lineup_change_not_verified_signing
681932,270088,2026-06-17 19:00:00,2962,17094,FURIA Academy,8889|33121|37091|40859|45864,https://www.vlr.gg/681932/furia-academy-vs-peek-challengers-2026-brazil-gamers-club-stage-2-w7,270066,2026-06-01 16:00:00,33121|37091|37105|40859|45864,8889,37105,observed_lineup_change_not_verified_signing
681932,270088,2026-06-17 19:00:00,2962,16071,PEEK,22914|25683|32725|41456|48964,https://www.vlr.gg/681932/furia-academy-vs-peek-challengers-2026-brazil-gamers-club-stage-2-w7,270062,2026-06-01 16:00:00,22914|23799|25683|41456|48964,32725,23799,observed_lineup_change_not_verified_signing
688230,271702,2026-06-17 19:00:00,2858,19415,Dynamo,29691|49608|49857|50423|53833,https://www.vlr.gg/688230/dynamo-vs-rose-challengers-2026-north-america-ace-stage-3-r4-0-3,270997,2026-06-01 16:00:00,29691|41894|49608|50423|53833,49857,41894,observed_lineup_change_not_verified_signing
688231,271705,2026-06-17 19:00:00,2858,21838,FlyQuest,44348|45699|47858|47982|57188,https://www.vlr.gg/688231/flyquest-vs-evil-geniuses-academy-challengers-2026-north-america-ace-stage-3-r4-1-2,271012,2026-06-02 19:15:00,6582|44348|45699|47982|57188,47858,6582,observed_lineup_change_not_verified_signing
678051,268632,2026-06-17 21:00:00,2779,2131,Chivas Esports,1328|25097|26757|35619|35927,https://www.vlr.gg/678051/chivas-esports-vs-lyon-challengers-2026-latam-north-ace-stage-2-w4,268624,2026-06-02 18:00:00,1328|25097|26757|35619|45918,35927,45918,observed_lineup_change_not_verified_signing
678051,268633,2026-06-17 21:00:00,2779,2131,Chivas Esports,1328|25097|26757|35619|45918,https://www.vlr.gg/678051/chivas-esports-vs-lyon-challengers-2026-latam-north-ace-stage-2-w4,268632,2026-06-17 21:00:00,1328|25097|26757|35619|35927,45918,35927,observed_lineup_change_not_verified_signing
686195,271083,2026-06-18 06:25:00,2973,15578,T1 Academy,27442|42769|50827|53196|60650,https://www.vlr.gg/686195/drx-academy-vs-t1-academy-challengers-2026-korea-wdg-split-2-w2,271064,2026-06-05 01:00:00,27442|43057|50827|53196|60650,42769,43057,observed_lineup_change_not_verified_signing
676917,268505,2026-06-18 15:00:00,2780,9427,OXEN,2610|2818|9354|11046|36169,https://www.vlr.gg/676917/9z-globant-vs-oxen-challengers-2026-latam-south-ace-stage-2-w4,268489,2026-06-01 15:00:00,2610|2818|9354|36169|46901,11046,46901,observed_lineup_change_not_verified_signing
681933,270091,2026-06-18 16:00:00,2962,18622,ELEVATE,1586|23010|37098|41225|56936,https://www.vlr.gg/681933/elevate-vs-team-liquid-brazil-challengers-2026-brazil-gamers-club-stage-2-w7,270074,2026-06-02 16:00:00,1586|23010|37098|41225|41482,56936,41482,observed_lineup_change_not_verified_signing
678052,268635,2026-06-18 18:00:00,2779,10376,Contra,7618|15931|21428|44075|49571,https://www.vlr.gg/678052/fuego-vs-contra-challengers-2026-latam-north-ace-stage-2-w4,268621,2026-06-01 21:00:00,15931|21428|44075|47837|49571,7618,47837,observed_lineup_change_not_verified_signing
678053,268639,2026-06-18 21:00:00,2779,22732,Stray Cats,20538|35919|39557|46746|55008,https://www.vlr.gg/678053/stray-cats-vs-lazer-challengers-2026-latam-north-ace-stage-2-w4,268621,2026-06-01 21:00:00,20538|39557|45706|46746|55008,35919,45706,observed_lineup_change_not_verified_signing
678053,268639,2026-06-18 21:00:00,2779,20808,LAZER,593|8056|8790|8792|39538,https://www.vlr.gg/678053/stray-cats-vs-lazer-challengers-2026-latam-north-ace-stage-2-w4,268619,2026-06-01 18:00:00,593|7618|8056|8792|39538,8790,7618,observed_lineup_change_not_verified_signing
688437,271831,2026-06-22 11:00:00,3016,876,Enterprise Esports,309|2173|3674|10338|55681,https://www.vlr.gg/688437/enterprise-esports-vs-bar-a-esports-challengers-2026-emea-stage-3-opening-b,269137,2026-05-20 11:00:00,2173|3674|10338|45494|55681,309,45494,observed_lineup_change_not_verified_signing
688442,271846,2026-06-22 13:30:00,3016,17177,Pixel Lumina,1835|2525|2617|4519|4525,https://www.vlr.gg/688442/ucam-esports-club-vs-pixel-lumina-challengers-2026-emea-stage-3-opening-c,261500,2026-04-14 11:00:00,1835|2525|2617|4525|48705,4519,48705,observed_lineup_change_not_verified_signing
688447,271861,2026-06-22 13:30:00,3016,13589,Ghools Esports,4614|12673|40665|40667|40668,https://www.vlr.gg/688447/reborn-vs-ghools-esports-challengers-2026-emea-stage-3-opening-d,269167,2026-05-21 13:30:00,4614|12673|40665|40667|54973,40668,54973,observed_lineup_change_not_verified_signing
676920,268511,2026-06-22 15:00:00,2780,9425,LEVIATÁN Academy,48864|48984|50459|50461|62287,https://www.vlr.gg/676920/oxen-vs-leviat-n-academy-challengers-2026-latam-south-ace-stage-2-w5,268509,2026-06-18 18:00:00,48864|50459|50461|56785|62287,48984,56785,observed_lineup_change_not_verified_signing
676922,268517,2026-06-22 18:00:00,2780,19791,KRÜ SPARK,1294|15916|36433|38857|58018,https://www.vlr.gg/676922/kr-spark-vs-shinden-challengers-2026-latam-south-ace-stage-2-w5,268501,2026-06-17 15:00:00,1294|15916|38857|41224|58018,36433,41224,observed_lineup_change_not_verified_signing
678058,268641,2026-06-22 18:00:00,2779,22732,Stray Cats,20538|39557|45706|45921|49464,https://www.vlr.gg/678058/stray-cats-vs-chivas-esports-challengers-2026-latam-north-ace-stage-2-w5,274096,2026-06-18 21:00:00,20538|35919|39557|46746|55008,45706|45921|49464,35919|46746|55008,observed_lineup_change_not_verified_signing
678058,268642,2026-06-22 18:00:00,2779,22732,Stray Cats,39557|45706|45921|49464|55008,https://www.vlr.gg/678058/stray-cats-vs-chivas-esports-challengers-2026-latam-north-ace-stage-2-w5,268641,2026-06-22 18:00:00,20538|39557|45706|45921|49464,55008,20538,observed_lineup_change_not_verified_signing
678059,268644,2026-06-22 21:00:00,2779,7269,FUSION,740|3227|41409|47837|54082,https://www.vlr.gg/678059/fusion-vs-lazer-challengers-2026-latam-north-ace-stage-2-w5,268630,2026-06-17 18:00:00,586|740|41409|47837|54082,3227,586,observed_lineup_change_not_verified_signing
688433,271819,2026-06-23 11:00:00,3016,16598,AlQadsiah Esports,1470|1618|5795|6503|48592,https://www.vlr.gg/688433/mandatory-vs-alqadsiah-esports-challengers-2026-emea-stage-3-opening-a,269155,2026-05-22 13:30:00,1470|1618|5599|5795|36070,6503|48592,5599|36070,observed_lineup_change_not_verified_signing
688438,271834,2026-06-23 11:00:00,3016,5214,CGN Esports,11|2256|4329|9558|35513,https://www.vlr.gg/688438/joblife-vs-cgn-esports-challengers-2026-emea-stage-3-opening-b,269129,2026-05-20 13:30:00,11|4329|9558|10885|35513,2256,10885,observed_lineup_change_not_verified_signing
688448,271864,2026-06-23 13:30:00,3016,17297,Team Liquid Academy,3839|19526|24439|39682|50813,https://www.vlr.gg/688448/team-liquid-academy-vs-misa-esports-challengers-2026-emea-stage-3-opening-d,269173,2026-05-22 11:00:00,3839|11134|19526|28024|39682,24439|50813,11134|28024,observed_lineup_change_not_verified_signing
701226,274075,2026-06-24 16:00:00,2858,21053,Azure Dragon Gaming,15051|17433|17976|29547|29688,https://www.vlr.gg/701226/azure-dragon-gaming-vs-alliance-guardians-challengers-2026-north-america-ace-stage-3-r5-2-2,271712,2026-06-18 16:00:00,4917|15051|17433|29547|29688,17976,4917,observed_lineup_change_not_verified_signing
688435,271825,2026-06-25 11:00:00,3016,16598,AlQadsiah Esports,1470|1618|5599|5795|36070,https://www.vlr.gg/688435/be-ikta-esports-vs-alqadsiah-esports-challengers-2026-emea-stage-3-elim-a,271820,2026-06-23 11:00:00,1470|1618|5795|6503|48592,5599|36070,6503|48592,observed_lineup_change_not_verified_signing
686206,271111,2026-06-26 01:00:00,2973,22548,So:sweet,48908|61985|64734|64735|64736,https://www.vlr.gg/686206/t1-academy-vs-so-sweet-challengers-2026-korea-wdg-split-2-w3,271110,2026-06-26 01:00:00,48908|61985|64735|64736|65389,64734,65389,observed_lineup_change_not_verified_signing
686208,271116,2026-06-26 04:00:00,2973,22549,X-CAST,2148|64739|64740|64741|64742,https://www.vlr.gg/686208/x-cast-vs-gen-g-global-academy-challengers-2026-korea-wdg-split-2-w3,271105,2026-06-25 04:00:00,985|64739|64740|64741|64742,2148,985,observed_lineup_change_not_verified_signing
706324,275052,2026-06-26 16:00:00,2858,21053,Azure Dragon Gaming,7530|15051|17433|17976|29688,https://www.vlr.gg/706324/azure-dragon-gaming-vs-nrg-academy-challengers-2026-north-america-ace-stage-3-r6-3-2,274077,2026-06-24 16:00:00,15051|17433|17976|29547|29688,7530,29547,observed_lineup_change_not_verified_signing
706324,275053,2026-06-26 16:00:00,2858,21053,Azure Dragon Gaming,15051|17433|17976|29547|29688,https://www.vlr.gg/706324/azure-dragon-gaming-vs-nrg-academy-challengers-2026-north-america-ace-stage-3-r6-3-2,275052,2026-06-26 16:00:00,7530|15051|17433|17976|29688,29547,7530,observed_lineup_change_not_verified_signing
681807,269929,2026-06-28 06:00:00,2974,104,REJECT,4122|7405|7745|25915|58549,https://www.vlr.gg/681807/reject-vs-riddle-order-challengers-2026-japan-split-2-w4,269915,2026-06-26 03:00:00,424|4122|7405|7745|25915,58549,424,observed_lineup_change_not_verified_signing
688436,271828,2026-06-29 11:00:00,3016,2036,Beşiktaş Esports,3549|4892|39351|50776|52965,https://www.vlr.gg/688436/mandatory-vs-be-ikta-esports-challengers-2026-emea-stage-3-decider-a,271827,2026-06-25 11:00:00,4892|5500|39351|50776|52965,3549,5500,observed_lineup_change_not_verified_signing
678062,268653,2026-06-29 18:00:00,2779,22732,Stray Cats,35919|39557|45706|45921|49464,https://www.vlr.gg/678062/streamer-arena-vs-stray-cats-challengers-2026-latam-north-ace-stage-2-w5,268642,2026-06-22 18:00:00,39557|45706|45921|49464|55008,35919,55008,observed_lineup_change_not_verified_signing
707204,275457,2026-07-01 18:00:00,2962,17094,FURIA Academy,33121|36106|37091|40859|45864,https://www.vlr.gg/707204/furia-academy-vs-la-masia-challengers-2026-brazil-gamers-club-stage-2-ur1,270089,2026-06-17 19:00:00,8889|33121|37091|40859|45864,36106,8889,observed_lineup_change_not_verified_signing
686212,271128,2026-07-02 04:00:00,2973,17392,Gen.G Global Academy,49830|62402|62403|62404|62405,https://www.vlr.gg/686212/gen-g-global-academy-vs-dplus-esports-challengers-2026-korea-wdg-split-2-w4,271117,2026-06-26 04:00:00,48925|62402|62403|62404|62405,49830,48925,observed_lineup_change_not_verified_signing
686213,271131,2026-07-02 06:20:00,2973,22548,So:sweet,48908|61985|64735|64736|65389,https://www.vlr.gg/686213/so-sweet-vs-onside-gaming-challengers-2026-korea-wdg-split-2-w4,271111,2026-06-26 01:00:00,48908|61985|64734|64735|64736,65389,64734,observed_lineup_change_not_verified_signing
707228,275510,2026-07-02 18:00:00,2779,21459,STREAMER ARENA,24021|35650|35943|48553|63666,https://www.vlr.gg/707228/fuego-vs-streamer-arena-challengers-2026-latam-north-ace-stage-2-ubsf,268654,2026-06-29 18:00:00,24021|35650|48553|57477|63666,35943,57477,observed_lineup_change_not_verified_signing
707775,275653,2026-07-04 19:15:00,2858,22589,YFT,754|1023|28114|28892|32654,https://www.vlr.gg/707775/qor-vs-yft-challengers-2026-north-america-ace-stage-3-lr1,275632,2026-07-02 18:00:00,1023|21887|28114|28892|32654,754,21887,observed_lineup_change_not_verified_signing
710272,276163,2026-07-07 11:00:00,3018,10417,Formulation Gaming,1284|5893|19691|39695|50186,https://www.vlr.gg/710272/fokus-vs-formulation-gaming-challengers-2026-emea-last-chance-qualifier-opening-a,272515,2026-06-07 09:00:00,562|1284|19691|39695|50186,5893,562,observed_lineup_change_not_verified_signing
710273,276166,2026-07-07 13:30:00,3018,16629,Twisted Saints Esports,1524|9698|10429|29553|58290,https://www.vlr.gg/710273/twisted-saints-esports-vs-pixel-lumina-challengers-2026-emea-last-chance-qualifier-opening-a,272505,2026-06-06 13:00:00,6998|9698|10143|10429|29553,1524|58290,6998|10143,observed_lineup_change_not_verified_signing
710278,276181,2026-07-07 13:30:00,3018,2036,Beşiktaş Esports,4892|39351|39352|50776|52965,https://www.vlr.gg/710278/be-ikta-esports-vs-cgn-esports-challengers-2026-emea-last-chance-qualifier-opening-b,271829,2026-06-29 11:00:00,3549|4892|39351|50776|52965,39352,3549,observed_lineup_change_not_verified_signing
710288,276211,2026-07-07 13:30:00,3018,13589,Ghools Esports,4614|30479|40665|40667|40668,https://www.vlr.gg/710288/bar-a-esports-vs-ghools-esports-challengers-2026-emea-last-chance-qualifier-opening-d,271871,2026-06-25 14:15:00,4614|12673|40665|40667|40668,30479,12673,observed_lineup_change_not_verified_signing
710289,276214,2026-07-08 11:00:00,3018,14461,Barça eSports,292|5199|15064|33731|41718,https://www.vlr.gg/710289/ilekler-vs-bar-a-esports-challengers-2026-emea-last-chance-qualifier-winners-d,276212,2026-07-07 13:30:00,292|5199|15064|33731|40004,41718,40004,observed_lineup_change_not_verified_signing
701025,273938,2026-07-09 04:00:00,2978,13790,Wolves Esports,6022|9152|14125|14441|49973,https://www.vlr.gg/701025/wolves-esports-vs-titan-esports-club-vct-2026-china-stage-2-w1,258010,2026-04-16 05:00:00,6022|7849|14125|19292|49973,9152|14441,7849|19292,observed_lineup_change_not_verified_signing
701026,273941,2026-07-09 06:20:00,2978,11981,Dragon Ranger Gaming,3028|3741|11524|31753|55817,https://www.vlr.gg/701026/dragon-ranger-gaming-vs-bilibili-gaming-vct-2026-china-stage-2-w1,270757,2026-06-09 10:00:00,3028|3741|4705|11524|31753,55817,4705,observed_lineup_change_not_verified_signing
701026,273941,2026-07-09 06:20:00,2978,12010,Guangzhou Huadu Bilibili Gaming (Bilibili Gaming),4774|4885|10698|48878|64029,https://www.vlr.gg/701026/dragon-ranger-gaming-vs-bilibili-gaming-vct-2026-china-stage-2-w1,258008,2026-04-15 07:05:00,4774|4885|10698|48878|62947,64029,62947,observed_lineup_change_not_verified_signing
701027,273944,2026-07-10 04:00:00,2978,11328,FunPlus Phoenix,7987|12365|19530|50025|54487,https://www.vlr.gg/701027/funplus-phoenix-vs-trace-esports-vct-2026-china-stage-2-w1,258004,2026-04-15 05:00:00,7857|7987|19530|50025|55823,12365|54487,7857|55823,observed_lineup_change_not_verified_signing
701027,273944,2026-07-10 04:00:00,2978,12685,Trace Esports,3045|4770|10821|37494|51249,https://www.vlr.gg/701027/funplus-phoenix-vs-trace-esports-vct-2026-china-stage-2-w1,265313,2026-05-03 08:30:00,5011|10821|36415|37494|54487,3045|4770|51249,5011|36415|54487,observed_lineup_change_not_verified_signing
701028,273947,2026-07-10 06:10:00,2978,13576,JD Gaming,3519|7857|11218|49476|64969,https://www.vlr.gg/701028/jdg-esports-vs-tyloo-vct-2026-china-stage-2-w1,265319,2026-05-05 05:00:00,3519|11218|12365|16924|49476,7857|64969,12365|16924,observed_lineup_change_not_verified_signing
701028,273947,2026-07-10 06:10:00,2978,731,TYLOO,7849|36685|39485|41739|55085,https://www.vlr.gg/701028/jdg-esports-vs-tyloo-vct-2026-china-stage-2-w1,265317,2026-05-05 07:00:00,3049|36685|39485|41739|55085,7849,3049,observed_lineup_change_not_verified_signing
712771,276461,2026-07-10 14:00:00,3018,14461,Barça eSports,292|5199|15064|33731|40004,https://www.vlr.gg/712771/bar-a-esports-vs-mandatory-challengers-2026-emea-last-chance-qualifier-qf,276215,2026-07-08 11:00:00,292|5199|15064|33731|41718,40004,41718,observed_lineup_change_not_verified_signing
701031,273957,2026-07-12 04:00:00,2978,12064,Nova Esports,39697|41054|43007|45492|46460,https://www.vlr.gg/701031/nova-esports-vs-funplus-phoenix-vct-2026-china-stage-2-w1,258010,2026-04-16 05:00:00,34181|41054|43007|45492|46460,39697,34181,observed_lineup_change_not_verified_signing
707486,275542,2026-07-14 16:00:00,2962,22657,ABACATUDOS,32745|37095|44309|46568|59166,https://www.vlr.gg/707486/abacatudos-vs-team-liquid-brazil-challengers-2026-brazil-gamers-club-stage-2-opening,270032,2026-05-26 19:00:00,32745|37095|44309|46568|50768,59166,50768,observed_lineup_change_not_verified_signing
712803,276498,2026-07-15 11:00:00,2976,4915,Natus Vincere,11917|13258|15639|18677|29867,https://www.vlr.gg/712803/fut-esports-vs-natus-vincere-vct-2026-emea-stage-2-w1,258418,2026-04-30 11:00:00,4544|15639|18677|29867|40591,11917|13258,4544|40591,observed_lineup_change_not_verified_signing
712804,276501,2026-07-15 13:10:00,2976,474,Team Liquid,1885|2168|2881|11134|14681,https://www.vlr.gg/712804/team-liquid-vs-eternal-fire-vct-2026-emea-stage-2-w1,265487,2026-05-09 13:30:00,457|1885|14681|18350|24628,2168|2881|11134,457|18350|24628,observed_lineup_change_not_verified_signing
698884,273205,2026-07-16 04:00:00,2776,17,Gen.G,985|9196|25017|34974|48925,https://www.vlr.gg/698884/gen-g-vs-zeta-division-vct-2026-pacific-stage-2-w1,258323,2026-05-01 04:00:00,773|9196|25017|34974|62402,985|48925,773|62402,observed_lineup_change_not_verified_signing
698885,273208,2026-07-16 07:05:00,2776,6199,Team Secret,4056|7049|7437|11704|46135,https://www.vlr.gg/698885/team-secret-vs-varrel-vct-2026-pacific-stage-2-w1,258323,2026-05-01 04:00:00,2334|4056|4874|7437|46135,7049|11704,2334|4874,observed_lineup_change_not_verified_signing
698885,273208,2026-07-16 07:05:00,2776,11229,VARREL,2149|11600|34926|37532|42733,https://www.vlr.gg/698885/team-secret-vs-varrel-vct-2026-pacific-stage-2-w1,258326,2026-05-01 07:20:00,2149|4426|34926|37532|42733,11600,4426,observed_lineup_change_not_verified_signing
712805,276504,2026-07-16 11:00:00,2976,2593,FNATIC,4|438|4181|9554|9810,https://www.vlr.gg/712805/fnatic-vs-giantx-vct-2026-emea-stage-2-w1,265490,2026-05-10 11:00:00,4|438|9554|9810|13258,4181,13258,observed_lineup_change_not_verified_signing
712805,276504,2026-07-16 11:00:00,2976,14419,GIANTX,2653|6582|6959|11332|34684,https://www.vlr.gg/712805/fnatic-vs-giantx-vct-2026-emea-stage-2-w1,258424,2026-05-01 11:00:00,4181|5550|6959|11332|34684,2653|6582,4181|5550,observed_lineup_change_not_verified_signing
712806,276507,2026-07-16 13:35:00,2976,3478,PCIFIC Esports,5292|7105|8226|8376|28948,https://www.vlr.gg/712806/pcific-esports-vs-gentle-mates-vct-2026-emea-stage-2-w1,258415,2026-04-29 13:10:00,573|5292|7105|8376|28948,8226,573,observed_lineup_change_not_verified_signing
712806,276507,2026-07-16 13:35:00,2976,12694,Gentle Mates,565|10307|18400|23169|45494,https://www.vlr.gg/712806/pcific-esports-vs-gentle-mates-vct-2026-emea-stage-2-w1,265492,2026-05-10 14:35:00,565|8286|10307|18400|23169,45494,8286,observed_lineup_change_not_verified_signing
706349,275064,2026-07-16 17:00:00,2977,2406,FURIA,796|3722|5957|24007|37354,https://www.vlr.gg/706349/leviat-n-vs-furia-vct-2026-americas-stage-2-w1,265443,2026-05-16 17:00:00,754|796|3722|5957|48025,24007|37354,754|48025,observed_lineup_change_not_verified_signing
706350,275067,2026-07-16 20:20:00,2977,2,Sentinels,263|4581|5395|8419|34057,https://www.vlr.gg/706350/sentinels-vs-cloud9-vct-2026-americas-stage-2-w1,258664,2026-05-10 20:10:00,1265|4581|5395|8419|34057,263,1265,observed_lineup_change_not_verified_signing
706350,275067,2026-07-16 20:20:00,2977,188,Cloud9,729|10053|17433|18796|44842,https://www.vlr.gg/706350/sentinels-vs-cloud9-vct-2026-americas-stage-2-w1,258654,2026-05-09 17:00:00,729|7871|18796|39021|44842,10053|17433,7871|39021,observed_lineup_change_not_verified_signing
698886,273211,2026-07-17 04:00:00,2776,4050,FULL SENSE,3977|13784|13788|25255|27244,https://www.vlr.gg/698886/full-sense-vs-nongshim-redforce-vct-2026-pacific-stage-2-w1,270760,2026-06-09 13:20:00,3977|13784|13788|25255|27254,27244,27254,observed_lineup_change_not_verified_signing
698887,273214,2026-07-17 07:00:00,2776,8185,KIWOOM DRX,1916|4462|4678|28400|51100,https://www.vlr.gg/698887/kiwoom-drx-vs-detonation-focusme-vct-2026-pacific-stage-2-w1,266871,2026-05-10 07:30:00,1916|4462|4678|28400|51238,51100,51238,observed_lineup_change_not_verified_signing
706351,275070,2026-07-17 17:00:00,2977,427,ENVY,1129|2462|8286|26171|41798,https://www.vlr.gg/706351/envy-vs-evil-geniuses-vct-2026-americas-stage-2-w1,258657,2026-05-09 19:10:00,1129|2462|21778|26171|35302,8286|41798,21778|35302,observed_lineup_change_not_verified_signing
706352,275073,2026-07-17 19:15:00,2977,2355,KRÜ Esports,727|939|8447|8673|41135,https://www.vlr.gg/706352/kr-esports-vs-loud-vct-2026-americas-stage-2-w1,265449,2026-05-17 17:00:00,727|939|8447|11921|41135,8673,11921,observed_lineup_change_not_verified_signing
706352,275073,2026-07-17 19:15:00,2977,6961,LOUD,10557|10885|28716|29242|41224,https://www.vlr.gg/706352/kr-esports-vs-loud-vct-2026-americas-stage-2-w1,265446,2026-05-16 19:15:00,3983|6193|10557|28716|29242,10885|41224,3983|6193,observed_lineup_change_not_verified_signing
698889,273220,2026-07-18 06:35:00,2776,14,T1,804|2489|13039|29833|43057,https://www.vlr.gg/698889/paper-rex-vs-t1-vct-2026-pacific-stage-2-w1,266874,2026-05-15 08:20:00,485|804|2489|13039|29833,43057,485,observed_lineup_change_not_verified_signing
712810,276519,2026-07-18 13:25:00,2976,474,Team Liquid,457|1885|2168|11134|14681,https://www.vlr.gg/712810/team-heretics-vs-team-liquid-vct-2026-emea-stage-2-w1,276502,2026-07-15 13:10:00,1885|2168|2881|11134|14681,457,2881,observed_lineup_change_not_verified_signing
701050,274004,2026-07-20 05:00:00,2978,14137,Wuxi Titan Esports Club (Titan Esports Club),4720|19677|42235|47629|63107,https://www.vlr.gg/701050/titan-esports-club-vs-all-gamers-vct-2026-china-stage-2-w3,273991,2026-07-18 05:00:00,4720|4881|19677|42235|47629,63107,4881,observed_lineup_change_not_verified_signing
698893,273233,2026-07-23 06:00:00,2776,11229,VARREL,4426|11600|34926|37532|42733,https://www.vlr.gg/698893/t1-vs-varrel-vct-2026-pacific-stage-2-w2,273232,2026-07-23 06:00:00,2149|11600|34926|37532|42733,4426,2149,observed_lineup_change_not_verified_signing
712816,276534,2026-07-23 11:00:00,2976,6392,Eternal Fire,12670|40843|41718|41720|49346,https://www.vlr.gg/712816/eternal-fire-vs-team-heretics-vct-2026-emea-stage-2-w2,276511,2026-07-17 11:00:00,10160|12670|40843|41720|49346,41718,10160,observed_lineup_change_not_verified_signing
698894,273235,2026-07-24 04:00:00,2776,878,Rex Regum Qeon,1430|4871|8497|11737|24895,https://www.vlr.gg/698894/rex-regum-qeon-vs-zeta-division-vct-2026-pacific-stage-2-w2,273218,2026-07-18 04:00:00,1430|4866|4871|8497|24895,11737,4866,observed_lineup_change_not_verified_signing
706357,275088,2026-07-24 17:00:00,2977,2406,FURIA,619|3722|5957|24007|37354,https://www.vlr.gg/706357/furia-vs-nrg-vct-2026-americas-stage-2-w2,275066,2026-07-16 17:00:00,796|3722|5957|24007|37354,619,796,observed_lineup_change_not_verified_signing
675270,268334,2026-07-24 23:30:00,2991,104,REJECT,424|4122|7405|7745|25915,https://www.vlr.gg/675270/reject-vs-igzist-challengers-2026-japan-season-finals-sf,269930,2026-06-28 06:00:00,4122|7405|7745|25915|58549,424,58549,observed_lineup_change_not_verified_signing
701061,274037,2026-07-25 08:35:00,2978,13581,Xi Lai Gaming,22047|24308|37489|37927|64849,https://www.vlr.gg/701061/tyloo-vs-xi-lai-gaming-vct-2026-china-stage-2-seeding,274018,2026-07-22 05:00:00,11527|22047|24308|37489|37927,64849,11527,observed_lineup_change_not_verified_signing
706360,275097,2026-07-25 18:55:00,2977,2,Sentinels,1265|4581|5395|8419|34057,https://www.vlr.gg/706360/sentinels-vs-loud-vct-2026-americas-stage-2-w2,275069,2026-07-16 20:20:00,263|4581|5395|8419|34057,1265,263,observed_lineup_change_not_verified_signing
698901,273250,2026-07-26 05:50:00,2776,878,Rex Regum Qeon,1430|4866|4871|8497|11737,https://www.vlr.gg/698901/gen-g-vs-rex-regum-qeon-vct-2026-pacific-stage-2-w2,273236,2026-07-24 04:00:00,1430|4871|8497|11737|24895,4866,24895,observed_lineup_change_not_verified_signing
715114,277046,2026-07-28 15:00:00,3063,15072,2Game Esports,651|1575|3157|14950|27149,https://www.vlr.gg/715114/2game-esports-vs-shopify-rebellion-black-vcl-26-americas-last-chance-qualifier-main-event-rr,275473,2026-07-12 16:00:00,651|1575|14950|20240|27149,3157,20240,observed_lineup_change_not_verified_signing
698902,273253,2026-07-30 04:00:00,2776,11229,VARREL,2149|11600|34926|37532|42733,https://www.vlr.gg/698902/varrel-vs-detonation-focusme-vct-2026-pacific-stage-2-w3,273233,2026-07-23 06:00:00,4426|11600|34926|37532|42733,2149,4426,observed_lineup_change_not_verified_signing
698902,273255,2026-07-30 04:00:00,2776,11229,VARREL,4426|11600|34926|37532|42733,https://www.vlr.gg/698902/varrel-vs-detonation-focusme-vct-2026-pacific-stage-2-w3,273253,2026-07-30 04:00:00,2149|11600|34926|37532|42733,4426,2149,observed_lineup_change_not_verified_signing
698904,273259,2026-07-31 04:00:00,2776,6199,Team Secret,4056|7416|7437|11704|46135,https://www.vlr.gg/698904/team-secret-vs-paper-rex-vct-2026-pacific-stage-2-w3,273245,2026-07-25 06:45:00,4056|7049|7437|11704|46135,7416,7049,observed_lineup_change_not_verified_signing
698907,273268,2026-08-01 07:25:00,2776,878,Rex Regum Qeon,1430|4871|8497|11737|24895,https://www.vlr.gg/698907/full-sense-vs-rex-regum-qeon-vct-2026-pacific-stage-2-w3,273252,2026-07-26 05:50:00,1430|4866|4871|8497|11737,24895,4866,observed_lineup_change_not_verified_signing
724620,278574,2026-08-05 06:00:00,2978,12784,KeepBest Gaming,6126|51250|52904|58008|58009,https://www.vlr.gg/724620/titan-esports-club-vs-keepbest-gaming-vct-2026-china-stage-2-ur1,263672,2026-04-14 02:00:00,3020|6126|51250|58008|58009,52904,3020,observed_lineup_change_not_verified_signing
729665,278911,2026-08-06 14:20:00,2976,11232,Joblife,1369|1475|4521|21610|24424,https://www.vlr.gg/729665/natus-vincere-vs-joblife-vct-2026-emea-stage-2-ur1,275603,2026-07-04 11:00:00,321|1369|1475|4521|21610,24424,321,observed_lineup_change_not_verified_signing
698910,273277,2026-08-07 04:00:00,2776,6199,Team Secret,4056|7049|7437|11704|46135,https://www.vlr.gg/698910/team-secret-vs-detonation-focusme-vct-2026-pacific-stage-2-w4,273260,2026-07-31 04:00:00,4056|7416|7437|11704|46135,7049,7416,observed_lineup_change_not_verified_signing
729666,278914,2026-08-07 11:00:00,2976,20085,Fire Flux Esports,5564|10146|18615|55694|58496,https://www.vlr.gg/729666/pcific-esports-vs-fire-flux-esports-vct-2026-emea-stage-2-ur1,276457,2026-07-10 11:00:00,10137|11516|21584|31855|58374,5564|10146|18615|55694|58496,10137|11516|21584|31855|58374,observed_lineup_change_not_verified_signing
698912,273283,2026-08-08 04:00:00,2776,8185,KIWOOM DRX,1916|4462|4678|28400|51238,https://www.vlr.gg/698912/kiwoom-drx-vs-t1-vct-2026-pacific-stage-2-w4,273273,2026-08-02 04:00:00,1916|4462|4678|28400|51100,51238,51100,observed_lineup_change_not_verified_signing
698912,273283,2026-08-08 04:00:00,2776,14,T1,485|804|2489|13039|29833,https://www.vlr.gg/698912/kiwoom-drx-vs-t1-vct-2026-pacific-stage-2-w4,273267,2026-08-01 04:00:00,804|2489|13039|29833|43057,485,43057,observed_lineup_change_not_verified_signing
698914,273289,2026-08-09 04:00:00,2776,11229,VARREL,2149|11600|34926|37532|42733,https://www.vlr.gg/698914/varrel-vs-paper-rex-vct-2026-pacific-stage-2-w4,273273,2026-08-02 04:00:00,4426|11600|34926|37532|42733,2149,4426,observed_lineup_change_not_verified_signing
698914,273290,2026-08-09 04:00:00,2776,11229,VARREL,4426|11600|34926|37532|42733,https://www.vlr.gg/698914/varrel-vs-paper-rex-vct-2026-pacific-stage-2-w4,273289,2026-08-09 04:00:00,2149|11600|34926|37532|42733,4426,2149,observed_lineup_change_not_verified_signing
729671,278929,2026-08-09 14:05:00,2976,12694,Gentle Mates,565|1524|10307|23169|45494,https://www.vlr.gg/729671/gentle-mates-vs-enterprise-esports-vct-2026-emea-stage-2-ubqf,276572,2026-07-31 11:00:00,565|10307|18400|23169|45494,1524,18400,observed_lineup_change_not_verified_signing
729675,278941,2026-08-12 13:25:00,2976,4915,Natus Vincere,11917|15639|18677|29867|37925,https://www.vlr.gg/729675/team-heretics-vs-natus-vincere-vct-2026-emea-stage-2-lr1,278913,2026-08-06 14:20:00,11917|13258|15639|18677|29867,37925,13258,observed_lineup_change_not_verified_signing
730535,279285,2026-08-13 04:00:00,2776,19189,ONSIDE GAMING,9192|17049|25053|60576|62291,https://www.vlr.gg/730535/kiwoom-drx-vs-onside-gaming-vct-2026-pacific-stage-2-ur1,276126,2026-07-15 04:00:00,9192|25053|42721|60576|62291,17049,42721,observed_lineup_change_not_verified_signing
730538,279294,2026-08-14 06:45:00,2776,17167,Xipto Esports,2366|23062|41694|41702|48516,https://www.vlr.gg/730538/team-secret-vs-xipto-esports-vct-2026-pacific-stage-2-ur1,271494,2026-06-02 07:00:00,7410|11578|13220|13221|44259,2366|23062|41694|41702|48516,7410|11578|13220|13221|44259,observed_lineup_change_not_verified_signing
729744,278968,2026-08-14 17:00:00,2977,15072,2Game Esports,651|1575|14950|20240|27149,https://www.vlr.gg/729744/furia-vs-2game-esports-vct-2026-americas-stage-2-ur1,277059,2026-07-30 18:00:00,651|1575|3157|14950|27149,20240,3157,observed_lineup_change_not_verified_signing
724640,278625,2026-08-15 07:30:00,2978,13581,Xi Lai Gaming,11527|22047|24308|37489|37927,https://www.vlr.gg/724640/xi-lai-gaming-vs-all-gamers-vct-2026-china-stage-2-ubqf,274038,2026-07-25 08:35:00,22047|24308|37489|37927|64849,11527,64849,observed_lineup_change_not_verified_signing
742479,281147,2026-08-27 07:10:00,2776,11229,VARREL,2149|11600|34926|37532|42733,https://www.vlr.gg/742479/varrel-vs-global-esports-vct-2026-pacific-stage-2-ubsf,273290,2026-08-09 04:00:00,4426|11600|34926|37532|42733,2149,4426,observed_lineup_change_not_verified_signing
742484,281166,2026-08-29 04:00:00,2776,11229,VARREL,4426|11600|34926|37532|42733,https://www.vlr.gg/742484/varrel-vs-paper-rex-vct-2026-pacific-stage-2-lr2,281165,2026-08-29 04:00:00,2149|11600|34926|37532|42733,4426,2149,observed_lineup_change_not_verified_signing
742486,281171,2026-09-04 07:00:00,2776,11229,VARREL,2149|11600|34926|37532|42733,https://www.vlr.gg/742486/varrel-vs-t1-vct-2026-pacific-stage-2-lr3,281170,2026-09-04 07:00:00,4426|11600|34926|37532|42733,2149,4426,observed_lineup_change_not_verified_signing
753455,283184,2026-09-24 05:00:00,2766,474,Team Liquid,457|2168|11134|14681|50813,https://www.vlr.gg/753455/team-liquid-vs-paper-rex-valorant-champions-2026-opening-c,279415,2026-08-30 11:00:00,457|1885|2168|11134|14681,50813,1885,observed_lineup_change_not_verified_signing
753450,283169,2026-09-26 08:30:00,2766,1120,EDward Gaming,3017|3520|4742|15559|16924,https://www.vlr.gg/753450/loud-vs-edward-gaming-valorant-champions-2026-opening-b,278608,2026-08-11 04:00:00,3017|3520|4742|15559|51244,16924,51244,observed_lineup_change_not_verified_signing
