vlr_player_id,source_url,source_sha256,retrieved_at_utc,team_id,team_name,profile_section,role_status_badges,date_display,date_precision,contract_status,team_url
4,https://www.vlr.gg/player/4/crashies,1166d5ec96dc970491b5885c359c21b393a627cd4ad438739d4b5283730b43d6,2026-10-06T15:58:23+00:00,2593,FNATIC,Current Teams,,joined in December 2024,source_month_or_unspecified,unverified,https://www.vlr.gg/team/2593/fnatic
4,https://www.vlr.gg/player/4/crashies,1166d5ec96dc970491b5885c359c21b393a627cd4ad438739d4b5283730b43d6,2026-10-06T15:58:23+00:00,1034,NRG,Past Teams,,November 2022 – September 2024,source_month_or_unspecified,unverified,https://www.vlr.gg/team/1034/nrg
4,https://www.vlr.gg/player/4/crashies,1166d5ec96dc970491b5885c359c21b393a627cd4ad438739d4b5283730b43d6,2026-10-06T15:58:23+00:00,8127,OpTic Gaming,Past Teams,,February 2022 – September 2022,source_month_or_unspecified,unverified,https://www.vlr.gg/team/8127/optic-gaming
4,https://www.vlr.gg/player/4/crashies,1166d5ec96dc970491b5885c359c21b393a627cd4ad438739d4b5283730b43d6,2026-10-06T15:58:23+00:00,427,ENVY,Past Teams,,September 2020 – February 2022,source_month_or_unspecified,unverified,https://www.vlr.gg/team/427/envy
4,https://www.vlr.gg/player/4/crashies,1166d5ec96dc970491b5885c359c21b393a627cd4ad438739d4b5283730b43d6,2026-10-06T15:58:23+00:00,14,T1,Past Teams,,May 2020 – September 2020,source_month_or_unspecified,unverified,https://www.vlr.gg/team/14/t1
9,https://www.vlr.gg/player/9/tenz,78882b15bd22eef57c9f0cede2c1b9e4b01b6bc3a97dd4225a2dc85425c98cd0,2026-10-06T15:58:23+00:00,20543,Team TenZ,Past Teams,,,source_month_or_unspecified,unverified,https://www.vlr.gg/team/20543/team-tenz
9,https://www.vlr.gg/player/9/tenz,78882b15bd22eef57c9f0cede2c1b9e4b01b6bc3a97dd4225a2dc85425c98cd0,2026-10-06T15:58:23+00:00,22780,Canada,Past Teams,,joined in June 2026,source_month_or_unspecified,unverified,https://www.vlr.gg/team/22780/canada
9,https://www.vlr.gg/player/9/tenz,78882b15bd22eef57c9f0cede2c1b9e4b01b6bc3a97dd4225a2dc85425c98cd0,2026-10-06T15:58:23+00:00,16899,Cubert Academy,Past Teams,stand-in,joined in May 2025,source_month_or_unspecified,unverified,https://www.vlr.gg/team/16899/cubert-academy
9,https://www.vlr.gg/player/9/tenz,78882b15bd22eef57c9f0cede2c1b9e4b01b6bc3a97dd4225a2dc85425c98cd0,2026-10-06T15:58:23+00:00,2,Sentinels,Past Teams,,March 2021 – September 2024,source_month_or_unspecified,unverified,https://www.vlr.gg/team/2/sentinels
9,https://www.vlr.gg/player/9/tenz,78882b15bd22eef57c9f0cede2c1b9e4b01b6bc3a97dd4225a2dc85425c98cd0,2026-10-06T15:58:23+00:00,188,Cloud9,Past Teams,,April 2020 – January 2021,source_month_or_unspecified,unverified,https://www.vlr.gg/team/188/cloud9
11,https://www.vlr.gg/player/11/zyppan,1d48a1678dac7f34d906b452dced04bdd952a0edcd505b7e30d18cfa7367539f,2026-10-06T15:58:24+00:00,14525,BRATAN MIX,Current Teams,,,source_month_or_unspecified,unverified,https://www.vlr.gg/team/14525/bratan-mix
11,https://www.vlr.gg/player/11/zyppan,1d48a1678dac7f34d906b452dced04bdd952a0edcd505b7e30d18cfa7367539f,2026-10-06T15:58:24+00:00,23065,threetwotwo,Current Teams,,,source_month_or_unspecified,unverified,https://www.vlr.gg/team/23065/threetwotwo
11,https://www.vlr.gg/player/11/zyppan,1d48a1678dac7f34d906b452dced04bdd952a0edcd505b7e30d18cfa7367539f,2026-10-06T15:58:24+00:00,22856,Sweden,Past Teams,,joined in June 2026,source_month_or_unspecified,unverified,https://www.vlr.gg/team/22856/sweden
11,https://www.vlr.gg/player/11/zyppan,1d48a1678dac7f34d906b452dced04bdd952a0edcd505b7e30d18cfa7367539f,2026-10-06T15:58:24+00:00,5214,CGN Esports,Past Teams,,January 2026 – August 2026,source_month_or_unspecified,unverified,https://www.vlr.gg/team/5214/cgn-esports
11,https://www.vlr.gg/player/11/zyppan,1d48a1678dac7f34d906b452dced04bdd952a0edcd505b7e30d18cfa7367539f,2026-10-06T15:58:24+00:00,12694,Gentle Mates,Past Teams,,Inactive from May 2025,source_month_or_unspecified,unverified,https://www.vlr.gg/team/12694/gentle-mates
11,https://www.vlr.gg/player/11/zyppan,1d48a1678dac7f34d906b452dced04bdd952a0edcd505b7e30d18cfa7367539f,2026-10-06T15:58:24+00:00,4915,Natus Vincere,Past Teams,,Inactive from August 2024,source_month_or_unspecified,unverified,https://www.vlr.gg/team/4915/natus-vincere
11,https://www.vlr.gg/player/11/zyppan,1d48a1678dac7f34d906b452dced04bdd952a0edcd505b7e30d18cfa7367539f,2026-10-06T15:58:24+00:00,628,FunPlus Phoenix,Past Teams,,August 2020 – November 2022,source_month_or_unspecified,unverified,https://www.vlr.gg/team/628/funplus-phoenix
11,https://www.vlr.gg/player/11/zyppan,1d48a1678dac7f34d906b452dced04bdd952a0edcd505b7e30d18cfa7367539f,2026-10-06T15:58:24+00:00,109,FABRIKEN,Past Teams,,June 2020 – July 2020,source_month_or_unspecified,unverified,https://www.vlr.gg/team/109/fabriken
11,https://www.vlr.gg/player/11/zyppan,1d48a1678dac7f34d906b452dced04bdd952a0edcd505b7e30d18cfa7367539f,2026-10-06T15:58:24+00:00,3,Ninjas in Pyjamas,Past Teams,,May 2020 – June 2020,source_month_or_unspecified,unverified,https://www.vlr.gg/team/3/ninjas-in-pyjamas
46,https://www.vlr.gg/player/46/shahzeb-khan,6d7c7c22a2280a661c924c0b653dc2b85106a63ecd31c700ab5856ce650ae682,2026-10-06T15:58:25+00:00,7386,MIBR,Past Teams,stand-in,June 2024 – June 2024,source_month_or_unspecified,unverified,https://www.vlr.gg/team/7386/mibr
46,https://www.vlr.gg/player/46/shahzeb-khan,6d7c7c22a2280a661c924c0b653dc2b85106a63ecd31c700ab5856ce650ae682,2026-10-06T15:58:25+00:00,11058,G2 Esports,Past Teams,,December 2022 – July 2023,source_month_or_unspecified,unverified,https://www.vlr.gg/team/11058/g2-esports
46,https://www.vlr.gg/player/46/shahzeb-khan,6d7c7c22a2280a661c924c0b653dc2b85106a63ecd31c700ab5856ce650ae682,2026-10-06T15:58:25+00:00,2,Sentinels,Past Teams,,Inactive from October 2022,source_month_or_unspecified,unverified,https://www.vlr.gg/team/2/sentinels
47,https://www.vlr.gg/player/47/zombs,7ccf2b04018a4c5ff7dc1c35cd55af9ffbb2d0409a666d29bd954cff881a0113,2026-10-06T15:58:25+00:00,2,Sentinels,Past Teams,,Inactive from April 2022,source_month_or_unspecified,unverified,https://www.vlr.gg/team/2/sentinels
53,https://www.vlr.gg/player/53/inspire,cd3be31011872b14e88cf0be76d8cd81bf82dda2ba358bbe74473522d4e5690e,2026-10-06T15:58:26+00:00,22967,Team inspire,Past Teams,,,source_month_or_unspecified,unverified,https://www.vlr.gg/team/22967/team-inspire
53,https://www.vlr.gg/player/53/inspire,cd3be31011872b14e88cf0be76d8cd81bf82dda2ba358bbe74473522d4e5690e,2026-10-06T15:58:26+00:00,427,ENVY,Past Teams,,Inactive from February 2026,source_month_or_unspecified,unverified,https://www.vlr.gg/team/427/envy
53,https://www.vlr.gg/player/53/inspire,cd3be31011872b14e88cf0be76d8cd81bf82dda2ba358bbe74473522d4e5690e,2026-10-06T15:58:26+00:00,16806,RANKERS,Past Teams,,left in March 2025,source_month_or_unspecified,unverified,https://www.vlr.gg/team/16806/rankers
53,https://www.vlr.gg/player/53/inspire,cd3be31011872b14e88cf0be76d8cd81bf82dda2ba358bbe74473522d4e5690e,2026-10-06T15:58:26+00:00,120,100 Thieves,Past Teams,,January 2022 – February 2022,source_month_or_unspecified,unverified,https://www.vlr.gg/team/120/100-thieves
53,https://www.vlr.gg/player/53/inspire,cd3be31011872b14e88cf0be76d8cd81bf82dda2ba358bbe74473522d4e5690e,2026-10-06T15:58:26+00:00,337,FaZe Clan,Past Teams,,June 2021 – November 2021,source_month_or_unspecified,unverified,https://www.vlr.gg/team/337/faze-clan
53,https://www.vlr.gg/player/53/inspire,cd3be31011872b14e88cf0be76d8cd81bf82dda2ba358bbe74473522d4e5690e,2026-10-06T15:58:26+00:00,4000,rice and meatballs,Past Teams,,left in April 2021,source_month_or_unspecified,unverified,https://www.vlr.gg/team/4000/rice-and-meatballs
53,https://www.vlr.gg/player/53/inspire,cd3be31011872b14e88cf0be76d8cd81bf82dda2ba358bbe74473522d4e5690e,2026-10-06T15:58:26+00:00,2403,NSIC,Past Teams,,left in February 2021,source_month_or_unspecified,unverified,https://www.vlr.gg/team/2403/nsic
53,https://www.vlr.gg/player/53/inspire,cd3be31011872b14e88cf0be76d8cd81bf82dda2ba358bbe74473522d4e5690e,2026-10-06T15:58:26+00:00,15,Prospects,Past Teams,,June 2020 – July 2020,source_month_or_unspecified,unverified,https://www.vlr.gg/team/15/prospects
72,https://www.vlr.gg/player/72/WARDELL,df1c9d6a691a94a2a596ac7c6cc693536b50660b24396bd959c80468d63a5781,2026-10-06T15:58:26+00:00,11476,The Nation,Past Teams,,January 2023 – January 2023,source_month_or_unspecified,unverified,https://www.vlr.gg/team/11476/the-nation
72,https://www.vlr.gg/player/72/WARDELL,df1c9d6a691a94a2a596ac7c6cc693536b50660b24396bd959c80468d63a5781,2026-10-06T15:58:26+00:00,2815,Version1,Past Teams,stand-in,April 2022 – May 2022,source_month_or_unspecified,unverified,https://www.vlr.gg/team/2815/version1
72,https://www.vlr.gg/player/72/WARDELL,df1c9d6a691a94a2a596ac7c6cc693536b50660b24396bd959c80468d63a5781,2026-10-06T15:58:26+00:00,106,TSM,Past Teams,,May 2020 – March 2022,source_month_or_unspecified,unverified,https://www.vlr.gg/team/106/tsm
72,https://www.vlr.gg/player/72/WARDELL,df1c9d6a691a94a2a596ac7c6cc693536b50660b24396bd959c80468d63a5781,2026-10-06T15:58:26+00:00,18,mouseSpaz,Past Teams,,left in May 2020,source_month_or_unspecified,unverified,https://www.vlr.gg/team/18/mousespaz
75,https://www.vlr.gg/player/75/subroza,73d865f4f4fe0f6de1d028b8097e02b93b7673917a391b18df4172b61f5ff211,2026-10-06T15:58:27+00:00,22821,Morocco,Past Teams,,joined in June 2026,source_month_or_unspecified,unverified,https://www.vlr.gg/team/22821/morocco
75,https://www.vlr.gg/player/75/subroza,73d865f4f4fe0f6de1d028b8097e02b93b7673917a391b18df4172b61f5ff211,2026-10-06T15:58:27+00:00,10025,Team BABYBAY,Past Teams,,,source_month_or_unspecified,unverified,https://www.vlr.gg/team/10025/team-babybay
75,https://www.vlr.gg/player/75/subroza,73d865f4f4fe0f6de1d028b8097e02b93b7673917a391b18df4172b61f5ff211,2026-10-06T15:58:27+00:00,106,TSM,Past Teams,,Inactive from October 2022,source_month_or_unspecified,unverified,https://www.vlr.gg/team/106/tsm
75,https://www.vlr.gg/player/75/subroza,73d865f4f4fe0f6de1d028b8097e02b93b7673917a391b18df4172b61f5ff211,2026-10-06T15:58:27+00:00,18,mouseSpaz,Past Teams,,left in May 2020,source_month_or_unspecified,unverified,https://www.vlr.gg/team/18/mousespaz
92,https://www.vlr.gg/player/92/scream,c7c0528b0c36ff3ef0bb051eb00be80e9974aada7285caec42f9234a71b25df7,2026-10-06T15:58:28+00:00,18020,1TAPS,Past Teams,,,source_month_or_unspecified,unverified,https://www.vlr.gg/team/18020/1taps
92,https://www.vlr.gg/player/92/scream,c7c0528b0c36ff3ef0bb051eb00be80e9974aada7285caec42f9234a71b25df7,2026-10-06T15:58:28+00:00,8877,Karmine Corp,Past Teams,,Inactive from September 2023,source_month_or_unspecified,unverified,https://www.vlr.gg/team/8877/karmine-corp
92,https://www.vlr.gg/player/92/scream,c7c0528b0c36ff3ef0bb051eb00be80e9974aada7285caec42f9234a71b25df7,2026-10-06T15:58:28+00:00,474,Team Liquid,Past Teams,,August 2020 – November 2022,source_month_or_unspecified,unverified,https://www.vlr.gg/team/474/team-liquid
92,https://www.vlr.gg/player/92/scream,c7c0528b0c36ff3ef0bb051eb00be80e9974aada7285caec42f9234a71b25df7,2026-10-06T15:58:28+00:00,25,fish123,Past Teams,,June 2020 – August 2020,source_month_or_unspecified,unverified,https://www.vlr.gg/team/25/fish123
93,https://www.vlr.gg/player/93/mixwell,8cddc4aab63547d400e4a6df343afcc576eb462dd71a0d9492c9a6d5880343c0,2026-10-06T15:58:28+00:00,10133,Team Spain,Past Teams,staff,joined in October 2023,source_month_or_unspecified,unverified,https://www.vlr.gg/team/10133/team-spain
93,https://www.vlr.gg/player/93/mixwell,8cddc4aab63547d400e4a6df343afcc576eb462dd71a0d9492c9a6d5880343c0,2026-10-06T15:58:28+00:00,1001,Team Heretics,Past Teams,,October 2022 – October 2023,source_month_or_unspecified,unverified,https://www.vlr.gg/team/1001/team-heretics
93,https://www.vlr.gg/player/93/mixwell,8cddc4aab63547d400e4a6df343afcc576eb462dd71a0d9492c9a6d5880343c0,2026-10-06T15:58:28+00:00,257,G2 Esports,Past Teams,,Inactive from September 2022,source_month_or_unspecified,unverified,https://www.vlr.gg/team/257/g2-esports
98,https://www.vlr.gg/player/98/ardiis,abf209026bdbd992a4cc134d646be24df319e9a07d90c2d0708f98b4928e82b2,2026-10-06T15:58:29+00:00,4915,Natus Vincere,Past Teams,,Inactive from September 2024,source_month_or_unspecified,unverified,https://www.vlr.gg/team/4915/natus-vincere
98,https://www.vlr.gg/player/98/ardiis,abf209026bdbd992a4cc134d646be24df319e9a07d90c2d0708f98b4928e82b2,2026-10-06T15:58:29+00:00,1034,NRG,Past Teams,,November 2022 – October 2023,source_month_or_unspecified,unverified,https://www.vlr.gg/team/1034/nrg
98,https://www.vlr.gg/player/98/ardiis,abf209026bdbd992a4cc134d646be24df319e9a07d90c2d0708f98b4928e82b2,2026-10-06T15:58:29+00:00,628,FunPlus Phoenix,Past Teams,,December 2021 – November 2022,source_month_or_unspecified,unverified,https://www.vlr.gg/team/628/funplus-phoenix
98,https://www.vlr.gg/player/98/ardiis,abf209026bdbd992a4cc134d646be24df319e9a07d90c2d0708f98b4928e82b2,2026-10-06T15:58:29+00:00,1001,Team Heretics,Past Teams,,Inactive from July 2021,source_month_or_unspecified,unverified,https://www.vlr.gg/team/1001/team-heretics
98,https://www.vlr.gg/player/98/ardiis,abf209026bdbd992a4cc134d646be24df319e9a07d90c2d0708f98b4928e82b2,2026-10-06T15:58:29+00:00,257,G2 Esports,Past Teams,,July 2020 – June 2021,source_month_or_unspecified,unverified,https://www.vlr.gg/team/257/g2-esports
98,https://www.vlr.gg/player/98/ardiis,abf209026bdbd992a4cc134d646be24df319e9a07d90c2d0708f98b4928e82b2,2026-10-06T15:58:29+00:00,25,fish123,Past Teams,,April 2020 – June 2020,source_month_or_unspecified,unverified,https://www.vlr.gg/team/25/fish123
109,https://www.vlr.gg/player/109/ange1,c43ece8ab26fd155e442d7eb36e36886230a8519589202b4c8beaf17cde8e6e2,2026-10-06T15:58:30+00:00,4915,Natus Vincere,Current Teams,head coach,joined in December 2025,source_month_or_unspecified,unverified,https://www.vlr.gg/team/4915/natus-vincere
109,https://www.vlr.gg/player/109/ange1,c43ece8ab26fd155e442d7eb36e36886230a8519589202b4c8beaf17cde8e6e2,2026-10-06T15:58:30+00:00,4915,Natus Vincere,Past Teams,,November 2022 – September 2025,source_month_or_unspecified,unverified,https://www.vlr.gg/team/4915/natus-vincere
109,https://www.vlr.gg/player/109/ange1,c43ece8ab26fd155e442d7eb36e36886230a8519589202b4c8beaf17cde8e6e2,2026-10-06T15:58:30+00:00,6442,Team CIS,Past Teams,,,source_month_or_unspecified,unverified,https://www.vlr.gg/team/6442/team-cis
109,https://www.vlr.gg/player/109/ange1,c43ece8ab26fd155e442d7eb36e36886230a8519589202b4c8beaf17cde8e6e2,2026-10-06T15:58:30+00:00,628,FunPlus Phoenix,Past Teams,,August 2020 – November 2022,source_month_or_unspecified,unverified,https://www.vlr.gg/team/628/funplus-phoenix
109,https://www.vlr.gg/player/109/ange1,c43ece8ab26fd155e442d7eb36e36886230a8519589202b4c8beaf17cde8e6e2,2026-10-06T15:58:30+00:00,96,PartyParrots,Past Teams,,May 2020 – July 2020,source_month_or_unspecified,unverified,https://www.vlr.gg/team/96/partyparrots
109,https://www.vlr.gg/player/109/ange1,c43ece8ab26fd155e442d7eb36e36886230a8519589202b4c8beaf17cde8e6e2,2026-10-06T15:58:30+00:00,40,reserv,Past Teams,,left in May 2020,source_month_or_unspecified,unverified,https://www.vlr.gg/team/40/reserv
251,https://www.vlr.gg/player/251/b1sk,5c35abf9276f64669757d5e5290c88c0dcf64ba2af7302a24c2d27f6d1b3a228,2026-10-06T15:58:30+00:00,23413,Gambot,Current Teams,,,source_month_or_unspecified,unverified,https://www.vlr.gg/team/23413/gambot
251,https://www.vlr.gg/player/251/b1sk,5c35abf9276f64669757d5e5290c88c0dcf64ba2af7302a24c2d27f6d1b3a228,2026-10-06T15:58:30+00:00,23448,Sickrey VALORANT,Current Teams,,,source_month_or_unspecified,unverified,https://www.vlr.gg/team/23448/sickrey-valorant
251,https://www.vlr.gg/player/251/b1sk,5c35abf9276f64669757d5e5290c88c0dcf64ba2af7302a24c2d27f6d1b3a228,2026-10-06T15:58:30+00:00,23330,Magnit Market,Current Teams,,,source_month_or_unspecified,unverified,https://www.vlr.gg/team/23330/magnit-market
251,https://www.vlr.gg/player/251/b1sk,5c35abf9276f64669757d5e5290c88c0dcf64ba2af7302a24c2d27f6d1b3a228,2026-10-06T15:58:30+00:00,23063,Avenue,Current Teams,,,source_month_or_unspecified,unverified,https://www.vlr.gg/team/23063/avenue
251,https://www.vlr.gg/player/251/b1sk,5c35abf9276f64669757d5e5290c88c0dcf64ba2af7302a24c2d27f6d1b3a228,2026-10-06T15:58:30+00:00,4616,UCAM Esports Club,Current Teams,,joined in October 2025,source_month_or_unspecified,unverified,https://www.vlr.gg/team/4616/ucam-esports-club
251,https://www.vlr.gg/player/251/b1sk,5c35abf9276f64669757d5e5290c88c0dcf64ba2af7302a24c2d27f6d1b3a228,2026-10-06T15:58:30+00:00,19219,Input Lag Enjoyers,Past Teams,,,source_month_or_unspecified,unverified,https://www.vlr.gg/team/19219/input-lag-enjoyers
251,https://www.vlr.gg/player/251/b1sk,5c35abf9276f64669757d5e5290c88c0dcf64ba2af7302a24c2d27f6d1b3a228,2026-10-06T15:58:30+00:00,1458,The Ultimates,Past Teams,,February 2025 – September 2025,source_month_or_unspecified,unverified,https://www.vlr.gg/team/1458/the-ultimates
251,https://www.vlr.gg/player/251/b1sk,5c35abf9276f64669757d5e5290c88c0dcf64ba2af7302a24c2d27f6d1b3a228,2026-10-06T15:58:30+00:00,15872,ZY Gaming,Past Teams,,,source_month_or_unspecified,unverified,https://www.vlr.gg/team/15872/zy-gaming
251,https://www.vlr.gg/player/251/b1sk,5c35abf9276f64669757d5e5290c88c0dcf64ba2af7302a24c2d27f6d1b3a228,2026-10-06T15:58:30+00:00,6313,KPI Gaming,Past Teams,,Inactive from August 2024,source_month_or_unspecified,unverified,https://www.vlr.gg/team/6313/kpi-gaming
251,https://www.vlr.gg/player/251/b1sk,5c35abf9276f64669757d5e5290c88c0dcf64ba2af7302a24c2d27f6d1b3a228,2026-10-06T15:58:30+00:00,1341,Team Singularity,Past Teams,,May 2021 – August 2021,source_month_or_unspecified,unverified,https://www.vlr.gg/team/1341/team-singularity
251,https://www.vlr.gg/player/251/b1sk,5c35abf9276f64669757d5e5290c88c0dcf64ba2af7302a24c2d27f6d1b3a228,2026-10-06T15:58:30+00:00,82,Worst Players,Past Teams,,left in June 2021,source_month_or_unspecified,unverified,https://www.vlr.gg/team/82/worst-players
251,https://www.vlr.gg/player/251/b1sk,5c35abf9276f64669757d5e5290c88c0dcf64ba2af7302a24c2d27f6d1b3a228,2026-10-06T15:58:30+00:00,3371,Deja Vu,Past Teams,,,source_month_or_unspecified,unverified,https://www.vlr.gg/team/3371/deja-vu
251,https://www.vlr.gg/player/251/b1sk,5c35abf9276f64669757d5e5290c88c0dcf64ba2af7302a24c2d27f6d1b3a228,2026-10-06T15:58:30+00:00,2849,FR1END5,Past Teams,,,source_month_or_unspecified,unverified,https://www.vlr.gg/team/2849/fr1end5
251,https://www.vlr.gg/player/251/b1sk,5c35abf9276f64669757d5e5290c88c0dcf64ba2af7302a24c2d27f6d1b3a228,2026-10-06T15:58:30+00:00,2076,M1X,Past Teams,,,source_month_or_unspecified,unverified,https://www.vlr.gg/team/2076/m1x
251,https://www.vlr.gg/player/251/b1sk,5c35abf9276f64669757d5e5290c88c0dcf64ba2af7302a24c2d27f6d1b3a228,2026-10-06T15:58:30+00:00,654,ROX TEAM,Past Teams,,left in December 2020,source_month_or_unspecified,unverified,https://www.vlr.gg/team/654/rox-team
251,https://www.vlr.gg/player/251/b1sk,5c35abf9276f64669757d5e5290c88c0dcf64ba2af7302a24c2d27f6d1b3a228,2026-10-06T15:58:30+00:00,355,Lankräm,Past Teams,,,source_month_or_unspecified,unverified,https://www.vlr.gg/team/355/lankr-m
251,https://www.vlr.gg/player/251/b1sk,5c35abf9276f64669757d5e5290c88c0dcf64ba2af7302a24c2d27f6d1b3a228,2026-10-06T15:58:30+00:00,105,Sharp-Clan,Past Teams,,left in August 2020,source_month_or_unspecified,unverified,https://www.vlr.gg/team/105/sharp-clan
251,https://www.vlr.gg/player/251/b1sk,5c35abf9276f64669757d5e5290c88c0dcf64ba2af7302a24c2d27f6d1b3a228,2026-10-06T15:58:30+00:00,68,LUJAika,Past Teams,,,source_month_or_unspecified,unverified,https://www.vlr.gg/team/68/lujaika
252,https://www.vlr.gg/player/252/d3ffo,54c2731a1b51cb219e5b88a7d93b29ac297bde309c0363dc18721b8156b93c3b,2026-10-06T15:58:31+00:00,466,BOOM Esports,Current Teams,,joined in January 2026,source_month_or_unspecified,unverified,https://www.vlr.gg/team/466/boom-esports
252,https://www.vlr.gg/player/252/d3ffo,54c2731a1b51cb219e5b88a7d93b29ac297bde309c0363dc18721b8156b93c3b,2026-10-06T15:58:31+00:00,12785,Octagonal Disposition Gaming,Past Teams,,,source_month_or_unspecified,unverified,https://www.vlr.gg/team/12785/octagonal-disposition-gaming
252,https://www.vlr.gg/player/252/d3ffo,54c2731a1b51cb219e5b88a7d93b29ac297bde309c0363dc18721b8156b93c3b,2026-10-06T15:58:31+00:00,14467,SweetNsour,Past Teams,,joined in January 2025,source_month_or_unspecified,unverified,https://www.vlr.gg/team/14467/sweetnsour
252,https://www.vlr.gg/player/252/d3ffo,54c2731a1b51cb219e5b88a7d93b29ac297bde309c0363dc18721b8156b93c3b,2026-10-06T15:58:31+00:00,14614,HGE Esport,Past Teams,,October 2024 – October 2024,source_month_or_unspecified,unverified,https://www.vlr.gg/team/14614/hge-esport
252,https://www.vlr.gg/player/252/d3ffo,54c2731a1b51cb219e5b88a7d93b29ac297bde309c0363dc18721b8156b93c3b,2026-10-06T15:58:31+00:00,10188,Team Valiant,Past Teams,,January 2023 – August 2024,source_month_or_unspecified,unverified,https://www.vlr.gg/team/10188/team-valiant
252,https://www.vlr.gg/player/252/d3ffo,54c2731a1b51cb219e5b88a7d93b29ac297bde309c0363dc18721b8156b93c3b,2026-10-06T15:58:31+00:00,12202,Gank Gaming,Past Teams,,left in July 2023,source_month_or_unspecified,unverified,https://www.vlr.gg/team/12202/gank-gaming
252,https://www.vlr.gg/player/252/d3ffo,54c2731a1b51cb219e5b88a7d93b29ac297bde309c0363dc18721b8156b93c3b,2026-10-06T15:58:31+00:00,6132,İstanbul Wildcats,Past Teams,stand-in,October 2022 – November 2022,source_month_or_unspecified,unverified,https://www.vlr.gg/team/6132/stanbul-wildcats
252,https://www.vlr.gg/player/252/d3ffo,54c2731a1b51cb219e5b88a7d93b29ac297bde309c0363dc18721b8156b93c3b,2026-10-06T15:58:31+00:00,9967,The Barbers,Past Teams,,joined in September 2022,source_month_or_unspecified,unverified,https://www.vlr.gg/team/9967/the-barbers
252,https://www.vlr.gg/player/252/d3ffo,54c2731a1b51cb219e5b88a7d93b29ac297bde309c0363dc18721b8156b93c3b,2026-10-06T15:58:31+00:00,8326,M3 Champions,Past Teams,,March 2022 – August 2022,source_month_or_unspecified,unverified,https://www.vlr.gg/team/8326/m3-champions
252,https://www.vlr.gg/player/252/d3ffo,54c2731a1b51cb219e5b88a7d93b29ac297bde309c0363dc18721b8156b93c3b,2026-10-06T15:58:31+00:00,682,Gambit Esports,Past Teams,,September 2020 – March 2022,source_month_or_unspecified,unverified,https://www.vlr.gg/team/682/gambit-esports
252,https://www.vlr.gg/player/252/d3ffo,54c2731a1b51cb219e5b88a7d93b29ac297bde309c0363dc18721b8156b93c3b,2026-10-06T15:58:31+00:00,105,Sharp-Clan,Past Teams,,,source_month_or_unspecified,unverified,https://www.vlr.gg/team/105/sharp-clan
252,https://www.vlr.gg/player/252/d3ffo,54c2731a1b51cb219e5b88a7d93b29ac297bde309c0363dc18721b8156b93c3b,2026-10-06T15:58:31+00:00,68,LUJAika,Past Teams,,,source_month_or_unspecified,unverified,https://www.vlr.gg/team/68/lujaika
261,https://www.vlr.gg/player/261/victor,643533261d06295606434a196519c0b71828beaf311602d2591a228b19ea6cb6,2026-10-06T15:58:32+00:00,2,Sentinels,Past Teams,stand-in,April 2026 – April 2026,source_month_or_unspecified,unverified,https://www.vlr.gg/team/2/sentinels
261,https://www.vlr.gg/player/261/victor,643533261d06295606434a196519c0b71828beaf311602d2591a228b19ea6cb6,2026-10-06T15:58:32+00:00,18586,Chet's Pets,Past Teams,,May 2025 – June 2025,source_month_or_unspecified,unverified,https://www.vlr.gg/team/18586/chets-pets
261,https://www.vlr.gg/player/261/victor,643533261d06295606434a196519c0b71828beaf311602d2591a228b19ea6cb6,2026-10-06T15:58:32+00:00,11001,M80,Past Teams,,April 2025 – May 2025,source_month_or_unspecified,unverified,https://www.vlr.gg/team/11001/m80
261,https://www.vlr.gg/player/261/victor,643533261d06295606434a196519c0b71828beaf311602d2591a228b19ea6cb6,2026-10-06T15:58:32+00:00,1034,NRG,Past Teams,,November 2022 – July 2024,source_month_or_unspecified,unverified,https://www.vlr.gg/team/1034/nrg
261,https://www.vlr.gg/player/261/victor,643533261d06295606434a196519c0b71828beaf311602d2591a228b19ea6cb6,2026-10-06T15:58:32+00:00,8127,OpTic Gaming,Past Teams,,February 2022 – September 2022,source_month_or_unspecified,unverified,https://www.vlr.gg/team/8127/optic-gaming
261,https://www.vlr.gg/player/261/victor,643533261d06295606434a196519c0b71828beaf311602d2591a228b19ea6cb6,2026-10-06T15:58:32+00:00,427,ENVY,Past Teams,,September 2020 – February 2022,source_month_or_unspecified,unverified,https://www.vlr.gg/team/427/envy
261,https://www.vlr.gg/player/261/victor,643533261d06295606434a196519c0b71828beaf311602d2591a228b19ea6cb6,2026-10-06T15:58:32+00:00,14,T1,Past Teams,,June 2020 – September 2020,source_month_or_unspecified,unverified,https://www.vlr.gg/team/14/t1
263,https://www.vlr.gg/player/263/marved,f6c2fe399d47feaef0cdb9b9a78130717faf21798cd57c8b062b208e67c831f9,2026-10-06T15:58:32+00:00,2,Sentinels,Past Teams,stand-in,June 2026 – September 2026,source_month_or_unspecified,unverified,https://www.vlr.gg/team/2/sentinels
263,https://www.vlr.gg/player/263/marved,f6c2fe399d47feaef0cdb9b9a78130717faf21798cd57c8b062b208e67c831f9,2026-10-06T15:58:32+00:00,22780,Canada,Past Teams,,joined in June 2026,source_month_or_unspecified,unverified,https://www.vlr.gg/team/22780/canada
263,https://www.vlr.gg/player/263/marved,f6c2fe399d47feaef0cdb9b9a78130717faf21798cd57c8b062b208e67c831f9,2026-10-06T15:58:32+00:00,18586,Chet's Pets,Past Teams,,May 2025 – June 2025,source_month_or_unspecified,unverified,https://www.vlr.gg/team/18586/chets-pets
263,https://www.vlr.gg/player/263/marved,f6c2fe399d47feaef0cdb9b9a78130717faf21798cd57c8b062b208e67c831f9,2026-10-06T15:58:32+00:00,1034,NRG,Past Teams,,December 2023 – May 2024,source_month_or_unspecified,unverified,https://www.vlr.gg/team/1034/nrg
263,https://www.vlr.gg/player/263/marved,f6c2fe399d47feaef0cdb9b9a78130717faf21798cd57c8b062b208e67c831f9,2026-10-06T15:58:32+00:00,2,Sentinels,Past Teams,,Inactive from August 2023,source_month_or_unspecified,unverified,https://www.vlr.gg/team/2/sentinels
263,https://www.vlr.gg/player/263/marved,f6c2fe399d47feaef0cdb9b9a78130717faf21798cd57c8b062b208e67c831f9,2026-10-06T15:58:32+00:00,10343,Team Shanks,Past Teams,,,source_month_or_unspecified,unverified,https://www.vlr.gg/team/10343/team-shanks
263,https://www.vlr.gg/player/263/marved,f6c2fe399d47feaef0cdb9b9a78130717faf21798cd57c8b062b208e67c831f9,2026-10-06T15:58:32+00:00,8127,OpTic Gaming,Past Teams,,Inactive from September 2022,source_month_or_unspecified,unverified,https://www.vlr.gg/team/8127/optic-gaming
263,https://www.vlr.gg/player/263/marved,f6c2fe399d47feaef0cdb9b9a78130717faf21798cd57c8b062b208e67c831f9,2026-10-06T15:58:32+00:00,427,ENVY,Past Teams,,June 2021 – February 2022,source_month_or_unspecified,unverified,https://www.vlr.gg/team/427/envy
263,https://www.vlr.gg/player/263/marved,f6c2fe399d47feaef0cdb9b9a78130717faf21798cd57c8b062b208e67c831f9,2026-10-06T15:58:32+00:00,337,FaZe Clan,Past Teams,,Inactive from June 2021,source_month_or_unspecified,unverified,https://www.vlr.gg/team/337/faze-clan
263,https://www.vlr.gg/player/263/marved,f6c2fe399d47feaef0cdb9b9a78130717faf21798cd57c8b062b208e67c831f9,2026-10-06T15:58:32+00:00,218,Team Underrated,Past Teams,,left in June 2020,source_month_or_unspecified,unverified,https://www.vlr.gg/team/218/team-underrated
263,https://www.vlr.gg/player/263/marved,f6c2fe399d47feaef0cdb9b9a78130717faf21798cd57c8b062b208e67c831f9,2026-10-06T15:58:32+00:00,69,Jacked Gamers,Past Teams,,May 2020 – May 2020,source_month_or_unspecified,unverified,https://www.vlr.gg/team/69/jacked-gamers
321,https://www.vlr.gg/player/321/chiwa,8488701a47ce0b54ee4509ab1b860aab6294a6280dc69b8e8ace8df5aa473eea,2026-10-06T15:58:33+00:00,23449,Barbershop,Current Teams,,,source_month_or_unspecified,unverified,https://www.vlr.gg/team/23449/barbershop
321,https://www.vlr.gg/player/321/chiwa,8488701a47ce0b54ee4509ab1b860aab6294a6280dc69b8e8ace8df5aa473eea,2026-10-06T15:58:33+00:00,23448,Sickrey VALORANT,Current Teams,,,source_month_or_unspecified,unverified,https://www.vlr.gg/team/23448/sickrey-valorant
321,https://www.vlr.gg/player/321/chiwa,8488701a47ce0b54ee4509ab1b860aab6294a6280dc69b8e8ace8df5aa473eea,2026-10-06T15:58:33+00:00,11232,Joblife,Past Teams,,November 2025 – September 2026,source_month_or_unspecified,unverified,https://www.vlr.gg/team/11232/joblife
321,https://www.vlr.gg/player/321/chiwa,8488701a47ce0b54ee4509ab1b860aab6294a6280dc69b8e8ace8df5aa473eea,2026-10-06T15:58:33+00:00,11232,Joblife,Past Teams,loan,June 2025 – November 2025,source_month_or_unspecified,unverified,https://www.vlr.gg/team/11232/joblife
321,https://www.vlr.gg/player/321/chiwa,8488701a47ce0b54ee4509ab1b860aab6294a6280dc69b8e8ace8df5aa473eea,2026-10-06T15:58:33+00:00,397,BBL Esports,Past Teams,,Inactive from June 2025,source_month_or_unspecified,unverified,https://www.vlr.gg/team/397/bbl-esports
321,https://www.vlr.gg/player/321/chiwa,8488701a47ce0b54ee4509ab1b860aab6294a6280dc69b8e8ace8df5aa473eea,2026-10-06T15:58:33+00:00,3531,Acend,Past Teams,,December 2023 – September 2024,source_month_or_unspecified,unverified,https://www.vlr.gg/team/3531/acend
321,https://www.vlr.gg/player/321/chiwa,8488701a47ce0b54ee4509ab1b860aab6294a6280dc69b8e8ace8df5aa473eea,2026-10-06T15:58:33+00:00,7403,who cars?,Past Teams,,March 2023 – May 2023,source_month_or_unspecified,unverified,https://www.vlr.gg/team/7403/who-cars
321,https://www.vlr.gg/player/321/chiwa,8488701a47ce0b54ee4509ab1b860aab6294a6280dc69b8e8ace8df5aa473eea,2026-10-06T15:58:33+00:00,377,bonk,Past Teams,,December 2022 – March 2023,source_month_or_unspecified,unverified,https://www.vlr.gg/team/377/bonk
321,https://www.vlr.gg/player/321/chiwa,8488701a47ce0b54ee4509ab1b860aab6294a6280dc69b8e8ace8df5aa473eea,2026-10-06T15:58:33+00:00,3525,EXCEL,Past Teams,,January 2022 – September 2022,source_month_or_unspecified,unverified,https://www.vlr.gg/team/3525/excel
321,https://www.vlr.gg/player/321/chiwa,8488701a47ce0b54ee4509ab1b860aab6294a6280dc69b8e8ace8df5aa473eea,2026-10-06T15:58:33+00:00,3,Ninjas in Pyjamas,Past Teams,,October 2020 – October 2021,source_month_or_unspecified,unverified,https://www.vlr.gg/team/3/ninjas-in-pyjamas
321,https://www.vlr.gg/player/321/chiwa,8488701a47ce0b54ee4509ab1b860aab6294a6280dc69b8e8ace8df5aa473eea,2026-10-06T15:58:33+00:00,579,Entropiq,Past Teams,,August 2020 – September 2020,source_month_or_unspecified,unverified,https://www.vlr.gg/team/579/entropiq
321,https://www.vlr.gg/player/321/chiwa,8488701a47ce0b54ee4509ab1b860aab6294a6280dc69b8e8ace8df5aa473eea,2026-10-06T15:58:33+00:00,535,TBD,Past Teams,,left in August 2020,source_month_or_unspecified,unverified,https://www.vlr.gg/team/535/tbd
321,https://www.vlr.gg/player/321/chiwa,8488701a47ce0b54ee4509ab1b860aab6294a6280dc69b8e8ace8df5aa473eea,2026-10-06T15:58:33+00:00,82,Worst Players,Past Teams,,May 2020 – July 2020,source_month_or_unspecified,unverified,https://www.vlr.gg/team/82/worst-players
384,https://www.vlr.gg/player/384/shao,3216f1932c58b1caa0af01164237cb4cc9245ae7526941b272a307e17b2b698b,2026-10-06T15:58:33+00:00,4915,Natus Vincere,Current Teams,,Inactive from March 2026,source_month_or_unspecified,unverified,https://www.vlr.gg/team/4915/natus-vincere
384,https://www.vlr.gg/player/384/shao,3216f1932c58b1caa0af01164237cb4cc9245ae7526941b272a307e17b2b698b,2026-10-06T15:58:33+00:00,6442,Team CIS,Past Teams,,,source_month_or_unspecified,unverified,https://www.vlr.gg/team/6442/team-cis
384,https://www.vlr.gg/player/384/shao,3216f1932c58b1caa0af01164237cb4cc9245ae7526941b272a307e17b2b698b,2026-10-06T15:58:33+00:00,628,FunPlus Phoenix,Past Teams,,August 2020 – November 2022,source_month_or_unspecified,unverified,https://www.vlr.gg/team/628/funplus-phoenix
384,https://www.vlr.gg/player/384/shao,3216f1932c58b1caa0af01164237cb4cc9245ae7526941b272a307e17b2b698b,2026-10-06T15:58:33+00:00,96,PartyParrots,Past Teams,,May 2020 – July 2020,source_month_or_unspecified,unverified,https://www.vlr.gg/team/96/partyparrots
424,https://www.vlr.gg/player/424/dep,28997d50f575238eed41391466d25523c860e51e96e9ccd3c0bc3e7b946ce4cf,2026-10-06T15:58:34+00:00,104,REJECT,Current Teams,,joined in December 2025,source_month_or_unspecified,unverified,https://www.vlr.gg/team/104/reject
424,https://www.vlr.gg/player/424/dep,28997d50f575238eed41391466d25523c860e51e96e9ccd3c0bc3e7b946ce4cf,2026-10-06T15:58:34+00:00,22790,Japan,Past Teams,,joined in June 2026,source_month_or_unspecified,unverified,https://www.vlr.gg/team/22790/japan
424,https://www.vlr.gg/player/424/dep,28997d50f575238eed41391466d25523c860e51e96e9ccd3c0bc3e7b946ce4cf,2026-10-06T15:58:34+00:00,5448,ZETA DIVISION,Past Teams,,December 2021 – December 2025,source_month_or_unspecified,unverified,https://www.vlr.gg/team/5448/zeta-division
424,https://www.vlr.gg/player/424/dep,28997d50f575238eed41391466d25523c860e51e96e9ccd3c0bc3e7b946ce4cf,2026-10-06T15:58:34+00:00,104,REJECT,Past Teams,,Inactive from August 2021,source_month_or_unspecified,unverified,https://www.vlr.gg/team/104/reject
438,https://www.vlr.gg/player/438/boaster,062ffb15c5e314cde8f76f030da564688c81d0c3c7f2d72ddd51eaca84a9f89b,2026-10-06T15:58:35+00:00,2593,FNATIC,Current Teams,,Inactive from September 2026,source_month_or_unspecified,unverified,https://www.vlr.gg/team/2593/fnatic
438,https://www.vlr.gg/player/438/boaster,062ffb15c5e314cde8f76f030da564688c81d0c3c7f2d72ddd51eaca84a9f89b,2026-10-06T15:58:35+00:00,668,SUMN FC,Past Teams,,left in January 2021,source_month_or_unspecified,unverified,https://www.vlr.gg/team/668/sumn-fc
438,https://www.vlr.gg/player/438/boaster,062ffb15c5e314cde8f76f030da564688c81d0c3c7f2d72ddd51eaca84a9f89b,2026-10-06T15:58:35+00:00,392,Carpet Cleaners,Past Teams,,left in June 2020,source_month_or_unspecified,unverified,https://www.vlr.gg/team/392/carpet-cleaners
438,https://www.vlr.gg/player/438/boaster,062ffb15c5e314cde8f76f030da564688c81d0c3c7f2d72ddd51eaca84a9f89b,2026-10-06T15:58:35+00:00,85,Absolute Legends,Past Teams,,left in July 2020,source_month_or_unspecified,unverified,https://www.vlr.gg/team/85/absolute-legends
454,https://www.vlr.gg/player/454/dapr,f678e3f5ebfd8e522a144926cbea95ce3c67e70f11fd15762dd310b68b5ff3e3,2026-10-06T15:58:35+00:00,21714,Division One,Past Teams,,,source_month_or_unspecified,unverified,https://www.vlr.gg/team/21714/division-one
454,https://www.vlr.gg/player/454/dapr,f678e3f5ebfd8e522a144926cbea95ce3c67e70f11fd15762dd310b68b5ff3e3,2026-10-06T15:58:35+00:00,16899,Cubert Academy,Past Teams,coach,January 2025 – May 2025,source_month_or_unspecified,unverified,https://www.vlr.gg/team/16899/cubert-academy
454,https://www.vlr.gg/player/454/dapr,f678e3f5ebfd8e522a144926cbea95ce3c67e70f11fd15762dd310b68b5ff3e3,2026-10-06T15:58:35+00:00,10725,Oxygen Esports,Past Teams,,September 2023 – August 2024,source_month_or_unspecified,unverified,https://www.vlr.gg/team/10725/oxygen-esports
454,https://www.vlr.gg/player/454/dapr,f678e3f5ebfd8e522a144926cbea95ce3c67e70f11fd15762dd310b68b5ff3e3,2026-10-06T15:58:35+00:00,11058,G2 Esports,Past Teams,,December 2022 – July 2023,source_month_or_unspecified,unverified,https://www.vlr.gg/team/11058/g2-esports
454,https://www.vlr.gg/player/454/dapr,f678e3f5ebfd8e522a144926cbea95ce3c67e70f11fd15762dd310b68b5ff3e3,2026-10-06T15:58:35+00:00,2,Sentinels,Past Teams,,Inactive from October 2022,source_month_or_unspecified,unverified,https://www.vlr.gg/team/2/sentinels
454,https://www.vlr.gg/player/454/dapr,f678e3f5ebfd8e522a144926cbea95ce3c67e70f11fd15762dd310b68b5ff3e3,2026-10-06T15:58:35+00:00,211,together we are terrific,Past Teams,,May 2020 – May 2020,source_month_or_unspecified,unverified,https://www.vlr.gg/team/211/together-we-are-terrific
457,https://www.vlr.gg/player/457/nats,4c54ab91baaf9ab7df8214da703c5429e48999f8bb5c753ae47f85135965c328,2026-10-06T15:58:36+00:00,474,Team Liquid,Current Teams,,joined in November 2022,source_month_or_unspecified,unverified,https://www.vlr.gg/team/474/team-liquid
457,https://www.vlr.gg/player/457/nats,4c54ab91baaf9ab7df8214da703c5429e48999f8bb5c753ae47f85135965c328,2026-10-06T15:58:36+00:00,8326,M3 Champions,Past Teams,,March 2022 – August 2022,source_month_or_unspecified,unverified,https://www.vlr.gg/team/8326/m3-champions
457,https://www.vlr.gg/player/457/nats,4c54ab91baaf9ab7df8214da703c5429e48999f8bb5c753ae47f85135965c328,2026-10-06T15:58:36+00:00,682,Gambit Esports,Past Teams,,September 2020 – March 2022,source_month_or_unspecified,unverified,https://www.vlr.gg/team/682/gambit-esports
457,https://www.vlr.gg/player/457/nats,4c54ab91baaf9ab7df8214da703c5429e48999f8bb5c753ae47f85135965c328,2026-10-06T15:58:36+00:00,110,FishkaVTom,Past Teams,,May 2020 – September 2020,source_month_or_unspecified,unverified,https://www.vlr.gg/team/110/fishkavtom
458,https://www.vlr.gg/player/458/chronicle,213c899a7e73830d423e690af3b43091fedd4910ef6d6434c11d3deb6106509e,2026-10-06T15:58:37+00:00,2059,Team Vitality,Current Teams,,joined in October 2025,source_month_or_unspecified,unverified,https://www.vlr.gg/team/2059/team-vitality
458,https://www.vlr.gg/player/458/chronicle,213c899a7e73830d423e690af3b43091fedd4910ef6d6434c11d3deb6106509e,2026-10-06T15:58:37+00:00,2593,FNATIC,Past Teams,,November 2022 – October 2025,source_month_or_unspecified,unverified,https://www.vlr.gg/team/2593/fnatic
458,https://www.vlr.gg/player/458/chronicle,213c899a7e73830d423e690af3b43091fedd4910ef6d6434c11d3deb6106509e,2026-10-06T15:58:37+00:00,8326,M3 Champions,Past Teams,,March 2022 – September 2022,source_month_or_unspecified,unverified,https://www.vlr.gg/team/8326/m3-champions
458,https://www.vlr.gg/player/458/chronicle,213c899a7e73830d423e690af3b43091fedd4910ef6d6434c11d3deb6106509e,2026-10-06T15:58:37+00:00,682,Gambit Esports,Past Teams,,September 2020 – March 2022,source_month_or_unspecified,unverified,https://www.vlr.gg/team/682/gambit-esports
458,https://www.vlr.gg/player/458/chronicle,213c899a7e73830d423e690af3b43091fedd4910ef6d6434c11d3deb6106509e,2026-10-06T15:58:37+00:00,110,FishkaVTom,Past Teams,,May 2020 – August 2020,source_month_or_unspecified,unverified,https://www.vlr.gg/team/110/fishkavtom
485,https://www.vlr.gg/player/485/stax,a26ab4e312aa2b424ec8ac48763db5b594bf281d5af47123655f19a7c57d8ef6,2026-10-06T15:58:37+00:00,14,T1,Current Teams,,joined in June 2024,source_month_or_unspecified,unverified,https://www.vlr.gg/team/14/t1
485,https://www.vlr.gg/player/485/stax,a26ab4e312aa2b424ec8ac48763db5b594bf281d5af47123655f19a7c57d8ef6,2026-10-06T15:58:37+00:00,20187,T1 Spotlight,Past Teams,,joined in October 2025,source_month_or_unspecified,unverified,https://www.vlr.gg/team/20187/t1-spotlight
485,https://www.vlr.gg/player/485/stax,a26ab4e312aa2b424ec8ac48763db5b594bf281d5af47123655f19a7c57d8ef6,2026-10-06T15:58:37+00:00,8185,KIWOOM DRX,Past Teams,,Inactive from May 2024,source_month_or_unspecified,unverified,https://www.vlr.gg/team/8185/kiwoom-drx
485,https://www.vlr.gg/player/485/stax,a26ab4e312aa2b424ec8ac48763db5b594bf281d5af47123655f19a7c57d8ef6,2026-10-06T15:58:37+00:00,198,Vision Strikers,Past Teams,,June 2020 – January 2022,source_month_or_unspecified,unverified,https://www.vlr.gg/team/198/vision-strikers
488,https://www.vlr.gg/player/488/rb,ad43d8d79be79590929982ef07bd3fa5e27480701e03eba1edd3fc22295c218c,2026-10-06T15:58:38+00:00,11060,Nongshim RedForce,Current Teams,,joined in June 2025,source_month_or_unspecified,unverified,https://www.vlr.gg/team/11060/nongshim-redforce
488,https://www.vlr.gg/player/488/rb,ad43d8d79be79590929982ef07bd3fa5e27480701e03eba1edd3fc22295c218c,2026-10-06T15:58:38+00:00,14137,Titan Esports Club,Past Teams,,January 2024 – June 2025,source_month_or_unspecified,unverified,https://www.vlr.gg/team/14137/titan-esports-club
488,https://www.vlr.gg/player/488/rb,ad43d8d79be79590929982ef07bd3fa5e27480701e03eba1edd3fc22295c218c,2026-10-06T15:58:38+00:00,8185,KIWOOM DRX,Past Teams,,Inactive from December 2023,source_month_or_unspecified,unverified,https://www.vlr.gg/team/8185/kiwoom-drx
488,https://www.vlr.gg/player/488/rb,ad43d8d79be79590929982ef07bd3fa5e27480701e03eba1edd3fc22295c218c,2026-10-06T15:58:38+00:00,198,Vision Strikers,Past Teams,,June 2020 – January 2022,source_month_or_unspecified,unverified,https://www.vlr.gg/team/198/vision-strikers
562,https://www.vlr.gg/player/562/zeek,a5d00cd9bf1672364c6e023c0537c675fc230dfe29a2c83ca5f3a39d2a6c11f8,2026-10-06T15:58:39+00:00,10417,Formulation Gaming,Past Teams,,April 2026 – August 2026,source_month_or_unspecified,unverified,https://www.vlr.gg/team/10417/formulation-gaming
562,https://www.vlr.gg/player/562/zeek,a5d00cd9bf1672364c6e023c0537c675fc230dfe29a2c83ca5f3a39d2a6c11f8,2026-10-06T15:58:39+00:00,876,Enterprise Esports,Past Teams,,January 2025 – October 2025,source_month_or_unspecified,unverified,https://www.vlr.gg/team/876/enterprise-esports
562,https://www.vlr.gg/player/562/zeek,a5d00cd9bf1672364c6e023c0537c675fc230dfe29a2c83ca5f3a39d2a6c11f8,2026-10-06T15:58:39+00:00,12474,GoNext Esports,Past Teams,,left in October 2024,source_month_or_unspecified,unverified,https://www.vlr.gg/team/12474/gonext-esports
562,https://www.vlr.gg/player/562/zeek,a5d00cd9bf1672364c6e023c0537c675fc230dfe29a2c83ca5f3a39d2a6c11f8,2026-10-06T15:58:39+00:00,1001,Team Heretics,Past Teams,,May 2023 – June 2023,source_month_or_unspecified,unverified,https://www.vlr.gg/team/1001/team-heretics
562,https://www.vlr.gg/player/562/zeek,a5d00cd9bf1672364c6e023c0537c675fc230dfe29a2c83ca5f3a39d2a6c11f8,2026-10-06T15:58:39+00:00,1001,Team Heretics,Past Teams,,November 2022 – May 2023,source_month_or_unspecified,unverified,https://www.vlr.gg/team/1001/team-heretics
562,https://www.vlr.gg/player/562/zeek,a5d00cd9bf1672364c6e023c0537c675fc230dfe29a2c83ca5f3a39d2a6c11f8,2026-10-06T15:58:39+00:00,10123,Team Poland,Past Teams,,,source_month_or_unspecified,unverified,https://www.vlr.gg/team/10123/team-poland
562,https://www.vlr.gg/player/562/zeek,a5d00cd9bf1672364c6e023c0537c675fc230dfe29a2c83ca5f3a39d2a6c11f8,2026-10-06T15:58:39+00:00,3531,Acend,Past Teams,,Inactive from July 2022,source_month_or_unspecified,unverified,https://www.vlr.gg/team/3531/acend
562,https://www.vlr.gg/player/562/zeek,a5d00cd9bf1672364c6e023c0537c675fc230dfe29a2c83ca5f3a39d2a6c11f8,2026-10-06T15:58:39+00:00,257,G2 Esports,Past Teams,,January 2021 – June 2021,source_month_or_unspecified,unverified,https://www.vlr.gg/team/257/g2-esports
562,https://www.vlr.gg/player/562/zeek,a5d00cd9bf1672364c6e023c0537c675fc230dfe29a2c83ca5f3a39d2a6c11f8,2026-10-06T15:58:39+00:00,326,nolpenki,Past Teams,,September 2020 – December 2020,source_month_or_unspecified,unverified,https://www.vlr.gg/team/326/nolpenki
562,https://www.vlr.gg/player/562/zeek,a5d00cd9bf1672364c6e023c0537c675fc230dfe29a2c83ca5f3a39d2a6c11f8,2026-10-06T15:58:39+00:00,323,THOSE GUYS,Past Teams,,left in September 2020,source_month_or_unspecified,unverified,https://www.vlr.gg/team/323/those-guys
565,https://www.vlr.gg/player/565/starxo,de617c033a5a1f6bcd3e5ec26c1fce89ca0967370d989d3fa8df2df31f8e4ad3,2026-10-06T15:58:39+00:00,12694,Gentle Mates,Current Teams,,Inactive from September 2026,source_month_or_unspecified,unverified,https://www.vlr.gg/team/12694/gentle-mates
565,https://www.vlr.gg/player/565/starxo,de617c033a5a1f6bcd3e5ec26c1fce89ca0967370d989d3fa8df2df31f8e4ad3,2026-10-06T15:58:39+00:00,22782,Poland,Past Teams,,joined in June 2026,source_month_or_unspecified,unverified,https://www.vlr.gg/team/22782/poland
565,https://www.vlr.gg/player/565/starxo,de617c033a5a1f6bcd3e5ec26c1fce89ca0967370d989d3fa8df2df31f8e4ad3,2026-10-06T15:58:39+00:00,11232,Joblife,Past Teams,,December 2024 – September 2025,source_month_or_unspecified,unverified,https://www.vlr.gg/team/11232/joblife
565,https://www.vlr.gg/player/565/starxo,de617c033a5a1f6bcd3e5ec26c1fce89ca0967370d989d3fa8df2df31f8e4ad3,2026-10-06T15:58:39+00:00,7035,KOI,Past Teams,,January 2023 – September 2024,source_month_or_unspecified,unverified,https://www.vlr.gg/team/7035/koi
565,https://www.vlr.gg/player/565/starxo,de617c033a5a1f6bcd3e5ec26c1fce89ca0967370d989d3fa8df2df31f8e4ad3,2026-10-06T15:58:39+00:00,3531,Acend,Past Teams,,Inactive from September 2022,source_month_or_unspecified,unverified,https://www.vlr.gg/team/3531/acend
565,https://www.vlr.gg/player/565/starxo,de617c033a5a1f6bcd3e5ec26c1fce89ca0967370d989d3fa8df2df31f8e4ad3,2026-10-06T15:58:39+00:00,2577,Raise Your Edge,Past Teams,,January 2021 – March 2021,source_month_or_unspecified,unverified,https://www.vlr.gg/team/2577/raise-your-edge
565,https://www.vlr.gg/player/565/starxo,de617c033a5a1f6bcd3e5ec26c1fce89ca0967370d989d3fa8df2df31f8e4ad3,2026-10-06T15:58:39+00:00,2318,Don't Even Ask,Past Teams,,left in January 2021,source_month_or_unspecified,unverified,https://www.vlr.gg/team/2318/dont-even-ask
565,https://www.vlr.gg/player/565/starxo,de617c033a5a1f6bcd3e5ec26c1fce89ca0967370d989d3fa8df2df31f8e4ad3,2026-10-06T15:58:39+00:00,323,THOSE GUYS,Past Teams,,left in September 2020,source_month_or_unspecified,unverified,https://www.vlr.gg/team/323/those-guys
573,https://www.vlr.gg/player/573/cned,c30b8ad93567d9ecd547c538b86f4e2fb966712bef10b4319193ec5aeddc7a2e,2026-10-06T15:58:40+00:00,3478,PCIFIC Esports,Past Teams,,January 2026 – July 2026,source_month_or_unspecified,unverified,https://www.vlr.gg/team/3478/pcific-esports
573,https://www.vlr.gg/player/573/cned,c30b8ad93567d9ecd547c538b86f4e2fb966712bef10b4319193ec5aeddc7a2e,2026-10-06T15:58:40+00:00,10188,Team Valiant,Past Teams,stand-in,May 2025 – May 2025,source_month_or_unspecified,unverified,https://www.vlr.gg/team/10188/team-valiant
573,https://www.vlr.gg/player/573/cned,c30b8ad93567d9ecd547c538b86f4e2fb966712bef10b4319193ec5aeddc7a2e,2026-10-06T15:58:40+00:00,10122,Team Türkiye,Past Teams,,,source_month_or_unspecified,unverified,https://www.vlr.gg/team/10122/team-t-rkiye
573,https://www.vlr.gg/player/573/cned,c30b8ad93567d9ecd547c538b86f4e2fb966712bef10b4319193ec5aeddc7a2e,2026-10-06T15:58:40+00:00,1184,FUT Esports,Past Teams,,Inactive from September 2025,source_month_or_unspecified,unverified,https://www.vlr.gg/team/1184/fut-esports
573,https://www.vlr.gg/player/573/cned,c30b8ad93567d9ecd547c538b86f4e2fb966712bef10b4319193ec5aeddc7a2e,2026-10-06T15:58:40+00:00,4915,Natus Vincere,Past Teams,,November 2022 – October 2023,source_month_or_unspecified,unverified,https://www.vlr.gg/team/4915/natus-vincere
573,https://www.vlr.gg/player/573/cned,c30b8ad93567d9ecd547c538b86f4e2fb966712bef10b4319193ec5aeddc7a2e,2026-10-06T15:58:40+00:00,3531,Acend,Past Teams,,Inactive from September 2022,source_month_or_unspecified,unverified,https://www.vlr.gg/team/3531/acend
573,https://www.vlr.gg/player/573/cned,c30b8ad93567d9ecd547c538b86f4e2fb966712bef10b4319193ec5aeddc7a2e,2026-10-06T15:58:40+00:00,2577,Raise Your Edge,Past Teams,,January 2021 – March 2021,source_month_or_unspecified,unverified,https://www.vlr.gg/team/2577/raise-your-edge
573,https://www.vlr.gg/player/573/cned,c30b8ad93567d9ecd547c538b86f4e2fb966712bef10b4319193ec5aeddc7a2e,2026-10-06T15:58:40+00:00,2318,Don't Even Ask,Past Teams,,left in January 2021,source_month_or_unspecified,unverified,https://www.vlr.gg/team/2318/dont-even-ask
573,https://www.vlr.gg/player/573/cned,c30b8ad93567d9ecd547c538b86f4e2fb966712bef10b4319193ec5aeddc7a2e,2026-10-06T15:58:40+00:00,326,nolpenki,Past Teams,,September 2020 – December 2020,source_month_or_unspecified,unverified,https://www.vlr.gg/team/326/nolpenki
573,https://www.vlr.gg/player/573/cned,c30b8ad93567d9ecd547c538b86f4e2fb966712bef10b4319193ec5aeddc7a2e,2026-10-06T15:58:40+00:00,397,BBL Esports,Past Teams,,left in August 2020,source_month_or_unspecified,unverified,https://www.vlr.gg/team/397/bbl-esports
601,https://www.vlr.gg/player/601/asuna,f37c263c8e0c6b39bdd71bf58c02997c80286e48d4dcd4ac3c37ce8f6344fc85,2026-10-06T15:58:40+00:00,120,100 Thieves,Current Teams,,joined in November 2025,source_month_or_unspecified,unverified,https://www.vlr.gg/team/120/100-thieves
601,https://www.vlr.gg/player/601/asuna,f37c263c8e0c6b39bdd71bf58c02997c80286e48d4dcd4ac3c37ce8f6344fc85,2026-10-06T15:58:40+00:00,120,100 Thieves,Past Teams,,Inactive from September 2025,source_month_or_unspecified,unverified,https://www.vlr.gg/team/120/100-thieves
601,https://www.vlr.gg/player/601/asuna,f37c263c8e0c6b39bdd71bf58c02997c80286e48d4dcd4ac3c37ce8f6344fc85,2026-10-06T15:58:40+00:00,103,Immortals,Past Teams,,June 2020 – October 2020,source_month_or_unspecified,unverified,https://www.vlr.gg/team/103/immortals
604,https://www.vlr.gg/player/604/boostio,18cc657126fef1dc955ee0016bb009e45a99a272a458a747c2d66d3498ef94f4,2026-10-06T15:58:41+00:00,120,100 Thieves,Past Teams,,Inactive from July 2025,source_month_or_unspecified,unverified,https://www.vlr.gg/team/120/100-thieves
604,https://www.vlr.gg/player/604/boostio,18cc657126fef1dc955ee0016bb009e45a99a272a458a747c2d66d3498ef94f4,2026-10-06T15:58:41+00:00,5248,Evil Geniuses,Past Teams,,September 2021 – January 2024,source_month_or_unspecified,unverified,https://www.vlr.gg/team/5248/evil-geniuses
604,https://www.vlr.gg/player/604/boostio,18cc657126fef1dc955ee0016bb009e45a99a272a458a747c2d66d3498ef94f4,2026-10-06T15:58:41+00:00,5248,Evil Geniuses,Past Teams,trial,August 2021 – September 2021,source_month_or_unspecified,unverified,https://www.vlr.gg/team/5248/evil-geniuses
604,https://www.vlr.gg/player/604/boostio,18cc657126fef1dc955ee0016bb009e45a99a272a458a747c2d66d3498ef94f4,2026-10-06T15:58:41+00:00,3337,BASILISK,Past Teams,trial,July 2021 – August 2021,source_month_or_unspecified,unverified,https://www.vlr.gg/team/3337/basilisk
604,https://www.vlr.gg/player/604/boostio,18cc657126fef1dc955ee0016bb009e45a99a272a458a747c2d66d3498ef94f4,2026-10-06T15:58:41+00:00,4535,Foxy,Past Teams,,left in July 2021,source_month_or_unspecified,unverified,https://www.vlr.gg/team/4535/foxy
604,https://www.vlr.gg/player/604/boostio,18cc657126fef1dc955ee0016bb009e45a99a272a458a747c2d66d3498ef94f4,2026-10-06T15:58:41+00:00,3778,On The Way,Past Teams,,April 2021 – May 2021,source_month_or_unspecified,unverified,https://www.vlr.gg/team/3778/on-the-way
604,https://www.vlr.gg/player/604/boostio,18cc657126fef1dc955ee0016bb009e45a99a272a458a747c2d66d3498ef94f4,2026-10-06T15:58:41+00:00,674,Spacestation Gaming,Past Teams,,September 2020 – April 2021,source_month_or_unspecified,unverified,https://www.vlr.gg/team/674/spacestation-gaming
604,https://www.vlr.gg/player/604/boostio,18cc657126fef1dc955ee0016bb009e45a99a272a458a747c2d66d3498ef94f4,2026-10-06T15:58:41+00:00,534,Second Wind,Past Teams,,July 2020 – September 2020,source_month_or_unspecified,unverified,https://www.vlr.gg/team/534/second-wind
619,https://www.vlr.gg/player/619/c0m,87836fd7a9b6b6f4b421189911ec11d64174b5e7f688b0a1a664821b31598f97,2026-10-06T15:58:42+00:00,2406,FURIA,Current Teams,,Inactive from September 2026,source_month_or_unspecified,unverified,https://www.vlr.gg/team/2406/furia
619,https://www.vlr.gg/player/619/c0m,87836fd7a9b6b6f4b421189911ec11d64174b5e7f688b0a1a664821b31598f97,2026-10-06T15:58:42+00:00,5248,Evil Geniuses,Past Teams,,Inactive from May 2026,source_month_or_unspecified,unverified,https://www.vlr.gg/team/5248/evil-geniuses
619,https://www.vlr.gg/player/619/c0m,87836fd7a9b6b6f4b421189911ec11d64174b5e7f688b0a1a664821b31598f97,2026-10-06T15:58:42+00:00,2359,LEVIATÁN,Past Teams,,Inactive from September 2025,source_month_or_unspecified,unverified,https://www.vlr.gg/team/2359/leviat-n
619,https://www.vlr.gg/player/619/c0m,87836fd7a9b6b6f4b421189911ec11d64174b5e7f688b0a1a664821b31598f97,2026-10-06T15:58:42+00:00,5248,Evil Geniuses,Past Teams,,April 2022 – January 2024,source_month_or_unspecified,unverified,https://www.vlr.gg/team/5248/evil-geniuses
619,https://www.vlr.gg/player/619/c0m,87836fd7a9b6b6f4b421189911ec11d64174b5e7f688b0a1a664821b31598f97,2026-10-06T15:58:42+00:00,6461,Akrew,Past Teams,,Inactive from March 2022,source_month_or_unspecified,unverified,https://www.vlr.gg/team/6461/akrew
619,https://www.vlr.gg/player/619/c0m,87836fd7a9b6b6f4b421189911ec11d64174b5e7f688b0a1a664821b31598f97,2026-10-06T15:58:42+00:00,5251,ez5,Past Teams,,July 2021 – October 2021,source_month_or_unspecified,unverified,https://www.vlr.gg/team/5251/ez5
619,https://www.vlr.gg/player/619/c0m,87836fd7a9b6b6f4b421189911ec11d64174b5e7f688b0a1a664821b31598f97,2026-10-06T15:58:42+00:00,4965,Frail Males,Past Teams,,joined in June 2021,source_month_or_unspecified,unverified,https://www.vlr.gg/team/4965/frail-males
619,https://www.vlr.gg/player/619/c0m,87836fd7a9b6b6f4b421189911ec11d64174b5e7f688b0a1a664821b31598f97,2026-10-06T15:58:42+00:00,4315,Squirtle Squad,Past Teams,,left in January 2023,source_month_or_unspecified,unverified,https://www.vlr.gg/team/4315/squirtle-squad
619,https://www.vlr.gg/player/619/c0m,87836fd7a9b6b6f4b421189911ec11d64174b5e7f688b0a1a664821b31598f97,2026-10-06T15:58:42+00:00,3778,On The Way,Past Teams,,left in May 2021,source_month_or_unspecified,unverified,https://www.vlr.gg/team/3778/on-the-way
619,https://www.vlr.gg/player/619/c0m,87836fd7a9b6b6f4b421189911ec11d64174b5e7f688b0a1a664821b31598f97,2026-10-06T15:58:42+00:00,470,Complexity,Past Teams,,July 2020 – October 2020,source_month_or_unspecified,unverified,https://www.vlr.gg/team/470/complexity
651,https://www.vlr.gg/player/651/frz,2acd6ffaabdc3928c67c48fbd966324cf06aef4d8c4d30c5d5353e200f5d12fa,2026-10-06T15:58:42+00:00,15072,2Game Esports,Current Teams,,joined in November 2025,source_month_or_unspecified,unverified,https://www.vlr.gg/team/15072/2game-esports
651,https://www.vlr.gg/player/651/frz,2acd6ffaabdc3928c67c48fbd966324cf06aef4d8c4d30c5d5353e200f5d12fa,2026-10-06T15:58:42+00:00,1124,RED Canids,Past Teams,,left in October 2025,source_month_or_unspecified,unverified,https://www.vlr.gg/team/1124/red-canids
651,https://www.vlr.gg/player/651/frz,2acd6ffaabdc3928c67c48fbd966324cf06aef4d8c4d30c5d5353e200f5d12fa,2026-10-06T15:58:42+00:00,7332,Los Grandes,Past Teams,,joined in February 2025,source_month_or_unspecified,unverified,https://www.vlr.gg/team/7332/los-grandes
651,https://www.vlr.gg/player/651/frz,2acd6ffaabdc3928c67c48fbd966324cf06aef4d8c4d30c5d5353e200f5d12fa,2026-10-06T15:58:42+00:00,7386,MIBR,Past Teams,,May 2022 – May 2024,source_month_or_unspecified,unverified,https://www.vlr.gg/team/7386/mibr
651,https://www.vlr.gg/player/651/frz,2acd6ffaabdc3928c67c48fbd966324cf06aef4d8c4d30c5d5353e200f5d12fa,2026-10-06T15:58:42+00:00,3512,Sharks Esports,Past Teams,,December 2021 – April 2022,source_month_or_unspecified,unverified,https://www.vlr.gg/team/3512/sharks-esports
651,https://www.vlr.gg/player/651/frz,2acd6ffaabdc3928c67c48fbd966324cf06aef4d8c4d30c5d5353e200f5d12fa,2026-10-06T15:58:42+00:00,420,Team Vikings,Past Teams,,December 2020 – June 2022,source_month_or_unspecified,unverified,https://www.vlr.gg/team/420/team-vikings
651,https://www.vlr.gg/player/651/frz,2acd6ffaabdc3928c67c48fbd966324cf06aef4d8c4d30c5d5353e200f5d12fa,2026-10-06T15:58:42+00:00,7309,B4 Esports,Past Teams,,joined in September 2020,source_month_or_unspecified,unverified,https://www.vlr.gg/team/7309/b4-esports
651,https://www.vlr.gg/player/651/frz,2acd6ffaabdc3928c67c48fbd966324cf06aef4d8c4d30c5d5353e200f5d12fa,2026-10-06T15:58:42+00:00,419,TERROR.NET,Past Teams,,left in September 2020,source_month_or_unspecified,unverified,https://www.vlr.gg/team/419/terror-net
651,https://www.vlr.gg/player/651/frz,2acd6ffaabdc3928c67c48fbd966324cf06aef4d8c4d30c5d5353e200f5d12fa,2026-10-06T15:58:42+00:00,246,Cage Triggered,Past Teams,,,source_month_or_unspecified,unverified,https://www.vlr.gg/team/246/cage-triggered
651,https://www.vlr.gg/player/651/frz,2acd6ffaabdc3928c67c48fbd966324cf06aef4d8c4d30c5d5353e200f5d12fa,2026-10-06T15:58:42+00:00,172,Team Paula Nobre,Past Teams,,,source_month_or_unspecified,unverified,https://www.vlr.gg/team/172/team-paula-nobre
659,https://www.vlr.gg/player/659/sacy,c2393e0a5eff67bd558a907140dda6aeb6a1bf1b0281cfe422e9d03dcedd4829,2026-10-06T15:58:43+00:00,22523,Brazil,Past Teams,,joined in June 2026,source_month_or_unspecified,unverified,https://www.vlr.gg/team/22523/brazil
659,https://www.vlr.gg/player/659/sacy,c2393e0a5eff67bd558a907140dda6aeb6a1bf1b0281cfe422e9d03dcedd4829,2026-10-06T15:58:43+00:00,2,Sentinels,Past Teams,,October 2022 – September 2024,source_month_or_unspecified,unverified,https://www.vlr.gg/team/2/sentinels
659,https://www.vlr.gg/player/659/sacy,c2393e0a5eff67bd558a907140dda6aeb6a1bf1b0281cfe422e9d03dcedd4829,2026-10-06T15:58:43+00:00,6961,LOUD,Past Teams,,February 2022 – October 2022,source_month_or_unspecified,unverified,https://www.vlr.gg/team/6961/loud
659,https://www.vlr.gg/player/659/sacy,c2393e0a5eff67bd558a907140dda6aeb6a1bf1b0281cfe422e9d03dcedd4829,2026-10-06T15:58:43+00:00,7370,Pancada e Amigos,Past Teams,,left in February 2022,source_month_or_unspecified,unverified,https://www.vlr.gg/team/7370/pancada-e-amigos
659,https://www.vlr.gg/player/659/sacy,c2393e0a5eff67bd558a907140dda6aeb6a1bf1b0281cfe422e9d03dcedd4829,2026-10-06T15:58:43+00:00,420,Team Vikings,Past Teams,,Inactive from December 2021,source_month_or_unspecified,unverified,https://www.vlr.gg/team/420/team-vikings
659,https://www.vlr.gg/player/659/sacy,c2393e0a5eff67bd558a907140dda6aeb6a1bf1b0281cfe422e9d03dcedd4829,2026-10-06T15:58:43+00:00,1124,RED Canids,Past Teams,,,source_month_or_unspecified,unverified,https://www.vlr.gg/team/1124/red-canids
659,https://www.vlr.gg/player/659/sacy,c2393e0a5eff67bd558a907140dda6aeb6a1bf1b0281cfe422e9d03dcedd4829,2026-10-06T15:58:43+00:00,648,VIMDOLOL,Past Teams,,left in October 2020,source_month_or_unspecified,unverified,https://www.vlr.gg/team/648/vimdolol
659,https://www.vlr.gg/player/659/sacy,c2393e0a5eff67bd558a907140dda6aeb6a1bf1b0281cfe422e9d03dcedd4829,2026-10-06T15:58:43+00:00,519,LOVEBUG,Past Teams,,,source_month_or_unspecified,unverified,https://www.vlr.gg/team/519/lovebug
659,https://www.vlr.gg/player/659/sacy,c2393e0a5eff67bd558a907140dda6aeb6a1bf1b0281cfe422e9d03dcedd4829,2026-10-06T15:58:43+00:00,444,defkon,Past Teams,,,source_month_or_unspecified,unverified,https://www.vlr.gg/team/444/defkon
659,https://www.vlr.gg/player/659/sacy,c2393e0a5eff67bd558a907140dda6aeb6a1bf1b0281cfe422e9d03dcedd4829,2026-10-06T15:58:43+00:00,250,Red Hot,Past Teams,,,source_month_or_unspecified,unverified,https://www.vlr.gg/team/250/red-hot
659,https://www.vlr.gg/player/659/sacy,c2393e0a5eff67bd558a907140dda6aeb6a1bf1b0281cfe422e9d03dcedd4829,2026-10-06T15:58:43+00:00,174,Team Sacy,Past Teams,,,source_month_or_unspecified,unverified,https://www.vlr.gg/team/174/team-sacy
683,https://www.vlr.gg/player/683/pancada,84651e8a50d902ce8213316645e473d925d65047e3ee9e95ef3cecd0af976ae8,2026-10-06T15:58:44+00:00,6961,LOUD,Past Teams,,Inactive from March 2026,source_month_or_unspecified,unverified,https://www.vlr.gg/team/6961/loud
683,https://www.vlr.gg/player/683/pancada,84651e8a50d902ce8213316645e473d925d65047e3ee9e95ef3cecd0af976ae8,2026-10-06T15:58:44+00:00,2,Sentinels,Past Teams,,Inactive from March 2024,source_month_or_unspecified,unverified,https://www.vlr.gg/team/2/sentinels
683,https://www.vlr.gg/player/683/pancada,84651e8a50d902ce8213316645e473d925d65047e3ee9e95ef3cecd0af976ae8,2026-10-06T15:58:44+00:00,6961,LOUD,Past Teams,,February 2022 – October 2022,source_month_or_unspecified,unverified,https://www.vlr.gg/team/6961/loud
683,https://www.vlr.gg/player/683/pancada,84651e8a50d902ce8213316645e473d925d65047e3ee9e95ef3cecd0af976ae8,2026-10-06T15:58:44+00:00,7370,Pancada e Amigos,Past Teams,,left in February 2022,source_month_or_unspecified,unverified,https://www.vlr.gg/team/7370/pancada-e-amigos
683,https://www.vlr.gg/player/683/pancada,84651e8a50d902ce8213316645e473d925d65047e3ee9e95ef3cecd0af976ae8,2026-10-06T15:58:44+00:00,7013,Stars Horizon,Past Teams,,July 2021 – December 2021,source_month_or_unspecified,unverified,https://www.vlr.gg/team/7013/stars-horizon
683,https://www.vlr.gg/player/683/pancada,84651e8a50d902ce8213316645e473d925d65047e3ee9e95ef3cecd0af976ae8,2026-10-06T15:58:44+00:00,4435,TERROR.NET,Past Teams,,,source_month_or_unspecified,unverified,https://www.vlr.gg/team/4435/terror-net
683,https://www.vlr.gg/player/683/pancada,84651e8a50d902ce8213316645e473d925d65047e3ee9e95ef3cecd0af976ae8,2026-10-06T15:58:44+00:00,7309,B4 Esports,Past Teams,,January 2021 – April 2021,source_month_or_unspecified,unverified,https://www.vlr.gg/team/7309/b4-esports
683,https://www.vlr.gg/player/683/pancada,84651e8a50d902ce8213316645e473d925d65047e3ee9e95ef3cecd0af976ae8,2026-10-06T15:58:44+00:00,419,TERROR.NET,Past Teams,,left in September 2020,source_month_or_unspecified,unverified,https://www.vlr.gg/team/419/terror-net
683,https://www.vlr.gg/player/683/pancada,84651e8a50d902ce8213316645e473d925d65047e3ee9e95ef3cecd0af976ae8,2026-10-06T15:58:44+00:00,178,Team pannshi,Past Teams,,,source_month_or_unspecified,unverified,https://www.vlr.gg/team/178/team-pannshi
727,https://www.vlr.gg/player/727/saadhak,9ad68de5f9c7d4b073eeebb2378784ebbade933ffdaa99dc78707e99fb395bb3,2026-10-06T15:58:44+00:00,2355,KRÜ Esports,Current Teams,,Inactive from September 2026,source_month_or_unspecified,unverified,https://www.vlr.gg/team/2355/kr-esports
727,https://www.vlr.gg/player/727/saadhak,9ad68de5f9c7d4b073eeebb2378784ebbade933ffdaa99dc78707e99fb395bb3,2026-10-06T15:58:44+00:00,22522,Argentina,Past Teams,,joined in June 2026,source_month_or_unspecified,unverified,https://www.vlr.gg/team/22522/argentina
727,https://www.vlr.gg/player/727/saadhak,9ad68de5f9c7d4b073eeebb2378784ebbade933ffdaa99dc78707e99fb395bb3,2026-10-06T15:58:44+00:00,8877,Karmine Corp,Past Teams,,November 2024 – November 2025,source_month_or_unspecified,unverified,https://www.vlr.gg/team/8877/karmine-corp
727,https://www.vlr.gg/player/727/saadhak,9ad68de5f9c7d4b073eeebb2378784ebbade933ffdaa99dc78707e99fb395bb3,2026-10-06T15:58:44+00:00,6961,LOUD,Past Teams,,February 2022 – November 2024,source_month_or_unspecified,unverified,https://www.vlr.gg/team/6961/loud
727,https://www.vlr.gg/player/727/saadhak,9ad68de5f9c7d4b073eeebb2378784ebbade933ffdaa99dc78707e99fb395bb3,2026-10-06T15:58:44+00:00,7370,Pancada e Amigos,Past Teams,,left in February 2022,source_month_or_unspecified,unverified,https://www.vlr.gg/team/7370/pancada-e-amigos
727,https://www.vlr.gg/player/727/saadhak,9ad68de5f9c7d4b073eeebb2378784ebbade933ffdaa99dc78707e99fb395bb3,2026-10-06T15:58:44+00:00,420,Team Vikings,Past Teams,,January 2021 – June 2022,source_month_or_unspecified,unverified,https://www.vlr.gg/team/420/team-vikings
727,https://www.vlr.gg/player/727/saadhak,9ad68de5f9c7d4b073eeebb2378784ebbade933ffdaa99dc78707e99fb395bb3,2026-10-06T15:58:44+00:00,368,Estral Esports,Past Teams,,August 2020 – December 2020,source_month_or_unspecified,unverified,https://www.vlr.gg/team/368/estral-esports
727,https://www.vlr.gg/player/727/saadhak,9ad68de5f9c7d4b073eeebb2378784ebbade933ffdaa99dc78707e99fb395bb3,2026-10-06T15:58:44+00:00,367,9z Globant,Past Teams,,June 2020 – July 2020,source_month_or_unspecified,unverified,https://www.vlr.gg/team/367/9z-globant
727,https://www.vlr.gg/player/727/saadhak,9ad68de5f9c7d4b073eeebb2378784ebbade933ffdaa99dc78707e99fb395bb3,2026-10-06T15:58:44+00:00,187,Team Frankkaster,Past Teams,,,source_month_or_unspecified,unverified,https://www.vlr.gg/team/187/team-frankkaster
729,https://www.vlr.gg/player/729/zellsis,2e86bdd6808b3d4047359a7031fc810933d22690c9e3b114de8759e419fea54c,2026-10-06T15:58:45+00:00,188,Cloud9,Current Teams,,joined in October 2025,source_month_or_unspecified,unverified,https://www.vlr.gg/team/188/cloud9
729,https://www.vlr.gg/player/729/zellsis,2e86bdd6808b3d4047359a7031fc810933d22690c9e3b114de8759e419fea54c,2026-10-06T15:58:45+00:00,2,Sentinels,Past Teams,,September 2023 – October 2025,source_month_or_unspecified,unverified,https://www.vlr.gg/team/2/sentinels
729,https://www.vlr.gg/player/729/zellsis,2e86bdd6808b3d4047359a7031fc810933d22690c9e3b114de8759e419fea54c,2026-10-06T15:58:45+00:00,10347,Team PROD,Past Teams,,,source_month_or_unspecified,unverified,https://www.vlr.gg/team/10347/team-prod
729,https://www.vlr.gg/player/729/zellsis,2e86bdd6808b3d4047359a7031fc810933d22690c9e3b114de8759e419fea54c,2026-10-06T15:58:45+00:00,188,Cloud9,Past Teams,,October 2022 – September 2023,source_month_or_unspecified,unverified,https://www.vlr.gg/team/188/cloud9
729,https://www.vlr.gg/player/729/zellsis,2e86bdd6808b3d4047359a7031fc810933d22690c9e3b114de8759e419fea54c,2026-10-06T15:58:45+00:00,10031,Team steel,Past Teams,,,source_month_or_unspecified,unverified,https://www.vlr.gg/team/10031/team-steel
729,https://www.vlr.gg/player/729/zellsis,2e86bdd6808b3d4047359a7031fc810933d22690c9e3b114de8759e419fea54c,2026-10-06T15:58:45+00:00,2815,Version1,Past Teams,,Inactive from September 2022,source_month_or_unspecified,unverified,https://www.vlr.gg/team/2815/version1
729,https://www.vlr.gg/player/729/zellsis,2e86bdd6808b3d4047359a7031fc810933d22690c9e3b114de8759e419fea54c,2026-10-06T15:58:45+00:00,2,Sentinels,Past Teams,,July 2022 – August 2022,source_month_or_unspecified,unverified,https://www.vlr.gg/team/2/sentinels
729,https://www.vlr.gg/player/729/zellsis,2e86bdd6808b3d4047359a7031fc810933d22690c9e3b114de8759e419fea54c,2026-10-06T15:58:45+00:00,2815,Version1,Past Teams,,February 2021 – July 2022,source_month_or_unspecified,unverified,https://www.vlr.gg/team/2815/version1
729,https://www.vlr.gg/player/729/zellsis,2e86bdd6808b3d4047359a7031fc810933d22690c9e3b114de8759e419fea54c,2026-10-06T15:58:45+00:00,976,Orgles5,Past Teams,,September 2020 – November 2020,source_month_or_unspecified,unverified,https://www.vlr.gg/team/976/orgles5
729,https://www.vlr.gg/player/729/zellsis,2e86bdd6808b3d4047359a7031fc810933d22690c9e3b114de8759e419fea54c,2026-10-06T15:58:45+00:00,189,SWOLE PATROL,Past Teams,,,source_month_or_unspecified,unverified,https://www.vlr.gg/team/189/swole-patrol
733,https://www.vlr.gg/player/733/stellar,473a7be521ea59ee835cbb9d3a6e33656b626a135f1ab133b6dd0127430107d1,2026-10-06T15:58:45+00:00,5601,Nightblood Gaming,Current Teams,,joined in May 2026,source_month_or_unspecified,unverified,https://www.vlr.gg/team/5601/nightblood-gaming
733,https://www.vlr.gg/player/733/stellar,473a7be521ea59ee835cbb9d3a6e33656b626a135f1ab133b6dd0127430107d1,2026-10-06T15:58:45+00:00,13920,SaD Esports,Past Teams,,joined in January 2026,source_month_or_unspecified,unverified,https://www.vlr.gg/team/13920/sad-esports
733,https://www.vlr.gg/player/733/stellar,473a7be521ea59ee835cbb9d3a6e33656b626a135f1ab133b6dd0127430107d1,2026-10-06T15:58:45+00:00,5038,YFP,Past Teams,,November 2024 – September 2025,source_month_or_unspecified,unverified,https://www.vlr.gg/team/5038/yfp
733,https://www.vlr.gg/player/733/stellar,473a7be521ea59ee835cbb9d3a6e33656b626a135f1ab133b6dd0127430107d1,2026-10-06T15:58:45+00:00,4346,DarkZero Esports,Past Teams,,June 2024 – August 2024,source_month_or_unspecified,unverified,https://www.vlr.gg/team/4346/darkzero-esports
733,https://www.vlr.gg/player/733/stellar,473a7be521ea59ee835cbb9d3a6e33656b626a135f1ab133b6dd0127430107d1,2026-10-06T15:58:45+00:00,11836,Turtle Troop,Past Teams,,January 2024 – June 2024,source_month_or_unspecified,unverified,https://www.vlr.gg/team/11836/turtle-troop
733,https://www.vlr.gg/player/733/stellar,473a7be521ea59ee835cbb9d3a6e33656b626a135f1ab133b6dd0127430107d1,2026-10-06T15:58:45+00:00,10344,Team Brax,Past Teams,,,source_month_or_unspecified,unverified,https://www.vlr.gg/team/10344/team-brax
733,https://www.vlr.gg/player/733/stellar,473a7be521ea59ee835cbb9d3a6e33656b626a135f1ab133b6dd0127430107d1,2026-10-06T15:58:45+00:00,120,100 Thieves,Past Teams,,April 2022 – September 2023,source_month_or_unspecified,unverified,https://www.vlr.gg/team/120/100-thieves
733,https://www.vlr.gg/player/733/stellar,473a7be521ea59ee835cbb9d3a6e33656b626a135f1ab133b6dd0127430107d1,2026-10-06T15:58:45+00:00,4345,SoaR,Past Teams,,January 2022 – April 2022,source_month_or_unspecified,unverified,https://www.vlr.gg/team/4345/soar
733,https://www.vlr.gg/player/733/stellar,473a7be521ea59ee835cbb9d3a6e33656b626a135f1ab133b6dd0127430107d1,2026-10-06T15:58:45+00:00,4940,Pioneers,Past Teams,trial,September 2021 – October 2021,source_month_or_unspecified,unverified,https://www.vlr.gg/team/4940/pioneers
733,https://www.vlr.gg/player/733/stellar,473a7be521ea59ee835cbb9d3a6e33656b626a135f1ab133b6dd0127430107d1,2026-10-06T15:58:45+00:00,5772,Benchwarmers,Past Teams,,left in July 2021,source_month_or_unspecified,unverified,https://www.vlr.gg/team/5772/benchwarmers
733,https://www.vlr.gg/player/733/stellar,473a7be521ea59ee835cbb9d3a6e33656b626a135f1ab133b6dd0127430107d1,2026-10-06T15:58:45+00:00,642,Luminosity,Past Teams,,Inactive from May 2021,source_month_or_unspecified,unverified,https://www.vlr.gg/team/642/luminosity
733,https://www.vlr.gg/player/733/stellar,473a7be521ea59ee835cbb9d3a6e33656b626a135f1ab133b6dd0127430107d1,2026-10-06T15:58:45+00:00,190,MIXUP,Past Teams,,left in August 2020,source_month_or_unspecified,unverified,https://www.vlr.gg/team/190/mixup
773,https://www.vlr.gg/player/773/lakia,5996ae06aacd50e690bddc4e2b34b7f94ad62051a487ac5e07edfce301839efe,2026-10-06T15:58:46+00:00,17,Gen.G,Past Teams,,December 2025 – July 2026,source_month_or_unspecified,unverified,https://www.vlr.gg/team/17/gen-g
773,https://www.vlr.gg/player/773/lakia,5996ae06aacd50e690bddc4e2b34b7f94ad62051a487ac5e07edfce301839efe,2026-10-06T15:58:46+00:00,17,Gen.G,Past Teams,,August 2025 – October 2025,source_month_or_unspecified,unverified,https://www.vlr.gg/team/17/gen-g
773,https://www.vlr.gg/player/773/lakia,5996ae06aacd50e690bddc4e2b34b7f94ad62051a487ac5e07edfce301839efe,2026-10-06T15:58:46+00:00,17,Gen.G,Past Teams,,October 2023 – October 2024,source_month_or_unspecified,unverified,https://www.vlr.gg/team/17/gen-g
773,https://www.vlr.gg/player/773/lakia,5996ae06aacd50e690bddc4e2b34b7f94ad62051a487ac5e07edfce301839efe,2026-10-06T15:58:46+00:00,11348,Dplus Esports,Past Teams,,July 2022 – August 2023,source_month_or_unspecified,unverified,https://www.vlr.gg/team/11348/dplus-esports
773,https://www.vlr.gg/player/773/lakia,5996ae06aacd50e690bddc4e2b34b7f94ad62051a487ac5e07edfce301839efe,2026-10-06T15:58:46+00:00,2542,DAMWON Gaming,Past Teams,,joined in July 2022,source_month_or_unspecified,unverified,https://www.vlr.gg/team/2542/damwon-gaming
773,https://www.vlr.gg/player/773/lakia,5996ae06aacd50e690bddc4e2b34b7f94ad62051a487ac5e07edfce301839efe,2026-10-06T15:58:46+00:00,6869,IGZIST,Past Teams,,Inactive from July 2022,source_month_or_unspecified,unverified,https://www.vlr.gg/team/6869/igzist
773,https://www.vlr.gg/player/773/lakia,5996ae06aacd50e690bddc4e2b34b7f94ad62051a487ac5e07edfce301839efe,2026-10-06T15:58:46+00:00,8185,KIWOOM DRX,Past Teams,,Inactive from January 2022,source_month_or_unspecified,unverified,https://www.vlr.gg/team/8185/kiwoom-drx
773,https://www.vlr.gg/player/773/lakia,5996ae06aacd50e690bddc4e2b34b7f94ad62051a487ac5e07edfce301839efe,2026-10-06T15:58:46+00:00,198,Vision Strikers,Past Teams,,July 2021 – January 2022,source_month_or_unspecified,unverified,https://www.vlr.gg/team/198/vision-strikers
773,https://www.vlr.gg/player/773/lakia,5996ae06aacd50e690bddc4e2b34b7f94ad62051a487ac5e07edfce301839efe,2026-10-06T15:58:46+00:00,2328,NUTURN,Past Teams,,left in July 2021,source_month_or_unspecified,unverified,https://www.vlr.gg/team/2328/nuturn
773,https://www.vlr.gg/player/773/lakia,5996ae06aacd50e690bddc4e2b34b7f94ad62051a487ac5e07edfce301839efe,2026-10-06T15:58:46+00:00,1153,PROPARTY,Past Teams,,,source_month_or_unspecified,unverified,https://www.vlr.gg/team/1153/proparty
773,https://www.vlr.gg/player/773/lakia,5996ae06aacd50e690bddc4e2b34b7f94ad62051a487ac5e07edfce301839efe,2026-10-06T15:58:46+00:00,509,FA,Past Teams,,,source_month_or_unspecified,unverified,https://www.vlr.gg/team/509/fa
773,https://www.vlr.gg/player/773/lakia,5996ae06aacd50e690bddc4e2b34b7f94ad62051a487ac5e07edfce301839efe,2026-10-06T15:58:46+00:00,198,Vision Strikers,Past Teams,,June 2020 – October 2020,source_month_or_unspecified,unverified,https://www.vlr.gg/team/198/vision-strikers
796,https://www.vlr.gg/player/796/eeiu,ff5e804c2bfa79e6badfaa9c1f398cf1cbef69dc665baa853cbeaed2e7215f85,2026-10-06T15:58:47+00:00,2406,FURIA,Current Teams,,Inactive from July 2026,source_month_or_unspecified,unverified,https://www.vlr.gg/team/2406/furia
796,https://www.vlr.gg/player/796/eeiu,ff5e804c2bfa79e6badfaa9c1f398cf1cbef69dc665baa853cbeaed2e7215f85,2026-10-06T15:58:47+00:00,22780,Canada,Past Teams,,joined in June 2026,source_month_or_unspecified,unverified,https://www.vlr.gg/team/22780/canada
796,https://www.vlr.gg/player/796/eeiu,ff5e804c2bfa79e6badfaa9c1f398cf1cbef69dc665baa853cbeaed2e7215f85,2026-10-06T15:58:47+00:00,120,100 Thieves,Past Teams,,Inactive from September 2025,source_month_or_unspecified,unverified,https://www.vlr.gg/team/120/100-thieves
796,https://www.vlr.gg/player/796/eeiu,ff5e804c2bfa79e6badfaa9c1f398cf1cbef69dc665baa853cbeaed2e7215f85,2026-10-06T15:58:47+00:00,11001,M80,Past Teams,,December 2022 – November 2023,source_month_or_unspecified,unverified,https://www.vlr.gg/team/11001/m80
796,https://www.vlr.gg/player/796/eeiu,ff5e804c2bfa79e6badfaa9c1f398cf1cbef69dc665baa853cbeaed2e7215f85,2026-10-06T15:58:47+00:00,1034,NRG,Past Teams,,Inactive from September 2022,source_month_or_unspecified,unverified,https://www.vlr.gg/team/1034/nrg
796,https://www.vlr.gg/player/796/eeiu,ff5e804c2bfa79e6badfaa9c1f398cf1cbef69dc665baa853cbeaed2e7215f85,2026-10-06T15:58:47+00:00,215,ResettingSleepSchedules,Past Teams,,left in June 2020,source_month_or_unspecified,unverified,https://www.vlr.gg/team/215/resettingsleepschedules
796,https://www.vlr.gg/player/796/eeiu,ff5e804c2bfa79e6badfaa9c1f398cf1cbef69dc665baa853cbeaed2e7215f85,2026-10-06T15:58:47+00:00,4075,T1 Academy,Past Teams,,June 2020 – August 2020,source_month_or_unspecified,unverified,https://www.vlr.gg/team/4075/t1-academy
804,https://www.vlr.gg/player/804/buzz,df899dbeb762f39ec6dcad0d18fcd1f655719b9f55cbcfc4f6297299714b2d28,2026-10-06T15:58:47+00:00,14,T1,Current Teams,,joined in October 2024,source_month_or_unspecified,unverified,https://www.vlr.gg/team/14/t1
804,https://www.vlr.gg/player/804/buzz,df899dbeb762f39ec6dcad0d18fcd1f655719b9f55cbcfc4f6297299714b2d28,2026-10-06T15:58:47+00:00,22779,South Korea,Past Teams,,joined in June 2026,source_month_or_unspecified,unverified,https://www.vlr.gg/team/22779/south-korea
804,https://www.vlr.gg/player/804/buzz,df899dbeb762f39ec6dcad0d18fcd1f655719b9f55cbcfc4f6297299714b2d28,2026-10-06T15:58:47+00:00,20187,T1 Spotlight,Past Teams,,joined in October 2025,source_month_or_unspecified,unverified,https://www.vlr.gg/team/20187/t1-spotlight
804,https://www.vlr.gg/player/804/buzz,df899dbeb762f39ec6dcad0d18fcd1f655719b9f55cbcfc4f6297299714b2d28,2026-10-06T15:58:47+00:00,8185,KIWOOM DRX,Past Teams,,January 2022 – October 2024,source_month_or_unspecified,unverified,https://www.vlr.gg/team/8185/kiwoom-drx
804,https://www.vlr.gg/player/804/buzz,df899dbeb762f39ec6dcad0d18fcd1f655719b9f55cbcfc4f6297299714b2d28,2026-10-06T15:58:47+00:00,198,Vision Strikers,Past Teams,,May 2021 – January 2022,source_month_or_unspecified,unverified,https://www.vlr.gg/team/198/vision-strikers
804,https://www.vlr.gg/player/804/buzz,df899dbeb762f39ec6dcad0d18fcd1f655719b9f55cbcfc4f6297299714b2d28,2026-10-06T15:58:47+00:00,3945,Rio Company,Past Teams,,March 2021 – May 2021,source_month_or_unspecified,unverified,https://www.vlr.gg/team/3945/rio-company
804,https://www.vlr.gg/player/804/buzz,df899dbeb762f39ec6dcad0d18fcd1f655719b9f55cbcfc4f6297299714b2d28,2026-10-06T15:58:47+00:00,2933,MUYAHO,Past Teams,,February 2021 – March 2021,source_month_or_unspecified,unverified,https://www.vlr.gg/team/2933/muyaho
804,https://www.vlr.gg/player/804/buzz,df899dbeb762f39ec6dcad0d18fcd1f655719b9f55cbcfc4f6297299714b2d28,2026-10-06T15:58:47+00:00,1331,BearClaw Gaming,Past Teams,,January 2021 – February 2021,source_month_or_unspecified,unverified,https://www.vlr.gg/team/1331/bearclaw-gaming
804,https://www.vlr.gg/player/804/buzz,df899dbeb762f39ec6dcad0d18fcd1f655719b9f55cbcfc4f6297299714b2d28,2026-10-06T15:58:47+00:00,651,Cloud9 Korea,Past Teams,,October 2020 – December 2020,source_month_or_unspecified,unverified,https://www.vlr.gg/team/651/cloud9-korea
804,https://www.vlr.gg/player/804/buzz,df899dbeb762f39ec6dcad0d18fcd1f655719b9f55cbcfc4f6297299714b2d28,2026-10-06T15:58:47+00:00,210,MaD,Past Teams,,left in August 2020,source_month_or_unspecified,unverified,https://www.vlr.gg/team/210/mad
817,https://www.vlr.gg/player/817/fns,3ce4e7ac60d3bdfb17dee71b2e88d65886ce3ead7f1f5f0dada2a7455764a092,2026-10-06T15:37:32+00:00,1034,NRG,Past Teams,,May 2024 – October 2025,source_month_or_unspecified,unverified,https://www.vlr.gg/team/1034/nrg
817,https://www.vlr.gg/player/817/fns,3ce4e7ac60d3bdfb17dee71b2e88d65886ce3ead7f1f5f0dada2a7455764a092,2026-10-06T15:37:32+00:00,1034,NRG,Past Teams,,Inactive from August 2023,source_month_or_unspecified,unverified,https://www.vlr.gg/team/1034/nrg
817,https://www.vlr.gg/player/817/fns,3ce4e7ac60d3bdfb17dee71b2e88d65886ce3ead7f1f5f0dada2a7455764a092,2026-10-06T15:37:32+00:00,8127,OpTic Gaming,Past Teams,,Inactive from September 2022,source_month_or_unspecified,unverified,https://www.vlr.gg/team/8127/optic-gaming
817,https://www.vlr.gg/player/817/fns,3ce4e7ac60d3bdfb17dee71b2e88d65886ce3ead7f1f5f0dada2a7455764a092,2026-10-06T15:37:32+00:00,427,ENVY,Past Teams,,July 2020 – February 2022,source_month_or_unspecified,unverified,https://www.vlr.gg/team/427/envy
817,https://www.vlr.gg/player/817/fns,3ce4e7ac60d3bdfb17dee71b2e88d65886ce3ead7f1f5f0dada2a7455764a092,2026-10-06T15:37:32+00:00,211,together we are terrific,Past Teams,,May 2020 – July 2020,source_month_or_unspecified,unverified,https://www.vlr.gg/team/211/together-we-are-terrific
818,https://www.vlr.gg/player/818/mummay,c26da5154beeb0596d9778dcb7e11593ab0989747208d129f7bb47980fffe747,2026-10-06T15:58:48+00:00,15606,FLUFFY AIMERS,Past Teams,,joined in May 2024,source_month_or_unspecified,unverified,https://www.vlr.gg/team/15606/fluffy-aimers
818,https://www.vlr.gg/player/818/mummay,c26da5154beeb0596d9778dcb7e11593ab0989747208d129f7bb47980fffe747,2026-10-06T15:58:48+00:00,15011,Together We Are Terrific,Past Teams,,left in April 2024,source_month_or_unspecified,unverified,https://www.vlr.gg/team/15011/together-we-are-terrific
818,https://www.vlr.gg/player/818/mummay,c26da5154beeb0596d9778dcb7e11593ab0989747208d129f7bb47980fffe747,2026-10-06T15:58:48+00:00,337,FaZe Clan,Past Teams,,April 2023 – July 2023,source_month_or_unspecified,unverified,https://www.vlr.gg/team/337/faze-clan
818,https://www.vlr.gg/player/818/mummay,c26da5154beeb0596d9778dcb7e11593ab0989747208d129f7bb47980fffe747,2026-10-06T15:58:48+00:00,11836,Turtle Troop,Past Teams,,February 2023 – April 2023,source_month_or_unspecified,unverified,https://www.vlr.gg/team/11836/turtle-troop
818,https://www.vlr.gg/player/818/mummay,c26da5154beeb0596d9778dcb7e11593ab0989747208d129f7bb47980fffe747,2026-10-06T15:58:48+00:00,8264,Nearest Airport,Past Teams,,left in September 2024,source_month_or_unspecified,unverified,https://www.vlr.gg/team/8264/nearest-airport
818,https://www.vlr.gg/player/818/mummay,c26da5154beeb0596d9778dcb7e11593ab0989747208d129f7bb47980fffe747,2026-10-06T15:58:48+00:00,8370,NYFU,Past Teams,,Inactive from April 2022,source_month_or_unspecified,unverified,https://www.vlr.gg/team/8370/nyfu
818,https://www.vlr.gg/player/818/mummay,c26da5154beeb0596d9778dcb7e11593ab0989747208d129f7bb47980fffe747,2026-10-06T15:58:48+00:00,856,Andbox,Past Teams,,November 2021 – March 2022,source_month_or_unspecified,unverified,https://www.vlr.gg/team/856/andbox
818,https://www.vlr.gg/player/818/mummay,c26da5154beeb0596d9778dcb7e11593ab0989747208d129f7bb47980fffe747,2026-10-06T15:58:48+00:00,856,Andbox,Past Teams,trial,October 2021 – November 2021,source_month_or_unspecified,unverified,https://www.vlr.gg/team/856/andbox
818,https://www.vlr.gg/player/818/mummay,c26da5154beeb0596d9778dcb7e11593ab0989747208d129f7bb47980fffe747,2026-10-06T15:58:48+00:00,427,ENVY,Past Teams,,Inactive from August 2021,source_month_or_unspecified,unverified,https://www.vlr.gg/team/427/envy
818,https://www.vlr.gg/player/818/mummay,c26da5154beeb0596d9778dcb7e11593ab0989747208d129f7bb47980fffe747,2026-10-06T15:58:48+00:00,211,together we are terrific,Past Teams,,May 2020 – July 2022,source_month_or_unspecified,unverified,https://www.vlr.gg/team/211/together-we-are-terrific
826,https://www.vlr.gg/player/826/supamen,5998eefc2e7d192e985e212d10a31c4aceeb67cf64d820a2f4e0843994aa6a00,2026-10-06T15:58:48+00:00,5248,Evil Geniuses,Current Teams,,joined in January 2024,source_month_or_unspecified,unverified,https://www.vlr.gg/team/5248/evil-geniuses
826,https://www.vlr.gg/player/826/supamen,5998eefc2e7d192e985e212d10a31c4aceeb67cf64d820a2f4e0843994aa6a00,2026-10-06T15:58:48+00:00,337,FaZe Clan,Past Teams,,February 2023 – July 2023,source_month_or_unspecified,unverified,https://www.vlr.gg/team/337/faze-clan
826,https://www.vlr.gg/player/826/supamen,5998eefc2e7d192e985e212d10a31c4aceeb67cf64d820a2f4e0843994aa6a00,2026-10-06T15:58:48+00:00,337,FaZe Clan,Past Teams,,Inactive from September 2022,source_month_or_unspecified,unverified,https://www.vlr.gg/team/337/faze-clan
826,https://www.vlr.gg/player/826/supamen,5998eefc2e7d192e985e212d10a31c4aceeb67cf64d820a2f4e0843994aa6a00,2026-10-06T15:58:48+00:00,637,Rise,Past Teams,,July 2021 – April 2022,source_month_or_unspecified,unverified,https://www.vlr.gg/team/637/rise
826,https://www.vlr.gg/player/826/supamen,5998eefc2e7d192e985e212d10a31c4aceeb67cf64d820a2f4e0843994aa6a00,2026-10-06T15:58:48+00:00,632,Dignitas,Past Teams,,August 2020 – March 2021,source_month_or_unspecified,unverified,https://www.vlr.gg/team/632/dignitas
826,https://www.vlr.gg/player/826/supamen,5998eefc2e7d192e985e212d10a31c4aceeb67cf64d820a2f4e0843994aa6a00,2026-10-06T15:58:48+00:00,485,Homeless,Past Teams,,left in August 2020,source_month_or_unspecified,unverified,https://www.vlr.gg/team/485/homeless
826,https://www.vlr.gg/player/826/supamen,5998eefc2e7d192e985e212d10a31c4aceeb67cf64d820a2f4e0843994aa6a00,2026-10-06T15:58:48+00:00,213,Echo 8,Past Teams,,April 2020 – July 2020,source_month_or_unspecified,unverified,https://www.vlr.gg/team/213/echo-8
872,https://www.vlr.gg/player/872/autumn,d2cbe690b2ac1c316e9fab8690eb3ff70c6729066c69f6ccf57cb06a1ee26d34,2026-10-06T15:58:49+00:00,918,Global Esports,Current Teams,,joined in November 2025,source_month_or_unspecified,unverified,https://www.vlr.gg/team/918/global-esports
872,https://www.vlr.gg/player/872/autumn,d2cbe690b2ac1c316e9fab8690eb3ff70c6729066c69f6ccf57cb06a1ee26d34,2026-10-06T15:58:49+00:00,22796,Australia,Past Teams,,joined in June 2026,source_month_or_unspecified,unverified,https://www.vlr.gg/team/22796/australia
872,https://www.vlr.gg/player/872/autumn,d2cbe690b2ac1c316e9fab8690eb3ff70c6729066c69f6ccf57cb06a1ee26d34,2026-10-06T15:58:49+00:00,11328,FunPlus Phoenix,Past Teams,,September 2023 – November 2025,source_month_or_unspecified,unverified,https://www.vlr.gg/team/11328/funplus-phoenix
872,https://www.vlr.gg/player/872/autumn,d2cbe690b2ac1c316e9fab8690eb3ff70c6729066c69f6ccf57cb06a1ee26d34,2026-10-06T15:58:49+00:00,10147,Gods Reign,Past Teams,,left in September 2023,source_month_or_unspecified,unverified,https://www.vlr.gg/team/10147/gods-reign
872,https://www.vlr.gg/player/872/autumn,d2cbe690b2ac1c316e9fab8690eb3ff70c6729066c69f6ccf57cb06a1ee26d34,2026-10-06T15:58:49+00:00,10299,Generation of Miracles,Past Teams,,,source_month_or_unspecified,unverified,https://www.vlr.gg/team/10299/generation-of-miracles
872,https://www.vlr.gg/player/872/autumn,d2cbe690b2ac1c316e9fab8690eb3ff70c6729066c69f6ccf57cb06a1ee26d34,2026-10-06T15:58:49+00:00,7312,HONEY BADGERS,Past Teams,,,source_month_or_unspecified,unverified,https://www.vlr.gg/team/7312/honey-badgers
872,https://www.vlr.gg/player/872/autumn,d2cbe690b2ac1c316e9fab8690eb3ff70c6729066c69f6ccf57cb06a1ee26d34,2026-10-06T15:58:49+00:00,8538,Catgirls,Past Teams,,,source_month_or_unspecified,unverified,https://www.vlr.gg/team/8538/catgirls
872,https://www.vlr.gg/player/872/autumn,d2cbe690b2ac1c316e9fab8690eb3ff70c6729066c69f6ccf57cb06a1ee26d34,2026-10-06T15:58:49+00:00,1208,ORDER,Past Teams,,October 2020 – September 2022,source_month_or_unspecified,unverified,https://www.vlr.gg/team/1208/order
872,https://www.vlr.gg/player/872/autumn,d2cbe690b2ac1c316e9fab8690eb3ff70c6729066c69f6ccf57cb06a1ee26d34,2026-10-06T15:58:49+00:00,860,Ground Zero,Past Teams,,September 2020 – October 2020,source_month_or_unspecified,unverified,https://www.vlr.gg/team/860/ground-zero
872,https://www.vlr.gg/player/872/autumn,d2cbe690b2ac1c316e9fab8690eb3ff70c6729066c69f6ccf57cb06a1ee26d34,2026-10-06T15:58:49+00:00,431,unnamed,Past Teams,,left in September 2020,source_month_or_unspecified,unverified,https://www.vlr.gg/team/431/unnamed
872,https://www.vlr.gg/player/872/autumn,d2cbe690b2ac1c316e9fab8690eb3ff70c6729066c69f6ccf57cb06a1ee26d34,2026-10-06T15:58:49+00:00,224,God Squad,Past Teams,,left in June 2020,source_month_or_unspecified,unverified,https://www.vlr.gg/team/224/god-squad
881,https://www.vlr.gg/player/881/yay,766af03d20562649041a4052ca5dd4a43c6a1cdb04d3b0454bb5f7af63fff7ec,2026-10-06T15:58:50+00:00,5248,Evil Geniuses,Past Teams,,December 2024 – October 2025,source_month_or_unspecified,unverified,https://www.vlr.gg/team/5248/evil-geniuses
881,https://www.vlr.gg/player/881/yay,766af03d20562649041a4052ca5dd4a43c6a1cdb04d3b0454bb5f7af63fff7ec,2026-10-06T15:58:50+00:00,6387,BLEED,Past Teams,,Inactive from May 2024,source_month_or_unspecified,unverified,https://www.vlr.gg/team/6387/bleed
881,https://www.vlr.gg/player/881/yay,766af03d20562649041a4052ca5dd4a43c6a1cdb04d3b0454bb5f7af63fff7ec,2026-10-06T15:58:50+00:00,11197,Disguised,Past Teams,,April 2023 – June 2023,source_month_or_unspecified,unverified,https://www.vlr.gg/team/11197/disguised
881,https://www.vlr.gg/player/881/yay,766af03d20562649041a4052ca5dd4a43c6a1cdb04d3b0454bb5f7af63fff7ec,2026-10-06T15:58:50+00:00,188,Cloud9,Past Teams,,October 2022 – March 2023,source_month_or_unspecified,unverified,https://www.vlr.gg/team/188/cloud9
881,https://www.vlr.gg/player/881/yay,766af03d20562649041a4052ca5dd4a43c6a1cdb04d3b0454bb5f7af63fff7ec,2026-10-06T15:58:50+00:00,8127,OpTic Gaming,Past Teams,,Inactive from September 2022,source_month_or_unspecified,unverified,https://www.vlr.gg/team/8127/optic-gaming
881,https://www.vlr.gg/player/881/yay,766af03d20562649041a4052ca5dd4a43c6a1cdb04d3b0454bb5f7af63fff7ec,2026-10-06T15:58:50+00:00,427,ENVY,Past Teams,,August 2021 – February 2022,source_month_or_unspecified,unverified,https://www.vlr.gg/team/427/envy
881,https://www.vlr.gg/player/881/yay,766af03d20562649041a4052ca5dd4a43c6a1cdb04d3b0454bb5f7af63fff7ec,2026-10-06T15:58:50+00:00,856,Andbox,Past Teams,,September 2020 – August 2021,source_month_or_unspecified,unverified,https://www.vlr.gg/team/856/andbox
939,https://www.vlr.gg/player/939/mwzera,8d15b8da31a7ad7febde5f7a7b8b418f7d022c043e99b1bc8f28eae0086a1750,2026-10-06T15:58:51+00:00,2355,KRÜ Esports,Current Teams,,Inactive from September 2026,source_month_or_unspecified,unverified,https://www.vlr.gg/team/2355/kr-esports
939,https://www.vlr.gg/player/939/mwzera,8d15b8da31a7ad7febde5f7a7b8b418f7d022c043e99b1bc8f28eae0086a1750,2026-10-06T15:58:51+00:00,7332,Los Grandes,Past Teams,,joined in May 2025,source_month_or_unspecified,unverified,https://www.vlr.gg/team/7332/los-grandes
939,https://www.vlr.gg/player/939/mwzera,8d15b8da31a7ad7febde5f7a7b8b418f7d022c043e99b1bc8f28eae0086a1750,2026-10-06T15:58:51+00:00,2406,FURIA,Past Teams,,Inactive from March 2025,source_month_or_unspecified,unverified,https://www.vlr.gg/team/2406/furia
939,https://www.vlr.gg/player/939/mwzera,8d15b8da31a7ad7febde5f7a7b8b418f7d022c043e99b1bc8f28eae0086a1750,2026-10-06T15:58:51+00:00,4894,Keyd Stars,Past Teams,,October 2021 – October 2022,source_month_or_unspecified,unverified,https://www.vlr.gg/team/4894/keyd-stars
939,https://www.vlr.gg/player/939/mwzera,8d15b8da31a7ad7febde5f7a7b8b418f7d022c043e99b1bc8f28eae0086a1750,2026-10-06T15:58:51+00:00,243,Gamelanders Blue,Past Teams,,Inactive from October 2021,source_month_or_unspecified,unverified,https://www.vlr.gg/team/243/gamelanders-blue
985,https://www.vlr.gg/player/985/efina,9e7dba27146e63767c5668c5825709278f7ff2f36f8375208f41cb98fff7dfdf,2026-10-06T15:58:52+00:00,17,Gen.G,Current Teams,,joined in July 2026,source_month_or_unspecified,unverified,https://www.vlr.gg/team/17/gen-g
985,https://www.vlr.gg/player/985/efina,9e7dba27146e63767c5668c5825709278f7ff2f36f8375208f41cb98fff7dfdf,2026-10-06T15:58:52+00:00,22549,X-CAST,Past Teams,,,source_month_or_unspecified,unverified,https://www.vlr.gg/team/22549/x-cast
985,https://www.vlr.gg/player/985/efina,9e7dba27146e63767c5668c5825709278f7ff2f36f8375208f41cb98fff7dfdf,2026-10-06T15:58:52+00:00,21348,Rookies,Past Teams,,,source_month_or_unspecified,unverified,https://www.vlr.gg/team/21348/rookies
985,https://www.vlr.gg/player/985/efina,9e7dba27146e63767c5668c5825709278f7ff2f36f8375208f41cb98fff7dfdf,2026-10-06T15:58:52+00:00,15578,T1 Academy,Past Teams,,Inactive from October 2025,source_month_or_unspecified,unverified,https://www.vlr.gg/team/15578/t1-academy
985,https://www.vlr.gg/player/985/efina,9e7dba27146e63767c5668c5825709278f7ff2f36f8375208f41cb98fff7dfdf,2026-10-06T15:58:52+00:00,14599,Team IAM,Past Teams,,,source_month_or_unspecified,unverified,https://www.vlr.gg/team/14599/team-iam
985,https://www.vlr.gg/player/985/efina,9e7dba27146e63767c5668c5825709278f7ff2f36f8375208f41cb98fff7dfdf,2026-10-06T15:58:52+00:00,1670,F4Q,Past Teams,,left in October 2021,source_month_or_unspecified,unverified,https://www.vlr.gg/team/1670/f4q
985,https://www.vlr.gg/player/985/efina,9e7dba27146e63767c5668c5825709278f7ff2f36f8375208f41cb98fff7dfdf,2026-10-06T15:58:52+00:00,1970,TNL Esports,Past Teams,,November 2020 – February 2021,source_month_or_unspecified,unverified,https://www.vlr.gg/team/1970/tnl-esports
985,https://www.vlr.gg/player/985/efina,9e7dba27146e63767c5668c5825709278f7ff2f36f8375208f41cb98fff7dfdf,2026-10-06T15:58:52+00:00,198,Vision Strikers,Past Teams,,June 2020 – June 2020,source_month_or_unspecified,unverified,https://www.vlr.gg/team/198/vision-strikers
985,https://www.vlr.gg/player/985/efina,9e7dba27146e63767c5668c5825709278f7ff2f36f8375208f41cb98fff7dfdf,2026-10-06T15:58:52+00:00,261,Quantum Strikers,Past Teams,,June 2020 – November 2020,source_month_or_unspecified,unverified,https://www.vlr.gg/team/261/quantum-strikers
1129,https://www.vlr.gg/player/1129/rossy,0ced0a4e0008720529fc3ebf3d7e25ee910c167efc49d1add9adf71970663e8c,2026-10-06T15:58:52+00:00,427,ENVY,Current Teams,,Inactive from September 2026,source_month_or_unspecified,unverified,https://www.vlr.gg/team/427/envy
1129,https://www.vlr.gg/player/1129/rossy,0ced0a4e0008720529fc3ebf3d7e25ee910c167efc49d1add9adf71970663e8c,2026-10-06T15:58:52+00:00,2359,LEVIATÁN,Past Teams,,Inactive from May 2025,source_month_or_unspecified,unverified,https://www.vlr.gg/team/2359/leviat-n
1129,https://www.vlr.gg/player/1129/rossy,0ced0a4e0008720529fc3ebf3d7e25ee910c167efc49d1add9adf71970663e8c,2026-10-06T15:58:52+00:00,188,Cloud9,Past Teams,,October 2024 – December 2024,source_month_or_unspecified,unverified,https://www.vlr.gg/team/188/cloud9
1129,https://www.vlr.gg/player/1129/rossy,0ced0a4e0008720529fc3ebf3d7e25ee910c167efc49d1add9adf71970663e8c,2026-10-06T15:58:52+00:00,14,T1,Past Teams,,Inactive from July 2024,source_month_or_unspecified,unverified,https://www.vlr.gg/team/14/t1
1129,https://www.vlr.gg/player/1129/rossy,0ced0a4e0008720529fc3ebf3d7e25ee910c167efc49d1add9adf71970663e8c,2026-10-06T15:58:52+00:00,11836,Turtle Troop,Past Teams,,April 2023 – October 2023,source_month_or_unspecified,unverified,https://www.vlr.gg/team/11836/turtle-troop
1129,https://www.vlr.gg/player/1129/rossy,0ced0a4e0008720529fc3ebf3d7e25ee910c167efc49d1add9adf71970663e8c,2026-10-06T15:58:52+00:00,337,FaZe Clan,Past Teams,,February 2023 – April 2023,source_month_or_unspecified,unverified,https://www.vlr.gg/team/337/faze-clan
1129,https://www.vlr.gg/player/1129/rossy,0ced0a4e0008720529fc3ebf3d7e25ee910c167efc49d1add9adf71970663e8c,2026-10-06T15:58:52+00:00,11476,The Nation,Past Teams,,January 2023 – January 2023,source_month_or_unspecified,unverified,https://www.vlr.gg/team/11476/the-nation
1129,https://www.vlr.gg/player/1129/rossy,0ced0a4e0008720529fc3ebf3d7e25ee910c167efc49d1add9adf71970663e8c,2026-10-06T15:58:52+00:00,106,TSM,Past Teams,,Inactive from September 2022,source_month_or_unspecified,unverified,https://www.vlr.gg/team/106/tsm
1129,https://www.vlr.gg/player/1129/rossy,0ced0a4e0008720529fc3ebf3d7e25ee910c167efc49d1add9adf71970663e8c,2026-10-06T15:58:52+00:00,103,Immortals,Past Teams,,April 2021 – October 2021,source_month_or_unspecified,unverified,https://www.vlr.gg/team/103/immortals
1129,https://www.vlr.gg/player/1129/rossy,0ced0a4e0008720529fc3ebf3d7e25ee910c167efc49d1add9adf71970663e8c,2026-10-06T15:58:52+00:00,3214,Frick Ya Bag,Past Teams,,,source_month_or_unspecified,unverified,https://www.vlr.gg/team/3214/frick-ya-bag
1129,https://www.vlr.gg/player/1129/rossy,0ced0a4e0008720529fc3ebf3d7e25ee910c167efc49d1add9adf71970663e8c,2026-10-06T15:58:52+00:00,948,Team FYB,Past Teams,,left in October 2020,source_month_or_unspecified,unverified,https://www.vlr.gg/team/948/team-fyb
1129,https://www.vlr.gg/player/1129/rossy,0ced0a4e0008720529fc3ebf3d7e25ee910c167efc49d1add9adf71970663e8c,2026-10-06T15:58:52+00:00,315,Lemonade Stand,Past Teams,,left in August 2020,source_month_or_unspecified,unverified,https://www.vlr.gg/team/315/lemonade-stand
1144,https://www.vlr.gg/player/1144/boo,44ca5642ae7a73d3a52672e2a7074e540a9f3e561fc13953db78ee4e1f5b8adf,2026-10-06T15:58:53+00:00,22786,Lithuania,Past Teams,,joined in June 2026,source_month_or_unspecified,unverified,https://www.vlr.gg/team/22786/lithuania
1144,https://www.vlr.gg/player/1144/boo,44ca5642ae7a73d3a52672e2a7074e540a9f3e561fc13953db78ee4e1f5b8adf,2026-10-06T15:58:53+00:00,1001,Team Heretics,Past Teams,,Inactive from September 2026,source_month_or_unspecified,unverified,https://www.vlr.gg/team/1001/team-heretics
1144,https://www.vlr.gg/player/1144/boo,44ca5642ae7a73d3a52672e2a7074e540a9f3e561fc13953db78ee4e1f5b8adf,2026-10-06T15:58:53+00:00,8903,OG LDN UTD,Past Teams,,May 2022 – October 2022,source_month_or_unspecified,unverified,https://www.vlr.gg/team/8903/og-ldn-utd
1144,https://www.vlr.gg/player/1144/boo,44ca5642ae7a73d3a52672e2a7074e540a9f3e561fc13953db78ee4e1f5b8adf,2026-10-06T15:58:53+00:00,6460,LDN UTD,Past Teams,,October 2021 – May 2022,source_month_or_unspecified,unverified,https://www.vlr.gg/team/6460/ldn-utd
1144,https://www.vlr.gg/player/1144/boo,44ca5642ae7a73d3a52672e2a7074e540a9f3e561fc13953db78ee4e1f5b8adf,2026-10-06T15:58:53+00:00,5679,Gydom Galva,Past Teams,,left in August 2021,source_month_or_unspecified,unverified,https://www.vlr.gg/team/5679/gydom-galva
1144,https://www.vlr.gg/player/1144/boo,44ca5642ae7a73d3a52672e2a7074e540a9f3e561fc13953db78ee4e1f5b8adf,2026-10-06T15:58:53+00:00,2304,Giants Gaming,Past Teams,,Inactive from July 2021,source_month_or_unspecified,unverified,https://www.vlr.gg/team/2304/giants-gaming
1144,https://www.vlr.gg/player/1144/boo,44ca5642ae7a73d3a52672e2a7074e540a9f3e561fc13953db78ee4e1f5b8adf,2026-10-06T15:58:53+00:00,1971,Orgless,Past Teams,,November 2020 – January 2021,source_month_or_unspecified,unverified,https://www.vlr.gg/team/1971/orgless
1144,https://www.vlr.gg/player/1144/boo,44ca5642ae7a73d3a52672e2a7074e540a9f3e561fc13953db78ee4e1f5b8adf,2026-10-06T15:58:53+00:00,326,nolpenki,Past Teams,,left in September 2020,source_month_or_unspecified,unverified,https://www.vlr.gg/team/326/nolpenki
1155,https://www.vlr.gg/player/1155/buld,04d357e209d3b4bec1f04ed40fa7d4659a4f47952e4e0bbd636abf225631e6cb,2026-10-06T15:58:53+00:00,23415,OldBoyz,Current Teams,,,source_month_or_unspecified,unverified,https://www.vlr.gg/team/23415/oldboyz
1155,https://www.vlr.gg/player/1155/buld,04d357e209d3b4bec1f04ed40fa7d4659a4f47952e4e0bbd636abf225631e6cb,2026-10-06T15:58:53+00:00,4616,UCAM Esports Club,Current Teams,,joined in October 2025,source_month_or_unspecified,unverified,https://www.vlr.gg/team/4616/ucam-esports-club
1155,https://www.vlr.gg/player/1155/buld,04d357e209d3b4bec1f04ed40fa7d4659a4f47952e4e0bbd636abf225631e6cb,2026-10-06T15:58:53+00:00,13161,NOVO Esports,Past Teams,,January 2025 – August 2025,source_month_or_unspecified,unverified,https://www.vlr.gg/team/13161/novo-esports
1155,https://www.vlr.gg/player/1155/buld,04d357e209d3b4bec1f04ed40fa7d4659a4f47952e4e0bbd636abf225631e6cb,2026-10-06T15:58:53+00:00,12474,GoNext Esports,Past Teams,,August 2023 – October 2024,source_month_or_unspecified,unverified,https://www.vlr.gg/team/12474/gonext-esports
1155,https://www.vlr.gg/player/1155/buld,04d357e209d3b4bec1f04ed40fa7d4659a4f47952e4e0bbd636abf225631e6cb,2026-10-06T15:58:53+00:00,8258,ZETA Gaming,Past Teams,,joined in January 2023,source_month_or_unspecified,unverified,https://www.vlr.gg/team/8258/zeta-gaming
1155,https://www.vlr.gg/player/1155/buld,04d357e209d3b4bec1f04ed40fa7d4659a4f47952e4e0bbd636abf225631e6cb,2026-10-06T15:58:53+00:00,10834,black team,Past Teams,,,source_month_or_unspecified,unverified,https://www.vlr.gg/team/10834/black-team
1155,https://www.vlr.gg/player/1155/buld,04d357e209d3b4bec1f04ed40fa7d4659a4f47952e4e0bbd636abf225631e6cb,2026-10-06T15:58:53+00:00,8926,TENSTAR,Past Teams,,May 2022 – December 2022,source_month_or_unspecified,unverified,https://www.vlr.gg/team/8926/tenstar
1155,https://www.vlr.gg/player/1155/buld,04d357e209d3b4bec1f04ed40fa7d4659a4f47952e4e0bbd636abf225631e6cb,2026-10-06T15:58:53+00:00,6191,NOM Esports,Past Teams,,September 2021 – February 2022,source_month_or_unspecified,unverified,https://www.vlr.gg/team/6191/nom-esports
1155,https://www.vlr.gg/player/1155/buld,04d357e209d3b4bec1f04ed40fa7d4659a4f47952e4e0bbd636abf225631e6cb,2026-10-06T15:58:53+00:00,5496,ReviveMeJett,Past Teams,,July 2021 – September 2021,source_month_or_unspecified,unverified,https://www.vlr.gg/team/5496/revivemejett
1155,https://www.vlr.gg/player/1155/buld,04d357e209d3b4bec1f04ed40fa7d4659a4f47952e4e0bbd636abf225631e6cb,2026-10-06T15:58:53+00:00,4750,Need4Food,Past Teams,,June 2021 – July 2021,source_month_or_unspecified,unverified,https://www.vlr.gg/team/4750/need4food
1155,https://www.vlr.gg/player/1155/buld,04d357e209d3b4bec1f04ed40fa7d4659a4f47952e4e0bbd636abf225631e6cb,2026-10-06T15:58:53+00:00,2566,Ballista,Past Teams,,January 2021 – May 2021,source_month_or_unspecified,unverified,https://www.vlr.gg/team/2566/ballista
1155,https://www.vlr.gg/player/1155/buld,04d357e209d3b4bec1f04ed40fa7d4659a4f47952e4e0bbd636abf225631e6cb,2026-10-06T15:58:53+00:00,1535,ODCINKA V2,Past Teams,,,source_month_or_unspecified,unverified,https://www.vlr.gg/team/1535/odcinka-v2
1155,https://www.vlr.gg/player/1155/buld,04d357e209d3b4bec1f04ed40fa7d4659a4f47952e4e0bbd636abf225631e6cb,2026-10-06T15:58:53+00:00,658,Naura,Past Teams,,,source_month_or_unspecified,unverified,https://www.vlr.gg/team/658/naura
1155,https://www.vlr.gg/player/1155/buld,04d357e209d3b4bec1f04ed40fa7d4659a4f47952e4e0bbd636abf225631e6cb,2026-10-06T15:58:53+00:00,401,street's sentence,Past Teams,,,source_month_or_unspecified,unverified,https://www.vlr.gg/team/401/streets-sentence
1155,https://www.vlr.gg/player/1155/buld,04d357e209d3b4bec1f04ed40fa7d4659a4f47952e4e0bbd636abf225631e6cb,2026-10-06T15:58:53+00:00,323,THOSE GUYS,Past Teams,,left in September 2020,source_month_or_unspecified,unverified,https://www.vlr.gg/team/323/those-guys
1265,https://www.vlr.gg/player/1265/johnqt,50d37aed87bc86382fab27329bdad641d768a02b9ad55fe1fc537cbbc0c474f4,2026-10-06T15:58:54+00:00,2,Sentinels,Current Teams,,joined in September 2023,source_month_or_unspecified,unverified,https://www.vlr.gg/team/2/sentinels
1265,https://www.vlr.gg/player/1265/johnqt,50d37aed87bc86382fab27329bdad641d768a02b9ad55fe1fc537cbbc0c474f4,2026-10-06T15:58:54+00:00,22821,Morocco,Past Teams,,joined in June 2026,source_month_or_unspecified,unverified,https://www.vlr.gg/team/22821/morocco
1265,https://www.vlr.gg/player/1265/johnqt,50d37aed87bc86382fab27329bdad641d768a02b9ad55fe1fc537cbbc0c474f4,2026-10-06T15:58:54+00:00,11001,M80,Past Teams,,December 2022 – September 2023,source_month_or_unspecified,unverified,https://www.vlr.gg/team/11001/m80
1265,https://www.vlr.gg/player/1265/johnqt,50d37aed87bc86382fab27329bdad641d768a02b9ad55fe1fc537cbbc0c474f4,2026-10-06T15:58:54+00:00,9758,Ghostbusters,Past Teams,,September 2022 – December 2022,source_month_or_unspecified,unverified,https://www.vlr.gg/team/9758/ghostbusters
1265,https://www.vlr.gg/player/1265/johnqt,50d37aed87bc86382fab27329bdad641d768a02b9ad55fe1fc537cbbc0c474f4,2026-10-06T15:58:54+00:00,2291,Ghost Gaming,Past Teams,,January 2022 – August 2022,source_month_or_unspecified,unverified,https://www.vlr.gg/team/2291/ghost-gaming
1265,https://www.vlr.gg/player/1265/johnqt,50d37aed87bc86382fab27329bdad641d768a02b9ad55fe1fc537cbbc0c474f4,2026-10-06T15:58:54+00:00,4282,Sum 2 Prove,Past Teams,,April 2021 – July 2021,source_month_or_unspecified,unverified,https://www.vlr.gg/team/4282/sum-2-prove
1265,https://www.vlr.gg/player/1265/johnqt,50d37aed87bc86382fab27329bdad641d768a02b9ad55fe1fc537cbbc0c474f4,2026-10-06T15:58:54+00:00,5251,ez5,Past Teams,,April 2021 – May 2021,source_month_or_unspecified,unverified,https://www.vlr.gg/team/5251/ez5
1265,https://www.vlr.gg/player/1265/johnqt,50d37aed87bc86382fab27329bdad641d768a02b9ad55fe1fc537cbbc0c474f4,2026-10-06T15:58:54+00:00,1592,Fox Gaming,Past Teams,,,source_month_or_unspecified,unverified,https://www.vlr.gg/team/1592/fox-gaming
1265,https://www.vlr.gg/player/1265/johnqt,50d37aed87bc86382fab27329bdad641d768a02b9ad55fe1fc537cbbc0c474f4,2026-10-06T15:58:54+00:00,341,Viboras,Past Teams,,left in June 2020,source_month_or_unspecified,unverified,https://www.vlr.gg/team/341/viboras
1281,https://www.vlr.gg/player/1281/molsi,f32dee632cac04a2418a66db5de0f81d46337f9b2b148ea5329ac07d79e06e59,2026-10-06T15:58:55+00:00,6882,FOKUS,Past Teams,,January 2026 – July 2026,source_month_or_unspecified,unverified,https://www.vlr.gg/team/6882/fokus
1281,https://www.vlr.gg/player/1281/molsi,f32dee632cac04a2418a66db5de0f81d46337f9b2b148ea5329ac07d79e06e59,2026-10-06T15:58:55+00:00,11479,Apeks,Past Teams,,Inactive from August 2025,source_month_or_unspecified,unverified,https://www.vlr.gg/team/11479/apeks
1281,https://www.vlr.gg/player/1281/molsi,f32dee632cac04a2418a66db5de0f81d46337f9b2b148ea5329ac07d79e06e59,2026-10-06T15:58:55+00:00,13870,Entropolo,Past Teams,,left in December 2023,source_month_or_unspecified,unverified,https://www.vlr.gg/team/13870/entropolo
1281,https://www.vlr.gg/player/1281/molsi,f32dee632cac04a2418a66db5de0f81d46337f9b2b148ea5329ac07d79e06e59,2026-10-06T15:58:55+00:00,2059,Team Vitality,Past Teams,,Inactive from August 2023,source_month_or_unspecified,unverified,https://www.vlr.gg/team/2059/team-vitality
1281,https://www.vlr.gg/player/1281/molsi,f32dee632cac04a2418a66db5de0f81d46337f9b2b148ea5329ac07d79e06e59,2026-10-06T15:58:55+00:00,8903,OG LDN UTD,Past Teams,,May 2022 – October 2022,source_month_or_unspecified,unverified,https://www.vlr.gg/team/8903/og-ldn-utd
1281,https://www.vlr.gg/player/1281/molsi,f32dee632cac04a2418a66db5de0f81d46337f9b2b148ea5329ac07d79e06e59,2026-10-06T15:58:55+00:00,6460,LDN UTD,Past Teams,,October 2021 – May 2022,source_month_or_unspecified,unverified,https://www.vlr.gg/team/6460/ldn-utd
1281,https://www.vlr.gg/player/1281/molsi,f32dee632cac04a2418a66db5de0f81d46337f9b2b148ea5329ac07d79e06e59,2026-10-06T15:58:55+00:00,6235,Incognito,Past Teams,,,source_month_or_unspecified,unverified,https://www.vlr.gg/team/6235/incognito
1281,https://www.vlr.gg/player/1281/molsi,f32dee632cac04a2418a66db5de0f81d46337f9b2b148ea5329ac07d79e06e59,2026-10-06T15:58:55+00:00,5764,Pomidorki W Louis,Past Teams,,,source_month_or_unspecified,unverified,https://www.vlr.gg/team/5764/pomidorki-w-louis
1281,https://www.vlr.gg/player/1281/molsi,f32dee632cac04a2418a66db5de0f81d46337f9b2b148ea5329ac07d79e06e59,2026-10-06T15:58:55+00:00,2304,Giants Gaming,Past Teams,,Inactive from July 2021,source_month_or_unspecified,unverified,https://www.vlr.gg/team/2304/giants-gaming
1281,https://www.vlr.gg/player/1281/molsi,f32dee632cac04a2418a66db5de0f81d46337f9b2b148ea5329ac07d79e06e59,2026-10-06T15:58:55+00:00,673,Finest,Past Teams,,February 2021 – April 2021,source_month_or_unspecified,unverified,https://www.vlr.gg/team/673/finest
1281,https://www.vlr.gg/player/1281/molsi,f32dee632cac04a2418a66db5de0f81d46337f9b2b148ea5329ac07d79e06e59,2026-10-06T15:58:55+00:00,579,Entropiq,Past Teams,,August 2020 – August 2022,source_month_or_unspecified,unverified,https://www.vlr.gg/team/579/entropiq
1281,https://www.vlr.gg/player/1281/molsi,f32dee632cac04a2418a66db5de0f81d46337f9b2b148ea5329ac07d79e06e59,2026-10-06T15:58:55+00:00,535,TBD,Past Teams,,left in August 2020,source_month_or_unspecified,unverified,https://www.vlr.gg/team/535/tbd
1311,https://www.vlr.gg/player/1311/melser,6cc3658e8fcaa0c76539021b7b8a152a6e9dce848ecfaeea36ee18290ba9f77c,2026-10-06T15:58:55+00:00,22142,BESTIA,Past Teams,,April 2026 – September 2026,source_month_or_unspecified,unverified,https://www.vlr.gg/team/22142/bestia
1311,https://www.vlr.gg/player/1311/melser,6cc3658e8fcaa0c76539021b7b8a152a6e9dce848ecfaeea36ee18290ba9f77c,2026-10-06T15:58:55+00:00,21462,Melser Kindergarten,Past Teams,,,source_month_or_unspecified,unverified,https://www.vlr.gg/team/21462/melser-kindergarten
1311,https://www.vlr.gg/player/1311/melser,6cc3658e8fcaa0c76539021b7b8a152a6e9dce848ecfaeea36ee18290ba9f77c,2026-10-06T15:58:55+00:00,18584,Farenvehn,Past Teams,,joined in January 2026,source_month_or_unspecified,unverified,https://www.vlr.gg/team/18584/farenvehn
1311,https://www.vlr.gg/player/1311/melser,6cc3658e8fcaa0c76539021b7b8a152a6e9dce848ecfaeea36ee18290ba9f77c,2026-10-06T15:58:55+00:00,2355,KRÜ Esports,Past Teams,,Inactive from September 2025,source_month_or_unspecified,unverified,https://www.vlr.gg/team/2355/kr-esports
1311,https://www.vlr.gg/player/1311/melser,6cc3658e8fcaa0c76539021b7b8a152a6e9dce848ecfaeea36ee18290ba9f77c,2026-10-06T15:58:55+00:00,2359,LEVIATÁN,Past Teams,,Inactive from September 2022,source_month_or_unspecified,unverified,https://www.vlr.gg/team/2359/leviat-n
1311,https://www.vlr.gg/player/1311/melser,6cc3658e8fcaa0c76539021b7b8a152a6e9dce848ecfaeea36ee18290ba9f77c,2026-10-06T15:58:55+00:00,6668,ex-Australs,Past Teams,,November 2021 – November 2021,source_month_or_unspecified,unverified,https://www.vlr.gg/team/6668/ex-australs
1311,https://www.vlr.gg/player/1311/melser,6cc3658e8fcaa0c76539021b7b8a152a6e9dce848ecfaeea36ee18290ba9f77c,2026-10-06T15:58:55+00:00,719,Australs,Past Teams,,January 2021 – November 2021,source_month_or_unspecified,unverified,https://www.vlr.gg/team/719/australs
1311,https://www.vlr.gg/player/1311/melser,6cc3658e8fcaa0c76539021b7b8a152a6e9dce848ecfaeea36ee18290ba9f77c,2026-10-06T15:58:55+00:00,783,Dylema Gaming,Past Teams,,,source_month_or_unspecified,unverified,https://www.vlr.gg/team/783/dylema-gaming
1311,https://www.vlr.gg/player/1311/melser,6cc3658e8fcaa0c76539021b7b8a152a6e9dce848ecfaeea36ee18290ba9f77c,2026-10-06T15:58:55+00:00,364,All Knights,Past Teams,,left in July 2020,source_month_or_unspecified,unverified,https://www.vlr.gg/team/364/all-knights
1369,https://www.vlr.gg/player/1369/doma,f55f9dfc9056cf5e3a8c1a9886fb8a0726bcda97398eadfa91c14e69324dc2d5,2026-10-06T15:58:56+00:00,14525,BRATAN MIX,Current Teams,,,source_month_or_unspecified,unverified,https://www.vlr.gg/team/14525/bratan-mix
1369,https://www.vlr.gg/player/1369/doma,f55f9dfc9056cf5e3a8c1a9886fb8a0726bcda97398eadfa91c14e69324dc2d5,2026-10-06T15:58:56+00:00,11232,Joblife,Past Teams,,December 2025 – September 2026,source_month_or_unspecified,unverified,https://www.vlr.gg/team/11232/joblife
1369,https://www.vlr.gg/player/1369/doma,f55f9dfc9056cf5e3a8c1a9886fb8a0726bcda97398eadfa91c14e69324dc2d5,2026-10-06T15:58:56+00:00,876,Enterprise Esports,Past Teams,,January 2025 – October 2025,source_month_or_unspecified,unverified,https://www.vlr.gg/team/876/enterprise-esports
1369,https://www.vlr.gg/player/1369/doma,f55f9dfc9056cf5e3a8c1a9886fb8a0726bcda97398eadfa91c14e69324dc2d5,2026-10-06T15:58:56+00:00,2593,FNATIC,Past Teams,,July 2024 – August 2024,source_month_or_unspecified,unverified,https://www.vlr.gg/team/2593/fnatic
1369,https://www.vlr.gg/player/1369/doma,f55f9dfc9056cf5e3a8c1a9886fb8a0726bcda97398eadfa91c14e69324dc2d5,2026-10-06T15:58:56+00:00,4669,Digital Athletics,Past Teams,,left in May 2024,source_month_or_unspecified,unverified,https://www.vlr.gg/team/4669/digital-athletics
1369,https://www.vlr.gg/player/1369/doma,f55f9dfc9056cf5e3a8c1a9886fb8a0726bcda97398eadfa91c14e69324dc2d5,2026-10-06T15:58:56+00:00,799,Velocity Gaming,Past Teams,,February 2023 – May 2023,source_month_or_unspecified,unverified,https://www.vlr.gg/team/799/velocity-gaming
1369,https://www.vlr.gg/player/1369/doma,f55f9dfc9056cf5e3a8c1a9886fb8a0726bcda97398eadfa91c14e69324dc2d5,2026-10-06T15:58:56+00:00,10213,BRATAN MIX,Past Teams,,,source_month_or_unspecified,unverified,https://www.vlr.gg/team/10213/bratan-mix
1369,https://www.vlr.gg/player/1369/doma,f55f9dfc9056cf5e3a8c1a9886fb8a0726bcda97398eadfa91c14e69324dc2d5,2026-10-06T15:58:56+00:00,8726,MAD Lions,Past Teams,,April 2022 – November 2022,source_month_or_unspecified,unverified,https://www.vlr.gg/team/8726/mad-lions
1369,https://www.vlr.gg/player/1369/doma,f55f9dfc9056cf5e3a8c1a9886fb8a0726bcda97398eadfa91c14e69324dc2d5,2026-10-06T15:58:56+00:00,4663,TENSTAR,Past Teams,,January 2022 – April 2022,source_month_or_unspecified,unverified,https://www.vlr.gg/team/4663/tenstar
1369,https://www.vlr.gg/player/1369/doma,f55f9dfc9056cf5e3a8c1a9886fb8a0726bcda97398eadfa91c14e69324dc2d5,2026-10-06T15:58:56+00:00,2593,FNATIC,Past Teams,,February 2021 – January 2022,source_month_or_unspecified,unverified,https://www.vlr.gg/team/2593/fnatic
1369,https://www.vlr.gg/player/1369/doma,f55f9dfc9056cf5e3a8c1a9886fb8a0726bcda97398eadfa91c14e69324dc2d5,2026-10-06T15:58:56+00:00,668,SUMN FC,Past Teams,,left in January 2021,source_month_or_unspecified,unverified,https://www.vlr.gg/team/668/sumn-fc
1369,https://www.vlr.gg/player/1369/doma,f55f9dfc9056cf5e3a8c1a9886fb8a0726bcda97398eadfa91c14e69324dc2d5,2026-10-06T15:58:56+00:00,354,5gg,Past Teams,,,source_month_or_unspecified,unverified,https://www.vlr.gg/team/354/5gg
1395,https://www.vlr.gg/player/1395/tennn,e70638b6941c2c2277acfd3b6740b71bdad98fd955af08074c49f7333ca4d23f,2026-10-06T15:58:56+00:00,11490,Murash Gaming,Past Teams,,January 2025 – June 2026,source_month_or_unspecified,unverified,https://www.vlr.gg/team/11490/murash-gaming
1395,https://www.vlr.gg/player/1395/tennn,e70638b6941c2c2277acfd3b6740b71bdad98fd955af08074c49f7333ca4d23f,2026-10-06T15:58:56+00:00,2934,FENNEL,Past Teams,,May 2024 – July 2024,source_month_or_unspecified,unverified,https://www.vlr.gg/team/2934/fennel
1395,https://www.vlr.gg/player/1395/tennn,e70638b6941c2c2277acfd3b6740b71bdad98fd955af08074c49f7333ca4d23f,2026-10-06T15:58:56+00:00,5448,ZETA DIVISION,Past Teams,,December 2021 – September 2023,source_month_or_unspecified,unverified,https://www.vlr.gg/team/5448/zeta-division
1395,https://www.vlr.gg/player/1395/tennn,e70638b6941c2c2277acfd3b6740b71bdad98fd955af08074c49f7333ca4d23f,2026-10-06T15:58:56+00:00,2988,NORTHEPTION,Past Teams,,July 2021 – December 2021,source_month_or_unspecified,unverified,https://www.vlr.gg/team/2988/northeption
1395,https://www.vlr.gg/player/1395/tennn,e70638b6941c2c2277acfd3b6740b71bdad98fd955af08074c49f7333ca4d23f,2026-10-06T15:58:56+00:00,516,FAV gaming,Past Teams,,May 2021 – June 2021,source_month_or_unspecified,unverified,https://www.vlr.gg/team/516/fav-gaming
1395,https://www.vlr.gg/player/1395/tennn,e70638b6941c2c2277acfd3b6740b71bdad98fd955af08074c49f7333ca4d23f,2026-10-06T15:58:56+00:00,278,DetonatioN FocusMe,Past Teams,,June 2020 – March 2021,source_month_or_unspecified,unverified,https://www.vlr.gg/team/278/detonation-focusme
1399,https://www.vlr.gg/player/1399/sterben,4a634b3030492942ae30193d37e51ce8d8677a87ccebb9bc3312bf0346b95251,2026-10-06T15:58:57+00:00,23339,Trigon Titans,Current Teams,,,source_month_or_unspecified,unverified,https://www.vlr.gg/team/23339/trigon-titans
1399,https://www.vlr.gg/player/1399/sterben,4a634b3030492942ae30193d37e51ce8d8677a87ccebb9bc3312bf0346b95251,2026-10-06T15:58:57+00:00,21743,Eternal Fire Passion,Current Teams,,,source_month_or_unspecified,unverified,https://www.vlr.gg/team/21743/eternal-fire-passion
1399,https://www.vlr.gg/player/1399/sterben,4a634b3030492942ae30193d37e51ce8d8677a87ccebb9bc3312bf0346b95251,2026-10-06T15:58:57+00:00,23066,mixtape5,Past Teams,,,source_month_or_unspecified,unverified,https://www.vlr.gg/team/23066/mixtape5
1399,https://www.vlr.gg/player/1399/sterben,4a634b3030492942ae30193d37e51ce8d8677a87ccebb9bc3312bf0346b95251,2026-10-06T15:58:57+00:00,6392,Eternal Fire,Past Teams,,September 2025 – March 2026,source_month_or_unspecified,unverified,https://www.vlr.gg/team/6392/eternal-fire
1399,https://www.vlr.gg/player/1399/sterben,4a634b3030492942ae30193d37e51ce8d8677a87ccebb9bc3312bf0346b95251,2026-10-06T15:58:57+00:00,4762,Galakticos,Past Teams,,September 2024 – July 2025,source_month_or_unspecified,unverified,https://www.vlr.gg/team/4762/galakticos
1399,https://www.vlr.gg/player/1399/sterben,4a634b3030492942ae30193d37e51ce8d8677a87ccebb9bc3312bf0346b95251,2026-10-06T15:58:57+00:00,4567,Papara SuperMassive,Past Teams,,joined in December 2022,source_month_or_unspecified,unverified,https://www.vlr.gg/team/4567/papara-supermassive
1399,https://www.vlr.gg/player/1399/sterben,4a634b3030492942ae30193d37e51ce8d8677a87ccebb9bc3312bf0346b95251,2026-10-06T15:58:57+00:00,20085,Fire Flux Esports,Past Teams,,January 2021 – December 2022,source_month_or_unspecified,unverified,https://www.vlr.gg/team/20085/fire-flux-esports
1399,https://www.vlr.gg/player/1399/sterben,4a634b3030492942ae30193d37e51ce8d8677a87ccebb9bc3312bf0346b95251,2026-10-06T15:58:57+00:00,1184,FUT Esports,Past Teams,,October 2020 – January 2022,source_month_or_unspecified,unverified,https://www.vlr.gg/team/1184/fut-esports
1399,https://www.vlr.gg/player/1399/sterben,4a634b3030492942ae30193d37e51ce8d8677a87ccebb9bc3312bf0346b95251,2026-10-06T15:58:57+00:00,379,LOL,Past Teams,,left in October 2020,source_month_or_unspecified,unverified,https://www.vlr.gg/team/379/lol
1427,https://www.vlr.gg/player/1427/redgar,fdf7df4ae2fb201158ac433fb2a76d04b0f5b0fdf0c7e2e8619885fa7ac3b80e,2026-10-06T15:58:58+00:00,23413,Gambot,Current Teams,,,source_month_or_unspecified,unverified,https://www.vlr.gg/team/23413/gambot
1427,https://www.vlr.gg/player/1427/redgar,fdf7df4ae2fb201158ac433fb2a76d04b0f5b0fdf0c7e2e8619885fa7ac3b80e,2026-10-06T15:58:58+00:00,17945,MIR,Current Teams,,Inactive from September 2026,source_month_or_unspecified,unverified,https://www.vlr.gg/team/17945/mir
1427,https://www.vlr.gg/player/1427/redgar,fdf7df4ae2fb201158ac433fb2a76d04b0f5b0fdf0c7e2e8619885fa7ac3b80e,2026-10-06T15:58:58+00:00,9820,Oxuji,Past Teams,,joined in October 2025,source_month_or_unspecified,unverified,https://www.vlr.gg/team/9820/oxuji
1427,https://www.vlr.gg/player/1427/redgar,fdf7df4ae2fb201158ac433fb2a76d04b0f5b0fdf0c7e2e8619885fa7ac3b80e,2026-10-06T15:58:58+00:00,17213,no Tactic Team,Past Teams,,,source_month_or_unspecified,unverified,https://www.vlr.gg/team/17213/no-tactic-team
1427,https://www.vlr.gg/player/1427/redgar,fdf7df4ae2fb201158ac433fb2a76d04b0f5b0fdf0c7e2e8619885fa7ac3b80e,2026-10-06T15:58:58+00:00,14419,GIANTX,Past Teams,,Inactive from June 2024,source_month_or_unspecified,unverified,https://www.vlr.gg/team/14419/giantx
1427,https://www.vlr.gg/player/1427/redgar,fdf7df4ae2fb201158ac433fb2a76d04b0f5b0fdf0c7e2e8619885fa7ac3b80e,2026-10-06T15:58:58+00:00,2304,Giants Gaming,Past Teams,,October 2023 – December 2023,source_month_or_unspecified,unverified,https://www.vlr.gg/team/2304/giants-gaming
1427,https://www.vlr.gg/player/1427/redgar,fdf7df4ae2fb201158ac433fb2a76d04b0f5b0fdf0c7e2e8619885fa7ac3b80e,2026-10-06T15:58:58+00:00,474,Team Liquid,Past Teams,,November 2022 – October 2023,source_month_or_unspecified,unverified,https://www.vlr.gg/team/474/team-liquid
1427,https://www.vlr.gg/player/1427/redgar,fdf7df4ae2fb201158ac433fb2a76d04b0f5b0fdf0c7e2e8619885fa7ac3b80e,2026-10-06T15:58:58+00:00,8326,M3 Champions,Past Teams,,March 2022 – September 2022,source_month_or_unspecified,unverified,https://www.vlr.gg/team/8326/m3-champions
1427,https://www.vlr.gg/player/1427/redgar,fdf7df4ae2fb201158ac433fb2a76d04b0f5b0fdf0c7e2e8619885fa7ac3b80e,2026-10-06T15:58:58+00:00,682,Gambit Esports,Past Teams,,December 2020 – March 2022,source_month_or_unspecified,unverified,https://www.vlr.gg/team/682/gambit-esports
1427,https://www.vlr.gg/player/1427/redgar,fdf7df4ae2fb201158ac433fb2a76d04b0f5b0fdf0c7e2e8619885fa7ac3b80e,2026-10-06T15:58:58+00:00,2075,illusioń!,Past Teams,,,source_month_or_unspecified,unverified,https://www.vlr.gg/team/2075/illusio
1427,https://www.vlr.gg/player/1427/redgar,fdf7df4ae2fb201158ac433fb2a76d04b0f5b0fdf0c7e2e8619885fa7ac3b80e,2026-10-06T15:58:58+00:00,400,flawless,Past Teams,,September 2020 – December 2020,source_month_or_unspecified,unverified,https://www.vlr.gg/team/400/flawless
1427,https://www.vlr.gg/player/1427/redgar,fdf7df4ae2fb201158ac433fb2a76d04b0f5b0fdf0c7e2e8619885fa7ac3b80e,2026-10-06T15:58:58+00:00,385,team xz,Past Teams,,,source_month_or_unspecified,unverified,https://www.vlr.gg/team/385/team-xz
1428,https://www.vlr.gg/player/1428/sheydos,bfcad217bdf1884a9e516e4fb73c3acae3556c1f91cfa97ad18e5bbb88321690,2026-10-06T15:58:59+00:00,8877,Karmine Corp,Current Teams,,Inactive from March 2026,source_month_or_unspecified,unverified,https://www.vlr.gg/team/8877/karmine-corp
1428,https://www.vlr.gg/player/1428/sheydos,bfcad217bdf1884a9e516e4fb73c3acae3556c1f91cfa97ad18e5bbb88321690,2026-10-06T15:58:59+00:00,7035,KOI,Past Teams,,Inactive from May 2025,source_month_or_unspecified,unverified,https://www.vlr.gg/team/7035/koi
1428,https://www.vlr.gg/player/1428/sheydos,bfcad217bdf1884a9e516e4fb73c3acae3556c1f91cfa97ad18e5bbb88321690,2026-10-06T15:58:59+00:00,8326,M3 Champions,Past Teams,,March 2022 – September 2022,source_month_or_unspecified,unverified,https://www.vlr.gg/team/8326/m3-champions
1428,https://www.vlr.gg/player/1428/sheydos,bfcad217bdf1884a9e516e4fb73c3acae3556c1f91cfa97ad18e5bbb88321690,2026-10-06T15:58:59+00:00,682,Gambit Esports,Past Teams,,September 2020 – March 2022,source_month_or_unspecified,unverified,https://www.vlr.gg/team/682/gambit-esports
1428,https://www.vlr.gg/player/1428/sheydos,bfcad217bdf1884a9e516e4fb73c3acae3556c1f91cfa97ad18e5bbb88321690,2026-10-06T15:58:59+00:00,594,PartyPlayers,Past Teams,,August 2020 – August 2020,source_month_or_unspecified,unverified,https://www.vlr.gg/team/594/partyplayers
1428,https://www.vlr.gg/player/1428/sheydos,bfcad217bdf1884a9e516e4fb73c3acae3556c1f91cfa97ad18e5bbb88321690,2026-10-06T15:58:59+00:00,385,team xz,Past Teams,,,source_month_or_unspecified,unverified,https://www.vlr.gg/team/385/team-xz
1430,https://www.vlr.gg/player/1430/crazyguy,fde54bbe02538a43dd6a198a0b0eea9f1c614925c4567d2651afa5ce4ef1c4e2,2026-10-06T15:58:59+00:00,878,Rex Regum Qeon,Current Teams,,joined in March 2025,source_month_or_unspecified,unverified,https://www.vlr.gg/team/878/rex-regum-qeon
1430,https://www.vlr.gg/player/1430/crazyguy,fde54bbe02538a43dd6a198a0b0eea9f1c614925c4567d2651afa5ce4ef1c4e2,2026-10-06T15:58:59+00:00,17353,KIMMY KITTENS,Past Teams,,left in March 2025,source_month_or_unspecified,unverified,https://www.vlr.gg/team/17353/kimmy-kittens
1430,https://www.vlr.gg/player/1430/crazyguy,fde54bbe02538a43dd6a198a0b0eea9f1c614925c4567d2651afa5ce4ef1c4e2,2026-10-06T15:58:59+00:00,14773,Disguised,Past Teams,,November 2024 – January 2025,source_month_or_unspecified,unverified,https://www.vlr.gg/team/14773/disguised
1430,https://www.vlr.gg/player/1430/crazyguy,fde54bbe02538a43dd6a198a0b0eea9f1c614925c4567d2651afa5ce4ef1c4e2,2026-10-06T15:58:59+00:00,12119,Vietnam,Past Teams,,joined in March 2023,source_month_or_unspecified,unverified,https://www.vlr.gg/team/12119/vietnam
1430,https://www.vlr.gg/player/1430/crazyguy,fde54bbe02538a43dd6a198a0b0eea9f1c614925c4567d2651afa5ce4ef1c4e2,2026-10-06T15:58:59+00:00,6387,BLEED,Past Teams,,October 2022 – October 2024,source_month_or_unspecified,unverified,https://www.vlr.gg/team/6387/bleed
1430,https://www.vlr.gg/player/1430/crazyguy,fde54bbe02538a43dd6a198a0b0eea9f1c614925c4567d2651afa5ce4ef1c4e2,2026-10-06T15:58:59+00:00,6387,BLEED,Past Teams,stand-in,September 2022 – October 2022,source_month_or_unspecified,unverified,https://www.vlr.gg/team/6387/bleed
1430,https://www.vlr.gg/player/1430/crazyguy,fde54bbe02538a43dd6a198a0b0eea9f1c614925c4567d2651afa5ce4ef1c4e2,2026-10-06T15:58:59+00:00,6262,Nigma Galaxy,Past Teams,,November 2021 – July 2022,source_month_or_unspecified,unverified,https://www.vlr.gg/team/6262/nigma-galaxy
1430,https://www.vlr.gg/player/1430/crazyguy,fde54bbe02538a43dd6a198a0b0eea9f1c614925c4567d2651afa5ce4ef1c4e2,2026-10-06T15:58:59+00:00,5931,Team Big BAAM,Past Teams,,October 2020 – October 2021,source_month_or_unspecified,unverified,https://www.vlr.gg/team/5931/team-big-baam
1430,https://www.vlr.gg/player/1430/crazyguy,fde54bbe02538a43dd6a198a0b0eea9f1c614925c4567d2651afa5ce4ef1c4e2,2026-10-06T15:58:59+00:00,4326,Steal Your Glory,Past Teams,,left in July 2021,source_month_or_unspecified,unverified,https://www.vlr.gg/team/4326/steal-your-glory
1430,https://www.vlr.gg/player/1430/crazyguy,fde54bbe02538a43dd6a198a0b0eea9f1c614925c4567d2651afa5ce4ef1c4e2,2026-10-06T15:58:59+00:00,387,QQQ Hasagi,Past Teams,,,source_month_or_unspecified,unverified,https://www.vlr.gg/team/387/qqq-hasagi
1470,https://www.vlr.gg/player/1470/simond4rk,0b343f0ae343762928a48282fa5fb4c661e1f9123b39adc3a1ca05f67e5cbe8a,2026-10-06T15:59:00+00:00,23448,Sickrey VALORANT,Current Teams,,,source_month_or_unspecified,unverified,https://www.vlr.gg/team/23448/sickrey-valorant
1470,https://www.vlr.gg/player/1470/simond4rk,0b343f0ae343762928a48282fa5fb4c661e1f9123b39adc3a1ca05f67e5cbe8a,2026-10-06T15:59:00+00:00,23330,Magnit Market,Current Teams,,,source_month_or_unspecified,unverified,https://www.vlr.gg/team/23330/magnit-market
1470,https://www.vlr.gg/player/1470/simond4rk,0b343f0ae343762928a48282fa5fb4c661e1f9123b39adc3a1ca05f67e5cbe8a,2026-10-06T15:59:00+00:00,16598,AlQadsiah Esports,Past Teams,,,source_month_or_unspecified,unverified,https://www.vlr.gg/team/16598/alqadsiah-esports
1470,https://www.vlr.gg/player/1470/simond4rk,0b343f0ae343762928a48282fa5fb4c661e1f9123b39adc3a1ca05f67e5cbe8a,2026-10-06T15:59:00+00:00,9621,trashcan,Past Teams,,,source_month_or_unspecified,unverified,https://www.vlr.gg/team/9621/trashcan
1470,https://www.vlr.gg/player/1470/simond4rk,0b343f0ae343762928a48282fa5fb4c661e1f9123b39adc3a1ca05f67e5cbe8a,2026-10-06T15:59:00+00:00,17179,DNSTY,Past Teams,,joined in January 2025,source_month_or_unspecified,unverified,https://www.vlr.gg/team/17179/dnsty
1470,https://www.vlr.gg/player/1470/simond4rk,0b343f0ae343762928a48282fa5fb4c661e1f9123b39adc3a1ca05f67e5cbe8a,2026-10-06T15:59:00+00:00,15120,R8 Esports,Past Teams,,joined in February 2024,source_month_or_unspecified,unverified,https://www.vlr.gg/team/15120/r8-esports
1470,https://www.vlr.gg/player/1470/simond4rk,0b343f0ae343762928a48282fa5fb4c661e1f9123b39adc3a1ca05f67e5cbe8a,2026-10-06T15:59:00+00:00,11290,TBD,Past Teams,,,source_month_or_unspecified,unverified,https://www.vlr.gg/team/11290/tbd
1470,https://www.vlr.gg/player/1470/simond4rk,0b343f0ae343762928a48282fa5fb4c661e1f9123b39adc3a1ca05f67e5cbe8a,2026-10-06T15:59:00+00:00,324,Wave Esports,Past Teams,,November 2022 – January 2023,source_month_or_unspecified,unverified,https://www.vlr.gg/team/324/wave-esports
1470,https://www.vlr.gg/player/1470/simond4rk,0b343f0ae343762928a48282fa5fb4c661e1f9123b39adc3a1ca05f67e5cbe8a,2026-10-06T15:59:00+00:00,10023,BadConditions,Past Teams,,,source_month_or_unspecified,unverified,https://www.vlr.gg/team/10023/badconditions
1470,https://www.vlr.gg/player/1470/simond4rk,0b343f0ae343762928a48282fa5fb4c661e1f9123b39adc3a1ca05f67e5cbe8a,2026-10-06T15:59:00+00:00,6538,DSYRE,Past Teams,,Inactive from October 2022,source_month_or_unspecified,unverified,https://www.vlr.gg/team/6538/dsyre
1470,https://www.vlr.gg/player/1470/simond4rk,0b343f0ae343762928a48282fa5fb4c661e1f9123b39adc3a1ca05f67e5cbe8a,2026-10-06T15:59:00+00:00,967,5MOKES,Past Teams,,left in March 2022,source_month_or_unspecified,unverified,https://www.vlr.gg/team/967/5mokes
1470,https://www.vlr.gg/player/1470/simond4rk,0b343f0ae343762928a48282fa5fb4c661e1f9123b39adc3a1ca05f67e5cbe8a,2026-10-06T15:59:00+00:00,4527,SUPRMODE Gaming,Past Teams,,May 2021 – June 2021,source_month_or_unspecified,unverified,https://www.vlr.gg/team/4527/suprmode-gaming
1470,https://www.vlr.gg/player/1470/simond4rk,0b343f0ae343762928a48282fa5fb4c661e1f9123b39adc3a1ca05f67e5cbe8a,2026-10-06T15:59:00+00:00,488,tyeasy,Past Teams,,left in August 2021,source_month_or_unspecified,unverified,https://www.vlr.gg/team/488/tyeasy
1470,https://www.vlr.gg/player/1470/simond4rk,0b343f0ae343762928a48282fa5fb4c661e1f9123b39adc3a1ca05f67e5cbe8a,2026-10-06T15:59:00+00:00,2075,illusioń!,Past Teams,,,source_month_or_unspecified,unverified,https://www.vlr.gg/team/2075/illusio
1470,https://www.vlr.gg/player/1470/simond4rk,0b343f0ae343762928a48282fa5fb4c661e1f9123b39adc3a1ca05f67e5cbe8a,2026-10-06T15:59:00+00:00,400,flawless,Past Teams,,left in December 2020,source_month_or_unspecified,unverified,https://www.vlr.gg/team/400/flawless
1475,https://www.vlr.gg/player/1475/kamyk,ce30528fcc32b544cd71e19f5e8021538dff952eb36923af0246fedbd48dbf38,2026-10-06T15:59:00+00:00,11232,Joblife,Current Teams,,Inactive from September 2026,source_month_or_unspecified,unverified,https://www.vlr.gg/team/11232/joblife
1475,https://www.vlr.gg/player/1475/kamyk,ce30528fcc32b544cd71e19f5e8021538dff952eb36923af0246fedbd48dbf38,2026-10-06T15:59:00+00:00,12694,Gentle Mates,Past Teams,,March 2025 – October 2025,source_month_or_unspecified,unverified,https://www.vlr.gg/team/12694/gentle-mates
1475,https://www.vlr.gg/player/1475/kamyk,ce30528fcc32b544cd71e19f5e8021538dff952eb36923af0246fedbd48dbf38,2026-10-06T15:59:00+00:00,474,Team Liquid,Past Teams,,Inactive from March 2025,source_month_or_unspecified,unverified,https://www.vlr.gg/team/474/team-liquid
1475,https://www.vlr.gg/player/1475/kamyk,ce30528fcc32b544cd71e19f5e8021538dff952eb36923af0246fedbd48dbf38,2026-10-06T15:59:00+00:00,11232,Joblife,Past Teams,,December 2023 – September 2024,source_month_or_unspecified,unverified,https://www.vlr.gg/team/11232/joblife
1475,https://www.vlr.gg/player/1475/kamyk,ce30528fcc32b544cd71e19f5e8021538dff952eb36923af0246fedbd48dbf38,2026-10-06T15:59:00+00:00,13585,wowomg,Past Teams,,,source_month_or_unspecified,unverified,https://www.vlr.gg/team/13585/wowomg
1475,https://www.vlr.gg/player/1475/kamyk,ce30528fcc32b544cd71e19f5e8021538dff952eb36923af0246fedbd48dbf38,2026-10-06T15:59:00+00:00,2593,FNATIC,Past Teams,,Inactive from September 2023,source_month_or_unspecified,unverified,https://www.vlr.gg/team/2593/fnatic
1475,https://www.vlr.gg/player/1475/kamyk,ce30528fcc32b544cd71e19f5e8021538dff952eb36923af0246fedbd48dbf38,2026-10-06T15:59:00+00:00,4616,UCAM Esports Club,Past Teams,,Inactive from October 2022,source_month_or_unspecified,unverified,https://www.vlr.gg/team/4616/ucam-esports-club
1475,https://www.vlr.gg/player/1475/kamyk,ce30528fcc32b544cd71e19f5e8021538dff952eb36923af0246fedbd48dbf38,2026-10-06T15:59:00+00:00,6750,Rebels Gaming,Past Teams,,May 2022 – August 2022,source_month_or_unspecified,unverified,https://www.vlr.gg/team/6750/rebels-gaming
1475,https://www.vlr.gg/player/1475/kamyk,ce30528fcc32b544cd71e19f5e8021538dff952eb36923af0246fedbd48dbf38,2026-10-06T15:59:00+00:00,5441,Anonymo Esports,Past Teams,,January 2022 – April 2022,source_month_or_unspecified,unverified,https://www.vlr.gg/team/5441/anonymo-esports
1475,https://www.vlr.gg/player/1475/kamyk,ce30528fcc32b544cd71e19f5e8021538dff952eb36923af0246fedbd48dbf38,2026-10-06T15:59:00+00:00,2499,Movistar Riders,Past Teams,,January 2021 – December 2021,source_month_or_unspecified,unverified,https://www.vlr.gg/team/2499/movistar-riders
1475,https://www.vlr.gg/player/1475/kamyk,ce30528fcc32b544cd71e19f5e8021538dff952eb36923af0246fedbd48dbf38,2026-10-06T15:59:00+00:00,1420,DiaXmix,Past Teams,,,source_month_or_unspecified,unverified,https://www.vlr.gg/team/1420/diaxmix
1475,https://www.vlr.gg/player/1475/kamyk,ce30528fcc32b544cd71e19f5e8021538dff952eb36923af0246fedbd48dbf38,2026-10-06T15:59:00+00:00,1142,Nihil,Past Teams,,,source_month_or_unspecified,unverified,https://www.vlr.gg/team/1142/nihil
1475,https://www.vlr.gg/player/1475/kamyk,ce30528fcc32b544cd71e19f5e8021538dff952eb36923af0246fedbd48dbf38,2026-10-06T15:59:00+00:00,1012,avg25iq,Past Teams,,,source_month_or_unspecified,unverified,https://www.vlr.gg/team/1012/avg25iq
1475,https://www.vlr.gg/player/1475/kamyk,ce30528fcc32b544cd71e19f5e8021538dff952eb36923af0246fedbd48dbf38,2026-10-06T15:59:00+00:00,401,street's sentence,Past Teams,,,source_month_or_unspecified,unverified,https://www.vlr.gg/team/401/streets-sentence
1533,https://www.vlr.gg/player/1533/derrek,4881ace80ba79227a63ff5806246f09d6d82d0053cce01f4d5c5dd1ad0053db1,2026-10-06T15:59:01+00:00,23349,meowwwwwwwwwwwwwwww,Past Teams,,,source_month_or_unspecified,unverified,https://www.vlr.gg/team/23349/meowwwwwwwwwwwwwwww
1533,https://www.vlr.gg/player/1533/derrek,4881ace80ba79227a63ff5806246f09d6d82d0053cce01f4d5c5dd1ad0053db1,2026-10-06T15:59:01+00:00,6985,QoR,Past Teams,,March 2026 – July 2026,source_month_or_unspecified,unverified,https://www.vlr.gg/team/6985/qor
1533,https://www.vlr.gg/player/1533/derrek,4881ace80ba79227a63ff5806246f09d6d82d0053cce01f4d5c5dd1ad0053db1,2026-10-06T15:59:01+00:00,11001,M80,Past Teams,,January 2026 – March 2026,source_month_or_unspecified,unverified,https://www.vlr.gg/team/11001/m80
1533,https://www.vlr.gg/player/1533/derrek,4881ace80ba79227a63ff5806246f09d6d82d0053cce01f4d5c5dd1ad0053db1,2026-10-06T15:59:01+00:00,5248,Evil Geniuses,Past Teams,,Inactive from October 2025,source_month_or_unspecified,unverified,https://www.vlr.gg/team/5248/evil-geniuses
1533,https://www.vlr.gg/player/1533/derrek,4881ace80ba79227a63ff5806246f09d6d82d0053cce01f4d5c5dd1ad0053db1,2026-10-06T15:59:01+00:00,10344,Team Brax,Past Teams,,,source_month_or_unspecified,unverified,https://www.vlr.gg/team/10344/team-brax
1533,https://www.vlr.gg/player/1533/derrek,4881ace80ba79227a63ff5806246f09d6d82d0053cce01f4d5c5dd1ad0053db1,2026-10-06T15:59:01+00:00,120,100 Thieves,Past Teams,,April 2022 – September 2023,source_month_or_unspecified,unverified,https://www.vlr.gg/team/120/100-thieves
1533,https://www.vlr.gg/player/1533/derrek,4881ace80ba79227a63ff5806246f09d6d82d0053cce01f4d5c5dd1ad0053db1,2026-10-06T15:59:01+00:00,637,Rise,Past Teams,,April 2021 – April 2022,source_month_or_unspecified,unverified,https://www.vlr.gg/team/637/rise
1533,https://www.vlr.gg/player/1533/derrek,4881ace80ba79227a63ff5806246f09d6d82d0053cce01f4d5c5dd1ad0053db1,2026-10-06T15:59:01+00:00,3778,On The Way,Past Teams,,April 2021 – April 2021,source_month_or_unspecified,unverified,https://www.vlr.gg/team/3778/on-the-way
1533,https://www.vlr.gg/player/1533/derrek,4881ace80ba79227a63ff5806246f09d6d82d0053cce01f4d5c5dd1ad0053db1,2026-10-06T15:59:01+00:00,674,Spacestation Gaming,Past Teams,trial,March 2021 – April 2021,source_month_or_unspecified,unverified,https://www.vlr.gg/team/674/spacestation-gaming
1533,https://www.vlr.gg/player/1533/derrek,4881ace80ba79227a63ff5806246f09d6d82d0053cce01f4d5c5dd1ad0053db1,2026-10-06T15:59:01+00:00,2178,PROJEKT RADIANT,Past Teams,,December 2020 – January 2021,source_month_or_unspecified,unverified,https://www.vlr.gg/team/2178/projekt-radiant
1533,https://www.vlr.gg/player/1533/derrek,4881ace80ba79227a63ff5806246f09d6d82d0053cce01f4d5c5dd1ad0053db1,2026-10-06T15:59:01+00:00,993,Phoenix1,Past Teams,,August 2020 – December 2020,source_month_or_unspecified,unverified,https://www.vlr.gg/team/993/phoenix1
1533,https://www.vlr.gg/player/1533/derrek,4881ace80ba79227a63ff5806246f09d6d82d0053cce01f4d5c5dd1ad0053db1,2026-10-06T15:59:01+00:00,307,Triumph,Past Teams,,May 2020 – July 2020,source_month_or_unspecified,unverified,https://www.vlr.gg/team/307/triumph
1566,https://www.vlr.gg/player/1566/prozin,a83b864f506de4cacf93d574a1a63c5e7d6942d66329b4ac6a24b96c53b7f12f,2026-10-06T15:59:02+00:00,20741,Next,Current Teams,,,source_month_or_unspecified,unverified,https://www.vlr.gg/team/20741/next
1566,https://www.vlr.gg/player/1566/prozin,a83b864f506de4cacf93d574a1a63c5e7d6942d66329b4ac6a24b96c53b7f12f,2026-10-06T15:59:02+00:00,1124,RED Canids,Past Teams,,joined in May 2026,source_month_or_unspecified,unverified,https://www.vlr.gg/team/1124/red-canids
1566,https://www.vlr.gg/player/1566/prozin,a83b864f506de4cacf93d574a1a63c5e7d6942d66329b4ac6a24b96c53b7f12f,2026-10-06T15:59:02+00:00,1124,RED Canids,Past Teams,,joined in January 2025,source_month_or_unspecified,unverified,https://www.vlr.gg/team/1124/red-canids
1566,https://www.vlr.gg/player/1566/prozin,a83b864f506de4cacf93d574a1a63c5e7d6942d66329b4ac6a24b96c53b7f12f,2026-10-06T15:59:02+00:00,10755,Galorys,Past Teams,,November 2024 – December 2024,source_month_or_unspecified,unverified,https://www.vlr.gg/team/10755/galorys
1566,https://www.vlr.gg/player/1566/prozin,a83b864f506de4cacf93d574a1a63c5e7d6942d66329b4ac6a24b96c53b7f12f,2026-10-06T15:59:02+00:00,13919,Libertados,Past Teams,,,source_month_or_unspecified,unverified,https://www.vlr.gg/team/13919/libertados
1566,https://www.vlr.gg/player/1566/prozin,a83b864f506de4cacf93d574a1a63c5e7d6942d66329b4ac6a24b96c53b7f12f,2026-10-06T15:59:02+00:00,11909,Peito Infinity,Past Teams,,,source_month_or_unspecified,unverified,https://www.vlr.gg/team/11909/peito-infinity
1566,https://www.vlr.gg/player/1566/prozin,a83b864f506de4cacf93d574a1a63c5e7d6942d66329b4ac6a24b96c53b7f12f,2026-10-06T15:59:02+00:00,8267,Tuzzy E-Sports,Past Teams,,,source_month_or_unspecified,unverified,https://www.vlr.gg/team/8267/tuzzy-e-sports
1566,https://www.vlr.gg/player/1566/prozin,a83b864f506de4cacf93d574a1a63c5e7d6942d66329b4ac6a24b96c53b7f12f,2026-10-06T15:59:02+00:00,3512,Sharks Esports,Past Teams,,March 2021 – April 2022,source_month_or_unspecified,unverified,https://www.vlr.gg/team/3512/sharks-esports
1566,https://www.vlr.gg/player/1566/prozin,a83b864f506de4cacf93d574a1a63c5e7d6942d66329b4ac6a24b96c53b7f12f,2026-10-06T15:59:02+00:00,2440,Squad5,Past Teams,,left in March 2021,source_month_or_unspecified,unverified,https://www.vlr.gg/team/2440/squad5
1566,https://www.vlr.gg/player/1566/prozin,a83b864f506de4cacf93d574a1a63c5e7d6942d66329b4ac6a24b96c53b7f12f,2026-10-06T15:59:02+00:00,1124,RED Canids,Past Teams,,October 2020 – October 2025,source_month_or_unspecified,unverified,https://www.vlr.gg/team/1124/red-canids
1566,https://www.vlr.gg/player/1566/prozin,a83b864f506de4cacf93d574a1a63c5e7d6942d66329b4ac6a24b96c53b7f12f,2026-10-06T15:59:02+00:00,648,VIMDOLOL,Past Teams,,left in October 2020,source_month_or_unspecified,unverified,https://www.vlr.gg/team/648/vimdolol
1566,https://www.vlr.gg/player/1566/prozin,a83b864f506de4cacf93d574a1a63c5e7d6942d66329b4ac6a24b96c53b7f12f,2026-10-06T15:59:02+00:00,417,Black Dragons,Past Teams,,left in August 2020,source_month_or_unspecified,unverified,https://www.vlr.gg/team/417/black-dragons
1575,https://www.vlr.gg/player/1575/qck,47536569d49073bd6f1aa5f5f4ccf4edf024b36549e95f758023dda04816310a,2026-10-06T15:59:02+00:00,15072,2Game Esports,Past Teams,,November 2025 – September 2026,source_month_or_unspecified,unverified,https://www.vlr.gg/team/15072/2game-esports
1575,https://www.vlr.gg/player/1575/qck,47536569d49073bd6f1aa5f5f4ccf4edf024b36549e95f758023dda04816310a,2026-10-06T15:59:02+00:00,7332,Los Grandes,Past Teams,,joined in February 2025,source_month_or_unspecified,unverified,https://www.vlr.gg/team/7332/los-grandes
1575,https://www.vlr.gg/player/1575/qck,47536569d49073bd6f1aa5f5f4ccf4edf024b36549e95f758023dda04816310a,2026-10-06T15:59:02+00:00,6961,LOUD,Past Teams,,Inactive from May 2024,source_month_or_unspecified,unverified,https://www.vlr.gg/team/6961/loud
1575,https://www.vlr.gg/player/1575/qck,47536569d49073bd6f1aa5f5f4ccf4edf024b36549e95f758023dda04816310a,2026-10-06T15:59:02+00:00,2406,FURIA,Past Teams,,January 2021 – August 2023,source_month_or_unspecified,unverified,https://www.vlr.gg/team/2406/furia
1575,https://www.vlr.gg/player/1575/qck,47536569d49073bd6f1aa5f5f4ccf4edf024b36549e95f758023dda04816310a,2026-10-06T15:59:02+00:00,249,Falkol eSports,Past Teams,,left in December 2020,source_month_or_unspecified,unverified,https://www.vlr.gg/team/249/falkol-esports
1575,https://www.vlr.gg/player/1575/qck,47536569d49073bd6f1aa5f5f4ccf4edf024b36549e95f758023dda04816310a,2026-10-06T15:59:02+00:00,425,Team oNe,Past Teams,,July 2020 – October 2020,source_month_or_unspecified,unverified,https://www.vlr.gg/team/425/team-one
1575,https://www.vlr.gg/player/1575/qck,47536569d49073bd6f1aa5f5f4ccf4edf024b36549e95f758023dda04816310a,2026-10-06T15:59:02+00:00,422,NOTRAB,Past Teams,,left in July 2020,source_month_or_unspecified,unverified,https://www.vlr.gg/team/422/notrab
1618,https://www.vlr.gg/player/1618/spyzera,4e92655e841902853fbc021d9022aaeb3a63a2f9e95521619423e04a3f4e6bcb,2026-10-06T15:59:03+00:00,22820,Lebanon,Past Teams,,joined in June 2026,source_month_or_unspecified,unverified,https://www.vlr.gg/team/22820/lebanon
1618,https://www.vlr.gg/player/1618/spyzera,4e92655e841902853fbc021d9022aaeb3a63a2f9e95521619423e04a3f4e6bcb,2026-10-06T15:59:03+00:00,16598,AlQadsiah Esports,Past Teams,,,source_month_or_unspecified,unverified,https://www.vlr.gg/team/16598/alqadsiah-esports
1618,https://www.vlr.gg/player/1618/spyzera,4e92655e841902853fbc021d9022aaeb3a63a2f9e95521619423e04a3f4e6bcb,2026-10-06T15:59:03+00:00,1458,The Ultimates,Past Teams,,August 2024 – September 2025,source_month_or_unspecified,unverified,https://www.vlr.gg/team/1458/the-ultimates
1618,https://www.vlr.gg/player/1618/spyzera,4e92655e841902853fbc021d9022aaeb3a63a2f9e95521619423e04a3f4e6bcb,2026-10-06T15:59:03+00:00,7969,Team Falcons,Past Teams,,January 2022 – August 2024,source_month_or_unspecified,unverified,https://www.vlr.gg/team/7969/team-falcons
1618,https://www.vlr.gg/player/1618/spyzera,4e92655e841902853fbc021d9022aaeb3a63a2f9e95521619423e04a3f4e6bcb,2026-10-06T15:59:03+00:00,1470,NASR Esports,Past Teams,,November 2020 – January 2022,source_month_or_unspecified,unverified,https://www.vlr.gg/team/1470/nasr-esports
1618,https://www.vlr.gg/player/1618/spyzera,4e92655e841902853fbc021d9022aaeb3a63a2f9e95521619423e04a3f4e6bcb,2026-10-06T15:59:03+00:00,440,BigBrainDOGS,Past Teams,,,source_month_or_unspecified,unverified,https://www.vlr.gg/team/440/bigbraindogs
1743,https://www.vlr.gg/player/1743/blazek1ng,b5f1159add3c25074ff0e100b7b531d7e247249d8558d7cd65c1301aa8264778,2026-10-06T15:59:03+00:00,918,Global Esports,Past Teams,,Inactive from August 2024,source_month_or_unspecified,unverified,https://www.vlr.gg/team/918/global-esports
1743,https://www.vlr.gg/player/1743/blazek1ng,b5f1159add3c25074ff0e100b7b531d7e247249d8558d7cd65c1301aa8264778,2026-10-06T15:59:03+00:00,466,BOOM Esports,Past Teams,,Inactive from August 2023,source_month_or_unspecified,unverified,https://www.vlr.gg/team/466/boom-esports
1818,https://www.vlr.gg/player/1818/tex,18434e97779c32cb4153bf600f420cca649715d22ccffaba4bbc4e9d746f2634,2026-10-06T15:59:04+00:00,7386,MIBR,Current Teams,,Inactive from September 2026,source_month_or_unspecified,unverified,https://www.vlr.gg/team/7386/mibr
1818,https://www.vlr.gg/player/1818/tex,18434e97779c32cb4153bf600f420cca649715d22ccffaba4bbc4e9d746f2634,2026-10-06T15:59:04+00:00,22847,Germany,Past Teams,,joined in June 2026,source_month_or_unspecified,unverified,https://www.vlr.gg/team/22847/germany
1818,https://www.vlr.gg/player/1818/tex,18434e97779c32cb4153bf600f420cca649715d22ccffaba4bbc4e9d746f2634,2026-10-06T15:59:04+00:00,2359,LEVIATÁN,Past Teams,,Inactive from September 2025,source_month_or_unspecified,unverified,https://www.vlr.gg/team/2359/leviat-n
1818,https://www.vlr.gg/player/1818/tex,18434e97779c32cb4153bf600f420cca649715d22ccffaba4bbc4e9d746f2634,2026-10-06T15:59:04+00:00,6675,The Guard,Past Teams,,January 2023 – August 2023,source_month_or_unspecified,unverified,https://www.vlr.gg/team/6675/the-guard
1818,https://www.vlr.gg/player/1818/tex,18434e97779c32cb4153bf600f420cca649715d22ccffaba4bbc4e9d746f2634,2026-10-06T15:59:04+00:00,10343,Team Shanks,Past Teams,,,source_month_or_unspecified,unverified,https://www.vlr.gg/team/10343/team-shanks
1818,https://www.vlr.gg/player/1818/tex,18434e97779c32cb4153bf600f420cca649715d22ccffaba4bbc4e9d746f2634,2026-10-06T15:59:04+00:00,1034,NRG,Past Teams,,March 2021 – September 2022,source_month_or_unspecified,unverified,https://www.vlr.gg/team/1034/nrg
1818,https://www.vlr.gg/player/1818/tex,18434e97779c32cb4153bf600f420cca649715d22ccffaba4bbc4e9d746f2634,2026-10-06T15:59:04+00:00,1152,Equinox Esports,Past Teams,,January 2021 – March 2021,source_month_or_unspecified,unverified,https://www.vlr.gg/team/1152/equinox-esports
1818,https://www.vlr.gg/player/1818/tex,18434e97779c32cb4153bf600f420cca649715d22ccffaba4bbc4e9d746f2634,2026-10-06T15:59:04+00:00,1655,Proven,Past Teams,,left in November 2020,source_month_or_unspecified,unverified,https://www.vlr.gg/team/1655/proven
1818,https://www.vlr.gg/player/1818/tex,18434e97779c32cb4153bf600f420cca649715d22ccffaba4bbc4e9d746f2634,2026-10-06T15:59:04+00:00,630,Adaptation,Past Teams,,August 2020 – August 2020,source_month_or_unspecified,unverified,https://www.vlr.gg/team/630/adaptation
1818,https://www.vlr.gg/player/1818/tex,18434e97779c32cb4153bf600f420cca649715d22ccffaba4bbc4e9d746f2634,2026-10-06T15:59:04+00:00,15,Prospects,Past Teams,,July 2020 – July 2020,source_month_or_unspecified,unverified,https://www.vlr.gg/team/15/prospects
1885,https://www.vlr.gg/player/1885/purp0,439d3b77065c6e90cac7e745f7dbac9dbe08b4486c9708340d58d10cd109c244,2026-10-06T15:59:05+00:00,474,Team Liquid,Current Teams,,Inactive from September 2026,source_month_or_unspecified,unverified,https://www.vlr.gg/team/474/team-liquid
1885,https://www.vlr.gg/player/1885/purp0,439d3b77065c6e90cac7e745f7dbac9dbe08b4486c9708340d58d10cd109c244,2026-10-06T15:59:05+00:00,11232,Joblife,Past Teams,,June 2025 – December 2025,source_month_or_unspecified,unverified,https://www.vlr.gg/team/11232/joblife
1885,https://www.vlr.gg/player/1885/purp0,439d3b77065c6e90cac7e745f7dbac9dbe08b4486c9708340d58d10cd109c244,2026-10-06T15:59:05+00:00,14419,GIANTX,Past Teams,,April 2024 – June 2025,source_month_or_unspecified,unverified,https://www.vlr.gg/team/14419/giantx
1885,https://www.vlr.gg/player/1885/purp0,439d3b77065c6e90cac7e745f7dbac9dbe08b4486c9708340d58d10cd109c244,2026-10-06T15:59:05+00:00,6313,KPI Gaming,Past Teams,,September 2023 – March 2024,source_month_or_unspecified,unverified,https://www.vlr.gg/team/6313/kpi-gaming
1885,https://www.vlr.gg/player/1885/purp0,439d3b77065c6e90cac7e745f7dbac9dbe08b4486c9708340d58d10cd109c244,2026-10-06T15:59:05+00:00,6882,FOKUS,Past Teams,,Inactive from March 2023,source_month_or_unspecified,unverified,https://www.vlr.gg/team/6882/fokus
1885,https://www.vlr.gg/player/1885/purp0,439d3b77065c6e90cac7e745f7dbac9dbe08b4486c9708340d58d10cd109c244,2026-10-06T15:59:05+00:00,8326,M3 Champions,Past Teams,,August 2022 – September 2022,source_month_or_unspecified,unverified,https://www.vlr.gg/team/8326/m3-champions
1885,https://www.vlr.gg/player/1885/purp0,439d3b77065c6e90cac7e745f7dbac9dbe08b4486c9708340d58d10cd109c244,2026-10-06T15:59:05+00:00,8130,XPLDZ,Past Teams,,Inactive from July 2022,source_month_or_unspecified,unverified,https://www.vlr.gg/team/8130/xpldz
1885,https://www.vlr.gg/player/1885/purp0,439d3b77065c6e90cac7e745f7dbac9dbe08b4486c9708340d58d10cd109c244,2026-10-06T15:59:05+00:00,7243,B8 Esports,Past Teams,,,source_month_or_unspecified,unverified,https://www.vlr.gg/team/7243/b8-esports
1885,https://www.vlr.gg/player/1885/purp0,439d3b77065c6e90cac7e745f7dbac9dbe08b4486c9708340d58d10cd109c244,2026-10-06T15:59:05+00:00,110,FishkaVTom,Past Teams,,joined in October 2021,source_month_or_unspecified,unverified,https://www.vlr.gg/team/110/fishkavtom
1885,https://www.vlr.gg/player/1885/purp0,439d3b77065c6e90cac7e745f7dbac9dbe08b4486c9708340d58d10cd109c244,2026-10-06T15:59:05+00:00,3799,Moscow Five jr,Past Teams,,,source_month_or_unspecified,unverified,https://www.vlr.gg/team/3799/moscow-five-jr
1885,https://www.vlr.gg/player/1885/purp0,439d3b77065c6e90cac7e745f7dbac9dbe08b4486c9708340d58d10cd109c244,2026-10-06T15:59:05+00:00,2239,HESOYAM,Past Teams,,left in January 2021,source_month_or_unspecified,unverified,https://www.vlr.gg/team/2239/hesoyam
1885,https://www.vlr.gg/player/1885/purp0,439d3b77065c6e90cac7e745f7dbac9dbe08b4486c9708340d58d10cd109c244,2026-10-06T15:59:05+00:00,1151,Team Empire,Past Teams,,October 2020 – December 2020,source_month_or_unspecified,unverified,https://www.vlr.gg/team/1151/team-empire
1885,https://www.vlr.gg/player/1885/purp0,439d3b77065c6e90cac7e745f7dbac9dbe08b4486c9708340d58d10cd109c244,2026-10-06T15:59:05+00:00,1018,Rebels,Past Teams,,left in October 2020,source_month_or_unspecified,unverified,https://www.vlr.gg/team/1018/rebels
1885,https://www.vlr.gg/player/1885/purp0,439d3b77065c6e90cac7e745f7dbac9dbe08b4486c9708340d58d10cd109c244,2026-10-06T15:59:05+00:00,491,mercenaries,Past Teams,,joined in July 2020,source_month_or_unspecified,unverified,https://www.vlr.gg/team/491/mercenaries
1916,https://www.vlr.gg/player/1916/free1ng,e3cdc53b945c7a98992b505cbdd0ce39a450409181f3c9b3cf25da8c2c4e8376,2026-10-06T15:59:05+00:00,8185,KIWOOM DRX,Current Teams,,joined in October 2024,source_month_or_unspecified,unverified,https://www.vlr.gg/team/8185/kiwoom-drx
1916,https://www.vlr.gg/player/1916/free1ng,e3cdc53b945c7a98992b505cbdd0ce39a450409181f3c9b3cf25da8c2c4e8376,2026-10-06T15:59:05+00:00,20188,DRX Spotlight,Past Teams,,October 2025 – November 2025,source_month_or_unspecified,unverified,https://www.vlr.gg/team/20188/drx-spotlight
1916,https://www.vlr.gg/player/1916/free1ng,e3cdc53b945c7a98992b505cbdd0ce39a450409181f3c9b3cf25da8c2c4e8376,2026-10-06T15:59:05+00:00,11985,Rare Atom,Past Teams,,left in October 2024,source_month_or_unspecified,unverified,https://www.vlr.gg/team/11985/rare-atom
1916,https://www.vlr.gg/player/1916/free1ng,e3cdc53b945c7a98992b505cbdd0ce39a450409181f3c9b3cf25da8c2c4e8376,2026-10-06T15:59:05+00:00,11348,Dplus Esports,Past Teams,,October 2023 – August 2024,source_month_or_unspecified,unverified,https://www.vlr.gg/team/11348/dplus-esports
1916,https://www.vlr.gg/player/1916/free1ng,e3cdc53b945c7a98992b505cbdd0ce39a450409181f3c9b3cf25da8c2c4e8376,2026-10-06T15:59:05+00:00,6619,KGA,Past Teams,,,source_month_or_unspecified,unverified,https://www.vlr.gg/team/6619/kga
1916,https://www.vlr.gg/player/1916/free1ng,e3cdc53b945c7a98992b505cbdd0ce39a450409181f3c9b3cf25da8c2c4e8376,2026-10-06T15:59:05+00:00,1057,aNg DarkHorse,Past Teams,,left in December 2020,source_month_or_unspecified,unverified,https://www.vlr.gg/team/1057/ang-darkhorse
1960,https://www.vlr.gg/player/1960/eko,762bd3cb4d76456ab4d51844e566c4e375b52a8e92efa05c87a253ce71d86943,2026-10-06T15:59:06+00:00,5448,ZETA DIVISION,Current Teams,,joined in November 2025,source_month_or_unspecified,unverified,https://www.vlr.gg/team/5448/zeta-division
1960,https://www.vlr.gg/player/1960/eko,762bd3cb4d76456ab4d51844e566c4e375b52a8e92efa05c87a253ce71d86943,2026-10-06T15:59:06+00:00,14383,NOEZ FOXX,Past Teams,,March 2024 – November 2025,source_month_or_unspecified,unverified,https://www.vlr.gg/team/14383/noez-foxx
1960,https://www.vlr.gg/player/1960/eko,762bd3cb4d76456ab4d51844e566c4e375b52a8e92efa05c87a253ce71d86943,2026-10-06T15:59:06+00:00,5448,ZETA DIVISION,Past Teams,stand-in,November 2025 – November 2025,source_month_or_unspecified,unverified,https://www.vlr.gg/team/5448/zeta-division
1960,https://www.vlr.gg/player/1960/eko,762bd3cb4d76456ab4d51844e566c4e375b52a8e92efa05c87a253ce71d86943,2026-10-06T15:59:06+00:00,13532,TOP Esports,Past Teams,,left in January 2024,source_month_or_unspecified,unverified,https://www.vlr.gg/team/13532/top-esports
1960,https://www.vlr.gg/player/1960/eko,762bd3cb4d76456ab4d51844e566c4e375b52a8e92efa05c87a253ce71d86943,2026-10-06T15:59:06+00:00,17,Gen.G,Past Teams,,October 2022 – September 2023,source_month_or_unspecified,unverified,https://www.vlr.gg/team/17/gen-g
1960,https://www.vlr.gg/player/1960/eko,762bd3cb4d76456ab4d51844e566c4e375b52a8e92efa05c87a253ce71d86943,2026-10-06T15:59:06+00:00,6798,REIGNITE,Past Teams,,Inactive from July 2022,source_month_or_unspecified,unverified,https://www.vlr.gg/team/6798/reignite
1960,https://www.vlr.gg/player/1960/eko,762bd3cb4d76456ab4d51844e566c4e375b52a8e92efa05c87a253ce71d86943,2026-10-06T15:59:06+00:00,8182,Incheon On Sla2ers,Past Teams,stand-in,July 2022 – September 2022,source_month_or_unspecified,unverified,https://www.vlr.gg/team/8182/incheon-on-sla2ers
1960,https://www.vlr.gg/player/1960/eko,762bd3cb4d76456ab4d51844e566c4e375b52a8e92efa05c87a253ce71d86943,2026-10-06T15:59:06+00:00,6620,iCEGunmandu,Past Teams,,,source_month_or_unspecified,unverified,https://www.vlr.gg/team/6620/icegunmandu
1960,https://www.vlr.gg/player/1960/eko,762bd3cb4d76456ab4d51844e566c4e375b52a8e92efa05c87a253ce71d86943,2026-10-06T15:59:06+00:00,1970,TNL Esports,Past Teams,,November 2020 – September 2021,source_month_or_unspecified,unverified,https://www.vlr.gg/team/1970/tnl-esports
1960,https://www.vlr.gg/player/1960/eko,762bd3cb4d76456ab4d51844e566c4e375b52a8e92efa05c87a253ce71d86943,2026-10-06T15:59:06+00:00,261,Quantum Strikers,Past Teams,,October 2020 – November 2020,source_month_or_unspecified,unverified,https://www.vlr.gg/team/261/quantum-strikers
1960,https://www.vlr.gg/player/1960/eko,762bd3cb4d76456ab4d51844e566c4e375b52a8e92efa05c87a253ce71d86943,2026-10-06T15:59:06+00:00,510,No Mercy,Past Teams,,left in October 2020,source_month_or_unspecified,unverified,https://www.vlr.gg/team/510/no-mercy
1970,https://www.vlr.gg/player/1970/neth,b2613a73d39a1019347850dfe10878498eae059b29d555043b9ba76b9b7674a7,2026-10-06T15:59:06+00:00,2934,FENNEL,Past Teams,,Inactive from November 2025,source_month_or_unspecified,unverified,https://www.vlr.gg/team/2934/fennel
1970,https://www.vlr.gg/player/1970/neth,b2613a73d39a1019347850dfe10878498eae059b29d555043b9ba76b9b7674a7,2026-10-06T15:59:06+00:00,278,DetonatioN FocusMe,Past Teams,,Inactive from October 2024,source_month_or_unspecified,unverified,https://www.vlr.gg/team/278/detonation-focusme
1970,https://www.vlr.gg/player/1970/neth,b2613a73d39a1019347850dfe10878498eae059b29d555043b9ba76b9b7674a7,2026-10-06T15:59:06+00:00,11214,Pro Players,Past Teams,,,source_month_or_unspecified,unverified,https://www.vlr.gg/team/11214/pro-players
1970,https://www.vlr.gg/player/1970/neth,b2613a73d39a1019347850dfe10878498eae059b29d555043b9ba76b9b7674a7,2026-10-06T15:59:06+00:00,277,Crazy Raccoon,Past Teams,,September 2020 – November 2023,source_month_or_unspecified,unverified,https://www.vlr.gg/team/277/crazy-raccoon
1970,https://www.vlr.gg/player/1970/neth,b2613a73d39a1019347850dfe10878498eae059b29d555043b9ba76b9b7674a7,2026-10-06T15:59:06+00:00,513,BlackBird Ignis,Past Teams,,left in August 2020,source_month_or_unspecified,unverified,https://www.vlr.gg/team/513/blackbird-ignis
2149,https://www.vlr.gg/player/2149/c1nder,fbd9272847394899be57a869a72012625c4081eb339798c7cfeda8d6912f634e,2026-10-06T15:59:07+00:00,11229,VARREL,Current Teams,,joined in December 2025,source_month_or_unspecified,unverified,https://www.vlr.gg/team/11229/varrel
2149,https://www.vlr.gg/player/2149/c1nder,fbd9272847394899be57a869a72012625c4081eb339798c7cfeda8d6912f634e,2026-10-06T15:59:07+00:00,12446,SLT Seongnam,Past Teams,,October 2024 – December 2025,source_month_or_unspecified,unverified,https://www.vlr.gg/team/12446/slt-seongnam
2149,https://www.vlr.gg/player/2149/c1nder,fbd9272847394899be57a869a72012625c4081eb339798c7cfeda8d6912f634e,2026-10-06T15:59:07+00:00,6798,REIGNITE,Past Teams,,December 2023 – February 2024,source_month_or_unspecified,unverified,https://www.vlr.gg/team/6798/reignite
2149,https://www.vlr.gg/player/2149/c1nder,fbd9272847394899be57a869a72012625c4081eb339798c7cfeda8d6912f634e,2026-10-06T15:59:07+00:00,6798,REIGNITE,Past Teams,stand-in,joined in September 2023,source_month_or_unspecified,unverified,https://www.vlr.gg/team/6798/reignite
2149,https://www.vlr.gg/player/2149/c1nder,fbd9272847394899be57a869a72012625c4081eb339798c7cfeda8d6912f634e,2026-10-06T15:59:07+00:00,8866,Good 8 Squad,Past Teams,,March 2023 – March 2023,source_month_or_unspecified,unverified,https://www.vlr.gg/team/8866/good-8-squad
2149,https://www.vlr.gg/player/2149/c1nder,fbd9272847394899be57a869a72012625c4081eb339798c7cfeda8d6912f634e,2026-10-06T15:59:07+00:00,8866,Good 8 Squad,Past Teams,,left in February 2023,source_month_or_unspecified,unverified,https://www.vlr.gg/team/8866/good-8-squad
2149,https://www.vlr.gg/player/2149/c1nder,fbd9272847394899be57a869a72012625c4081eb339798c7cfeda8d6912f634e,2026-10-06T15:59:07+00:00,6621,Wyvern,Past Teams,,,source_month_or_unspecified,unverified,https://www.vlr.gg/team/6621/wyvern
2149,https://www.vlr.gg/player/2149/c1nder,fbd9272847394899be57a869a72012625c4081eb339798c7cfeda8d6912f634e,2026-10-06T15:59:07+00:00,282,SCARZ,Past Teams,stand-in,April 2021 – May 2022,source_month_or_unspecified,unverified,https://www.vlr.gg/team/282/scarz
2149,https://www.vlr.gg/player/2149/c1nder,fbd9272847394899be57a869a72012625c4081eb339798c7cfeda8d6912f634e,2026-10-06T15:59:07+00:00,3314,Hamtories,Past Teams,,left in March 2021,source_month_or_unspecified,unverified,https://www.vlr.gg/team/3314/hamtories
2149,https://www.vlr.gg/player/2149/c1nder,fbd9272847394899be57a869a72012625c4081eb339798c7cfeda8d6912f634e,2026-10-06T15:59:07+00:00,2546,Hamtori ZunDeZinx,Past Teams,,,source_month_or_unspecified,unverified,https://www.vlr.gg/team/2546/hamtori-zundezinx
2149,https://www.vlr.gg/player/2149/c1nder,fbd9272847394899be57a869a72012625c4081eb339798c7cfeda8d6912f634e,2026-10-06T15:59:07+00:00,508,Crazy Hamster,Past Teams,,left in January 2021,source_month_or_unspecified,unverified,https://www.vlr.gg/team/508/crazy-hamster
2149,https://www.vlr.gg/player/2149/c1nder,fbd9272847394899be57a869a72012625c4081eb339798c7cfeda8d6912f634e,2026-10-06T15:59:07+00:00,210,MaD,Past Teams,,left in August 2020,source_month_or_unspecified,unverified,https://www.vlr.gg/team/210/mad
2164,https://www.vlr.gg/player/2164/paincakes,b961f08fb9657a25c7588f74b9355d4585dfa35dcf4c890faf471157e6c5ef56,2026-10-06T15:59:08+00:00,5248,Evil Geniuses,Current Teams,,joined in May 2026,source_month_or_unspecified,unverified,https://www.vlr.gg/team/5248/evil-geniuses
2164,https://www.vlr.gg/player/2164/paincakes,b961f08fb9657a25c7588f74b9355d4585dfa35dcf4c890faf471157e6c5ef56,2026-10-06T15:59:08+00:00,21054,Evil Geniuses Academy,Past Teams,,January 2026 – May 2026,source_month_or_unspecified,unverified,https://www.vlr.gg/team/21054/evil-geniuses-academy
2164,https://www.vlr.gg/player/2164/paincakes,b961f08fb9657a25c7588f74b9355d4585dfa35dcf4c890faf471157e6c5ef56,2026-10-06T15:59:08+00:00,9353,Shopify Rebellion Black,Past Teams,,January 2025 – September 2025,source_month_or_unspecified,unverified,https://www.vlr.gg/team/9353/shopify-rebellion-black
2164,https://www.vlr.gg/player/2164/paincakes,b961f08fb9657a25c7588f74b9355d4585dfa35dcf4c890faf471157e6c5ef56,2026-10-06T15:59:08+00:00,13188,Moist x Shopify,Past Teams,,November 2024 – January 2025,source_month_or_unspecified,unverified,https://www.vlr.gg/team/13188/moist-x-shopify
2164,https://www.vlr.gg/player/2164/paincakes,b961f08fb9657a25c7588f74b9355d4585dfa35dcf4c890faf471157e6c5ef56,2026-10-06T15:59:08+00:00,15606,FLUFFY AIMERS,Past Teams,,joined in May 2024,source_month_or_unspecified,unverified,https://www.vlr.gg/team/15606/fluffy-aimers
2164,https://www.vlr.gg/player/2164/paincakes,b961f08fb9657a25c7588f74b9355d4585dfa35dcf4c890faf471157e6c5ef56,2026-10-06T15:59:08+00:00,15011,Together We Are Terrific,Past Teams,,left in April 2024,source_month_or_unspecified,unverified,https://www.vlr.gg/team/15011/together-we-are-terrific
2164,https://www.vlr.gg/player/2164/paincakes,b961f08fb9657a25c7588f74b9355d4585dfa35dcf4c890faf471157e6c5ef56,2026-10-06T15:59:08+00:00,11329,OREsports,Past Teams,,April 2023 – December 2023,source_month_or_unspecified,unverified,https://www.vlr.gg/team/11329/oresports
2164,https://www.vlr.gg/player/2164/paincakes,b961f08fb9657a25c7588f74b9355d4585dfa35dcf4c890faf471157e6c5ef56,2026-10-06T15:59:08+00:00,9477,City Boys,Past Teams,,July 2022 – January 2023,source_month_or_unspecified,unverified,https://www.vlr.gg/team/9477/city-boys
2164,https://www.vlr.gg/player/2164/paincakes,b961f08fb9657a25c7588f74b9355d4585dfa35dcf4c890faf471157e6c5ef56,2026-10-06T15:59:08+00:00,6461,Akrew,Past Teams,,December 2021 – July 2022,source_month_or_unspecified,unverified,https://www.vlr.gg/team/6461/akrew
2164,https://www.vlr.gg/player/2164/paincakes,b961f08fb9657a25c7588f74b9355d4585dfa35dcf4c890faf471157e6c5ef56,2026-10-06T15:59:08+00:00,5251,ez5,Past Teams,,June 2021 – October 2021,source_month_or_unspecified,unverified,https://www.vlr.gg/team/5251/ez5
2164,https://www.vlr.gg/player/2164/paincakes,b961f08fb9657a25c7588f74b9355d4585dfa35dcf4c890faf471157e6c5ef56,2026-10-06T15:59:08+00:00,3785,cute fat boys,Past Teams,,,source_month_or_unspecified,unverified,https://www.vlr.gg/team/3785/cute-fat-boys
2164,https://www.vlr.gg/player/2164/paincakes,b961f08fb9657a25c7588f74b9355d4585dfa35dcf4c890faf471157e6c5ef56,2026-10-06T15:59:08+00:00,1152,Equinox Esports,Past Teams,,October 2020 – March 2021,source_month_or_unspecified,unverified,https://www.vlr.gg/team/1152/equinox-esports
2164,https://www.vlr.gg/player/2164/paincakes,b961f08fb9657a25c7588f74b9355d4585dfa35dcf4c890faf471157e6c5ef56,2026-10-06T15:59:08+00:00,216,China Nguyen,Past Teams,,July 2020 – October 2020,source_month_or_unspecified,unverified,https://www.vlr.gg/team/216/china-nguyen
2168,https://www.vlr.gg/player/2168/trexx,e7fb86c9564cf6d836f1528341dc932511a0f247171d2bda3f851b5165f380aa,2026-10-06T15:59:08+00:00,474,Team Liquid,Current Teams,,joined in June 2026,source_month_or_unspecified,unverified,https://www.vlr.gg/team/474/team-liquid
2168,https://www.vlr.gg/player/2168/trexx,e7fb86c9564cf6d836f1528341dc932511a0f247171d2bda3f851b5165f380aa,2026-10-06T15:59:08+00:00,474,Team Liquid,Past Teams,,Inactive from October 2025,source_month_or_unspecified,unverified,https://www.vlr.gg/team/474/team-liquid
2168,https://www.vlr.gg/player/2168/trexx,e7fb86c9564cf6d836f1528341dc932511a0f247171d2bda3f851b5165f380aa,2026-10-06T15:59:08+00:00,2059,Team Vitality,Past Teams,,Inactive from March 2025,source_month_or_unspecified,unverified,https://www.vlr.gg/team/2059/team-vitality
2168,https://www.vlr.gg/player/2168/trexx,e7fb86c9564cf6d836f1528341dc932511a0f247171d2bda3f851b5165f380aa,2026-10-06T15:59:08+00:00,7035,KOI,Past Teams,,December 2022 – January 2024,source_month_or_unspecified,unverified,https://www.vlr.gg/team/7035/koi
2168,https://www.vlr.gg/player/2168/trexx,e7fb86c9564cf6d836f1528341dc932511a0f247171d2bda3f851b5165f380aa,2026-10-06T15:59:08+00:00,1209,Guild Esports,Past Teams,,January 2022 – September 2022,source_month_or_unspecified,unverified,https://www.vlr.gg/team/1209/guild-esports
2168,https://www.vlr.gg/player/2168/trexx,e7fb86c9564cf6d836f1528341dc932511a0f247171d2bda3f851b5165f380aa,2026-10-06T15:59:08+00:00,2965,OG,Past Teams,,June 2021 – August 2021,source_month_or_unspecified,unverified,https://www.vlr.gg/team/2965/og
2168,https://www.vlr.gg/player/2168/trexx,e7fb86c9564cf6d836f1528341dc932511a0f247171d2bda3f851b5165f380aa,2026-10-06T15:59:08+00:00,2562,HONK,Past Teams,,January 2021 – May 2021,source_month_or_unspecified,unverified,https://www.vlr.gg/team/2562/honk
2168,https://www.vlr.gg/player/2168/trexx,e7fb86c9564cf6d836f1528341dc932511a0f247171d2bda3f851b5165f380aa,2026-10-06T15:59:08+00:00,1341,Team Singularity,Past Teams,,October 2020 – June 2021,source_month_or_unspecified,unverified,https://www.vlr.gg/team/1341/team-singularity
2168,https://www.vlr.gg/player/2168/trexx,e7fb86c9564cf6d836f1528341dc932511a0f247171d2bda3f851b5165f380aa,2026-10-06T15:59:08+00:00,110,FishkaVTom,Past Teams,,September 2020 – October 2020,source_month_or_unspecified,unverified,https://www.vlr.gg/team/110/fishkavtom
2170,https://www.vlr.gg/player/2170/babybay,8dfef296e64ab068d6fe24182c101c96ba36821aa8809484f4fbceb09d13d12a,2026-10-06T15:59:09+00:00,11058,G2 Esports,Current Teams,,joined in August 2025,source_month_or_unspecified,unverified,https://www.vlr.gg/team/11058/g2-esports
2170,https://www.vlr.gg/player/2170/babybay,8dfef296e64ab068d6fe24182c101c96ba36821aa8809484f4fbceb09d13d12a,2026-10-06T15:59:09+00:00,10025,Team BABYBAY,Past Teams,,,source_month_or_unspecified,unverified,https://www.vlr.gg/team/10025/team-babybay
2170,https://www.vlr.gg/player/2170/babybay,8dfef296e64ab068d6fe24182c101c96ba36821aa8809484f4fbceb09d13d12a,2026-10-06T15:59:09+00:00,337,FaZe Clan,Past Teams,,August 2020 – July 2023,source_month_or_unspecified,unverified,https://www.vlr.gg/team/337/faze-clan
2172,https://www.vlr.gg/player/2172/brawk,8f7fcb0838e2b3f3c3df5239a8ae9cbc2416885acb621e589f750a8ef5748d08,2026-10-06T15:59:09+00:00,1034,NRG,Current Teams,,joined in February 2025,source_month_or_unspecified,unverified,https://www.vlr.gg/team/1034/nrg
2172,https://www.vlr.gg/player/2172/brawk,8f7fcb0838e2b3f3c3df5239a8ae9cbc2416885acb621e589f750a8ef5748d08,2026-10-06T15:59:09+00:00,9353,Shopify Rebellion Black,Past Teams,,January 2025 – February 2025,source_month_or_unspecified,unverified,https://www.vlr.gg/team/9353/shopify-rebellion-black
2172,https://www.vlr.gg/player/2172/brawk,8f7fcb0838e2b3f3c3df5239a8ae9cbc2416885acb621e589f750a8ef5748d08,2026-10-06T15:59:09+00:00,13188,Moist x Shopify,Past Teams,,November 2024 – January 2025,source_month_or_unspecified,unverified,https://www.vlr.gg/team/13188/moist-x-shopify
2172,https://www.vlr.gg/player/2172/brawk,8f7fcb0838e2b3f3c3df5239a8ae9cbc2416885acb621e589f750a8ef5748d08,2026-10-06T15:59:09+00:00,13188,Moist x Shopify,Past Teams,,Inactive from September 2024,source_month_or_unspecified,unverified,https://www.vlr.gg/team/13188/moist-x-shopify
2172,https://www.vlr.gg/player/2172/brawk,8f7fcb0838e2b3f3c3df5239a8ae9cbc2416885acb621e589f750a8ef5748d08,2026-10-06T15:59:09+00:00,12041,Moist Moguls,Past Teams,,February 2023 – September 2023,source_month_or_unspecified,unverified,https://www.vlr.gg/team/12041/moist-moguls
2172,https://www.vlr.gg/player/2172/brawk,8f7fcb0838e2b3f3c3df5239a8ae9cbc2416885acb621e589f750a8ef5748d08,2026-10-06T15:59:09+00:00,10713,BreakThru,Past Teams,,January 2023 – February 2023,source_month_or_unspecified,unverified,https://www.vlr.gg/team/10713/breakthru
2172,https://www.vlr.gg/player/2172/brawk,8f7fcb0838e2b3f3c3df5239a8ae9cbc2416885acb621e589f750a8ef5748d08,2026-10-06T15:59:09+00:00,9758,Ghostbusters,Past Teams,,September 2022 – December 2022,source_month_or_unspecified,unverified,https://www.vlr.gg/team/9758/ghostbusters
2172,https://www.vlr.gg/player/2172/brawk,8f7fcb0838e2b3f3c3df5239a8ae9cbc2416885acb621e589f750a8ef5748d08,2026-10-06T15:59:09+00:00,2291,Ghost Gaming,Past Teams,,January 2022 – August 2022,source_month_or_unspecified,unverified,https://www.vlr.gg/team/2291/ghost-gaming
2172,https://www.vlr.gg/player/2172/brawk,8f7fcb0838e2b3f3c3df5239a8ae9cbc2416885acb621e589f750a8ef5748d08,2026-10-06T15:59:09+00:00,470,Complexity,Past Teams,,October 2021 – January 2022,source_month_or_unspecified,unverified,https://www.vlr.gg/team/470/complexity
2172,https://www.vlr.gg/player/2172/brawk,8f7fcb0838e2b3f3c3df5239a8ae9cbc2416885acb621e589f750a8ef5748d08,2026-10-06T15:59:09+00:00,470,Complexity,Past Teams,trial,August 2021 – October 2021,source_month_or_unspecified,unverified,https://www.vlr.gg/team/470/complexity
2172,https://www.vlr.gg/player/2172/brawk,8f7fcb0838e2b3f3c3df5239a8ae9cbc2416885acb621e589f750a8ef5748d08,2026-10-06T15:59:09+00:00,4965,Frail Males,Past Teams,,joined in June 2021,source_month_or_unspecified,unverified,https://www.vlr.gg/team/4965/frail-males
2172,https://www.vlr.gg/player/2172/brawk,8f7fcb0838e2b3f3c3df5239a8ae9cbc2416885acb621e589f750a8ef5748d08,2026-10-06T15:59:09+00:00,3778,On The Way,Past Teams,,left in April 2021,source_month_or_unspecified,unverified,https://www.vlr.gg/team/3778/on-the-way
2172,https://www.vlr.gg/player/2172/brawk,8f7fcb0838e2b3f3c3df5239a8ae9cbc2416885acb621e589f750a8ef5748d08,2026-10-06T15:59:09+00:00,2938,PUGSTARS,Past Teams,,March 2021 – March 2021,source_month_or_unspecified,unverified,https://www.vlr.gg/team/2938/pugstars
2172,https://www.vlr.gg/player/2172/brawk,8f7fcb0838e2b3f3c3df5239a8ae9cbc2416885acb621e589f750a8ef5748d08,2026-10-06T15:59:09+00:00,470,Complexity,Past Teams,,February 2021 – March 2021,source_month_or_unspecified,unverified,https://www.vlr.gg/team/470/complexity
2172,https://www.vlr.gg/player/2172/brawk,8f7fcb0838e2b3f3c3df5239a8ae9cbc2416885acb621e589f750a8ef5748d08,2026-10-06T15:59:09+00:00,837,Serenity,Past Teams,,December 2020 – March 2021,source_month_or_unspecified,unverified,https://www.vlr.gg/team/837/serenity
2172,https://www.vlr.gg/player/2172/brawk,8f7fcb0838e2b3f3c3df5239a8ae9cbc2416885acb621e589f750a8ef5748d08,2026-10-06T15:59:09+00:00,315,Lemonade Stand,Past Teams,,left in August 2020,source_month_or_unspecified,unverified,https://www.vlr.gg/team/315/lemonade-stand
2173,https://www.vlr.gg/player/2173/magnum,9fe87705bf4940ea3e2448c9a8043196294dd861a9079152aa890a9d69607756,2026-10-06T15:59:10+00:00,876,Enterprise Esports,Current Teams,,Inactive from September 2026,source_month_or_unspecified,unverified,https://www.vlr.gg/team/876/enterprise-esports
2173,https://www.vlr.gg/player/2173/magnum,9fe87705bf4940ea3e2448c9a8043196294dd861a9079152aa890a9d69607756,2026-10-06T15:59:10+00:00,22861,Czechia,Past Teams,,joined in June 2026,source_month_or_unspecified,unverified,https://www.vlr.gg/team/22861/czechia
2173,https://www.vlr.gg/player/2173/magnum,9fe87705bf4940ea3e2448c9a8043196294dd861a9079152aa890a9d69607756,2026-10-06T15:59:10+00:00,397,BBL Esports,Past Teams,,Inactive from September 2025,source_month_or_unspecified,unverified,https://www.vlr.gg/team/397/bbl-esports
2173,https://www.vlr.gg/player/2173/magnum,9fe87705bf4940ea3e2448c9a8043196294dd861a9079152aa890a9d69607756,2026-10-06T15:59:10+00:00,8877,Karmine Corp,Past Teams,,Inactive from September 2024,source_month_or_unspecified,unverified,https://www.vlr.gg/team/8877/karmine-corp
2173,https://www.vlr.gg/player/2173/magnum,9fe87705bf4940ea3e2448c9a8043196294dd861a9079152aa890a9d69607756,2026-10-06T15:59:10+00:00,11479,Apeks,Past Teams,,January 2023 – November 2023,source_month_or_unspecified,unverified,https://www.vlr.gg/team/11479/apeks
2173,https://www.vlr.gg/player/2173/magnum,9fe87705bf4940ea3e2448c9a8043196294dd861a9079152aa890a9d69607756,2026-10-06T15:59:10+00:00,7035,KOI,Past Teams,,Inactive from October 2022,source_month_or_unspecified,unverified,https://www.vlr.gg/team/7035/koi
2173,https://www.vlr.gg/player/2173/magnum,9fe87705bf4940ea3e2448c9a8043196294dd861a9079152aa890a9d69607756,2026-10-06T15:59:10+00:00,2593,FNATIC,Past Teams,,Inactive from April 2022,source_month_or_unspecified,unverified,https://www.vlr.gg/team/2593/fnatic
2173,https://www.vlr.gg/player/2173/magnum,9fe87705bf4940ea3e2448c9a8043196294dd861a9079152aa890a9d69607756,2026-10-06T15:59:10+00:00,3538,HOMELESS,Past Teams,,left in April 2021,source_month_or_unspecified,unverified,https://www.vlr.gg/team/3538/homeless
2173,https://www.vlr.gg/player/2173/magnum,9fe87705bf4940ea3e2448c9a8043196294dd861a9079152aa890a9d69607756,2026-10-06T15:59:10+00:00,3074,CZECH REPRE,Past Teams,,left in February 2021,source_month_or_unspecified,unverified,https://www.vlr.gg/team/3074/czech-repre
2173,https://www.vlr.gg/player/2173/magnum,9fe87705bf4940ea3e2448c9a8043196294dd861a9079152aa890a9d69607756,2026-10-06T15:59:10+00:00,876,Enterprise Esports,Past Teams,,September 2020 – February 2021,source_month_or_unspecified,unverified,https://www.vlr.gg/team/876/enterprise-esports
2173,https://www.vlr.gg/player/2173/magnum,9fe87705bf4940ea3e2448c9a8043196294dd861a9079152aa890a9d69607756,2026-10-06T15:59:10+00:00,97,AVENUE Esports,Past Teams,,June 2020 – September 2020,source_month_or_unspecified,unverified,https://www.vlr.gg/team/97/avenue-esports
2190,https://www.vlr.gg/player/2190/baddyg,f98a6d294b7e53aa99b3e8e95b9d366984409066abf7f5c401a676cdf3ec6ca0,2026-10-06T15:59:11+00:00,23415,OldBoyz,Current Teams,,,source_month_or_unspecified,unverified,https://www.vlr.gg/team/23415/oldboyz
2190,https://www.vlr.gg/player/2190/baddyg,f98a6d294b7e53aa99b3e8e95b9d366984409066abf7f5c401a676cdf3ec6ca0,2026-10-06T15:59:11+00:00,18917,Oxalys Bunch,Past Teams,,,source_month_or_unspecified,unverified,https://www.vlr.gg/team/18917/oxalys-bunch
2190,https://www.vlr.gg/player/2190/baddyg,f98a6d294b7e53aa99b3e8e95b9d366984409066abf7f5c401a676cdf3ec6ca0,2026-10-06T15:59:11+00:00,20963,Galions,Past Teams,,December 2025 – March 2026,source_month_or_unspecified,unverified,https://www.vlr.gg/team/20963/galions
2190,https://www.vlr.gg/player/2190/baddyg,f98a6d294b7e53aa99b3e8e95b9d366984409066abf7f5c401a676cdf3ec6ca0,2026-10-06T15:59:11+00:00,7035,KOI,Past Teams,,Inactive from August 2025,source_month_or_unspecified,unverified,https://www.vlr.gg/team/7035/koi
2190,https://www.vlr.gg/player/2190/baddyg,f98a6d294b7e53aa99b3e8e95b9d366984409066abf7f5c401a676cdf3ec6ca0,2026-10-06T15:59:11+00:00,17179,DNSTY,Past Teams,,January 2025 – May 2025,source_month_or_unspecified,unverified,https://www.vlr.gg/team/17179/dnsty
2190,https://www.vlr.gg/player/2190/baddyg,f98a6d294b7e53aa99b3e8e95b9d366984409066abf7f5c401a676cdf3ec6ca0,2026-10-06T15:59:11+00:00,3531,Acend,Past Teams,,January 2023 – May 2024,source_month_or_unspecified,unverified,https://www.vlr.gg/team/3531/acend
2190,https://www.vlr.gg/player/2190/baddyg,f98a6d294b7e53aa99b3e8e95b9d366984409066abf7f5c401a676cdf3ec6ca0,2026-10-06T15:59:11+00:00,2059,Team Vitality,Past Teams,,Inactive from October 2022,source_month_or_unspecified,unverified,https://www.vlr.gg/team/2059/team-vitality
2190,https://www.vlr.gg/player/2190/baddyg,f98a6d294b7e53aa99b3e8e95b9d366984409066abf7f5c401a676cdf3ec6ca0,2026-10-06T15:59:11+00:00,628,FunPlus Phoenix,Past Teams,,March 2022 – April 2022,source_month_or_unspecified,unverified,https://www.vlr.gg/team/628/funplus-phoenix
2190,https://www.vlr.gg/player/2190/baddyg,f98a6d294b7e53aa99b3e8e95b9d366984409066abf7f5c401a676cdf3ec6ca0,2026-10-06T15:59:11+00:00,6191,NOM Esports,Past Teams,,January 2022 – February 2022,source_month_or_unspecified,unverified,https://www.vlr.gg/team/6191/nom-esports
2190,https://www.vlr.gg/player/2190/baddyg,f98a6d294b7e53aa99b3e8e95b9d366984409066abf7f5c401a676cdf3ec6ca0,2026-10-06T15:59:11+00:00,2408,HEET,Past Teams,,August 2021 – November 2021,source_month_or_unspecified,unverified,https://www.vlr.gg/team/2408/heet
2190,https://www.vlr.gg/player/2190/baddyg,f98a6d294b7e53aa99b3e8e95b9d366984409066abf7f5c401a676cdf3ec6ca0,2026-10-06T15:59:11+00:00,4644,Leftovers,Past Teams,,Inactive from June 2021,source_month_or_unspecified,unverified,https://www.vlr.gg/team/4644/leftovers
2190,https://www.vlr.gg/player/2190/baddyg,f98a6d294b7e53aa99b3e8e95b9d366984409066abf7f5c401a676cdf3ec6ca0,2026-10-06T15:59:11+00:00,2566,Ballista,Past Teams,,January 2021 – March 2021,source_month_or_unspecified,unverified,https://www.vlr.gg/team/2566/ballista
2190,https://www.vlr.gg/player/2190/baddyg,f98a6d294b7e53aa99b3e8e95b9d366984409066abf7f5c401a676cdf3ec6ca0,2026-10-06T15:59:11+00:00,1150,MAJSTERSZTYK,Past Teams,,,source_month_or_unspecified,unverified,https://www.vlr.gg/team/1150/majstersztyk
2190,https://www.vlr.gg/player/2190/baddyg,f98a6d294b7e53aa99b3e8e95b9d366984409066abf7f5c401a676cdf3ec6ca0,2026-10-06T15:59:11+00:00,1535,ODCINKA V2,Past Teams,,,source_month_or_unspecified,unverified,https://www.vlr.gg/team/1535/odcinka-v2
2190,https://www.vlr.gg/player/2190/baddyg,f98a6d294b7e53aa99b3e8e95b9d366984409066abf7f5c401a676cdf3ec6ca0,2026-10-06T15:59:11+00:00,607,Just A Joke,Past Teams,,,source_month_or_unspecified,unverified,https://www.vlr.gg/team/607/just-a-joke
2190,https://www.vlr.gg/player/2190/baddyg,f98a6d294b7e53aa99b3e8e95b9d366984409066abf7f5c401a676cdf3ec6ca0,2026-10-06T15:59:11+00:00,580,ODCINKA,Past Teams,,,source_month_or_unspecified,unverified,https://www.vlr.gg/team/580/odcinka
2408,https://www.vlr.gg/player/2408/tuyz,3b40b74a420569175e34ed406c54401efed01e0e45ad9b7b2578294b1ad7361f,2026-10-06T15:59:11+00:00,23141,Fluxo W7M,Current Teams,,joined in August 2026,source_month_or_unspecified,unverified,https://www.vlr.gg/team/23141/fluxo-w7m
2408,https://www.vlr.gg/player/2408/tuyz,3b40b74a420569175e34ed406c54401efed01e0e45ad9b7b2578294b1ad7361f,2026-10-06T15:59:11+00:00,23312,LA MASIA,Past Teams,,,source_month_or_unspecified,unverified,https://www.vlr.gg/team/23312/la-masia
2408,https://www.vlr.gg/player/2408/tuyz,3b40b74a420569175e34ed406c54401efed01e0e45ad9b7b2578294b1ad7361f,2026-10-06T15:59:11+00:00,21121,Equipe Caos,Past Teams,,joined in January 2026,source_month_or_unspecified,unverified,https://www.vlr.gg/team/21121/equipe-caos
2408,https://www.vlr.gg/player/2408/tuyz,3b40b74a420569175e34ed406c54401efed01e0e45ad9b7b2578294b1ad7361f,2026-10-06T15:59:11+00:00,2406,FURIA,Past Teams,,Inactive from September 2025,source_month_or_unspecified,unverified,https://www.vlr.gg/team/2406/furia
2408,https://www.vlr.gg/player/2408/tuyz,3b40b74a420569175e34ed406c54401efed01e0e45ad9b7b2578294b1ad7361f,2026-10-06T15:59:11+00:00,6961,LOUD,Past Teams,,November 2022 – May 2025,source_month_or_unspecified,unverified,https://www.vlr.gg/team/6961/loud
2408,https://www.vlr.gg/player/2408/tuyz,3b40b74a420569175e34ed406c54401efed01e0e45ad9b7b2578294b1ad7361f,2026-10-06T15:59:11+00:00,6946,TBK Esports,Past Teams,,Inactive from October 2022,source_month_or_unspecified,unverified,https://www.vlr.gg/team/6946/tbk-esports
2408,https://www.vlr.gg/player/2408/tuyz,3b40b74a420569175e34ed406c54401efed01e0e45ad9b7b2578294b1ad7361f,2026-10-06T15:59:11+00:00,5316,NOORG2.0,Past Teams,,left in December 2021,source_month_or_unspecified,unverified,https://www.vlr.gg/team/5316/noorg2-0
2408,https://www.vlr.gg/player/2408/tuyz,3b40b74a420569175e34ed406c54401efed01e0e45ad9b7b2578294b1ad7361f,2026-10-06T15:59:11+00:00,4800,NOORG,Past Teams,,,source_month_or_unspecified,unverified,https://www.vlr.gg/team/4800/noorg
2408,https://www.vlr.gg/player/2408/tuyz,3b40b74a420569175e34ed406c54401efed01e0e45ad9b7b2578294b1ad7361f,2026-10-06T15:59:11+00:00,1911,Imperial Esports,Past Teams,,November 2020 – May 2021,source_month_or_unspecified,unverified,https://www.vlr.gg/team/1911/imperial-esports
2408,https://www.vlr.gg/player/2408/tuyz,3b40b74a420569175e34ed406c54401efed01e0e45ad9b7b2578294b1ad7361f,2026-10-06T15:59:11+00:00,1309,Mix,Past Teams,,left in November 2020,source_month_or_unspecified,unverified,https://www.vlr.gg/team/1309/mix
2408,https://www.vlr.gg/player/2408/tuyz,3b40b74a420569175e34ed406c54401efed01e0e45ad9b7b2578294b1ad7361f,2026-10-06T15:59:11+00:00,453,Vincit Gaming,Past Teams,,,source_month_or_unspecified,unverified,https://www.vlr.gg/team/453/vincit-gaming
2408,https://www.vlr.gg/player/2408/tuyz,3b40b74a420569175e34ed406c54401efed01e0e45ad9b7b2578294b1ad7361f,2026-10-06T15:59:11+00:00,638,Mironga,Past Teams,,,source_month_or_unspecified,unverified,https://www.vlr.gg/team/638/mironga
2462,https://www.vlr.gg/player/2462/keznit,06ec0320fcc2ee1b931744bd80478a9454623f445815575b07328e27d5ff2072,2026-10-06T15:59:12+00:00,427,ENVY,Current Teams,,Inactive from September 2026,source_month_or_unspecified,unverified,https://www.vlr.gg/team/427/envy
2462,https://www.vlr.gg/player/2462/keznit,06ec0320fcc2ee1b931744bd80478a9454623f445815575b07328e27d5ff2072,2026-10-06T15:59:12+00:00,22524,Chile,Past Teams,,joined in June 2026,source_month_or_unspecified,unverified,https://www.vlr.gg/team/22524/chile
2462,https://www.vlr.gg/player/2462/keznit,06ec0320fcc2ee1b931744bd80478a9454623f445815575b07328e27d5ff2072,2026-10-06T15:59:12+00:00,2355,KRÜ Esports,Past Teams,,Inactive from September 2025,source_month_or_unspecified,unverified,https://www.vlr.gg/team/2355/kr-esports
2462,https://www.vlr.gg/player/2462/keznit,06ec0320fcc2ee1b931744bd80478a9454623f445815575b07328e27d5ff2072,2026-10-06T15:59:12+00:00,2359,LEVIATÁN,Past Teams,,October 2022 – March 2023,source_month_or_unspecified,unverified,https://www.vlr.gg/team/2359/leviat-n
2462,https://www.vlr.gg/player/2462/keznit,06ec0320fcc2ee1b931744bd80478a9454623f445815575b07328e27d5ff2072,2026-10-06T15:59:12+00:00,2355,KRÜ Esports,Past Teams,,May 2021 – September 2022,source_month_or_unspecified,unverified,https://www.vlr.gg/team/2355/kr-esports
2462,https://www.vlr.gg/player/2462/keznit,06ec0320fcc2ee1b931744bd80478a9454623f445815575b07328e27d5ff2072,2026-10-06T15:59:12+00:00,644,Wygers Argentina,Past Teams,,left in April 2021,source_month_or_unspecified,unverified,https://www.vlr.gg/team/644/wygers-argentina
2462,https://www.vlr.gg/player/2462/keznit,06ec0320fcc2ee1b931744bd80478a9454623f445815575b07328e27d5ff2072,2026-10-06T15:59:12+00:00,719,Australs,Past Teams,,left in December 2020,source_month_or_unspecified,unverified,https://www.vlr.gg/team/719/australs
2489,https://www.vlr.gg/player/2489/munchkin,cb4d52ee871e8ff6b406b62c1d12a78d19f0323720391ba05b471d07be1041bd,2026-10-06T15:59:13+00:00,14,T1,Current Teams,,joined in November 2025,source_month_or_unspecified,unverified,https://www.vlr.gg/team/14/t1
2489,https://www.vlr.gg/player/2489/munchkin,cb4d52ee871e8ff6b406b62c1d12a78d19f0323720391ba05b471d07be1041bd,2026-10-06T15:59:13+00:00,22779,South Korea,Past Teams,,joined in June 2026,source_month_or_unspecified,unverified,https://www.vlr.gg/team/22779/south-korea
2489,https://www.vlr.gg/player/2489/munchkin,cb4d52ee871e8ff6b406b62c1d12a78d19f0323720391ba05b471d07be1041bd,2026-10-06T15:59:13+00:00,17,Gen.G,Past Teams,,October 2024 – October 2025,source_month_or_unspecified,unverified,https://www.vlr.gg/team/17/gen-g
2489,https://www.vlr.gg/player/2489/munchkin,cb4d52ee871e8ff6b406b62c1d12a78d19f0323720391ba05b471d07be1041bd,2026-10-06T15:59:13+00:00,17,Gen.G,Past Teams,,November 2023 – October 2024,source_month_or_unspecified,unverified,https://www.vlr.gg/team/17/gen-g
2489,https://www.vlr.gg/player/2489/munchkin,cb4d52ee871e8ff6b406b62c1d12a78d19f0323720391ba05b471d07be1041bd,2026-10-06T15:59:13+00:00,14,T1,Past Teams,,May 2022 – September 2023,source_month_or_unspecified,unverified,https://www.vlr.gg/team/14/t1
2489,https://www.vlr.gg/player/2489/munchkin,cb4d52ee871e8ff6b406b62c1d12a78d19f0323720391ba05b471d07be1041bd,2026-10-06T15:59:13+00:00,277,Crazy Raccoon,Past Teams,,January 2022 – April 2022,source_month_or_unspecified,unverified,https://www.vlr.gg/team/277/crazy-raccoon
2489,https://www.vlr.gg/player/2489/munchkin,cb4d52ee871e8ff6b406b62c1d12a78d19f0323720391ba05b471d07be1041bd,2026-10-06T15:59:13+00:00,277,Crazy Raccoon,Past Teams,,January 2021 – December 2021,source_month_or_unspecified,unverified,https://www.vlr.gg/team/277/crazy-raccoon
2489,https://www.vlr.gg/player/2489/munchkin,cb4d52ee871e8ff6b406b62c1d12a78d19f0323720391ba05b471d07be1041bd,2026-10-06T15:59:13+00:00,651,Cloud9 Korea,Past Teams,,August 2020 – December 2020,source_month_or_unspecified,unverified,https://www.vlr.gg/team/651/cloud9-korea
2610,https://www.vlr.gg/player/2610/klaus,d799754661464855784cb9154613b5dca48b7875bb58bd20b8fa38e05b857cc4,2026-10-06T15:59:13+00:00,20741,Next,Current Teams,,,source_month_or_unspecified,unverified,https://www.vlr.gg/team/20741/next
2610,https://www.vlr.gg/player/2610/klaus,d799754661464855784cb9154613b5dca48b7875bb58bd20b8fa38e05b857cc4,2026-10-06T15:59:13+00:00,9427,OXEN,Past Teams,,,source_month_or_unspecified,unverified,https://www.vlr.gg/team/9427/oxen
2610,https://www.vlr.gg/player/2610/klaus,d799754661464855784cb9154613b5dca48b7875bb58bd20b8fa38e05b857cc4,2026-10-06T15:59:13+00:00,367,9z Globant,Past Teams,,January 2026 – April 2026,source_month_or_unspecified,unverified,https://www.vlr.gg/team/367/9z-globant
2610,https://www.vlr.gg/player/2610/klaus,d799754661464855784cb9154613b5dca48b7875bb58bd20b8fa38e05b857cc4,2026-10-06T15:59:13+00:00,367,9z Globant,Past Teams,,July 2025 – November 2025,source_month_or_unspecified,unverified,https://www.vlr.gg/team/367/9z-globant
2610,https://www.vlr.gg/player/2610/klaus,d799754661464855784cb9154613b5dca48b7875bb58bd20b8fa38e05b857cc4,2026-10-06T15:59:13+00:00,2355,KRÜ Esports,Past Teams,,Inactive from July 2024,source_month_or_unspecified,unverified,https://www.vlr.gg/team/2355/kr-esports
2610,https://www.vlr.gg/player/2610/klaus,d799754661464855784cb9154613b5dca48b7875bb58bd20b8fa38e05b857cc4,2026-10-06T15:59:13+00:00,675,LBS Esports,Past Teams,,joined in August 2020,source_month_or_unspecified,unverified,https://www.vlr.gg/team/675/lbs-esports
2615,https://www.vlr.gg/player/2615/clz,ffb9ac1420576b64e6ccfb2f55bff5b27d2d04ed37ac692be37b8482b23be1c4,2026-10-06T15:59:14+00:00,2934,FENNEL,Past Teams,,December 2025 – August 2026,source_month_or_unspecified,unverified,https://www.vlr.gg/team/2934/fennel
2615,https://www.vlr.gg/player/2615/clz,ffb9ac1420576b64e6ccfb2f55bff5b27d2d04ed37ac692be37b8482b23be1c4,2026-10-06T15:59:14+00:00,5448,ZETA DIVISION,Past Teams,,Inactive from September 2025,source_month_or_unspecified,unverified,https://www.vlr.gg/team/5448/zeta-division
2615,https://www.vlr.gg/player/2615/clz,ffb9ac1420576b64e6ccfb2f55bff5b27d2d04ed37ac692be37b8482b23be1c4,2026-10-06T15:59:14+00:00,2934,FENNEL,Past Teams,,February 2021 – October 2024,source_month_or_unspecified,unverified,https://www.vlr.gg/team/2934/fennel
2615,https://www.vlr.gg/player/2615/clz,ffb9ac1420576b64e6ccfb2f55bff5b27d2d04ed37ac692be37b8482b23be1c4,2026-10-06T15:59:14+00:00,205,DeToNator,Past Teams,,August 2020 – January 2021,source_month_or_unspecified,unverified,https://www.vlr.gg/team/205/detonator
2653,https://www.vlr.gg/player/2653/jesse,3c579b3ceaf27e9cc39b2a67bba2caa2496ea4bf3b573ca9cc08f5fcccaba1c3,2026-10-06T15:59:14+00:00,14419,GIANTX,Past Teams,,July 2026 – September 2026,source_month_or_unspecified,unverified,https://www.vlr.gg/team/14419/giantx
2653,https://www.vlr.gg/player/2653/jesse,3c579b3ceaf27e9cc39b2a67bba2caa2496ea4bf3b573ca9cc08f5fcccaba1c3,2026-10-06T15:59:14+00:00,14419,GIANTX,Past Teams,stand-in,July 2026 – July 2026,source_month_or_unspecified,unverified,https://www.vlr.gg/team/14419/giantx
2653,https://www.vlr.gg/player/2653/jesse,3c579b3ceaf27e9cc39b2a67bba2caa2496ea4bf3b573ca9cc08f5fcccaba1c3,2026-10-06T15:59:14+00:00,22861,Czechia,Past Teams,,joined in June 2026,source_month_or_unspecified,unverified,https://www.vlr.gg/team/22861/czechia
2653,https://www.vlr.gg/player/2653/jesse,3c579b3ceaf27e9cc39b2a67bba2caa2496ea4bf3b573ca9cc08f5fcccaba1c3,2026-10-06T15:59:14+00:00,4616,UCAM Esports Club,Past Teams,,January 2026 – July 2026,source_month_or_unspecified,unverified,https://www.vlr.gg/team/4616/ucam-esports-club
2653,https://www.vlr.gg/player/2653/jesse,3c579b3ceaf27e9cc39b2a67bba2caa2496ea4bf3b573ca9cc08f5fcccaba1c3,2026-10-06T15:59:14+00:00,6035,Twisted Minds,Past Teams,,Inactive from November 2025,source_month_or_unspecified,unverified,https://www.vlr.gg/team/6035/twisted-minds
2653,https://www.vlr.gg/player/2653/jesse,3c579b3ceaf27e9cc39b2a67bba2caa2496ea4bf3b573ca9cc08f5fcccaba1c3,2026-10-06T15:59:14+00:00,11232,Joblife,Past Teams,,December 2024 – June 2025,source_month_or_unspecified,unverified,https://www.vlr.gg/team/11232/joblife
2653,https://www.vlr.gg/player/2653/jesse,3c579b3ceaf27e9cc39b2a67bba2caa2496ea4bf3b573ca9cc08f5fcccaba1c3,2026-10-06T15:59:14+00:00,14461,Barça eSports,Past Teams,,August 2024 – September 2024,source_month_or_unspecified,unverified,https://www.vlr.gg/team/14461/bar-a-esports
2653,https://www.vlr.gg/player/2653/jesse,3c579b3ceaf27e9cc39b2a67bba2caa2496ea4bf3b573ca9cc08f5fcccaba1c3,2026-10-06T15:59:14+00:00,10188,Team Valiant,Past Teams,,January 2023 – August 2024,source_month_or_unspecified,unverified,https://www.vlr.gg/team/10188/team-valiant
2653,https://www.vlr.gg/player/2653/jesse,3c579b3ceaf27e9cc39b2a67bba2caa2496ea4bf3b573ca9cc08f5fcccaba1c3,2026-10-06T15:59:14+00:00,2304,Giants Gaming,Past Teams,,Inactive from October 2022,source_month_or_unspecified,unverified,https://www.vlr.gg/team/2304/giants-gaming
2653,https://www.vlr.gg/player/2653/jesse,3c579b3ceaf27e9cc39b2a67bba2caa2496ea4bf3b573ca9cc08f5fcccaba1c3,2026-10-06T15:59:14+00:00,4616,UCAM Esports Club,Past Teams,stand-in,September 2021 – November 2021,source_month_or_unspecified,unverified,https://www.vlr.gg/team/4616/ucam-esports-club
2653,https://www.vlr.gg/player/2653/jesse,3c579b3ceaf27e9cc39b2a67bba2caa2496ea4bf3b573ca9cc08f5fcccaba1c3,2026-10-06T15:59:14+00:00,6460,LDN UTD,Past Teams,,March 2021 – September 2021,source_month_or_unspecified,unverified,https://www.vlr.gg/team/6460/ldn-utd
2653,https://www.vlr.gg/player/2653/jesse,3c579b3ceaf27e9cc39b2a67bba2caa2496ea4bf3b573ca9cc08f5fcccaba1c3,2026-10-06T15:59:14+00:00,1071,unsigned,Past Teams,,left in March 2021,source_month_or_unspecified,unverified,https://www.vlr.gg/team/1071/unsigned
2653,https://www.vlr.gg/player/2653/jesse,3c579b3ceaf27e9cc39b2a67bba2caa2496ea4bf3b573ca9cc08f5fcccaba1c3,2026-10-06T15:59:14+00:00,1010,Inside Games,Past Teams,,,source_month_or_unspecified,unverified,https://www.vlr.gg/team/1010/inside-games
2653,https://www.vlr.gg/player/2653/jesse,3c579b3ceaf27e9cc39b2a67bba2caa2496ea4bf3b573ca9cc08f5fcccaba1c3,2026-10-06T15:59:14+00:00,688,na ketu,Past Teams,,,source_month_or_unspecified,unverified,https://www.vlr.gg/team/688/na-ketu
2858,https://www.vlr.gg/player/2858/suygetsu,ad2db40f84d1a428d682118aa8cf7a2730c1afec996a5caa062973c5053a5c05,2026-10-06T15:59:15+00:00,8877,Karmine Corp,Current Teams,,joined in November 2024,source_month_or_unspecified,unverified,https://www.vlr.gg/team/8877/karmine-corp
2858,https://www.vlr.gg/player/2858/suygetsu,ad2db40f84d1a428d682118aa8cf7a2730c1afec996a5caa062973c5053a5c05,2026-10-06T15:59:15+00:00,4915,Natus Vincere,Past Teams,,Inactive from September 2024,source_month_or_unspecified,unverified,https://www.vlr.gg/team/4915/natus-vincere
2858,https://www.vlr.gg/player/2858/suygetsu,ad2db40f84d1a428d682118aa8cf7a2730c1afec996a5caa062973c5053a5c05,2026-10-06T15:59:15+00:00,628,FunPlus Phoenix,Past Teams,,February 2021 – November 2022,source_month_or_unspecified,unverified,https://www.vlr.gg/team/628/funplus-phoenix
2858,https://www.vlr.gg/player/2858/suygetsu,ad2db40f84d1a428d682118aa8cf7a2730c1afec996a5caa062973c5053a5c05,2026-10-06T15:59:15+00:00,108,forZe,Past Teams,,joined in September 2020,source_month_or_unspecified,unverified,https://www.vlr.gg/team/108/forze
3007,https://www.vlr.gg/player/3007/tdawgg,e6d72d04dd61c08e2aa037eb49f09db1a5d2f0ef0b3faf7dcf70100f3aa25a53,2026-10-06T15:59:16+00:00,16440,Alliance Guardians,Past Teams,,joined in May 2026,source_month_or_unspecified,unverified,https://www.vlr.gg/team/16440/alliance-guardians
3007,https://www.vlr.gg/player/3007/tdawgg,e6d72d04dd61c08e2aa037eb49f09db1a5d2f0ef0b3faf7dcf70100f3aa25a53,2026-10-06T15:59:16+00:00,19914,Evictix,Past Teams,,March 2026 – May 2026,source_month_or_unspecified,unverified,https://www.vlr.gg/team/19914/evictix
3007,https://www.vlr.gg/player/3007/tdawgg,e6d72d04dd61c08e2aa037eb49f09db1a5d2f0ef0b3faf7dcf70100f3aa25a53,2026-10-06T15:59:16+00:00,21053,Azure Dragon Gaming,Past Teams,,January 2026 – March 2026,source_month_or_unspecified,unverified,https://www.vlr.gg/team/21053/azure-dragon-gaming
3007,https://www.vlr.gg/player/3007/tdawgg,e6d72d04dd61c08e2aa037eb49f09db1a5d2f0ef0b3faf7dcf70100f3aa25a53,2026-10-06T15:59:16+00:00,9778,TDAWGGS MONEY CREW,Past Teams,,September 2025 – December 2025,source_month_or_unspecified,unverified,https://www.vlr.gg/team/9778/tdawggs-money-crew
3007,https://www.vlr.gg/player/3007/tdawgg,e6d72d04dd61c08e2aa037eb49f09db1a5d2f0ef0b3faf7dcf70100f3aa25a53,2026-10-06T15:59:16+00:00,19590,BOX OF ROCKETZ,Past Teams,,August 2025 – September 2025,source_month_or_unspecified,unverified,https://www.vlr.gg/team/19590/box-of-rocketz
3007,https://www.vlr.gg/player/3007/tdawgg,e6d72d04dd61c08e2aa037eb49f09db1a5d2f0ef0b3faf7dcf70100f3aa25a53,2026-10-06T15:59:16+00:00,17056,Landor,Past Teams,,July 2025 – August 2025,source_month_or_unspecified,unverified,https://www.vlr.gg/team/17056/landor
3007,https://www.vlr.gg/player/3007/tdawgg,e6d72d04dd61c08e2aa037eb49f09db1a5d2f0ef0b3faf7dcf70100f3aa25a53,2026-10-06T15:59:16+00:00,16899,Cubert Academy,Past Teams,,January 2025 – July 2025,source_month_or_unspecified,unverified,https://www.vlr.gg/team/16899/cubert-academy
3007,https://www.vlr.gg/player/3007/tdawgg,e6d72d04dd61c08e2aa037eb49f09db1a5d2f0ef0b3faf7dcf70100f3aa25a53,2026-10-06T15:59:16+00:00,106,TSM,Past Teams,,November 2024 – December 2024,source_month_or_unspecified,unverified,https://www.vlr.gg/team/106/tsm
3007,https://www.vlr.gg/player/3007/tdawgg,e6d72d04dd61c08e2aa037eb49f09db1a5d2f0ef0b3faf7dcf70100f3aa25a53,2026-10-06T15:59:16+00:00,6985,QoR,Past Teams,,August 2023 – August 2024,source_month_or_unspecified,unverified,https://www.vlr.gg/team/6985/qor
3007,https://www.vlr.gg/player/3007/tdawgg,e6d72d04dd61c08e2aa037eb49f09db1a5d2f0ef0b3faf7dcf70100f3aa25a53,2026-10-06T15:59:16+00:00,9353,Shopify Rebellion Black,Past Teams,,March 2023 – June 2023,source_month_or_unspecified,unverified,https://www.vlr.gg/team/9353/shopify-rebellion-black
3007,https://www.vlr.gg/player/3007/tdawgg,e6d72d04dd61c08e2aa037eb49f09db1a5d2f0ef0b3faf7dcf70100f3aa25a53,2026-10-06T15:59:16+00:00,11451,99 Strength,Past Teams,,December 2022 – February 2023,source_month_or_unspecified,unverified,https://www.vlr.gg/team/11451/99-strength
3007,https://www.vlr.gg/player/3007/tdawgg,e6d72d04dd61c08e2aa037eb49f09db1a5d2f0ef0b3faf7dcf70100f3aa25a53,2026-10-06T15:59:16+00:00,8371,Metro Esports,Past Teams,,March 2022 – October 2022,source_month_or_unspecified,unverified,https://www.vlr.gg/team/8371/metro-esports
3007,https://www.vlr.gg/player/3007/tdawgg,e6d72d04dd61c08e2aa037eb49f09db1a5d2f0ef0b3faf7dcf70100f3aa25a53,2026-10-06T15:59:16+00:00,5444,Bait Academy,Past Teams,,October 2021 – December 2021,source_month_or_unspecified,unverified,https://www.vlr.gg/team/5444/bait-academy
3007,https://www.vlr.gg/player/3007/tdawgg,e6d72d04dd61c08e2aa037eb49f09db1a5d2f0ef0b3faf7dcf70100f3aa25a53,2026-10-06T15:59:16+00:00,6375,Most Prolific,Past Teams,,September 2021 – October 2021,source_month_or_unspecified,unverified,https://www.vlr.gg/team/6375/most-prolific
3007,https://www.vlr.gg/player/3007/tdawgg,e6d72d04dd61c08e2aa037eb49f09db1a5d2f0ef0b3faf7dcf70100f3aa25a53,2026-10-06T15:59:16+00:00,6145,Zealous,Past Teams,,August 2021 – September 2021,source_month_or_unspecified,unverified,https://www.vlr.gg/team/6145/zealous
3007,https://www.vlr.gg/player/3007/tdawgg,e6d72d04dd61c08e2aa037eb49f09db1a5d2f0ef0b3faf7dcf70100f3aa25a53,2026-10-06T15:59:16+00:00,5440,Good Fellas,Past Teams,,July 2021 – August 2021,source_month_or_unspecified,unverified,https://www.vlr.gg/team/5440/good-fellas
3007,https://www.vlr.gg/player/3007/tdawgg,e6d72d04dd61c08e2aa037eb49f09db1a5d2f0ef0b3faf7dcf70100f3aa25a53,2026-10-06T15:59:16+00:00,3686,Recon 5,Past Teams,,April 2021 – June 2021,source_month_or_unspecified,unverified,https://www.vlr.gg/team/3686/recon-5
3007,https://www.vlr.gg/player/3007/tdawgg,e6d72d04dd61c08e2aa037eb49f09db1a5d2f0ef0b3faf7dcf70100f3aa25a53,2026-10-06T15:59:16+00:00,791,Gonzo Gaming,Past Teams,,April 2020 – October 2020,source_month_or_unspecified,unverified,https://www.vlr.gg/team/791/gonzo-gaming
3017,https://www.vlr.gg/player/3017/nobody,3280888758a6e1e1ee68fff71955cc702d3370ab6c93a99a5c26cd1d5b1c16b5,2026-10-06T15:59:16+00:00,1120,EDward Gaming,Current Teams,,joined in September 2021,source_month_or_unspecified,unverified,https://www.vlr.gg/team/1120/edward-gaming
3017,https://www.vlr.gg/player/3017/nobody,3280888758a6e1e1ee68fff71955cc702d3370ab6c93a99a5c26cd1d5b1c16b5,2026-10-06T15:59:16+00:00,19874,China,Past Teams,,joined in June 2026,source_month_or_unspecified,unverified,https://www.vlr.gg/team/19874/china
3017,https://www.vlr.gg/player/3017/nobody,3280888758a6e1e1ee68fff71955cc702d3370ab6c93a99a5c26cd1d5b1c16b5,2026-10-06T15:59:16+00:00,6093,Qing Jiu Club,Past Teams,,,source_month_or_unspecified,unverified,https://www.vlr.gg/team/6093/qing-jiu-club
3017,https://www.vlr.gg/player/3017/nobody,3280888758a6e1e1ee68fff71955cc702d3370ab6c93a99a5c26cd1d5b1c16b5,2026-10-06T15:59:16+00:00,4463,LIZHI,Past Teams,,left in September 2021,source_month_or_unspecified,unverified,https://www.vlr.gg/team/4463/lizhi
3017,https://www.vlr.gg/player/3017/nobody,3280888758a6e1e1ee68fff71955cc702d3370ab6c93a99a5c26cd1d5b1c16b5,2026-10-06T15:59:16+00:00,804,Royal Never Give Up,Past Teams,,,source_month_or_unspecified,unverified,https://www.vlr.gg/team/804/royal-never-give-up
3028,https://www.vlr.gg/player/3028/life,a9008e30d3c4448a5b9f377c1ddce798ebc386476d9d800144ced851bb15b681,2026-10-06T15:59:17+00:00,11981,Dragon Ranger Gaming,Current Teams,,joined in March 2026,source_month_or_unspecified,unverified,https://www.vlr.gg/team/11981/dragon-ranger-gaming
3028,https://www.vlr.gg/player/3028/life,a9008e30d3c4448a5b9f377c1ddce798ebc386476d9d800144ced851bb15b681,2026-10-06T15:59:17+00:00,11328,FunPlus Phoenix,Past Teams,,January 2024 – March 2026,source_month_or_unspecified,unverified,https://www.vlr.gg/team/11328/funplus-phoenix
3028,https://www.vlr.gg/player/3028/life,a9008e30d3c4448a5b9f377c1ddce798ebc386476d9d800144ced851bb15b681,2026-10-06T15:59:17+00:00,1837,Attacking Soul Esports,Past Teams,,November 2022 – January 2024,source_month_or_unspecified,unverified,https://www.vlr.gg/team/1837/attacking-soul-esports
3028,https://www.vlr.gg/player/3028/life,a9008e30d3c4448a5b9f377c1ddce798ebc386476d9d800144ced851bb15b681,2026-10-06T15:59:17+00:00,1120,EDward Gaming,Past Teams,,November 2020 – November 2022,source_month_or_unspecified,unverified,https://www.vlr.gg/team/1120/edward-gaming
3028,https://www.vlr.gg/player/3028/life,a9008e30d3c4448a5b9f377c1ddce798ebc386476d9d800144ced851bb15b681,2026-10-06T15:59:17+00:00,810,ShengJie Gaming,Past Teams,,,source_month_or_unspecified,unverified,https://www.vlr.gg/team/810/shengjie-gaming
3028,https://www.vlr.gg/player/3028/life,a9008e30d3c4448a5b9f377c1ddce798ebc386476d9d800144ced851bb15b681,2026-10-06T15:59:17+00:00,810,ShengJie Gaming,Past Teams,,,source_month_or_unspecified,unverified,https://www.vlr.gg/team/810/shengjie-gaming
3031,https://www.vlr.gg/player/3031/septem7,59e382f90e68930ca897ec698777d14d7cf20cfc61009ab6e81277156e5d6e43,2026-10-06T15:59:17+00:00,1119,All Gamers,Past Teams,,March 2026 – June 2026,source_month_or_unspecified,unverified,https://www.vlr.gg/team/1119/all-gamers
3031,https://www.vlr.gg/player/3031/septem7,59e382f90e68930ca897ec698777d14d7cf20cfc61009ab6e81277156e5d6e43,2026-10-06T15:59:17+00:00,1119,All Gamers,Past Teams,assistant coach,January 2025 – March 2026,source_month_or_unspecified,unverified,https://www.vlr.gg/team/1119/all-gamers
3031,https://www.vlr.gg/player/3031/septem7,59e382f90e68930ca897ec698777d14d7cf20cfc61009ab6e81277156e5d6e43,2026-10-06T15:59:17+00:00,6093,Qing Jiu Club,Past Teams,coach,joined in September 2024,source_month_or_unspecified,unverified,https://www.vlr.gg/team/6093/qing-jiu-club
3031,https://www.vlr.gg/player/3031/septem7,59e382f90e68930ca897ec698777d14d7cf20cfc61009ab6e81277156e5d6e43,2026-10-06T15:59:17+00:00,4462,Shenzhen NTER,Past Teams,,,source_month_or_unspecified,unverified,https://www.vlr.gg/team/4462/shenzhen-nter
3031,https://www.vlr.gg/player/3031/septem7,59e382f90e68930ca897ec698777d14d7cf20cfc61009ab6e81277156e5d6e43,2026-10-06T15:59:17+00:00,11985,Rare Atom,Past Teams,,,source_month_or_unspecified,unverified,https://www.vlr.gg/team/11985/rare-atom
3031,https://www.vlr.gg/player/3031/septem7,59e382f90e68930ca897ec698777d14d7cf20cfc61009ab6e81277156e5d6e43,2026-10-06T15:59:17+00:00,1120,EDward Gaming,Past Teams,,,source_month_or_unspecified,unverified,https://www.vlr.gg/team/1120/edward-gaming
3031,https://www.vlr.gg/player/3031/septem7,59e382f90e68930ca897ec698777d14d7cf20cfc61009ab6e81277156e5d6e43,2026-10-06T15:59:17+00:00,809,eStar Gaming,Past Teams,,,source_month_or_unspecified,unverified,https://www.vlr.gg/team/809/estar-gaming
3045,https://www.vlr.gg/player/3045/luok1ng,e50901b260d2844e83d299d85bcbe8efdf6a96a7b517c0717c1006864940dedd,2026-10-06T15:59:18+00:00,12685,Trace Esports,Current Teams,,joined in March 2024,source_month_or_unspecified,unverified,https://www.vlr.gg/team/12685/trace-esports
3045,https://www.vlr.gg/player/3045/luok1ng,e50901b260d2844e83d299d85bcbe8efdf6a96a7b517c0717c1006864940dedd,2026-10-06T15:59:18+00:00,731,TYLOO,Past Teams,,May 2023 – March 2024,source_month_or_unspecified,unverified,https://www.vlr.gg/team/731/tyloo
3045,https://www.vlr.gg/player/3045/luok1ng,e50901b260d2844e83d299d85bcbe8efdf6a96a7b517c0717c1006864940dedd,2026-10-06T15:59:18+00:00,5443,KONE eSports Club,Past Teams,,left in April 2023,source_month_or_unspecified,unverified,https://www.vlr.gg/team/5443/kone-esports-club
3045,https://www.vlr.gg/player/3045/luok1ng,e50901b260d2844e83d299d85bcbe8efdf6a96a7b517c0717c1006864940dedd,2026-10-06T15:59:18+00:00,6093,Qing Jiu Club,Past Teams,,joined in September 2021,source_month_or_unspecified,unverified,https://www.vlr.gg/team/6093/qing-jiu-club
3045,https://www.vlr.gg/player/3045/luok1ng,e50901b260d2844e83d299d85bcbe8efdf6a96a7b517c0717c1006864940dedd,2026-10-06T15:59:18+00:00,4463,LIZHI,Past Teams,,left in September 2021,source_month_or_unspecified,unverified,https://www.vlr.gg/team/4463/lizhi
3045,https://www.vlr.gg/player/3045/luok1ng,e50901b260d2844e83d299d85bcbe8efdf6a96a7b517c0717c1006864940dedd,2026-10-06T15:59:18+00:00,4465,DingFeng Gaming,Past Teams,,,source_month_or_unspecified,unverified,https://www.vlr.gg/team/4465/dingfeng-gaming
3045,https://www.vlr.gg/player/3045/luok1ng,e50901b260d2844e83d299d85bcbe8efdf6a96a7b517c0717c1006864940dedd,2026-10-06T15:59:18+00:00,1220,Team LaoPaoer,Past Teams,,,source_month_or_unspecified,unverified,https://www.vlr.gg/team/1220/team-laopaoer
3045,https://www.vlr.gg/player/3045/luok1ng,e50901b260d2844e83d299d85bcbe8efdf6a96a7b517c0717c1006864940dedd,2026-10-06T15:59:18+00:00,808,Triumphant Song Gaming,Past Teams,,,source_month_or_unspecified,unverified,https://www.vlr.gg/team/808/triumphant-song-gaming
3401,https://www.vlr.gg/player/3401/ptc,309b424b2707da39e1be878219b3f240f24f7054be19a4f0cf5313eaed1b954b,2026-10-06T15:59:19+00:00,623,Sharper Esports,Current Teams,,joined in January 2026,source_month_or_unspecified,unverified,https://www.vlr.gg/team/623/sharper-esports
3401,https://www.vlr.gg/player/3401/ptc,309b424b2707da39e1be878219b3f240f24f7054be19a4f0cf5313eaed1b954b,2026-10-06T15:59:19+00:00,19876,Thailand,Past Teams,,joined in June 2026,source_month_or_unspecified,unverified,https://www.vlr.gg/team/19876/thailand
3401,https://www.vlr.gg/player/3401/ptc,309b424b2707da39e1be878219b3f240f24f7054be19a4f0cf5313eaed1b954b,2026-10-06T15:59:19+00:00,7031,NAOS,Past Teams,,January 2025 – October 2025,source_month_or_unspecified,unverified,https://www.vlr.gg/team/7031/naos
3401,https://www.vlr.gg/player/3401/ptc,309b424b2707da39e1be878219b3f240f24f7054be19a4f0cf5313eaed1b954b,2026-10-06T15:59:19+00:00,4050,FULL SENSE,Past Teams,,August 2023 – October 2024,source_month_or_unspecified,unverified,https://www.vlr.gg/team/4050/full-sense
3401,https://www.vlr.gg/player/3401/ptc,309b424b2707da39e1be878219b3f240f24f7054be19a4f0cf5313eaed1b954b,2026-10-06T15:59:19+00:00,4210,Made in Thailand,Past Teams,,October 2022 – August 2023,source_month_or_unspecified,unverified,https://www.vlr.gg/team/4210/made-in-thailand
3401,https://www.vlr.gg/player/3401/ptc,309b424b2707da39e1be878219b3f240f24f7054be19a4f0cf5313eaed1b954b,2026-10-06T15:59:19+00:00,4050,FULL SENSE,Past Teams,,April 2021 – September 2022,source_month_or_unspecified,unverified,https://www.vlr.gg/team/4050/full-sense
3401,https://www.vlr.gg/player/3401/ptc,309b424b2707da39e1be878219b3f240f24f7054be19a4f0cf5313eaed1b954b,2026-10-06T15:59:19+00:00,4210,Made in Thailand,Past Teams,,February 2021 – April 2021,source_month_or_unspecified,unverified,https://www.vlr.gg/team/4210/made-in-thailand
3401,https://www.vlr.gg/player/3401/ptc,309b424b2707da39e1be878219b3f240f24f7054be19a4f0cf5313eaed1b954b,2026-10-06T15:59:19+00:00,497,Attack All Around,Past Teams,,August 2020 – November 2020,source_month_or_unspecified,unverified,https://www.vlr.gg/team/497/attack-all-around
3518,https://www.vlr.gg/player/3518/cxyy,b0969087dd8c3a8e1b7b0677509f7628718d675bea20587830c54b8d97761530,2026-10-06T15:59:20+00:00,904,CBT Gaming,Past Teams,,,source_month_or_unspecified,unverified,https://www.vlr.gg/team/904/cbt-gaming
3519,https://www.vlr.gg/player/3519/jkuro,57948acd4241a13cc78c7396df3f6bb0a09c8d183eef5332426749ae629e6304,2026-10-06T15:59:20+00:00,13576,JD Gaming,Current Teams,,joined in January 2024,source_month_or_unspecified,unverified,https://www.vlr.gg/team/13576/jd-gaming
3519,https://www.vlr.gg/player/3519/jkuro,57948acd4241a13cc78c7396df3f6bb0a09c8d183eef5332426749ae629e6304,2026-10-06T15:59:20+00:00,22788,Hong Kong,Past Teams,,joined in June 2026,source_month_or_unspecified,unverified,https://www.vlr.gg/team/22788/hong-kong
3519,https://www.vlr.gg/player/3519/jkuro,57948acd4241a13cc78c7396df3f6bb0a09c8d183eef5332426749ae629e6304,2026-10-06T15:59:20+00:00,13532,TOP Esports,Past Teams,,September 2023 – January 2024,source_month_or_unspecified,unverified,https://www.vlr.gg/team/13532/top-esports
3519,https://www.vlr.gg/player/3519/jkuro,57948acd4241a13cc78c7396df3f6bb0a09c8d183eef5332426749ae629e6304,2026-10-06T15:59:20+00:00,3179,Anti Eco Eco Club,Past Teams,,,source_month_or_unspecified,unverified,https://www.vlr.gg/team/3179/anti-eco-eco-club
3519,https://www.vlr.gg/player/3519/jkuro,57948acd4241a13cc78c7396df3f6bb0a09c8d183eef5332426749ae629e6304,2026-10-06T15:59:20+00:00,619,Only One Word,Past Teams,,,source_month_or_unspecified,unverified,https://www.vlr.gg/team/619/only-one-word
3519,https://www.vlr.gg/player/3519/jkuro,57948acd4241a13cc78c7396df3f6bb0a09c8d183eef5332426749ae629e6304,2026-10-06T15:59:20+00:00,904,CBT Gaming,Past Teams,,,source_month_or_unspecified,unverified,https://www.vlr.gg/team/904/cbt-gaming
3520,https://www.vlr.gg/player/3520/zmjjkk,5eea7fcf1ff80114ae986e0640ee0e59f8ae54939e82ec02e7e3d5254bdde36a,2026-10-06T15:59:21+00:00,1120,EDward Gaming,Current Teams,,joined in September 2021,source_month_or_unspecified,unverified,https://www.vlr.gg/team/1120/edward-gaming
3520,https://www.vlr.gg/player/3520/zmjjkk,5eea7fcf1ff80114ae986e0640ee0e59f8ae54939e82ec02e7e3d5254bdde36a,2026-10-06T15:59:21+00:00,19874,China,Past Teams,,joined in June 2026,source_month_or_unspecified,unverified,https://www.vlr.gg/team/19874/china
3520,https://www.vlr.gg/player/3520/zmjjkk,5eea7fcf1ff80114ae986e0640ee0e59f8ae54939e82ec02e7e3d5254bdde36a,2026-10-06T15:59:21+00:00,6093,Qing Jiu Club,Past Teams,,,source_month_or_unspecified,unverified,https://www.vlr.gg/team/6093/qing-jiu-club
3520,https://www.vlr.gg/player/3520/zmjjkk,5eea7fcf1ff80114ae986e0640ee0e59f8ae54939e82ec02e7e3d5254bdde36a,2026-10-06T15:59:21+00:00,904,CBT Gaming,Past Teams,,,source_month_or_unspecified,unverified,https://www.vlr.gg/team/904/cbt-gaming
3520,https://www.vlr.gg/player/3520/zmjjkk,5eea7fcf1ff80114ae986e0640ee0e59f8ae54939e82ec02e7e3d5254bdde36a,2026-10-06T15:59:21+00:00,804,Royal Never Give Up,Past Teams,,joined in May 2020,source_month_or_unspecified,unverified,https://www.vlr.gg/team/804/royal-never-give-up
3547,https://www.vlr.gg/player/3547/ninebody,232017e0a5640f054f499e69e1d04f879301798d2df170c1810f12cf6924823b,2026-10-06T15:59:21+00:00,21919,Unsettled Resentment,Current Teams,,,source_month_or_unspecified,unverified,https://www.vlr.gg/team/21919/unsettled-resentment
3547,https://www.vlr.gg/player/3547/ninebody,232017e0a5640f054f499e69e1d04f879301798d2df170c1810f12cf6924823b,2026-10-06T15:59:21+00:00,731,TYLOO,Past Teams,,May 2023 – October 2025,source_month_or_unspecified,unverified,https://www.vlr.gg/team/731/tyloo
3547,https://www.vlr.gg/player/3547/ninebody,232017e0a5640f054f499e69e1d04f879301798d2df170c1810f12cf6924823b,2026-10-06T15:59:21+00:00,5443,KONE eSports Club,Past Teams,,left in April 2023,source_month_or_unspecified,unverified,https://www.vlr.gg/team/5443/kone-esports-club
3547,https://www.vlr.gg/player/3547/ninebody,232017e0a5640f054f499e69e1d04f879301798d2df170c1810f12cf6924823b,2026-10-06T15:59:21+00:00,907,Suning Gaming,Past Teams,,,source_month_or_unspecified,unverified,https://www.vlr.gg/team/907/suning-gaming
3547,https://www.vlr.gg/player/3547/ninebody,232017e0a5640f054f499e69e1d04f879301798d2df170c1810f12cf6924823b,2026-10-06T15:59:21+00:00,907,Suning Gaming,Past Teams,,,source_month_or_unspecified,unverified,https://www.vlr.gg/team/907/suning-gaming
3685,https://www.vlr.gg/player/3685/flyuh,33ffb819f7cacd184f552b93a40cd13b1f380f2d1f647471a3e6af9ccfa5c6fc,2026-10-06T15:59:22+00:00,17156,Abc123,Past Teams,,,source_month_or_unspecified,unverified,https://www.vlr.gg/team/17156/abc123
3685,https://www.vlr.gg/player/3685/flyuh,33ffb819f7cacd184f552b93a40cd13b1f380f2d1f647471a3e6af9ccfa5c6fc,2026-10-06T15:59:22+00:00,6985,QoR,Past Teams,,January 2026 – July 2026,source_month_or_unspecified,unverified,https://www.vlr.gg/team/6985/qor
3685,https://www.vlr.gg/player/3685/flyuh,33ffb819f7cacd184f552b93a40cd13b1f380f2d1f647471a3e6af9ccfa5c6fc,2026-10-06T15:59:22+00:00,7035,KOI,Past Teams,,November 2024 – September 2025,source_month_or_unspecified,unverified,https://www.vlr.gg/team/7035/koi
3685,https://www.vlr.gg/player/3685/flyuh,33ffb819f7cacd184f552b93a40cd13b1f380f2d1f647471a3e6af9ccfa5c6fc,2026-10-06T15:59:22+00:00,13188,Moist x Shopify,Past Teams,,Inactive from September 2024,source_month_or_unspecified,unverified,https://www.vlr.gg/team/13188/moist-x-shopify
3685,https://www.vlr.gg/player/3685/flyuh,33ffb819f7cacd184f552b93a40cd13b1f380f2d1f647471a3e6af9ccfa5c6fc,2026-10-06T15:59:22+00:00,12041,Moist Moguls,Past Teams,,February 2023 – September 2023,source_month_or_unspecified,unverified,https://www.vlr.gg/team/12041/moist-moguls
3685,https://www.vlr.gg/player/3685/flyuh,33ffb819f7cacd184f552b93a40cd13b1f380f2d1f647471a3e6af9ccfa5c6fc,2026-10-06T15:59:22+00:00,10713,BreakThru,Past Teams,,January 2023 – February 2023,source_month_or_unspecified,unverified,https://www.vlr.gg/team/10713/breakthru
3685,https://www.vlr.gg/player/3685/flyuh,33ffb819f7cacd184f552b93a40cd13b1f380f2d1f647471a3e6af9ccfa5c6fc,2026-10-06T15:59:22+00:00,337,FaZe Clan,Past Teams,,Inactive from September 2022,source_month_or_unspecified,unverified,https://www.vlr.gg/team/337/faze-clan
3685,https://www.vlr.gg/player/3685/flyuh,33ffb819f7cacd184f552b93a40cd13b1f380f2d1f647471a3e6af9ccfa5c6fc,2026-10-06T15:59:22+00:00,9477,City Boys,Past Teams,,November 2022 – November 2022,source_month_or_unspecified,unverified,https://www.vlr.gg/team/9477/city-boys
3685,https://www.vlr.gg/player/3685/flyuh,33ffb819f7cacd184f552b93a40cd13b1f380f2d1f647471a3e6af9ccfa5c6fc,2026-10-06T15:59:22+00:00,3944,Teal Seam,Past Teams,,October 2021 – January 2022,source_month_or_unspecified,unverified,https://www.vlr.gg/team/3944/teal-seam
3685,https://www.vlr.gg/player/3685/flyuh,33ffb819f7cacd184f552b93a40cd13b1f380f2d1f647471a3e6af9ccfa5c6fc,2026-10-06T15:59:22+00:00,4075,T1 Academy,Past Teams,,July 2021 – October 2021,source_month_or_unspecified,unverified,https://www.vlr.gg/team/4075/t1-academy
3685,https://www.vlr.gg/player/3685/flyuh,33ffb819f7cacd184f552b93a40cd13b1f380f2d1f647471a3e6af9ccfa5c6fc,2026-10-06T15:59:22+00:00,3944,Teal Seam,Past Teams,,May 2021 – June 2021,source_month_or_unspecified,unverified,https://www.vlr.gg/team/3944/teal-seam
3685,https://www.vlr.gg/player/3685/flyuh,33ffb819f7cacd184f552b93a40cd13b1f380f2d1f647471a3e6af9ccfa5c6fc,2026-10-06T15:59:22+00:00,3274,Akella,Past Teams,,March 2021 – April 2021,source_month_or_unspecified,unverified,https://www.vlr.gg/team/3274/akella
3685,https://www.vlr.gg/player/3685/flyuh,33ffb819f7cacd184f552b93a40cd13b1f380f2d1f647471a3e6af9ccfa5c6fc,2026-10-06T15:59:22+00:00,951,Tenacity Pro,Past Teams,,,source_month_or_unspecified,unverified,https://www.vlr.gg/team/951/tenacity-pro
3722,https://www.vlr.gg/player/3722/koalanoob,f2e54554f4feeff40ba2d46304e70cf19e36fbafc99b56cd74a9615298106541,2026-10-06T15:59:23+00:00,2406,FURIA,Current Teams,,Inactive from September 2026,source_month_or_unspecified,unverified,https://www.vlr.gg/team/2406/furia
3722,https://www.vlr.gg/player/3722/koalanoob,f2e54554f4feeff40ba2d46304e70cf19e36fbafc99b56cd74a9615298106541,2026-10-06T15:59:23+00:00,22780,Canada,Past Teams,,joined in June 2026,source_month_or_unspecified,unverified,https://www.vlr.gg/team/22780/canada
3722,https://www.vlr.gg/player/3722/koalanoob,f2e54554f4feeff40ba2d46304e70cf19e36fbafc99b56cd74a9615298106541,2026-10-06T15:59:23+00:00,4915,Natus Vincere,Past Teams,,Inactive from June 2025,source_month_or_unspecified,unverified,https://www.vlr.gg/team/4915/natus-vincere
3722,https://www.vlr.gg/player/3722/koalanoob,f2e54554f4feeff40ba2d46304e70cf19e36fbafc99b56cd74a9615298106541,2026-10-06T15:59:23+00:00,11001,M80,Past Teams,,December 2022 – September 2024,source_month_or_unspecified,unverified,https://www.vlr.gg/team/11001/m80
3722,https://www.vlr.gg/player/3722/koalanoob,f2e54554f4feeff40ba2d46304e70cf19e36fbafc99b56cd74a9615298106541,2026-10-06T15:59:23+00:00,2291,Ghost Gaming,Past Teams,,June 2021 – August 2022,source_month_or_unspecified,unverified,https://www.vlr.gg/team/2291/ghost-gaming
3741,https://www.vlr.gg/player/3741/vo0kashu,41192dd5c17d68ee1a9dae8b7490d901e401c602614a008e94414c1d5cf79f93,2026-10-06T15:59:23+00:00,11981,Dragon Ranger Gaming,Current Teams,,joined in September 2023,source_month_or_unspecified,unverified,https://www.vlr.gg/team/11981/dragon-ranger-gaming
3741,https://www.vlr.gg/player/3741/vo0kashu,41192dd5c17d68ee1a9dae8b7490d901e401c602614a008e94414c1d5cf79f93,2026-10-06T15:59:23+00:00,6750,Rebels Gaming,Past Teams,,January 2022 – April 2023,source_month_or_unspecified,unverified,https://www.vlr.gg/team/6750/rebels-gaming
3741,https://www.vlr.gg/player/3741/vo0kashu,41192dd5c17d68ee1a9dae8b7490d901e401c602614a008e94414c1d5cf79f93,2026-10-06T15:59:23+00:00,6857,NOFUTURE,Past Teams,,,source_month_or_unspecified,unverified,https://www.vlr.gg/team/6857/nofuture
3741,https://www.vlr.gg/player/3741/vo0kashu,41192dd5c17d68ee1a9dae8b7490d901e401c602614a008e94414c1d5cf79f93,2026-10-06T15:59:23+00:00,4621,Crypto Esports,Past Teams,,,source_month_or_unspecified,unverified,https://www.vlr.gg/team/4621/crypto-esports
3741,https://www.vlr.gg/player/3741/vo0kashu,41192dd5c17d68ee1a9dae8b7490d901e401c602614a008e94414c1d5cf79f93,2026-10-06T15:59:23+00:00,4519,PURPURE,Past Teams,,,source_month_or_unspecified,unverified,https://www.vlr.gg/team/4519/purpure
3741,https://www.vlr.gg/player/3741/vo0kashu,41192dd5c17d68ee1a9dae8b7490d901e401c602614a008e94414c1d5cf79f93,2026-10-06T15:59:23+00:00,2398,Project X,Past Teams,,,source_month_or_unspecified,unverified,https://www.vlr.gg/team/2398/project-x
3741,https://www.vlr.gg/player/3741/vo0kashu,41192dd5c17d68ee1a9dae8b7490d901e401c602614a008e94414c1d5cf79f93,2026-10-06T15:59:23+00:00,1019,fostercare,Past Teams,,joined in December 2020,source_month_or_unspecified,unverified,https://www.vlr.gg/team/1019/fostercare
3741,https://www.vlr.gg/player/3741/vo0kashu,41192dd5c17d68ee1a9dae8b7490d901e401c602614a008e94414c1d5cf79f93,2026-10-06T15:59:23+00:00,2103,Tale Quale,Past Teams,,left in December 2020,source_month_or_unspecified,unverified,https://www.vlr.gg/team/2103/tale-quale
3828,https://www.vlr.gg/player/3828/tacolilla,c7dfb22e3f09c44b17343988184ceacbd8b24b53d82be0840629bad0e726bed9,2026-10-06T15:59:24+00:00,22142,BESTIA,Past Teams,,April 2026 – September 2026,source_month_or_unspecified,unverified,https://www.vlr.gg/team/22142/bestia
3828,https://www.vlr.gg/player/3828/tacolilla,c7dfb22e3f09c44b17343988184ceacbd8b24b53d82be0840629bad0e726bed9,2026-10-06T15:59:24+00:00,21462,Melser Kindergarten,Past Teams,,,source_month_or_unspecified,unverified,https://www.vlr.gg/team/21462/melser-kindergarten
3828,https://www.vlr.gg/player/3828/tacolilla,c7dfb22e3f09c44b17343988184ceacbd8b24b53d82be0840629bad0e726bed9,2026-10-06T15:59:24+00:00,18584,Farenvehn,Past Teams,,joined in January 2026,source_month_or_unspecified,unverified,https://www.vlr.gg/team/18584/farenvehn
3828,https://www.vlr.gg/player/3828/tacolilla,c7dfb22e3f09c44b17343988184ceacbd8b24b53d82be0840629bad0e726bed9,2026-10-06T15:59:24+00:00,367,9z Globant,Past Teams,,January 2025 – October 2025,source_month_or_unspecified,unverified,https://www.vlr.gg/team/367/9z-globant
3828,https://www.vlr.gg/player/3828/tacolilla,c7dfb22e3f09c44b17343988184ceacbd8b24b53d82be0840629bad0e726bed9,2026-10-06T15:59:24+00:00,11002,RETA Esports,Past Teams,,joined in October 2024,source_month_or_unspecified,unverified,https://www.vlr.gg/team/11002/reta-esports
3828,https://www.vlr.gg/player/3828/tacolilla,c7dfb22e3f09c44b17343988184ceacbd8b24b53d82be0840629bad0e726bed9,2026-10-06T15:59:24+00:00,7269,FUSION,Past Teams,,January 2024 – March 2024,source_month_or_unspecified,unverified,https://www.vlr.gg/team/7269/fusion
3828,https://www.vlr.gg/player/3828/tacolilla,c7dfb22e3f09c44b17343988184ceacbd8b24b53d82be0840629bad0e726bed9,2026-10-06T15:59:24+00:00,2359,LEVIATÁN,Past Teams,,Inactive from September 2023,source_month_or_unspecified,unverified,https://www.vlr.gg/team/2359/leviat-n
3828,https://www.vlr.gg/player/3828/tacolilla,c7dfb22e3f09c44b17343988184ceacbd8b24b53d82be0840629bad0e726bed9,2026-10-06T15:59:24+00:00,6668,ex-Australs,Past Teams,,November 2021 – November 2021,source_month_or_unspecified,unverified,https://www.vlr.gg/team/6668/ex-australs
3828,https://www.vlr.gg/player/3828/tacolilla,c7dfb22e3f09c44b17343988184ceacbd8b24b53d82be0840629bad0e726bed9,2026-10-06T15:59:24+00:00,719,Australs,Past Teams,,January 2021 – November 2021,source_month_or_unspecified,unverified,https://www.vlr.gg/team/719/australs
3828,https://www.vlr.gg/player/3828/tacolilla,c7dfb22e3f09c44b17343988184ceacbd8b24b53d82be0840629bad0e726bed9,2026-10-06T15:59:24+00:00,362,Rebirth Esports,Past Teams,,,source_month_or_unspecified,unverified,https://www.vlr.gg/team/362/rebirth-esports
3828,https://www.vlr.gg/player/3828/tacolilla,c7dfb22e3f09c44b17343988184ceacbd8b24b53d82be0840629bad0e726bed9,2026-10-06T15:59:24+00:00,980,Santiago Wanderers,Past Teams,,,source_month_or_unspecified,unverified,https://www.vlr.gg/team/980/santiago-wanderers
3880,https://www.vlr.gg/player/3880/bang,cbfa6527e3e3ab46f9f117d8ab49966598978aa082d51ba0199e35dc614ae15d,2026-10-06T15:59:25+00:00,120,100 Thieves,Current Teams,,joined in November 2025,source_month_or_unspecified,unverified,https://www.vlr.gg/team/120/100-thieves
3880,https://www.vlr.gg/player/3880/bang,cbfa6527e3e3ab46f9f117d8ab49966598978aa082d51ba0199e35dc614ae15d,2026-10-06T15:59:25+00:00,2,Sentinels,Past Teams,,October 2024 – October 2025,source_month_or_unspecified,unverified,https://www.vlr.gg/team/2/sentinels
3880,https://www.vlr.gg/player/3880/bang,cbfa6527e3e3ab46f9f117d8ab49966598978aa082d51ba0199e35dc614ae15d,2026-10-06T15:59:25+00:00,10346,Team tarik,Past Teams,,,source_month_or_unspecified,unverified,https://www.vlr.gg/team/10346/team-tarik
3880,https://www.vlr.gg/player/3880/bang,cbfa6527e3e3ab46f9f117d8ab49966598978aa082d51ba0199e35dc614ae15d,2026-10-06T15:59:25+00:00,120,100 Thieves,Past Teams,,February 2022 – October 2024,source_month_or_unspecified,unverified,https://www.vlr.gg/team/120/100-thieves
3880,https://www.vlr.gg/player/3880/bang,cbfa6527e3e3ab46f9f117d8ab49966598978aa082d51ba0199e35dc614ae15d,2026-10-06T15:59:25+00:00,106,TSM,Past Teams,,Inactive from September 2021,source_month_or_unspecified,unverified,https://www.vlr.gg/team/106/tsm
3880,https://www.vlr.gg/player/3880/bang,cbfa6527e3e3ab46f9f117d8ab49966598978aa082d51ba0199e35dc614ae15d,2026-10-06T15:59:25+00:00,3778,On The Way,Past Teams,,April 2021 – May 2021,source_month_or_unspecified,unverified,https://www.vlr.gg/team/3778/on-the-way
3880,https://www.vlr.gg/player/3880/bang,cbfa6527e3e3ab46f9f117d8ab49966598978aa082d51ba0199e35dc614ae15d,2026-10-06T15:59:25+00:00,837,Serenity,Past Teams,,December 2020 – March 2021,source_month_or_unspecified,unverified,https://www.vlr.gg/team/837/serenity
3880,https://www.vlr.gg/player/3880/bang,cbfa6527e3e3ab46f9f117d8ab49966598978aa082d51ba0199e35dc614ae15d,2026-10-06T15:59:25+00:00,993,Phoenix1,Past Teams,,August 2020 – December 2020,source_month_or_unspecified,unverified,https://www.vlr.gg/team/993/phoenix1
3885,https://www.vlr.gg/player/3885/valyn,03dc27bd7bbcbd1baf5aa0ea118e20d302e84c939e43714007b3ad9efe2a78da,2026-10-06T15:59:25+00:00,11058,G2 Esports,Current Teams,,joined in September 2023,source_month_or_unspecified,unverified,https://www.vlr.gg/team/11058/g2-esports
3885,https://www.vlr.gg/player/3885/valyn,03dc27bd7bbcbd1baf5aa0ea118e20d302e84c939e43714007b3ad9efe2a78da,2026-10-06T15:59:25+00:00,22778,United States of America,Past Teams,,joined in June 2026,source_month_or_unspecified,unverified,https://www.vlr.gg/team/22778/united-states-of-america
3885,https://www.vlr.gg/player/3885/valyn,03dc27bd7bbcbd1baf5aa0ea118e20d302e84c939e43714007b3ad9efe2a78da,2026-10-06T15:59:25+00:00,10345,Team Stewie2k,Past Teams,,,source_month_or_unspecified,unverified,https://www.vlr.gg/team/10345/team-stewie2k
3885,https://www.vlr.gg/player/3885/valyn,03dc27bd7bbcbd1baf5aa0ea118e20d302e84c939e43714007b3ad9efe2a78da,2026-10-06T15:59:25+00:00,6675,The Guard,Past Teams,,November 2021 – August 2023,source_month_or_unspecified,unverified,https://www.vlr.gg/team/6675/the-guard
3885,https://www.vlr.gg/player/3885/valyn,03dc27bd7bbcbd1baf5aa0ea118e20d302e84c939e43714007b3ad9efe2a78da,2026-10-06T15:59:25+00:00,470,Complexity,Past Teams,,April 2021 – November 2021,source_month_or_unspecified,unverified,https://www.vlr.gg/team/470/complexity
3885,https://www.vlr.gg/player/3885/valyn,03dc27bd7bbcbd1baf5aa0ea118e20d302e84c939e43714007b3ad9efe2a78da,2026-10-06T15:59:25+00:00,2586,Pug Gods,Past Teams,,,source_month_or_unspecified,unverified,https://www.vlr.gg/team/2586/pug-gods
3885,https://www.vlr.gg/player/3885/valyn,03dc27bd7bbcbd1baf5aa0ea118e20d302e84c939e43714007b3ad9efe2a78da,2026-10-06T15:59:25+00:00,2382,Balanced Esports,Past Teams,,,source_month_or_unspecified,unverified,https://www.vlr.gg/team/2382/balanced-esports
3885,https://www.vlr.gg/player/3885/valyn,03dc27bd7bbcbd1baf5aa0ea118e20d302e84c939e43714007b3ad9efe2a78da,2026-10-06T15:59:25+00:00,994,Flow State,Past Teams,,July 2020 – February 2021,source_month_or_unspecified,unverified,https://www.vlr.gg/team/994/flow-state
3977,https://www.vlr.gg/player/3977/crws,91be5d74c014c509550186b40dd60262514ce9dced1a35554f2f6ee93beb6b58,2026-10-06T15:59:26+00:00,4050,FULL SENSE,Past Teams,,April 2026 – August 2026,source_month_or_unspecified,unverified,https://www.vlr.gg/team/4050/full-sense
3977,https://www.vlr.gg/player/3977/crws,91be5d74c014c509550186b40dd60262514ce9dced1a35554f2f6ee93beb6b58,2026-10-06T15:59:26+00:00,4050,FULL SENSE,Past Teams,coach,December 2025 – April 2026,source_month_or_unspecified,unverified,https://www.vlr.gg/team/4050/full-sense
3977,https://www.vlr.gg/player/3977/crws,91be5d74c014c509550186b40dd60262514ce9dced1a35554f2f6ee93beb6b58,2026-10-06T15:59:26+00:00,8304,TALON,Past Teams,,October 2022 – November 2025,source_month_or_unspecified,unverified,https://www.vlr.gg/team/8304/talon
3977,https://www.vlr.gg/player/3977/crws,91be5d74c014c509550186b40dd60262514ce9dced1a35554f2f6ee93beb6b58,2026-10-06T15:59:26+00:00,7397,XERXIA Esports,Past Teams,,January 2022 – October 2022,source_month_or_unspecified,unverified,https://www.vlr.gg/team/7397/xerxia-esports
3977,https://www.vlr.gg/player/3977/crws,91be5d74c014c509550186b40dd60262514ce9dced1a35554f2f6ee93beb6b58,2026-10-06T15:59:26+00:00,2112,X10 Esports,Past Teams,,December 2020 – January 2022,source_month_or_unspecified,unverified,https://www.vlr.gg/team/2112/x10-esports
3977,https://www.vlr.gg/player/3977/crws,91be5d74c014c509550186b40dd60262514ce9dced1a35554f2f6ee93beb6b58,2026-10-06T15:59:26+00:00,990,Magic Esport,Past Teams,,,source_month_or_unspecified,unverified,https://www.vlr.gg/team/990/magic-esport
3983,https://www.vlr.gg/player/3983/virtyy,426f3d71527ac9b79785dd435fdebb27212239858ff5dcccc0cd0eac1675058c,2026-10-06T15:59:27+00:00,22802,Dominican Republic,Past Teams,,joined in June 2026,source_month_or_unspecified,unverified,https://www.vlr.gg/team/22802/dominican-republic
3983,https://www.vlr.gg/player/3983/virtyy,426f3d71527ac9b79785dd435fdebb27212239858ff5dcccc0cd0eac1675058c,2026-10-06T15:59:27+00:00,6961,LOUD,Past Teams,,June 2025 – July 2026,source_month_or_unspecified,unverified,https://www.vlr.gg/team/6961/loud
3983,https://www.vlr.gg/player/3983/virtyy,426f3d71527ac9b79785dd435fdebb27212239858ff5dcccc0cd0eac1675058c,2026-10-06T15:59:27+00:00,724,E-Xolos LAZER,Past Teams,,May 2024 – April 2025,source_month_or_unspecified,unverified,https://www.vlr.gg/team/724/e-xolos-lazer
3983,https://www.vlr.gg/player/3983/virtyy,426f3d71527ac9b79785dd435fdebb27212239858ff5dcccc0cd0eac1675058c,2026-10-06T15:59:27+00:00,7269,FUSION,Past Teams,,November 2023 – March 2024,source_month_or_unspecified,unverified,https://www.vlr.gg/team/7269/fusion
3983,https://www.vlr.gg/player/3983/virtyy,426f3d71527ac9b79785dd435fdebb27212239858ff5dcccc0cd0eac1675058c,2026-10-06T15:59:27+00:00,7269,FUSION,Past Teams,,Inactive from August 2023,source_month_or_unspecified,unverified,https://www.vlr.gg/team/7269/fusion
3983,https://www.vlr.gg/player/3983/virtyy,426f3d71527ac9b79785dd435fdebb27212239858ff5dcccc0cd0eac1675058c,2026-10-06T15:59:27+00:00,6895,Oxygen Academy,Past Teams,,January 2022 – November 2022,source_month_or_unspecified,unverified,https://www.vlr.gg/team/6895/oxygen-academy
3983,https://www.vlr.gg/player/3983/virtyy,426f3d71527ac9b79785dd435fdebb27212239858ff5dcccc0cd0eac1675058c,2026-10-06T15:59:27+00:00,6375,Most Prolific,Past Teams,trial,September 2021 – October 2021,source_month_or_unspecified,unverified,https://www.vlr.gg/team/6375/most-prolific
3983,https://www.vlr.gg/player/3983/virtyy,426f3d71527ac9b79785dd435fdebb27212239858ff5dcccc0cd0eac1675058c,2026-10-06T15:59:27+00:00,5444,Bait Academy,Past Teams,,July 2021 – September 2021,source_month_or_unspecified,unverified,https://www.vlr.gg/team/5444/bait-academy
3983,https://www.vlr.gg/player/3983/virtyy,426f3d71527ac9b79785dd435fdebb27212239858ff5dcccc0cd0eac1675058c,2026-10-06T15:59:27+00:00,837,Serenity,Past Teams,,January 2021 – March 2021,source_month_or_unspecified,unverified,https://www.vlr.gg/team/837/serenity
3983,https://www.vlr.gg/player/3983/virtyy,426f3d71527ac9b79785dd435fdebb27212239858ff5dcccc0cd0eac1675058c,2026-10-06T15:59:27+00:00,4965,Frail Males,Past Teams,,June 2021 – July 2021,source_month_or_unspecified,unverified,https://www.vlr.gg/team/4965/frail-males
3983,https://www.vlr.gg/player/3983/virtyy,426f3d71527ac9b79785dd435fdebb27212239858ff5dcccc0cd0eac1675058c,2026-10-06T15:59:27+00:00,2201,trick,Past Teams,,,source_month_or_unspecified,unverified,https://www.vlr.gg/team/2201/trick
3993,https://www.vlr.gg/player/3993/jawgemo,77759340c25f65ce11812f895b837a2d34239f0515c2e4ebd0f7e6da0ce69878,2026-10-06T15:59:27+00:00,11058,G2 Esports,Current Teams,,joined in October 2024,source_month_or_unspecified,unverified,https://www.vlr.gg/team/11058/g2-esports
3993,https://www.vlr.gg/player/3993/jawgemo,77759340c25f65ce11812f895b837a2d34239f0515c2e4ebd0f7e6da0ce69878,2026-10-06T15:59:27+00:00,10964,Team BcJ,Past Teams,,,source_month_or_unspecified,unverified,https://www.vlr.gg/team/10964/team-bcj
3993,https://www.vlr.gg/player/3993/jawgemo,77759340c25f65ce11812f895b837a2d34239f0515c2e4ebd0f7e6da0ce69878,2026-10-06T15:59:27+00:00,10346,Team tarik,Past Teams,,,source_month_or_unspecified,unverified,https://www.vlr.gg/team/10346/team-tarik
3993,https://www.vlr.gg/player/3993/jawgemo,77759340c25f65ce11812f895b837a2d34239f0515c2e4ebd0f7e6da0ce69878,2026-10-06T15:59:27+00:00,10030,Team iiTzTimmy,Past Teams,,,source_month_or_unspecified,unverified,https://www.vlr.gg/team/10030/team-iitztimmy
3993,https://www.vlr.gg/player/3993/jawgemo,77759340c25f65ce11812f895b837a2d34239f0515c2e4ebd0f7e6da0ce69878,2026-10-06T15:59:27+00:00,5248,Evil Geniuses,Past Teams,,January 2022 – October 2024,source_month_or_unspecified,unverified,https://www.vlr.gg/team/5248/evil-geniuses
3993,https://www.vlr.gg/player/3993/jawgemo,77759340c25f65ce11812f895b837a2d34239f0515c2e4ebd0f7e6da0ce69878,2026-10-06T15:59:27+00:00,4075,T1 Academy,Past Teams,,November 2021 – January 2022,source_month_or_unspecified,unverified,https://www.vlr.gg/team/4075/t1-academy
3993,https://www.vlr.gg/player/3993/jawgemo,77759340c25f65ce11812f895b837a2d34239f0515c2e4ebd0f7e6da0ce69878,2026-10-06T15:59:27+00:00,4075,T1 Academy,Past Teams,trial,October 2021 – November 2021,source_month_or_unspecified,unverified,https://www.vlr.gg/team/4075/t1-academy
3993,https://www.vlr.gg/player/3993/jawgemo,77759340c25f65ce11812f895b837a2d34239f0515c2e4ebd0f7e6da0ce69878,2026-10-06T15:59:27+00:00,5839,Time Out,Past Teams,,July 2021 – September 2021,source_month_or_unspecified,unverified,https://www.vlr.gg/team/5839/time-out
3993,https://www.vlr.gg/player/3993/jawgemo,77759340c25f65ce11812f895b837a2d34239f0515c2e4ebd0f7e6da0ce69878,2026-10-06T15:59:27+00:00,4827,Fortnite Fraggers,Past Teams,,June 2021 – July 2021,source_month_or_unspecified,unverified,https://www.vlr.gg/team/4827/fortnite-fraggers
3993,https://www.vlr.gg/player/3993/jawgemo,77759340c25f65ce11812f895b837a2d34239f0515c2e4ebd0f7e6da0ce69878,2026-10-06T15:59:27+00:00,3407,Decisive,Past Teams,,March 2021 – May 2021,source_month_or_unspecified,unverified,https://www.vlr.gg/team/3407/decisive
3993,https://www.vlr.gg/player/3993/jawgemo,77759340c25f65ce11812f895b837a2d34239f0515c2e4ebd0f7e6da0ce69878,2026-10-06T15:59:27+00:00,1305,Sedated,Past Teams,,January 2021 – March 2021,source_month_or_unspecified,unverified,https://www.vlr.gg/team/1305/sedated
3993,https://www.vlr.gg/player/3993/jawgemo,77759340c25f65ce11812f895b837a2d34239f0515c2e4ebd0f7e6da0ce69878,2026-10-06T15:59:27+00:00,1246,DREAMLAND,Past Teams,,left in January 2021,source_month_or_unspecified,unverified,https://www.vlr.gg/team/1246/dreamland
3993,https://www.vlr.gg/player/3993/jawgemo,77759340c25f65ce11812f895b837a2d34239f0515c2e4ebd0f7e6da0ce69878,2026-10-06T15:59:27+00:00,1031,Neutralize,Past Teams,,left in October 2020,source_month_or_unspecified,unverified,https://www.vlr.gg/team/1031/neutralize
4004,https://www.vlr.gg/player/4004/zekken,d10c3860dc6d21524afc853c9e27cb6552a07b1ce8f68f3d0f4acfa5ccb7efb3,2026-10-06T15:59:28+00:00,7386,MIBR,Current Teams,,joined in December 2025,source_month_or_unspecified,unverified,https://www.vlr.gg/team/7386/mibr
4004,https://www.vlr.gg/player/4004/zekken,d10c3860dc6d21524afc853c9e27cb6552a07b1ce8f68f3d0f4acfa5ccb7efb3,2026-10-06T15:59:28+00:00,22778,United States of America,Past Teams,,joined in June 2026,source_month_or_unspecified,unverified,https://www.vlr.gg/team/22778/united-states-of-america
4004,https://www.vlr.gg/player/4004/zekken,d10c3860dc6d21524afc853c9e27cb6552a07b1ce8f68f3d0f4acfa5ccb7efb3,2026-10-06T15:59:28+00:00,10963,Team Zander,Past Teams,,,source_month_or_unspecified,unverified,https://www.vlr.gg/team/10963/team-zander
4004,https://www.vlr.gg/player/4004/zekken,d10c3860dc6d21524afc853c9e27cb6552a07b1ce8f68f3d0f4acfa5ccb7efb3,2026-10-06T15:59:28+00:00,2,Sentinels,Past Teams,,October 2022 – November 2025,source_month_or_unspecified,unverified,https://www.vlr.gg/team/2/sentinels
4004,https://www.vlr.gg/player/4004/zekken,d10c3860dc6d21524afc853c9e27cb6552a07b1ce8f68f3d0f4acfa5ccb7efb3,2026-10-06T15:59:28+00:00,10025,Team BABYBAY,Past Teams,,,source_month_or_unspecified,unverified,https://www.vlr.gg/team/10025/team-babybay
4004,https://www.vlr.gg/player/4004/zekken,d10c3860dc6d21524afc853c9e27cb6552a07b1ce8f68f3d0f4acfa5ccb7efb3,2026-10-06T15:59:28+00:00,533,XSET,Past Teams,,Inactive from September 2022,source_month_or_unspecified,unverified,https://www.vlr.gg/team/533/xset
4004,https://www.vlr.gg/player/4004/zekken,d10c3860dc6d21524afc853c9e27cb6552a07b1ce8f68f3d0f4acfa5ccb7efb3,2026-10-06T15:59:28+00:00,3597,Noble,Past Teams,,February 2021 – June 2021,source_month_or_unspecified,unverified,https://www.vlr.gg/team/3597/noble
4004,https://www.vlr.gg/player/4004/zekken,d10c3860dc6d21524afc853c9e27cb6552a07b1ce8f68f3d0f4acfa5ccb7efb3,2026-10-06T15:59:28+00:00,993,Phoenix1,Past Teams,,December 2020 – January 2021,source_month_or_unspecified,unverified,https://www.vlr.gg/team/993/phoenix1
4004,https://www.vlr.gg/player/4004/zekken,d10c3860dc6d21524afc853c9e27cb6552a07b1ce8f68f3d0f4acfa5ccb7efb3,2026-10-06T15:59:28+00:00,1028,Wichita Wolves,Past Teams,,September 2020 – November 2020,source_month_or_unspecified,unverified,https://www.vlr.gg/team/1028/wichita-wolves
4038,https://www.vlr.gg/player/4038/bangnan,207b73e99db5198777bfed8853b03adefbaee37462642f9e1099bff43e39a9f7,2026-10-06T15:59:28+00:00,21367,REIGNITE FOXX,Past Teams,,February 2026 – May 2026,source_month_or_unspecified,unverified,https://www.vlr.gg/team/21367/reignite-foxx
4038,https://www.vlr.gg/player/4038/bangnan,207b73e99db5198777bfed8853b03adefbaee37462642f9e1099bff43e39a9f7,2026-10-06T15:59:28+00:00,11348,Dplus Esports,Past Teams,,October 2024 – September 2025,source_month_or_unspecified,unverified,https://www.vlr.gg/team/11348/dplus-esports
4038,https://www.vlr.gg/player/4038/bangnan,207b73e99db5198777bfed8853b03adefbaee37462642f9e1099bff43e39a9f7,2026-10-06T15:59:28+00:00,15746,VEC DAEJEON,Past Teams,,May 2024 – July 2024,source_month_or_unspecified,unverified,https://www.vlr.gg/team/15746/vec-daejeon
4038,https://www.vlr.gg/player/4038/bangnan,207b73e99db5198777bfed8853b03adefbaee37462642f9e1099bff43e39a9f7,2026-10-06T15:59:28+00:00,11229,VARREL,Past Teams,,August 2023 – April 2024,source_month_or_unspecified,unverified,https://www.vlr.gg/team/11229/varrel
4038,https://www.vlr.gg/player/4038/bangnan,207b73e99db5198777bfed8853b03adefbaee37462642f9e1099bff43e39a9f7,2026-10-06T15:59:28+00:00,8866,Good 8 Squad,Past Teams,,March 2023 – March 2023,source_month_or_unspecified,unverified,https://www.vlr.gg/team/8866/good-8-squad
4038,https://www.vlr.gg/player/4038/bangnan,207b73e99db5198777bfed8853b03adefbaee37462642f9e1099bff43e39a9f7,2026-10-06T15:59:28+00:00,2542,DAMWON Gaming,Past Teams,,April 2022 – November 2022,source_month_or_unspecified,unverified,https://www.vlr.gg/team/2542/damwon-gaming
4038,https://www.vlr.gg/player/4038/bangnan,207b73e99db5198777bfed8853b03adefbaee37462642f9e1099bff43e39a9f7,2026-10-06T15:59:28+00:00,8088,Team T5,Past Teams,,,source_month_or_unspecified,unverified,https://www.vlr.gg/team/8088/team-t5
4038,https://www.vlr.gg/player/4038/bangnan,207b73e99db5198777bfed8853b03adefbaee37462642f9e1099bff43e39a9f7,2026-10-06T15:59:28+00:00,4764,GOMA,Past Teams,,June 2021 – September 2021,source_month_or_unspecified,unverified,https://www.vlr.gg/team/4764/goma
4038,https://www.vlr.gg/player/4038/bangnan,207b73e99db5198777bfed8853b03adefbaee37462642f9e1099bff43e39a9f7,2026-10-06T15:59:28+00:00,2571,Lunatic-Hai,Past Teams,,left in February 2021,source_month_or_unspecified,unverified,https://www.vlr.gg/team/2571/lunatic-hai
4038,https://www.vlr.gg/player/4038/bangnan,207b73e99db5198777bfed8853b03adefbaee37462642f9e1099bff43e39a9f7,2026-10-06T15:59:28+00:00,1337,PK,Past Teams,,,source_month_or_unspecified,unverified,https://www.vlr.gg/team/1337/pk
4038,https://www.vlr.gg/player/4038/bangnan,207b73e99db5198777bfed8853b03adefbaee37462642f9e1099bff43e39a9f7,2026-10-06T15:59:28+00:00,1049,re'born,Past Teams,,left in October 2020,source_month_or_unspecified,unverified,https://www.vlr.gg/team/1049/reborn
4056,https://www.vlr.gg/player/4056/sylvan,970907d89224f6c93b32db01332bee794cc0effb9967b2f8eaa56a65b39cade2,2026-10-06T15:59:29+00:00,6199,Team Secret,Current Teams,,Inactive from September 2026,source_month_or_unspecified,unverified,https://www.vlr.gg/team/6199/team-secret
4056,https://www.vlr.gg/player/4056/sylvan,970907d89224f6c93b32db01332bee794cc0effb9967b2f8eaa56a65b39cade2,2026-10-06T15:59:29+00:00,14,T1,Past Teams,,October 2024 – October 2025,source_month_or_unspecified,unverified,https://www.vlr.gg/team/14/t1
4056,https://www.vlr.gg/player/4056/sylvan,970907d89224f6c93b32db01332bee794cc0effb9967b2f8eaa56a65b39cade2,2026-10-06T15:59:29+00:00,13532,TOP Esports,Past Teams,,left in January 2024,source_month_or_unspecified,unverified,https://www.vlr.gg/team/13532/top-esports
4056,https://www.vlr.gg/player/4056/sylvan,970907d89224f6c93b32db01332bee794cc0effb9967b2f8eaa56a65b39cade2,2026-10-06T15:59:29+00:00,17,Gen.G,Past Teams,,March 2023 – September 2023,source_month_or_unspecified,unverified,https://www.vlr.gg/team/17/gen-g
4056,https://www.vlr.gg/player/4056/sylvan,970907d89224f6c93b32db01332bee794cc0effb9967b2f8eaa56a65b39cade2,2026-10-06T15:59:29+00:00,2554,World Game Star,Past Teams,,joined in May 2021,source_month_or_unspecified,unverified,https://www.vlr.gg/team/2554/world-game-star
4056,https://www.vlr.gg/player/4056/sylvan,970907d89224f6c93b32db01332bee794cc0effb9967b2f8eaa56a65b39cade2,2026-10-06T15:59:29+00:00,4030,AUTOCRACY,Past Teams,,,source_month_or_unspecified,unverified,https://www.vlr.gg/team/4030/autocracy
4056,https://www.vlr.gg/player/4056/sylvan,970907d89224f6c93b32db01332bee794cc0effb9967b2f8eaa56a65b39cade2,2026-10-06T15:59:29+00:00,1025,ZFGaming,Past Teams,,left in March 2021,source_month_or_unspecified,unverified,https://www.vlr.gg/team/1025/zfgaming
4056,https://www.vlr.gg/player/4056/sylvan,970907d89224f6c93b32db01332bee794cc0effb9967b2f8eaa56a65b39cade2,2026-10-06T15:59:29+00:00,1057,aNg DarkHorse,Past Teams,,left in December 2020,source_month_or_unspecified,unverified,https://www.vlr.gg/team/1057/ang-darkhorse
4122,https://www.vlr.gg/player/4122/persia,d7e69f01cc3e81244516421d6fd1f9568159ee6e4672478543e268bdf0932b3c,2026-10-06T15:59:30+00:00,104,REJECT,Current Teams,,Inactive from September 2026,source_month_or_unspecified,unverified,https://www.vlr.gg/team/104/reject
4122,https://www.vlr.gg/player/4122/persia,d7e69f01cc3e81244516421d6fd1f9568159ee6e4672478543e268bdf0932b3c,2026-10-06T15:59:30+00:00,11060,Nongshim RedForce,Past Teams,,November 2024 – October 2025,source_month_or_unspecified,unverified,https://www.vlr.gg/team/11060/nongshim-redforce
4122,https://www.vlr.gg/player/4122/persia,d7e69f01cc3e81244516421d6fd1f9568159ee6e4672478543e268bdf0932b3c,2026-10-06T15:59:30+00:00,14422,Sin Prisa Gaming,Past Teams,,April 2024 – November 2024,source_month_or_unspecified,unverified,https://www.vlr.gg/team/14422/sin-prisa-gaming
4122,https://www.vlr.gg/player/4122/persia,d7e69f01cc3e81244516421d6fd1f9568159ee6e4672478543e268bdf0932b3c,2026-10-06T15:59:30+00:00,11233,BC SWELL,Past Teams,,Inactive from February 2024,source_month_or_unspecified,unverified,https://www.vlr.gg/team/11233/bc-swell
4122,https://www.vlr.gg/player/4122/persia,d7e69f01cc3e81244516421d6fd1f9568159ee6e4672478543e268bdf0932b3c,2026-10-06T15:59:30+00:00,8086,Maru Gaming,Past Teams,,December 2022 – June 2023,source_month_or_unspecified,unverified,https://www.vlr.gg/team/8086/maru-gaming
4122,https://www.vlr.gg/player/4122/persia,d7e69f01cc3e81244516421d6fd1f9568159ee6e4672478543e268bdf0932b3c,2026-10-06T15:59:30+00:00,8904,Orangutan,Past Teams,,May 2022 – July 2022,source_month_or_unspecified,unverified,https://www.vlr.gg/team/8904/orangutan
4122,https://www.vlr.gg/player/4122/persia,d7e69f01cc3e81244516421d6fd1f9568159ee6e4672478543e268bdf0932b3c,2026-10-06T15:59:30+00:00,6618,VVS,Past Teams,,,source_month_or_unspecified,unverified,https://www.vlr.gg/team/6618/vvs
4122,https://www.vlr.gg/player/4122/persia,d7e69f01cc3e81244516421d6fd1f9568159ee6e4672478543e268bdf0932b3c,2026-10-06T15:59:30+00:00,1140,TUBEPLE Gaming,Past Teams,,joined in December 2020,source_month_or_unspecified,unverified,https://www.vlr.gg/team/1140/tubeple-gaming
4122,https://www.vlr.gg/player/4122/persia,d7e69f01cc3e81244516421d6fd1f9568159ee6e4672478543e268bdf0932b3c,2026-10-06T15:59:30+00:00,1060,Challenge,Past Teams,,left in November 2020,source_month_or_unspecified,unverified,https://www.vlr.gg/team/1060/challenge
4147,https://www.vlr.gg/player/4147/cryocells,fa14f866fcb825a9a6ecb81919177950a0b9f468116714ffe824fa37bfaf9db6,2026-10-06T15:59:30+00:00,120,100 Thieves,Current Teams,,joined in November 2025,source_month_or_unspecified,unverified,https://www.vlr.gg/team/120/100-thieves
4147,https://www.vlr.gg/player/4147/cryocells,fa14f866fcb825a9a6ecb81919177950a0b9f468116714ffe824fa37bfaf9db6,2026-10-06T15:59:30+00:00,22778,United States of America,Past Teams,,joined in June 2026,source_month_or_unspecified,unverified,https://www.vlr.gg/team/22778/united-states-of-america
4147,https://www.vlr.gg/player/4147/cryocells,fa14f866fcb825a9a6ecb81919177950a0b9f468116714ffe824fa37bfaf9db6,2026-10-06T15:59:30+00:00,10349,Team AverageJonas,Past Teams,,,source_month_or_unspecified,unverified,https://www.vlr.gg/team/10349/team-averagejonas
4147,https://www.vlr.gg/player/4147/cryocells,fa14f866fcb825a9a6ecb81919177950a0b9f468116714ffe824fa37bfaf9db6,2026-10-06T15:59:30+00:00,120,100 Thieves,Past Teams,,Inactive from September 2025,source_month_or_unspecified,unverified,https://www.vlr.gg/team/120/100-thieves
4147,https://www.vlr.gg/player/4147/cryocells,fa14f866fcb825a9a6ecb81919177950a0b9f468116714ffe824fa37bfaf9db6,2026-10-06T15:59:30+00:00,533,XSET,Past Teams,,Inactive from September 2022,source_month_or_unspecified,unverified,https://www.vlr.gg/team/533/xset
4147,https://www.vlr.gg/player/4147/cryocells,fa14f866fcb825a9a6ecb81919177950a0b9f468116714ffe824fa37bfaf9db6,2026-10-06T15:59:30+00:00,4345,SoaR,Past Teams,,April 2021 – December 2021,source_month_or_unspecified,unverified,https://www.vlr.gg/team/4345/soar
4147,https://www.vlr.gg/player/4147/cryocells,fa14f866fcb825a9a6ecb81919177950a0b9f468116714ffe824fa37bfaf9db6,2026-10-06T15:59:30+00:00,2938,PUGSTARS,Past Teams,,March 2021 – April 2021,source_month_or_unspecified,unverified,https://www.vlr.gg/team/2938/pugstars
4147,https://www.vlr.gg/player/4147/cryocells,fa14f866fcb825a9a6ecb81919177950a0b9f468116714ffe824fa37bfaf9db6,2026-10-06T15:59:30+00:00,3526,Cosmic Divide,Past Teams,,March 2021 – March 2021,source_month_or_unspecified,unverified,https://www.vlr.gg/team/3526/cosmic-divide
4147,https://www.vlr.gg/player/4147/cryocells,fa14f866fcb825a9a6ecb81919177950a0b9f468116714ffe824fa37bfaf9db6,2026-10-06T15:59:30+00:00,2033,Big Frames,Past Teams,,left in March 2021,source_month_or_unspecified,unverified,https://www.vlr.gg/team/2033/big-frames
4164,https://www.vlr.gg/player/4164/s0m,5f0cadf6ae2b7fa0d59515617fe25246fc9d34dc8472898636c876b74e399416,2026-10-06T15:38:27+00:00,1034,NRG,Past Teams,,May 2024 – October 2025,source_month_or_unspecified,unverified,https://www.vlr.gg/team/1034/nrg
4164,https://www.vlr.gg/player/4164/s0m,5f0cadf6ae2b7fa0d59515617fe25246fc9d34dc8472898636c876b74e399416,2026-10-06T15:38:27+00:00,1034,NRG,Past Teams,,Inactive from August 2023,source_month_or_unspecified,unverified,https://www.vlr.gg/team/1034/nrg
4181,https://www.vlr.gg/player/4181/cloud,422c0ba86291e8f936364680a9a61d00b6cfee513bfcc39922c4b30b50b36422,2026-10-06T15:59:31+00:00,2593,FNATIC,Current Teams,,joined in June 2026,source_month_or_unspecified,unverified,https://www.vlr.gg/team/2593/fnatic
4181,https://www.vlr.gg/player/4181/cloud,422c0ba86291e8f936364680a9a61d00b6cfee513bfcc39922c4b30b50b36422,2026-10-06T15:59:31+00:00,14419,GIANTX,Past Teams,,December 2023 – June 2026,source_month_or_unspecified,unverified,https://www.vlr.gg/team/14419/giantx
4181,https://www.vlr.gg/player/4181/cloud,422c0ba86291e8f936364680a9a61d00b6cfee513bfcc39922c4b30b50b36422,2026-10-06T15:59:31+00:00,2304,Giants Gaming,Past Teams,,November 2022 – December 2023,source_month_or_unspecified,unverified,https://www.vlr.gg/team/2304/giants-gaming
4181,https://www.vlr.gg/player/4181/cloud,422c0ba86291e8f936364680a9a61d00b6cfee513bfcc39922c4b30b50b36422,2026-10-06T15:59:31+00:00,5032,No Pressure,Past Teams,,left in July 2021,source_month_or_unspecified,unverified,https://www.vlr.gg/team/5032/no-pressure
4181,https://www.vlr.gg/player/4181/cloud,422c0ba86291e8f936364680a9a61d00b6cfee513bfcc39922c4b30b50b36422,2026-10-06T15:59:31+00:00,4915,Natus Vincere,Past Teams,,Inactive from September 2022,source_month_or_unspecified,unverified,https://www.vlr.gg/team/4915/natus-vincere
4181,https://www.vlr.gg/player/4181/cloud,422c0ba86291e8f936364680a9a61d00b6cfee513bfcc39922c4b30b50b36422,2026-10-06T15:59:31+00:00,2562,HONK,Past Teams,,April 2021 – June 2021,source_month_or_unspecified,unverified,https://www.vlr.gg/team/2562/honk
4181,https://www.vlr.gg/player/4181/cloud,422c0ba86291e8f936364680a9a61d00b6cfee513bfcc39922c4b30b50b36422,2026-10-06T15:59:31+00:00,1020,CrowСrowd,Past Teams,,left in April 2021,source_month_or_unspecified,unverified,https://www.vlr.gg/team/1020/crow-rowd
4244,https://www.vlr.gg/player/4244/yaboilewis,715159e1abe07b116c087b7737d5214d40268883eec2f046d8b0895164291f54,2026-10-06T15:59:32+00:00,23446,UK Warriors,Current Teams,,,source_month_or_unspecified,unverified,https://www.vlr.gg/team/23446/uk-warriors
4244,https://www.vlr.gg/player/4244/yaboilewis,715159e1abe07b116c087b7737d5214d40268883eec2f046d8b0895164291f54,2026-10-06T15:59:32+00:00,23449,Barbershop,Current Teams,,,source_month_or_unspecified,unverified,https://www.vlr.gg/team/23449/barbershop
4244,https://www.vlr.gg/player/4244/yaboilewis,715159e1abe07b116c087b7737d5214d40268883eec2f046d8b0895164291f54,2026-10-06T15:59:32+00:00,22783,Great Britain,Past Teams,,joined in June 2026,source_month_or_unspecified,unverified,https://www.vlr.gg/team/22783/great-britain
4244,https://www.vlr.gg/player/4244/yaboilewis,715159e1abe07b116c087b7737d5214d40268883eec2f046d8b0895164291f54,2026-10-06T15:59:32+00:00,6882,FOKUS,Past Teams,,April 2026 – July 2026,source_month_or_unspecified,unverified,https://www.vlr.gg/team/6882/fokus
4244,https://www.vlr.gg/player/4244/yaboilewis,715159e1abe07b116c087b7737d5214d40268883eec2f046d8b0895164291f54,2026-10-06T15:59:32+00:00,1471,Team RA'AD,Past Teams,,joined in January 2026,source_month_or_unspecified,unverified,https://www.vlr.gg/team/1471/team-raad
4244,https://www.vlr.gg/player/4244/yaboilewis,715159e1abe07b116c087b7737d5214d40268883eec2f046d8b0895164291f54,2026-10-06T15:59:32+00:00,6085,3BL Esports,Past Teams,,,source_month_or_unspecified,unverified,https://www.vlr.gg/team/6085/3bl-esports
4244,https://www.vlr.gg/player/4244/yaboilewis,715159e1abe07b116c087b7737d5214d40268883eec2f046d8b0895164291f54,2026-10-06T15:59:32+00:00,10126,Team United Kingdom,Past Teams,,joined in November 2023,source_month_or_unspecified,unverified,https://www.vlr.gg/team/10126/team-united-kingdom
4244,https://www.vlr.gg/player/4244/yaboilewis,715159e1abe07b116c087b7737d5214d40268883eec2f046d8b0895164291f54,2026-10-06T15:59:32+00:00,6882,FOKUS,Past Teams,,January 2022 – October 2025,source_month_or_unspecified,unverified,https://www.vlr.gg/team/6882/fokus
4244,https://www.vlr.gg/player/4244/yaboilewis,715159e1abe07b116c087b7737d5214d40268883eec2f046d8b0895164291f54,2026-10-06T15:59:32+00:00,6642,BleakMidWinter,Past Teams,,,source_month_or_unspecified,unverified,https://www.vlr.gg/team/6642/bleakmidwinter
4244,https://www.vlr.gg/player/4244/yaboilewis,715159e1abe07b116c087b7737d5214d40268883eec2f046d8b0895164291f54,2026-10-06T15:59:32+00:00,5493,Vitriolic,Past Teams,,joined in July 2021,source_month_or_unspecified,unverified,https://www.vlr.gg/team/5493/vitriolic
4244,https://www.vlr.gg/player/4244/yaboilewis,715159e1abe07b116c087b7737d5214d40268883eec2f046d8b0895164291f54,2026-10-06T15:59:32+00:00,5069,Jammers,Past Teams,,left in July 2021,source_month_or_unspecified,unverified,https://www.vlr.gg/team/5069/jammers
4244,https://www.vlr.gg/player/4244/yaboilewis,715159e1abe07b116c087b7737d5214d40268883eec2f046d8b0895164291f54,2026-10-06T15:59:32+00:00,3147,PowerHouse,Past Teams,,February 2021 – March 2021,source_month_or_unspecified,unverified,https://www.vlr.gg/team/3147/powerhouse
4244,https://www.vlr.gg/player/4244/yaboilewis,715159e1abe07b116c087b7737d5214d40268883eec2f046d8b0895164291f54,2026-10-06T15:59:32+00:00,1822,Crack Shack,Past Teams,,,source_month_or_unspecified,unverified,https://www.vlr.gg/team/1822/crack-shack
4244,https://www.vlr.gg/player/4244/yaboilewis,715159e1abe07b116c087b7737d5214d40268883eec2f046d8b0895164291f54,2026-10-06T15:59:32+00:00,1088,salt123,Past Teams,,,source_month_or_unspecified,unverified,https://www.vlr.gg/team/1088/salt123
4382,https://www.vlr.gg/player/4382/sscary,a0dbf5180c0135ef93137785c05f389e9b8797ed9142e776274682485fc15b04,2026-10-06T15:59:33+00:00,11328,FunPlus Phoenix,Past Teams,,November 2025 – March 2026,source_month_or_unspecified,unverified,https://www.vlr.gg/team/11328/funplus-phoenix
4382,https://www.vlr.gg/player/4382/sscary,a0dbf5180c0135ef93137785c05f389e9b8797ed9142e776274682485fc15b04,2026-10-06T15:59:33+00:00,6387,BLEED,Past Teams,,October 2022 – October 2024,source_month_or_unspecified,unverified,https://www.vlr.gg/team/6387/bleed
4382,https://www.vlr.gg/player/4382/sscary,a0dbf5180c0135ef93137785c05f389e9b8797ed9142e776274682485fc15b04,2026-10-06T15:59:33+00:00,7397,XERXIA Esports,Past Teams,,January 2022 – October 2022,source_month_or_unspecified,unverified,https://www.vlr.gg/team/7397/xerxia-esports
4382,https://www.vlr.gg/player/4382/sscary,a0dbf5180c0135ef93137785c05f389e9b8797ed9142e776274682485fc15b04,2026-10-06T15:59:33+00:00,2112,X10 Esports,Past Teams,,December 2020 – January 2022,source_month_or_unspecified,unverified,https://www.vlr.gg/team/2112/x10-esports
4382,https://www.vlr.gg/player/4382/sscary,a0dbf5180c0135ef93137785c05f389e9b8797ed9142e776274682485fc15b04,2026-10-06T15:59:33+00:00,1106,Overtime Esports,Past Teams,,left in December 2020,source_month_or_unspecified,unverified,https://www.vlr.gg/team/1106/overtime-esports
4426,https://www.vlr.gg/player/4426/klaus,2051140e0a80fc20ebb2bcb8cb6aa62f43111786b4124386a3b5671f34b0a5b7,2026-10-06T15:59:33+00:00,11229,VARREL,Current Teams,,joined in December 2025,source_month_or_unspecified,unverified,https://www.vlr.gg/team/11229/varrel
4426,https://www.vlr.gg/player/4426/klaus,2051140e0a80fc20ebb2bcb8cb6aa62f43111786b4124386a3b5671f34b0a5b7,2026-10-06T15:59:33+00:00,12446,SLT Seongnam,Past Teams,,October 2024 – December 2025,source_month_or_unspecified,unverified,https://www.vlr.gg/team/12446/slt-seongnam
4426,https://www.vlr.gg/player/4426/klaus,2051140e0a80fc20ebb2bcb8cb6aa62f43111786b4124386a3b5671f34b0a5b7,2026-10-06T15:59:33+00:00,14577,Our Name Is,Past Teams,,,source_month_or_unspecified,unverified,https://www.vlr.gg/team/14577/our-name-is
4426,https://www.vlr.gg/player/4426/klaus,2051140e0a80fc20ebb2bcb8cb6aa62f43111786b4124386a3b5671f34b0a5b7,2026-10-06T15:59:33+00:00,12414,Super Kimchi Power,Past Teams,,,source_month_or_unspecified,unverified,https://www.vlr.gg/team/12414/super-kimchi-power
4426,https://www.vlr.gg/player/4426/klaus,2051140e0a80fc20ebb2bcb8cb6aa62f43111786b4124386a3b5671f34b0a5b7,2026-10-06T15:59:33+00:00,1138,Team Nutria,Past Teams,,,source_month_or_unspecified,unverified,https://www.vlr.gg/team/1138/team-nutria
4428,https://www.vlr.gg/player/4428/udotan,44b665e2aaf8c7738c78c59f3c422de2d0ccd2d80a97ad720cf8c9c1c91366af,2026-10-06T15:59:34+00:00,918,Global Esports,Current Teams,,joined in October 2024,source_month_or_unspecified,unverified,https://www.vlr.gg/team/918/global-esports
4428,https://www.vlr.gg/player/4428/udotan,44b665e2aaf8c7738c78c59f3c422de2d0ccd2d80a97ad720cf8c9c1c91366af,2026-10-06T15:59:34+00:00,20189,Global Esports Spotlight,Past Teams,,joined in October 2025,source_month_or_unspecified,unverified,https://www.vlr.gg/team/20189/global-esports-spotlight
4428,https://www.vlr.gg/player/4428/udotan,44b665e2aaf8c7738c78c59f3c422de2d0ccd2d80a97ad720cf8c9c1c91366af,2026-10-06T15:59:34+00:00,11985,Rare Atom,Past Teams,,February 2024 – September 2024,source_month_or_unspecified,unverified,https://www.vlr.gg/team/11985/rare-atom
4428,https://www.vlr.gg/player/4428/udotan,44b665e2aaf8c7738c78c59f3c422de2d0ccd2d80a97ad720cf8c9c1c91366af,2026-10-06T15:59:34+00:00,11980,Four Angry Men,Past Teams,,joined in October 2023,source_month_or_unspecified,unverified,https://www.vlr.gg/team/11980/four-angry-men
4428,https://www.vlr.gg/player/4428/udotan,44b665e2aaf8c7738c78c59f3c422de2d0ccd2d80a97ad720cf8c9c1c91366af,2026-10-06T15:59:34+00:00,12403,QwQ,Past Teams,,,source_month_or_unspecified,unverified,https://www.vlr.gg/team/12403/qwq
4428,https://www.vlr.gg/player/4428/udotan,44b665e2aaf8c7738c78c59f3c422de2d0ccd2d80a97ad720cf8c9c1c91366af,2026-10-06T15:59:34+00:00,11707,Gwangju Shadow,Past Teams,,March 2023 – December 2023,source_month_or_unspecified,unverified,https://www.vlr.gg/team/11707/gwangju-shadow
4428,https://www.vlr.gg/player/4428/udotan,44b665e2aaf8c7738c78c59f3c422de2d0ccd2d80a97ad720cf8c9c1c91366af,2026-10-06T15:59:34+00:00,8897,Tartarus,Past Teams,,,source_month_or_unspecified,unverified,https://www.vlr.gg/team/8897/tartarus
4428,https://www.vlr.gg/player/4428/udotan,44b665e2aaf8c7738c78c59f3c422de2d0ccd2d80a97ad720cf8c9c1c91366af,2026-10-06T15:59:34+00:00,10604,Short Team,Past Teams,,,source_month_or_unspecified,unverified,https://www.vlr.gg/team/10604/short-team
4428,https://www.vlr.gg/player/4428/udotan,44b665e2aaf8c7738c78c59f3c422de2d0ccd2d80a97ad720cf8c9c1c91366af,2026-10-06T15:59:34+00:00,8304,TALON,Past Teams,,April 2022 – October 2022,source_month_or_unspecified,unverified,https://www.vlr.gg/team/8304/talon
4428,https://www.vlr.gg/player/4428/udotan,44b665e2aaf8c7738c78c59f3c422de2d0ccd2d80a97ad720cf8c9c1c91366af,2026-10-06T15:59:34+00:00,2806,GoNGo Prince,Past Teams,,January 2022 – April 2022,source_month_or_unspecified,unverified,https://www.vlr.gg/team/2806/gongo-prince
4428,https://www.vlr.gg/player/4428/udotan,44b665e2aaf8c7738c78c59f3c422de2d0ccd2d80a97ad720cf8c9c1c91366af,2026-10-06T15:59:34+00:00,4026,Noble Experience,Past Teams,,,source_month_or_unspecified,unverified,https://www.vlr.gg/team/4026/noble-experience
4428,https://www.vlr.gg/player/4428/udotan,44b665e2aaf8c7738c78c59f3c422de2d0ccd2d80a97ad720cf8c9c1c91366af,2026-10-06T15:59:34+00:00,1138,Team Nutria,Past Teams,,,source_month_or_unspecified,unverified,https://www.vlr.gg/team/1138/team-nutria
4462,https://www.vlr.gg/player/4462/mako,3b10988f2dcbfa9b6b5ce4c2e6ccdb6f16eab99af5d8369e18fe8eabfb4e9e59,2026-10-06T15:59:34+00:00,8185,KIWOOM DRX,Current Teams,,joined in January 2022,source_month_or_unspecified,unverified,https://www.vlr.gg/team/8185/kiwoom-drx
4462,https://www.vlr.gg/player/4462/mako,3b10988f2dcbfa9b6b5ce4c2e6ccdb6f16eab99af5d8369e18fe8eabfb4e9e59,2026-10-06T15:59:34+00:00,198,Vision Strikers,Past Teams,,May 2021 – January 2022,source_month_or_unspecified,unverified,https://www.vlr.gg/team/198/vision-strikers
4462,https://www.vlr.gg/player/4462/mako,3b10988f2dcbfa9b6b5ce4c2e6ccdb6f16eab99af5d8369e18fe8eabfb4e9e59,2026-10-06T15:59:34+00:00,1140,TUBEPLE Gaming,Past Teams,,left in April 2021,source_month_or_unspecified,unverified,https://www.vlr.gg/team/1140/tubeple-gaming
4462,https://www.vlr.gg/player/4462/mako,3b10988f2dcbfa9b6b5ce4c2e6ccdb6f16eab99af5d8369e18fe8eabfb4e9e59,2026-10-06T15:59:34+00:00,1139,BE INFAMOUS,Past Teams,,,source_month_or_unspecified,unverified,https://www.vlr.gg/team/1139/be-infamous
4521,https://www.vlr.gg/player/4521/unfake,8d450d9ea141c1411c6626e183366a4b3dd3a4ea22df89b61f72578def4e8b41,2026-10-06T15:59:35+00:00,14525,BRATAN MIX,Current Teams,,,source_month_or_unspecified,unverified,https://www.vlr.gg/team/14525/bratan-mix
4521,https://www.vlr.gg/player/4521/unfake,8d450d9ea141c1411c6626e183366a4b3dd3a4ea22df89b61f72578def4e8b41,2026-10-06T15:59:35+00:00,22782,Poland,Past Teams,,joined in June 2026,source_month_or_unspecified,unverified,https://www.vlr.gg/team/22782/poland
4521,https://www.vlr.gg/player/4521/unfake,8d450d9ea141c1411c6626e183366a4b3dd3a4ea22df89b61f72578def4e8b41,2026-10-06T15:59:35+00:00,11232,Joblife,Past Teams,,April 2026 – September 2026,source_month_or_unspecified,unverified,https://www.vlr.gg/team/11232/joblife
4521,https://www.vlr.gg/player/4521/unfake,8d450d9ea141c1411c6626e183366a4b3dd3a4ea22df89b61f72578def4e8b41,2026-10-06T15:59:35+00:00,2059,Team Vitality,Past Teams,,June 2025 – March 2026,source_month_or_unspecified,unverified,https://www.vlr.gg/team/2059/team-vitality
4521,https://www.vlr.gg/player/4521/unfake,8d450d9ea141c1411c6626e183366a4b3dd3a4ea22df89b61f72578def4e8b41,2026-10-06T15:59:35+00:00,11232,Joblife,Past Teams,,December 2024 – June 2025,source_month_or_unspecified,unverified,https://www.vlr.gg/team/11232/joblife
4521,https://www.vlr.gg/player/4521/unfake,8d450d9ea141c1411c6626e183366a4b3dd3a4ea22df89b61f72578def4e8b41,2026-10-06T15:59:35+00:00,9559,Zerance,Past Teams,,January 2024 – October 2024,source_month_or_unspecified,unverified,https://www.vlr.gg/team/9559/zerance
4521,https://www.vlr.gg/player/4521/unfake,8d450d9ea141c1411c6626e183366a4b3dd3a4ea22df89b61f72578def4e8b41,2026-10-06T15:59:35+00:00,7035,KOI,Past Teams,,October 2023 – November 2023,source_month_or_unspecified,unverified,https://www.vlr.gg/team/7035/koi
4521,https://www.vlr.gg/player/4521/unfake,8d450d9ea141c1411c6626e183366a4b3dd3a4ea22df89b61f72578def4e8b41,2026-10-06T15:59:35+00:00,4538,Team Queso,Past Teams,,Inactive from July 2023,source_month_or_unspecified,unverified,https://www.vlr.gg/team/4538/team-queso
4521,https://www.vlr.gg/player/4521/unfake,8d450d9ea141c1411c6626e183366a4b3dd3a4ea22df89b61f72578def4e8b41,2026-10-06T15:59:35+00:00,4357,Invicta Gaming,Past Teams,,April 2021 – May 2021,source_month_or_unspecified,unverified,https://www.vlr.gg/team/4357/invicta-gaming
4521,https://www.vlr.gg/player/4521/unfake,8d450d9ea141c1411c6626e183366a4b3dd3a4ea22df89b61f72578def4e8b41,2026-10-06T15:59:35+00:00,3541,KLATWA,Past Teams,,left in April 2021,source_month_or_unspecified,unverified,https://www.vlr.gg/team/3541/klatwa
4521,https://www.vlr.gg/player/4521/unfake,8d450d9ea141c1411c6626e183366a4b3dd3a4ea22df89b61f72578def4e8b41,2026-10-06T15:59:35+00:00,1150,MAJSTERSZTYK,Past Teams,,,source_month_or_unspecified,unverified,https://www.vlr.gg/team/1150/majstersztyk
4521,https://www.vlr.gg/player/4521/unfake,8d450d9ea141c1411c6626e183366a4b3dd3a4ea22df89b61f72578def4e8b41,2026-10-06T15:59:35+00:00,659,Dambis,Past Teams,,,source_month_or_unspecified,unverified,https://www.vlr.gg/team/659/dambis
4544,https://www.vlr.gg/player/4544/filu,b097a9b6ea53be56a3476b620b4ba9ea602f750f5b52a5917740d6a4efdae470,2026-10-06T15:59:36+00:00,4915,Natus Vincere,Current Teams,,Inactive from June 2026,source_month_or_unspecified,unverified,https://www.vlr.gg/team/4915/natus-vincere
4544,https://www.vlr.gg/player/4544/filu,b097a9b6ea53be56a3476b620b4ba9ea602f750f5b52a5917740d6a4efdae470,2026-10-06T15:59:36+00:00,7035,KOI,Past Teams,,November 2024 – September 2025,source_month_or_unspecified,unverified,https://www.vlr.gg/team/7035/koi
4544,https://www.vlr.gg/player/4544/filu,b097a9b6ea53be56a3476b620b4ba9ea602f750f5b52a5917740d6a4efdae470,2026-10-06T15:59:36+00:00,6538,DSYRE,Past Teams,,October 2023 – November 2024,source_month_or_unspecified,unverified,https://www.vlr.gg/team/6538/dsyre
4544,https://www.vlr.gg/player/4544/filu,b097a9b6ea53be56a3476b620b4ba9ea602f750f5b52a5917740d6a4efdae470,2026-10-06T15:59:36+00:00,8044,MOUZ,Past Teams,,January 2023 – September 2023,source_month_or_unspecified,unverified,https://www.vlr.gg/team/8044/mouz
4544,https://www.vlr.gg/player/4544/filu,b097a9b6ea53be56a3476b620b4ba9ea602f750f5b52a5917740d6a4efdae470,2026-10-06T15:59:36+00:00,6149,Case Esports,Past Teams,,September 2022 – November 2022,source_month_or_unspecified,unverified,https://www.vlr.gg/team/6149/case-esports
4544,https://www.vlr.gg/player/4544/filu,b097a9b6ea53be56a3476b620b4ba9ea602f750f5b52a5917740d6a4efdae470,2026-10-06T15:59:36+00:00,4616,UCAM Esports Club,Past Teams,,Inactive from July 2022,source_month_or_unspecified,unverified,https://www.vlr.gg/team/4616/ucam-esports-club
4544,https://www.vlr.gg/player/4544/filu,b097a9b6ea53be56a3476b620b4ba9ea602f750f5b52a5917740d6a4efdae470,2026-10-06T15:59:36+00:00,2499,Movistar Riders,Past Teams,,May 2021 – December 2021,source_month_or_unspecified,unverified,https://www.vlr.gg/team/2499/movistar-riders
4544,https://www.vlr.gg/player/4544/filu,b097a9b6ea53be56a3476b620b4ba9ea602f750f5b52a5917740d6a4efdae470,2026-10-06T15:59:36+00:00,3653,ownage,Past Teams,,,source_month_or_unspecified,unverified,https://www.vlr.gg/team/3653/ownage
4544,https://www.vlr.gg/player/4544/filu,b097a9b6ea53be56a3476b620b4ba9ea602f750f5b52a5917740d6a4efdae470,2026-10-06T15:59:36+00:00,662,Hajty,Past Teams,,,source_month_or_unspecified,unverified,https://www.vlr.gg/team/662/hajty
4544,https://www.vlr.gg/player/4544/filu,b097a9b6ea53be56a3476b620b4ba9ea602f750f5b52a5917740d6a4efdae470,2026-10-06T15:59:36+00:00,2332,bamboleo,Past Teams,,,source_month_or_unspecified,unverified,https://www.vlr.gg/team/2332/bamboleo
4544,https://www.vlr.gg/player/4544/filu,b097a9b6ea53be56a3476b620b4ba9ea602f750f5b52a5917740d6a4efdae470,2026-10-06T15:59:36+00:00,1150,MAJSTERSZTYK,Past Teams,,,source_month_or_unspecified,unverified,https://www.vlr.gg/team/1150/majstersztyk
4581,https://www.vlr.gg/player/4581/jonahp,128512282a7a1c45f377176e200282f6689228ed43f5c2534e81693f493c5dcc,2026-10-06T15:59:36+00:00,2,Sentinels,Current Teams,,joined in March 2026,source_month_or_unspecified,unverified,https://www.vlr.gg/team/2/sentinels
4581,https://www.vlr.gg/player/4581/jonahp,128512282a7a1c45f377176e200282f6689228ed43f5c2534e81693f493c5dcc,2026-10-06T15:59:36+00:00,22780,Canada,Past Teams,,joined in June 2026,source_month_or_unspecified,unverified,https://www.vlr.gg/team/22780/canada
4581,https://www.vlr.gg/player/4581/jonahp,128512282a7a1c45f377176e200282f6689228ed43f5c2534e81693f493c5dcc,2026-10-06T15:59:36+00:00,11058,G2 Esports,Past Teams,,Inactive from November 2025,source_month_or_unspecified,unverified,https://www.vlr.gg/team/11058/g2-esports
4581,https://www.vlr.gg/player/4581/jonahp,128512282a7a1c45f377176e200282f6689228ed43f5c2534e81693f493c5dcc,2026-10-06T15:59:36+00:00,6675,The Guard,Past Teams,,December 2021 – August 2023,source_month_or_unspecified,unverified,https://www.vlr.gg/team/6675/the-guard
4581,https://www.vlr.gg/player/4581/jonahp,128512282a7a1c45f377176e200282f6689228ed43f5c2534e81693f493c5dcc,2026-10-06T15:59:36+00:00,103,Immortals,Past Teams,,June 2021 – December 2021,source_month_or_unspecified,unverified,https://www.vlr.gg/team/103/immortals
4581,https://www.vlr.gg/player/4581/jonahp,128512282a7a1c45f377176e200282f6689228ed43f5c2534e81693f493c5dcc,2026-10-06T15:59:36+00:00,470,Complexity,Past Teams,,October 2020 – June 2021,source_month_or_unspecified,unverified,https://www.vlr.gg/team/470/complexity
4666,https://www.vlr.gg/player/4666/acme,bfa3bcc57d083d0da6840ef25d02db4c274811a0b765961f515bc1652ece8896,2026-10-06T15:59:37+00:00,1224,Weibo Gaming,Current Teams,,joined in April 2026,source_month_or_unspecified,unverified,https://www.vlr.gg/team/1224/weibo-gaming
4666,https://www.vlr.gg/player/4666/acme,bfa3bcc57d083d0da6840ef25d02db4c274811a0b765961f515bc1652ece8896,2026-10-06T15:59:37+00:00,19893,Zhu Chao Gaming,Past Teams,,left in November 2025,source_month_or_unspecified,unverified,https://www.vlr.gg/team/19893/zhu-chao-gaming
4666,https://www.vlr.gg/player/4666/acme,bfa3bcc57d083d0da6840ef25d02db4c274811a0b765961f515bc1652ece8896,2026-10-06T15:59:37+00:00,17393,FN Pocheon,Past Teams,,joined in January 2025,source_month_or_unspecified,unverified,https://www.vlr.gg/team/17393/fn-pocheon
4666,https://www.vlr.gg/player/4666/acme,bfa3bcc57d083d0da6840ef25d02db4c274811a0b765961f515bc1652ece8896,2026-10-06T15:59:37+00:00,16701,CRG,Past Teams,,left in January 2025,source_month_or_unspecified,unverified,https://www.vlr.gg/team/16701/crg
4666,https://www.vlr.gg/player/4666/acme,bfa3bcc57d083d0da6840ef25d02db4c274811a0b765961f515bc1652ece8896,2026-10-06T15:59:37+00:00,8099,CNJ Esports,Past Teams,,joined in November 2022,source_month_or_unspecified,unverified,https://www.vlr.gg/team/8099/cnj-esports
4666,https://www.vlr.gg/player/4666/acme,bfa3bcc57d083d0da6840ef25d02db4c274811a0b765961f515bc1652ece8896,2026-10-06T15:59:37+00:00,8896,HAYABUSA Gaming,Past Teams,,,source_month_or_unspecified,unverified,https://www.vlr.gg/team/8896/hayabusa-gaming
4666,https://www.vlr.gg/player/4666/acme,bfa3bcc57d083d0da6840ef25d02db4c274811a0b765961f515bc1652ece8896,2026-10-06T15:59:37+00:00,8104,Veronica7,Past Teams,,,source_month_or_unspecified,unverified,https://www.vlr.gg/team/8104/veronica7
4666,https://www.vlr.gg/player/4666/acme,bfa3bcc57d083d0da6840ef25d02db4c274811a0b765961f515bc1652ece8896,2026-10-06T15:59:37+00:00,6623,GGamDira,Past Teams,,,source_month_or_unspecified,unverified,https://www.vlr.gg/team/6623/ggamdira
4666,https://www.vlr.gg/player/4666/acme,bfa3bcc57d083d0da6840ef25d02db4c274811a0b765961f515bc1652ece8896,2026-10-06T15:59:37+00:00,5346,Alpha Six Gaming,Past Teams,,,source_month_or_unspecified,unverified,https://www.vlr.gg/team/5346/alpha-six-gaming
4666,https://www.vlr.gg/player/4666/acme,bfa3bcc57d083d0da6840ef25d02db4c274811a0b765961f515bc1652ece8896,2026-10-06T15:59:37+00:00,4024,Our Finale Story,Past Teams,,,source_month_or_unspecified,unverified,https://www.vlr.gg/team/4024/our-finale-story
4666,https://www.vlr.gg/player/4666/acme,bfa3bcc57d083d0da6840ef25d02db4c274811a0b765961f515bc1652ece8896,2026-10-06T15:59:37+00:00,2543,Physical,Past Teams,,,source_month_or_unspecified,unverified,https://www.vlr.gg/team/2543/physical
4666,https://www.vlr.gg/player/4666/acme,bfa3bcc57d083d0da6840ef25d02db4c274811a0b765961f515bc1652ece8896,2026-10-06T15:59:37+00:00,1199,WE INFAMOUS,Past Teams,,,source_month_or_unspecified,unverified,https://www.vlr.gg/team/1199/we-infamous
4678,https://www.vlr.gg/player/4678/beyn,b3ac74d3923d90f62a986fab80b4f86c043d021cf32e74380f415263efa5c975,2026-10-06T15:59:37+00:00,8185,KIWOOM DRX,Current Teams,,joined in January 2025,source_month_or_unspecified,unverified,https://www.vlr.gg/team/8185/kiwoom-drx
4678,https://www.vlr.gg/player/4678/beyn,b3ac74d3923d90f62a986fab80b4f86c043d021cf32e74380f415263efa5c975,2026-10-06T15:59:37+00:00,20188,DRX Spotlight,Past Teams,,October 2025 – November 2025,source_month_or_unspecified,unverified,https://www.vlr.gg/team/20188/drx-spotlight
4678,https://www.vlr.gg/player/4678/beyn,b3ac74d3923d90f62a986fab80b4f86c043d021cf32e74380f415263efa5c975,2026-10-06T15:59:37+00:00,8185,KIWOOM DRX,Past Teams,,Inactive from October 2024,source_month_or_unspecified,unverified,https://www.vlr.gg/team/8185/kiwoom-drx
4678,https://www.vlr.gg/player/4678/beyn,b3ac74d3923d90f62a986fab80b4f86c043d021cf32e74380f415263efa5c975,2026-10-06T15:59:37+00:00,1119,All Gamers,Past Teams,stand-in,joined in October 2023,source_month_or_unspecified,unverified,https://www.vlr.gg/team/1119/all-gamers
4678,https://www.vlr.gg/player/4678/beyn,b3ac74d3923d90f62a986fab80b4f86c043d021cf32e74380f415263efa5c975,2026-10-06T15:59:37+00:00,9749,DRX Academy,Past Teams,,Inactive from August 2023,source_month_or_unspecified,unverified,https://www.vlr.gg/team/9749/drx-academy
4678,https://www.vlr.gg/player/4678/beyn,b3ac74d3923d90f62a986fab80b4f86c043d021cf32e74380f415263efa5c975,2026-10-06T15:59:37+00:00,8086,Maru Gaming,Past Teams,,January 2023 – June 2023,source_month_or_unspecified,unverified,https://www.vlr.gg/team/8086/maru-gaming
4678,https://www.vlr.gg/player/4678/beyn,b3ac74d3923d90f62a986fab80b4f86c043d021cf32e74380f415263efa5c975,2026-10-06T15:59:37+00:00,9749,DRX Academy,Past Teams,,October 2022 – January 2023,source_month_or_unspecified,unverified,https://www.vlr.gg/team/9749/drx-academy
4678,https://www.vlr.gg/player/4678/beyn,b3ac74d3923d90f62a986fab80b4f86c043d021cf32e74380f415263efa5c975,2026-10-06T15:59:37+00:00,1670,F4Q,Past Teams,,April 2022 – October 2022,source_month_or_unspecified,unverified,https://www.vlr.gg/team/1670/f4q
4678,https://www.vlr.gg/player/4678/beyn,b3ac74d3923d90f62a986fab80b4f86c043d021cf32e74380f415263efa5c975,2026-10-06T15:59:37+00:00,8185,KIWOOM DRX,Past Teams,trial,January 2022 – October 2022,source_month_or_unspecified,unverified,https://www.vlr.gg/team/8185/kiwoom-drx
4678,https://www.vlr.gg/player/4678/beyn,b3ac74d3923d90f62a986fab80b4f86c043d021cf32e74380f415263efa5c975,2026-10-06T15:59:37+00:00,198,Vision Strikers,Past Teams,trial,May 2021 – January 2022,source_month_or_unspecified,unverified,https://www.vlr.gg/team/198/vision-strikers
4678,https://www.vlr.gg/player/4678/beyn,b3ac74d3923d90f62a986fab80b4f86c043d021cf32e74380f415263efa5c975,2026-10-06T15:59:37+00:00,6618,VVS,Past Teams,,,source_month_or_unspecified,unverified,https://www.vlr.gg/team/6618/vvs
4678,https://www.vlr.gg/player/4678/beyn,b3ac74d3923d90f62a986fab80b4f86c043d021cf32e74380f415263efa5c975,2026-10-06T15:59:37+00:00,2557,Saviors,Past Teams,,left in April 2021,source_month_or_unspecified,unverified,https://www.vlr.gg/team/2557/saviors
4678,https://www.vlr.gg/player/4678/beyn,b3ac74d3923d90f62a986fab80b4f86c043d021cf32e74380f415263efa5c975,2026-10-06T15:59:37+00:00,1195,CoreNine Academy,Past Teams,,left in November 2020,source_month_or_unspecified,unverified,https://www.vlr.gg/team/1195/corenine-academy
4712,https://www.vlr.gg/player/4712/heybay,f54392fa0b1cd40d441ff927b3d370189fc6b1ccd4834e1579abe5609a9be326,2026-10-06T15:59:38+00:00,1224,Weibo Gaming,Current Teams,,joined in May 2026,source_month_or_unspecified,unverified,https://www.vlr.gg/team/1224/weibo-gaming
4712,https://www.vlr.gg/player/4712/heybay,f54392fa0b1cd40d441ff927b3d370189fc6b1ccd4834e1579abe5609a9be326,2026-10-06T15:59:38+00:00,12064,Nova Esports,Past Teams,,November 2025 – June 2026,source_month_or_unspecified,unverified,https://www.vlr.gg/team/12064/nova-esports
4712,https://www.vlr.gg/player/4712/heybay,f54392fa0b1cd40d441ff927b3d370189fc6b1ccd4834e1579abe5609a9be326,2026-10-06T15:59:38+00:00,12685,Trace Esports,Past Teams,,June 2023 – November 2025,source_month_or_unspecified,unverified,https://www.vlr.gg/team/12685/trace-esports
4712,https://www.vlr.gg/player/4712/heybay,f54392fa0b1cd40d441ff927b3d370189fc6b1ccd4834e1579abe5609a9be326,2026-10-06T15:59:38+00:00,1211,Totoro Gaming,Past Teams,,left in June 2023,source_month_or_unspecified,unverified,https://www.vlr.gg/team/1211/totoro-gaming
4712,https://www.vlr.gg/player/4712/heybay,f54392fa0b1cd40d441ff927b3d370189fc6b1ccd4834e1579abe5609a9be326,2026-10-06T15:59:38+00:00,619,Only One Word,Past Teams,,,source_month_or_unspecified,unverified,https://www.vlr.gg/team/619/only-one-word
4720,https://www.vlr.gg/player/4720/haodong,8e8a62fcd5dd11d74c2636ad97f18a34a8445ff64d39d8861ca6b68806630dea,2026-10-06T15:59:39+00:00,14137,Titan Esports Club,Current Teams,,joined in October 2024,source_month_or_unspecified,unverified,https://www.vlr.gg/team/14137/titan-esports-club
4720,https://www.vlr.gg/player/4720/haodong,8e8a62fcd5dd11d74c2636ad97f18a34a8445ff64d39d8861ca6b68806630dea,2026-10-06T15:59:39+00:00,1120,EDward Gaming,Past Teams,,August 2020 – October 2024,source_month_or_unspecified,unverified,https://www.vlr.gg/team/1120/edward-gaming
4742,https://www.vlr.gg/player/4742/smoggy,e952826b2abca0ed243b88b861692b4de78ff4dad046bc26b56806b6e6b25630,2026-10-06T15:59:39+00:00,1120,EDward Gaming,Current Teams,,joined in July 2022,source_month_or_unspecified,unverified,https://www.vlr.gg/team/1120/edward-gaming
4742,https://www.vlr.gg/player/4742/smoggy,e952826b2abca0ed243b88b861692b4de78ff4dad046bc26b56806b6e6b25630,2026-10-06T15:59:39+00:00,1224,Weibo Gaming,Past Teams,,,source_month_or_unspecified,unverified,https://www.vlr.gg/team/1224/weibo-gaming
4742,https://www.vlr.gg/player/4742/smoggy,e952826b2abca0ed243b88b861692b4de78ff4dad046bc26b56806b6e6b25630,2026-10-06T15:59:39+00:00,1214,For The Dream,Past Teams,,,source_month_or_unspecified,unverified,https://www.vlr.gg/team/1214/for-the-dream
4770,https://www.vlr.gg/player/4770/fengf,aaacebcef15260ef5a6de1f730947182471c8944bff7260aabe4742528c6874e,2026-10-06T15:59:40+00:00,12685,Trace Esports,Current Teams,,joined in June 2023,source_month_or_unspecified,unverified,https://www.vlr.gg/team/12685/trace-esports
4770,https://www.vlr.gg/player/4770/fengf,aaacebcef15260ef5a6de1f730947182471c8944bff7260aabe4742528c6874e,2026-10-06T15:59:40+00:00,1211,Totoro Gaming,Past Teams,,left in June 2023,source_month_or_unspecified,unverified,https://www.vlr.gg/team/1211/totoro-gaming
4770,https://www.vlr.gg/player/4770/fengf,aaacebcef15260ef5a6de1f730947182471c8944bff7260aabe4742528c6874e,2026-10-06T15:59:40+00:00,1224,Weibo Gaming,Past Teams,,,source_month_or_unspecified,unverified,https://www.vlr.gg/team/1224/weibo-gaming
4771,https://www.vlr.gg/player/4771/ICEKING,9f65e9be46c897f3c166e41b86797364b65e8b309f965fccb027f81e9d505358,2026-10-06T15:59:41+00:00,731,TYLOO,Past Teams,,August 2023 – June 2024,source_month_or_unspecified,unverified,https://www.vlr.gg/team/731/tyloo
4771,https://www.vlr.gg/player/4771/ICEKING,9f65e9be46c897f3c166e41b86797364b65e8b309f965fccb027f81e9d505358,2026-10-06T15:59:41+00:00,12685,Trace Esports,Past Teams,,June 2023 – August 2023,source_month_or_unspecified,unverified,https://www.vlr.gg/team/12685/trace-esports
4771,https://www.vlr.gg/player/4771/ICEKING,9f65e9be46c897f3c166e41b86797364b65e8b309f965fccb027f81e9d505358,2026-10-06T15:59:41+00:00,1211,Totoro Gaming,Past Teams,,left in June 2023,source_month_or_unspecified,unverified,https://www.vlr.gg/team/1211/totoro-gaming
4771,https://www.vlr.gg/player/4771/ICEKING,9f65e9be46c897f3c166e41b86797364b65e8b309f965fccb027f81e9d505358,2026-10-06T15:59:41+00:00,1224,Weibo Gaming,Past Teams,,,source_month_or_unspecified,unverified,https://www.vlr.gg/team/1224/weibo-gaming
4774,https://www.vlr.gg/player/4774/knight,e83c630309772925f5497f790f8c1a382dc890296755e20004ba3db7522a67b5,2026-10-06T15:59:41+00:00,12010,Bilibili Gaming,Current Teams,,,source_month_or_unspecified,unverified,https://www.vlr.gg/team/12010/bilibili-gaming
4774,https://www.vlr.gg/player/4774/knight,e83c630309772925f5497f790f8c1a382dc890296755e20004ba3db7522a67b5,2026-10-06T15:59:41+00:00,19874,China,Past Teams,,joined in June 2026,source_month_or_unspecified,unverified,https://www.vlr.gg/team/19874/china
4774,https://www.vlr.gg/player/4774/knight,e83c630309772925f5497f790f8c1a382dc890296755e20004ba3db7522a67b5,2026-10-06T15:59:41+00:00,5443,KONE eSports Club,Past Teams,,left in April 2023,source_month_or_unspecified,unverified,https://www.vlr.gg/team/5443/kone-esports-club
4774,https://www.vlr.gg/player/4774/knight,e83c630309772925f5497f790f8c1a382dc890296755e20004ba3db7522a67b5,2026-10-06T15:59:41+00:00,1222,X9 Gaming,Past Teams,,,source_month_or_unspecified,unverified,https://www.vlr.gg/team/1222/x9-gaming
4828,https://www.vlr.gg/player/4828/nismo,44b4fba2b65a1578d0ca10cd7bc4202e3c7c68c419e947f81a7ae88d2bec3072,2026-10-06T15:59:42+00:00,11001,M80,Current Teams,,joined in March 2026,source_month_or_unspecified,unverified,https://www.vlr.gg/team/11001/m80
4828,https://www.vlr.gg/player/4828/nismo,44b4fba2b65a1578d0ca10cd7bc4202e3c7c68c419e947f81a7ae88d2bec3072,2026-10-06T15:59:42+00:00,22820,Lebanon,Past Teams,,joined in June 2026,source_month_or_unspecified,unverified,https://www.vlr.gg/team/22820/lebanon
4828,https://www.vlr.gg/player/4828/nismo,44b4fba2b65a1578d0ca10cd7bc4202e3c7c68c419e947f81a7ae88d2bec3072,2026-10-06T15:59:42+00:00,11001,M80,Past Teams,head coach,January 2026 – March 2026,source_month_or_unspecified,unverified,https://www.vlr.gg/team/11001/m80
4828,https://www.vlr.gg/player/4828/nismo,44b4fba2b65a1578d0ca10cd7bc4202e3c7c68c419e947f81a7ae88d2bec3072,2026-10-06T15:59:42+00:00,16899,Cubert Academy,Past Teams,,January 2025 – January 2026,source_month_or_unspecified,unverified,https://www.vlr.gg/team/16899/cubert-academy
4828,https://www.vlr.gg/player/4828/nismo,44b4fba2b65a1578d0ca10cd7bc4202e3c7c68c419e947f81a7ae88d2bec3072,2026-10-06T15:59:42+00:00,11001,M80,Past Teams,,December 2022 – September 2024,source_month_or_unspecified,unverified,https://www.vlr.gg/team/11001/m80
4828,https://www.vlr.gg/player/4828/nismo,44b4fba2b65a1578d0ca10cd7bc4202e3c7c68c419e947f81a7ae88d2bec3072,2026-10-06T15:59:42+00:00,10964,Team BcJ,Past Teams,,,source_month_or_unspecified,unverified,https://www.vlr.gg/team/10964/team-bcj
4828,https://www.vlr.gg/player/4828/nismo,44b4fba2b65a1578d0ca10cd7bc4202e3c7c68c419e947f81a7ae88d2bec3072,2026-10-06T15:59:42+00:00,10342,Team s0m,Past Teams,,,source_month_or_unspecified,unverified,https://www.vlr.gg/team/10342/team-s0m
4828,https://www.vlr.gg/player/4828/nismo,44b4fba2b65a1578d0ca10cd7bc4202e3c7c68c419e947f81a7ae88d2bec3072,2026-10-06T15:59:42+00:00,9758,Ghostbusters,Past Teams,,September 2022 – December 2022,source_month_or_unspecified,unverified,https://www.vlr.gg/team/9758/ghostbusters
4828,https://www.vlr.gg/player/4828/nismo,44b4fba2b65a1578d0ca10cd7bc4202e3c7c68c419e947f81a7ae88d2bec3072,2026-10-06T15:59:42+00:00,2291,Ghost Gaming,Past Teams,,January 2021 – August 2022,source_month_or_unspecified,unverified,https://www.vlr.gg/team/2291/ghost-gaming
4828,https://www.vlr.gg/player/4828/nismo,44b4fba2b65a1578d0ca10cd7bc4202e3c7c68c419e947f81a7ae88d2bec3072,2026-10-06T15:59:42+00:00,15,Prospects,Past Teams,,October 2020 – January 2020,source_month_or_unspecified,unverified,https://www.vlr.gg/team/15/prospects
4866,https://www.vlr.gg/player/4866/kushy,67cf8faedc27acd7deaf5d35a3f9f23d712fd302c0eefd52e7b51a6556ac7d80,2026-10-06T15:59:42+00:00,878,Rex Regum Qeon,Current Teams,,joined in October 2024,source_month_or_unspecified,unverified,https://www.vlr.gg/team/878/rex-regum-qeon
4866,https://www.vlr.gg/player/4866/kushy,67cf8faedc27acd7deaf5d35a3f9f23d712fd302c0eefd52e7b51a6556ac7d80,2026-10-06T15:59:42+00:00,12117,Indonesia,Past Teams,,joined in June 2026,source_month_or_unspecified,unverified,https://www.vlr.gg/team/12117/indonesia
4866,https://www.vlr.gg/player/4866/kushy,67cf8faedc27acd7deaf5d35a3f9f23d712fd302c0eefd52e7b51a6556ac7d80,2026-10-06T15:59:42+00:00,20190,RRQ Spotlight,Past Teams,,joined in October 2025,source_month_or_unspecified,unverified,https://www.vlr.gg/team/20190/rrq-spotlight
4866,https://www.vlr.gg/player/4866/kushy,67cf8faedc27acd7deaf5d35a3f9f23d712fd302c0eefd52e7b51a6556ac7d80,2026-10-06T15:59:42+00:00,14132,GARUDA,Past Teams,,,source_month_or_unspecified,unverified,https://www.vlr.gg/team/14132/garuda
4866,https://www.vlr.gg/player/4866/kushy,67cf8faedc27acd7deaf5d35a3f9f23d712fd302c0eefd52e7b51a6556ac7d80,2026-10-06T15:59:42+00:00,12117,Indonesia,Past Teams,,joined in March 2023,source_month_or_unspecified,unverified,https://www.vlr.gg/team/12117/indonesia
4866,https://www.vlr.gg/player/4866/kushy,67cf8faedc27acd7deaf5d35a3f9f23d712fd302c0eefd52e7b51a6556ac7d80,2026-10-06T15:59:42+00:00,1110,Alter Ego,Past Teams,,October 2021 – October 2024,source_month_or_unspecified,unverified,https://www.vlr.gg/team/1110/alter-ego
4866,https://www.vlr.gg/player/4866/kushy,67cf8faedc27acd7deaf5d35a3f9f23d712fd302c0eefd52e7b51a6556ac7d80,2026-10-06T15:59:42+00:00,3652,Morph Impact,Past Teams,,left in October 2021,source_month_or_unspecified,unverified,https://www.vlr.gg/team/3652/morph-impact
4866,https://www.vlr.gg/player/4866/kushy,67cf8faedc27acd7deaf5d35a3f9f23d712fd302c0eefd52e7b51a6556ac7d80,2026-10-06T15:59:42+00:00,3641,Art of Throwing,Past Teams,,,source_month_or_unspecified,unverified,https://www.vlr.gg/team/3641/art-of-throwing
4866,https://www.vlr.gg/player/4866/kushy,67cf8faedc27acd7deaf5d35a3f9f23d712fd302c0eefd52e7b51a6556ac7d80,2026-10-06T15:59:42+00:00,4059,Reckless Lads,Past Teams,,,source_month_or_unspecified,unverified,https://www.vlr.gg/team/4059/reckless-lads
4866,https://www.vlr.gg/player/4866/kushy,67cf8faedc27acd7deaf5d35a3f9f23d712fd302c0eefd52e7b51a6556ac7d80,2026-10-06T15:59:42+00:00,3454,Art of Team,Past Teams,,,source_month_or_unspecified,unverified,https://www.vlr.gg/team/3454/art-of-team
4866,https://www.vlr.gg/player/4866/kushy,67cf8faedc27acd7deaf5d35a3f9f23d712fd302c0eefd52e7b51a6556ac7d80,2026-10-06T15:59:42+00:00,3158,4sehat5sempurna,Past Teams,,,source_month_or_unspecified,unverified,https://www.vlr.gg/team/3158/4sehat5sempurna
4866,https://www.vlr.gg/player/4866/kushy,67cf8faedc27acd7deaf5d35a3f9f23d712fd302c0eefd52e7b51a6556ac7d80,2026-10-06T15:59:42+00:00,1695,Somnium Esports,Past Teams,,,source_month_or_unspecified,unverified,https://www.vlr.gg/team/1695/somnium-esports
4871,https://www.vlr.gg/player/4871/xffero,523f1eca114d388022eec7b8cd54d1b13a3d831c929f7d287cebc7c70f6276d5,2026-10-06T15:59:43+00:00,878,Rex Regum Qeon,Current Teams,,joined in October 2022,source_month_or_unspecified,unverified,https://www.vlr.gg/team/878/rex-regum-qeon
4871,https://www.vlr.gg/player/4871/xffero,523f1eca114d388022eec7b8cd54d1b13a3d831c929f7d287cebc7c70f6276d5,2026-10-06T15:59:43+00:00,12117,Indonesia,Past Teams,,joined in June 2026,source_month_or_unspecified,unverified,https://www.vlr.gg/team/12117/indonesia
4871,https://www.vlr.gg/player/4871/xffero,523f1eca114d388022eec7b8cd54d1b13a3d831c929f7d287cebc7c70f6276d5,2026-10-06T15:59:43+00:00,20190,RRQ Spotlight,Past Teams,,joined in October 2025,source_month_or_unspecified,unverified,https://www.vlr.gg/team/20190/rrq-spotlight
4871,https://www.vlr.gg/player/4871/xffero,523f1eca114d388022eec7b8cd54d1b13a3d831c929f7d287cebc7c70f6276d5,2026-10-06T15:59:43+00:00,466,BOOM Esports,Past Teams,,October 2021 – September 2022,source_month_or_unspecified,unverified,https://www.vlr.gg/team/466/boom-esports
4871,https://www.vlr.gg/player/4871/xffero,523f1eca114d388022eec7b8cd54d1b13a3d831c929f7d287cebc7c70f6276d5,2026-10-06T15:59:43+00:00,1110,Alter Ego,Past Teams,,,source_month_or_unspecified,unverified,https://www.vlr.gg/team/1110/alter-ego
4874,https://www.vlr.gg/player/4874/berserx,7d73c0923d5253326b83a0a1925d7de5aaa4dc55f5ebc46db9cca53cade1fd3a,2026-10-06T15:59:44+00:00,12117,Indonesia,Past Teams,,joined in June 2026,source_month_or_unspecified,unverified,https://www.vlr.gg/team/12117/indonesia
4874,https://www.vlr.gg/player/4874/berserx,7d73c0923d5253326b83a0a1925d7de5aaa4dc55f5ebc46db9cca53cade1fd3a,2026-10-06T15:59:44+00:00,6199,Team Secret,Past Teams,,December 2025 – July 2026,source_month_or_unspecified,unverified,https://www.vlr.gg/team/6199/team-secret
4874,https://www.vlr.gg/player/4874/berserx,7d73c0923d5253326b83a0a1925d7de5aaa4dc55f5ebc46db9cca53cade1fd3a,2026-10-06T15:59:44+00:00,466,BOOM Esports,Past Teams,,October 2021 – December 2025,source_month_or_unspecified,unverified,https://www.vlr.gg/team/466/boom-esports
4874,https://www.vlr.gg/player/4874/berserx,7d73c0923d5253326b83a0a1925d7de5aaa4dc55f5ebc46db9cca53cade1fd3a,2026-10-06T15:59:44+00:00,1110,Alter Ego,Past Teams,,left in September 2021,source_month_or_unspecified,unverified,https://www.vlr.gg/team/1110/alter-ego
4881,https://www.vlr.gg/player/4881/spitfires,93cdd075769271a7bc0972dc1fbfd8521a92d40ac01db75c882591c20312aa4c,2026-10-06T15:59:44+00:00,14137,Titan Esports Club,Current Teams,,joined in March 2026,source_month_or_unspecified,unverified,https://www.vlr.gg/team/14137/titan-esports-club
4881,https://www.vlr.gg/player/4881/spitfires,93cdd075769271a7bc0972dc1fbfd8521a92d40ac01db75c882591c20312aa4c,2026-10-06T15:59:44+00:00,1119,All Gamers,Past Teams,,January 2024 – March 2026,source_month_or_unspecified,unverified,https://www.vlr.gg/team/1119/all-gamers
4881,https://www.vlr.gg/player/4881/spitfires,93cdd075769271a7bc0972dc1fbfd8521a92d40ac01db75c882591c20312aa4c,2026-10-06T15:59:44+00:00,11985,Rare Atom,Past Teams,,February 2023 – January 2024,source_month_or_unspecified,unverified,https://www.vlr.gg/team/11985/rare-atom
4881,https://www.vlr.gg/player/4881/spitfires,93cdd075769271a7bc0972dc1fbfd8521a92d40ac01db75c882591c20312aa4c,2026-10-06T15:59:44+00:00,4463,LIZHI,Past Teams,,left in September 2021,source_month_or_unspecified,unverified,https://www.vlr.gg/team/4463/lizhi
4881,https://www.vlr.gg/player/4881/spitfires,93cdd075769271a7bc0972dc1fbfd8521a92d40ac01db75c882591c20312aa4c,2026-10-06T15:59:44+00:00,1223,Sparkling Arrow Gaming,Past Teams,,,source_month_or_unspecified,unverified,https://www.vlr.gg/team/1223/sparkling-arrow-gaming
4885,https://www.vlr.gg/player/4885/whzy,16576cbd2f48ab6c52266f19f81973ba85eaa6cfccff1dbc471406be73d7f1d9,2026-10-06T15:59:45+00:00,12010,Bilibili Gaming,Current Teams,,,source_month_or_unspecified,unverified,https://www.vlr.gg/team/12010/bilibili-gaming
4885,https://www.vlr.gg/player/4885/whzy,16576cbd2f48ab6c52266f19f81973ba85eaa6cfccff1dbc471406be73d7f1d9,2026-10-06T15:59:45+00:00,908,Tales of Eastern,Past Teams,,,source_month_or_unspecified,unverified,https://www.vlr.gg/team/908/tales-of-eastern
4885,https://www.vlr.gg/player/4885/whzy,16576cbd2f48ab6c52266f19f81973ba85eaa6cfccff1dbc471406be73d7f1d9,2026-10-06T15:59:45+00:00,1222,X9 Gaming,Past Teams,,,source_month_or_unspecified,unverified,https://www.vlr.gg/team/1222/x9-gaming
4892,https://www.vlr.gg/player/4892/mersa,00aa7dc0c21d3a403a62893fe8f507e74bde71049ca588fdba7a6b0a69a99886,2026-10-06T15:59:46+00:00,2036,Beşiktaş Esports,Current Teams,,joined in December 2025,source_month_or_unspecified,unverified,https://www.vlr.gg/team/2036/be-ikta-esports
4892,https://www.vlr.gg/player/4892/mersa,00aa7dc0c21d3a403a62893fe8f507e74bde71049ca588fdba7a6b0a69a99886,2026-10-06T15:59:46+00:00,20085,Fire Flux Esports,Past Teams,,joined in June 2025,source_month_or_unspecified,unverified,https://www.vlr.gg/team/20085/fire-flux-esports
4892,https://www.vlr.gg/player/4892/mersa,00aa7dc0c21d3a403a62893fe8f507e74bde71049ca588fdba7a6b0a69a99886,2026-10-06T15:59:46+00:00,4572,Galatasaray Esports,Past Teams,,Inactive from May 2025,source_month_or_unspecified,unverified,https://www.vlr.gg/team/4572/galatasaray-esports
4892,https://www.vlr.gg/player/4892/mersa,00aa7dc0c21d3a403a62893fe8f507e74bde71049ca588fdba7a6b0a69a99886,2026-10-06T15:59:46+00:00,4669,Digital Athletics,Past Teams,,joined in November 2024,source_month_or_unspecified,unverified,https://www.vlr.gg/team/4669/digital-athletics
4892,https://www.vlr.gg/player/4892/mersa,00aa7dc0c21d3a403a62893fe8f507e74bde71049ca588fdba7a6b0a69a99886,2026-10-06T15:59:46+00:00,4572,Galatasaray Esports,Past Teams,,October 2022 – May 2024,source_month_or_unspecified,unverified,https://www.vlr.gg/team/4572/galatasaray-esports
4892,https://www.vlr.gg/player/4892/mersa,00aa7dc0c21d3a403a62893fe8f507e74bde71049ca588fdba7a6b0a69a99886,2026-10-06T15:59:46+00:00,6751,Parla Esports,Past Teams,,March 2022 – March 2023,source_month_or_unspecified,unverified,https://www.vlr.gg/team/6751/parla-esports
4892,https://www.vlr.gg/player/4892/mersa,00aa7dc0c21d3a403a62893fe8f507e74bde71049ca588fdba7a6b0a69a99886,2026-10-06T15:59:46+00:00,2036,Beşiktaş Esports,Past Teams,,January 2022 – February 2022,source_month_or_unspecified,unverified,https://www.vlr.gg/team/2036/be-ikta-esports
4892,https://www.vlr.gg/player/4892/mersa,00aa7dc0c21d3a403a62893fe8f507e74bde71049ca588fdba7a6b0a69a99886,2026-10-06T15:59:46+00:00,935,Anatolia Esports,Past Teams,,September 2020 – December 2020,source_month_or_unspecified,unverified,https://www.vlr.gg/team/935/anatolia-esports
4927,https://www.vlr.gg/player/4927/nature,1da7c1b5be65fe9d3065106ef40b7000277070814dd2f33aaacbf92b56e90cfe,2026-10-06T15:59:46+00:00,9353,Shopify Rebellion Black,Current Teams,,Inactive from September 2026,source_month_or_unspecified,unverified,https://www.vlr.gg/team/9353/shopify-rebellion-black
4927,https://www.vlr.gg/player/4927/nature,1da7c1b5be65fe9d3065106ef40b7000277070814dd2f33aaacbf92b56e90cfe,2026-10-06T15:59:46+00:00,5248,Evil Geniuses,Past Teams,,Inactive from November 2025,source_month_or_unspecified,unverified,https://www.vlr.gg/team/5248/evil-geniuses
4927,https://www.vlr.gg/player/4927/nature,1da7c1b5be65fe9d3065106ef40b7000277070814dd2f33aaacbf92b56e90cfe,2026-10-06T15:59:46+00:00,120,100 Thieves,Past Teams,stand-in,November 2023 – November 2023,source_month_or_unspecified,unverified,https://www.vlr.gg/team/120/100-thieves
4927,https://www.vlr.gg/player/4927/nature,1da7c1b5be65fe9d3065106ef40b7000277070814dd2f33aaacbf92b56e90cfe,2026-10-06T15:59:46+00:00,13679,BackOutsideBoys,Past Teams,,left in January 2024,source_month_or_unspecified,unverified,https://www.vlr.gg/team/13679/backoutsideboys
4927,https://www.vlr.gg/player/4927/nature,1da7c1b5be65fe9d3065106ef40b7000277070814dd2f33aaacbf92b56e90cfe,2026-10-06T15:59:46+00:00,106,TSM,Past Teams,,December 2022 – July 2023,source_month_or_unspecified,unverified,https://www.vlr.gg/team/106/tsm
4927,https://www.vlr.gg/player/4927/nature,1da7c1b5be65fe9d3065106ef40b7000277070814dd2f33aaacbf92b56e90cfe,2026-10-06T15:59:46+00:00,17,Gen.G,Past Teams,,May 2021 – July 2022,source_month_or_unspecified,unverified,https://www.vlr.gg/team/17/gen-g
4927,https://www.vlr.gg/player/4927/nature,1da7c1b5be65fe9d3065106ef40b7000277070814dd2f33aaacbf92b56e90cfe,2026-10-06T15:59:46+00:00,103,Immortals,Past Teams,,January 2021 – April 2021,source_month_or_unspecified,unverified,https://www.vlr.gg/team/103/immortals
4927,https://www.vlr.gg/player/4927/nature,1da7c1b5be65fe9d3065106ef40b7000277070814dd2f33aaacbf92b56e90cfe,2026-10-06T15:59:46+00:00,1656,SOR,Past Teams,,left in December 2020,source_month_or_unspecified,unverified,https://www.vlr.gg/team/1656/sor
4927,https://www.vlr.gg/player/4927/nature,1da7c1b5be65fe9d3065106ef40b7000277070814dd2f33aaacbf92b56e90cfe,2026-10-06T15:59:46+00:00,1247,Dog Team Needs Club Org,Past Teams,,left in October 2020,source_month_or_unspecified,unverified,https://www.vlr.gg/team/1247/dog-team-needs-club-org
5004,https://www.vlr.gg/player/5004/natank,e6ac5b583f3a54f53e9df551cc224125cf5fd79bb7e6e93d6e81d51c5bc5ea36,2026-10-06T15:59:47+00:00,17177,Pixel Lumina,Current Teams,,,source_month_or_unspecified,unverified,https://www.vlr.gg/team/17177/pixel-lumina
5004,https://www.vlr.gg/player/5004/natank,e6ac5b583f3a54f53e9df551cc224125cf5fd79bb7e6e93d6e81d51c5bc5ea36,2026-10-06T15:59:47+00:00,7967,Mandatory,Past Teams,,January 2026 – September 2026,source_month_or_unspecified,unverified,https://www.vlr.gg/team/7967/mandatory
5004,https://www.vlr.gg/player/5004/natank,e6ac5b583f3a54f53e9df551cc224125cf5fd79bb7e6e93d6e81d51c5bc5ea36,2026-10-06T15:59:47+00:00,7035,KOI,Past Teams,,Inactive from September 2025,source_month_or_unspecified,unverified,https://www.vlr.gg/team/7035/koi
5004,https://www.vlr.gg/player/5004/natank,e6ac5b583f3a54f53e9df551cc224125cf5fd79bb7e6e93d6e81d51c5bc5ea36,2026-10-06T15:59:47+00:00,2359,LEVIATÁN,Past Teams,,Inactive from March 2025,source_month_or_unspecified,unverified,https://www.vlr.gg/team/2359/leviat-n
5004,https://www.vlr.gg/player/5004/natank,e6ac5b583f3a54f53e9df551cc224125cf5fd79bb7e6e93d6e81d51c5bc5ea36,2026-10-06T15:59:47+00:00,12694,Gentle Mates,Past Teams,,April 2023 – October 2024,source_month_or_unspecified,unverified,https://www.vlr.gg/team/12694/gentle-mates
5004,https://www.vlr.gg/player/5004/natank,e6ac5b583f3a54f53e9df551cc224125cf5fd79bb7e6e93d6e81d51c5bc5ea36,2026-10-06T15:59:47+00:00,11247,SBG,Past Teams,,January 2023 – April 2023,source_month_or_unspecified,unverified,https://www.vlr.gg/team/11247/sbg
5004,https://www.vlr.gg/player/5004/natank,e6ac5b583f3a54f53e9df551cc224125cf5fd79bb7e6e93d6e81d51c5bc5ea36,2026-10-06T15:59:47+00:00,2059,Team Vitality,Past Teams,,Inactive from September 2022,source_month_or_unspecified,unverified,https://www.vlr.gg/team/2059/team-vitality
5004,https://www.vlr.gg/player/5004/natank,e6ac5b583f3a54f53e9df551cc224125cf5fd79bb7e6e93d6e81d51c5bc5ea36,2026-10-06T15:59:47+00:00,6316,Anorthosis Famagusta Esports,Past Teams,,joined in February 2022,source_month_or_unspecified,unverified,https://www.vlr.gg/team/6316/anorthosis-famagusta-esports
5004,https://www.vlr.gg/player/5004/natank,e6ac5b583f3a54f53e9df551cc224125cf5fd79bb7e6e93d6e81d51c5bc5ea36,2026-10-06T15:59:47+00:00,3592,genetics,Past Teams,,left in January 2022,source_month_or_unspecified,unverified,https://www.vlr.gg/team/3592/genetics
5004,https://www.vlr.gg/player/5004/natank,e6ac5b583f3a54f53e9df551cc224125cf5fd79bb7e6e93d6e81d51c5bc5ea36,2026-10-06T15:59:47+00:00,7445,NEXUS,Past Teams,,left in January 2022,source_month_or_unspecified,unverified,https://www.vlr.gg/team/7445/nexus
5004,https://www.vlr.gg/player/5004/natank,e6ac5b583f3a54f53e9df551cc224125cf5fd79bb7e6e93d6e81d51c5bc5ea36,2026-10-06T15:59:47+00:00,6446,Stunned5,Past Teams,,,source_month_or_unspecified,unverified,https://www.vlr.gg/team/6446/stunned5
5004,https://www.vlr.gg/player/5004/natank,e6ac5b583f3a54f53e9df551cc224125cf5fd79bb7e6e93d6e81d51c5bc5ea36,2026-10-06T15:59:47+00:00,3862,Vacuumers,Past Teams,,,source_month_or_unspecified,unverified,https://www.vlr.gg/team/3862/vacuumers
5004,https://www.vlr.gg/player/5004/natank,e6ac5b583f3a54f53e9df551cc224125cf5fd79bb7e6e93d6e81d51c5bc5ea36,2026-10-06T15:59:47+00:00,2718,Hydrated,Past Teams,,,source_month_or_unspecified,unverified,https://www.vlr.gg/team/2718/hydrated
5004,https://www.vlr.gg/player/5004/natank,e6ac5b583f3a54f53e9df551cc224125cf5fd79bb7e6e93d6e81d51c5bc5ea36,2026-10-06T15:59:47+00:00,2294,M1XXX,Past Teams,,,source_month_or_unspecified,unverified,https://www.vlr.gg/team/2294/m1xxx
5004,https://www.vlr.gg/player/5004/natank,e6ac5b583f3a54f53e9df551cc224125cf5fd79bb7e6e93d6e81d51c5bc5ea36,2026-10-06T15:59:47+00:00,2025,Envoy,Past Teams,,,source_month_or_unspecified,unverified,https://www.vlr.gg/team/2025/envoy
5011,https://www.vlr.gg/player/5011/abo,9d9b93df3e9f509d9abdebdebc632544d4d1ca597119ad1b7b9cca0c34a45edc,2026-10-06T15:59:47+00:00,12685,Trace Esports,Current Teams,,joined in March 2026,source_month_or_unspecified,unverified,https://www.vlr.gg/team/12685/trace-esports
5011,https://www.vlr.gg/player/5011/abo,9d9b93df3e9f509d9abdebdebc632544d4d1ca597119ad1b7b9cca0c34a45edc,2026-10-06T15:59:47+00:00,14137,Titan Esports Club,Past Teams,,left in March 2026,source_month_or_unspecified,unverified,https://www.vlr.gg/team/14137/titan-esports-club
5011,https://www.vlr.gg/player/5011/abo,9d9b93df3e9f509d9abdebdebc632544d4d1ca597119ad1b7b9cca0c34a45edc,2026-10-06T15:59:47+00:00,731,TYLOO,Past Teams,,May 2023 – October 2023,source_month_or_unspecified,unverified,https://www.vlr.gg/team/731/tyloo
5011,https://www.vlr.gg/player/5011/abo,9d9b93df3e9f509d9abdebdebc632544d4d1ca597119ad1b7b9cca0c34a45edc,2026-10-06T15:59:47+00:00,1120,EDward Gaming,Past Teams,,August 2020 – May 2023,source_month_or_unspecified,unverified,https://www.vlr.gg/team/1120/edward-gaming
5022,https://www.vlr.gg/player/5022/derke,c4b05f184462eba31fd1eca2009c884db59a8129ee8af395c015bcf4a0266075,2026-10-06T15:59:48+00:00,2059,Team Vitality,Current Teams,,joined in October 2024,source_month_or_unspecified,unverified,https://www.vlr.gg/team/2059/team-vitality
5022,https://www.vlr.gg/player/5022/derke,c4b05f184462eba31fd1eca2009c884db59a8129ee8af395c015bcf4a0266075,2026-10-06T15:59:48+00:00,22785,Finland,Past Teams,,joined in June 2026,source_month_or_unspecified,unverified,https://www.vlr.gg/team/22785/finland
5022,https://www.vlr.gg/player/5022/derke,c4b05f184462eba31fd1eca2009c884db59a8129ee8af395c015bcf4a0266075,2026-10-06T15:59:48+00:00,2593,FNATIC,Past Teams,,Inactive from August 2024,source_month_or_unspecified,unverified,https://www.vlr.gg/team/2593/fnatic
5022,https://www.vlr.gg/player/5022/derke,c4b05f184462eba31fd1eca2009c884db59a8129ee8af395c015bcf4a0266075,2026-10-06T15:59:48+00:00,1020,CrowСrowd,Past Teams,,left in April 2021,source_month_or_unspecified,unverified,https://www.vlr.gg/team/1020/crow-rowd
5022,https://www.vlr.gg/player/5022/derke,c4b05f184462eba31fd1eca2009c884db59a8129ee8af395c015bcf4a0266075,2026-10-06T15:59:48+00:00,1071,unsigned,Past Teams,,left in March 2021,source_month_or_unspecified,unverified,https://www.vlr.gg/team/1071/unsigned
5022,https://www.vlr.gg/player/5022/derke,c4b05f184462eba31fd1eca2009c884db59a8129ee8af395c015bcf4a0266075,2026-10-06T15:59:48+00:00,702,STR99,Past Teams,,,source_month_or_unspecified,unverified,https://www.vlr.gg/team/702/str99
5022,https://www.vlr.gg/player/5022/derke,c4b05f184462eba31fd1eca2009c884db59a8129ee8af395c015bcf4a0266075,2026-10-06T15:59:48+00:00,1271,str100,Past Teams,,,source_month_or_unspecified,unverified,https://www.vlr.gg/team/1271/str100
5132,https://www.vlr.gg/player/5132/mada,9a6c9d4e64fda8b28cac2043851b9d379c58ad1b244a5c94ac6050b4cf34ea35,2026-10-06T15:59:49+00:00,1034,NRG,Current Teams,,joined in October 2024,source_month_or_unspecified,unverified,https://www.vlr.gg/team/1034/nrg
5132,https://www.vlr.gg/player/5132/mada,9a6c9d4e64fda8b28cac2043851b9d379c58ad1b244a5c94ac6050b4cf34ea35,2026-10-06T15:59:49+00:00,22780,Canada,Past Teams,,joined in June 2026,source_month_or_unspecified,unverified,https://www.vlr.gg/team/22780/canada
5132,https://www.vlr.gg/player/5132/mada,9a6c9d4e64fda8b28cac2043851b9d379c58ad1b244a5c94ac6050b4cf34ea35,2026-10-06T15:59:49+00:00,13188,Moist x Shopify,Past Teams,,Inactive from September 2024,source_month_or_unspecified,unverified,https://www.vlr.gg/team/13188/moist-x-shopify
5132,https://www.vlr.gg/player/5132/mada,9a6c9d4e64fda8b28cac2043851b9d379c58ad1b244a5c94ac6050b4cf34ea35,2026-10-06T15:59:49+00:00,9353,Shopify Rebellion Black,Past Teams,,June 2022 – September 2023,source_month_or_unspecified,unverified,https://www.vlr.gg/team/9353/shopify-rebellion-black
5132,https://www.vlr.gg/player/5132/mada,9a6c9d4e64fda8b28cac2043851b9d379c58ad1b244a5c94ac6050b4cf34ea35,2026-10-06T15:59:49+00:00,642,Luminosity,Past Teams,,January 2022 – June 2022,source_month_or_unspecified,unverified,https://www.vlr.gg/team/642/luminosity
5132,https://www.vlr.gg/player/5132/mada,9a6c9d4e64fda8b28cac2043851b9d379c58ad1b244a5c94ac6050b4cf34ea35,2026-10-06T15:59:49+00:00,856,Andbox,Past Teams,,Inactive from December 2021,source_month_or_unspecified,unverified,https://www.vlr.gg/team/856/andbox
5132,https://www.vlr.gg/player/5132/mada,9a6c9d4e64fda8b28cac2043851b9d379c58ad1b244a5c94ac6050b4cf34ea35,2026-10-06T15:59:49+00:00,856,Andbox,Past Teams,trial,February 2021 – April 2021,source_month_or_unspecified,unverified,https://www.vlr.gg/team/856/andbox
5283,https://www.vlr.gg/player/5283/bunny,3c1d2f4df9384f66f669bafbebc745750fab4d2459cb827d3617523c5b87d7d0,2026-10-06T15:59:50+00:00,20802,Korean Creators,Past Teams,,,source_month_or_unspecified,unverified,https://www.vlr.gg/team/20802/korean-creators
5283,https://www.vlr.gg/player/5283/bunny,3c1d2f4df9384f66f669bafbebc745750fab4d2459cb827d3617523c5b87d7d0,2026-10-06T15:59:50+00:00,14599,Team IAM,Past Teams,,,source_month_or_unspecified,unverified,https://www.vlr.gg/team/14599/team-iam
5283,https://www.vlr.gg/player/5283/bunny,3c1d2f4df9384f66f669bafbebc745750fab4d2459cb827d3617523c5b87d7d0,2026-10-06T15:59:50+00:00,1670,F4Q,Past Teams,,left in October 2021,source_month_or_unspecified,unverified,https://www.vlr.gg/team/1670/f4q
5292,https://www.vlr.gg/player/5292/al0rante,3a82783e5807a0e99e556c0e89267d9027c2af3b4e8f9c9fccd29cccc15da891,2026-10-06T15:59:50+00:00,23449,Barbershop,Current Teams,,,source_month_or_unspecified,unverified,https://www.vlr.gg/team/23449/barbershop
5292,https://www.vlr.gg/player/5292/al0rante,3a82783e5807a0e99e556c0e89267d9027c2af3b4e8f9c9fccd29cccc15da891,2026-10-06T15:59:50+00:00,22847,Germany,Past Teams,,joined in June 2026,source_month_or_unspecified,unverified,https://www.vlr.gg/team/22847/germany
5292,https://www.vlr.gg/player/5292/al0rante,3a82783e5807a0e99e556c0e89267d9027c2af3b4e8f9c9fccd29cccc15da891,2026-10-06T15:59:50+00:00,3478,PCIFIC Esports,Past Teams,,January 2026 – September 2026,source_month_or_unspecified,unverified,https://www.vlr.gg/team/3478/pcific-esports
5292,https://www.vlr.gg/player/5292/al0rante,3a82783e5807a0e99e556c0e89267d9027c2af3b4e8f9c9fccd29cccc15da891,2026-10-06T15:59:50+00:00,6085,3BL Esports,Past Teams,,,source_month_or_unspecified,unverified,https://www.vlr.gg/team/6085/3bl-esports
5292,https://www.vlr.gg/player/5292/al0rante,3a82783e5807a0e99e556c0e89267d9027c2af3b4e8f9c9fccd29cccc15da891,2026-10-06T15:59:50+00:00,6882,FOKUS,Past Teams,,October 2024 – October 2025,source_month_or_unspecified,unverified,https://www.vlr.gg/team/6882/fokus
5292,https://www.vlr.gg/player/5292/al0rante,3a82783e5807a0e99e556c0e89267d9027c2af3b4e8f9c9fccd29cccc15da891,2026-10-06T15:59:50+00:00,14037,Team Germany,Past Teams,,joined in November 2023,source_month_or_unspecified,unverified,https://www.vlr.gg/team/14037/team-germany
5292,https://www.vlr.gg/player/5292/al0rante,3a82783e5807a0e99e556c0e89267d9027c2af3b4e8f9c9fccd29cccc15da891,2026-10-06T15:59:50+00:00,6882,FOKUS,Past Teams,,Inactive from July 2024,source_month_or_unspecified,unverified,https://www.vlr.gg/team/6882/fokus
5292,https://www.vlr.gg/player/5292/al0rante,3a82783e5807a0e99e556c0e89267d9027c2af3b4e8f9c9fccd29cccc15da891,2026-10-06T15:59:50+00:00,8044,MOUZ,Past Teams,,February 2022 – September 2023,source_month_or_unspecified,unverified,https://www.vlr.gg/team/8044/mouz
5292,https://www.vlr.gg/player/5292/al0rante,3a82783e5807a0e99e556c0e89267d9027c2af3b4e8f9c9fccd29cccc15da891,2026-10-06T15:59:50+00:00,7851,MMix,Past Teams,,left in February 2022,source_month_or_unspecified,unverified,https://www.vlr.gg/team/7851/mmix
5292,https://www.vlr.gg/player/5292/al0rante,3a82783e5807a0e99e556c0e89267d9027c2af3b4e8f9c9fccd29cccc15da891,2026-10-06T15:59:50+00:00,1001,Team Heretics,Past Teams,,June 2021 – February 2022,source_month_or_unspecified,unverified,https://www.vlr.gg/team/1001/team-heretics
5292,https://www.vlr.gg/player/5292/al0rante,3a82783e5807a0e99e556c0e89267d9027c2af3b4e8f9c9fccd29cccc15da891,2026-10-06T15:59:50+00:00,3303,volvo peek,Past Teams,,left in May 2021,source_month_or_unspecified,unverified,https://www.vlr.gg/team/3303/volvo-peek
5292,https://www.vlr.gg/player/5292/al0rante,3a82783e5807a0e99e556c0e89267d9027c2af3b4e8f9c9fccd29cccc15da891,2026-10-06T15:59:50+00:00,2331,peanutz,Past Teams,,left in February 2021,source_month_or_unspecified,unverified,https://www.vlr.gg/team/2331/peanutz
5292,https://www.vlr.gg/player/5292/al0rante,3a82783e5807a0e99e556c0e89267d9027c2af3b4e8f9c9fccd29cccc15da891,2026-10-06T15:59:50+00:00,1972,The Alchemists,Past Teams,,,source_month_or_unspecified,unverified,https://www.vlr.gg/team/1972/the-alchemists
5292,https://www.vlr.gg/player/5292/al0rante,3a82783e5807a0e99e556c0e89267d9027c2af3b4e8f9c9fccd29cccc15da891,2026-10-06T15:59:50+00:00,1475,Cool Guys,Past Teams,,,source_month_or_unspecified,unverified,https://www.vlr.gg/team/1475/cool-guys
5292,https://www.vlr.gg/player/5292/al0rante,3a82783e5807a0e99e556c0e89267d9027c2af3b4e8f9c9fccd29cccc15da891,2026-10-06T15:59:50+00:00,1338,Team 23,Past Teams,,,source_month_or_unspecified,unverified,https://www.vlr.gg/team/1338/team-23
5351,https://www.vlr.gg/player/5351/rglmeister,69ae274a7c4dea437de6ae1fc9cb9520e9e992e5d9120a64712feaf96e1d2e27,2026-10-06T15:59:51+00:00,20741,Next,Current Teams,,,source_month_or_unspecified,unverified,https://www.vlr.gg/team/20741/next
5351,https://www.vlr.gg/player/5351/rglmeister,69ae274a7c4dea437de6ae1fc9cb9520e9e992e5d9120a64712feaf96e1d2e27,2026-10-06T15:59:51+00:00,1124,RED Canids,Past Teams,,joined in January 2026,source_month_or_unspecified,unverified,https://www.vlr.gg/team/1124/red-canids
5351,https://www.vlr.gg/player/5351/rglmeister,69ae274a7c4dea437de6ae1fc9cb9520e9e992e5d9120a64712feaf96e1d2e27,2026-10-06T15:59:51+00:00,1124,RED Canids,Past Teams,,January 2025 – October 2025,source_month_or_unspecified,unverified,https://www.vlr.gg/team/1124/red-canids
5351,https://www.vlr.gg/player/5351/rglmeister,69ae274a7c4dea437de6ae1fc9cb9520e9e992e5d9120a64712feaf96e1d2e27,2026-10-06T15:59:51+00:00,10755,Galorys,Past Teams,,November 2024 – December 2024,source_month_or_unspecified,unverified,https://www.vlr.gg/team/10755/galorys
5351,https://www.vlr.gg/player/5351/rglmeister,69ae274a7c4dea437de6ae1fc9cb9520e9e992e5d9120a64712feaf96e1d2e27,2026-10-06T15:59:51+00:00,7386,MIBR,Past Teams,,November 2022 – May 2024,source_month_or_unspecified,unverified,https://www.vlr.gg/team/7386/mibr
5351,https://www.vlr.gg/player/5351/rglmeister,69ae274a7c4dea437de6ae1fc9cb9520e9e992e5d9120a64712feaf96e1d2e27,2026-10-06T15:59:51+00:00,4894,Keyd Stars,Past Teams,,May 2022 – October 2022,source_month_or_unspecified,unverified,https://www.vlr.gg/team/4894/keyd-stars
5351,https://www.vlr.gg/player/5351/rglmeister,69ae274a7c4dea437de6ae1fc9cb9520e9e992e5d9120a64712feaf96e1d2e27,2026-10-06T15:59:51+00:00,1916,INGAMING Esports,Past Teams,,January 2022 – April 2022,source_month_or_unspecified,unverified,https://www.vlr.gg/team/1916/ingaming-esports
5351,https://www.vlr.gg/player/5351/rglmeister,69ae274a7c4dea437de6ae1fc9cb9520e9e992e5d9120a64712feaf96e1d2e27,2026-10-06T15:59:51+00:00,4955,Predestinados,Past Teams,,,source_month_or_unspecified,unverified,https://www.vlr.gg/team/4955/predestinados
5351,https://www.vlr.gg/player/5351/rglmeister,69ae274a7c4dea437de6ae1fc9cb9520e9e992e5d9120a64712feaf96e1d2e27,2026-10-06T15:59:51+00:00,4908,KING OF SELVA,Past Teams,,,source_month_or_unspecified,unverified,https://www.vlr.gg/team/4908/king-of-selva
5351,https://www.vlr.gg/player/5351/rglmeister,69ae274a7c4dea437de6ae1fc9cb9520e9e992e5d9120a64712feaf96e1d2e27,2026-10-06T15:59:51+00:00,2599,eRa Eternity,Past Teams,,,source_month_or_unspecified,unverified,https://www.vlr.gg/team/2599/era-eternity
5351,https://www.vlr.gg/player/5351/rglmeister,69ae274a7c4dea437de6ae1fc9cb9520e9e992e5d9120a64712feaf96e1d2e27,2026-10-06T15:59:51+00:00,1159,eRa Eternity,Past Teams,,,source_month_or_unspecified,unverified,https://www.vlr.gg/team/1159/era-eternity
5351,https://www.vlr.gg/player/5351/rglmeister,69ae274a7c4dea437de6ae1fc9cb9520e9e992e5d9120a64712feaf96e1d2e27,2026-10-06T15:59:51+00:00,522,FazTeuHype,Past Teams,,,source_month_or_unspecified,unverified,https://www.vlr.gg/team/522/fazteuhype
5395,https://www.vlr.gg/player/5395/cortezia,49b0b7512c88d66dc053bae1f0de8363dcc0bc24852e3fdab4aa565c177ef62d,2026-10-06T15:59:51+00:00,2,Sentinels,Current Teams,,joined in November 2025,source_month_or_unspecified,unverified,https://www.vlr.gg/team/2/sentinels
5395,https://www.vlr.gg/player/5395/cortezia,49b0b7512c88d66dc053bae1f0de8363dcc0bc24852e3fdab4aa565c177ef62d,2026-10-06T15:59:51+00:00,7386,MIBR,Past Teams,,Inactive from October 2025,source_month_or_unspecified,unverified,https://www.vlr.gg/team/7386/mibr
5395,https://www.vlr.gg/player/5395/cortezia,49b0b7512c88d66dc053bae1f0de8363dcc0bc24852e3fdab4aa565c177ef62d,2026-10-06T15:59:51+00:00,1124,RED Canids,Past Teams,,February 2024 – August 2024,source_month_or_unspecified,unverified,https://www.vlr.gg/team/1124/red-canids
5395,https://www.vlr.gg/player/5395/cortezia,49b0b7512c88d66dc053bae1f0de8363dcc0bc24852e3fdab4aa565c177ef62d,2026-10-06T15:59:51+00:00,10735,TropiCaos,Past Teams,,,source_month_or_unspecified,unverified,https://www.vlr.gg/team/10735/tropicaos
5395,https://www.vlr.gg/player/5395/cortezia,49b0b7512c88d66dc053bae1f0de8363dcc0bc24852e3fdab4aa565c177ef62d,2026-10-06T15:59:51+00:00,1610,Team Brave Soldiers,Past Teams,,March 2022 – October 2022,source_month_or_unspecified,unverified,https://www.vlr.gg/team/1610/team-brave-soldiers
5395,https://www.vlr.gg/player/5395/cortezia,49b0b7512c88d66dc053bae1f0de8363dcc0bc24852e3fdab4aa565c177ef62d,2026-10-06T15:59:51+00:00,7334,Without Org,Past Teams,,,source_month_or_unspecified,unverified,https://www.vlr.gg/team/7334/without-org
5395,https://www.vlr.gg/player/5395/cortezia,49b0b7512c88d66dc053bae1f0de8363dcc0bc24852e3fdab4aa565c177ef62d,2026-10-06T15:59:51+00:00,4799,Inflames Gaming,Past Teams,,,source_month_or_unspecified,unverified,https://www.vlr.gg/team/4799/inflames-gaming
5395,https://www.vlr.gg/player/5395/cortezia,49b0b7512c88d66dc053bae1f0de8363dcc0bc24852e3fdab4aa565c177ef62d,2026-10-06T15:59:51+00:00,2434,Mark Five,Past Teams,,,source_month_or_unspecified,unverified,https://www.vlr.gg/team/2434/mark-five
5395,https://www.vlr.gg/player/5395/cortezia,49b0b7512c88d66dc053bae1f0de8363dcc0bc24852e3fdab4aa565c177ef62d,2026-10-06T15:59:51+00:00,2264,Bimbonkers,Past Teams,,,source_month_or_unspecified,unverified,https://www.vlr.gg/team/2264/bimbonkers
5395,https://www.vlr.gg/player/5395/cortezia,49b0b7512c88d66dc053bae1f0de8363dcc0bc24852e3fdab4aa565c177ef62d,2026-10-06T15:59:51+00:00,1396,Vim do cs e apanhei,Past Teams,,,source_month_or_unspecified,unverified,https://www.vlr.gg/team/1396/vim-do-cs-e-apanhei
5500,https://www.vlr.gg/player/5500/docent,c8ad60627d390054efb5ad854c4460976b5cf1a828a11fcc2c5ec15b4545c2d7,2026-10-06T15:59:52+00:00,2036,Beşiktaş Esports,Current Teams,,joined in December 2025,source_month_or_unspecified,unverified,https://www.vlr.gg/team/2036/be-ikta-esports
5500,https://www.vlr.gg/player/5500/docent,c8ad60627d390054efb5ad854c4460976b5cf1a828a11fcc2c5ec15b4545c2d7,2026-10-06T15:59:52+00:00,13560,TFT Demons,Past Teams,,,source_month_or_unspecified,unverified,https://www.vlr.gg/team/13560/tft-demons
5500,https://www.vlr.gg/player/5500/docent,c8ad60627d390054efb5ad854c4460976b5cf1a828a11fcc2c5ec15b4545c2d7,2026-10-06T15:59:52+00:00,20085,Fire Flux Esports,Past Teams,,January 2025 – June 2025,source_month_or_unspecified,unverified,https://www.vlr.gg/team/20085/fire-flux-esports
5500,https://www.vlr.gg/player/5500/docent,c8ad60627d390054efb5ad854c4460976b5cf1a828a11fcc2c5ec15b4545c2d7,2026-10-06T15:59:52+00:00,4572,Galatasaray Esports,Past Teams,,Inactive from August 2024,source_month_or_unspecified,unverified,https://www.vlr.gg/team/4572/galatasaray-esports
5500,https://www.vlr.gg/player/5500/docent,c8ad60627d390054efb5ad854c4460976b5cf1a828a11fcc2c5ec15b4545c2d7,2026-10-06T15:59:52+00:00,4779,KASTIRALIS,Past Teams,,,source_month_or_unspecified,unverified,https://www.vlr.gg/team/4779/kastiralis
5500,https://www.vlr.gg/player/5500/docent,c8ad60627d390054efb5ad854c4460976b5cf1a828a11fcc2c5ec15b4545c2d7,2026-10-06T15:59:52+00:00,2902,MNA ESPORTS,Past Teams,,,source_month_or_unspecified,unverified,https://www.vlr.gg/team/2902/mna-esports
5500,https://www.vlr.gg/player/5500/docent,c8ad60627d390054efb5ad854c4460976b5cf1a828a11fcc2c5ec15b4545c2d7,2026-10-06T15:59:52+00:00,2907,LUL,Past Teams,,,source_month_or_unspecified,unverified,https://www.vlr.gg/team/2907/lul
5500,https://www.vlr.gg/player/5500/docent,c8ad60627d390054efb5ad854c4460976b5cf1a828a11fcc2c5ec15b4545c2d7,2026-10-06T15:59:52+00:00,2113,ANKA E-Sports,Past Teams,,,source_month_or_unspecified,unverified,https://www.vlr.gg/team/2113/anka-e-sports
5550,https://www.vlr.gg/player/5550/grubinho,fa25baa97ee2c048e2888bf58dcafe1a825393f9977f7b9373a1d1515cffd01f,2026-10-06T15:59:53+00:00,14419,GIANTX,Past Teams,,May 2025 – July 2026,source_month_or_unspecified,unverified,https://www.vlr.gg/team/14419/giantx
5550,https://www.vlr.gg/player/5550/grubinho,fa25baa97ee2c048e2888bf58dcafe1a825393f9977f7b9373a1d1515cffd01f,2026-10-06T15:59:53+00:00,7035,KOI,Past Teams,,February 2024 – May 2025,source_month_or_unspecified,unverified,https://www.vlr.gg/team/7035/koi
5550,https://www.vlr.gg/player/5550/grubinho,fa25baa97ee2c048e2888bf58dcafe1a825393f9977f7b9373a1d1515cffd01f,2026-10-06T15:59:53+00:00,4616,UCAM Esports Club,Past Teams,,September 2023 – December 2023,source_month_or_unspecified,unverified,https://www.vlr.gg/team/4616/ucam-esports-club
5550,https://www.vlr.gg/player/5550/grubinho,fa25baa97ee2c048e2888bf58dcafe1a825393f9977f7b9373a1d1515cffd01f,2026-10-06T15:59:53+00:00,5441,Anonymo Esports,Past Teams,,January 2023 – June 2023,source_month_or_unspecified,unverified,https://www.vlr.gg/team/5441/anonymo-esports
5550,https://www.vlr.gg/player/5550/grubinho,fa25baa97ee2c048e2888bf58dcafe1a825393f9977f7b9373a1d1515cffd01f,2026-10-06T15:59:53+00:00,1001,Team Heretics,Past Teams,,Inactive from October 2022,source_month_or_unspecified,unverified,https://www.vlr.gg/team/1001/team-heretics
5550,https://www.vlr.gg/player/5550/grubinho,fa25baa97ee2c048e2888bf58dcafe1a825393f9977f7b9373a1d1515cffd01f,2026-10-06T15:59:53+00:00,6962,AWARIA,Past Teams,,December 2021 – April 2022,source_month_or_unspecified,unverified,https://www.vlr.gg/team/6962/awaria
5550,https://www.vlr.gg/player/5550/grubinho,fa25baa97ee2c048e2888bf58dcafe1a825393f9977f7b9373a1d1515cffd01f,2026-10-06T15:59:53+00:00,3029,Invicta Gaming,Past Teams,,left in December 2021,source_month_or_unspecified,unverified,https://www.vlr.gg/team/3029/invicta-gaming
5550,https://www.vlr.gg/player/5550/grubinho,fa25baa97ee2c048e2888bf58dcafe1a825393f9977f7b9373a1d1515cffd01f,2026-10-06T15:59:53+00:00,3710,Illuminar Gaming,Past Teams,,March 2021 – July 2021,source_month_or_unspecified,unverified,https://www.vlr.gg/team/3710/illuminar-gaming
5550,https://www.vlr.gg/player/5550/grubinho,fa25baa97ee2c048e2888bf58dcafe1a825393f9977f7b9373a1d1515cffd01f,2026-10-06T15:59:53+00:00,3327,FormaGwint,Past Teams,,,source_month_or_unspecified,unverified,https://www.vlr.gg/team/3327/formagwint
5550,https://www.vlr.gg/player/5550/grubinho,fa25baa97ee2c048e2888bf58dcafe1a825393f9977f7b9373a1d1515cffd01f,2026-10-06T15:59:53+00:00,1421,Chakalaka,Past Teams,,,source_month_or_unspecified,unverified,https://www.vlr.gg/team/1421/chakalaka
5554,https://www.vlr.gg/player/5554/profek,309728120a45919a8af7c5eb07d0b215720e71d3fe59ab66b5a0ca61be7163c0,2026-10-06T15:59:53+00:00,2059,Team Vitality,Current Teams,,joined in November 2025,source_month_or_unspecified,unverified,https://www.vlr.gg/team/2059/team-vitality
5554,https://www.vlr.gg/player/5554/profek,309728120a45919a8af7c5eb07d0b215720e71d3fe59ab66b5a0ca61be7163c0,2026-10-06T15:59:53+00:00,22782,Poland,Past Teams,,joined in June 2026,source_month_or_unspecified,unverified,https://www.vlr.gg/team/22782/poland
5554,https://www.vlr.gg/player/5554/profek,309728120a45919a8af7c5eb07d0b215720e71d3fe59ab66b5a0ca61be7163c0,2026-10-06T15:59:53+00:00,397,BBL Esports,Past Teams,,October 2024 – November 2025,source_month_or_unspecified,unverified,https://www.vlr.gg/team/397/bbl-esports
5554,https://www.vlr.gg/player/5554/profek,309728120a45919a8af7c5eb07d0b215720e71d3fe59ab66b5a0ca61be7163c0,2026-10-06T15:59:53+00:00,12474,GoNext Esports,Past Teams,,July 2023 – October 2024,source_month_or_unspecified,unverified,https://www.vlr.gg/team/12474/gonext-esports
5554,https://www.vlr.gg/player/5554/profek,309728120a45919a8af7c5eb07d0b215720e71d3fe59ab66b5a0ca61be7163c0,2026-10-06T15:59:53+00:00,8049,Diamant Esports,Past Teams,,March 2023 – June 2023,source_month_or_unspecified,unverified,https://www.vlr.gg/team/8049/diamant-esports
5554,https://www.vlr.gg/player/5554/profek,309728120a45919a8af7c5eb07d0b215720e71d3fe59ab66b5a0ca61be7163c0,2026-10-06T15:59:53+00:00,6235,Incognito,Past Teams,,May 2022 – March 2023,source_month_or_unspecified,unverified,https://www.vlr.gg/team/6235/incognito
5554,https://www.vlr.gg/player/5554/profek,309728120a45919a8af7c5eb07d0b215720e71d3fe59ab66b5a0ca61be7163c0,2026-10-06T15:59:53+00:00,7104,Polonez,Past Teams,,,source_month_or_unspecified,unverified,https://www.vlr.gg/team/7104/polonez
5565,https://www.vlr.gg/player/5565/ros,75b3cf7d723cb80874f2cc35a82a12231531d358ee462e91014e7f573646d0d9,2026-10-06T15:59:54+00:00,397,BBL Esports,Current Teams,,Inactive from September 2026,source_month_or_unspecified,unverified,https://www.vlr.gg/team/397/bbl-esports
5565,https://www.vlr.gg/player/5565/ros,75b3cf7d723cb80874f2cc35a82a12231531d358ee462e91014e7f573646d0d9,2026-10-06T15:59:54+00:00,16616,BBL PCIFIC,Past Teams,,October 2024 – November 2025,source_month_or_unspecified,unverified,https://www.vlr.gg/team/16616/bbl-pcific
5565,https://www.vlr.gg/player/5565/ros,75b3cf7d723cb80874f2cc35a82a12231531d358ee462e91014e7f573646d0d9,2026-10-06T15:59:54+00:00,3478,PCIFIC Esports,Past Teams,,March 2024 – October 2024,source_month_or_unspecified,unverified,https://www.vlr.gg/team/3478/pcific-esports
5565,https://www.vlr.gg/player/5565/ros,75b3cf7d723cb80874f2cc35a82a12231531d358ee462e91014e7f573646d0d9,2026-10-06T15:59:54+00:00,4396,Regnum Carya Esports,Past Teams,,September 2023 – December 2023,source_month_or_unspecified,unverified,https://www.vlr.gg/team/4396/regnum-carya-esports
5565,https://www.vlr.gg/player/5565/ros,75b3cf7d723cb80874f2cc35a82a12231531d358ee462e91014e7f573646d0d9,2026-10-06T15:59:54+00:00,5310,Fenerbahçe Esports,Past Teams,,March 2023 – June 2023,source_month_or_unspecified,unverified,https://www.vlr.gg/team/5310/fenerbah-e-esports
5565,https://www.vlr.gg/player/5565/ros,75b3cf7d723cb80874f2cc35a82a12231531d358ee462e91014e7f573646d0d9,2026-10-06T15:59:54+00:00,12183,New Boss Esports,Past Teams,,March 2023 – March 2023,source_month_or_unspecified,unverified,https://www.vlr.gg/team/12183/new-boss-esports
5565,https://www.vlr.gg/player/5565/ros,75b3cf7d723cb80874f2cc35a82a12231531d358ee462e91014e7f573646d0d9,2026-10-06T15:59:54+00:00,4696,Surreal Esports,Past Teams,,December 2022 – March 2023,source_month_or_unspecified,unverified,https://www.vlr.gg/team/4696/surreal-esports
5565,https://www.vlr.gg/player/5565/ros,75b3cf7d723cb80874f2cc35a82a12231531d358ee462e91014e7f573646d0d9,2026-10-06T15:59:54+00:00,6534,Fire Flux Young,Past Teams,,left in December 2022,source_month_or_unspecified,unverified,https://www.vlr.gg/team/6534/fire-flux-young
5565,https://www.vlr.gg/player/5565/ros,75b3cf7d723cb80874f2cc35a82a12231531d358ee462e91014e7f573646d0d9,2026-10-06T15:59:54+00:00,1453,OtherSide,Past Teams,,left in October 2021,source_month_or_unspecified,unverified,https://www.vlr.gg/team/1453/otherside
5568,https://www.vlr.gg/player/5568/sociablee,69016b50255dbd306e6026247d74bac2a793e06fc1324eef53a9613b1bdc38ae,2026-10-06T15:59:55+00:00,1184,FUT Esports,Current Teams,,joined in April 2026,source_month_or_unspecified,unverified,https://www.vlr.gg/team/1184/fut-esports
5568,https://www.vlr.gg/player/5568/sociablee,69016b50255dbd306e6026247d74bac2a793e06fc1324eef53a9613b1bdc38ae,2026-10-06T15:59:55+00:00,4915,Natus Vincere,Past Teams,,December 2025 – April 2026,source_month_or_unspecified,unverified,https://www.vlr.gg/team/4915/natus-vincere
5568,https://www.vlr.gg/player/5568/sociablee,69016b50255dbd306e6026247d74bac2a793e06fc1324eef53a9613b1bdc38ae,2026-10-06T15:59:55+00:00,397,BBL Esports,Past Teams,,Inactive from November 2025,source_month_or_unspecified,unverified,https://www.vlr.gg/team/397/bbl-esports
5568,https://www.vlr.gg/player/5568/sociablee,69016b50255dbd306e6026247d74bac2a793e06fc1324eef53a9613b1bdc38ae,2026-10-06T15:59:55+00:00,6751,Parla Esports,Past Teams,,December 2022 – March 2023,source_month_or_unspecified,unverified,https://www.vlr.gg/team/6751/parla-esports
5568,https://www.vlr.gg/player/5568/sociablee,69016b50255dbd306e6026247d74bac2a793e06fc1324eef53a9613b1bdc38ae,2026-10-06T15:59:55+00:00,20085,Fire Flux Esports,Past Teams,,May 2021 – December 2022,source_month_or_unspecified,unverified,https://www.vlr.gg/team/20085/fire-flux-esports
5568,https://www.vlr.gg/player/5568/sociablee,69016b50255dbd306e6026247d74bac2a793e06fc1324eef53a9613b1bdc38ae,2026-10-06T15:59:55+00:00,935,Anatolia Esports,Past Teams,,left in May 2021,source_month_or_unspecified,unverified,https://www.vlr.gg/team/935/anatolia-esports
5568,https://www.vlr.gg/player/5568/sociablee,69016b50255dbd306e6026247d74bac2a793e06fc1324eef53a9613b1bdc38ae,2026-10-06T15:59:55+00:00,1453,OtherSide,Past Teams,,left in October 2021,source_month_or_unspecified,unverified,https://www.vlr.gg/team/1453/otherside
5654,https://www.vlr.gg/player/5654/avez,eb2645f2e667079fc7a9a26b635b7608d5c424934a264744c08a608c234281e8,2026-10-06T15:59:55+00:00,8877,Karmine Corp,Current Teams,,joined in November 2024,source_month_or_unspecified,unverified,https://www.vlr.gg/team/8877/karmine-corp
5654,https://www.vlr.gg/player/5654/avez,eb2645f2e667079fc7a9a26b635b7608d5c424934a264744c08a608c234281e8,2026-10-06T15:59:55+00:00,22814,Egypt,Past Teams,,joined in June 2026,source_month_or_unspecified,unverified,https://www.vlr.gg/team/22814/egypt
5654,https://www.vlr.gg/player/5654/avez,eb2645f2e667079fc7a9a26b635b7608d5c424934a264744c08a608c234281e8,2026-10-06T15:59:55+00:00,1470,NASR Esports,Past Teams,,January 2023 – November 2024,source_month_or_unspecified,unverified,https://www.vlr.gg/team/1470/nasr-esports
5654,https://www.vlr.gg/player/5654/avez,eb2645f2e667079fc7a9a26b635b7608d5c424934a264744c08a608c234281e8,2026-10-06T15:59:55+00:00,1471,Team RA'AD,Past Teams,,Inactive from June 2022,source_month_or_unspecified,unverified,https://www.vlr.gg/team/1471/team-raad
5654,https://www.vlr.gg/player/5654/avez,eb2645f2e667079fc7a9a26b635b7608d5c424934a264744c08a608c234281e8,2026-10-06T15:59:55+00:00,7185,Orgless22,Past Teams,,left in January 2022,source_month_or_unspecified,unverified,https://www.vlr.gg/team/7185/orgless22
5654,https://www.vlr.gg/player/5654/avez,eb2645f2e667079fc7a9a26b635b7608d5c424934a264744c08a608c234281e8,2026-10-06T15:59:55+00:00,1175,bref,Past Teams,,left in February 2022,source_month_or_unspecified,unverified,https://www.vlr.gg/team/1175/bref
5654,https://www.vlr.gg/player/5654/avez,eb2645f2e667079fc7a9a26b635b7608d5c424934a264744c08a608c234281e8,2026-10-06T15:59:55+00:00,1466,Anubis Gaming,Past Teams,,March 2021 – December 2021,source_month_or_unspecified,unverified,https://www.vlr.gg/team/1466/anubis-gaming
5654,https://www.vlr.gg/player/5654/avez,eb2645f2e667079fc7a9a26b635b7608d5c424934a264744c08a608c234281e8,2026-10-06T15:59:55+00:00,1469,Cairo City G'zzz,Past Teams,,left in March 2021,source_month_or_unspecified,unverified,https://www.vlr.gg/team/1469/cairo-city-gzzz
5795,https://www.vlr.gg/player/5795/sickrey,6b8f31df1975691c251ce35b3777fbcc179171c899f689841809c07bc5f5498c,2026-10-06T15:59:57+00:00,23448,Sickrey VALORANT,Current Teams,,,source_month_or_unspecified,unverified,https://www.vlr.gg/team/23448/sickrey-valorant
5795,https://www.vlr.gg/player/5795/sickrey,6b8f31df1975691c251ce35b3777fbcc179171c899f689841809c07bc5f5498c,2026-10-06T15:59:57+00:00,23330,Magnit Market,Past Teams,,,source_month_or_unspecified,unverified,https://www.vlr.gg/team/23330/magnit-market
5795,https://www.vlr.gg/player/5795/sickrey,6b8f31df1975691c251ce35b3777fbcc179171c899f689841809c07bc5f5498c,2026-10-06T15:59:57+00:00,16598,AlQadsiah Esports,Past Teams,,,source_month_or_unspecified,unverified,https://www.vlr.gg/team/16598/alqadsiah-esports
5795,https://www.vlr.gg/player/5795/sickrey,6b8f31df1975691c251ce35b3777fbcc179171c899f689841809c07bc5f5498c,2026-10-06T15:59:57+00:00,9621,trashcan,Past Teams,,,source_month_or_unspecified,unverified,https://www.vlr.gg/team/9621/trashcan
5795,https://www.vlr.gg/player/5795/sickrey,6b8f31df1975691c251ce35b3777fbcc179171c899f689841809c07bc5f5498c,2026-10-06T15:59:57+00:00,6035,Twisted Minds,Past Teams,,Inactive from November 2025,source_month_or_unspecified,unverified,https://www.vlr.gg/team/6035/twisted-minds
5795,https://www.vlr.gg/player/5795/sickrey,6b8f31df1975691c251ce35b3777fbcc179171c899f689841809c07bc5f5498c,2026-10-06T15:59:57+00:00,15120,R8 Esports,Past Teams,,joined in February 2024,source_month_or_unspecified,unverified,https://www.vlr.gg/team/15120/r8-esports
5795,https://www.vlr.gg/player/5795/sickrey,6b8f31df1975691c251ce35b3777fbcc179171c899f689841809c07bc5f5498c,2026-10-06T15:59:57+00:00,6085,3BL Esports,Past Teams,,,source_month_or_unspecified,unverified,https://www.vlr.gg/team/6085/3bl-esports
5795,https://www.vlr.gg/player/5795/sickrey,6b8f31df1975691c251ce35b3777fbcc179171c899f689841809c07bc5f5498c,2026-10-06T15:59:57+00:00,7539,Dobeg,Past Teams,,,source_month_or_unspecified,unverified,https://www.vlr.gg/team/7539/dobeg
5795,https://www.vlr.gg/player/5795/sickrey,6b8f31df1975691c251ce35b3777fbcc179171c899f689841809c07bc5f5498c,2026-10-06T15:59:57+00:00,2290,Gamax Esports,Past Teams,,,source_month_or_unspecified,unverified,https://www.vlr.gg/team/2290/gamax-esports
5795,https://www.vlr.gg/player/5795/sickrey,6b8f31df1975691c251ce35b3777fbcc179171c899f689841809c07bc5f5498c,2026-10-06T15:59:57+00:00,11856,GnG Esports,Past Teams,,joined in January 2023,source_month_or_unspecified,unverified,https://www.vlr.gg/team/11856/gng-esports
5795,https://www.vlr.gg/player/5795/sickrey,6b8f31df1975691c251ce35b3777fbcc179171c899f689841809c07bc5f5498c,2026-10-06T15:59:57+00:00,3527,Piercer Esports,Past Teams,,,source_month_or_unspecified,unverified,https://www.vlr.gg/team/3527/piercer-esports
5795,https://www.vlr.gg/player/5795/sickrey,6b8f31df1975691c251ce35b3777fbcc179171c899f689841809c07bc5f5498c,2026-10-06T15:59:57+00:00,9234,QUSHAU SHPROTI,Past Teams,,,source_month_or_unspecified,unverified,https://www.vlr.gg/team/9234/qushau-shproti
5795,https://www.vlr.gg/player/5795/sickrey,6b8f31df1975691c251ce35b3777fbcc179171c899f689841809c07bc5f5498c,2026-10-06T15:59:57+00:00,967,5MOKES,Past Teams,,left in March 2022,source_month_or_unspecified,unverified,https://www.vlr.gg/team/967/5mokes
5795,https://www.vlr.gg/player/5795/sickrey,6b8f31df1975691c251ce35b3777fbcc179171c899f689841809c07bc5f5498c,2026-10-06T15:59:57+00:00,10094,GMT Esports,Past Teams,,left in September 2023,source_month_or_unspecified,unverified,https://www.vlr.gg/team/10094/gmt-esports
5795,https://www.vlr.gg/player/5795/sickrey,6b8f31df1975691c251ce35b3777fbcc179171c899f689841809c07bc5f5498c,2026-10-06T15:59:57+00:00,6031,Started From The Bottom,Past Teams,,,source_month_or_unspecified,unverified,https://www.vlr.gg/team/6031/started-from-the-bottom
5795,https://www.vlr.gg/player/5795/sickrey,6b8f31df1975691c251ce35b3777fbcc179171c899f689841809c07bc5f5498c,2026-10-06T15:59:57+00:00,3371,Deja Vu,Past Teams,,,source_month_or_unspecified,unverified,https://www.vlr.gg/team/3371/deja-vu
5795,https://www.vlr.gg/player/5795/sickrey,6b8f31df1975691c251ce35b3777fbcc179171c899f689841809c07bc5f5498c,2026-10-06T15:59:57+00:00,604,Aim.Attack,Past Teams,,,source_month_or_unspecified,unverified,https://www.vlr.gg/team/604/aim-attack
5795,https://www.vlr.gg/player/5795/sickrey,6b8f31df1975691c251ce35b3777fbcc179171c899f689841809c07bc5f5498c,2026-10-06T15:59:57+00:00,2580,Yakuza,Past Teams,,,source_month_or_unspecified,unverified,https://www.vlr.gg/team/2580/yakuza
5795,https://www.vlr.gg/player/5795/sickrey,6b8f31df1975691c251ce35b3777fbcc179171c899f689841809c07bc5f5498c,2026-10-06T15:59:57+00:00,1514,DIRTY,Past Teams,,,source_month_or_unspecified,unverified,https://www.vlr.gg/team/1514/dirty
5796,https://www.vlr.gg/player/5796/kr1stal,66e121c32c22032f114f93f34802866bf5b85b7de381bf9c984f598c29c19fc2,2026-10-06T15:59:58+00:00,918,Global Esports,Current Teams,,joined in October 2024,source_month_or_unspecified,unverified,https://www.vlr.gg/team/918/global-esports
5796,https://www.vlr.gg/player/5796/kr1stal,66e121c32c22032f114f93f34802866bf5b85b7de381bf9c984f598c29c19fc2,2026-10-06T15:59:58+00:00,20189,Global Esports Spotlight,Past Teams,,joined in October 2025,source_month_or_unspecified,unverified,https://www.vlr.gg/team/20189/global-esports-spotlight
5796,https://www.vlr.gg/player/5796/kr1stal,66e121c32c22032f114f93f34802866bf5b85b7de381bf9c984f598c29c19fc2,2026-10-06T15:59:58+00:00,17068,Xipto x Global Esports,Past Teams,,joined in December 2024,source_month_or_unspecified,unverified,https://www.vlr.gg/team/17068/xipto-x-global-esports
5796,https://www.vlr.gg/player/5796/kr1stal,66e121c32c22032f114f93f34802866bf5b85b7de381bf9c984f598c29c19fc2,2026-10-06T15:59:58+00:00,13581,Xi Lai Gaming,Past Teams,,March 2024 – September 2024,source_month_or_unspecified,unverified,https://www.vlr.gg/team/13581/xi-lai-gaming
5796,https://www.vlr.gg/player/5796/kr1stal,66e121c32c22032f114f93f34802866bf5b85b7de381bf9c984f598c29c19fc2,2026-10-06T15:59:58+00:00,5944,Night Wings Gaming,Past Teams,,left in December 2023,source_month_or_unspecified,unverified,https://www.vlr.gg/team/5944/night-wings-gaming
5796,https://www.vlr.gg/player/5796/kr1stal,66e121c32c22032f114f93f34802866bf5b85b7de381bf9c984f598c29c19fc2,2026-10-06T15:59:58+00:00,282,SCARZ,Past Teams,,Inactive from September 2023,source_month_or_unspecified,unverified,https://www.vlr.gg/team/282/scarz
5796,https://www.vlr.gg/player/5796/kr1stal,66e121c32c22032f114f93f34802866bf5b85b7de381bf9c984f598c29c19fc2,2026-10-06T15:59:58+00:00,2108,BLUE BEES.ESP,Past Teams,,February 2022 – August 2022,source_month_or_unspecified,unverified,https://www.vlr.gg/team/2108/blue-bees-esp
5957,https://www.vlr.gg/player/5957/artzin,fbe57af0244950ad5e20df3d729593cabbbb834efc6a52cb289eacb47f96c4e6,2026-10-06T15:59:58+00:00,2406,FURIA,Current Teams,,joined in December 2025,source_month_or_unspecified,unverified,https://www.vlr.gg/team/2406/furia
5957,https://www.vlr.gg/player/5957/artzin,fbe57af0244950ad5e20df3d729593cabbbb834efc6a52cb289eacb47f96c4e6,2026-10-06T15:59:58+00:00,22523,Brazil,Past Teams,,joined in June 2026,source_month_or_unspecified,unverified,https://www.vlr.gg/team/22523/brazil
5957,https://www.vlr.gg/player/5957/artzin,fbe57af0244950ad5e20df3d729593cabbbb834efc6a52cb289eacb47f96c4e6,2026-10-06T15:59:58+00:00,7386,MIBR,Past Teams,,October 2023 – October 2025,source_month_or_unspecified,unverified,https://www.vlr.gg/team/7386/mibr
5957,https://www.vlr.gg/player/5957/artzin,fbe57af0244950ad5e20df3d729593cabbbb834efc6a52cb289eacb47f96c4e6,2026-10-06T15:59:58+00:00,11195,00Nation,Past Teams,,joined in December 2022,source_month_or_unspecified,unverified,https://www.vlr.gg/team/11195/00nation
5957,https://www.vlr.gg/player/5957/artzin,fbe57af0244950ad5e20df3d729593cabbbb834efc6a52cb289eacb47f96c4e6,2026-10-06T15:59:58+00:00,7013,Stars Horizon,Past Teams,,May 2022 – November 2022,source_month_or_unspecified,unverified,https://www.vlr.gg/team/7013/stars-horizon
5957,https://www.vlr.gg/player/5957/artzin,fbe57af0244950ad5e20df3d729593cabbbb834efc6a52cb289eacb47f96c4e6,2026-10-06T15:59:58+00:00,8530,Tropa do Fundamental,Past Teams,,,source_month_or_unspecified,unverified,https://www.vlr.gg/team/8530/tropa-do-fundamental
5957,https://www.vlr.gg/player/5957/artzin,fbe57af0244950ad5e20df3d729593cabbbb834efc6a52cb289eacb47f96c4e6,2026-10-06T15:59:58+00:00,8278,Supremacyy,Past Teams,,,source_month_or_unspecified,unverified,https://www.vlr.gg/team/8278/supremacyy
5957,https://www.vlr.gg/player/5957/artzin,fbe57af0244950ad5e20df3d729593cabbbb834efc6a52cb289eacb47f96c4e6,2026-10-06T15:59:58+00:00,7342,Azul,Past Teams,,,source_month_or_unspecified,unverified,https://www.vlr.gg/team/7342/azul
5957,https://www.vlr.gg/player/5957/artzin,fbe57af0244950ad5e20df3d729593cabbbb834efc6a52cb289eacb47f96c4e6,2026-10-06T15:59:58+00:00,1507,TLS eSports,Past Teams,,,source_month_or_unspecified,unverified,https://www.vlr.gg/team/1507/tls-esports
6022,https://www.vlr.gg/player/6022/yosemite,5e33cd4ae3a54a2182de21a50826ddb05bc2d78a09fa0d8550c9352b85e4cdab,2026-10-06T15:59:59+00:00,13790,Wolves Esports,Current Teams,,joined in November 2025,source_month_or_unspecified,unverified,https://www.vlr.gg/team/13790/wolves-esports
6022,https://www.vlr.gg/player/6022/yosemite,5e33cd4ae3a54a2182de21a50826ddb05bc2d78a09fa0d8550c9352b85e4cdab,2026-10-06T15:59:59+00:00,11328,FunPlus Phoenix,Past Teams,,October 2024 – November 2025,source_month_or_unspecified,unverified,https://www.vlr.gg/team/11328/funplus-phoenix
6022,https://www.vlr.gg/player/6022/yosemite,5e33cd4ae3a54a2182de21a50826ddb05bc2d78a09fa0d8550c9352b85e4cdab,2026-10-06T15:59:59+00:00,12010,Bilibili Gaming,Past Teams,,left in October 2024,source_month_or_unspecified,unverified,https://www.vlr.gg/team/12010/bilibili-gaming
6022,https://www.vlr.gg/player/6022/yosemite,5e33cd4ae3a54a2182de21a50826ddb05bc2d78a09fa0d8550c9352b85e4cdab,2026-10-06T15:59:59+00:00,5443,KONE eSports Club,Past Teams,,left in April 2023,source_month_or_unspecified,unverified,https://www.vlr.gg/team/5443/kone-esports-club
6022,https://www.vlr.gg/player/6022/yosemite,5e33cd4ae3a54a2182de21a50826ddb05bc2d78a09fa0d8550c9352b85e4cdab,2026-10-06T15:59:59+00:00,907,Suning Gaming,Past Teams,,,source_month_or_unspecified,unverified,https://www.vlr.gg/team/907/suning-gaming
6126,https://www.vlr.gg/player/6126/sibeastw0w,aaa51db854a6a2d731b401dddb325cdfadcdd1f7e3a0b33e151c9040d9369b57,2026-10-06T15:59:59+00:00,12784,KeepBest Gaming,Current Teams,,joined in May 2026,source_month_or_unspecified,unverified,https://www.vlr.gg/team/12784/keepbest-gaming
6126,https://www.vlr.gg/player/6126/sibeastw0w,aaa51db854a6a2d731b401dddb325cdfadcdd1f7e3a0b33e151c9040d9369b57,2026-10-06T15:59:59+00:00,9820,Oxuji,Past Teams,,,source_month_or_unspecified,unverified,https://www.vlr.gg/team/9820/oxuji
6126,https://www.vlr.gg/player/6126/sibeastw0w,aaa51db854a6a2d731b401dddb325cdfadcdd1f7e3a0b33e151c9040d9369b57,2026-10-06T15:59:59+00:00,16598,AlQadsiah Esports,Past Teams,,joined in February 2025,source_month_or_unspecified,unverified,https://www.vlr.gg/team/16598/alqadsiah-esports
6126,https://www.vlr.gg/player/6126/sibeastw0w,aaa51db854a6a2d731b401dddb325cdfadcdd1f7e3a0b33e151c9040d9369b57,2026-10-06T15:59:59+00:00,15384,GMBLERS Esports,Past Teams,,joined in January 2025,source_month_or_unspecified,unverified,https://www.vlr.gg/team/15384/gmblers-esports
6126,https://www.vlr.gg/player/6126/sibeastw0w,aaa51db854a6a2d731b401dddb325cdfadcdd1f7e3a0b33e151c9040d9369b57,2026-10-06T15:59:59+00:00,1470,NASR Esports,Past Teams,,May 2022 – November 2024,source_month_or_unspecified,unverified,https://www.vlr.gg/team/1470/nasr-esports
6126,https://www.vlr.gg/player/6126/sibeastw0w,aaa51db854a6a2d731b401dddb325cdfadcdd1f7e3a0b33e151c9040d9369b57,2026-10-06T15:59:59+00:00,7925,snatch,Past Teams,,,source_month_or_unspecified,unverified,https://www.vlr.gg/team/7925/snatch
6126,https://www.vlr.gg/player/6126/sibeastw0w,aaa51db854a6a2d731b401dddb325cdfadcdd1f7e3a0b33e151c9040d9369b57,2026-10-06T15:59:59+00:00,1189,eXiLe eSports,Past Teams,,joined in March 2021,source_month_or_unspecified,unverified,https://www.vlr.gg/team/1189/exile-esports
6126,https://www.vlr.gg/player/6126/sibeastw0w,aaa51db854a6a2d731b401dddb325cdfadcdd1f7e3a0b33e151c9040d9369b57,2026-10-06T15:59:59+00:00,1186,zTitans,Past Teams,,,source_month_or_unspecified,unverified,https://www.vlr.gg/team/1186/ztitans
6193,https://www.vlr.gg/player/6193/cauanzin,81409b19f281651d637d475b97f56ece59ddc9dacf862546af1401d047ff8d61,2026-10-06T16:00:00+00:00,6961,LOUD,Past Teams,,November 2022 – September 2026,source_month_or_unspecified,unverified,https://www.vlr.gg/team/6961/loud
6193,https://www.vlr.gg/player/6193/cauanzin,81409b19f281651d637d475b97f56ece59ddc9dacf862546af1401d047ff8d61,2026-10-06T16:00:00+00:00,7391,Ninjas In Pyjamas,Past Teams,,January 2022 – October 2022,source_month_or_unspecified,unverified,https://www.vlr.gg/team/7391/ninjas-in-pyjamas
6193,https://www.vlr.gg/player/6193/cauanzin,81409b19f281651d637d475b97f56ece59ddc9dacf862546af1401d047ff8d61,2026-10-06T16:00:00+00:00,6484,Tropinha do TIKTOK,Past Teams,,,source_month_or_unspecified,unverified,https://www.vlr.gg/team/6484/tropinha-do-tiktok
6193,https://www.vlr.gg/player/6193/cauanzin,81409b19f281651d637d475b97f56ece59ddc9dacf862546af1401d047ff8d61,2026-10-06T16:00:00+00:00,6220,Só Deus Sabe,Past Teams,,,source_month_or_unspecified,unverified,https://www.vlr.gg/team/6220/s-deus-sabe
6193,https://www.vlr.gg/player/6193/cauanzin,81409b19f281651d637d475b97f56ece59ddc9dacf862546af1401d047ff8d61,2026-10-06T16:00:00+00:00,1426,EU+4,Past Teams,,,source_month_or_unspecified,unverified,https://www.vlr.gg/team/1426/eu-4
6238,https://www.vlr.gg/player/6238/urango,9a7f3142344150bcc1bd59d2601e05e04bdca1a5aa5323f68067da853d399ddf,2026-10-06T16:00:01+00:00,1124,RED Canids,Current Teams,,joined in January 2026,source_month_or_unspecified,unverified,https://www.vlr.gg/team/1124/red-canids
6238,https://www.vlr.gg/player/6238/urango,9a7f3142344150bcc1bd59d2601e05e04bdca1a5aa5323f68067da853d399ddf,2026-10-06T16:00:01+00:00,20741,Next,Past Teams,,,source_month_or_unspecified,unverified,https://www.vlr.gg/team/20741/next
6238,https://www.vlr.gg/player/6238/urango,9a7f3142344150bcc1bd59d2601e05e04bdca1a5aa5323f68067da853d399ddf,2026-10-06T16:00:01+00:00,2406,FURIA,Past Teams,,Inactive from October 2025,source_month_or_unspecified,unverified,https://www.vlr.gg/team/2406/furia
6238,https://www.vlr.gg/player/6238/urango,9a7f3142344150bcc1bd59d2601e05e04bdca1a5aa5323f68067da853d399ddf,2026-10-06T16:00:01+00:00,1124,RED Canids,Past Teams,,January 2025 – May 2025,source_month_or_unspecified,unverified,https://www.vlr.gg/team/1124/red-canids
6238,https://www.vlr.gg/player/6238/urango,9a7f3142344150bcc1bd59d2601e05e04bdca1a5aa5323f68067da853d399ddf,2026-10-06T16:00:01+00:00,10755,Galorys,Past Teams,,November 2023 – December 2024,source_month_or_unspecified,unverified,https://www.vlr.gg/team/10755/galorys
6238,https://www.vlr.gg/player/6238/urango,9a7f3142344150bcc1bd59d2601e05e04bdca1a5aa5323f68067da853d399ddf,2026-10-06T16:00:01+00:00,11882,MIXX,Past Teams,,,source_month_or_unspecified,unverified,https://www.vlr.gg/team/11882/mixx
6238,https://www.vlr.gg/player/6238/urango,9a7f3142344150bcc1bd59d2601e05e04bdca1a5aa5323f68067da853d399ddf,2026-10-06T16:00:01+00:00,10952,Scroll Lock,Past Teams,,,source_month_or_unspecified,unverified,https://www.vlr.gg/team/10952/scroll-lock
6238,https://www.vlr.gg/player/6238/urango,9a7f3142344150bcc1bd59d2601e05e04bdca1a5aa5323f68067da853d399ddf,2026-10-06T16:00:01+00:00,10765,SEMORGAINDA 3.0,Past Teams,,,source_month_or_unspecified,unverified,https://www.vlr.gg/team/10765/semorgainda-3-0
6238,https://www.vlr.gg/player/6238/urango,9a7f3142344150bcc1bd59d2601e05e04bdca1a5aa5323f68067da853d399ddf,2026-10-06T16:00:01+00:00,7355,RD E-SPORTS,Past Teams,,,source_month_or_unspecified,unverified,https://www.vlr.gg/team/7355/rd-e-sports
6238,https://www.vlr.gg/player/6238/urango,9a7f3142344150bcc1bd59d2601e05e04bdca1a5aa5323f68067da853d399ddf,2026-10-06T16:00:01+00:00,5322,Botafogo eSports,Past Teams,,joined in March 2022,source_month_or_unspecified,unverified,https://www.vlr.gg/team/5322/botafogo-esports
6238,https://www.vlr.gg/player/6238/urango,9a7f3142344150bcc1bd59d2601e05e04bdca1a5aa5323f68067da853d399ddf,2026-10-06T16:00:01+00:00,3664,SEMORGAINDA,Past Teams,,left in April 2021,source_month_or_unspecified,unverified,https://www.vlr.gg/team/3664/semorgainda
6238,https://www.vlr.gg/player/6238/urango,9a7f3142344150bcc1bd59d2601e05e04bdca1a5aa5323f68067da853d399ddf,2026-10-06T16:00:01+00:00,4955,Predestinados,Past Teams,,,source_month_or_unspecified,unverified,https://www.vlr.gg/team/4955/predestinados
6238,https://www.vlr.gg/player/6238/urango,9a7f3142344150bcc1bd59d2601e05e04bdca1a5aa5323f68067da853d399ddf,2026-10-06T16:00:01+00:00,4908,KING OF SELVA,Past Teams,,,source_month_or_unspecified,unverified,https://www.vlr.gg/team/4908/king-of-selva
6238,https://www.vlr.gg/player/6238/urango,9a7f3142344150bcc1bd59d2601e05e04bdca1a5aa5323f68067da853d399ddf,2026-10-06T16:00:01+00:00,4394,Folouers Esports,Past Teams,,,source_month_or_unspecified,unverified,https://www.vlr.gg/team/4394/folouers-esports
6238,https://www.vlr.gg/player/6238/urango,9a7f3142344150bcc1bd59d2601e05e04bdca1a5aa5323f68067da853d399ddf,2026-10-06T16:00:01+00:00,3664,SEMORGAINDA,Past Teams,,left in April 2021,source_month_or_unspecified,unverified,https://www.vlr.gg/team/3664/semorgainda
6238,https://www.vlr.gg/player/6238/urango,9a7f3142344150bcc1bd59d2601e05e04bdca1a5aa5323f68067da853d399ddf,2026-10-06T16:00:01+00:00,1611,EU +4,Past Teams,,,source_month_or_unspecified,unverified,https://www.vlr.gg/team/1611/eu-4
6668,https://www.vlr.gg/player/6668/sugarz3ro,c3496742ae3497e96177dc87cb575c2c376b201128dbc85576a565c81db21777,2026-10-06T16:00:01+00:00,5448,ZETA DIVISION,Current Teams,,joined in December 2021,source_month_or_unspecified,unverified,https://www.vlr.gg/team/5448/zeta-division
6668,https://www.vlr.gg/player/6668/sugarz3ro,c3496742ae3497e96177dc87cb575c2c376b201128dbc85576a565c81db21777,2026-10-06T16:00:01+00:00,22790,Japan,Past Teams,,joined in June 2026,source_month_or_unspecified,unverified,https://www.vlr.gg/team/22790/japan
6668,https://www.vlr.gg/player/6668/sugarz3ro,c3496742ae3497e96177dc87cb575c2c376b201128dbc85576a565c81db21777,2026-10-06T16:00:01+00:00,2988,NORTHEPTION,Past Teams,,February 2021 – December 2021,source_month_or_unspecified,unverified,https://www.vlr.gg/team/2988/northeption
6668,https://www.vlr.gg/player/6668/sugarz3ro,c3496742ae3497e96177dc87cb575c2c376b201128dbc85576a565c81db21777,2026-10-06T16:00:01+00:00,1730,Lugen,Past Teams,,,source_month_or_unspecified,unverified,https://www.vlr.gg/team/1730/lugen
6672,https://www.vlr.gg/player/6672/meiy,df0a3eac7b11ca6e8b440263a30ea1f921fd772530fe3d26762bdff55bce97f2,2026-10-06T16:00:02+00:00,278,DetonatioN FocusMe,Current Teams,,joined in November 2023,source_month_or_unspecified,unverified,https://www.vlr.gg/team/278/detonation-focusme
6672,https://www.vlr.gg/player/6672/meiy,df0a3eac7b11ca6e8b440263a30ea1f921fd772530fe3d26762bdff55bce97f2,2026-10-06T16:00:02+00:00,22790,Japan,Past Teams,,joined in June 2026,source_month_or_unspecified,unverified,https://www.vlr.gg/team/22790/japan
6672,https://www.vlr.gg/player/6672/meiy,df0a3eac7b11ca6e8b440263a30ea1f921fd772530fe3d26762bdff55bce97f2,2026-10-06T16:00:02+00:00,11214,Pro Players,Past Teams,,,source_month_or_unspecified,unverified,https://www.vlr.gg/team/11214/pro-players
6672,https://www.vlr.gg/player/6672/meiy,df0a3eac7b11ca6e8b440263a30ea1f921fd772530fe3d26762bdff55bce97f2,2026-10-06T16:00:02+00:00,277,Crazy Raccoon,Past Teams,,January 2022 – November 2023,source_month_or_unspecified,unverified,https://www.vlr.gg/team/277/crazy-raccoon
6672,https://www.vlr.gg/player/6672/meiy,df0a3eac7b11ca6e8b440263a30ea1f921fd772530fe3d26762bdff55bce97f2,2026-10-06T16:00:02+00:00,2988,NORTHEPTION,Past Teams,,February 2021 – December 2021,source_month_or_unspecified,unverified,https://www.vlr.gg/team/2988/northeption
6672,https://www.vlr.gg/player/6672/meiy,df0a3eac7b11ca6e8b440263a30ea1f921fd772530fe3d26762bdff55bce97f2,2026-10-06T16:00:02+00:00,1731,Nester,Past Teams,,,source_month_or_unspecified,unverified,https://www.vlr.gg/team/1731/nester
6702,https://www.vlr.gg/player/6702/bazz,4701a8ecde230518437b5178c56d2a201b87288e810ad4a5196a787160256c4c,2026-10-06T16:00:02+00:00,294,CREST GAMING Zst,Past Teams,,left in July 2026,source_month_or_unspecified,unverified,https://www.vlr.gg/team/294/crest-gaming-zst
6702,https://www.vlr.gg/player/6702/bazz,4701a8ecde230518437b5178c56d2a201b87288e810ad4a5196a787160256c4c,2026-10-06T16:00:02+00:00,516,FAV gaming,Past Teams,,June 2021 – October 2024,source_month_or_unspecified,unverified,https://www.vlr.gg/team/516/fav-gaming
6702,https://www.vlr.gg/player/6702/bazz,4701a8ecde230518437b5178c56d2a201b87288e810ad4a5196a787160256c4c,2026-10-06T16:00:02+00:00,1734,FIRST Gaming,Past Teams,,left in June 2021,source_month_or_unspecified,unverified,https://www.vlr.gg/team/1734/first-gaming
6925,https://www.vlr.gg/player/6925/chadi,a4184ace9b07ba9fec7815b24200176598b11cebf29e763ff0fd5813b8b34b8c,2026-10-06T16:00:03+00:00,22862,Hungary,Past Teams,,joined in June 2026,source_month_or_unspecified,unverified,https://www.vlr.gg/team/22862/hungary
6925,https://www.vlr.gg/player/6925/chadi,a4184ace9b07ba9fec7815b24200176598b11cebf29e763ff0fd5813b8b34b8c,2026-10-06T16:00:03+00:00,17179,DNSTY,Past Teams,,February 2026 – March 2026,source_month_or_unspecified,unverified,https://www.vlr.gg/team/17179/dnsty
6925,https://www.vlr.gg/player/6925/chadi,a4184ace9b07ba9fec7815b24200176598b11cebf29e763ff0fd5813b8b34b8c,2026-10-06T16:00:03+00:00,19391,WIP Esports,Past Teams,,January 2026 – February 2026,source_month_or_unspecified,unverified,https://www.vlr.gg/team/19391/wip-esports
6925,https://www.vlr.gg/player/6925/chadi,a4184ace9b07ba9fec7815b24200176598b11cebf29e763ff0fd5813b8b34b8c,2026-10-06T16:00:03+00:00,6313,KPI Gaming,Past Teams,,left in October 2025,source_month_or_unspecified,unverified,https://www.vlr.gg/team/6313/kpi-gaming
6925,https://www.vlr.gg/player/6925/chadi,a4184ace9b07ba9fec7815b24200176598b11cebf29e763ff0fd5813b8b34b8c,2026-10-06T16:00:03+00:00,4616,UCAM Esports Club,Past Teams,,May 2025 – September 2025,source_month_or_unspecified,unverified,https://www.vlr.gg/team/4616/ucam-esports-club
6925,https://www.vlr.gg/player/6925/chadi,a4184ace9b07ba9fec7815b24200176598b11cebf29e763ff0fd5813b8b34b8c,2026-10-06T16:00:03+00:00,8924,Ramboot Club,Past Teams,,January 2025 – May 2025,source_month_or_unspecified,unverified,https://www.vlr.gg/team/8924/ramboot-club
6925,https://www.vlr.gg/player/6925/chadi,a4184ace9b07ba9fec7815b24200176598b11cebf29e763ff0fd5813b8b34b8c,2026-10-06T16:00:03+00:00,6191,NOM Esports,Past Teams,,joined in May 2024,source_month_or_unspecified,unverified,https://www.vlr.gg/team/6191/nom-esports
6925,https://www.vlr.gg/player/6925/chadi,a4184ace9b07ba9fec7815b24200176598b11cebf29e763ff0fd5813b8b34b8c,2026-10-06T16:00:03+00:00,8996,ESC Gaming,Past Teams,,January 2024 – April 2024,source_month_or_unspecified,unverified,https://www.vlr.gg/team/8996/esc-gaming
6925,https://www.vlr.gg/player/6925/chadi,a4184ace9b07ba9fec7815b24200176598b11cebf29e763ff0fd5813b8b34b8c,2026-10-06T16:00:03+00:00,12474,GoNext Esports,Past Teams,,April 2023 – April 2025,source_month_or_unspecified,unverified,https://www.vlr.gg/team/12474/gonext-esports
6925,https://www.vlr.gg/player/6925/chadi,a4184ace9b07ba9fec7815b24200176598b11cebf29e763ff0fd5813b8b34b8c,2026-10-06T16:00:03+00:00,7211,Rapid Ninjas,Past Teams,,June 2022 – April 2023,source_month_or_unspecified,unverified,https://www.vlr.gg/team/7211/rapid-ninjas
6925,https://www.vlr.gg/player/6925/chadi,a4184ace9b07ba9fec7815b24200176598b11cebf29e763ff0fd5813b8b34b8c,2026-10-06T16:00:03+00:00,576,iPon Esport,Past Teams,,November 2021 – June 2022,source_month_or_unspecified,unverified,https://www.vlr.gg/team/576/ipon-esport
6925,https://www.vlr.gg/player/6925/chadi,a4184ace9b07ba9fec7815b24200176598b11cebf29e763ff0fd5813b8b34b8c,2026-10-06T16:00:03+00:00,4670,WiLD MultiGaming,Past Teams,,left in October 2021,source_month_or_unspecified,unverified,https://www.vlr.gg/team/4670/wild-multigaming
6925,https://www.vlr.gg/player/6925/chadi,a4184ace9b07ba9fec7815b24200176598b11cebf29e763ff0fd5813b8b34b8c,2026-10-06T16:00:03+00:00,576,iPon Esport,Past Teams,,joined in April 2021,source_month_or_unspecified,unverified,https://www.vlr.gg/team/576/ipon-esport
6925,https://www.vlr.gg/player/6925/chadi,a4184ace9b07ba9fec7815b24200176598b11cebf29e763ff0fd5813b8b34b8c,2026-10-06T16:00:03+00:00,1797,Necrotic Esports,Past Teams,,left in February 2021,source_month_or_unspecified,unverified,https://www.vlr.gg/team/1797/necrotic-esports
6959,https://www.vlr.gg/player/6959/flickless,aca4c350df212602e8877487cbe97108351c37693309d1d2703893264d2ac9b3,2026-10-06T16:00:04+00:00,14419,GIANTX,Current Teams,,joined in April 2025,source_month_or_unspecified,unverified,https://www.vlr.gg/team/14419/giantx
6959,https://www.vlr.gg/player/6959/flickless,aca4c350df212602e8877487cbe97108351c37693309d1d2703893264d2ac9b3,2026-10-06T16:00:04+00:00,22843,Belgium,Past Teams,,joined in June 2026,source_month_or_unspecified,unverified,https://www.vlr.gg/team/22843/belgium
6959,https://www.vlr.gg/player/6959/flickless,aca4c350df212602e8877487cbe97108351c37693309d1d2703893264d2ac9b3,2026-10-06T16:00:04+00:00,4616,UCAM Esports Club,Past Teams,,January 2023 – April 2025,source_month_or_unspecified,unverified,https://www.vlr.gg/team/4616/ucam-esports-club
6959,https://www.vlr.gg/player/6959/flickless,aca4c350df212602e8877487cbe97108351c37693309d1d2703893264d2ac9b3,2026-10-06T16:00:04+00:00,10815,PXL Esports,Past Teams,,,source_month_or_unspecified,unverified,https://www.vlr.gg/team/10815/pxl-esports
6959,https://www.vlr.gg/player/6959/flickless,aca4c350df212602e8877487cbe97108351c37693309d1d2703893264d2ac9b3,2026-10-06T16:00:04+00:00,7963,Sector One,Past Teams,,Inactive from December 2022,source_month_or_unspecified,unverified,https://www.vlr.gg/team/7963/sector-one
6959,https://www.vlr.gg/player/6959/flickless,aca4c350df212602e8877487cbe97108351c37693309d1d2703893264d2ac9b3,2026-10-06T16:00:04+00:00,9560,Sector One Wings Program,Past Teams,,left in October 2022,source_month_or_unspecified,unverified,https://www.vlr.gg/team/9560/sector-one-wings-program
6959,https://www.vlr.gg/player/6959/flickless,aca4c350df212602e8877487cbe97108351c37693309d1d2703893264d2ac9b3,2026-10-06T16:00:04+00:00,5548,PXL Esports,Past Teams,,,source_month_or_unspecified,unverified,https://www.vlr.gg/team/5548/pxl-esports
6959,https://www.vlr.gg/player/6959/flickless,aca4c350df212602e8877487cbe97108351c37693309d1d2703893264d2ac9b3,2026-10-06T16:00:04+00:00,7431,PASCHKA,Past Teams,,,source_month_or_unspecified,unverified,https://www.vlr.gg/team/7431/paschka
6959,https://www.vlr.gg/player/6959/flickless,aca4c350df212602e8877487cbe97108351c37693309d1d2703893264d2ac9b3,2026-10-06T16:00:04+00:00,1626,NOX Esports,Past Teams,,joined in March 2021,source_month_or_unspecified,unverified,https://www.vlr.gg/team/1626/nox-esports
7043,https://www.vlr.gg/player/7043/ncslasher,da53d82c454a5b94277fc5aaacde956a36fb7fb051b4c2d02e2664480a58a3ed,2026-10-06T16:00:05+00:00,466,BOOM Esports,Current Teams,,joined in September 2023,source_month_or_unspecified,unverified,https://www.vlr.gg/team/466/boom-esports
7043,https://www.vlr.gg/player/7043/ncslasher,da53d82c454a5b94277fc5aaacde956a36fb7fb051b4c2d02e2664480a58a3ed,2026-10-06T16:00:05+00:00,12117,Indonesia,Past Teams,,joined in June 2026,source_month_or_unspecified,unverified,https://www.vlr.gg/team/12117/indonesia
7043,https://www.vlr.gg/player/7043/ncslasher,da53d82c454a5b94277fc5aaacde956a36fb7fb051b4c2d02e2664480a58a3ed,2026-10-06T16:00:05+00:00,12117,Indonesia,Past Teams,,joined in March 2023,source_month_or_unspecified,unverified,https://www.vlr.gg/team/12117/indonesia
7043,https://www.vlr.gg/player/7043/ncslasher,da53d82c454a5b94277fc5aaacde956a36fb7fb051b4c2d02e2664480a58a3ed,2026-10-06T16:00:05+00:00,2814,Bigetron Arctic,Past Teams,,November 2022 – June 2023,source_month_or_unspecified,unverified,https://www.vlr.gg/team/2814/bigetron-arctic
7043,https://www.vlr.gg/player/7043/ncslasher,da53d82c454a5b94277fc5aaacde956a36fb7fb051b4c2d02e2664480a58a3ed,2026-10-06T16:00:05+00:00,2032,ONIC G,Past Teams,,October 2021 – September 2022,source_month_or_unspecified,unverified,https://www.vlr.gg/team/2032/onic-g
7043,https://www.vlr.gg/player/7043/ncslasher,da53d82c454a5b94277fc5aaacde956a36fb7fb051b4c2d02e2664480a58a3ed,2026-10-06T16:00:05+00:00,466,BOOM Esports,Past Teams,,October 2020 – September 2021,source_month_or_unspecified,unverified,https://www.vlr.gg/team/466/boom-esports
7049,https://www.vlr.gg/player/7049/natz,5a9f3fa1b0c1fc6e0018f121f66b208eadd4e208a49e170fad188100ec497a0f,2026-10-06T16:00:06+00:00,6199,Team Secret,Current Teams,,joined in July 2026,source_month_or_unspecified,unverified,https://www.vlr.gg/team/6199/team-secret
7049,https://www.vlr.gg/player/7049/natz,5a9f3fa1b0c1fc6e0018f121f66b208eadd4e208a49e170fad188100ec497a0f,2026-10-06T16:00:06+00:00,466,BOOM Esports,Past Teams,,September 2025 – July 2026,source_month_or_unspecified,unverified,https://www.vlr.gg/team/466/boom-esports
7049,https://www.vlr.gg/player/7049/natz,5a9f3fa1b0c1fc6e0018f121f66b208eadd4e208a49e170fad188100ec497a0f,2026-10-06T16:00:06+00:00,17021,RRQ Academy,Past Teams,,December 2024 – September 2025,source_month_or_unspecified,unverified,https://www.vlr.gg/team/17021/rrq-academy
7049,https://www.vlr.gg/player/7049/natz,5a9f3fa1b0c1fc6e0018f121f66b208eadd4e208a49e170fad188100ec497a0f,2026-10-06T16:00:06+00:00,878,Rex Regum Qeon,Past Teams,,August 2025 – September 2025,source_month_or_unspecified,unverified,https://www.vlr.gg/team/878/rex-regum-qeon
7049,https://www.vlr.gg/player/7049/natz,5a9f3fa1b0c1fc6e0018f121f66b208eadd4e208a49e170fad188100ec497a0f,2026-10-06T16:00:06+00:00,15654,THE HERO DETA,Past Teams,,May 2024 – August 2024,source_month_or_unspecified,unverified,https://www.vlr.gg/team/15654/the-hero-deta
7049,https://www.vlr.gg/player/7049/natz,5a9f3fa1b0c1fc6e0018f121f66b208eadd4e208a49e170fad188100ec497a0f,2026-10-06T16:00:06+00:00,8422,Hike Digital Esports,Past Teams,,left in June 2023,source_month_or_unspecified,unverified,https://www.vlr.gg/team/8422/hike-digital-esports
7049,https://www.vlr.gg/player/7049/natz,5a9f3fa1b0c1fc6e0018f121f66b208eadd4e208a49e170fad188100ec497a0f,2026-10-06T16:00:06+00:00,1110,Alter Ego,Past Teams,,Inactive from March 2023,source_month_or_unspecified,unverified,https://www.vlr.gg/team/1110/alter-ego
7049,https://www.vlr.gg/player/7049/natz,5a9f3fa1b0c1fc6e0018f121f66b208eadd4e208a49e170fad188100ec497a0f,2026-10-06T16:00:06+00:00,3436,Bakekok,Past Teams,,,source_month_or_unspecified,unverified,https://www.vlr.gg/team/3436/bakekok
7049,https://www.vlr.gg/player/7049/natz,5a9f3fa1b0c1fc6e0018f121f66b208eadd4e208a49e170fad188100ec497a0f,2026-10-06T16:00:06+00:00,1915,NXL LIGAGAME,Past Teams,,joined in November 2020,source_month_or_unspecified,unverified,https://www.vlr.gg/team/1915/nxl-ligagame
7049,https://www.vlr.gg/player/7049/natz,5a9f3fa1b0c1fc6e0018f121f66b208eadd4e208a49e170fad188100ec497a0f,2026-10-06T16:00:06+00:00,1699,Elecbossa,Past Teams,,left in November 2020,source_month_or_unspecified,unverified,https://www.vlr.gg/team/1699/elecbossa
7105,https://www.vlr.gg/player/7105/qpert,94d588a66e43dd460c240bbaf5b0acfe860b4a2e706bf6243122a35cdcacb396,2026-10-06T16:00:06+00:00,3478,PCIFIC Esports,Current Teams,,joined in January 2026,source_month_or_unspecified,unverified,https://www.vlr.gg/team/3478/pcific-esports
7105,https://www.vlr.gg/player/7105/qpert,94d588a66e43dd460c240bbaf5b0acfe860b4a2e706bf6243122a35cdcacb396,2026-10-06T16:00:06+00:00,22868,Serbia,Past Teams,,joined in June 2026,source_month_or_unspecified,unverified,https://www.vlr.gg/team/22868/serbia
7105,https://www.vlr.gg/player/7105/qpert,94d588a66e43dd460c240bbaf5b0acfe860b4a2e706bf6243122a35cdcacb396,2026-10-06T16:00:06+00:00,17297,Team Liquid Academy,Past Teams,,Inactive from September 2025,source_month_or_unspecified,unverified,https://www.vlr.gg/team/17297/team-liquid-academy
7105,https://www.vlr.gg/player/7105/qpert,94d588a66e43dd460c240bbaf5b0acfe860b4a2e706bf6243122a35cdcacb396,2026-10-06T16:00:06+00:00,14479,SK Gaming,Past Teams,,May 2024 – November 2024,source_month_or_unspecified,unverified,https://www.vlr.gg/team/14479/sk-gaming
7105,https://www.vlr.gg/player/7105/qpert,94d588a66e43dd460c240bbaf5b0acfe860b4a2e706bf6243122a35cdcacb396,2026-10-06T16:00:06+00:00,4669,Digital Athletics,Past Teams,,,source_month_or_unspecified,unverified,https://www.vlr.gg/team/4669/digital-athletics
7105,https://www.vlr.gg/player/7105/qpert,94d588a66e43dd460c240bbaf5b0acfe860b4a2e706bf6243122a35cdcacb396,2026-10-06T16:00:06+00:00,188,Cloud9,Past Teams,,Inactive from August 2023,source_month_or_unspecified,unverified,https://www.vlr.gg/team/188/cloud9
7105,https://www.vlr.gg/player/7105/qpert,94d588a66e43dd460c240bbaf5b0acfe860b4a2e706bf6243122a35cdcacb396,2026-10-06T16:00:06+00:00,474,Team Liquid,Past Teams,analyst,September 2022 – September 2022,source_month_or_unspecified,unverified,https://www.vlr.gg/team/474/team-liquid
7105,https://www.vlr.gg/player/7105/qpert,94d588a66e43dd460c240bbaf5b0acfe860b4a2e706bf6243122a35cdcacb396,2026-10-06T16:00:06+00:00,6675,The Guard,Past Teams,assistant coach,July 2022 – August 2022,source_month_or_unspecified,unverified,https://www.vlr.gg/team/6675/the-guard
7105,https://www.vlr.gg/player/7105/qpert,94d588a66e43dd460c240bbaf5b0acfe860b4a2e706bf6243122a35cdcacb396,2026-10-06T16:00:06+00:00,7963,Sector One,Past Teams,,May 2022 – June 2022,source_month_or_unspecified,unverified,https://www.vlr.gg/team/7963/sector-one
7105,https://www.vlr.gg/player/7105/qpert,94d588a66e43dd460c240bbaf5b0acfe860b4a2e706bf6243122a35cdcacb396,2026-10-06T16:00:06+00:00,1456,PENTA,Past Teams,,January 2022 – April 2022,source_month_or_unspecified,unverified,https://www.vlr.gg/team/1456/penta
7353,https://www.vlr.gg/player/7353/glovee,f252c0e02124f9727eeb6a1fbe1a93925e38a58d1f45a48a10f0780373ac27e0,2026-10-06T16:00:07+00:00,21743,Eternal Fire Passion,Current Teams,,,source_month_or_unspecified,unverified,https://www.vlr.gg/team/21743/eternal-fire-passion
7353,https://www.vlr.gg/player/7353/glovee,f252c0e02124f9727eeb6a1fbe1a93925e38a58d1f45a48a10f0780373ac27e0,2026-10-06T16:00:07+00:00,4572,Galatasaray Esports,Past Teams,,June 2025 – December 2025,source_month_or_unspecified,unverified,https://www.vlr.gg/team/4572/galatasaray-esports
7353,https://www.vlr.gg/player/7353/glovee,f252c0e02124f9727eeb6a1fbe1a93925e38a58d1f45a48a10f0780373ac27e0,2026-10-06T16:00:07+00:00,10122,Team Türkiye,Past Teams,,,source_month_or_unspecified,unverified,https://www.vlr.gg/team/10122/team-t-rkiye
7353,https://www.vlr.gg/player/7353/glovee,f252c0e02124f9727eeb6a1fbe1a93925e38a58d1f45a48a10f0780373ac27e0,2026-10-06T16:00:07+00:00,4762,Galakticos,Past Teams,,joined in September 2022,source_month_or_unspecified,unverified,https://www.vlr.gg/team/4762/galakticos
7353,https://www.vlr.gg/player/7353/glovee,f252c0e02124f9727eeb6a1fbe1a93925e38a58d1f45a48a10f0780373ac27e0,2026-10-06T16:00:07+00:00,4567,Papara SuperMassive,Past Teams,,Inactive from August 2022,source_month_or_unspecified,unverified,https://www.vlr.gg/team/4567/papara-supermassive
7353,https://www.vlr.gg/player/7353/glovee,f252c0e02124f9727eeb6a1fbe1a93925e38a58d1f45a48a10f0780373ac27e0,2026-10-06T16:00:07+00:00,4762,Galakticos,Past Teams,stand-in,August 2022 – September 2022,source_month_or_unspecified,unverified,https://www.vlr.gg/team/4762/galakticos
7353,https://www.vlr.gg/player/7353/glovee,f252c0e02124f9727eeb6a1fbe1a93925e38a58d1f45a48a10f0780373ac27e0,2026-10-06T16:00:07+00:00,921,Oxygen Esports,Past Teams,,Inactive from December 2021,source_month_or_unspecified,unverified,https://www.vlr.gg/team/921/oxygen-esports
7353,https://www.vlr.gg/player/7353/glovee,f252c0e02124f9727eeb6a1fbe1a93925e38a58d1f45a48a10f0780373ac27e0,2026-10-06T16:00:07+00:00,3271,kebabmasterz,Past Teams,,left in March 2021,source_month_or_unspecified,unverified,https://www.vlr.gg/team/3271/kebabmasterz
7353,https://www.vlr.gg/player/7353/glovee,f252c0e02124f9727eeb6a1fbe1a93925e38a58d1f45a48a10f0780373ac27e0,2026-10-06T16:00:07+00:00,1913,RARE Esports,Past Teams,,left in September 2021,source_month_or_unspecified,unverified,https://www.vlr.gg/team/1913/rare-esports
7378,https://www.vlr.gg/player/7378/jinggg,55e4755cae56c1e6b76756a3ddd0753658630efcdbac046d336337fe4cd34ef2,2026-10-06T16:00:07+00:00,624,Paper Rex,Current Teams,,joined in September 2021,source_month_or_unspecified,unverified,https://www.vlr.gg/team/624/paper-rex
7378,https://www.vlr.gg/player/7378/jinggg,55e4755cae56c1e6b76756a3ddd0753658630efcdbac046d336337fe4cd34ef2,2026-10-06T16:00:07+00:00,12120,Singapore,Past Teams,,joined in June 2026,source_month_or_unspecified,unverified,https://www.vlr.gg/team/12120/singapore
7378,https://www.vlr.gg/player/7378/jinggg,55e4755cae56c1e6b76756a3ddd0753658630efcdbac046d336337fe4cd34ef2,2026-10-06T16:00:07+00:00,17069,Paper Rex x Spotlight Series,Past Teams,,joined in December 2024,source_month_or_unspecified,unverified,https://www.vlr.gg/team/17069/paper-rex-x-spotlight-series
7378,https://www.vlr.gg/player/7378/jinggg,55e4755cae56c1e6b76756a3ddd0753658630efcdbac046d336337fe4cd34ef2,2026-10-06T16:00:07+00:00,617,Team SMG,Past Teams,,June 2021 – September 2021,source_month_or_unspecified,unverified,https://www.vlr.gg/team/617/team-smg
7378,https://www.vlr.gg/player/7378/jinggg,55e4755cae56c1e6b76756a3ddd0753658630efcdbac046d336337fe4cd34ef2,2026-10-06T16:00:07+00:00,3348,Orgless,Past Teams,,,source_month_or_unspecified,unverified,https://www.vlr.gg/team/3348/orgless
7378,https://www.vlr.gg/player/7378/jinggg,55e4755cae56c1e6b76756a3ddd0753658630efcdbac046d336337fe4cd34ef2,2026-10-06T16:00:07+00:00,958,Reality Rift,Past Teams,,,source_month_or_unspecified,unverified,https://www.vlr.gg/team/958/reality-rift
7405,https://www.vlr.gg/player/7405/jremy,0163a4f33886cfb2e593f63dcea648a68201192ff8e0715a11fbb11674442ba3,2026-10-06T16:00:08+00:00,104,REJECT,Current Teams,,joined in September 2025,source_month_or_unspecified,unverified,https://www.vlr.gg/team/104/reject
7405,https://www.vlr.gg/player/7405/jremy,0163a4f33886cfb2e593f63dcea648a68201192ff8e0715a11fbb11674442ba3,2026-10-06T16:00:08+00:00,6199,Team Secret,Past Teams,,Inactive from May 2025,source_month_or_unspecified,unverified,https://www.vlr.gg/team/6199/team-secret
7405,https://www.vlr.gg/player/7405/jremy,0163a4f33886cfb2e593f63dcea648a68201192ff8e0715a11fbb11674442ba3,2026-10-06T16:00:08+00:00,3504,DR Esports,Past Teams,,left in January 2022,source_month_or_unspecified,unverified,https://www.vlr.gg/team/3504/dr-esports
7405,https://www.vlr.gg/player/7405/jremy,0163a4f33886cfb2e593f63dcea648a68201192ff8e0715a11fbb11674442ba3,2026-10-06T16:00:08+00:00,1932,Hashira,Past Teams,,,source_month_or_unspecified,unverified,https://www.vlr.gg/team/1932/hashira
7426,https://www.vlr.gg/player/7426/juicy,0d2afc890eb203aa32ff4b874a468162b0bc6e552a8cd104ff2dc6638aa9754a,2026-10-06T16:00:09+00:00,19531,Any Questions Gaming,Current Teams,,joined in February 2026,source_month_or_unspecified,unverified,https://www.vlr.gg/team/19531/any-questions-gaming
7426,https://www.vlr.gg/player/7426/juicy,0d2afc890eb203aa32ff4b874a468162b0bc6e552a8cd104ff2dc6638aa9754a,2026-10-06T16:00:09+00:00,13790,Wolves Esports,Past Teams,,Inactive from September 2025,source_month_or_unspecified,unverified,https://www.vlr.gg/team/13790/wolves-esports
7426,https://www.vlr.gg/player/7426/juicy,0d2afc890eb203aa32ff4b874a468162b0bc6e552a8cd104ff2dc6638aa9754a,2026-10-06T16:00:09+00:00,14773,Disguised,Past Teams,,January 2024 – November 2024,source_month_or_unspecified,unverified,https://www.vlr.gg/team/14773/disguised
7426,https://www.vlr.gg/player/7426/juicy,0d2afc890eb203aa32ff4b874a468162b0bc6e552a8cd104ff2dc6638aa9754a,2026-10-06T16:00:09+00:00,6387,BLEED,Past Teams,,September 2022 – August 2023,source_month_or_unspecified,unverified,https://www.vlr.gg/team/6387/bleed
7426,https://www.vlr.gg/player/7426/juicy,0d2afc890eb203aa32ff4b874a468162b0bc6e552a8cd104ff2dc6638aa9754a,2026-10-06T16:00:09+00:00,9146,BLEED Academy,Past Teams,,May 2022 – September 2022,source_month_or_unspecified,unverified,https://www.vlr.gg/team/9146/bleed-academy
7426,https://www.vlr.gg/player/7426/juicy,0d2afc890eb203aa32ff4b874a468162b0bc6e552a8cd104ff2dc6638aa9754a,2026-10-06T16:00:09+00:00,6387,BLEED,Past Teams,,December 2021 – January 2022,source_month_or_unspecified,unverified,https://www.vlr.gg/team/6387/bleed
7426,https://www.vlr.gg/player/7426/juicy,0d2afc890eb203aa32ff4b874a468162b0bc6e552a8cd104ff2dc6638aa9754a,2026-10-06T16:00:09+00:00,2532,Louvre,Past Teams,,November 2021 – November 2021,source_month_or_unspecified,unverified,https://www.vlr.gg/team/2532/louvre
7426,https://www.vlr.gg/player/7426/juicy,0d2afc890eb203aa32ff4b874a468162b0bc6e552a8cd104ff2dc6638aa9754a,2026-10-06T16:00:09+00:00,3524,Timing Monster Gaming,Past Teams,,joined in March 2021,source_month_or_unspecified,unverified,https://www.vlr.gg/team/3524/timing-monster-gaming
7426,https://www.vlr.gg/player/7426/juicy,0d2afc890eb203aa32ff4b874a468162b0bc6e552a8cd104ff2dc6638aa9754a,2026-10-06T16:00:09+00:00,2150,JustLose,Past Teams,,,source_month_or_unspecified,unverified,https://www.vlr.gg/team/2150/justlose
7426,https://www.vlr.gg/player/7426/juicy,0d2afc890eb203aa32ff4b874a468162b0bc6e552a8cd104ff2dc6638aa9754a,2026-10-06T16:00:09+00:00,1944,Excelsa,Past Teams,,,source_month_or_unspecified,unverified,https://www.vlr.gg/team/1944/excelsa
7437,https://www.vlr.gg/player/7437/kellys,21a3515170d9c9ea27aac6f4e03584875bdd4e79cdcdaeaa8c7a767bb59798ed,2026-10-06T16:00:09+00:00,6199,Team Secret,Current Teams,,Inactive from September 2026,source_month_or_unspecified,unverified,https://www.vlr.gg/team/6199/team-secret
7437,https://www.vlr.gg/player/7437/kellys,21a3515170d9c9ea27aac6f4e03584875bdd4e79cdcdaeaa8c7a767bb59798ed,2026-10-06T16:00:09+00:00,12118,Philippines,Past Teams,,joined in June 2026,source_month_or_unspecified,unverified,https://www.vlr.gg/team/12118/philippines
7437,https://www.vlr.gg/player/7437/kellys,21a3515170d9c9ea27aac6f4e03584875bdd4e79cdcdaeaa8c7a767bb59798ed,2026-10-06T16:00:09+00:00,17068,Xipto x Global Esports,Past Teams,,joined in December 2024,source_month_or_unspecified,unverified,https://www.vlr.gg/team/17068/xipto-x-global-esports
7437,https://www.vlr.gg/player/7437/kellys,21a3515170d9c9ea27aac6f4e03584875bdd4e79cdcdaeaa8c7a767bb59798ed,2026-10-06T16:00:09+00:00,918,Global Esports,Past Teams,,October 2024 – May 2025,source_month_or_unspecified,unverified,https://www.vlr.gg/team/918/global-esports
7437,https://www.vlr.gg/player/7437/kellys,21a3515170d9c9ea27aac6f4e03584875bdd4e79cdcdaeaa8c7a767bb59798ed,2026-10-06T16:00:09+00:00,3136,Oasis Gaming,Past Teams,,October 2023 – October 2024,source_month_or_unspecified,unverified,https://www.vlr.gg/team/3136/oasis-gaming
7437,https://www.vlr.gg/player/7437/kellys,21a3515170d9c9ea27aac6f4e03584875bdd4e79cdcdaeaa8c7a767bb59798ed,2026-10-06T16:00:09+00:00,5366,Action PH,Past Teams,,Inactive from June 2023,source_month_or_unspecified,unverified,https://www.vlr.gg/team/5366/action-ph
7437,https://www.vlr.gg/player/7437/kellys,21a3515170d9c9ea27aac6f4e03584875bdd4e79cdcdaeaa8c7a767bb59798ed,2026-10-06T16:00:09+00:00,11763,Sky Empire,Past Teams,,,source_month_or_unspecified,unverified,https://www.vlr.gg/team/11763/sky-empire
7437,https://www.vlr.gg/player/7437/kellys,21a3515170d9c9ea27aac6f4e03584875bdd4e79cdcdaeaa8c7a767bb59798ed,2026-10-06T16:00:09+00:00,11536,Sky Encore Esports,Past Teams,,December 2022 – January 2023,source_month_or_unspecified,unverified,https://www.vlr.gg/team/11536/sky-encore-esports
7437,https://www.vlr.gg/player/7437/kellys,21a3515170d9c9ea27aac6f4e03584875bdd4e79cdcdaeaa8c7a767bb59798ed,2026-10-06T16:00:09+00:00,10693,Power Rangers,Past Teams,,,source_month_or_unspecified,unverified,https://www.vlr.gg/team/10693/power-rangers
7437,https://www.vlr.gg/player/7437/kellys,21a3515170d9c9ea27aac6f4e03584875bdd4e79cdcdaeaa8c7a767bb59798ed,2026-10-06T16:00:09+00:00,878,Rex Regum Qeon,Past Teams,,January 2022 – October 2022,source_month_or_unspecified,unverified,https://www.vlr.gg/team/878/rex-regum-qeon
7437,https://www.vlr.gg/player/7437/kellys,21a3515170d9c9ea27aac6f4e03584875bdd4e79cdcdaeaa8c7a767bb59798ed,2026-10-06T16:00:09+00:00,3504,DR Esports,Past Teams,,left in January 2022,source_month_or_unspecified,unverified,https://www.vlr.gg/team/3504/dr-esports
7437,https://www.vlr.gg/player/7437/kellys,21a3515170d9c9ea27aac6f4e03584875bdd4e79cdcdaeaa8c7a767bb59798ed,2026-10-06T16:00:09+00:00,2956,Org Not Found,Past Teams,,,source_month_or_unspecified,unverified,https://www.vlr.gg/team/2956/org-not-found
7437,https://www.vlr.gg/player/7437/kellys,21a3515170d9c9ea27aac6f4e03584875bdd4e79cdcdaeaa8c7a767bb59798ed,2026-10-06T16:00:09+00:00,1935,Affinity Esports,Past Teams,,,source_month_or_unspecified,unverified,https://www.vlr.gg/team/1935/affinity-esports
7458,https://www.vlr.gg/player/7458/moose,81add3626509aa9328b67848007984ebee5c47fdaf2852d490fa1fc4376855d7,2026-10-06T16:00:10+00:00,17156,Abc123,Past Teams,,,source_month_or_unspecified,unverified,https://www.vlr.gg/team/17156/abc123
7458,https://www.vlr.gg/player/7458/moose,81add3626509aa9328b67848007984ebee5c47fdaf2852d490fa1fc4376855d7,2026-10-06T16:00:10+00:00,6985,QoR,Past Teams,,January 2026 – July 2026,source_month_or_unspecified,unverified,https://www.vlr.gg/team/6985/qor
7458,https://www.vlr.gg/player/7458/moose,81add3626509aa9328b67848007984ebee5c47fdaf2852d490fa1fc4376855d7,2026-10-06T16:00:10+00:00,19590,BOX OF ROCKETZ,Past Teams,,joined in July 2025,source_month_or_unspecified,unverified,https://www.vlr.gg/team/19590/box-of-rocketz
7458,https://www.vlr.gg/player/7458/moose,81add3626509aa9328b67848007984ebee5c47fdaf2852d490fa1fc4376855d7,2026-10-06T16:00:10+00:00,16898,Trust In Plug,Past Teams,,April 2025 – April 2025,source_month_or_unspecified,unverified,https://www.vlr.gg/team/16898/trust-in-plug
7458,https://www.vlr.gg/player/7458/moose,81add3626509aa9328b67848007984ebee5c47fdaf2852d490fa1fc4376855d7,2026-10-06T16:00:10+00:00,17056,Landor,Past Teams,,joined in February 2025,source_month_or_unspecified,unverified,https://www.vlr.gg/team/17056/landor
7458,https://www.vlr.gg/player/7458/moose,81add3626509aa9328b67848007984ebee5c47fdaf2852d490fa1fc4376855d7,2026-10-06T16:00:10+00:00,188,Cloud9,Past Teams,,Inactive from December 2024,source_month_or_unspecified,unverified,https://www.vlr.gg/team/188/cloud9
7458,https://www.vlr.gg/player/7458/moose,81add3626509aa9328b67848007984ebee5c47fdaf2852d490fa1fc4376855d7,2026-10-06T16:00:10+00:00,5038,YFP,Past Teams,,January 2024 – March 2024,source_month_or_unspecified,unverified,https://www.vlr.gg/team/5038/yfp
7458,https://www.vlr.gg/player/7458/moose,81add3626509aa9328b67848007984ebee5c47fdaf2852d490fa1fc4376855d7,2026-10-06T16:00:10+00:00,11836,Turtle Troop,Past Teams,,October 2023 – December 2023,source_month_or_unspecified,unverified,https://www.vlr.gg/team/11836/turtle-troop
7458,https://www.vlr.gg/player/7458/moose,81add3626509aa9328b67848007984ebee5c47fdaf2852d490fa1fc4376855d7,2026-10-06T16:00:10+00:00,9353,Shopify Rebellion Black,Past Teams,,June 2022 – September 2023,source_month_or_unspecified,unverified,https://www.vlr.gg/team/9353/shopify-rebellion-black
7458,https://www.vlr.gg/player/7458/moose,81add3626509aa9328b67848007984ebee5c47fdaf2852d490fa1fc4376855d7,2026-10-06T16:00:10+00:00,642,Luminosity,Past Teams,,February 2021 – June 2022,source_month_or_unspecified,unverified,https://www.vlr.gg/team/642/luminosity
7458,https://www.vlr.gg/player/7458/moose,81add3626509aa9328b67848007984ebee5c47fdaf2852d490fa1fc4376855d7,2026-10-06T16:00:10+00:00,976,Orgles5,Past Teams,,November 2020 – November 2020,source_month_or_unspecified,unverified,https://www.vlr.gg/team/976/orgles5
7603,https://www.vlr.gg/player/7603/mazino,28aef25647b2012aa5ad0998f36775d4a1a0c177b5b6f9f0e57ced5f80f99e25,2026-10-06T16:00:10+00:00,7386,MIBR,Current Teams,,joined in December 2025,source_month_or_unspecified,unverified,https://www.vlr.gg/team/7386/mibr
7603,https://www.vlr.gg/player/7603/mazino,28aef25647b2012aa5ad0998f36775d4a1a0c177b5b6f9f0e57ced5f80f99e25,2026-10-06T16:00:10+00:00,22524,Chile,Past Teams,,joined in June 2026,source_month_or_unspecified,unverified,https://www.vlr.gg/team/22524/chile
7603,https://www.vlr.gg/player/7603/mazino,28aef25647b2012aa5ad0998f36775d4a1a0c177b5b6f9f0e57ced5f80f99e25,2026-10-06T16:00:10+00:00,2355,KRÜ Esports,Past Teams,,Inactive from October 2025,source_month_or_unspecified,unverified,https://www.vlr.gg/team/2355/kr-esports
7603,https://www.vlr.gg/player/7603/mazino,28aef25647b2012aa5ad0998f36775d4a1a0c177b5b6f9f0e57ced5f80f99e25,2026-10-06T16:00:10+00:00,2359,LEVIATÁN,Past Teams,,Inactive from September 2024,source_month_or_unspecified,unverified,https://www.vlr.gg/team/2359/leviat-n
7603,https://www.vlr.gg/player/7603/mazino,28aef25647b2012aa5ad0998f36775d4a1a0c177b5b6f9f0e57ced5f80f99e25,2026-10-06T16:00:10+00:00,2355,KRÜ Esports,Past Teams,,January 2021 – October 2022,source_month_or_unspecified,unverified,https://www.vlr.gg/team/2355/kr-esports
7603,https://www.vlr.gg/player/7603/mazino,28aef25647b2012aa5ad0998f36775d4a1a0c177b5b6f9f0e57ced5f80f99e25,2026-10-06T16:00:10+00:00,1999,Millions Gaming,Past Teams,,,source_month_or_unspecified,unverified,https://www.vlr.gg/team/1999/millions-gaming
7745,https://www.vlr.gg/player/7745/yoshiii,e620b3e67b53268dff6c4b5b3a33a963038b626d0114f4915aec9714a0de2f5d,2026-10-06T16:00:11+00:00,104,REJECT,Current Teams,,joined in July 2025,source_month_or_unspecified,unverified,https://www.vlr.gg/team/104/reject
7745,https://www.vlr.gg/player/7745/yoshiii,e620b3e67b53268dff6c4b5b3a33a963038b626d0114f4915aec9714a0de2f5d,2026-10-06T16:00:11+00:00,282,SCARZ,Past Teams,,left in April 2025,source_month_or_unspecified,unverified,https://www.vlr.gg/team/282/scarz
7745,https://www.vlr.gg/player/7745/yoshiii,e620b3e67b53268dff6c4b5b3a33a963038b626d0114f4915aec9714a0de2f5d,2026-10-06T16:00:11+00:00,8629,Westception,Past Teams,,joined in April 2022,source_month_or_unspecified,unverified,https://www.vlr.gg/team/8629/westception
7745,https://www.vlr.gg/player/7745/yoshiii,e620b3e67b53268dff6c4b5b3a33a963038b626d0114f4915aec9714a0de2f5d,2026-10-06T16:00:11+00:00,6899,Fallen5,Past Teams,stand-in,joined in December 2021,source_month_or_unspecified,unverified,https://www.vlr.gg/team/6899/fallen5
7745,https://www.vlr.gg/player/7745/yoshiii,e620b3e67b53268dff6c4b5b3a33a963038b626d0114f4915aec9714a0de2f5d,2026-10-06T16:00:11+00:00,6290,Avante,Past Teams,,left in October 2021,source_month_or_unspecified,unverified,https://www.vlr.gg/team/6290/avante
7745,https://www.vlr.gg/player/7745/yoshiii,e620b3e67b53268dff6c4b5b3a33a963038b626d0114f4915aec9714a0de2f5d,2026-10-06T16:00:11+00:00,1926,SE ATLAS,Past Teams,,left in August 2021,source_month_or_unspecified,unverified,https://www.vlr.gg/team/1926/se-atlas
7754,https://www.vlr.gg/player/7754/xavi8k,7edd58c3813e32e361d9a6ed84923ebb1933d40ca53e46b475bd1b2e247e9b1e,2026-10-06T16:00:12+00:00,918,Global Esports,Current Teams,,joined in November 2025,source_month_or_unspecified,unverified,https://www.vlr.gg/team/918/global-esports
7754,https://www.vlr.gg/player/7754/xavi8k,7edd58c3813e32e361d9a6ed84923ebb1933d40ca53e46b475bd1b2e247e9b1e,2026-10-06T16:00:12+00:00,16560,DLSU Viridis Arcus,Past Teams,coach,,source_month_or_unspecified,unverified,https://www.vlr.gg/team/16560/dlsu-viridis-arcus
7754,https://www.vlr.gg/player/7754/xavi8k,7edd58c3813e32e361d9a6ed84923ebb1933d40ca53e46b475bd1b2e247e9b1e,2026-10-06T16:00:12+00:00,7031,NAOS,Past Teams,,October 2024 – October 2025,source_month_or_unspecified,unverified,https://www.vlr.gg/team/7031/naos
7754,https://www.vlr.gg/player/7754/xavi8k,7edd58c3813e32e361d9a6ed84923ebb1933d40ca53e46b475bd1b2e247e9b1e,2026-10-06T16:00:12+00:00,12118,Philippines,Past Teams,,joined in February 2023,source_month_or_unspecified,unverified,https://www.vlr.gg/team/12118/philippines
7754,https://www.vlr.gg/player/7754/xavi8k,7edd58c3813e32e361d9a6ed84923ebb1933d40ca53e46b475bd1b2e247e9b1e,2026-10-06T16:00:12+00:00,3136,Oasis Gaming,Past Teams,,January 2023 – August 2024,source_month_or_unspecified,unverified,https://www.vlr.gg/team/3136/oasis-gaming
7754,https://www.vlr.gg/player/7754/xavi8k,7edd58c3813e32e361d9a6ed84923ebb1933d40ca53e46b475bd1b2e247e9b1e,2026-10-06T16:00:12+00:00,8069,W Streak Esports,Past Teams,stand-in,joined in October 2022,source_month_or_unspecified,unverified,https://www.vlr.gg/team/8069/w-streak-esports
7754,https://www.vlr.gg/player/7754/xavi8k,7edd58c3813e32e361d9a6ed84923ebb1933d40ca53e46b475bd1b2e247e9b1e,2026-10-06T16:00:12+00:00,10010,Ala Kami Org,Past Teams,,,source_month_or_unspecified,unverified,https://www.vlr.gg/team/10010/ala-kami-org
7754,https://www.vlr.gg/player/7754/xavi8k,7edd58c3813e32e361d9a6ed84923ebb1933d40ca53e46b475bd1b2e247e9b1e,2026-10-06T16:00:12+00:00,9445,W Streak Esports,Past Teams,stand-in,,source_month_or_unspecified,unverified,https://www.vlr.gg/team/9445/w-streak-esports
7754,https://www.vlr.gg/player/7754/xavi8k,7edd58c3813e32e361d9a6ed84923ebb1933d40ca53e46b475bd1b2e247e9b1e,2026-10-06T16:00:12+00:00,6389,Bren Esports,Past Teams,,October 2021 – August 2022,source_month_or_unspecified,unverified,https://www.vlr.gg/team/6389/bren-esports
7754,https://www.vlr.gg/player/7754/xavi8k,7edd58c3813e32e361d9a6ed84923ebb1933d40ca53e46b475bd1b2e247e9b1e,2026-10-06T16:00:12+00:00,3718,Sunsparks,Past Teams,,left in September 2021,source_month_or_unspecified,unverified,https://www.vlr.gg/team/3718/sunsparks
7754,https://www.vlr.gg/player/7754/xavi8k,7edd58c3813e32e361d9a6ed84923ebb1933d40ca53e46b475bd1b2e247e9b1e,2026-10-06T16:00:12+00:00,1936,BV Esports,Past Teams,,,source_month_or_unspecified,unverified,https://www.vlr.gg/team/1936/bv-esports
7849,https://www.vlr.gg/player/7849/siufatbb,bd02efbb61d11e017b654c09db2e2ccc30b5dcc222c98e8023d2830101b6fbf4,2026-10-06T16:00:13+00:00,731,TYLOO,Current Teams,,joined in June 2026,source_month_or_unspecified,unverified,https://www.vlr.gg/team/731/tyloo
7849,https://www.vlr.gg/player/7849/siufatbb,bd02efbb61d11e017b654c09db2e2ccc30b5dcc222c98e8023d2830101b6fbf4,2026-10-06T16:00:13+00:00,22788,Hong Kong,Past Teams,,joined in June 2026,source_month_or_unspecified,unverified,https://www.vlr.gg/team/22788/hong-kong
7849,https://www.vlr.gg/player/7849/siufatbb,bd02efbb61d11e017b654c09db2e2ccc30b5dcc222c98e8023d2830101b6fbf4,2026-10-06T16:00:13+00:00,13790,Wolves Esports,Past Teams,,Inactive from June 2026,source_month_or_unspecified,unverified,https://www.vlr.gg/team/13790/wolves-esports
7849,https://www.vlr.gg/player/7849/siufatbb,bd02efbb61d11e017b654c09db2e2ccc30b5dcc222c98e8023d2830101b6fbf4,2026-10-06T16:00:13+00:00,13514,Ninjas In Pyjamas,Past Teams,,September 2023 – January 2024,source_month_or_unspecified,unverified,https://www.vlr.gg/team/13514/ninjas-in-pyjamas
7849,https://www.vlr.gg/player/7849/siufatbb,bd02efbb61d11e017b654c09db2e2ccc30b5dcc222c98e8023d2830101b6fbf4,2026-10-06T16:00:13+00:00,12532,JiJieHao,Past Teams,,,source_month_or_unspecified,unverified,https://www.vlr.gg/team/12532/jijiehao
7849,https://www.vlr.gg/player/7849/siufatbb,bd02efbb61d11e017b654c09db2e2ccc30b5dcc222c98e8023d2830101b6fbf4,2026-10-06T16:00:13+00:00,3107,Griffin E-Sports,Past Teams,,,source_month_or_unspecified,unverified,https://www.vlr.gg/team/3107/griffin-e-sports
7849,https://www.vlr.gg/player/7849/siufatbb,bd02efbb61d11e017b654c09db2e2ccc30b5dcc222c98e8023d2830101b6fbf4,2026-10-06T16:00:13+00:00,2043,Team Z,Past Teams,,,source_month_or_unspecified,unverified,https://www.vlr.gg/team/2043/team-z
7857,https://www.vlr.gg/player/7857/berlin,76a873d74275441bfb1486737ef1b9f27779915f8ae6dbecd5ba930f1fbc075d,2026-10-06T16:00:13+00:00,13576,JD Gaming,Current Teams,,joined in June 2026,source_month_or_unspecified,unverified,https://www.vlr.gg/team/13576/jd-gaming
7857,https://www.vlr.gg/player/7857/berlin,76a873d74275441bfb1486737ef1b9f27779915f8ae6dbecd5ba930f1fbc075d,2026-10-06T16:00:13+00:00,11328,FunPlus Phoenix,Past Teams,,April 2025 – June 2026,source_month_or_unspecified,unverified,https://www.vlr.gg/team/11328/funplus-phoenix
7857,https://www.vlr.gg/player/7857/berlin,76a873d74275441bfb1486737ef1b9f27779915f8ae6dbecd5ba930f1fbc075d,2026-10-06T16:00:13+00:00,11328,FunPlus Phoenix,Past Teams,,January 2023 – March 2025,source_month_or_unspecified,unverified,https://www.vlr.gg/team/11328/funplus-phoenix
7857,https://www.vlr.gg/player/7857/berlin,76a873d74275441bfb1486737ef1b9f27779915f8ae6dbecd5ba930f1fbc075d,2026-10-06T16:00:13+00:00,6094,FunPlus Phoenix ZHUQUE,Past Teams,,left in January 2023,source_month_or_unspecified,unverified,https://www.vlr.gg/team/6094/funplus-phoenix-zhuque
7857,https://www.vlr.gg/player/7857/berlin,76a873d74275441bfb1486737ef1b9f27779915f8ae6dbecd5ba930f1fbc075d,2026-10-06T16:00:13+00:00,904,CBT Gaming,Past Teams,,,source_month_or_unspecified,unverified,https://www.vlr.gg/team/904/cbt-gaming
7857,https://www.vlr.gg/player/7857/berlin,76a873d74275441bfb1486737ef1b9f27779915f8ae6dbecd5ba930f1fbc075d,2026-10-06T16:00:13+00:00,3546,KPC Computer Studio,Past Teams,,,source_month_or_unspecified,unverified,https://www.vlr.gg/team/3546/kpc-computer-studio
7857,https://www.vlr.gg/player/7857/berlin,76a873d74275441bfb1486737ef1b9f27779915f8ae6dbecd5ba930f1fbc075d,2026-10-06T16:00:13+00:00,3106,Looking For Sponsor,Past Teams,,,source_month_or_unspecified,unverified,https://www.vlr.gg/team/3106/looking-for-sponsor
7857,https://www.vlr.gg/player/7857/berlin,76a873d74275441bfb1486737ef1b9f27779915f8ae6dbecd5ba930f1fbc075d,2026-10-06T16:00:13+00:00,6397,Five Ace Esports,Past Teams,,,source_month_or_unspecified,unverified,https://www.vlr.gg/team/6397/five-ace-esports
7866,https://www.vlr.gg/player/7866/click,9aa1e9f5584e1b4041a7f126df26194c5091f6e695d7c3c8c7a1612460cf43af,2026-10-06T16:00:14+00:00,12694,Gentle Mates,Past Teams,,Inactive from May 2025,source_month_or_unspecified,unverified,https://www.vlr.gg/team/12694/gentle-mates
7866,https://www.vlr.gg/player/7866/click,9aa1e9f5584e1b4041a7f126df26194c5091f6e695d7c3c8c7a1612460cf43af,2026-10-06T16:00:14+00:00,14479,SK Gaming,Past Teams,,January 2024 – November 2024,source_month_or_unspecified,unverified,https://www.vlr.gg/team/14479/sk-gaming
7866,https://www.vlr.gg/player/7866/click,9aa1e9f5584e1b4041a7f126df26194c5091f6e695d7c3c8c7a1612460cf43af,2026-10-06T16:00:14+00:00,13604,V,Past Teams,,left in January 2024,source_month_or_unspecified,unverified,https://www.vlr.gg/team/13604/v
7866,https://www.vlr.gg/player/7866/click,9aa1e9f5584e1b4041a7f126df26194c5091f6e695d7c3c8c7a1612460cf43af,2026-10-06T16:00:14+00:00,11262,Laterious,Past Teams,,March 2023 – May 2023,source_month_or_unspecified,unverified,https://www.vlr.gg/team/11262/laterious
7866,https://www.vlr.gg/player/7866/click,9aa1e9f5584e1b4041a7f126df26194c5091f6e695d7c3c8c7a1612460cf43af,2026-10-06T16:00:14+00:00,11290,TBD,Past Teams,,left in March 2023,source_month_or_unspecified,unverified,https://www.vlr.gg/team/11290/tbd
7866,https://www.vlr.gg/player/7866/click,9aa1e9f5584e1b4041a7f126df26194c5091f6e695d7c3c8c7a1612460cf43af,2026-10-06T16:00:14+00:00,324,Wave Esports,Past Teams,,September 2022 – January 2023,source_month_or_unspecified,unverified,https://www.vlr.gg/team/324/wave-esports
7866,https://www.vlr.gg/player/7866/click,9aa1e9f5584e1b4041a7f126df26194c5091f6e695d7c3c8c7a1612460cf43af,2026-10-06T16:00:14+00:00,324,Wave Esports,Past Teams,,Inactive from June 2022,source_month_or_unspecified,unverified,https://www.vlr.gg/team/324/wave-esports
7866,https://www.vlr.gg/player/7866/click,9aa1e9f5584e1b4041a7f126df26194c5091f6e695d7c3c8c7a1612460cf43af,2026-10-06T16:00:14+00:00,4137,Prinzen von Stuttgart,Past Teams,,,source_month_or_unspecified,unverified,https://www.vlr.gg/team/4137/prinzen-von-stuttgart
7866,https://www.vlr.gg/player/7866/click,9aa1e9f5584e1b4041a7f126df26194c5091f6e695d7c3c8c7a1612460cf43af,2026-10-06T16:00:14+00:00,2334,Karasuno,Past Teams,,,source_month_or_unspecified,unverified,https://www.vlr.gg/team/2334/karasuno
7866,https://www.vlr.gg/player/7866/click,9aa1e9f5584e1b4041a7f126df26194c5091f6e695d7c3c8c7a1612460cf43af,2026-10-06T16:00:14+00:00,2037,FACT Gaming,Past Teams,,,source_month_or_unspecified,unverified,https://www.vlr.gg/team/2037/fact-gaming
7873,https://www.vlr.gg/player/7873/leaf,96c3b72b4d51f0386d583e6c6630e3d4e36f737e50f219576337883f756c41aa,2026-10-06T16:00:15+00:00,11058,G2 Esports,Current Teams,,joined in October 2023,source_month_or_unspecified,unverified,https://www.vlr.gg/team/11058/g2-esports
7873,https://www.vlr.gg/player/7873/leaf,96c3b72b4d51f0386d583e6c6630e3d4e36f737e50f219576337883f756c41aa,2026-10-06T16:00:15+00:00,22778,United States of America,Past Teams,,joined in June 2026,source_month_or_unspecified,unverified,https://www.vlr.gg/team/22778/united-states-of-america
7873,https://www.vlr.gg/player/7873/leaf,96c3b72b4d51f0386d583e6c6630e3d4e36f737e50f219576337883f756c41aa,2026-10-06T16:00:15+00:00,188,Cloud9,Past Teams,,January 2021 – September 2023,source_month_or_unspecified,unverified,https://www.vlr.gg/team/188/cloud9
7987,https://www.vlr.gg/player/7987/kovaq,c8947ff39cf0b31aa80afbac543cbefd2ed02e6202bf1602a0f82884a11f20ca,2026-10-06T16:00:15+00:00,11328,FunPlus Phoenix,Past Teams,,March 2026 – August 2026,source_month_or_unspecified,unverified,https://www.vlr.gg/team/11328/funplus-phoenix
7987,https://www.vlr.gg/player/7987/kovaq,c8947ff39cf0b31aa80afbac543cbefd2ed02e6202bf1602a0f82884a11f20ca,2026-10-06T16:00:15+00:00,5214,CGN Esports,Past Teams,,left in March 2026,source_month_or_unspecified,unverified,https://www.vlr.gg/team/5214/cgn-esports
7987,https://www.vlr.gg/player/7987/kovaq,c8947ff39cf0b31aa80afbac543cbefd2ed02e6202bf1602a0f82884a11f20ca,2026-10-06T16:00:15+00:00,5214,CGN Esports,Past Teams,,joined in January 2026,source_month_or_unspecified,unverified,https://www.vlr.gg/team/5214/cgn-esports
7987,https://www.vlr.gg/player/7987/kovaq,c8947ff39cf0b31aa80afbac543cbefd2ed02e6202bf1602a0f82884a11f20ca,2026-10-06T16:00:15+00:00,2059,Team Vitality,Past Teams,,Inactive from October 2025,source_month_or_unspecified,unverified,https://www.vlr.gg/team/2059/team-vitality
7987,https://www.vlr.gg/player/7987/kovaq,c8947ff39cf0b31aa80afbac543cbefd2ed02e6202bf1602a0f82884a11f20ca,2026-10-06T16:00:15+00:00,8826,ALTERNATE aTTaX,Past Teams,,left in June 2025,source_month_or_unspecified,unverified,https://www.vlr.gg/team/8826/alternate-attax
7987,https://www.vlr.gg/player/7987/kovaq,c8947ff39cf0b31aa80afbac543cbefd2ed02e6202bf1602a0f82884a11f20ca,2026-10-06T16:00:15+00:00,13224,NXT,Past Teams,,,source_month_or_unspecified,unverified,https://www.vlr.gg/team/13224/nxt
7987,https://www.vlr.gg/player/7987/kovaq,c8947ff39cf0b31aa80afbac543cbefd2ed02e6202bf1602a0f82884a11f20ca,2026-10-06T16:00:15+00:00,13157,Albanian Eagle,Past Teams,,,source_month_or_unspecified,unverified,https://www.vlr.gg/team/13157/albanian-eagle
7987,https://www.vlr.gg/player/7987/kovaq,c8947ff39cf0b31aa80afbac543cbefd2ed02e6202bf1602a0f82884a11f20ca,2026-10-06T16:00:15+00:00,5233,Sissi State Punks,Past Teams,,joined in November 2022,source_month_or_unspecified,unverified,https://www.vlr.gg/team/5233/sissi-state-punks
7987,https://www.vlr.gg/player/7987/kovaq,c8947ff39cf0b31aa80afbac543cbefd2ed02e6202bf1602a0f82884a11f20ca,2026-10-06T16:00:15+00:00,7444,KVM Esports,Past Teams,,,source_month_or_unspecified,unverified,https://www.vlr.gg/team/7444/kvm-esports
7987,https://www.vlr.gg/player/7987/kovaq,c8947ff39cf0b31aa80afbac543cbefd2ed02e6202bf1602a0f82884a11f20ca,2026-10-06T16:00:15+00:00,2040,Team gob b,Past Teams,,,source_month_or_unspecified,unverified,https://www.vlr.gg/team/2040/team-gob-b
8082,https://www.vlr.gg/player/8082/zander,2278ecdc218c3ab882286132f1e63c267927428f2b4f6f89d77a10fdaf59812a,2026-10-06T16:00:16+00:00,9353,Shopify Rebellion Black,Current Teams,,joined in January 2026,source_month_or_unspecified,unverified,https://www.vlr.gg/team/9353/shopify-rebellion-black
8082,https://www.vlr.gg/player/8082/zander,2278ecdc218c3ab882286132f1e63c267927428f2b4f6f89d77a10fdaf59812a,2026-10-06T16:00:16+00:00,22780,Canada,Past Teams,,joined in June 2026,source_month_or_unspecified,unverified,https://www.vlr.gg/team/22780/canada
8082,https://www.vlr.gg/player/8082/zander,2278ecdc218c3ab882286132f1e63c267927428f2b4f6f89d77a10fdaf59812a,2026-10-06T16:00:16+00:00,16899,Cubert Academy,Past Teams,stand-in,joined in November 2025,source_month_or_unspecified,unverified,https://www.vlr.gg/team/16899/cubert-academy
8082,https://www.vlr.gg/player/8082/zander,2278ecdc218c3ab882286132f1e63c267927428f2b4f6f89d77a10fdaf59812a,2026-10-06T16:00:16+00:00,120,100 Thieves,Past Teams,,Inactive from September 2025,source_month_or_unspecified,unverified,https://www.vlr.gg/team/120/100-thieves
8082,https://www.vlr.gg/player/8082/zander,2278ecdc218c3ab882286132f1e63c267927428f2b4f6f89d77a10fdaf59812a,2026-10-06T16:00:16+00:00,11001,M80,Past Teams,,December 2022 – September 2024,source_month_or_unspecified,unverified,https://www.vlr.gg/team/11001/m80
8082,https://www.vlr.gg/player/8082/zander,2278ecdc218c3ab882286132f1e63c267927428f2b4f6f89d77a10fdaf59812a,2026-10-06T16:00:16+00:00,2815,Version1,Past Teams,,Inactive from September 2022,source_month_or_unspecified,unverified,https://www.vlr.gg/team/2815/version1
8082,https://www.vlr.gg/player/8082/zander,2278ecdc218c3ab882286132f1e63c267927428f2b4f6f89d77a10fdaf59812a,2026-10-06T16:00:16+00:00,4345,SoaR,Past Teams,,April 2021 – December 2021,source_month_or_unspecified,unverified,https://www.vlr.gg/team/4345/soar
8082,https://www.vlr.gg/player/8082/zander,2278ecdc218c3ab882286132f1e63c267927428f2b4f6f89d77a10fdaf59812a,2026-10-06T16:00:16+00:00,2938,PUGSTARS,Past Teams,,March 2021 – April 2021,source_month_or_unspecified,unverified,https://www.vlr.gg/team/2938/pugstars
8286,https://www.vlr.gg/player/8286/glyph,67413233f52ddc69fac8887621db8aa1d94dd89aa34984a24625a63f8d8e3717,2026-10-06T16:00:16+00:00,427,ENVY,Current Teams,,Inactive from September 2026,source_month_or_unspecified,unverified,https://www.vlr.gg/team/427/envy
8286,https://www.vlr.gg/player/8286/glyph,67413233f52ddc69fac8887621db8aa1d94dd89aa34984a24625a63f8d8e3717,2026-10-06T16:00:16+00:00,12694,Gentle Mates,Past Teams,,November 2025 – June 2026,source_month_or_unspecified,unverified,https://www.vlr.gg/team/12694/gentle-mates
8286,https://www.vlr.gg/player/8286/glyph,67413233f52ddc69fac8887621db8aa1d94dd89aa34984a24625a63f8d8e3717,2026-10-06T16:00:16+00:00,10448,Winthrop University,Past Teams,,June 2025 – November 2025,source_month_or_unspecified,unverified,https://www.vlr.gg/team/10448/winthrop-university
8286,https://www.vlr.gg/player/8286/glyph,67413233f52ddc69fac8887621db8aa1d94dd89aa34984a24625a63f8d8e3717,2026-10-06T16:00:16+00:00,11963,Ambrosia,Past Teams,,,source_month_or_unspecified,unverified,https://www.vlr.gg/team/11963/ambrosia
8286,https://www.vlr.gg/player/8286/glyph,67413233f52ddc69fac8887621db8aa1d94dd89aa34984a24625a63f8d8e3717,2026-10-06T16:00:16+00:00,7269,FUSION,Past Teams,,November 2024 – December 2024,source_month_or_unspecified,unverified,https://www.vlr.gg/team/7269/fusion
8286,https://www.vlr.gg/player/8286/glyph,67413233f52ddc69fac8887621db8aa1d94dd89aa34984a24625a63f8d8e3717,2026-10-06T16:00:16+00:00,11709,ILLICIT,Past Teams,,May 2024 – November 2024,source_month_or_unspecified,unverified,https://www.vlr.gg/team/11709/illicit
8286,https://www.vlr.gg/player/8286/glyph,67413233f52ddc69fac8887621db8aa1d94dd89aa34984a24625a63f8d8e3717,2026-10-06T16:00:16+00:00,15077,Mookah Rabbits,Past Teams,,January 2024 – May 2024,source_month_or_unspecified,unverified,https://www.vlr.gg/team/15077/mookah-rabbits
8286,https://www.vlr.gg/player/8286/glyph,67413233f52ddc69fac8887621db8aa1d94dd89aa34984a24625a63f8d8e3717,2026-10-06T16:00:16+00:00,10505,UST Esports,Past Teams,,left in May 2025,source_month_or_unspecified,unverified,https://www.vlr.gg/team/10505/ust-esports
8286,https://www.vlr.gg/player/8286/glyph,67413233f52ddc69fac8887621db8aa1d94dd89aa34984a24625a63f8d8e3717,2026-10-06T16:00:16+00:00,5038,YFP,Past Teams,,June 2023 – September 2023,source_month_or_unspecified,unverified,https://www.vlr.gg/team/5038/yfp
8286,https://www.vlr.gg/player/8286/glyph,67413233f52ddc69fac8887621db8aa1d94dd89aa34984a24625a63f8d8e3717,2026-10-06T16:00:16+00:00,6170,The Silk Road,Past Teams,,March 2023 – May 2023,source_month_or_unspecified,unverified,https://www.vlr.gg/team/6170/the-silk-road
8286,https://www.vlr.gg/player/8286/glyph,67413233f52ddc69fac8887621db8aa1d94dd89aa34984a24625a63f8d8e3717,2026-10-06T16:00:16+00:00,9558,OC Esports,Past Teams,,January 2023 – August 2023,source_month_or_unspecified,unverified,https://www.vlr.gg/team/9558/oc-esports
8286,https://www.vlr.gg/player/8286/glyph,67413233f52ddc69fac8887621db8aa1d94dd89aa34984a24625a63f8d8e3717,2026-10-06T16:00:16+00:00,3748,Team Reckaroo,Past Teams,,November 2022 – January 2023,source_month_or_unspecified,unverified,https://www.vlr.gg/team/3748/team-reckaroo
8286,https://www.vlr.gg/player/8286/glyph,67413233f52ddc69fac8887621db8aa1d94dd89aa34984a24625a63f8d8e3717,2026-10-06T16:00:16+00:00,3748,Team Reckaroo,Past Teams,trial,September 2022 – November 2022,source_month_or_unspecified,unverified,https://www.vlr.gg/team/3748/team-reckaroo
8286,https://www.vlr.gg/player/8286/glyph,67413233f52ddc69fac8887621db8aa1d94dd89aa34984a24625a63f8d8e3717,2026-10-06T16:00:16+00:00,7966,Pack a Punch,Past Teams,,January 2022 – April 2022,source_month_or_unspecified,unverified,https://www.vlr.gg/team/7966/pack-a-punch
8286,https://www.vlr.gg/player/8286/glyph,67413233f52ddc69fac8887621db8aa1d94dd89aa34984a24625a63f8d8e3717,2026-10-06T16:00:16+00:00,6213,Cloud9 Academy,Past Teams,,October 2021 – January 2022,source_month_or_unspecified,unverified,https://www.vlr.gg/team/6213/cloud9-academy
8286,https://www.vlr.gg/player/8286/glyph,67413233f52ddc69fac8887621db8aa1d94dd89aa34984a24625a63f8d8e3717,2026-10-06T16:00:16+00:00,3944,Teal Seam,Past Teams,,June 2021 – September 2021,source_month_or_unspecified,unverified,https://www.vlr.gg/team/3944/teal-seam
8286,https://www.vlr.gg/player/8286/glyph,67413233f52ddc69fac8887621db8aa1d94dd89aa34984a24625a63f8d8e3717,2026-10-06T16:00:16+00:00,1300,Last Round Save,Past Teams,,left in April 2021,source_month_or_unspecified,unverified,https://www.vlr.gg/team/1300/last-round-save
8369,https://www.vlr.gg/player/8369/yetujey,8613c4e1da2680c6074329b225b76d330416599f651e3ed2f26e00b1f166947c,2026-10-06T16:00:17+00:00,1184,FUT Esports,Current Teams,,joined in October 2023,source_month_or_unspecified,unverified,https://www.vlr.gg/team/1184/fut-esports
8369,https://www.vlr.gg/player/8369/yetujey,8613c4e1da2680c6074329b225b76d330416599f651e3ed2f26e00b1f166947c,2026-10-06T16:00:17+00:00,20085,Fire Flux Esports,Past Teams,,October 2022 – October 2023,source_month_or_unspecified,unverified,https://www.vlr.gg/team/20085/fire-flux-esports
8369,https://www.vlr.gg/player/8369/yetujey,8613c4e1da2680c6074329b225b76d330416599f651e3ed2f26e00b1f166947c,2026-10-06T16:00:17+00:00,6534,Fire Flux Young,Past Teams,,left in October 2022,source_month_or_unspecified,unverified,https://www.vlr.gg/team/6534/fire-flux-young
8369,https://www.vlr.gg/player/8369/yetujey,8613c4e1da2680c6074329b225b76d330416599f651e3ed2f26e00b1f166947c,2026-10-06T16:00:17+00:00,2223,RED5,Past Teams,,,source_month_or_unspecified,unverified,https://www.vlr.gg/team/2223/red5
8373,https://www.vlr.gg/player/8373/okeanos,d091f8cd820b9a9b551ce11ac6fb3741ecae80c3f8a6604562676d3fccd75d0b,2026-10-06T16:00:18+00:00,19914,Evictix,Current Teams,,,source_month_or_unspecified,unverified,https://www.vlr.gg/team/19914/evictix
8373,https://www.vlr.gg/player/8373/okeanos,d091f8cd820b9a9b551ce11ac6fb3741ecae80c3f8a6604562676d3fccd75d0b,2026-10-06T16:00:18+00:00,5248,Evil Geniuses,Past Teams,,Inactive from May 2026,source_month_or_unspecified,unverified,https://www.vlr.gg/team/5248/evil-geniuses
8373,https://www.vlr.gg/player/8373/okeanos,d091f8cd820b9a9b551ce11ac6fb3741ecae80c3f8a6604562676d3fccd75d0b,2026-10-06T16:00:18+00:00,2359,LEVIATÁN,Past Teams,,Inactive from September 2025,source_month_or_unspecified,unverified,https://www.vlr.gg/team/2359/leviat-n
8373,https://www.vlr.gg/player/8373/okeanos,d091f8cd820b9a9b551ce11ac6fb3741ecae80c3f8a6604562676d3fccd75d0b,2026-10-06T16:00:18+00:00,11001,M80,Past Teams,,January 2025 – May 2025,source_month_or_unspecified,unverified,https://www.vlr.gg/team/11001/m80
8373,https://www.vlr.gg/player/8373/okeanos,d091f8cd820b9a9b551ce11ac6fb3741ecae80c3f8a6604562676d3fccd75d0b,2026-10-06T16:00:18+00:00,9613,Blinn,Past Teams,,left in September 2024,source_month_or_unspecified,unverified,https://www.vlr.gg/team/9613/blinn
8373,https://www.vlr.gg/player/8373/okeanos,d091f8cd820b9a9b551ce11ac6fb3741ecae80c3f8a6604562676d3fccd75d0b,2026-10-06T16:00:18+00:00,12979,Arial Arise,Past Teams,,May 2023 – June 2023,source_month_or_unspecified,unverified,https://www.vlr.gg/team/12979/arial-arise
8373,https://www.vlr.gg/player/8373/okeanos,d091f8cd820b9a9b551ce11ac6fb3741ecae80c3f8a6604562676d3fccd75d0b,2026-10-06T16:00:18+00:00,12313,Bad Boys,Past Teams,,left in May 2023,source_month_or_unspecified,unverified,https://www.vlr.gg/team/12313/bad-boys
8373,https://www.vlr.gg/player/8373/okeanos,d091f8cd820b9a9b551ce11ac6fb3741ecae80c3f8a6604562676d3fccd75d0b,2026-10-06T16:00:18+00:00,11836,Turtle Troop,Past Teams,,January 2023 – February 2023,source_month_or_unspecified,unverified,https://www.vlr.gg/team/11836/turtle-troop
8373,https://www.vlr.gg/player/8373/okeanos,d091f8cd820b9a9b551ce11ac6fb3741ecae80c3f8a6604562676d3fccd75d0b,2026-10-06T16:00:18+00:00,4315,Squirtle Squad,Past Teams,,January 2023 – January 2023,source_month_or_unspecified,unverified,https://www.vlr.gg/team/4315/squirtle-squad
8373,https://www.vlr.gg/player/8373/okeanos,d091f8cd820b9a9b551ce11ac6fb3741ecae80c3f8a6604562676d3fccd75d0b,2026-10-06T16:00:18+00:00,9477,City Boys,Past Teams,,August 2022 – December 2022,source_month_or_unspecified,unverified,https://www.vlr.gg/team/9477/city-boys
8373,https://www.vlr.gg/player/8373/okeanos,d091f8cd820b9a9b551ce11ac6fb3741ecae80c3f8a6604562676d3fccd75d0b,2026-10-06T16:00:18+00:00,2348,VIRTUOSO,Past Teams,,July 2022 – August 2022,source_month_or_unspecified,unverified,https://www.vlr.gg/team/2348/virtuoso
8373,https://www.vlr.gg/player/8373/okeanos,d091f8cd820b9a9b551ce11ac6fb3741ecae80c3f8a6604562676d3fccd75d0b,2026-10-06T16:00:18+00:00,7854,Girl Kissers,Past Teams,,April 2022 – June 2022,source_month_or_unspecified,unverified,https://www.vlr.gg/team/7854/girl-kissers
8373,https://www.vlr.gg/player/8373/okeanos,d091f8cd820b9a9b551ce11ac6fb3741ecae80c3f8a6604562676d3fccd75d0b,2026-10-06T16:00:18+00:00,5475,Balanced Esports,Past Teams,,left in March 2022,source_month_or_unspecified,unverified,https://www.vlr.gg/team/5475/balanced-esports
8373,https://www.vlr.gg/player/8373/okeanos,d091f8cd820b9a9b551ce11ac6fb3741ecae80c3f8a6604562676d3fccd75d0b,2026-10-06T16:00:18+00:00,2348,VIRTUOSO,Past Teams,,November 2021 – November 2021,source_month_or_unspecified,unverified,https://www.vlr.gg/team/2348/virtuoso
8376,https://www.vlr.gg/player/8376/seven,15c48e342b8bea9e138850e2a94737993e02fef14f5b2fe323a41ffb47d74532,2026-10-06T16:00:18+00:00,3478,PCIFIC Esports,Current Teams,,joined in January 2026,source_month_or_unspecified,unverified,https://www.vlr.gg/team/3478/pcific-esports
8376,https://www.vlr.gg/player/8376/seven,15c48e342b8bea9e138850e2a94737993e02fef14f5b2fe323a41ffb47d74532,2026-10-06T16:00:18+00:00,106,TSM,Past Teams,,March 2024 – November 2025,source_month_or_unspecified,unverified,https://www.vlr.gg/team/106/tsm
8376,https://www.vlr.gg/player/8376/seven,15c48e342b8bea9e138850e2a94737993e02fef14f5b2fe323a41ffb47d74532,2026-10-06T16:00:18+00:00,14031,Cappers,Past Teams,,,source_month_or_unspecified,unverified,https://www.vlr.gg/team/14031/cappers
8376,https://www.vlr.gg/player/8376/seven,15c48e342b8bea9e138850e2a94737993e02fef14f5b2fe323a41ffb47d74532,2026-10-06T16:00:18+00:00,106,TSM,Past Teams,,April 2022 – July 2023,source_month_or_unspecified,unverified,https://www.vlr.gg/team/106/tsm
8376,https://www.vlr.gg/player/8376/seven,15c48e342b8bea9e138850e2a94737993e02fef14f5b2fe323a41ffb47d74532,2026-10-06T16:00:18+00:00,14,T1,Past Teams,,Inactive from March 2022,source_month_or_unspecified,unverified,https://www.vlr.gg/team/14/t1
8376,https://www.vlr.gg/player/8376/seven,15c48e342b8bea9e138850e2a94737993e02fef14f5b2fe323a41ffb47d74532,2026-10-06T16:00:18+00:00,120,100 Thieves,Past Teams,,September 2021 – January 2022,source_month_or_unspecified,unverified,https://www.vlr.gg/team/120/100-thieves
8376,https://www.vlr.gg/player/8376/seven,15c48e342b8bea9e138850e2a94737993e02fef14f5b2fe323a41ffb47d74532,2026-10-06T16:00:18+00:00,3944,Teal Seam,Past Teams,,left in September 2021,source_month_or_unspecified,unverified,https://www.vlr.gg/team/3944/teal-seam
8376,https://www.vlr.gg/player/8376/seven,15c48e342b8bea9e138850e2a94737993e02fef14f5b2fe323a41ffb47d74532,2026-10-06T16:00:18+00:00,2526,Zoomer Academy,Past Teams,,,source_month_or_unspecified,unverified,https://www.vlr.gg/team/2526/zoomer-academy
8419,https://www.vlr.gg/player/8419/reduxx,4c0c27b3f617f07f57d16cc9dc502558ec8ac1d3f5e9206044ae2b5dc9e03119,2026-10-06T16:00:19+00:00,2,Sentinels,Current Teams,,joined in October 2024,source_month_or_unspecified,unverified,https://www.vlr.gg/team/2/sentinels
8419,https://www.vlr.gg/player/8419/reduxx,4c0c27b3f617f07f57d16cc9dc502558ec8ac1d3f5e9206044ae2b5dc9e03119,2026-10-06T16:00:19+00:00,22821,Morocco,Past Teams,,joined in June 2026,source_month_or_unspecified,unverified,https://www.vlr.gg/team/22821/morocco
8419,https://www.vlr.gg/player/8419/reduxx,4c0c27b3f617f07f57d16cc9dc502558ec8ac1d3f5e9206044ae2b5dc9e03119,2026-10-06T16:00:19+00:00,16899,Cubert Academy,Past Teams,,December 2024 – November 2025,source_month_or_unspecified,unverified,https://www.vlr.gg/team/16899/cubert-academy
8419,https://www.vlr.gg/player/8419/reduxx,4c0c27b3f617f07f57d16cc9dc502558ec8ac1d3f5e9206044ae2b5dc9e03119,2026-10-06T16:00:19+00:00,10725,Oxygen Esports,Past Teams,,December 2022 – August 2024,source_month_or_unspecified,unverified,https://www.vlr.gg/team/10725/oxygen-esports
8419,https://www.vlr.gg/player/8419/reduxx,4c0c27b3f617f07f57d16cc9dc502558ec8ac1d3f5e9206044ae2b5dc9e03119,2026-10-06T16:00:19+00:00,6895,Oxygen Academy,Past Teams,,Inactive from October 2022,source_month_or_unspecified,unverified,https://www.vlr.gg/team/6895/oxygen-academy
8419,https://www.vlr.gg/player/8419/reduxx,4c0c27b3f617f07f57d16cc9dc502558ec8ac1d3f5e9206044ae2b5dc9e03119,2026-10-06T16:00:19+00:00,6817,ex-FLICKBAITERS,Past Teams,,November 2021 – January 2022,source_month_or_unspecified,unverified,https://www.vlr.gg/team/6817/ex-flickbaiters
8419,https://www.vlr.gg/player/8419/reduxx,4c0c27b3f617f07f57d16cc9dc502558ec8ac1d3f5e9206044ae2b5dc9e03119,2026-10-06T16:00:19+00:00,5924,FLICKBAITERS,Past Teams,,July 2021 – November 2021,source_month_or_unspecified,unverified,https://www.vlr.gg/team/5924/flickbaiters
8422,https://www.vlr.gg/player/8422/spaz,f71082a1690fe8d2f1934c87dbf40265df1362cbe3e3363285dfe400ff5aac32,2026-10-06T16:00:20+00:00,11001,M80,Current Teams,,joined in March 2026,source_month_or_unspecified,unverified,https://www.vlr.gg/team/11001/m80
8422,https://www.vlr.gg/player/8422/spaz,f71082a1690fe8d2f1934c87dbf40265df1362cbe3e3363285dfe400ff5aac32,2026-10-06T16:00:20+00:00,5601,Nightblood Gaming,Past Teams,,January 2026 – March 2026,source_month_or_unspecified,unverified,https://www.vlr.gg/team/5601/nightblood-gaming
8422,https://www.vlr.gg/player/8422/spaz,f71082a1690fe8d2f1934c87dbf40265df1362cbe3e3363285dfe400ff5aac32,2026-10-06T16:00:20+00:00,9353,Shopify Rebellion Black,Past Teams,,January 2025 – September 2025,source_month_or_unspecified,unverified,https://www.vlr.gg/team/9353/shopify-rebellion-black
8422,https://www.vlr.gg/player/8422/spaz,f71082a1690fe8d2f1934c87dbf40265df1362cbe3e3363285dfe400ff5aac32,2026-10-06T16:00:20+00:00,13188,Moist x Shopify,Past Teams,,November 2024 – January 2025,source_month_or_unspecified,unverified,https://www.vlr.gg/team/13188/moist-x-shopify
8422,https://www.vlr.gg/player/8422/spaz,f71082a1690fe8d2f1934c87dbf40265df1362cbe3e3363285dfe400ff5aac32,2026-10-06T16:00:20+00:00,9174,Team Fish Taco,Past Teams,,May 2023 – July 2023,source_month_or_unspecified,unverified,https://www.vlr.gg/team/9174/team-fish-taco
8422,https://www.vlr.gg/player/8422/spaz,f71082a1690fe8d2f1934c87dbf40265df1362cbe3e3363285dfe400ff5aac32,2026-10-06T16:00:20+00:00,12753,Thanos Mug,Past Teams,,left in May 2023,source_month_or_unspecified,unverified,https://www.vlr.gg/team/12753/thanos-mug
8422,https://www.vlr.gg/player/8422/spaz,f71082a1690fe8d2f1934c87dbf40265df1362cbe3e3363285dfe400ff5aac32,2026-10-06T16:00:20+00:00,9613,Blinn,Past Teams,,left in November 2024,source_month_or_unspecified,unverified,https://www.vlr.gg/team/9613/blinn
8422,https://www.vlr.gg/player/8422/spaz,f71082a1690fe8d2f1934c87dbf40265df1362cbe3e3363285dfe400ff5aac32,2026-10-06T16:00:20+00:00,6045,Lenny Time,Past Teams,,October 2022 – August 2022,source_month_or_unspecified,unverified,https://www.vlr.gg/team/6045/lenny-time
8422,https://www.vlr.gg/player/8422/spaz,f71082a1690fe8d2f1934c87dbf40265df1362cbe3e3363285dfe400ff5aac32,2026-10-06T16:00:20+00:00,6045,Lenny Time,Past Teams,,left in August 2022,source_month_or_unspecified,unverified,https://www.vlr.gg/team/6045/lenny-time
8422,https://www.vlr.gg/player/8422/spaz,f71082a1690fe8d2f1934c87dbf40265df1362cbe3e3363285dfe400ff5aac32,2026-10-06T16:00:20+00:00,7839,Thanos Mug Academy,Past Teams,,left in April 2022,source_month_or_unspecified,unverified,https://www.vlr.gg/team/7839/thanos-mug-academy
8422,https://www.vlr.gg/player/8422/spaz,f71082a1690fe8d2f1934c87dbf40265df1362cbe3e3363285dfe400ff5aac32,2026-10-06T16:00:20+00:00,7328,Stasis,Past Teams,,left in February 2022,source_month_or_unspecified,unverified,https://www.vlr.gg/team/7328/stasis
8422,https://www.vlr.gg/player/8422/spaz,f71082a1690fe8d2f1934c87dbf40265df1362cbe3e3363285dfe400ff5aac32,2026-10-06T16:00:20+00:00,7328,Stasis,Past Teams,,left in October 2022,source_month_or_unspecified,unverified,https://www.vlr.gg/team/7328/stasis
8422,https://www.vlr.gg/player/8422/spaz,f71082a1690fe8d2f1934c87dbf40265df1362cbe3e3363285dfe400ff5aac32,2026-10-06T16:00:20+00:00,4882,Baking Company,Past Teams,,,source_month_or_unspecified,unverified,https://www.vlr.gg/team/4882/baking-company
8422,https://www.vlr.gg/player/8422/spaz,f71082a1690fe8d2f1934c87dbf40265df1362cbe3e3363285dfe400ff5aac32,2026-10-06T16:00:20+00:00,2247,Disruption,Past Teams,,,source_month_or_unspecified,unverified,https://www.vlr.gg/team/2247/disruption
8447,https://www.vlr.gg/player/8447/less,82fb1f21bf6e8dd74681c489cd4804b827a00598d7e71bb155578dcbcb1fa06c,2026-10-06T16:00:21+00:00,2355,KRÜ Esports,Current Teams,,joined in December 2025,source_month_or_unspecified,unverified,https://www.vlr.gg/team/2355/kr-esports
8447,https://www.vlr.gg/player/8447/less,82fb1f21bf6e8dd74681c489cd4804b827a00598d7e71bb155578dcbcb1fa06c,2026-10-06T16:00:21+00:00,22523,Brazil,Past Teams,,joined in June 2026,source_month_or_unspecified,unverified,https://www.vlr.gg/team/22523/brazil
8447,https://www.vlr.gg/player/8447/less,82fb1f21bf6e8dd74681c489cd4804b827a00598d7e71bb155578dcbcb1fa06c,2026-10-06T16:00:21+00:00,2059,Team Vitality,Past Teams,,October 2024 – November 2025,source_month_or_unspecified,unverified,https://www.vlr.gg/team/2059/team-vitality
8447,https://www.vlr.gg/player/8447/less,82fb1f21bf6e8dd74681c489cd4804b827a00598d7e71bb155578dcbcb1fa06c,2026-10-06T16:00:21+00:00,6961,LOUD,Past Teams,,February 2022 – October 2024,source_month_or_unspecified,unverified,https://www.vlr.gg/team/6961/loud
8447,https://www.vlr.gg/player/8447/less,82fb1f21bf6e8dd74681c489cd4804b827a00598d7e71bb155578dcbcb1fa06c,2026-10-06T16:00:21+00:00,7370,Pancada e Amigos,Past Teams,,left in February 2022,source_month_or_unspecified,unverified,https://www.vlr.gg/team/7370/pancada-e-amigos
8447,https://www.vlr.gg/player/8447/less,82fb1f21bf6e8dd74681c489cd4804b827a00598d7e71bb155578dcbcb1fa06c,2026-10-06T16:00:21+00:00,6484,Tropinha do TIKTOK,Past Teams,,,source_month_or_unspecified,unverified,https://www.vlr.gg/team/6484/tropinha-do-tiktok
8447,https://www.vlr.gg/player/8447/less,82fb1f21bf6e8dd74681c489cd4804b827a00598d7e71bb155578dcbcb1fa06c,2026-10-06T16:00:21+00:00,1311,Galaxy Carrots,Past Teams,,left in January 2022,source_month_or_unspecified,unverified,https://www.vlr.gg/team/1311/galaxy-carrots
8447,https://www.vlr.gg/player/8447/less,82fb1f21bf6e8dd74681c489cd4804b827a00598d7e71bb155578dcbcb1fa06c,2026-10-06T16:00:21+00:00,4927,Jaguares Esports,Past Teams,,June 2021 – August 2021,source_month_or_unspecified,unverified,https://www.vlr.gg/team/4927/jaguares-esports
8447,https://www.vlr.gg/player/8447/less,82fb1f21bf6e8dd74681c489cd4804b827a00598d7e71bb155578dcbcb1fa06c,2026-10-06T16:00:21+00:00,4049,Kikados da Galaxy Carrots,Past Teams,,left in June 2021,source_month_or_unspecified,unverified,https://www.vlr.gg/team/4049/kikados-da-galaxy-carrots
8447,https://www.vlr.gg/player/8447/less,82fb1f21bf6e8dd74681c489cd4804b827a00598d7e71bb155578dcbcb1fa06c,2026-10-06T16:00:21+00:00,1598,dogz,Past Teams,,,source_month_or_unspecified,unverified,https://www.vlr.gg/team/1598/dogz
8480,https://www.vlr.gg/player/8480/aspas,6b650b609f019debd452b481c004a578bd5d5f966db39c42ab68fb554d35ebbe,2026-10-06T16:00:21+00:00,7386,MIBR,Current Teams,,joined in November 2024,source_month_or_unspecified,unverified,https://www.vlr.gg/team/7386/mibr
8480,https://www.vlr.gg/player/8480/aspas,6b650b609f019debd452b481c004a578bd5d5f966db39c42ab68fb554d35ebbe,2026-10-06T16:00:21+00:00,22523,Brazil,Past Teams,,joined in June 2026,source_month_or_unspecified,unverified,https://www.vlr.gg/team/22523/brazil
8480,https://www.vlr.gg/player/8480/aspas,6b650b609f019debd452b481c004a578bd5d5f966db39c42ab68fb554d35ebbe,2026-10-06T16:00:21+00:00,2359,LEVIATÁN,Past Teams,,October 2023 – November 2024,source_month_or_unspecified,unverified,https://www.vlr.gg/team/2359/leviat-n
8480,https://www.vlr.gg/player/8480/aspas,6b650b609f019debd452b481c004a578bd5d5f966db39c42ab68fb554d35ebbe,2026-10-06T16:00:21+00:00,6961,LOUD,Past Teams,,February 2022 – September 2023,source_month_or_unspecified,unverified,https://www.vlr.gg/team/6961/loud
8480,https://www.vlr.gg/player/8480/aspas,6b650b609f019debd452b481c004a578bd5d5f966db39c42ab68fb554d35ebbe,2026-10-06T16:00:21+00:00,7370,Pancada e Amigos,Past Teams,,left in February 2022,source_month_or_unspecified,unverified,https://www.vlr.gg/team/7370/pancada-e-amigos
8480,https://www.vlr.gg/player/8480/aspas,6b650b609f019debd452b481c004a578bd5d5f966db39c42ab68fb554d35ebbe,2026-10-06T16:00:21+00:00,2428,SLICK,Past Teams,,March 2021 – August 2021,source_month_or_unspecified,unverified,https://www.vlr.gg/team/2428/slick
8480,https://www.vlr.gg/player/8480/aspas,6b650b609f019debd452b481c004a578bd5d5f966db39c42ab68fb554d35ebbe,2026-10-06T16:00:21+00:00,2437,favela aimers,Past Teams,,left in February 2021,source_month_or_unspecified,unverified,https://www.vlr.gg/team/2437/favela-aimers
8502,https://www.vlr.gg/player/8502/olizera,bc71d7ae84dbd8f3263731d7ea3968d66d0db4ed51bb4ceab7b50cc1aaf9c321,2026-10-06T16:00:22+00:00,23415,OldBoyz,Current Teams,,,source_month_or_unspecified,unverified,https://www.vlr.gg/team/23415/oldboyz
8502,https://www.vlr.gg/player/8502/olizera,bc71d7ae84dbd8f3263731d7ea3968d66d0db4ed51bb4ceab7b50cc1aaf9c321,2026-10-06T16:00:22+00:00,4616,UCAM Esports Club,Current Teams,,joined in January 2026,source_month_or_unspecified,unverified,https://www.vlr.gg/team/4616/ucam-esports-club
8502,https://www.vlr.gg/player/8502/olizera,bc71d7ae84dbd8f3263731d7ea3968d66d0db4ed51bb4ceab7b50cc1aaf9c321,2026-10-06T16:00:22+00:00,22854,Portugal,Past Teams,,joined in June 2026,source_month_or_unspecified,unverified,https://www.vlr.gg/team/22854/portugal
8502,https://www.vlr.gg/player/8502/olizera,bc71d7ae84dbd8f3263731d7ea3968d66d0db4ed51bb4ceab7b50cc1aaf9c321,2026-10-06T16:00:22+00:00,11479,Apeks,Past Teams,,Inactive from September 2025,source_month_or_unspecified,unverified,https://www.vlr.gg/team/11479/apeks
8502,https://www.vlr.gg/player/8502/olizera,bc71d7ae84dbd8f3263731d7ea3968d66d0db4ed51bb4ceab7b50cc1aaf9c321,2026-10-06T16:00:22+00:00,17174,KOI Fénix,Past Teams,,January 2025 – June 2025,source_month_or_unspecified,unverified,https://www.vlr.gg/team/17174/koi-f-nix
8502,https://www.vlr.gg/player/8502/olizera,bc71d7ae84dbd8f3263731d7ea3968d66d0db4ed51bb4ceab7b50cc1aaf9c321,2026-10-06T16:00:22+00:00,4616,UCAM Esports Club,Past Teams,,September 2023 – July 2024,source_month_or_unspecified,unverified,https://www.vlr.gg/team/4616/ucam-esports-club
8502,https://www.vlr.gg/player/8502/olizera,bc71d7ae84dbd8f3263731d7ea3968d66d0db4ed51bb4ceab7b50cc1aaf9c321,2026-10-06T16:00:22+00:00,9762,GTZ Esports,Past Teams,,January 2023 – June 2023,source_month_or_unspecified,unverified,https://www.vlr.gg/team/9762/gtz-esports
8502,https://www.vlr.gg/player/8502/olizera,bc71d7ae84dbd8f3263731d7ea3968d66d0db4ed51bb4ceab7b50cc1aaf9c321,2026-10-06T16:00:22+00:00,6538,DSYRE,Past Teams,,October 2022 – December 2022,source_month_or_unspecified,unverified,https://www.vlr.gg/team/6538/dsyre
8502,https://www.vlr.gg/player/8502/olizera,bc71d7ae84dbd8f3263731d7ea3968d66d0db4ed51bb4ceab7b50cc1aaf9c321,2026-10-06T16:00:22+00:00,9541,Old Times,Past Teams,,joined in July 2022,source_month_or_unspecified,unverified,https://www.vlr.gg/team/9541/old-times
8502,https://www.vlr.gg/player/8502/olizera,bc71d7ae84dbd8f3263731d7ea3968d66d0db4ed51bb4ceab7b50cc1aaf9c321,2026-10-06T16:00:22+00:00,7963,Sector One,Past Teams,,May 2022 – June 2022,source_month_or_unspecified,unverified,https://www.vlr.gg/team/7963/sector-one
8502,https://www.vlr.gg/player/8502/olizera,bc71d7ae84dbd8f3263731d7ea3968d66d0db4ed51bb4ceab7b50cc1aaf9c321,2026-10-06T16:00:22+00:00,756,ehehxd,Past Teams,,joined in September 2021,source_month_or_unspecified,unverified,https://www.vlr.gg/team/756/ehehxd
8502,https://www.vlr.gg/player/8502/olizera,bc71d7ae84dbd8f3263731d7ea3968d66d0db4ed51bb4ceab7b50cc1aaf9c321,2026-10-06T16:00:22+00:00,4671,EGN Esports,Past Teams,,joined in May 2021,source_month_or_unspecified,unverified,https://www.vlr.gg/team/4671/egn-esports
8502,https://www.vlr.gg/player/8502/olizera,bc71d7ae84dbd8f3263731d7ea3968d66d0db4ed51bb4ceab7b50cc1aaf9c321,2026-10-06T16:00:22+00:00,2418,WhynotVLR,Past Teams,,April 2021 – May 2021,source_month_or_unspecified,unverified,https://www.vlr.gg/team/2418/whynotvlr
8502,https://www.vlr.gg/player/8502/olizera,bc71d7ae84dbd8f3263731d7ea3968d66d0db4ed51bb4ceab7b50cc1aaf9c321,2026-10-06T16:00:22+00:00,2310,S2V Esports,Past Teams,,January 2021 – March 2021,source_month_or_unspecified,unverified,https://www.vlr.gg/team/2310/s2v-esports
8502,https://www.vlr.gg/player/8502/olizera,bc71d7ae84dbd8f3263731d7ea3968d66d0db4ed51bb4ceab7b50cc1aaf9c321,2026-10-06T16:00:22+00:00,756,ehehxd,Past Teams,,,source_month_or_unspecified,unverified,https://www.vlr.gg/team/756/ehehxd
8504,https://www.vlr.gg/player/8504/invy,19757f32ce07e500f2068ec46379b71cf4fd5f1f87560afc3eca44bc33698467,2026-10-06T16:00:22+00:00,624,Paper Rex,Current Teams,,joined in December 2025,source_month_or_unspecified,unverified,https://www.vlr.gg/team/624/paper-rex
8504,https://www.vlr.gg/player/8504/invy,19757f32ce07e500f2068ec46379b71cf4fd5f1f87560afc3eca44bc33698467,2026-10-06T16:00:22+00:00,12118,Philippines,Past Teams,,joined in June 2026,source_month_or_unspecified,unverified,https://www.vlr.gg/team/12118/philippines
8504,https://www.vlr.gg/player/8504/invy,19757f32ce07e500f2068ec46379b71cf4fd5f1f87560afc3eca44bc33698467,2026-10-06T16:00:22+00:00,6199,Team Secret,Past Teams,,October 2022 – December 2025,source_month_or_unspecified,unverified,https://www.vlr.gg/team/6199/team-secret
8504,https://www.vlr.gg/player/8504/invy,19757f32ce07e500f2068ec46379b71cf4fd5f1f87560afc3eca44bc33698467,2026-10-06T16:00:22+00:00,3136,Oasis Gaming,Past Teams,,,source_month_or_unspecified,unverified,https://www.vlr.gg/team/3136/oasis-gaming
8504,https://www.vlr.gg/player/8504/invy,19757f32ce07e500f2068ec46379b71cf4fd5f1f87560afc3eca44bc33698467,2026-10-06T16:00:22+00:00,4891,SV Empire,Past Teams,,,source_month_or_unspecified,unverified,https://www.vlr.gg/team/4891/sv-empire
8504,https://www.vlr.gg/player/8504/invy,19757f32ce07e500f2068ec46379b71cf4fd5f1f87560afc3eca44bc33698467,2026-10-06T16:00:22+00:00,1932,Hashira,Past Teams,,,source_month_or_unspecified,unverified,https://www.vlr.gg/team/1932/hashira
8549,https://www.vlr.gg/player/8549/kingg,2839c96099900161c60f299dc579ebf7ff0abc305d22b771b5a81e0e33e6eed2,2026-10-06T16:00:23+00:00,2359,LEVIATÁN,Current Teams,,joined in November 2021,source_month_or_unspecified,unverified,https://www.vlr.gg/team/2359/leviat-n
8549,https://www.vlr.gg/player/8549/kingg,2839c96099900161c60f299dc579ebf7ff0abc305d22b771b5a81e0e33e6eed2,2026-10-06T16:00:23+00:00,22524,Chile,Past Teams,,joined in June 2026,source_month_or_unspecified,unverified,https://www.vlr.gg/team/22524/chile
8549,https://www.vlr.gg/player/8549/kingg,2839c96099900161c60f299dc579ebf7ff0abc305d22b771b5a81e0e33e6eed2,2026-10-06T16:00:23+00:00,6668,ex-Australs,Past Teams,,November 2021 – November 2021,source_month_or_unspecified,unverified,https://www.vlr.gg/team/6668/ex-australs
8549,https://www.vlr.gg/player/8549/kingg,2839c96099900161c60f299dc579ebf7ff0abc305d22b771b5a81e0e33e6eed2,2026-10-06T16:00:23+00:00,719,Australs,Past Teams,,January 2021 – November 2021,source_month_or_unspecified,unverified,https://www.vlr.gg/team/719/australs
8582,https://www.vlr.gg/player/8582/laz,fc0e2a60853b3e3c177c5d01528e311daa217a059835a2fd85d38dd69ca7af92,2026-10-06T16:00:24+00:00,623,Sharper Esports,Current Teams,,joined in January 2026,source_month_or_unspecified,unverified,https://www.vlr.gg/team/623/sharper-esports
8582,https://www.vlr.gg/player/8582/laz,fc0e2a60853b3e3c177c5d01528e311daa217a059835a2fd85d38dd69ca7af92,2026-10-06T16:00:24+00:00,4050,FULL SENSE,Past Teams,,January 2025 – December 2025,source_month_or_unspecified,unverified,https://www.vlr.gg/team/4050/full-sense
8582,https://www.vlr.gg/player/8582/laz,fc0e2a60853b3e3c177c5d01528e311daa217a059835a2fd85d38dd69ca7af92,2026-10-06T16:00:24+00:00,4210,Made in Thailand,Past Teams,,August 2024 – January 2025,source_month_or_unspecified,unverified,https://www.vlr.gg/team/4210/made-in-thailand
8582,https://www.vlr.gg/player/8582/laz,fc0e2a60853b3e3c177c5d01528e311daa217a059835a2fd85d38dd69ca7af92,2026-10-06T16:00:24+00:00,6665,Team NKT,Past Teams,,November 2021 – July 2024,source_month_or_unspecified,unverified,https://www.vlr.gg/team/6665/team-nkt
8582,https://www.vlr.gg/player/8582/laz,fc0e2a60853b3e3c177c5d01528e311daa217a059835a2fd85d38dd69ca7af92,2026-10-06T16:00:24+00:00,5427,Need Sponsor,Past Teams,,,source_month_or_unspecified,unverified,https://www.vlr.gg/team/5427/need-sponsor
8582,https://www.vlr.gg/player/8582/laz,fc0e2a60853b3e3c177c5d01528e311daa217a059835a2fd85d38dd69ca7af92,2026-10-06T16:00:24+00:00,1485,Aricat Esport Family,Past Teams,,,source_month_or_unspecified,unverified,https://www.vlr.gg/team/1485/aricat-esport-family
8673,https://www.vlr.gg/player/8673/heat,69916d560845c60a49faf6665e3f2306511296e03cfed097b7eddfcbf611d6a1,2026-10-06T16:00:24+00:00,2355,KRÜ Esports,Current Teams,,joined in June 2026,source_month_or_unspecified,unverified,https://www.vlr.gg/team/2355/kr-esports
8673,https://www.vlr.gg/player/8673/heat,69916d560845c60a49faf6665e3f2306511296e03cfed097b7eddfcbf611d6a1,2026-10-06T16:00:24+00:00,2406,FURIA,Past Teams,,December 2024 – September 2025,source_month_or_unspecified,unverified,https://www.vlr.gg/team/2406/furia
8673,https://www.vlr.gg/player/8673/heat,69916d560845c60a49faf6665e3f2306511296e03cfed097b7eddfcbf611d6a1,2026-10-06T16:00:24+00:00,2355,KRÜ Esports,Past Teams,,Inactive from September 2024,source_month_or_unspecified,unverified,https://www.vlr.gg/team/2355/kr-esports
8673,https://www.vlr.gg/player/8673/heat,69916d560845c60a49faf6665e3f2306511296e03cfed097b7eddfcbf611d6a1,2026-10-06T16:00:24+00:00,7386,MIBR,Past Teams,,Inactive from June 2023,source_month_or_unspecified,unverified,https://www.vlr.gg/team/7386/mibr
8673,https://www.vlr.gg/player/8673/heat,69916d560845c60a49faf6665e3f2306511296e03cfed097b7eddfcbf611d6a1,2026-10-06T16:00:24+00:00,4894,Keyd Stars,Past Teams,,June 2021 – October 2022,source_month_or_unspecified,unverified,https://www.vlr.gg/team/4894/keyd-stars
8673,https://www.vlr.gg/player/8673/heat,69916d560845c60a49faf6665e3f2306511296e03cfed097b7eddfcbf611d6a1,2026-10-06T16:00:24+00:00,4765,Desempregados,Past Teams,,left in June 2021,source_month_or_unspecified,unverified,https://www.vlr.gg/team/4765/desempregados
8673,https://www.vlr.gg/player/8673/heat,69916d560845c60a49faf6665e3f2306511296e03cfed097b7eddfcbf611d6a1,2026-10-06T16:00:24+00:00,581,Liberty,Past Teams,,Inactive from May 2021,source_month_or_unspecified,unverified,https://www.vlr.gg/team/581/liberty
8673,https://www.vlr.gg/player/8673/heat,69916d560845c60a49faf6665e3f2306511296e03cfed097b7eddfcbf611d6a1,2026-10-06T16:00:24+00:00,889,DELIRAWOW,Past Teams,,,source_month_or_unspecified,unverified,https://www.vlr.gg/team/889/delirawow
8706,https://www.vlr.gg/player/8706/havoc,74e4a8a2476cef76f901288eb4073b2a1a268e079062392f55a665bedc12173a,2026-10-06T16:00:25+00:00,19265,Team Solid,Current Teams,,,source_month_or_unspecified,unverified,https://www.vlr.gg/team/19265/team-solid
8706,https://www.vlr.gg/player/8706/havoc,74e4a8a2476cef76f901288eb4073b2a1a268e079062392f55a665bedc12173a,2026-10-06T16:00:25+00:00,2406,FURIA,Past Teams,,Inactive from May 2025,source_month_or_unspecified,unverified,https://www.vlr.gg/team/2406/furia
8706,https://www.vlr.gg/player/8706/havoc,74e4a8a2476cef76f901288eb4073b2a1a268e079062392f55a665bedc12173a,2026-10-06T16:00:25+00:00,9447,The Union,Past Teams,,July 2022 – October 2023,source_month_or_unspecified,unverified,https://www.vlr.gg/team/9447/the-union
8706,https://www.vlr.gg/player/8706/havoc,74e4a8a2476cef76f901288eb4073b2a1a268e079062392f55a665bedc12173a,2026-10-06T16:00:25+00:00,8952,DIRETORIA,Past Teams,,,source_month_or_unspecified,unverified,https://www.vlr.gg/team/8952/diretoria
8706,https://www.vlr.gg/player/8706/havoc,74e4a8a2476cef76f901288eb4073b2a1a268e079062392f55a665bedc12173a,2026-10-06T16:00:25+00:00,8528,Laboratorio do Leozin,Past Teams,,,source_month_or_unspecified,unverified,https://www.vlr.gg/team/8528/laboratorio-do-leozin
8706,https://www.vlr.gg/player/8706/havoc,74e4a8a2476cef76f901288eb4073b2a1a268e079062392f55a665bedc12173a,2026-10-06T16:00:25+00:00,7349,Renegados,Past Teams,,,source_month_or_unspecified,unverified,https://www.vlr.gg/team/7349/renegados
8706,https://www.vlr.gg/player/8706/havoc,74e4a8a2476cef76f901288eb4073b2a1a268e079062392f55a665bedc12173a,2026-10-06T16:00:25+00:00,2267,aim hor$e,Past Teams,,left in January 2021,source_month_or_unspecified,unverified,https://www.vlr.gg/team/2267/aim-hor-e
8808,https://www.vlr.gg/player/8808/pyrolll,62377faadacdfd53e8ee986fe040778e4f5b05f3c302b3759aff02daddf74ecc,2026-10-06T16:00:25+00:00,6882,FOKUS,Past Teams,,January 2026 – April 2026,source_month_or_unspecified,unverified,https://www.vlr.gg/team/6882/fokus
8808,https://www.vlr.gg/player/8808/pyrolll,62377faadacdfd53e8ee986fe040778e4f5b05f3c302b3759aff02daddf74ecc,2026-10-06T16:00:25+00:00,8877,Karmine Corp,Past Teams,,Inactive from September 2025,source_month_or_unspecified,unverified,https://www.vlr.gg/team/8877/karmine-corp
8808,https://www.vlr.gg/player/8808/pyrolll,62377faadacdfd53e8ee986fe040778e4f5b05f3c302b3759aff02daddf74ecc,2026-10-06T16:00:25+00:00,8946,Zero Tenacity,Past Teams,,joined in March 2025,source_month_or_unspecified,unverified,https://www.vlr.gg/team/8946/zero-tenacity
8808,https://www.vlr.gg/player/8808/pyrolll,62377faadacdfd53e8ee986fe040778e4f5b05f3c302b3759aff02daddf74ecc,2026-10-06T16:00:25+00:00,6313,KPI Gaming,Past Teams,,January 2025 – February 2025,source_month_or_unspecified,unverified,https://www.vlr.gg/team/6313/kpi-gaming
8808,https://www.vlr.gg/player/8808/pyrolll,62377faadacdfd53e8ee986fe040778e4f5b05f3c302b3759aff02daddf74ecc,2026-10-06T16:00:25+00:00,3531,Acend,Past Teams,,May 2024 – September 2024,source_month_or_unspecified,unverified,https://www.vlr.gg/team/3531/acend
8808,https://www.vlr.gg/player/8808/pyrolll,62377faadacdfd53e8ee986fe040778e4f5b05f3c302b3759aff02daddf74ecc,2026-10-06T16:00:25+00:00,7105,EX0TIK GAMING,Past Teams,,October 2023 – May 2024,source_month_or_unspecified,unverified,https://www.vlr.gg/team/7105/ex0tik-gaming
8808,https://www.vlr.gg/player/8808/pyrolll,62377faadacdfd53e8ee986fe040778e4f5b05f3c302b3759aff02daddf74ecc,2026-10-06T16:00:25+00:00,4782,Cyber Wolves Esports,Past Teams,,January 2023 – March 2023,source_month_or_unspecified,unverified,https://www.vlr.gg/team/4782/cyber-wolves-esports
8873,https://www.vlr.gg/player/8873/dgzin,957bbda398380427b9ac1a7e0584874167ef9398c68a376c84a04f1e0ad91d34,2026-10-06T16:00:26+00:00,5248,Evil Geniuses,Current Teams,,joined in November 2025,source_month_or_unspecified,unverified,https://www.vlr.gg/team/5248/evil-geniuses
8873,https://www.vlr.gg/player/8873/dgzin,957bbda398380427b9ac1a7e0584874167ef9398c68a376c84a04f1e0ad91d34,2026-10-06T16:00:26+00:00,19265,Team Solid,Past Teams,,June 2025 – November 2025,source_month_or_unspecified,unverified,https://www.vlr.gg/team/19265/team-solid
8873,https://www.vlr.gg/player/8873/dgzin,957bbda398380427b9ac1a7e0584874167ef9398c68a376c84a04f1e0ad91d34,2026-10-06T16:00:26+00:00,8952,DIRETORIA,Past Teams,,,source_month_or_unspecified,unverified,https://www.vlr.gg/team/8952/diretoria
8873,https://www.vlr.gg/player/8873/dgzin,957bbda398380427b9ac1a7e0584874167ef9398c68a376c84a04f1e0ad91d34,2026-10-06T16:00:26+00:00,6961,LOUD,Past Teams,,November 2024 – May 2025,source_month_or_unspecified,unverified,https://www.vlr.gg/team/6961/loud
8873,https://www.vlr.gg/player/8873/dgzin,957bbda398380427b9ac1a7e0584874167ef9398c68a376c84a04f1e0ad91d34,2026-10-06T16:00:26+00:00,15117,Hero Base,Past Teams,,joined in February 2024,source_month_or_unspecified,unverified,https://www.vlr.gg/team/15117/hero-base
8873,https://www.vlr.gg/player/8873/dgzin,957bbda398380427b9ac1a7e0584874167ef9398c68a376c84a04f1e0ad91d34,2026-10-06T16:00:26+00:00,15071,UNIÃO,Past Teams,,December 2023 – February 2024,source_month_or_unspecified,unverified,https://www.vlr.gg/team/15071/uni-o
8873,https://www.vlr.gg/player/8873/dgzin,957bbda398380427b9ac1a7e0584874167ef9398c68a376c84a04f1e0ad91d34,2026-10-06T16:00:26+00:00,13893,Os maridinhos,Past Teams,,,source_month_or_unspecified,unverified,https://www.vlr.gg/team/13893/os-maridinhos
8873,https://www.vlr.gg/player/8873/dgzin,957bbda398380427b9ac1a7e0584874167ef9398c68a376c84a04f1e0ad91d34,2026-10-06T16:00:26+00:00,2406,FURIA,Past Teams,,July 2022 – August 2023,source_month_or_unspecified,unverified,https://www.vlr.gg/team/2406/furia
8873,https://www.vlr.gg/player/8873/dgzin,957bbda398380427b9ac1a7e0584874167ef9398c68a376c84a04f1e0ad91d34,2026-10-06T16:00:26+00:00,243,Gamelanders Blue,Past Teams,,January 2022 – June 2022,source_month_or_unspecified,unverified,https://www.vlr.gg/team/243/gamelanders-blue
8873,https://www.vlr.gg/player/8873/dgzin,957bbda398380427b9ac1a7e0584874167ef9398c68a376c84a04f1e0ad91d34,2026-10-06T16:00:26+00:00,7013,Stars Horizon,Past Teams,,July 2021 – December 2021,source_month_or_unspecified,unverified,https://www.vlr.gg/team/7013/stars-horizon
8873,https://www.vlr.gg/player/8873/dgzin,957bbda398380427b9ac1a7e0584874167ef9398c68a376c84a04f1e0ad91d34,2026-10-06T16:00:26+00:00,4435,TERROR.NET,Past Teams,,,source_month_or_unspecified,unverified,https://www.vlr.gg/team/4435/terror-net
8873,https://www.vlr.gg/player/8873/dgzin,957bbda398380427b9ac1a7e0584874167ef9398c68a376c84a04f1e0ad91d34,2026-10-06T16:00:26+00:00,7309,B4 Esports,Past Teams,,January 2021 – April 2021,source_month_or_unspecified,unverified,https://www.vlr.gg/team/7309/b4-esports
9063,https://www.vlr.gg/player/9063/infiltrator,b682c0b61d9ede6116d8cd4d85f5a12f8602a139ab408e0d951355cc66d2e45f,2026-10-06T16:00:27+00:00,10448,Winthrop University,Current Teams,,joined in August 2023,source_month_or_unspecified,unverified,https://www.vlr.gg/team/10448/winthrop-university
9063,https://www.vlr.gg/player/9063/infiltrator,b682c0b61d9ede6116d8cd4d85f5a12f8602a139ab408e0d951355cc66d2e45f,2026-10-06T16:00:27+00:00,6985,QoR,Past Teams,,May 2026 – July 2026,source_month_or_unspecified,unverified,https://www.vlr.gg/team/6985/qor
9063,https://www.vlr.gg/player/9063/infiltrator,b682c0b61d9ede6116d8cd4d85f5a12f8602a139ab408e0d951355cc66d2e45f,2026-10-06T16:00:27+00:00,11234,Mochi Fanclub,Past Teams,,,source_month_or_unspecified,unverified,https://www.vlr.gg/team/11234/mochi-fanclub
9063,https://www.vlr.gg/player/9063/infiltrator,b682c0b61d9ede6116d8cd4d85f5a12f8602a139ab408e0d951355cc66d2e45f,2026-10-06T16:00:27+00:00,11464,Happy2bHere,Past Teams,,left in March 2023,source_month_or_unspecified,unverified,https://www.vlr.gg/team/11464/happy2bhere
9063,https://www.vlr.gg/player/9063/infiltrator,b682c0b61d9ede6116d8cd4d85f5a12f8602a139ab408e0d951355cc66d2e45f,2026-10-06T16:00:27+00:00,8460,Flex Gaming,Past Teams,,,source_month_or_unspecified,unverified,https://www.vlr.gg/team/8460/flex-gaming
9063,https://www.vlr.gg/player/9063/infiltrator,b682c0b61d9ede6116d8cd4d85f5a12f8602a139ab408e0d951355cc66d2e45f,2026-10-06T16:00:27+00:00,8356,Next Up,Past Teams,,,source_month_or_unspecified,unverified,https://www.vlr.gg/team/8356/next-up
9063,https://www.vlr.gg/player/9063/infiltrator,b682c0b61d9ede6116d8cd4d85f5a12f8602a139ab408e0d951355cc66d2e45f,2026-10-06T16:00:27+00:00,6729,Levitate,Past Teams,,,source_month_or_unspecified,unverified,https://www.vlr.gg/team/6729/levitate
9152,https://www.vlr.gg/player/9152/deryeon,7426cc35c42183e1abbaaa096b950a734cd6d60e136df131d7207de94fe87591,2026-10-06T16:00:27+00:00,13790,Wolves Esports,Current Teams,,joined in July 2026,source_month_or_unspecified,unverified,https://www.vlr.gg/team/13790/wolves-esports
9152,https://www.vlr.gg/player/9152/deryeon,7426cc35c42183e1abbaaa096b950a734cd6d60e136df131d7207de94fe87591,2026-10-06T16:00:27+00:00,12120,Singapore,Past Teams,,joined in June 2026,source_month_or_unspecified,unverified,https://www.vlr.gg/team/12120/singapore
9152,https://www.vlr.gg/player/9152/deryeon,7426cc35c42183e1abbaaa096b950a734cd6d60e136df131d7207de94fe87591,2026-10-06T16:00:27+00:00,18117,Motiv Esports,Past Teams,,February 2026 – May 2026,source_month_or_unspecified,unverified,https://www.vlr.gg/team/18117/motiv-esports
9152,https://www.vlr.gg/player/9152/deryeon,7426cc35c42183e1abbaaa096b950a734cd6d60e136df131d7207de94fe87591,2026-10-06T16:00:27+00:00,20189,Global Esports Spotlight,Past Teams,,joined in October 2025,source_month_or_unspecified,unverified,https://www.vlr.gg/team/20189/global-esports-spotlight
9152,https://www.vlr.gg/player/9152/deryeon,7426cc35c42183e1abbaaa096b950a734cd6d60e136df131d7207de94fe87591,2026-10-06T16:00:27+00:00,918,Global Esports,Past Teams,,December 2024 – February 2026,source_month_or_unspecified,unverified,https://www.vlr.gg/team/918/global-esports
9152,https://www.vlr.gg/player/9152/deryeon,7426cc35c42183e1abbaaa096b950a734cd6d60e136df131d7207de94fe87591,2026-10-06T16:00:27+00:00,14773,Disguised,Past Teams,,November 2024 – December 2024,source_month_or_unspecified,unverified,https://www.vlr.gg/team/14773/disguised
9152,https://www.vlr.gg/player/9152/deryeon,7426cc35c42183e1abbaaa096b950a734cd6d60e136df131d7207de94fe87591,2026-10-06T16:00:27+00:00,6387,BLEED,Past Teams,,Inactive from August 2024,source_month_or_unspecified,unverified,https://www.vlr.gg/team/6387/bleed
9152,https://www.vlr.gg/player/9152/deryeon,7426cc35c42183e1abbaaa096b950a734cd6d60e136df131d7207de94fe87591,2026-10-06T16:00:27+00:00,6387,BLEED,Past Teams,,December 2021 – August 2022,source_month_or_unspecified,unverified,https://www.vlr.gg/team/6387/bleed
9152,https://www.vlr.gg/player/9152/deryeon,7426cc35c42183e1abbaaa096b950a734cd6d60e136df131d7207de94fe87591,2026-10-06T16:00:27+00:00,2532,Louvre,Past Teams,,,source_month_or_unspecified,unverified,https://www.vlr.gg/team/2532/louvre
9152,https://www.vlr.gg/player/9152/deryeon,7426cc35c42183e1abbaaa096b950a734cd6d60e136df131d7207de94fe87591,2026-10-06T16:00:27+00:00,3671,Renaissance,Past Teams,,,source_month_or_unspecified,unverified,https://www.vlr.gg/team/3671/renaissance
9152,https://www.vlr.gg/player/9152/deryeon,7426cc35c42183e1abbaaa096b950a734cd6d60e136df131d7207de94fe87591,2026-10-06T16:00:27+00:00,2509,XIAO,Past Teams,,,source_month_or_unspecified,unverified,https://www.vlr.gg/team/2509/xiao
9192,https://www.vlr.gg/player/9192/cloudy,43fa7ed76817ef6ec0140ee22273affb43a2fa752db95bd2b69bb36fc08314df,2026-10-06T16:00:28+00:00,19189,ONSIDE GAMING,Past Teams,,December 2025 – September 2026,source_month_or_unspecified,unverified,https://www.vlr.gg/team/19189/onside-gaming
9192,https://www.vlr.gg/player/9192/cloudy,43fa7ed76817ef6ec0140ee22273affb43a2fa752db95bd2b69bb36fc08314df,2026-10-06T16:00:28+00:00,17392,Gen.G Global Academy,Past Teams,,January 2025 – September 2025,source_month_or_unspecified,unverified,https://www.vlr.gg/team/17392/gen-g-global-academy
9192,https://www.vlr.gg/player/9192/cloudy,43fa7ed76817ef6ec0140ee22273affb43a2fa752db95bd2b69bb36fc08314df,2026-10-06T16:00:28+00:00,14565,SHERPA,Past Teams,,October 2024 – December 2024,source_month_or_unspecified,unverified,https://www.vlr.gg/team/14565/sherpa
9192,https://www.vlr.gg/player/9192/cloudy,43fa7ed76817ef6ec0140ee22273affb43a2fa752db95bd2b69bb36fc08314df,2026-10-06T16:00:28+00:00,12446,SLT Seongnam,Past Teams,,February 2024 – July 2024,source_month_or_unspecified,unverified,https://www.vlr.gg/team/12446/slt-seongnam
9192,https://www.vlr.gg/player/9192/cloudy,43fa7ed76817ef6ec0140ee22273affb43a2fa752db95bd2b69bb36fc08314df,2026-10-06T16:00:28+00:00,11060,Nongshim RedForce,Past Teams,,December 2022 – February 2024,source_month_or_unspecified,unverified,https://www.vlr.gg/team/11060/nongshim-redforce
9192,https://www.vlr.gg/player/9192/cloudy,43fa7ed76817ef6ec0140ee22273affb43a2fa752db95bd2b69bb36fc08314df,2026-10-06T16:00:28+00:00,8103,WNF Esports,Past Teams,,,source_month_or_unspecified,unverified,https://www.vlr.gg/team/8103/wnf-esports
9192,https://www.vlr.gg/player/9192/cloudy,43fa7ed76817ef6ec0140ee22273affb43a2fa752db95bd2b69bb36fc08314df,2026-10-06T16:00:28+00:00,2541,RYU Gaming,Past Teams,,,source_month_or_unspecified,unverified,https://www.vlr.gg/team/2541/ryu-gaming
9196,https://www.vlr.gg/player/9196/t3xture,305da6387ba544d192709fdc4c27cadc100ab4fbb9deb862b26c1c64a6350d1b,2026-10-06T16:00:29+00:00,17,Gen.G,Current Teams,,joined in October 2025,source_month_or_unspecified,unverified,https://www.vlr.gg/team/17/gen-g
9196,https://www.vlr.gg/player/9196/t3xture,305da6387ba544d192709fdc4c27cadc100ab4fbb9deb862b26c1c64a6350d1b,2026-10-06T16:00:29+00:00,17,Gen.G,Past Teams,,September 2023 – October 2025,source_month_or_unspecified,unverified,https://www.vlr.gg/team/17/gen-g
9196,https://www.vlr.gg/player/9196/t3xture,305da6387ba544d192709fdc4c27cadc100ab4fbb9deb862b26c1c64a6350d1b,2026-10-06T16:00:29+00:00,918,Global Esports,Past Teams,,October 2022 – September 2023,source_month_or_unspecified,unverified,https://www.vlr.gg/team/918/global-esports
9196,https://www.vlr.gg/player/9196/t3xture,305da6387ba544d192709fdc4c27cadc100ab4fbb9deb862b26c1c64a6350d1b,2026-10-06T16:00:29+00:00,2542,DAMWON Gaming,Past Teams,,January 2021 – October 2022,source_month_or_unspecified,unverified,https://www.vlr.gg/team/2542/damwon-gaming
9554,https://www.vlr.gg/player/9554/kaajak,e7a937e80c69c21373226c8c049152de384a58d5939c04f1b0f34fd5dd746a45,2026-10-06T16:00:29+00:00,2593,FNATIC,Current Teams,,joined in October 2024,source_month_or_unspecified,unverified,https://www.vlr.gg/team/2593/fnatic
9554,https://www.vlr.gg/player/9554/kaajak,e7a937e80c69c21373226c8c049152de384a58d5939c04f1b0f34fd5dd746a45,2026-10-06T16:00:29+00:00,22782,Poland,Past Teams,,joined in June 2026,source_month_or_unspecified,unverified,https://www.vlr.gg/team/22782/poland
9554,https://www.vlr.gg/player/9554/kaajak,e7a937e80c69c21373226c8c049152de384a58d5939c04f1b0f34fd5dd746a45,2026-10-06T16:00:29+00:00,11479,Apeks,Past Teams,,December 2023 – October 2024,source_month_or_unspecified,unverified,https://www.vlr.gg/team/11479/apeks
9554,https://www.vlr.gg/player/9554/kaajak,e7a937e80c69c21373226c8c049152de384a58d5939c04f1b0f34fd5dd746a45,2026-10-06T16:00:29+00:00,8946,Zero Tenacity,Past Teams,,September 2023 – December 2023,source_month_or_unspecified,unverified,https://www.vlr.gg/team/8946/zero-tenacity
9554,https://www.vlr.gg/player/9554/kaajak,e7a937e80c69c21373226c8c049152de384a58d5939c04f1b0f34fd5dd746a45,2026-10-06T16:00:29+00:00,6235,Incognito,Past Teams,,,source_month_or_unspecified,unverified,https://www.vlr.gg/team/6235/incognito
9554,https://www.vlr.gg/player/9554/kaajak,e7a937e80c69c21373226c8c049152de384a58d5939c04f1b0f34fd5dd746a45,2026-10-06T16:00:29+00:00,6235,Incognito,Past Teams,,left in June 2022,source_month_or_unspecified,unverified,https://www.vlr.gg/team/6235/incognito
9554,https://www.vlr.gg/player/9554/kaajak,e7a937e80c69c21373226c8c049152de384a58d5939c04f1b0f34fd5dd746a45,2026-10-06T16:00:29+00:00,6234,Chinchilla,Past Teams,,,source_month_or_unspecified,unverified,https://www.vlr.gg/team/6234/chinchilla
9554,https://www.vlr.gg/player/9554/kaajak,e7a937e80c69c21373226c8c049152de384a58d5939c04f1b0f34fd5dd746a45,2026-10-06T16:00:29+00:00,2635,TEMPO,Past Teams,,,source_month_or_unspecified,unverified,https://www.vlr.gg/team/2635/tempo
9780,https://www.vlr.gg/player/9780/jamppi,b8d0bef9e568ee2396f9a4e227c7d759a7b704b09f884ffa2e2205853698ed21,2026-10-06T16:00:30+00:00,2059,Team Vitality,Current Teams,,joined in November 2025,source_month_or_unspecified,unverified,https://www.vlr.gg/team/2059/team-vitality
9780,https://www.vlr.gg/player/9780/jamppi,b8d0bef9e568ee2396f9a4e227c7d759a7b704b09f884ffa2e2205853698ed21,2026-10-06T16:00:30+00:00,22785,Finland,Past Teams,,joined in June 2026,source_month_or_unspecified,unverified,https://www.vlr.gg/team/22785/finland
9780,https://www.vlr.gg/player/9780/jamppi,b8d0bef9e568ee2396f9a4e227c7d759a7b704b09f884ffa2e2205853698ed21,2026-10-06T16:00:30+00:00,397,BBL Esports,Past Teams,,October 2024 – November 2025,source_month_or_unspecified,unverified,https://www.vlr.gg/team/397/bbl-esports
9780,https://www.vlr.gg/player/9780/jamppi,b8d0bef9e568ee2396f9a4e227c7d759a7b704b09f884ffa2e2205853698ed21,2026-10-06T16:00:30+00:00,474,Team Liquid,Past Teams,,Inactive from August 2024,source_month_or_unspecified,unverified,https://www.vlr.gg/team/474/team-liquid
9800,https://www.vlr.gg/player/9800/mindfreak,e6e02b17ba01515949837884de3228a950cd34ceb35562047733c09ad010fc3f,2026-10-06T16:00:30+00:00,1224,Weibo Gaming,Past Teams,,April 2026 – July 2026,source_month_or_unspecified,unverified,https://www.vlr.gg/team/1224/weibo-gaming
9800,https://www.vlr.gg/player/9800/mindfreak,e6e02b17ba01515949837884de3228a950cd34ceb35562047733c09ad010fc3f,2026-10-06T16:00:30+00:00,624,Paper Rex,Past Teams,,Inactive from July 2025,source_month_or_unspecified,unverified,https://www.vlr.gg/team/624/paper-rex
9801,https://www.vlr.gg/player/9801/f0rsaken,00a1285a0d95c913c9c37f846b3341f6ceccf078309b78724deb86d5dd57d804,2026-10-06T16:00:31+00:00,624,Paper Rex,Current Teams,,joined in February 2021,source_month_or_unspecified,unverified,https://www.vlr.gg/team/624/paper-rex
9801,https://www.vlr.gg/player/9801/f0rsaken,00a1285a0d95c913c9c37f846b3341f6ceccf078309b78724deb86d5dd57d804,2026-10-06T16:00:31+00:00,17069,Paper Rex x Spotlight Series,Past Teams,,joined in December 2024,source_month_or_unspecified,unverified,https://www.vlr.gg/team/17069/paper-rex-x-spotlight-series
9803,https://www.vlr.gg/player/9803/d4v41,a2a66e18c919e66487fff0b39002e832a3817f6dbe9a175cfa32fa09481662cb,2026-10-06T16:00:32+00:00,624,Paper Rex,Current Teams,,joined in February 2021,source_month_or_unspecified,unverified,https://www.vlr.gg/team/624/paper-rex
9803,https://www.vlr.gg/player/9803/d4v41,a2a66e18c919e66487fff0b39002e832a3817f6dbe9a175cfa32fa09481662cb,2026-10-06T16:00:32+00:00,12206,Malaysia,Past Teams,,joined in June 2026,source_month_or_unspecified,unverified,https://www.vlr.gg/team/12206/malaysia
9810,https://www.vlr.gg/player/9810/alfajer,48ce5474acdc09926da70c2d3d3702e8aa6cc2a3140efcaa6a9cbffefa4b9274,2026-10-06T16:00:32+00:00,2593,FNATIC,Current Teams,,joined in May 2022,source_month_or_unspecified,unverified,https://www.vlr.gg/team/2593/fnatic
9810,https://www.vlr.gg/player/9810/alfajer,48ce5474acdc09926da70c2d3d3702e8aa6cc2a3140efcaa6a9cbffefa4b9274,2026-10-06T16:00:32+00:00,22781,Türkiye,Past Teams,,joined in June 2026,source_month_or_unspecified,unverified,https://www.vlr.gg/team/22781/t-rkiye
9810,https://www.vlr.gg/player/9810/alfajer,48ce5474acdc09926da70c2d3d3702e8aa6cc2a3140efcaa6a9cbffefa4b9274,2026-10-06T16:00:32+00:00,4696,Surreal Esports,Past Teams,,Inactive from April 2022,source_month_or_unspecified,unverified,https://www.vlr.gg/team/4696/surreal-esports
10053,https://www.vlr.gg/player/10053/fireballops,e48f462feaf274fcf03aa6b43321e6bf690cf3c42669c637e423cc92cf49b2cb,2026-10-06T16:00:33+00:00,188,Cloud9,Current Teams,,joined in May 2026,source_month_or_unspecified,unverified,https://www.vlr.gg/team/188/cloud9
10053,https://www.vlr.gg/player/10053/fireballops,e48f462feaf274fcf03aa6b43321e6bf690cf3c42669c637e423cc92cf49b2cb,2026-10-06T16:00:33+00:00,5601,Nightblood Gaming,Past Teams,,joined in January 2026,source_month_or_unspecified,unverified,https://www.vlr.gg/team/5601/nightblood-gaming
10053,https://www.vlr.gg/player/10053/fireballops,e48f462feaf274fcf03aa6b43321e6bf690cf3c42669c637e423cc92cf49b2cb,2026-10-06T16:00:33+00:00,16278,Blue Otter,Past Teams,,April 2025 – December 2025,source_month_or_unspecified,unverified,https://www.vlr.gg/team/16278/blue-otter
10053,https://www.vlr.gg/player/10053/fireballops,e48f462feaf274fcf03aa6b43321e6bf690cf3c42669c637e423cc92cf49b2cb,2026-10-06T16:00:33+00:00,5601,Nightblood Gaming,Past Teams,,left in April 2025,source_month_or_unspecified,unverified,https://www.vlr.gg/team/5601/nightblood-gaming
10053,https://www.vlr.gg/player/10053/fireballops,e48f462feaf274fcf03aa6b43321e6bf690cf3c42669c637e423cc92cf49b2cb,2026-10-06T16:00:33+00:00,14662,1337,Past Teams,,,source_month_or_unspecified,unverified,https://www.vlr.gg/team/14662/1337
10053,https://www.vlr.gg/player/10053/fireballops,e48f462feaf274fcf03aa6b43321e6bf690cf3c42669c637e423cc92cf49b2cb,2026-10-06T16:00:33+00:00,12006,Wombo Combo,Past Teams,,,source_month_or_unspecified,unverified,https://www.vlr.gg/team/12006/wombo-combo
10053,https://www.vlr.gg/player/10053/fireballops,e48f462feaf274fcf03aa6b43321e6bf690cf3c42669c637e423cc92cf49b2cb,2026-10-06T16:00:33+00:00,9929,Division 0,Past Teams,,left in January 2023,source_month_or_unspecified,unverified,https://www.vlr.gg/team/9929/division-0
10053,https://www.vlr.gg/player/10053/fireballops,e48f462feaf274fcf03aa6b43321e6bf690cf3c42669c637e423cc92cf49b2cb,2026-10-06T16:00:33+00:00,6170,The Silk Road,Past Teams,,August 2022 – September 2022,source_month_or_unspecified,unverified,https://www.vlr.gg/team/6170/the-silk-road
10053,https://www.vlr.gg/player/10053/fireballops,e48f462feaf274fcf03aa6b43321e6bf690cf3c42669c637e423cc92cf49b2cb,2026-10-06T16:00:33+00:00,6451,Built By Gamers Academy,Past Teams,,October 2021 – August 2022,source_month_or_unspecified,unverified,https://www.vlr.gg/team/6451/built-by-gamers-academy
10053,https://www.vlr.gg/player/10053/fireballops,e48f462feaf274fcf03aa6b43321e6bf690cf3c42669c637e423cc92cf49b2cb,2026-10-06T16:00:33+00:00,6170,The Silk Road,Past Teams,,August 2021 – October 2021,source_month_or_unspecified,unverified,https://www.vlr.gg/team/6170/the-silk-road
10053,https://www.vlr.gg/player/10053/fireballops,e48f462feaf274fcf03aa6b43321e6bf690cf3c42669c637e423cc92cf49b2cb,2026-10-06T16:00:33+00:00,1301,Exotic,Past Teams,,left in August 2021,source_month_or_unspecified,unverified,https://www.vlr.gg/team/1301/exotic
10053,https://www.vlr.gg/player/10053/fireballops,e48f462feaf274fcf03aa6b43321e6bf690cf3c42669c637e423cc92cf49b2cb,2026-10-06T16:00:33+00:00,2782,Zero Gravity,Past Teams,,,source_month_or_unspecified,unverified,https://www.vlr.gg/team/2782/zero-gravity
10160,https://www.vlr.gg/player/10160/izzy,c8f33d3a204d8037599cc073bc421ef888f5879ed6664deb7696dbd542427329,2026-10-06T16:00:34+00:00,23066,mixtape5,Current Teams,,,source_month_or_unspecified,unverified,https://www.vlr.gg/team/23066/mixtape5
10160,https://www.vlr.gg/player/10160/izzy,c8f33d3a204d8037599cc073bc421ef888f5879ed6664deb7696dbd542427329,2026-10-06T16:00:34+00:00,6392,Eternal Fire,Past Teams,,Inactive from July 2026,source_month_or_unspecified,unverified,https://www.vlr.gg/team/6392/eternal-fire
10160,https://www.vlr.gg/player/10160/izzy,c8f33d3a204d8037599cc073bc421ef888f5879ed6664deb7696dbd542427329,2026-10-06T16:00:34+00:00,4567,Papara SuperMassive,Past Teams,,May 2021 – October 2024,source_month_or_unspecified,unverified,https://www.vlr.gg/team/4567/papara-supermassive
10160,https://www.vlr.gg/player/10160/izzy,c8f33d3a204d8037599cc073bc421ef888f5879ed6664deb7696dbd542427329,2026-10-06T16:00:34+00:00,3261,Kafalar eSports,Past Teams,,left in May 2021,source_month_or_unspecified,unverified,https://www.vlr.gg/team/3261/kafalar-esports
10160,https://www.vlr.gg/player/10160/izzy,c8f33d3a204d8037599cc073bc421ef888f5879ed6664deb7696dbd542427329,2026-10-06T16:00:34+00:00,2910,Boca Boston,Past Teams,,,source_month_or_unspecified,unverified,https://www.vlr.gg/team/2910/boca-boston
10160,https://www.vlr.gg/player/10160/izzy,c8f33d3a204d8037599cc073bc421ef888f5879ed6664deb7696dbd542427329,2026-10-06T16:00:34+00:00,10122,Team Türkiye,Past Teams,,,source_month_or_unspecified,unverified,https://www.vlr.gg/team/10122/team-t-rkiye
10307,https://www.vlr.gg/player/10307/marteen,48e5b9623275398ea3f2c98609f6739d53d3c13faced70deb3f4820eb6183e9c,2026-10-06T16:00:35+00:00,12694,Gentle Mates,Current Teams,,joined in November 2025,source_month_or_unspecified,unverified,https://www.vlr.gg/team/12694/gentle-mates
10307,https://www.vlr.gg/player/10307/marteen,48e5b9623275398ea3f2c98609f6739d53d3c13faced70deb3f4820eb6183e9c,2026-10-06T16:00:35+00:00,22861,Czechia,Past Teams,,joined in June 2026,source_month_or_unspecified,unverified,https://www.vlr.gg/team/22861/czechia
10307,https://www.vlr.gg/player/10307/marteen,48e5b9623275398ea3f2c98609f6739d53d3c13faced70deb3f4820eb6183e9c,2026-10-06T16:00:35+00:00,8877,Karmine Corp,Past Teams,,December 2023 – November 2025,source_month_or_unspecified,unverified,https://www.vlr.gg/team/8877/karmine-corp
10307,https://www.vlr.gg/player/10307/marteen,48e5b9623275398ea3f2c98609f6739d53d3c13faced70deb3f4820eb6183e9c,2026-10-06T16:00:35+00:00,10094,GMT Esports,Past Teams,,October 2022 – August 2023,source_month_or_unspecified,unverified,https://www.vlr.gg/team/10094/gmt-esports
10307,https://www.vlr.gg/player/10307/marteen,48e5b9623275398ea3f2c98609f6739d53d3c13faced70deb3f4820eb6183e9c,2026-10-06T16:00:35+00:00,579,Entropiq,Past Teams,,left in October 2022,source_month_or_unspecified,unverified,https://www.vlr.gg/team/579/entropiq
10307,https://www.vlr.gg/player/10307/marteen,48e5b9623275398ea3f2c98609f6739d53d3c13faced70deb3f4820eb6183e9c,2026-10-06T16:00:35+00:00,6875,Straight Outta Retirement,Past Teams,,,source_month_or_unspecified,unverified,https://www.vlr.gg/team/6875/straight-outta-retirement
10307,https://www.vlr.gg/player/10307/marteen,48e5b9623275398ea3f2c98609f6739d53d3c13faced70deb3f4820eb6183e9c,2026-10-06T16:00:35+00:00,1474,eSuba,Past Teams,,left in April 2021,source_month_or_unspecified,unverified,https://www.vlr.gg/team/1474/esuba
10557,https://www.vlr.gg/player/10557/darker,29f894968458c7201db69560928174e9d562e2927a7e93ebd477005e809a6869,2026-10-06T16:00:35+00:00,6961,LOUD,Current Teams,,joined in December 2025,source_month_or_unspecified,unverified,https://www.vlr.gg/team/6961/loud
10557,https://www.vlr.gg/player/10557/darker,29f894968458c7201db69560928174e9d562e2927a7e93ebd477005e809a6869,2026-10-06T16:00:35+00:00,22800,Colombia,Past Teams,,joined in June 2026,source_month_or_unspecified,unverified,https://www.vlr.gg/team/22800/colombia
10557,https://www.vlr.gg/player/10557/darker,29f894968458c7201db69560928174e9d562e2927a7e93ebd477005e809a6869,2026-10-06T16:00:35+00:00,724,E-Xolos LAZER,Past Teams,,May 2024 – November 2025,source_month_or_unspecified,unverified,https://www.vlr.gg/team/724/e-xolos-lazer
10557,https://www.vlr.gg/player/10557/darker,29f894968458c7201db69560928174e9d562e2927a7e93ebd477005e809a6869,2026-10-06T16:00:35+00:00,7269,FUSION,Past Teams,,November 2023 – March 2024,source_month_or_unspecified,unverified,https://www.vlr.gg/team/7269/fusion
10557,https://www.vlr.gg/player/10557/darker,29f894968458c7201db69560928174e9d562e2927a7e93ebd477005e809a6869,2026-10-06T16:00:35+00:00,7269,FUSION,Past Teams,,July 2022 – November 2023,source_month_or_unspecified,unverified,https://www.vlr.gg/team/7269/fusion
10557,https://www.vlr.gg/player/10557/darker,29f894968458c7201db69560928174e9d562e2927a7e93ebd477005e809a6869,2026-10-06T16:00:35+00:00,8691,Team Cruelty,Past Teams,,left in July 2022,source_month_or_unspecified,unverified,https://www.vlr.gg/team/8691/team-cruelty
10557,https://www.vlr.gg/player/10557/darker,29f894968458c7201db69560928174e9d562e2927a7e93ebd477005e809a6869,2026-10-06T16:00:35+00:00,6627,Butterfly Effect,Past Teams,,,source_month_or_unspecified,unverified,https://www.vlr.gg/team/6627/butterfly-effect
10557,https://www.vlr.gg/player/10557/darker,29f894968458c7201db69560928174e9d562e2927a7e93ebd477005e809a6869,2026-10-06T16:00:35+00:00,3127,CNG Esports,Past Teams,,,source_month_or_unspecified,unverified,https://www.vlr.gg/team/3127/cng-esports
10698,https://www.vlr.gg/player/10698/nephh,7388a02a59d7fcc4daeff7dd7dbd8f0ea23d0ac536aba2edca2939a30ae7c267,2026-10-06T16:00:36+00:00,12010,Bilibili Gaming,Current Teams,,joined in June 2024,source_month_or_unspecified,unverified,https://www.vlr.gg/team/12010/bilibili-gaming
10698,https://www.vlr.gg/player/10698/nephh,7388a02a59d7fcc4daeff7dd7dbd8f0ea23d0ac536aba2edca2939a30ae7c267,2026-10-06T16:00:36+00:00,14805,ORGLESS,Past Teams,,left in March 2024,source_month_or_unspecified,unverified,https://www.vlr.gg/team/14805/orgless
10698,https://www.vlr.gg/player/10698/nephh,7388a02a59d7fcc4daeff7dd7dbd8f0ea23d0ac536aba2edca2939a30ae7c267,2026-10-06T16:00:36+00:00,6387,BLEED,Past Teams,,March 2023 – August 2023,source_month_or_unspecified,unverified,https://www.vlr.gg/team/6387/bleed
10698,https://www.vlr.gg/player/10698/nephh,7388a02a59d7fcc4daeff7dd7dbd8f0ea23d0ac536aba2edca2939a30ae7c267,2026-10-06T16:00:36+00:00,12120,Singapore,Past Teams,,joined in February 2023,source_month_or_unspecified,unverified,https://www.vlr.gg/team/12120/singapore
10698,https://www.vlr.gg/player/10698/nephh,7388a02a59d7fcc4daeff7dd7dbd8f0ea23d0ac536aba2edca2939a30ae7c267,2026-10-06T16:00:36+00:00,2112,X10 Esports,Past Teams,,left in March 2023,source_month_or_unspecified,unverified,https://www.vlr.gg/team/2112/x10-esports
10698,https://www.vlr.gg/player/10698/nephh,7388a02a59d7fcc4daeff7dd7dbd8f0ea23d0ac536aba2edca2939a30ae7c267,2026-10-06T16:00:36+00:00,2532,Louvre,Past Teams,,,source_month_or_unspecified,unverified,https://www.vlr.gg/team/2532/louvre
10698,https://www.vlr.gg/player/10698/nephh,7388a02a59d7fcc4daeff7dd7dbd8f0ea23d0ac536aba2edca2939a30ae7c267,2026-10-06T16:00:36+00:00,9161,Gaimin Gladiators,Past Teams,,June 2022 – July 2022,source_month_or_unspecified,unverified,https://www.vlr.gg/team/9161/gaimin-gladiators
10698,https://www.vlr.gg/player/10698/nephh,7388a02a59d7fcc4daeff7dd7dbd8f0ea23d0ac536aba2edca2939a30ae7c267,2026-10-06T16:00:36+00:00,6718,Huat Zai,Past Teams,,,source_month_or_unspecified,unverified,https://www.vlr.gg/team/6718/huat-zai
10698,https://www.vlr.gg/player/10698/nephh,7388a02a59d7fcc4daeff7dd7dbd8f0ea23d0ac536aba2edca2939a30ae7c267,2026-10-06T16:00:36+00:00,3351,LaZe,Past Teams,,,source_month_or_unspecified,unverified,https://www.vlr.gg/team/3351/laze
10698,https://www.vlr.gg/player/10698/nephh,7388a02a59d7fcc4daeff7dd7dbd8f0ea23d0ac536aba2edca2939a30ae7c267,2026-10-06T16:00:36+00:00,2823,Watermelon Sugar,Past Teams,,,source_month_or_unspecified,unverified,https://www.vlr.gg/team/2823/watermelon-sugar
10739,https://www.vlr.gg/player/10739/shiro,8998361098897d2ae1288471506e89ae73637f392e49b1c10b65390f224b32f0,2026-10-06T16:00:36+00:00,466,BOOM Esports,Current Teams,,joined in October 2022,source_month_or_unspecified,unverified,https://www.vlr.gg/team/466/boom-esports
10739,https://www.vlr.gg/player/10739/shiro,8998361098897d2ae1288471506e89ae73637f392e49b1c10b65390f224b32f0,2026-10-06T16:00:36+00:00,2032,ONIC G,Past Teams,,left in September 2022,source_month_or_unspecified,unverified,https://www.vlr.gg/team/2032/onic-g
10769,https://www.vlr.gg/player/10769/nobita,080f46125470f33503e995684a7c0484436db7bbcb6d9354a6a8389f0b7e12fb,2026-10-06T16:00:37+00:00,294,CREST GAMING Zst,Past Teams,,January 2026 – July 2026,source_month_or_unspecified,unverified,https://www.vlr.gg/team/294/crest-gaming-zst
10769,https://www.vlr.gg/player/10769/nobita,080f46125470f33503e995684a7c0484436db7bbcb6d9354a6a8389f0b7e12fb,2026-10-06T16:00:37+00:00,18299,QT DIG∞,Past Teams,,April 2025 – September 2025,source_month_or_unspecified,unverified,https://www.vlr.gg/team/18299/qt-dig
10769,https://www.vlr.gg/player/10769/nobita,080f46125470f33503e995684a7c0484436db7bbcb6d9354a6a8389f0b7e12fb,2026-10-06T16:00:37+00:00,283,Sengoku Gaming,Past Teams,,December 2022 – April 2025,source_month_or_unspecified,unverified,https://www.vlr.gg/team/283/sengoku-gaming
10769,https://www.vlr.gg/player/10769/nobita,080f46125470f33503e995684a7c0484436db7bbcb6d9354a6a8389f0b7e12fb,2026-10-06T16:00:37+00:00,5171,Servelal e-Sports,Past Teams,,,source_month_or_unspecified,unverified,https://www.vlr.gg/team/5171/servelal-e-sports
10769,https://www.vlr.gg/player/10769/nobita,080f46125470f33503e995684a7c0484436db7bbcb6d9354a6a8389f0b7e12fb,2026-10-06T16:00:37+00:00,6517,マザゾディア,Past Teams,,,source_month_or_unspecified,unverified,https://www.vlr.gg/team/6517/
10769,https://www.vlr.gg/player/10769/nobita,080f46125470f33503e995684a7c0484436db7bbcb6d9354a6a8389f0b7e12fb,2026-10-06T16:00:37+00:00,5174,Nori Nori Yoshinori,Past Teams,,,source_month_or_unspecified,unverified,https://www.vlr.gg/team/5174/nori-nori-yoshinori
10769,https://www.vlr.gg/player/10769/nobita,080f46125470f33503e995684a7c0484436db7bbcb6d9354a6a8389f0b7e12fb,2026-10-06T16:00:37+00:00,2993,Nanashi no Gonbee,Past Teams,,,source_month_or_unspecified,unverified,https://www.vlr.gg/team/2993/nanashi-no-gonbee
10821,https://www.vlr.gg/player/10821/delb,f131609142fd505bc9c15378b8ad1b7b4f2b5cc2cf396b6703ac2eb5f9d75b8e,2026-10-06T16:00:38+00:00,12685,Trace Esports,Current Teams,,joined in November 2025,source_month_or_unspecified,unverified,https://www.vlr.gg/team/12685/trace-esports
10821,https://www.vlr.gg/player/10821/delb,f131609142fd505bc9c15378b8ad1b7b4f2b5cc2cf396b6703ac2eb5f9d75b8e,2026-10-06T16:00:38+00:00,12117,Indonesia,Past Teams,,joined in June 2026,source_month_or_unspecified,unverified,https://www.vlr.gg/team/12117/indonesia
10821,https://www.vlr.gg/player/10821/delb,f131609142fd505bc9c15378b8ad1b7b4f2b5cc2cf396b6703ac2eb5f9d75b8e,2026-10-06T16:00:38+00:00,1119,All Gamers,Past Teams,,Inactive from October 2025,source_month_or_unspecified,unverified,https://www.vlr.gg/team/1119/all-gamers
10821,https://www.vlr.gg/player/10821/delb,f131609142fd505bc9c15378b8ad1b7b4f2b5cc2cf396b6703ac2eb5f9d75b8e,2026-10-06T16:00:38+00:00,14149,ENDER DRAGON,Past Teams,,,source_month_or_unspecified,unverified,https://www.vlr.gg/team/14149/ender-dragon
10821,https://www.vlr.gg/player/10821/delb,f131609142fd505bc9c15378b8ad1b7b4f2b5cc2cf396b6703ac2eb5f9d75b8e,2026-10-06T16:00:38+00:00,13556,17Gaming,Past Teams,,November 2023 – December 2023,source_month_or_unspecified,unverified,https://www.vlr.gg/team/13556/17gaming
10821,https://www.vlr.gg/player/10821/delb,f131609142fd505bc9c15378b8ad1b7b4f2b5cc2cf396b6703ac2eb5f9d75b8e,2026-10-06T16:00:38+00:00,12117,Indonesia,Past Teams,,joined in March 2023,source_month_or_unspecified,unverified,https://www.vlr.gg/team/12117/indonesia
10821,https://www.vlr.gg/player/10821/delb,f131609142fd505bc9c15378b8ad1b7b4f2b5cc2cf396b6703ac2eb5f9d75b8e,2026-10-06T16:00:38+00:00,1110,Alter Ego,Past Teams,,October 2021 – July 2023,source_month_or_unspecified,unverified,https://www.vlr.gg/team/1110/alter-ego
10821,https://www.vlr.gg/player/10821/delb,f131609142fd505bc9c15378b8ad1b7b4f2b5cc2cf396b6703ac2eb5f9d75b8e,2026-10-06T16:00:38+00:00,5963,Langit9,Past Teams,,,source_month_or_unspecified,unverified,https://www.vlr.gg/team/5963/langit9
10821,https://www.vlr.gg/player/10821/delb,f131609142fd505bc9c15378b8ad1b7b4f2b5cc2cf396b6703ac2eb5f9d75b8e,2026-10-06T16:00:38+00:00,2029,WAY Esports,Past Teams,,,source_month_or_unspecified,unverified,https://www.vlr.gg/team/2029/way-esports
10821,https://www.vlr.gg/player/10821/delb,f131609142fd505bc9c15378b8ad1b7b4f2b5cc2cf396b6703ac2eb5f9d75b8e,2026-10-06T16:00:38+00:00,3437,Dewa United Esports,Past Teams,,,source_month_or_unspecified,unverified,https://www.vlr.gg/team/3437/dewa-united-esports
10821,https://www.vlr.gg/player/10821/delb,f131609142fd505bc9c15378b8ad1b7b4f2b5cc2cf396b6703ac2eb5f9d75b8e,2026-10-06T16:00:38+00:00,3142,VOIN ESPORTS,Past Teams,,,source_month_or_unspecified,unverified,https://www.vlr.gg/team/3142/voin-esports
10971,https://www.vlr.gg/player/10971/riens,4118deaeb8a5f05c6df6b9ba989f732ed88a1ce281f624b4ad39f6ab560b3868,2026-10-06T16:00:38+00:00,1001,Team Heretics,Current Teams,,joined in October 2023,source_month_or_unspecified,unverified,https://www.vlr.gg/team/1001/team-heretics
10971,https://www.vlr.gg/player/10971/riens,4118deaeb8a5f05c6df6b9ba989f732ed88a1ce281f624b4ad39f6ab560b3868,2026-10-06T16:00:38+00:00,22781,Türkiye,Past Teams,,joined in June 2026,source_month_or_unspecified,unverified,https://www.vlr.gg/team/22781/t-rkiye
10971,https://www.vlr.gg/player/10971/riens,4118deaeb8a5f05c6df6b9ba989f732ed88a1ce281f624b4ad39f6ab560b3868,2026-10-06T16:00:38+00:00,9077,S2G Esports,Past Teams,,December 2022 – October 2023,source_month_or_unspecified,unverified,https://www.vlr.gg/team/9077/s2g-esports
10971,https://www.vlr.gg/player/10971/riens,4118deaeb8a5f05c6df6b9ba989f732ed88a1ce281f624b4ad39f6ab560b3868,2026-10-06T16:00:38+00:00,2408,HEET,Past Teams,stand-in,October 2022 – December 2022,source_month_or_unspecified,unverified,https://www.vlr.gg/team/2408/heet
10971,https://www.vlr.gg/player/10971/riens,4118deaeb8a5f05c6df6b9ba989f732ed88a1ce281f624b4ad39f6ab560b3868,2026-10-06T16:00:38+00:00,8128,WYLDE,Past Teams,,May 2022 – August 2022,source_month_or_unspecified,unverified,https://www.vlr.gg/team/8128/wylde
10971,https://www.vlr.gg/player/10971/riens,4118deaeb8a5f05c6df6b9ba989f732ed88a1ce281f624b4ad39f6ab560b3868,2026-10-06T16:00:38+00:00,4696,Surreal Esports,Past Teams,,December 2021 – April 2022,source_month_or_unspecified,unverified,https://www.vlr.gg/team/4696/surreal-esports
10971,https://www.vlr.gg/player/10971/riens,4118deaeb8a5f05c6df6b9ba989f732ed88a1ce281f624b4ad39f6ab560b3868,2026-10-06T16:00:38+00:00,3259,Unity Esports,Past Teams,,,source_month_or_unspecified,unverified,https://www.vlr.gg/team/3259/unity-esports
11118,https://www.vlr.gg/player/11118/skuba,7ebfe94d8021743e0f1e2b193e5f7d1b0519d51b23afcbdd82a713df7a0dfc5e,2026-10-06T16:00:39+00:00,1034,NRG,Current Teams,,joined in May 2025,source_month_or_unspecified,unverified,https://www.vlr.gg/team/1034/nrg
11118,https://www.vlr.gg/player/11118/skuba,7ebfe94d8021743e0f1e2b193e5f7d1b0519d51b23afcbdd82a713df7a0dfc5e,2026-10-06T16:00:39+00:00,22778,United States of America,Past Teams,,joined in June 2026,source_month_or_unspecified,unverified,https://www.vlr.gg/team/22778/united-states-of-america
11118,https://www.vlr.gg/player/11118/skuba,7ebfe94d8021743e0f1e2b193e5f7d1b0519d51b23afcbdd82a713df7a0dfc5e,2026-10-06T16:00:39+00:00,16899,Cubert Academy,Past Teams,,January 2025 – May 2025,source_month_or_unspecified,unverified,https://www.vlr.gg/team/16899/cubert-academy
11118,https://www.vlr.gg/player/11118/skuba,7ebfe94d8021743e0f1e2b193e5f7d1b0519d51b23afcbdd82a713df7a0dfc5e,2026-10-06T16:00:39+00:00,10725,Oxygen Esports,Past Teams,,December 2022 – August 2024,source_month_or_unspecified,unverified,https://www.vlr.gg/team/10725/oxygen-esports
11118,https://www.vlr.gg/player/11118/skuba,7ebfe94d8021743e0f1e2b193e5f7d1b0519d51b23afcbdd82a713df7a0dfc5e,2026-10-06T16:00:39+00:00,9658,NSIC,Past Teams,,August 2022 – October 2022,source_month_or_unspecified,unverified,https://www.vlr.gg/team/9658/nsic
11118,https://www.vlr.gg/player/11118/skuba,7ebfe94d8021743e0f1e2b193e5f7d1b0519d51b23afcbdd82a713df7a0dfc5e,2026-10-06T16:00:39+00:00,1615,Knights,Past Teams,,Inactive from October 2022,source_month_or_unspecified,unverified,https://www.vlr.gg/team/1615/knights
11118,https://www.vlr.gg/player/11118/skuba,7ebfe94d8021743e0f1e2b193e5f7d1b0519d51b23afcbdd82a713df7a0dfc5e,2026-10-06T16:00:39+00:00,1615,Knights,Past Teams,trial,November 2021 – November 2021,source_month_or_unspecified,unverified,https://www.vlr.gg/team/1615/knights
11118,https://www.vlr.gg/player/11118/skuba,7ebfe94d8021743e0f1e2b193e5f7d1b0519d51b23afcbdd82a713df7a0dfc5e,2026-10-06T16:00:39+00:00,6198,Knights Academy,Past Teams,,left in November 2021,source_month_or_unspecified,unverified,https://www.vlr.gg/team/6198/knights-academy
11118,https://www.vlr.gg/player/11118/skuba,7ebfe94d8021743e0f1e2b193e5f7d1b0519d51b23afcbdd82a713df7a0dfc5e,2026-10-06T16:00:39+00:00,4940,Pioneers,Past Teams,,Inactive from September 2021,source_month_or_unspecified,unverified,https://www.vlr.gg/team/4940/pioneers
11118,https://www.vlr.gg/player/11118/skuba,7ebfe94d8021743e0f1e2b193e5f7d1b0519d51b23afcbdd82a713df7a0dfc5e,2026-10-06T16:00:39+00:00,4672,FPL-C,Past Teams,,left in June 2021,source_month_or_unspecified,unverified,https://www.vlr.gg/team/4672/fpl-c
11118,https://www.vlr.gg/player/11118/skuba,7ebfe94d8021743e0f1e2b193e5f7d1b0519d51b23afcbdd82a713df7a0dfc5e,2026-10-06T16:00:39+00:00,2403,NSIC,Past Teams,,left in February 2021,source_month_or_unspecified,unverified,https://www.vlr.gg/team/2403/nsic
11134,https://www.vlr.gg/player/11134/kicks,60a79e82fc5e4ff822b82fa13c9dbe2188b4f713dd4e7cd2899e35b74aca3fb5,2026-10-06T16:00:39+00:00,474,Team Liquid,Current Teams,,joined in June 2026,source_month_or_unspecified,unverified,https://www.vlr.gg/team/474/team-liquid
11134,https://www.vlr.gg/player/11134/kicks,60a79e82fc5e4ff822b82fa13c9dbe2188b4f713dd4e7cd2899e35b74aca3fb5,2026-10-06T16:00:39+00:00,17297,Team Liquid Academy,Past Teams,,January 2026 – June 2026,source_month_or_unspecified,unverified,https://www.vlr.gg/team/17297/team-liquid-academy
11134,https://www.vlr.gg/player/11134/kicks,60a79e82fc5e4ff822b82fa13c9dbe2188b4f713dd4e7cd2899e35b74aca3fb5,2026-10-06T16:00:39+00:00,2059,Team Vitality,Past Teams,,September 2023 – November 2025,source_month_or_unspecified,unverified,https://www.vlr.gg/team/2059/team-vitality
11134,https://www.vlr.gg/player/11134/kicks,60a79e82fc5e4ff822b82fa13c9dbe2188b4f713dd4e7cd2899e35b74aca3fb5,2026-10-06T16:00:39+00:00,11262,Laterious,Past Teams,,March 2023 – May 2023,source_month_or_unspecified,unverified,https://www.vlr.gg/team/11262/laterious
11134,https://www.vlr.gg/player/11134/kicks,60a79e82fc5e4ff822b82fa13c9dbe2188b4f713dd4e7cd2899e35b74aca3fb5,2026-10-06T16:00:39+00:00,377,bonk,Past Teams,,October 2022 – March 2023,source_month_or_unspecified,unverified,https://www.vlr.gg/team/377/bonk
11134,https://www.vlr.gg/player/11134/kicks,60a79e82fc5e4ff822b82fa13c9dbe2188b4f713dd4e7cd2899e35b74aca3fb5,2026-10-06T16:00:39+00:00,673,Finest,Past Teams,,May 2022 – October 2022,source_month_or_unspecified,unverified,https://www.vlr.gg/team/673/finest
11134,https://www.vlr.gg/player/11134/kicks,60a79e82fc5e4ff822b82fa13c9dbe2188b4f713dd4e7cd2899e35b74aca3fb5,2026-10-06T16:00:39+00:00,8184,London Esports,Past Teams,,,source_month_or_unspecified,unverified,https://www.vlr.gg/team/8184/london-esports
11134,https://www.vlr.gg/player/11134/kicks,60a79e82fc5e4ff822b82fa13c9dbe2188b4f713dd4e7cd2899e35b74aca3fb5,2026-10-06T16:00:39+00:00,6400,Human Tripwires,Past Teams,,left in March 2022,source_month_or_unspecified,unverified,https://www.vlr.gg/team/6400/human-tripwires
11134,https://www.vlr.gg/player/11134/kicks,60a79e82fc5e4ff822b82fa13c9dbe2188b4f713dd4e7cd2899e35b74aca3fb5,2026-10-06T16:00:39+00:00,3300,International Five,Past Teams,,,source_month_or_unspecified,unverified,https://www.vlr.gg/team/3300/international-five
11218,https://www.vlr.gg/player/11218/yuicaw,f2a16662f56bde934c804cc07d586814fc48eeea9eefe00ccb66e88a2336a215,2026-10-06T16:00:40+00:00,13576,JD Gaming,Current Teams,,joined in November 2025,source_month_or_unspecified,unverified,https://www.vlr.gg/team/13576/jd-gaming
11218,https://www.vlr.gg/player/11218/yuicaw,f2a16662f56bde934c804cc07d586814fc48eeea9eefe00ccb66e88a2336a215,2026-10-06T16:00:40+00:00,22784,Chinese Taipei,Past Teams,,joined in June 2026,source_month_or_unspecified,unverified,https://www.vlr.gg/team/22784/chinese-taipei
11218,https://www.vlr.gg/player/11218/yuicaw,f2a16662f56bde934c804cc07d586814fc48eeea9eefe00ccb66e88a2336a215,2026-10-06T16:00:40+00:00,13790,Wolves Esports,Past Teams,,Inactive from September 2025,source_month_or_unspecified,unverified,https://www.vlr.gg/team/13790/wolves-esports
11218,https://www.vlr.gg/player/11218/yuicaw,f2a16662f56bde934c804cc07d586814fc48eeea9eefe00ccb66e88a2336a215,2026-10-06T16:00:40+00:00,1837,Attacking Soul Esports,Past Teams,,joined in September 2023,source_month_or_unspecified,unverified,https://www.vlr.gg/team/1837/attacking-soul-esports
11218,https://www.vlr.gg/player/11218/yuicaw,f2a16662f56bde934c804cc07d586814fc48eeea9eefe00ccb66e88a2336a215,2026-10-06T16:00:40+00:00,11328,FunPlus Phoenix,Past Teams,,January 2023 – September 2023,source_month_or_unspecified,unverified,https://www.vlr.gg/team/11328/funplus-phoenix
11218,https://www.vlr.gg/player/11218/yuicaw,f2a16662f56bde934c804cc07d586814fc48eeea9eefe00ccb66e88a2336a215,2026-10-06T16:00:40+00:00,6094,FunPlus Phoenix ZHUQUE,Past Teams,,left in January 2023,source_month_or_unspecified,unverified,https://www.vlr.gg/team/6094/funplus-phoenix-zhuque
11218,https://www.vlr.gg/player/11218/yuicaw,f2a16662f56bde934c804cc07d586814fc48eeea9eefe00ccb66e88a2336a215,2026-10-06T16:00:40+00:00,904,CBT Gaming,Past Teams,,,source_month_or_unspecified,unverified,https://www.vlr.gg/team/904/cbt-gaming
11225,https://www.vlr.gg/player/11225/ethan,8a0409d0126eed972e5f8f1a5a3b77804cc86acb0f3f9549ee9abec9355fe020,2026-10-06T16:00:42+00:00,1034,NRG,Current Teams,,joined in December 2023,source_month_or_unspecified,unverified,https://www.vlr.gg/team/1034/nrg
11225,https://www.vlr.gg/player/11225/ethan,8a0409d0126eed972e5f8f1a5a3b77804cc86acb0f3f9549ee9abec9355fe020,2026-10-06T16:00:42+00:00,22778,United States of America,Past Teams,,joined in June 2026,source_month_or_unspecified,unverified,https://www.vlr.gg/team/22778/united-states-of-america
11225,https://www.vlr.gg/player/11225/ethan,8a0409d0126eed972e5f8f1a5a3b77804cc86acb0f3f9549ee9abec9355fe020,2026-10-06T16:00:42+00:00,5248,Evil Geniuses,Past Teams,,November 2022 – December 2023,source_month_or_unspecified,unverified,https://www.vlr.gg/team/5248/evil-geniuses
11225,https://www.vlr.gg/player/11225/ethan,8a0409d0126eed972e5f8f1a5a3b77804cc86acb0f3f9549ee9abec9355fe020,2026-10-06T16:00:42+00:00,1034,NRG,Past Teams,,Inactive from September 2022,source_month_or_unspecified,unverified,https://www.vlr.gg/team/1034/nrg
11225,https://www.vlr.gg/player/11225/ethan,8a0409d0126eed972e5f8f1a5a3b77804cc86acb0f3f9549ee9abec9355fe020,2026-10-06T16:00:42+00:00,120,100 Thieves,Past Teams,,Inactive from April 2022,source_month_or_unspecified,unverified,https://www.vlr.gg/team/120/100-thieves
11332,https://www.vlr.gg/player/11332/ara,8476339183a491932fdcc6e2cafc296fe65bc5cf6fe331b82268420e6b2055e0,2026-10-06T16:00:43+00:00,14419,GIANTX,Current Teams,,joined in April 2025,source_month_or_unspecified,unverified,https://www.vlr.gg/team/14419/giantx
11332,https://www.vlr.gg/player/11332/ara,8476339183a491932fdcc6e2cafc296fe65bc5cf6fe331b82268420e6b2055e0,2026-10-06T16:00:43+00:00,4616,UCAM Esports Club,Past Teams,,March 2025 – April 2025,source_month_or_unspecified,unverified,https://www.vlr.gg/team/4616/ucam-esports-club
11332,https://www.vlr.gg/player/11332/ara,8476339183a491932fdcc6e2cafc296fe65bc5cf6fe331b82268420e6b2055e0,2026-10-06T16:00:43+00:00,12355,Bitfix Gaming,Past Teams,,left in March 2025,source_month_or_unspecified,unverified,https://www.vlr.gg/team/12355/bitfix-gaming
11332,https://www.vlr.gg/player/11332/ara,8476339183a491932fdcc6e2cafc296fe65bc5cf6fe331b82268420e6b2055e0,2026-10-06T16:00:43+00:00,13224,NXT,Past Teams,,joined in January 2024,source_month_or_unspecified,unverified,https://www.vlr.gg/team/13224/nxt
11332,https://www.vlr.gg/player/11332/ara,8476339183a491932fdcc6e2cafc296fe65bc5cf6fe331b82268420e6b2055e0,2026-10-06T16:00:43+00:00,12834,Origami Team,Past Teams,,,source_month_or_unspecified,unverified,https://www.vlr.gg/team/12834/origami-team
11332,https://www.vlr.gg/player/11332/ara,8476339183a491932fdcc6e2cafc296fe65bc5cf6fe331b82268420e6b2055e0,2026-10-06T16:00:43+00:00,6998,MANGO,Past Teams,,,source_month_or_unspecified,unverified,https://www.vlr.gg/team/6998/mango
11332,https://www.vlr.gg/player/11332/ara,8476339183a491932fdcc6e2cafc296fe65bc5cf6fe331b82268420e6b2055e0,2026-10-06T16:00:43+00:00,12988,meowmeow,Past Teams,,,source_month_or_unspecified,unverified,https://www.vlr.gg/team/12988/meowmeow
11332,https://www.vlr.gg/player/11332/ara,8476339183a491932fdcc6e2cafc296fe65bc5cf6fe331b82268420e6b2055e0,2026-10-06T16:00:43+00:00,11829,eSports Cologne,Past Teams,,January 2023 – April 2023,source_month_or_unspecified,unverified,https://www.vlr.gg/team/11829/esports-cologne
11332,https://www.vlr.gg/player/11332/ara,8476339183a491932fdcc6e2cafc296fe65bc5cf6fe331b82268420e6b2055e0,2026-10-06T16:00:43+00:00,8851,Wave Esports Academy,Past Teams,,left in January 2023,source_month_or_unspecified,unverified,https://www.vlr.gg/team/8851/wave-esports-academy
11332,https://www.vlr.gg/player/11332/ara,8476339183a491932fdcc6e2cafc296fe65bc5cf6fe331b82268420e6b2055e0,2026-10-06T16:00:43+00:00,7917,KTRL,Past Teams,,,source_month_or_unspecified,unverified,https://www.vlr.gg/team/7917/ktrl
11332,https://www.vlr.gg/player/11332/ara,8476339183a491932fdcc6e2cafc296fe65bc5cf6fe331b82268420e6b2055e0,2026-10-06T16:00:43+00:00,5094,The Paw Brothers,Past Teams,,,source_month_or_unspecified,unverified,https://www.vlr.gg/team/5094/the-paw-brothers
11332,https://www.vlr.gg/player/11332/ara,8476339183a491932fdcc6e2cafc296fe65bc5cf6fe331b82268420e6b2055e0,2026-10-06T16:00:43+00:00,3047,PointAndClick,Past Teams,,,source_month_or_unspecified,unverified,https://www.vlr.gg/team/3047/pointandclick
11332,https://www.vlr.gg/player/11332/ara,8476339183a491932fdcc6e2cafc296fe65bc5cf6fe331b82268420e6b2055e0,2026-10-06T16:00:43+00:00,3402,Nexus Gaming,Past Teams,,left in May 2021,source_month_or_unspecified,unverified,https://www.vlr.gg/team/3402/nexus-gaming
11494,https://www.vlr.gg/player/11494/keiko,73a04fb04b663348199a03a25581cbc48129592ce10dab527d0cbaef1e562cf7,2026-10-06T16:00:43+00:00,1034,NRG,Current Teams,,joined in November 2025,source_month_or_unspecified,unverified,https://www.vlr.gg/team/1034/nrg
11494,https://www.vlr.gg/player/11494/keiko,73a04fb04b663348199a03a25581cbc48129592ce10dab527d0cbaef1e562cf7,2026-10-06T16:00:43+00:00,22783,Great Britain,Past Teams,,joined in June 2026,source_month_or_unspecified,unverified,https://www.vlr.gg/team/22783/great-britain
11494,https://www.vlr.gg/player/11494/keiko,73a04fb04b663348199a03a25581cbc48129592ce10dab527d0cbaef1e562cf7,2026-10-06T16:00:43+00:00,474,Team Liquid,Past Teams,,November 2023 – November 2025,source_month_or_unspecified,unverified,https://www.vlr.gg/team/474/team-liquid
11494,https://www.vlr.gg/player/11494/keiko,73a04fb04b663348199a03a25581cbc48129592ce10dab527d0cbaef1e562cf7,2026-10-06T16:00:43+00:00,11479,Apeks,Past Teams,,January 2023 – November 2023,source_month_or_unspecified,unverified,https://www.vlr.gg/team/11479/apeks
11494,https://www.vlr.gg/player/11494/keiko,73a04fb04b663348199a03a25581cbc48129592ce10dab527d0cbaef1e562cf7,2026-10-06T16:00:43+00:00,377,bonk,Past Teams,,October 2022 – December 2022,source_month_or_unspecified,unverified,https://www.vlr.gg/team/377/bonk
11494,https://www.vlr.gg/player/11494/keiko,73a04fb04b663348199a03a25581cbc48129592ce10dab527d0cbaef1e562cf7,2026-10-06T16:00:43+00:00,8128,WYLDE,Past Teams,,May 2022 – August 2022,source_month_or_unspecified,unverified,https://www.vlr.gg/team/8128/wylde
11524,https://www.vlr.gg/player/11524/nicc,e262a3583c0583c191f687019fc008c0de12fcf9ebe3f7fed0903ed210591d73,2026-10-06T16:00:44+00:00,11981,Dragon Ranger Gaming,Current Teams,,joined in March 2023,source_month_or_unspecified,unverified,https://www.vlr.gg/team/11981/dragon-ranger-gaming
11524,https://www.vlr.gg/player/11524/nicc,e262a3583c0583c191f687019fc008c0de12fcf9ebe3f7fed0903ed210591d73,2026-10-06T16:00:44+00:00,22784,Chinese Taipei,Past Teams,,joined in June 2026,source_month_or_unspecified,unverified,https://www.vlr.gg/team/22784/chinese-taipei
11524,https://www.vlr.gg/player/11524/nicc,e262a3583c0583c191f687019fc008c0de12fcf9ebe3f7fed0903ed210591d73,2026-10-06T16:00:44+00:00,3490,LP33,Past Teams,,,source_month_or_unspecified,unverified,https://www.vlr.gg/team/3490/lp33
11524,https://www.vlr.gg/player/11524/nicc,e262a3583c0583c191f687019fc008c0de12fcf9ebe3f7fed0903ed210591d73,2026-10-06T16:00:44+00:00,5944,Night Wings Gaming,Past Teams,,,source_month_or_unspecified,unverified,https://www.vlr.gg/team/5944/night-wings-gaming
11524,https://www.vlr.gg/player/11524/nicc,e262a3583c0583c191f687019fc008c0de12fcf9ebe3f7fed0903ed210591d73,2026-10-06T16:00:44+00:00,4622,Team VS,Past Teams,,,source_month_or_unspecified,unverified,https://www.vlr.gg/team/4622/team-vs
11524,https://www.vlr.gg/player/11524/nicc,e262a3583c0583c191f687019fc008c0de12fcf9ebe3f7fed0903ed210591d73,2026-10-06T16:00:44+00:00,4273,Victory Formula,Past Teams,,,source_month_or_unspecified,unverified,https://www.vlr.gg/team/4273/victory-formula
11524,https://www.vlr.gg/player/11524/nicc,e262a3583c0583c191f687019fc008c0de12fcf9ebe3f7fed0903ed210591d73,2026-10-06T16:00:44+00:00,3182,Wolfpack,Past Teams,,,source_month_or_unspecified,unverified,https://www.vlr.gg/team/3182/wolfpack
11527,https://www.vlr.gg/player/11527/noman,005ae083e6d42998b1213ede02a4e7c23ba46cc2f4b856517d62a4c6f3c79a48,2026-10-06T16:00:45+00:00,13581,Xi Lai Gaming,Current Teams,,,source_month_or_unspecified,unverified,https://www.vlr.gg/team/13581/xi-lai-gaming
11527,https://www.vlr.gg/player/11527/noman,005ae083e6d42998b1213ede02a4e7c23ba46cc2f4b856517d62a4c6f3c79a48,2026-10-06T16:00:45+00:00,22788,Hong Kong,Past Teams,,joined in June 2026,source_month_or_unspecified,unverified,https://www.vlr.gg/team/22788/hong-kong
11527,https://www.vlr.gg/player/11527/noman,005ae083e6d42998b1213ede02a4e7c23ba46cc2f4b856517d62a4c6f3c79a48,2026-10-06T16:00:45+00:00,8996,ESC Gaming,Past Teams,,January 2025 – January 2025,source_month_or_unspecified,unverified,https://www.vlr.gg/team/8996/esc-gaming
11527,https://www.vlr.gg/player/11527/noman,005ae083e6d42998b1213ede02a4e7c23ba46cc2f4b856517d62a4c6f3c79a48,2026-10-06T16:00:45+00:00,11985,Rare Atom,Past Teams,,Inactive from September 2024,source_month_or_unspecified,unverified,https://www.vlr.gg/team/11985/rare-atom
11527,https://www.vlr.gg/player/11527/noman,005ae083e6d42998b1213ede02a4e7c23ba46cc2f4b856517d62a4c6f3c79a48,2026-10-06T16:00:45+00:00,11240,eQuizers,Past Teams,,,source_month_or_unspecified,unverified,https://www.vlr.gg/team/11240/equizers
11527,https://www.vlr.gg/player/11527/noman,005ae083e6d42998b1213ede02a4e7c23ba46cc2f4b856517d62a4c6f3c79a48,2026-10-06T16:00:45+00:00,10149,K10,Past Teams,,January 2024 – January 2024,source_month_or_unspecified,unverified,https://www.vlr.gg/team/10149/k10
11527,https://www.vlr.gg/player/11527/noman,005ae083e6d42998b1213ede02a4e7c23ba46cc2f4b856517d62a4c6f3c79a48,2026-10-06T16:00:45+00:00,9351,Wintermint,Past Teams,,,source_month_or_unspecified,unverified,https://www.vlr.gg/team/9351/wintermint
11527,https://www.vlr.gg/player/11527/noman,005ae083e6d42998b1213ede02a4e7c23ba46cc2f4b856517d62a4c6f3c79a48,2026-10-06T16:00:45+00:00,11267,CTRL Esports,Past Teams,,May 2023 – May 2023,source_month_or_unspecified,unverified,https://www.vlr.gg/team/11267/ctrl-esports
11527,https://www.vlr.gg/player/11527/noman,005ae083e6d42998b1213ede02a4e7c23ba46cc2f4b856517d62a4c6f3c79a48,2026-10-06T16:00:45+00:00,9443,Nativz,Past Teams,,March 2023 – May 2023,source_month_or_unspecified,unverified,https://www.vlr.gg/team/9443/nativz
11527,https://www.vlr.gg/player/11527/noman,005ae083e6d42998b1213ede02a4e7c23ba46cc2f4b856517d62a4c6f3c79a48,2026-10-06T16:00:45+00:00,3108,Oblivion Force,Past Teams,,left in August 2022,source_month_or_unspecified,unverified,https://www.vlr.gg/team/3108/oblivion-force
11600,https://www.vlr.gg/player/11600/foxy9,b92242d599faa45a773388c4d27f489d4f07ac54d15bc99e4a7bc4a76fb4f1f2,2026-10-06T16:00:45+00:00,11229,VARREL,Current Teams,,joined in May 2026,source_month_or_unspecified,unverified,https://www.vlr.gg/team/11229/varrel
11600,https://www.vlr.gg/player/11600/foxy9,b92242d599faa45a773388c4d27f489d4f07ac54d15bc99e4a7bc4a76fb4f1f2,2026-10-06T16:00:45+00:00,17,Gen.G,Past Teams,,October 2024 – April 2026,source_month_or_unspecified,unverified,https://www.vlr.gg/team/17/gen-g
11600,https://www.vlr.gg/player/11600/foxy9,b92242d599faa45a773388c4d27f489d4f07ac54d15bc99e4a7bc4a76fb4f1f2,2026-10-06T16:00:45+00:00,8185,KIWOOM DRX,Past Teams,,Inactive from October 2024,source_month_or_unspecified,unverified,https://www.vlr.gg/team/8185/kiwoom-drx
11600,https://www.vlr.gg/player/11600/foxy9,b92242d599faa45a773388c4d27f489d4f07ac54d15bc99e4a7bc4a76fb4f1f2,2026-10-06T16:00:45+00:00,6798,REIGNITE,Past Teams,,November 2021 – September 2022,source_month_or_unspecified,unverified,https://www.vlr.gg/team/6798/reignite
11600,https://www.vlr.gg/player/11600/foxy9,b92242d599faa45a773388c4d27f489d4f07ac54d15bc99e4a7bc4a76fb4f1f2,2026-10-06T16:00:45+00:00,1327,Feel So Good,Past Teams,,left in November 2020,source_month_or_unspecified,unverified,https://www.vlr.gg/team/1327/feel-so-good
11600,https://www.vlr.gg/player/11600/foxy9,b92242d599faa45a773388c4d27f489d4f07ac54d15bc99e4a7bc4a76fb4f1f2,2026-10-06T16:00:45+00:00,2554,World Game Star,Past Teams,,left in May 2021,source_month_or_unspecified,unverified,https://www.vlr.gg/team/2554/world-game-star
11704,https://www.vlr.gg/player/11704/styron,2d13a92a19e9f761d5f34212f10c54f072be5e363d030afc021e34fb6d6ab7d6,2026-10-06T16:00:46+00:00,6199,Team Secret,Current Teams,,Inactive from September 2026,source_month_or_unspecified,unverified,https://www.vlr.gg/team/6199/team-secret
11704,https://www.vlr.gg/player/11704/styron,2d13a92a19e9f761d5f34212f10c54f072be5e363d030afc021e34fb6d6ab7d6,2026-10-06T16:00:46+00:00,22049,XLB,Past Teams,,left in June 2026,source_month_or_unspecified,unverified,https://www.vlr.gg/team/22049/xlb
11704,https://www.vlr.gg/player/11704/styron,2d13a92a19e9f761d5f34212f10c54f072be5e363d030afc021e34fb6d6ab7d6,2026-10-06T16:00:46+00:00,18117,Motiv Esports,Past Teams,,Inactive from October 2025,source_month_or_unspecified,unverified,https://www.vlr.gg/team/18117/motiv-esports
11704,https://www.vlr.gg/player/11704/styron,2d13a92a19e9f761d5f34212f10c54f072be5e363d030afc021e34fb6d6ab7d6,2026-10-06T16:00:46+00:00,17353,KIMMY KITTENS,Past Teams,,,source_month_or_unspecified,unverified,https://www.vlr.gg/team/17353/kimmy-kittens
11704,https://www.vlr.gg/player/11704/styron,2d13a92a19e9f761d5f34212f10c54f072be5e363d030afc021e34fb6d6ab7d6,2026-10-06T16:00:46+00:00,14773,Disguised,Past Teams,,May 2024 – January 2025,source_month_or_unspecified,unverified,https://www.vlr.gg/team/14773/disguised
11704,https://www.vlr.gg/player/11704/styron,2d13a92a19e9f761d5f34212f10c54f072be5e363d030afc021e34fb6d6ab7d6,2026-10-06T16:00:46+00:00,12120,Singapore,Past Teams,,joined in February 2023,source_month_or_unspecified,unverified,https://www.vlr.gg/team/12120/singapore
11704,https://www.vlr.gg/player/11704/styron,2d13a92a19e9f761d5f34212f10c54f072be5e363d030afc021e34fb6d6ab7d6,2026-10-06T16:00:46+00:00,2917,Enigma Gaming,Past Teams,,left in July 2023,source_month_or_unspecified,unverified,https://www.vlr.gg/team/2917/enigma-gaming
11704,https://www.vlr.gg/player/11704/styron,2d13a92a19e9f761d5f34212f10c54f072be5e363d030afc021e34fb6d6ab7d6,2026-10-06T16:00:46+00:00,9161,Gaimin Gladiators,Past Teams,,June 2022 – July 2022,source_month_or_unspecified,unverified,https://www.vlr.gg/team/9161/gaimin-gladiators
11704,https://www.vlr.gg/player/11704/styron,2d13a92a19e9f761d5f34212f10c54f072be5e363d030afc021e34fb6d6ab7d6,2026-10-06T16:00:46+00:00,6844,shiba n the homies,Past Teams,,,source_month_or_unspecified,unverified,https://www.vlr.gg/team/6844/shiba-n-the-homies
11704,https://www.vlr.gg/player/11704/styron,2d13a92a19e9f761d5f34212f10c54f072be5e363d030afc021e34fb6d6ab7d6,2026-10-06T16:00:46+00:00,6718,Huat Zai,Past Teams,,,source_month_or_unspecified,unverified,https://www.vlr.gg/team/6718/huat-zai
11704,https://www.vlr.gg/player/11704/styron,2d13a92a19e9f761d5f34212f10c54f072be5e363d030afc021e34fb6d6ab7d6,2026-10-06T16:00:46+00:00,1942,Team 600,Past Teams,,,source_month_or_unspecified,unverified,https://www.vlr.gg/team/1942/team-600
11704,https://www.vlr.gg/player/11704/styron,2d13a92a19e9f761d5f34212f10c54f072be5e363d030afc021e34fb6d6ab7d6,2026-10-06T16:00:46+00:00,3351,LaZe,Past Teams,,left in May 2024,source_month_or_unspecified,unverified,https://www.vlr.gg/team/3351/laze
11737,https://www.vlr.gg/player/11737/xan,279a579c0063c99d51a6a72b1839dd8d12e82e88bc0928fef5a96e66de8ff417,2026-10-06T16:00:46+00:00,878,Rex Regum Qeon,Past Teams,,June 2026 – September 2026,source_month_or_unspecified,unverified,https://www.vlr.gg/team/878/rex-regum-qeon
11737,https://www.vlr.gg/player/11737/xan,279a579c0063c99d51a6a72b1839dd8d12e82e88bc0928fef5a96e66de8ff417,2026-10-06T16:00:46+00:00,12206,Malaysia,Past Teams,,joined in June 2026,source_month_or_unspecified,unverified,https://www.vlr.gg/team/12206/malaysia
11737,https://www.vlr.gg/player/11737/xan,279a579c0063c99d51a6a72b1839dd8d12e82e88bc0928fef5a96e66de8ff417,2026-10-06T16:00:46+00:00,18117,Motiv Esports,Past Teams,,January 2026 – May 2026,source_month_or_unspecified,unverified,https://www.vlr.gg/team/18117/motiv-esports
11737,https://www.vlr.gg/player/11737/xan,279a579c0063c99d51a6a72b1839dd8d12e82e88bc0928fef5a96e66de8ff417,2026-10-06T16:00:46+00:00,7031,NAOS,Past Teams,,March 2025 – October 2025,source_month_or_unspecified,unverified,https://www.vlr.gg/team/7031/naos
11737,https://www.vlr.gg/player/11737/xan,279a579c0063c99d51a6a72b1839dd8d12e82e88bc0928fef5a96e66de8ff417,2026-10-06T16:00:46+00:00,3616,Team Nasi Lemak,Past Teams,,,source_month_or_unspecified,unverified,https://www.vlr.gg/team/3616/team-nasi-lemak
11737,https://www.vlr.gg/player/11737/xan,279a579c0063c99d51a6a72b1839dd8d12e82e88bc0928fef5a96e66de8ff417,2026-10-06T16:00:46+00:00,16645,IGNITE,Past Teams,,,source_month_or_unspecified,unverified,https://www.vlr.gg/team/16645/ignite
11737,https://www.vlr.gg/player/11737/xan,279a579c0063c99d51a6a72b1839dd8d12e82e88bc0928fef5a96e66de8ff417,2026-10-06T16:00:46+00:00,3351,LaZe,Past Teams,,,source_month_or_unspecified,unverified,https://www.vlr.gg/team/3351/laze
11737,https://www.vlr.gg/player/11737/xan,279a579c0063c99d51a6a72b1839dd8d12e82e88bc0928fef5a96e66de8ff417,2026-10-06T16:00:46+00:00,2917,Enigma Gaming,Past Teams,,left in July 2023,source_month_or_unspecified,unverified,https://www.vlr.gg/team/2917/enigma-gaming
11737,https://www.vlr.gg/player/11737/xan,279a579c0063c99d51a6a72b1839dd8d12e82e88bc0928fef5a96e66de8ff417,2026-10-06T16:00:46+00:00,7987,No Namers,Past Teams,,left in August 2022,source_month_or_unspecified,unverified,https://www.vlr.gg/team/7987/no-namers
11737,https://www.vlr.gg/player/11737/xan,279a579c0063c99d51a6a72b1839dd8d12e82e88bc0928fef5a96e66de8ff417,2026-10-06T16:00:46+00:00,6714,Team SGD,Past Teams,,,source_month_or_unspecified,unverified,https://www.vlr.gg/team/6714/team-sgd
11737,https://www.vlr.gg/player/11737/xan,279a579c0063c99d51a6a72b1839dd8d12e82e88bc0928fef5a96e66de8ff417,2026-10-06T16:00:46+00:00,3353,Chicken Rice Sedap,Past Teams,,,source_month_or_unspecified,unverified,https://www.vlr.gg/team/3353/chicken-rice-sedap
11843,https://www.vlr.gg/player/11843/yoyo,c1346d9b3db25f975d46e36a796af7ea4a6f1bb353cfd449907fbb2071f2157a,2026-10-06T16:00:47+00:00,1224,Weibo Gaming,Current Teams,,joined in April 2026,source_month_or_unspecified,unverified,https://www.vlr.gg/team/1224/weibo-gaming
11843,https://www.vlr.gg/player/11843/yoyo,c1346d9b3db25f975d46e36a796af7ea4a6f1bb353cfd449907fbb2071f2157a,2026-10-06T16:00:47+00:00,731,TYLOO,Past Teams,,June 2025 – April 2026,source_month_or_unspecified,unverified,https://www.vlr.gg/team/731/tyloo
11843,https://www.vlr.gg/player/11843/yoyo,c1346d9b3db25f975d46e36a796af7ea4a6f1bb353cfd449907fbb2071f2157a,2026-10-06T16:00:47+00:00,15971,Cats,Past Teams,,,source_month_or_unspecified,unverified,https://www.vlr.gg/team/15971/cats
11843,https://www.vlr.gg/player/11843/yoyo,c1346d9b3db25f975d46e36a796af7ea4a6f1bb353cfd449907fbb2071f2157a,2026-10-06T16:00:47+00:00,13556,17Gaming,Past Teams,,September 2023 – December 2023,source_month_or_unspecified,unverified,https://www.vlr.gg/team/13556/17gaming
11843,https://www.vlr.gg/player/11843/yoyo,c1346d9b3db25f975d46e36a796af7ea4a6f1bb353cfd449907fbb2071f2157a,2026-10-06T16:00:47+00:00,12685,Trace Esports,Past Teams,,,source_month_or_unspecified,unverified,https://www.vlr.gg/team/12685/trace-esports
11843,https://www.vlr.gg/player/11843/yoyo,c1346d9b3db25f975d46e36a796af7ea4a6f1bb353cfd449907fbb2071f2157a,2026-10-06T16:00:47+00:00,11317,0979869815 李明澤的手機,Past Teams,,,source_month_or_unspecified,unverified,https://www.vlr.gg/team/11317/0979869815
11843,https://www.vlr.gg/player/11843/yoyo,c1346d9b3db25f975d46e36a796af7ea4a6f1bb353cfd449907fbb2071f2157a,2026-10-06T16:00:47+00:00,8931,K7 Esports,Past Teams,,,source_month_or_unspecified,unverified,https://www.vlr.gg/team/8931/k7-esports
11843,https://www.vlr.gg/player/11843/yoyo,c1346d9b3db25f975d46e36a796af7ea4a6f1bb353cfd449907fbb2071f2157a,2026-10-06T16:00:47+00:00,3490,LP33,Past Teams,,,source_month_or_unspecified,unverified,https://www.vlr.gg/team/3490/lp33
11843,https://www.vlr.gg/player/11843/yoyo,c1346d9b3db25f975d46e36a796af7ea4a6f1bb353cfd449907fbb2071f2157a,2026-10-06T16:00:47+00:00,5327,Team GMM,Past Teams,,,source_month_or_unspecified,unverified,https://www.vlr.gg/team/5327/team-gmm
11843,https://www.vlr.gg/player/11843/yoyo,c1346d9b3db25f975d46e36a796af7ea4a6f1bb353cfd449907fbb2071f2157a,2026-10-06T16:00:47+00:00,3491,Ka4 e-Sports Club,Past Teams,,,source_month_or_unspecified,unverified,https://www.vlr.gg/team/3491/ka4-e-sports-club
11917,https://www.vlr.gg/player/11917/exit,832c56e855f5c0532970adda7d937bb3eb6cde32c57b434c8946b6b8045f2a8d,2026-10-06T16:00:48+00:00,4915,Natus Vincere,Current Teams,,Inactive from September 2026,source_month_or_unspecified,unverified,https://www.vlr.gg/team/4915/natus-vincere
11917,https://www.vlr.gg/player/11917/exit,832c56e855f5c0532970adda7d937bb3eb6cde32c57b434c8946b6b8045f2a8d,2026-10-06T16:00:48+00:00,22824,Saudi Arabia,Past Teams,,joined in June 2026,source_month_or_unspecified,unverified,https://www.vlr.gg/team/22824/saudi-arabia
11917,https://www.vlr.gg/player/11917/exit,832c56e855f5c0532970adda7d937bb3eb6cde32c57b434c8946b6b8045f2a8d,2026-10-06T16:00:48+00:00,16598,AlQadsiah Esports,Past Teams,,January 2026 – April 2026,source_month_or_unspecified,unverified,https://www.vlr.gg/team/16598/alqadsiah-esports
11917,https://www.vlr.gg/player/11917/exit,832c56e855f5c0532970adda7d937bb3eb6cde32c57b434c8946b6b8045f2a8d,2026-10-06T16:00:48+00:00,6035,Twisted Minds,Past Teams,,January 2023 – December 2025,source_month_or_unspecified,unverified,https://www.vlr.gg/team/6035/twisted-minds
11917,https://www.vlr.gg/player/11917/exit,832c56e855f5c0532970adda7d937bb3eb6cde32c57b434c8946b6b8045f2a8d,2026-10-06T16:00:48+00:00,10634,Triple Esports Club,Past Teams,,left in November 2022,source_month_or_unspecified,unverified,https://www.vlr.gg/team/10634/triple-esports-club
11917,https://www.vlr.gg/player/11917/exit,832c56e855f5c0532970adda7d937bb3eb6cde32c57b434c8946b6b8045f2a8d,2026-10-06T16:00:48+00:00,9737,Team Saudi Arabia,Past Teams,,,source_month_or_unspecified,unverified,https://www.vlr.gg/team/9737/team-saudi-arabia
11917,https://www.vlr.gg/player/11917/exit,832c56e855f5c0532970adda7d937bb3eb6cde32c57b434c8946b6b8045f2a8d,2026-10-06T16:00:48+00:00,7968,01 Esports,Past Teams,,joined in January 2022,source_month_or_unspecified,unverified,https://www.vlr.gg/team/7968/01-esports
11917,https://www.vlr.gg/player/11917/exit,832c56e855f5c0532970adda7d937bb3eb6cde32c57b434c8946b6b8045f2a8d,2026-10-06T16:00:48+00:00,3552,Full of Tilt,Past Teams,,,source_month_or_unspecified,unverified,https://www.vlr.gg/team/3552/full-of-tilt
12098,https://www.vlr.gg/player/12098/kadoom,e7c9de18b0659d5cade5132e945bc0bc9c376f520c59cf8b8d31524b058bcf54,2026-10-06T16:00:48+00:00,623,Sharper Esports,Current Teams,,joined in January 2026,source_month_or_unspecified,unverified,https://www.vlr.gg/team/623/sharper-esports
12098,https://www.vlr.gg/player/12098/kadoom,e7c9de18b0659d5cade5132e945bc0bc9c376f520c59cf8b8d31524b058bcf54,2026-10-06T16:00:48+00:00,19876,Thailand,Past Teams,,joined in June 2026,source_month_or_unspecified,unverified,https://www.vlr.gg/team/19876/thailand
12098,https://www.vlr.gg/player/12098/kadoom,e7c9de18b0659d5cade5132e945bc0bc9c376f520c59cf8b8d31524b058bcf54,2026-10-06T16:00:48+00:00,20350,Hai yai yai,Past Teams,,,source_month_or_unspecified,unverified,https://www.vlr.gg/team/20350/hai-yai-yai
12098,https://www.vlr.gg/player/12098/kadoom,e7c9de18b0659d5cade5132e945bc0bc9c376f520c59cf8b8d31524b058bcf54,2026-10-06T16:00:48+00:00,623,Sharper Esports,Past Teams,,joined in January 2025,source_month_or_unspecified,unverified,https://www.vlr.gg/team/623/sharper-esports
12098,https://www.vlr.gg/player/12098/kadoom,e7c9de18b0659d5cade5132e945bc0bc9c376f520c59cf8b8d31524b058bcf54,2026-10-06T16:00:48+00:00,4210,Made in Thailand,Past Teams,,January 2022 – January 2025,source_month_or_unspecified,unverified,https://www.vlr.gg/team/4210/made-in-thailand
12098,https://www.vlr.gg/player/12098/kadoom,e7c9de18b0659d5cade5132e945bc0bc9c376f520c59cf8b8d31524b058bcf54,2026-10-06T16:00:48+00:00,623,Sharper Esports,Past Teams,,joined in March 2021,source_month_or_unspecified,unverified,https://www.vlr.gg/team/623/sharper-esports
12098,https://www.vlr.gg/player/12098/kadoom,e7c9de18b0659d5cade5132e945bc0bc9c376f520c59cf8b8d31524b058bcf54,2026-10-06T16:00:48+00:00,1485,Aricat Esport Family,Past Teams,,,source_month_or_unspecified,unverified,https://www.vlr.gg/team/1485/aricat-esport-family
12365,https://www.vlr.gg/player/12365/coconut,f0f86ac206855806d4b164724103ac59277605292a1fe2edb386656aa375b133,2026-10-06T16:00:49+00:00,11328,FunPlus Phoenix,Current Teams,,joined in June 2026,source_month_or_unspecified,unverified,https://www.vlr.gg/team/11328/funplus-phoenix
12365,https://www.vlr.gg/player/12365/coconut,f0f86ac206855806d4b164724103ac59277605292a1fe2edb386656aa375b133,2026-10-06T16:00:49+00:00,22788,Hong Kong,Past Teams,,joined in June 2026,source_month_or_unspecified,unverified,https://www.vlr.gg/team/22788/hong-kong
12365,https://www.vlr.gg/player/12365/coconut,f0f86ac206855806d4b164724103ac59277605292a1fe2edb386656aa375b133,2026-10-06T16:00:49+00:00,13576,JD Gaming,Past Teams,,January 2026 – June 2026,source_month_or_unspecified,unverified,https://www.vlr.gg/team/13576/jd-gaming
12365,https://www.vlr.gg/player/12365/coconut,f0f86ac206855806d4b164724103ac59277605292a1fe2edb386656aa375b133,2026-10-06T16:00:49+00:00,13581,Xi Lai Gaming,Past Teams,,December 2024 – January 2026,source_month_or_unspecified,unverified,https://www.vlr.gg/team/13581/xi-lai-gaming
12365,https://www.vlr.gg/player/12365/coconut,f0f86ac206855806d4b164724103ac59277605292a1fe2edb386656aa375b133,2026-10-06T16:00:49+00:00,1108,LGD Gaming,Past Teams,,,source_month_or_unspecified,unverified,https://www.vlr.gg/team/1108/lgd-gaming
12365,https://www.vlr.gg/player/12365/coconut,f0f86ac206855806d4b164724103ac59277605292a1fe2edb386656aa375b133,2026-10-06T16:00:49+00:00,3108,Oblivion Force,Past Teams,,left in November 2024,source_month_or_unspecified,unverified,https://www.vlr.gg/team/3108/oblivion-force
12365,https://www.vlr.gg/player/12365/coconut,f0f86ac206855806d4b164724103ac59277605292a1fe2edb386656aa375b133,2026-10-06T16:00:49+00:00,2303,Lightning,Past Teams,,,source_month_or_unspecified,unverified,https://www.vlr.gg/team/2303/lightning
12670,https://www.vlr.gg/player/12670/nekky,3b2d7b640d916cf0ac5098ce19d636d7bf51c30ae4b6da5bb15f9fb365ef147b,2026-10-06T16:00:50+00:00,6392,Eternal Fire,Current Teams,,Inactive from September 2026,source_month_or_unspecified,unverified,https://www.vlr.gg/team/6392/eternal-fire
12670,https://www.vlr.gg/player/12670/nekky,3b2d7b640d916cf0ac5098ce19d636d7bf51c30ae4b6da5bb15f9fb365ef147b,2026-10-06T16:00:50+00:00,18019,ULF Esports,Past Teams,,March 2025 – March 2026,source_month_or_unspecified,unverified,https://www.vlr.gg/team/18019/ulf-esports
12670,https://www.vlr.gg/player/12670/nekky,3b2d7b640d916cf0ac5098ce19d636d7bf51c30ae4b6da5bb15f9fb365ef147b,2026-10-06T16:00:50+00:00,16603,CONFIGSTARZ,Past Teams,,,source_month_or_unspecified,unverified,https://www.vlr.gg/team/16603/configstarz
12670,https://www.vlr.gg/player/12670/nekky,3b2d7b640d916cf0ac5098ce19d636d7bf51c30ae4b6da5bb15f9fb365ef147b,2026-10-06T16:00:50+00:00,14114,XXL,Past Teams,,,source_month_or_unspecified,unverified,https://www.vlr.gg/team/14114/xxl
12670,https://www.vlr.gg/player/12670/nekky,3b2d7b640d916cf0ac5098ce19d636d7bf51c30ae4b6da5bb15f9fb365ef147b,2026-10-06T16:00:50+00:00,14330,PDS Esports,Past Teams,,,source_month_or_unspecified,unverified,https://www.vlr.gg/team/14330/pds-esports
12670,https://www.vlr.gg/player/12670/nekky,3b2d7b640d916cf0ac5098ce19d636d7bf51c30ae4b6da5bb15f9fb365ef147b,2026-10-06T16:00:50+00:00,6779,Team Demiral Esports,Past Teams,,joined in September 2023,source_month_or_unspecified,unverified,https://www.vlr.gg/team/6779/team-demiral-esports
12670,https://www.vlr.gg/player/12670/nekky,3b2d7b640d916cf0ac5098ce19d636d7bf51c30ae4b6da5bb15f9fb365ef147b,2026-10-06T16:00:50+00:00,3956,2L8,Past Teams,,,source_month_or_unspecified,unverified,https://www.vlr.gg/team/3956/2l8
12670,https://www.vlr.gg/player/12670/nekky,3b2d7b640d916cf0ac5098ce19d636d7bf51c30ae4b6da5bb15f9fb365ef147b,2026-10-06T16:00:50+00:00,9077,S2G Esports,Past Teams,,left in November 2022,source_month_or_unspecified,unverified,https://www.vlr.gg/team/9077/s2g-esports
12670,https://www.vlr.gg/player/12670/nekky,3b2d7b640d916cf0ac5098ce19d636d7bf51c30ae4b6da5bb15f9fb365ef147b,2026-10-06T16:00:50+00:00,6751,Parla Esports,Past Teams,,June 2022 – March 2023,source_month_or_unspecified,unverified,https://www.vlr.gg/team/6751/parla-esports
12670,https://www.vlr.gg/player/12670/nekky,3b2d7b640d916cf0ac5098ce19d636d7bf51c30ae4b6da5bb15f9fb365ef147b,2026-10-06T16:00:50+00:00,5290,Gringo Team,Past Teams,,,source_month_or_unspecified,unverified,https://www.vlr.gg/team/5290/gringo-team
12670,https://www.vlr.gg/player/12670/nekky,3b2d7b640d916cf0ac5098ce19d636d7bf51c30ae4b6da5bb15f9fb365ef147b,2026-10-06T16:00:50+00:00,5037,Orgless5,Past Teams,,joined in June 2021,source_month_or_unspecified,unverified,https://www.vlr.gg/team/5037/orgless5
12670,https://www.vlr.gg/player/12670/nekky,3b2d7b640d916cf0ac5098ce19d636d7bf51c30ae4b6da5bb15f9fb365ef147b,2026-10-06T16:00:50+00:00,3468,Antalyaspor Esports,Past Teams,,,source_month_or_unspecified,unverified,https://www.vlr.gg/team/3468/antalyaspor-esports
12670,https://www.vlr.gg/player/12670/nekky,3b2d7b640d916cf0ac5098ce19d636d7bf51c30ae4b6da5bb15f9fb365ef147b,2026-10-06T16:00:50+00:00,3978,Rel Por Gaming,Past Teams,,,source_month_or_unspecified,unverified,https://www.vlr.gg/team/3978/rel-por-gaming
12793,https://www.vlr.gg/player/12793/xeus,7b21d0c8f63218f15242b49e70cd35ed9fd8020e8e32f3d97b1ec636cee6def2,2026-10-06T16:00:50+00:00,1184,FUT Esports,Current Teams,,joined in October 2024,source_month_or_unspecified,unverified,https://www.vlr.gg/team/1184/fut-esports
12793,https://www.vlr.gg/player/12793/xeus,7b21d0c8f63218f15242b49e70cd35ed9fd8020e8e32f3d97b1ec636cee6def2,2026-10-06T16:00:50+00:00,22781,Türkiye,Past Teams,,joined in June 2026,source_month_or_unspecified,unverified,https://www.vlr.gg/team/22781/t-rkiye
12793,https://www.vlr.gg/player/12793/xeus,7b21d0c8f63218f15242b49e70cd35ed9fd8020e8e32f3d97b1ec636cee6def2,2026-10-06T16:00:50+00:00,6392,Eternal Fire,Past Teams,,July 2024 – October 2024,source_month_or_unspecified,unverified,https://www.vlr.gg/team/6392/eternal-fire
12793,https://www.vlr.gg/player/12793/xeus,7b21d0c8f63218f15242b49e70cd35ed9fd8020e8e32f3d97b1ec636cee6def2,2026-10-06T16:00:50+00:00,13558,HOWL Esports,Past Teams,,August 2023 – July 2024,source_month_or_unspecified,unverified,https://www.vlr.gg/team/13558/howl-esports
12793,https://www.vlr.gg/player/12793/xeus,7b21d0c8f63218f15242b49e70cd35ed9fd8020e8e32f3d97b1ec636cee6def2,2026-10-06T16:00:50+00:00,12183,New Boss Esports,Past Teams,,March 2023 – August 2023,source_month_or_unspecified,unverified,https://www.vlr.gg/team/12183/new-boss-esports
12793,https://www.vlr.gg/player/12793/xeus,7b21d0c8f63218f15242b49e70cd35ed9fd8020e8e32f3d97b1ec636cee6def2,2026-10-06T16:00:50+00:00,5879,Weda Esports,Past Teams,,,source_month_or_unspecified,unverified,https://www.vlr.gg/team/5879/weda-esports
12795,https://www.vlr.gg/player/12795/crewen,a33969c304e79182e9e49858a9fa22534116b78ba6d4e16daf7a780d54f68a08,2026-10-06T16:00:51+00:00,397,BBL Esports,Current Teams,,Inactive from September 2026,source_month_or_unspecified,unverified,https://www.vlr.gg/team/397/bbl-esports
12795,https://www.vlr.gg/player/12795/crewen,a33969c304e79182e9e49858a9fa22534116b78ba6d4e16daf7a780d54f68a08,2026-10-06T16:00:51+00:00,16616,BBL PCIFIC,Past Teams,,October 2024 – November 2025,source_month_or_unspecified,unverified,https://www.vlr.gg/team/16616/bbl-pcific
12795,https://www.vlr.gg/player/12795/crewen,a33969c304e79182e9e49858a9fa22534116b78ba6d4e16daf7a780d54f68a08,2026-10-06T16:00:51+00:00,13558,HOWL Esports,Past Teams,,August 2023 – October 2024,source_month_or_unspecified,unverified,https://www.vlr.gg/team/13558/howl-esports
12795,https://www.vlr.gg/player/12795/crewen,a33969c304e79182e9e49858a9fa22534116b78ba6d4e16daf7a780d54f68a08,2026-10-06T16:00:51+00:00,12183,New Boss Esports,Past Teams,,March 2023 – August 2023,source_month_or_unspecified,unverified,https://www.vlr.gg/team/12183/new-boss-esports
12795,https://www.vlr.gg/player/12795/crewen,a33969c304e79182e9e49858a9fa22534116b78ba6d4e16daf7a780d54f68a08,2026-10-06T16:00:51+00:00,4696,Surreal Esports,Past Teams,,December 2022 – March 2023,source_month_or_unspecified,unverified,https://www.vlr.gg/team/4696/surreal-esports
12795,https://www.vlr.gg/player/12795/crewen,a33969c304e79182e9e49858a9fa22534116b78ba6d4e16daf7a780d54f68a08,2026-10-06T16:00:51+00:00,6534,Fire Flux Young,Past Teams,,October 2022 – December 2022,source_month_or_unspecified,unverified,https://www.vlr.gg/team/6534/fire-flux-young
12795,https://www.vlr.gg/player/12795/crewen,a33969c304e79182e9e49858a9fa22534116b78ba6d4e16daf7a780d54f68a08,2026-10-06T16:00:51+00:00,8500,KATANA CLAN,Past Teams,,,source_month_or_unspecified,unverified,https://www.vlr.gg/team/8500/katana-clan
12795,https://www.vlr.gg/player/12795/crewen,a33969c304e79182e9e49858a9fa22534116b78ba6d4e16daf7a780d54f68a08,2026-10-06T16:00:51+00:00,6751,Parla Esports,Past Teams,,left in February 2022,source_month_or_unspecified,unverified,https://www.vlr.gg/team/6751/parla-esports
12872,https://www.vlr.gg/player/12872/david,ac4ef166231b23b7ec7b50fd08c964cb839233687af7ca3a6b41507b219e5f56,2026-10-06T16:00:51+00:00,22524,Chile,Past Teams,,joined in June 2026,source_month_or_unspecified,unverified,https://www.vlr.gg/team/22524/chile
12872,https://www.vlr.gg/player/12872/david,ac4ef166231b23b7ec7b50fd08c964cb839233687af7ca3a6b41507b219e5f56,2026-10-06T16:00:51+00:00,22142,BESTIA,Past Teams,,April 2026 – September 2026,source_month_or_unspecified,unverified,https://www.vlr.gg/team/22142/bestia
12872,https://www.vlr.gg/player/12872/david,ac4ef166231b23b7ec7b50fd08c964cb839233687af7ca3a6b41507b219e5f56,2026-10-06T16:00:51+00:00,21462,Melser Kindergarten,Past Teams,,,source_month_or_unspecified,unverified,https://www.vlr.gg/team/21462/melser-kindergarten
12872,https://www.vlr.gg/player/12872/david,ac4ef166231b23b7ec7b50fd08c964cb839233687af7ca3a6b41507b219e5f56,2026-10-06T16:00:51+00:00,18584,Farenvehn,Past Teams,,joined in January 2026,source_month_or_unspecified,unverified,https://www.vlr.gg/team/18584/farenvehn
12872,https://www.vlr.gg/player/12872/david,ac4ef166231b23b7ec7b50fd08c964cb839233687af7ca3a6b41507b219e5f56,2026-10-06T16:00:51+00:00,16971,ShindeN,Past Teams,,December 2024 – January 2026,source_month_or_unspecified,unverified,https://www.vlr.gg/team/16971/shinden
12872,https://www.vlr.gg/player/12872/david,ac4ef166231b23b7ec7b50fd08c964cb839233687af7ca3a6b41507b219e5f56,2026-10-06T16:00:51+00:00,11002,RETA Esports,Past Teams,,October 2024 – November 2024,source_month_or_unspecified,unverified,https://www.vlr.gg/team/11002/reta-esports
12872,https://www.vlr.gg/player/12872/david,ac4ef166231b23b7ec7b50fd08c964cb839233687af7ca3a6b41507b219e5f56,2026-10-06T16:00:51+00:00,367,9z Globant,Past Teams,,joined in October 2022,source_month_or_unspecified,unverified,https://www.vlr.gg/team/367/9z-globant
12872,https://www.vlr.gg/player/12872/david,ac4ef166231b23b7ec7b50fd08c964cb839233687af7ca3a6b41507b219e5f56,2026-10-06T16:00:51+00:00,5562,PAMPAS,Past Teams,,January 2022 – June 2022,source_month_or_unspecified,unverified,https://www.vlr.gg/team/5562/pampas
12872,https://www.vlr.gg/player/12872/david,ac4ef166231b23b7ec7b50fd08c964cb839233687af7ca3a6b41507b219e5f56,2026-10-06T16:00:51+00:00,5996,Pana.Rabbit,Past Teams,,joined in July 2021,source_month_or_unspecified,unverified,https://www.vlr.gg/team/5996/pana-rabbit
12872,https://www.vlr.gg/player/12872/david,ac4ef166231b23b7ec7b50fd08c964cb839233687af7ca3a6b41507b219e5f56,2026-10-06T16:00:51+00:00,2360,Kaos Latin Gamers,Past Teams,,,source_month_or_unspecified,unverified,https://www.vlr.gg/team/2360/kaos-latin-gamers
12872,https://www.vlr.gg/player/12872/david,ac4ef166231b23b7ec7b50fd08c964cb839233687af7ca3a6b41507b219e5f56,2026-10-06T16:00:51+00:00,1986,Team Samurai,Past Teams,,,source_month_or_unspecified,unverified,https://www.vlr.gg/team/1986/team-samurai
12990,https://www.vlr.gg/player/12990/syouta,511f05417ec9803683003b4ee32aae1762221bd295627684121848c0c291a2d3,2026-10-06T16:00:52+00:00,5448,ZETA DIVISION,Current Teams,,joined in December 2025,source_month_or_unspecified,unverified,https://www.vlr.gg/team/5448/zeta-division
12990,https://www.vlr.gg/player/12990/syouta,511f05417ec9803683003b4ee32aae1762221bd295627684121848c0c291a2d3,2026-10-06T16:00:52+00:00,11490,Murash Gaming,Past Teams,,June 2025 – December 2025,source_month_or_unspecified,unverified,https://www.vlr.gg/team/11490/murash-gaming
12990,https://www.vlr.gg/player/12990/syouta,511f05417ec9803683003b4ee32aae1762221bd295627684121848c0c291a2d3,2026-10-06T16:00:52+00:00,5448,ZETA DIVISION,Past Teams,,October 2024 – June 2025,source_month_or_unspecified,unverified,https://www.vlr.gg/team/5448/zeta-division
12990,https://www.vlr.gg/player/12990/syouta,511f05417ec9803683003b4ee32aae1762221bd295627684121848c0c291a2d3,2026-10-06T16:00:52+00:00,2934,FENNEL,Past Teams,,December 2022 – October 2024,source_month_or_unspecified,unverified,https://www.vlr.gg/team/2934/fennel
12990,https://www.vlr.gg/player/12990/syouta,511f05417ec9803683003b4ee32aae1762221bd295627684121848c0c291a2d3,2026-10-06T16:00:52+00:00,10601,みぞもりゲーミング,Past Teams,,,source_month_or_unspecified,unverified,https://www.vlr.gg/team/10601/
12990,https://www.vlr.gg/player/12990/syouta,511f05417ec9803683003b4ee32aae1762221bd295627684121848c0c291a2d3,2026-10-06T16:00:52+00:00,294,CREST GAMING Zst,Past Teams,,December 2021 – October 2022,source_month_or_unspecified,unverified,https://www.vlr.gg/team/294/crest-gaming-zst
12990,https://www.vlr.gg/player/12990/syouta,511f05417ec9803683003b4ee32aae1762221bd295627684121848c0c291a2d3,2026-10-06T16:00:52+00:00,5161,New Team,Past Teams,,,source_month_or_unspecified,unverified,https://www.vlr.gg/team/5161/new-team
12990,https://www.vlr.gg/player/12990/syouta,511f05417ec9803683003b4ee32aae1762221bd295627684121848c0c291a2d3,2026-10-06T16:00:52+00:00,4012,AIGIS,Past Teams,,,source_month_or_unspecified,unverified,https://www.vlr.gg/team/4012/aigis
13002,https://www.vlr.gg/player/13002/akame,f4eb0eb9002b521fe72f853e3cfb8e1a6b4d10b48164df36bb9c1aa2f360a81a,2026-10-06T16:00:53+00:00,278,DetonatioN FocusMe,Current Teams,,joined in October 2024,source_month_or_unspecified,unverified,https://www.vlr.gg/team/278/detonation-focusme
13002,https://www.vlr.gg/player/13002/akame,f4eb0eb9002b521fe72f853e3cfb8e1a6b4d10b48164df36bb9c1aa2f360a81a,2026-10-06T16:00:53+00:00,104,REJECT,Past Teams,,Inactive from July 2024,source_month_or_unspecified,unverified,https://www.vlr.gg/team/104/reject
13002,https://www.vlr.gg/player/13002/akame,f4eb0eb9002b521fe72f853e3cfb8e1a6b4d10b48164df36bb9c1aa2f360a81a,2026-10-06T16:00:53+00:00,6793,Jadeite,Past Teams,,joined in April 2022,source_month_or_unspecified,unverified,https://www.vlr.gg/team/6793/jadeite
13002,https://www.vlr.gg/player/13002/akame,f4eb0eb9002b521fe72f853e3cfb8e1a6b4d10b48164df36bb9c1aa2f360a81a,2026-10-06T16:00:53+00:00,8153,K2 esports,Past Teams,,,source_month_or_unspecified,unverified,https://www.vlr.gg/team/8153/k2-esports
13002,https://www.vlr.gg/player/13002/akame,f4eb0eb9002b521fe72f853e3cfb8e1a6b4d10b48164df36bb9c1aa2f360a81a,2026-10-06T16:00:53+00:00,5346,Alpha Six Gaming,Past Teams,,,source_month_or_unspecified,unverified,https://www.vlr.gg/team/5346/alpha-six-gaming
13002,https://www.vlr.gg/player/13002/akame,f4eb0eb9002b521fe72f853e3cfb8e1a6b4d10b48164df36bb9c1aa2f360a81a,2026-10-06T16:00:53+00:00,4025,Food Eat,Past Teams,,,source_month_or_unspecified,unverified,https://www.vlr.gg/team/4025/food-eat
13039,https://www.vlr.gg/player/13039/meteor,8f665a7032a08fdcc0d2ad72af7e4deacc770e356e46dd75b8f33c6445148034,2026-10-06T16:00:53+00:00,14,T1,Current Teams,,joined in October 2024,source_month_or_unspecified,unverified,https://www.vlr.gg/team/14/t1
13039,https://www.vlr.gg/player/13039/meteor,8f665a7032a08fdcc0d2ad72af7e4deacc770e356e46dd75b8f33c6445148034,2026-10-06T16:00:53+00:00,20187,T1 Spotlight,Past Teams,,joined in October 2025,source_month_or_unspecified,unverified,https://www.vlr.gg/team/20187/t1-spotlight
13039,https://www.vlr.gg/player/13039/meteor,8f665a7032a08fdcc0d2ad72af7e4deacc770e356e46dd75b8f33c6445148034,2026-10-06T16:00:53+00:00,17,Gen.G,Past Teams,,October 2022 – October 2024,source_month_or_unspecified,unverified,https://www.vlr.gg/team/17/gen-g
13039,https://www.vlr.gg/player/13039/meteor,8f665a7032a08fdcc0d2ad72af7e4deacc770e356e46dd75b8f33c6445148034,2026-10-06T16:00:53+00:00,2988,NORTHEPTION,Past Teams,,Inactive from September 2022,source_month_or_unspecified,unverified,https://www.vlr.gg/team/2988/northeption
13039,https://www.vlr.gg/player/13039/meteor,8f665a7032a08fdcc0d2ad72af7e4deacc770e356e46dd75b8f33c6445148034,2026-10-06T16:00:53+00:00,1970,TNL Esports,Past Teams,,May 2021 – January 2022,source_month_or_unspecified,unverified,https://www.vlr.gg/team/1970/tnl-esports
13039,https://www.vlr.gg/player/13039/meteor,8f665a7032a08fdcc0d2ad72af7e4deacc770e356e46dd75b8f33c6445148034,2026-10-06T16:00:53+00:00,3311,I need Girlfriend,Past Teams,,left in May 2021,source_month_or_unspecified,unverified,https://www.vlr.gg/team/3311/i-need-girlfriend
13258,https://www.vlr.gg/player/13258/cyvoph,a85a00cd484b570d90b839f214c95fae6bdcd3fd185b258ecb118292d7b7e1c4,2026-10-06T16:00:54+00:00,14419,GIANTX,Current Teams,,joined in October 2026,source_month_or_unspecified,unverified,https://www.vlr.gg/team/14419/giantx
13258,https://www.vlr.gg/player/13258/cyvoph,a85a00cd484b570d90b839f214c95fae6bdcd3fd185b258ecb118292d7b7e1c4,2026-10-06T16:00:54+00:00,22846,France,Past Teams,,joined in June 2026,source_month_or_unspecified,unverified,https://www.vlr.gg/team/22846/france
13258,https://www.vlr.gg/player/13258/cyvoph,a85a00cd484b570d90b839f214c95fae6bdcd3fd185b258ecb118292d7b7e1c4,2026-10-06T16:00:54+00:00,4915,Natus Vincere,Past Teams,,Inactive from August 2026,source_month_or_unspecified,unverified,https://www.vlr.gg/team/4915/natus-vincere
13258,https://www.vlr.gg/player/13258/cyvoph,a85a00cd484b570d90b839f214c95fae6bdcd3fd185b258ecb118292d7b7e1c4,2026-10-06T16:00:54+00:00,2593,FNATIC,Past Teams,,April 2026 – June 2026,source_month_or_unspecified,unverified,https://www.vlr.gg/team/2593/fnatic
13258,https://www.vlr.gg/player/13258/cyvoph,a85a00cd484b570d90b839f214c95fae6bdcd3fd185b258ecb118292d7b7e1c4,2026-10-06T16:00:54+00:00,2059,Team Vitality,Past Teams,,Inactive from October 2025,source_month_or_unspecified,unverified,https://www.vlr.gg/team/2059/team-vitality
13258,https://www.vlr.gg/player/13258/cyvoph,a85a00cd484b570d90b839f214c95fae6bdcd3fd185b258ecb118292d7b7e1c4,2026-10-06T16:00:54+00:00,11232,Joblife,Past Teams,loan,June 2025 – October 2025,source_month_or_unspecified,unverified,https://www.vlr.gg/team/11232/joblife
13258,https://www.vlr.gg/player/13258/cyvoph,a85a00cd484b570d90b839f214c95fae6bdcd3fd185b258ecb118292d7b7e1c4,2026-10-06T16:00:54+00:00,10125,Team France,Past Teams,,,source_month_or_unspecified,unverified,https://www.vlr.gg/team/10125/team-france
13258,https://www.vlr.gg/player/13258/cyvoph,a85a00cd484b570d90b839f214c95fae6bdcd3fd185b258ecb118292d7b7e1c4,2026-10-06T16:00:54+00:00,7967,Mandatory,Past Teams,,January 2024 – March 2025,source_month_or_unspecified,unverified,https://www.vlr.gg/team/7967/mandatory
13258,https://www.vlr.gg/player/13258/cyvoph,a85a00cd484b570d90b839f214c95fae6bdcd3fd185b258ecb118292d7b7e1c4,2026-10-06T16:00:54+00:00,11273,3DMAX,Past Teams,,joined in September 2023,source_month_or_unspecified,unverified,https://www.vlr.gg/team/11273/3dmax
13258,https://www.vlr.gg/player/13258/cyvoph,a85a00cd484b570d90b839f214c95fae6bdcd3fd185b258ecb118292d7b7e1c4,2026-10-06T16:00:54+00:00,10188,Team Valiant,Past Teams,,Inactive from June 2023,source_month_or_unspecified,unverified,https://www.vlr.gg/team/10188/team-valiant
13258,https://www.vlr.gg/player/13258/cyvoph,a85a00cd484b570d90b839f214c95fae6bdcd3fd185b258ecb118292d7b7e1c4,2026-10-06T16:00:54+00:00,8067,beGenius,Past Teams,,October 2022 – December 2022,source_month_or_unspecified,unverified,https://www.vlr.gg/team/8067/begenius
13258,https://www.vlr.gg/player/13258/cyvoph,a85a00cd484b570d90b839f214c95fae6bdcd3fd185b258ecb118292d7b7e1c4,2026-10-06T16:00:54+00:00,7472,QUESTIONMARK,Past Teams,,,source_month_or_unspecified,unverified,https://www.vlr.gg/team/7472/questionmark
13258,https://www.vlr.gg/player/13258/cyvoph,a85a00cd484b570d90b839f214c95fae6bdcd3fd185b258ecb118292d7b7e1c4,2026-10-06T16:00:54+00:00,5719,Exalty,Past Teams,,July 2021 – September 2021,source_month_or_unspecified,unverified,https://www.vlr.gg/team/5719/exalty
13258,https://www.vlr.gg/player/13258/cyvoph,a85a00cd484b570d90b839f214c95fae6bdcd3fd185b258ecb118292d7b7e1c4,2026-10-06T16:00:54+00:00,4947,Can't Be Touched,Past Teams,,,source_month_or_unspecified,unverified,https://www.vlr.gg/team/4947/cant-be-touched
13258,https://www.vlr.gg/player/13258/cyvoph,a85a00cd484b570d90b839f214c95fae6bdcd3fd185b258ecb118292d7b7e1c4,2026-10-06T16:00:54+00:00,1796,ECM FCG eSports,Past Teams,,joined in April 2021,source_month_or_unspecified,unverified,https://www.vlr.gg/team/1796/ecm-fcg-esports
13258,https://www.vlr.gg/player/13258/cyvoph,a85a00cd484b570d90b839f214c95fae6bdcd3fd185b258ecb118292d7b7e1c4,2026-10-06T16:00:54+00:00,4107,Evolved Gaming,Past Teams,,,source_month_or_unspecified,unverified,https://www.vlr.gg/team/4107/evolved-gaming
13744,https://www.vlr.gg/player/13744/patmen,39cd4258cd7696ceaf2bc2e49e049be9e46187685e3a4bc3a53553d6c356ec7a,2026-10-06T16:00:54+00:00,918,Global Esports,Current Teams,,joined in December 2025,source_month_or_unspecified,unverified,https://www.vlr.gg/team/918/global-esports
13744,https://www.vlr.gg/player/13744/patmen,39cd4258cd7696ceaf2bc2e49e049be9e46187685e3a4bc3a53553d6c356ec7a,2026-10-06T16:00:54+00:00,12118,Philippines,Past Teams,,joined in June 2026,source_month_or_unspecified,unverified,https://www.vlr.gg/team/12118/philippines
13744,https://www.vlr.gg/player/13744/patmen,39cd4258cd7696ceaf2bc2e49e049be9e46187685e3a4bc3a53553d6c356ec7a,2026-10-06T16:00:54+00:00,624,Paper Rex,Past Teams,,March 2025 – December 2025,source_month_or_unspecified,unverified,https://www.vlr.gg/team/624/paper-rex
13744,https://www.vlr.gg/player/13744/patmen,39cd4258cd7696ceaf2bc2e49e049be9e46187685e3a4bc3a53553d6c356ec7a,2026-10-06T16:00:54+00:00,7031,NAOS,Past Teams,,January 2025 – March 2025,source_month_or_unspecified,unverified,https://www.vlr.gg/team/7031/naos
13744,https://www.vlr.gg/player/13744/patmen,39cd4258cd7696ceaf2bc2e49e049be9e46187685e3a4bc3a53553d6c356ec7a,2026-10-06T16:00:54+00:00,8375,ZOL Esports,Past Teams,,March 2023 – December 2024,source_month_or_unspecified,unverified,https://www.vlr.gg/team/8375/zol-esports
13744,https://www.vlr.gg/player/13744/patmen,39cd4258cd7696ceaf2bc2e49e049be9e46187685e3a4bc3a53553d6c356ec7a,2026-10-06T16:00:54+00:00,7039,Stream Raiders Nacague,Past Teams,,,source_month_or_unspecified,unverified,https://www.vlr.gg/team/7039/stream-raiders-nacague
13744,https://www.vlr.gg/player/13744/patmen,39cd4258cd7696ceaf2bc2e49e049be9e46187685e3a4bc3a53553d6c356ec7a,2026-10-06T16:00:54+00:00,8304,TALON,Past Teams,,July 2022 – September 2022,source_month_or_unspecified,unverified,https://www.vlr.gg/team/8304/talon
13744,https://www.vlr.gg/player/13744/patmen,39cd4258cd7696ceaf2bc2e49e049be9e46187685e3a4bc3a53553d6c356ec7a,2026-10-06T16:00:54+00:00,8007,717 Monster Esports,Past Teams,,,source_month_or_unspecified,unverified,https://www.vlr.gg/team/8007/717-monster-esports
13744,https://www.vlr.gg/player/13744/patmen,39cd4258cd7696ceaf2bc2e49e049be9e46187685e3a4bc3a53553d6c356ec7a,2026-10-06T16:00:54+00:00,3718,Sunsparks,Past Teams,,joined in November 2021,source_month_or_unspecified,unverified,https://www.vlr.gg/team/3718/sunsparks
13744,https://www.vlr.gg/player/13744/patmen,39cd4258cd7696ceaf2bc2e49e049be9e46187685e3a4bc3a53553d6c356ec7a,2026-10-06T16:00:54+00:00,2962,Xtreme Elite Esports,Past Teams,,,source_month_or_unspecified,unverified,https://www.vlr.gg/team/2962/xtreme-elite-esports
13768,https://www.vlr.gg/player/13768/s1mon,bf44c157cbdd3ab85c91c10b4aef4ab7578d752edbd475c03bc0518df828114b,2026-10-06T16:00:55+00:00,19531,Any Questions Gaming,Current Teams,,joined in August 2025,source_month_or_unspecified,unverified,https://www.vlr.gg/team/19531/any-questions-gaming
13768,https://www.vlr.gg/player/13768/s1mon,bf44c157cbdd3ab85c91c10b4aef4ab7578d752edbd475c03bc0518df828114b,2026-10-06T16:00:55+00:00,22784,Chinese Taipei,Past Teams,,joined in June 2026,source_month_or_unspecified,unverified,https://www.vlr.gg/team/22784/chinese-taipei
13768,https://www.vlr.gg/player/13768/s1mon,bf44c157cbdd3ab85c91c10b4aef4ab7578d752edbd475c03bc0518df828114b,2026-10-06T16:00:55+00:00,1120,EDward Gaming,Past Teams,,June 2024 – August 2025,source_month_or_unspecified,unverified,https://www.vlr.gg/team/1120/edward-gaming
13768,https://www.vlr.gg/player/13768/s1mon,bf44c157cbdd3ab85c91c10b4aef4ab7578d752edbd475c03bc0518df828114b,2026-10-06T16:00:55+00:00,15788,PAPA ESPORTS,Past Teams,,,source_month_or_unspecified,unverified,https://www.vlr.gg/team/15788/papa-esports
13768,https://www.vlr.gg/player/13768/s1mon,bf44c157cbdd3ab85c91c10b4aef4ab7578d752edbd475c03bc0518df828114b,2026-10-06T16:00:55+00:00,14634,PEI WAN E-SPORTS,Past Teams,,,source_month_or_unspecified,unverified,https://www.vlr.gg/team/14634/pei-wan-e-sports
13768,https://www.vlr.gg/player/13768/s1mon,bf44c157cbdd3ab85c91c10b4aef4ab7578d752edbd475c03bc0518df828114b,2026-10-06T16:00:55+00:00,13576,JD Gaming,Past Teams,,,source_month_or_unspecified,unverified,https://www.vlr.gg/team/13576/jd-gaming
13768,https://www.vlr.gg/player/13768/s1mon,bf44c157cbdd3ab85c91c10b4aef4ab7578d752edbd475c03bc0518df828114b,2026-10-06T16:00:55+00:00,12785,Octagonal Disposition Gaming,Past Teams,,,source_month_or_unspecified,unverified,https://www.vlr.gg/team/12785/octagonal-disposition-gaming
13768,https://www.vlr.gg/player/13768/s1mon,bf44c157cbdd3ab85c91c10b4aef4ab7578d752edbd475c03bc0518df828114b,2026-10-06T16:00:55+00:00,10591,X64,Past Teams,,,source_month_or_unspecified,unverified,https://www.vlr.gg/team/10591/x64
13768,https://www.vlr.gg/player/13768/s1mon,bf44c157cbdd3ab85c91c10b4aef4ab7578d752edbd475c03bc0518df828114b,2026-10-06T16:00:55+00:00,4460,Number One Player,Past Teams,,,source_month_or_unspecified,unverified,https://www.vlr.gg/team/4460/number-one-player
13768,https://www.vlr.gg/player/13768/s1mon,bf44c157cbdd3ab85c91c10b4aef4ab7578d752edbd475c03bc0518df828114b,2026-10-06T16:00:55+00:00,4622,Team VS,Past Teams,,,source_month_or_unspecified,unverified,https://www.vlr.gg/team/4622/team-vs
13768,https://www.vlr.gg/player/13768/s1mon,bf44c157cbdd3ab85c91c10b4aef4ab7578d752edbd475c03bc0518df828114b,2026-10-06T16:00:55+00:00,4273,Victory Formula,Past Teams,,,source_month_or_unspecified,unverified,https://www.vlr.gg/team/4273/victory-formula
13784,https://www.vlr.gg/player/13784/killua,5c9c0fadee002effedcc4acb0d51f6443e73cd71f6a8489101207bea1c62bdc4,2026-10-06T16:00:56+00:00,4050,FULL SENSE,Current Teams,,joined in December 2025,source_month_or_unspecified,unverified,https://www.vlr.gg/team/4050/full-sense
13784,https://www.vlr.gg/player/13784/killua,5c9c0fadee002effedcc4acb0d51f6443e73cd71f6a8489101207bea1c62bdc4,2026-10-06T16:00:56+00:00,19876,Thailand,Past Teams,,joined in June 2026,source_month_or_unspecified,unverified,https://www.vlr.gg/team/19876/thailand
13784,https://www.vlr.gg/player/13784/killua,5c9c0fadee002effedcc4acb0d51f6443e73cd71f6a8489101207bea1c62bdc4,2026-10-06T16:00:56+00:00,8304,TALON,Past Teams,,February 2025 – November 2025,source_month_or_unspecified,unverified,https://www.vlr.gg/team/8304/talon
13784,https://www.vlr.gg/player/13784/killua,5c9c0fadee002effedcc4acb0d51f6443e73cd71f6a8489101207bea1c62bdc4,2026-10-06T16:00:56+00:00,4050,FULL SENSE,Past Teams,,January 2025 – February 2025,source_month_or_unspecified,unverified,https://www.vlr.gg/team/4050/full-sense
13784,https://www.vlr.gg/player/13784/killua,5c9c0fadee002effedcc4acb0d51f6443e73cd71f6a8489101207bea1c62bdc4,2026-10-06T16:00:56+00:00,4210,Made in Thailand,Past Teams,,December 2023 – January 2025,source_month_or_unspecified,unverified,https://www.vlr.gg/team/4210/made-in-thailand
13784,https://www.vlr.gg/player/13784/killua,5c9c0fadee002effedcc4acb0d51f6443e73cd71f6a8489101207bea1c62bdc4,2026-10-06T16:00:56+00:00,4050,FULL SENSE,Past Teams,,joined in December 2022,source_month_or_unspecified,unverified,https://www.vlr.gg/team/4050/full-sense
13784,https://www.vlr.gg/player/13784/killua,5c9c0fadee002effedcc4acb0d51f6443e73cd71f6a8489101207bea1c62bdc4,2026-10-06T16:00:56+00:00,4993,FW Esports,Past Teams,,left in December 2022,source_month_or_unspecified,unverified,https://www.vlr.gg/team/4993/fw-esports
13784,https://www.vlr.gg/player/13784/killua,5c9c0fadee002effedcc4acb0d51f6443e73cd71f6a8489101207bea1c62bdc4,2026-10-06T16:00:56+00:00,4155,GhostFamily E-Sports,Past Teams,,,source_month_or_unspecified,unverified,https://www.vlr.gg/team/4155/ghostfamily-e-sports
13788,https://www.vlr.gg/player/13788/jitboys,696845ac5b88151db315340c9c929e01792e35e1441fade52f07495e0c047441,2026-10-06T16:00:56+00:00,4050,FULL SENSE,Current Teams,,joined in December 2025,source_month_or_unspecified,unverified,https://www.vlr.gg/team/4050/full-sense
13788,https://www.vlr.gg/player/13788/jitboys,696845ac5b88151db315340c9c929e01792e35e1441fade52f07495e0c047441,2026-10-06T16:00:56+00:00,19876,Thailand,Past Teams,,joined in June 2026,source_month_or_unspecified,unverified,https://www.vlr.gg/team/19876/thailand
13788,https://www.vlr.gg/player/13788/jitboys,696845ac5b88151db315340c9c929e01792e35e1441fade52f07495e0c047441,2026-10-06T16:00:56+00:00,8304,TALON,Past Teams,,October 2022 – November 2025,source_month_or_unspecified,unverified,https://www.vlr.gg/team/8304/talon
13788,https://www.vlr.gg/player/13788/jitboys,696845ac5b88151db315340c9c929e01792e35e1441fade52f07495e0c047441,2026-10-06T16:00:56+00:00,4993,FW Esports,Past Teams,,left in October 2022,source_month_or_unspecified,unverified,https://www.vlr.gg/team/4993/fw-esports
13788,https://www.vlr.gg/player/13788/jitboys,696845ac5b88151db315340c9c929e01792e35e1441fade52f07495e0c047441,2026-10-06T16:00:56+00:00,4155,GhostFamily E-Sports,Past Teams,,,source_month_or_unspecified,unverified,https://www.vlr.gg/team/4155/ghostfamily-e-sports
14048,https://www.vlr.gg/player/14048/zerona,2d38f9c078048ac37a343952d50cfad74b59bacf90c9acfb093ff1e3ce140e2f,2026-10-06T16:00:57+00:00,5248,Evil Geniuses,Current Teams,,joined in May 2026,source_month_or_unspecified,unverified,https://www.vlr.gg/team/5248/evil-geniuses
14048,https://www.vlr.gg/player/14048/zerona,2d38f9c078048ac37a343952d50cfad74b59bacf90c9acfb093ff1e3ce140e2f,2026-10-06T16:00:57+00:00,21054,Evil Geniuses Academy,Past Teams,,January 2026 – May 2026,source_month_or_unspecified,unverified,https://www.vlr.gg/team/21054/evil-geniuses-academy
14048,https://www.vlr.gg/player/14048/zerona,2d38f9c078048ac37a343952d50cfad74b59bacf90c9acfb093ff1e3ce140e2f,2026-10-06T16:00:57+00:00,13920,SaD Esports,Past Teams,,January 2025 – June 2025,source_month_or_unspecified,unverified,https://www.vlr.gg/team/13920/sad-esports
14048,https://www.vlr.gg/player/14048/zerona,2d38f9c078048ac37a343952d50cfad74b59bacf90c9acfb093ff1e3ce140e2f,2026-10-06T16:00:57+00:00,12769,Life's a Game,Past Teams,,,source_month_or_unspecified,unverified,https://www.vlr.gg/team/12769/lifes-a-game
14048,https://www.vlr.gg/player/14048/zerona,2d38f9c078048ac37a343952d50cfad74b59bacf90c9acfb093ff1e3ce140e2f,2026-10-06T16:00:57+00:00,16229,ENVEE Esports,Past Teams,,,source_month_or_unspecified,unverified,https://www.vlr.gg/team/16229/envee-esports
14048,https://www.vlr.gg/player/14048/zerona,2d38f9c078048ac37a343952d50cfad74b59bacf90c9acfb093ff1e3ce140e2f,2026-10-06T16:00:57+00:00,5832,Zero MarksMen Black,Past Teams,,left in May 2024,source_month_or_unspecified,unverified,https://www.vlr.gg/team/5832/zero-marksmen-black
14048,https://www.vlr.gg/player/14048/zerona,2d38f9c078048ac37a343952d50cfad74b59bacf90c9acfb093ff1e3ce140e2f,2026-10-06T16:00:57+00:00,15121,Fisher Falcons,Past Teams,,,source_month_or_unspecified,unverified,https://www.vlr.gg/team/15121/fisher-falcons
14048,https://www.vlr.gg/player/14048/zerona,2d38f9c078048ac37a343952d50cfad74b59bacf90c9acfb093ff1e3ce140e2f,2026-10-06T16:00:57+00:00,14661,the basement,Past Teams,,,source_month_or_unspecified,unverified,https://www.vlr.gg/team/14661/the-basement
14048,https://www.vlr.gg/player/14048/zerona,2d38f9c078048ac37a343952d50cfad74b59bacf90c9acfb093ff1e3ce140e2f,2026-10-06T16:00:57+00:00,13682,Fisher White,Past Teams,,joined in January 2024,source_month_or_unspecified,unverified,https://www.vlr.gg/team/13682/fisher-white
14048,https://www.vlr.gg/player/14048/zerona,2d38f9c078048ac37a343952d50cfad74b59bacf90c9acfb093ff1e3ce140e2f,2026-10-06T16:00:57+00:00,8264,Nearest Airport,Past Teams,,left in September 2024,source_month_or_unspecified,unverified,https://www.vlr.gg/team/8264/nearest-airport
14048,https://www.vlr.gg/player/14048/zerona,2d38f9c078048ac37a343952d50cfad74b59bacf90c9acfb093ff1e3ce140e2f,2026-10-06T16:00:57+00:00,11443,Ronin,Past Teams,,,source_month_or_unspecified,unverified,https://www.vlr.gg/team/11443/ronin
14048,https://www.vlr.gg/player/14048/zerona,2d38f9c078048ac37a343952d50cfad74b59bacf90c9acfb093ff1e3ce140e2f,2026-10-06T16:00:57+00:00,4286,Hypothermia,Past Teams,,,source_month_or_unspecified,unverified,https://www.vlr.gg/team/4286/hypothermia
14125,https://www.vlr.gg/player/14125/spring,4fe55ae9434487270eb506c8ad69890789874d951088597fc366b541ac856484,2026-10-06T16:00:58+00:00,13790,Wolves Esports,Current Teams,,joined in January 2024,source_month_or_unspecified,unverified,https://www.vlr.gg/team/13790/wolves-esports
14125,https://www.vlr.gg/player/14125/spring,4fe55ae9434487270eb506c8ad69890789874d951088597fc366b541ac856484,2026-10-06T16:00:58+00:00,22784,Chinese Taipei,Past Teams,,joined in June 2026,source_month_or_unspecified,unverified,https://www.vlr.gg/team/22784/chinese-taipei
14125,https://www.vlr.gg/player/14125/spring,4fe55ae9434487270eb506c8ad69890789874d951088597fc366b541ac856484,2026-10-06T16:00:58+00:00,13514,Ninjas In Pyjamas,Past Teams,,August 2023 – January 2024,source_month_or_unspecified,unverified,https://www.vlr.gg/team/13514/ninjas-in-pyjamas
14125,https://www.vlr.gg/player/14125/spring,4fe55ae9434487270eb506c8ad69890789874d951088597fc366b541ac856484,2026-10-06T16:00:58+00:00,4462,Shenzhen NTER,Past Teams,,left in August 2023,source_month_or_unspecified,unverified,https://www.vlr.gg/team/4462/shenzhen-nter
14125,https://www.vlr.gg/player/14125/spring,4fe55ae9434487270eb506c8ad69890789874d951088597fc366b541ac856484,2026-10-06T16:00:58+00:00,6397,Five Ace Esports,Past Teams,,,source_month_or_unspecified,unverified,https://www.vlr.gg/team/6397/five-ace-esports
14125,https://www.vlr.gg/player/14125/spring,4fe55ae9434487270eb506c8ad69890789874d951088597fc366b541ac856484,2026-10-06T16:00:58+00:00,904,CBT Gaming,Past Teams,,,source_month_or_unspecified,unverified,https://www.vlr.gg/team/904/cbt-gaming
14439,https://www.vlr.gg/player/14439/ffs,3dc5113011e848c2888fd015698abf63e94476df46926c61139a018438069df4,2026-10-06T16:00:59+00:00,19531,Any Questions Gaming,Past Teams,,joined in May 2025,source_month_or_unspecified,unverified,https://www.vlr.gg/team/19531/any-questions-gaming
14439,https://www.vlr.gg/player/14439/ffs,3dc5113011e848c2888fd015698abf63e94476df46926c61139a018438069df4,2026-10-06T16:00:59+00:00,15872,ZY Gaming,Past Teams,,joined in March 2024,source_month_or_unspecified,unverified,https://www.vlr.gg/team/15872/zy-gaming
14439,https://www.vlr.gg/player/14439/ffs,3dc5113011e848c2888fd015698abf63e94476df46926c61139a018438069df4,2026-10-06T16:00:59+00:00,13790,Wolves Esports,Past Teams,,Inactive from March 2024,source_month_or_unspecified,unverified,https://www.vlr.gg/team/13790/wolves-esports
14439,https://www.vlr.gg/player/14439/ffs,3dc5113011e848c2888fd015698abf63e94476df46926c61139a018438069df4,2026-10-06T16:00:59+00:00,9052,Monarch Effect,Past Teams,,left in January 2024,source_month_or_unspecified,unverified,https://www.vlr.gg/team/9052/monarch-effect
14439,https://www.vlr.gg/player/14439/ffs,3dc5113011e848c2888fd015698abf63e94476df46926c61139a018438069df4,2026-10-06T16:00:59+00:00,5504,O2 Gaming,Past Teams,,,source_month_or_unspecified,unverified,https://www.vlr.gg/team/5504/o2-gaming
14439,https://www.vlr.gg/player/14439/ffs,3dc5113011e848c2888fd015698abf63e94476df46926c61139a018438069df4,2026-10-06T16:00:59+00:00,4458,Invictus Gaming Academy,Past Teams,,,source_month_or_unspecified,unverified,https://www.vlr.gg/team/4458/invictus-gaming-academy
14441,https://www.vlr.gg/player/14441/aluba,f9083f9a6a869f6d561f738bcefc495ee73c0d5750d41e0d107b76dc092aaaf7,2026-10-06T16:00:59+00:00,13790,Wolves Esports,Current Teams,,joined in June 2026,source_month_or_unspecified,unverified,https://www.vlr.gg/team/13790/wolves-esports
14441,https://www.vlr.gg/player/14441/aluba,f9083f9a6a869f6d561f738bcefc495ee73c0d5750d41e0d107b76dc092aaaf7,2026-10-06T16:00:59+00:00,15893,Ambitious Legend Gaming,Past Teams,,December 2024 – June 2026,source_month_or_unspecified,unverified,https://www.vlr.gg/team/15893/ambitious-legend-gaming
14441,https://www.vlr.gg/player/14441/aluba,f9083f9a6a869f6d561f738bcefc495ee73c0d5750d41e0d107b76dc092aaaf7,2026-10-06T16:00:59+00:00,13790,Wolves Esports,Past Teams,,January 2024 – November 2024,source_month_or_unspecified,unverified,https://www.vlr.gg/team/13790/wolves-esports
14441,https://www.vlr.gg/player/14441/aluba,f9083f9a6a869f6d561f738bcefc495ee73c0d5750d41e0d107b76dc092aaaf7,2026-10-06T16:00:59+00:00,9052,Monarch Effect,Past Teams,,left in January 2024,source_month_or_unspecified,unverified,https://www.vlr.gg/team/9052/monarch-effect
14441,https://www.vlr.gg/player/14441/aluba,f9083f9a6a869f6d561f738bcefc495ee73c0d5750d41e0d107b76dc092aaaf7,2026-10-06T16:00:59+00:00,5504,O2 Gaming,Past Teams,,,source_month_or_unspecified,unverified,https://www.vlr.gg/team/5504/o2-gaming
14441,https://www.vlr.gg/player/14441/aluba,f9083f9a6a869f6d561f738bcefc495ee73c0d5750d41e0d107b76dc092aaaf7,2026-10-06T16:00:59+00:00,4458,Invictus Gaming Academy,Past Teams,,,source_month_or_unspecified,unverified,https://www.vlr.gg/team/4458/invictus-gaming-academy
14681,https://www.vlr.gg/player/14681/kamo,09ed9d2db2f86bfb7d19af46edc283afc13dcfa28c9ea3f53f385098666f8c99,2026-10-06T16:01:00+00:00,474,Team Liquid,Current Teams,,joined in October 2024,source_month_or_unspecified,unverified,https://www.vlr.gg/team/474/team-liquid
14681,https://www.vlr.gg/player/14681/kamo,09ed9d2db2f86bfb7d19af46edc283afc13dcfa28c9ea3f53f385098666f8c99,2026-10-06T16:01:00+00:00,22782,Poland,Past Teams,,joined in June 2026,source_month_or_unspecified,unverified,https://www.vlr.gg/team/22782/poland
14681,https://www.vlr.gg/player/14681/kamo,09ed9d2db2f86bfb7d19af46edc283afc13dcfa28c9ea3f53f385098666f8c99,2026-10-06T16:01:00+00:00,7035,KOI,Past Teams,,February 2024 – October 2024,source_month_or_unspecified,unverified,https://www.vlr.gg/team/7035/koi
14681,https://www.vlr.gg/player/14681/kamo,09ed9d2db2f86bfb7d19af46edc283afc13dcfa28c9ea3f53f385098666f8c99,2026-10-06T16:01:00+00:00,7035,KOI,Past Teams,,October 2023 – November 2023,source_month_or_unspecified,unverified,https://www.vlr.gg/team/7035/koi
14681,https://www.vlr.gg/player/14681/kamo,09ed9d2db2f86bfb7d19af46edc283afc13dcfa28c9ea3f53f385098666f8c99,2026-10-06T16:01:00+00:00,9762,GTZ Esports,Past Teams,,January 2023 – June 2023,source_month_or_unspecified,unverified,https://www.vlr.gg/team/9762/gtz-esports
14681,https://www.vlr.gg/player/14681/kamo,09ed9d2db2f86bfb7d19af46edc283afc13dcfa28c9ea3f53f385098666f8c99,2026-10-06T16:01:00+00:00,6538,DSYRE,Past Teams,,October 2022 – December 2022,source_month_or_unspecified,unverified,https://www.vlr.gg/team/6538/dsyre
14681,https://www.vlr.gg/player/14681/kamo,09ed9d2db2f86bfb7d19af46edc283afc13dcfa28c9ea3f53f385098666f8c99,2026-10-06T16:01:00+00:00,6191,NOM Esports,Past Teams,,Inactive from June 2022,source_month_or_unspecified,unverified,https://www.vlr.gg/team/6191/nom-esports
14681,https://www.vlr.gg/player/14681/kamo,09ed9d2db2f86bfb7d19af46edc283afc13dcfa28c9ea3f53f385098666f8c99,2026-10-06T16:01:00+00:00,7881,l3wandowski,Past Teams,,left in January 2023,source_month_or_unspecified,unverified,https://www.vlr.gg/team/7881/l3wandowski
14681,https://www.vlr.gg/player/14681/kamo,09ed9d2db2f86bfb7d19af46edc283afc13dcfa28c9ea3f53f385098666f8c99,2026-10-06T16:01:00+00:00,4145,Pizza Boosters,Past Teams,,,source_month_or_unspecified,unverified,https://www.vlr.gg/team/4145/pizza-boosters
14950,https://www.vlr.gg/player/14950/gobera,63fc4e83922d5484bce9de1db7000a429055ef939db45931354633fb2b0bf75d,2026-10-06T16:01:00+00:00,15072,2Game Esports,Current Teams,,joined in January 2026,source_month_or_unspecified,unverified,https://www.vlr.gg/team/15072/2game-esports
14950,https://www.vlr.gg/player/14950/gobera,63fc4e83922d5484bce9de1db7000a429055ef939db45931354633fb2b0bf75d,2026-10-06T16:01:00+00:00,15072,2Game Esports,Past Teams,,November 2024 – October 2025,source_month_or_unspecified,unverified,https://www.vlr.gg/team/15072/2game-esports
14950,https://www.vlr.gg/player/14950/gobera,63fc4e83922d5484bce9de1db7000a429055ef939db45931354633fb2b0bf75d,2026-10-06T16:01:00+00:00,9201,DELIRA,Past Teams,,,source_month_or_unspecified,unverified,https://www.vlr.gg/team/9201/delira
14950,https://www.vlr.gg/player/14950/gobera,63fc4e83922d5484bce9de1db7000a429055ef939db45931354633fb2b0bf75d,2026-10-06T16:01:00+00:00,15021,Legacy,Past Teams,,February 2024 – August 2024,source_month_or_unspecified,unverified,https://www.vlr.gg/team/15021/legacy
14950,https://www.vlr.gg/player/14950/gobera,63fc4e83922d5484bce9de1db7000a429055ef939db45931354633fb2b0bf75d,2026-10-06T16:01:00+00:00,11997,XIT,Past Teams,,left in February 2024,source_month_or_unspecified,unverified,https://www.vlr.gg/team/11997/xit
14950,https://www.vlr.gg/player/14950/gobera,63fc4e83922d5484bce9de1db7000a429055ef939db45931354633fb2b0bf75d,2026-10-06T16:01:00+00:00,8342,AJF e-Sports,Past Teams,,,source_month_or_unspecified,unverified,https://www.vlr.gg/team/8342/ajf-e-sports
14950,https://www.vlr.gg/player/14950/gobera,63fc4e83922d5484bce9de1db7000a429055ef939db45931354633fb2b0bf75d,2026-10-06T16:01:00+00:00,10730,TOP GUN,Past Teams,,,source_month_or_unspecified,unverified,https://www.vlr.gg/team/10730/top-gun
14950,https://www.vlr.gg/player/14950/gobera,63fc4e83922d5484bce9de1db7000a429055ef939db45931354633fb2b0bf75d,2026-10-06T16:01:00+00:00,9447,The Union,Past Teams,,July 2022 – October 2023,source_month_or_unspecified,unverified,https://www.vlr.gg/team/9447/the-union
14950,https://www.vlr.gg/player/14950/gobera,63fc4e83922d5484bce9de1db7000a429055ef939db45931354633fb2b0bf75d,2026-10-06T16:01:00+00:00,8278,Supremacyy,Past Teams,,,source_month_or_unspecified,unverified,https://www.vlr.gg/team/8278/supremacyy
14950,https://www.vlr.gg/player/14950/gobera,63fc4e83922d5484bce9de1db7000a429055ef939db45931354633fb2b0bf75d,2026-10-06T16:01:00+00:00,4632,FearSlay,Past Teams,,,source_month_or_unspecified,unverified,https://www.vlr.gg/team/4632/fearslay
15361,https://www.vlr.gg/player/15361/swag,3e5362ba954204cd6f4e13f98da6fb489e2c58fb9d77e4bce101c493bcde46eb,2026-10-06T16:01:01+00:00,17094,FURIA Academy,Past Teams,,February 2025 – March 2026,source_month_or_unspecified,unverified,https://www.vlr.gg/team/17094/furia-academy
15361,https://www.vlr.gg/player/15361/swag,3e5362ba954204cd6f4e13f98da6fb489e2c58fb9d77e4bce101c493bcde46eb,2026-10-06T16:01:01+00:00,16605,PR0NETS,Past Teams,,,source_month_or_unspecified,unverified,https://www.vlr.gg/team/16605/pr0nets
15361,https://www.vlr.gg/player/15361/swag,3e5362ba954204cd6f4e13f98da6fb489e2c58fb9d77e4bce101c493bcde46eb,2026-10-06T16:01:01+00:00,15021,Legacy,Past Teams,,joined in February 2024,source_month_or_unspecified,unverified,https://www.vlr.gg/team/15021/legacy
15361,https://www.vlr.gg/player/15361/swag,3e5362ba954204cd6f4e13f98da6fb489e2c58fb9d77e4bce101c493bcde46eb,2026-10-06T16:01:01+00:00,9447,The Union,Past Teams,,September 2022 – November 2022,source_month_or_unspecified,unverified,https://www.vlr.gg/team/9447/the-union
15361,https://www.vlr.gg/player/15361/swag,3e5362ba954204cd6f4e13f98da6fb489e2c58fb9d77e4bce101c493bcde46eb,2026-10-06T16:01:01+00:00,11997,XIT,Past Teams,,left in February 2024,source_month_or_unspecified,unverified,https://www.vlr.gg/team/11997/xit
15361,https://www.vlr.gg/player/15361/swag,3e5362ba954204cd6f4e13f98da6fb489e2c58fb9d77e4bce101c493bcde46eb,2026-10-06T16:01:01+00:00,11993,MERCEDES,Past Teams,,,source_month_or_unspecified,unverified,https://www.vlr.gg/team/11993/mercedes
15361,https://www.vlr.gg/player/15361/swag,3e5362ba954204cd6f4e13f98da6fb489e2c58fb9d77e4bce101c493bcde46eb,2026-10-06T16:01:01+00:00,8361,Unemployed,Past Teams,,,source_month_or_unspecified,unverified,https://www.vlr.gg/team/8361/unemployed
15361,https://www.vlr.gg/player/15361/swag,3e5362ba954204cd6f4e13f98da6fb489e2c58fb9d77e4bce101c493bcde46eb,2026-10-06T16:01:01+00:00,420,Team Vikings,Past Teams,,January 2022 – June 2022,source_month_or_unspecified,unverified,https://www.vlr.gg/team/420/team-vikings
15361,https://www.vlr.gg/player/15361/swag,3e5362ba954204cd6f4e13f98da6fb489e2c58fb9d77e4bce101c493bcde46eb,2026-10-06T16:01:01+00:00,6410,FIAP,Past Teams,,,source_month_or_unspecified,unverified,https://www.vlr.gg/team/6410/fiap
15361,https://www.vlr.gg/player/15361/swag,3e5362ba954204cd6f4e13f98da6fb489e2c58fb9d77e4bce101c493bcde46eb,2026-10-06T16:01:01+00:00,4770,SEUTIME,Past Teams,,,source_month_or_unspecified,unverified,https://www.vlr.gg/team/4770/seutime
15500,https://www.vlr.gg/player/15500/trent,8c3f91a70e9d8b554b5e110ea7a36e4e7127e0733bc2d28fcadec2d54ad2ce5f,2026-10-06T16:01:02+00:00,11058,G2 Esports,Current Teams,,joined in September 2023,source_month_or_unspecified,unverified,https://www.vlr.gg/team/11058/g2-esports
15500,https://www.vlr.gg/player/15500/trent,8c3f91a70e9d8b554b5e110ea7a36e4e7127e0733bc2d28fcadec2d54ad2ce5f,2026-10-06T16:01:02+00:00,22778,United States of America,Past Teams,,joined in June 2026,source_month_or_unspecified,unverified,https://www.vlr.gg/team/22778/united-states-of-america
15500,https://www.vlr.gg/player/15500/trent,8c3f91a70e9d8b554b5e110ea7a36e4e7127e0733bc2d28fcadec2d54ad2ce5f,2026-10-06T16:01:02+00:00,6675,The Guard,Past Teams,,January 2022 – August 2023,source_month_or_unspecified,unverified,https://www.vlr.gg/team/6675/the-guard
15500,https://www.vlr.gg/player/15500/trent,8c3f91a70e9d8b554b5e110ea7a36e4e7127e0733bc2d28fcadec2d54ad2ce5f,2026-10-06T16:01:02+00:00,6375,Most Prolific,Past Teams,,,source_month_or_unspecified,unverified,https://www.vlr.gg/team/6375/most-prolific
15500,https://www.vlr.gg/player/15500/trent,8c3f91a70e9d8b554b5e110ea7a36e4e7127e0733bc2d28fcadec2d54ad2ce5f,2026-10-06T16:01:02+00:00,4688,Fenrir,Past Teams,,joined in August 2021,source_month_or_unspecified,unverified,https://www.vlr.gg/team/4688/fenrir
15500,https://www.vlr.gg/player/15500/trent,8c3f91a70e9d8b554b5e110ea7a36e4e7127e0733bc2d28fcadec2d54ad2ce5f,2026-10-06T16:01:02+00:00,3748,Team Reckaroo,Past Teams,,left in August 2021,source_month_or_unspecified,unverified,https://www.vlr.gg/team/3748/team-reckaroo
15559,https://www.vlr.gg/player/15559/chichoo,0841e13e7f1e6b6cfb779557950b24d94660d93655ab0b40e6a0b894ee52397f,2026-10-06T16:01:02+00:00,1120,EDward Gaming,Current Teams,,joined in May 2021,source_month_or_unspecified,unverified,https://www.vlr.gg/team/1120/edward-gaming
15559,https://www.vlr.gg/player/15559/chichoo,0841e13e7f1e6b6cfb779557950b24d94660d93655ab0b40e6a0b894ee52397f,2026-10-06T16:01:02+00:00,19874,China,Past Teams,,joined in June 2026,source_month_or_unspecified,unverified,https://www.vlr.gg/team/19874/china
15639,https://www.vlr.gg/player/15639/chloric,18978d476e84329ad18310697922f0126daa96f208124c526baf59e7e0292f20,2026-10-06T16:01:03+00:00,4915,Natus Vincere,Past Teams,,Inactive from September 2026,source_month_or_unspecified,unverified,https://www.vlr.gg/team/4915/natus-vincere
15639,https://www.vlr.gg/player/15639/chloric,18978d476e84329ad18310697922f0126daa96f208124c526baf59e7e0292f20,2026-10-06T16:01:03+00:00,21049,NRG Academy,Past Teams,,January 2026 – March 2026,source_month_or_unspecified,unverified,https://www.vlr.gg/team/21049/nrg-academy
15639,https://www.vlr.gg/player/15639/chloric,18978d476e84329ad18310697922f0126daa96f208124c526baf59e7e0292f20,2026-10-06T16:01:03+00:00,15855,Friends Over Everything,Past Teams,,,source_month_or_unspecified,unverified,https://www.vlr.gg/team/15855/friends-over-everything
15639,https://www.vlr.gg/player/15639/chloric,18978d476e84329ad18310697922f0126daa96f208124c526baf59e7e0292f20,2026-10-06T16:01:03+00:00,12900,Maryville University,Past Teams,,June 2024 – March 2026,source_month_or_unspecified,unverified,https://www.vlr.gg/team/12900/maryville-university
15639,https://www.vlr.gg/player/15639/chloric,18978d476e84329ad18310697922f0126daa96f208124c526baf59e7e0292f20,2026-10-06T16:01:03+00:00,14825,Lucky 7,Past Teams,,,source_month_or_unspecified,unverified,https://www.vlr.gg/team/14825/lucky-7
15639,https://www.vlr.gg/player/15639/chloric,18978d476e84329ad18310697922f0126daa96f208124c526baf59e7e0292f20,2026-10-06T16:01:03+00:00,13278,Joker,Past Teams,,,source_month_or_unspecified,unverified,https://www.vlr.gg/team/13278/joker
15639,https://www.vlr.gg/player/15639/chloric,18978d476e84329ad18310697922f0126daa96f208124c526baf59e7e0292f20,2026-10-06T16:01:03+00:00,10479,Fisher Navy,Past Teams,,,source_month_or_unspecified,unverified,https://www.vlr.gg/team/10479/fisher-navy
15639,https://www.vlr.gg/player/15639/chloric,18978d476e84329ad18310697922f0126daa96f208124c526baf59e7e0292f20,2026-10-06T16:01:03+00:00,6729,Levitate,Past Teams,,,source_month_or_unspecified,unverified,https://www.vlr.gg/team/6729/levitate
15639,https://www.vlr.gg/player/15639/chloric,18978d476e84329ad18310697922f0126daa96f208124c526baf59e7e0292f20,2026-10-06T16:01:03+00:00,6454,Eclectiq,Past Teams,,left in May 2022,source_month_or_unspecified,unverified,https://www.vlr.gg/team/6454/eclectiq
15735,https://www.vlr.gg/player/15735/krostaly,67b19ada8128a30631a1531a5fe7e9dd6f5d25147b9f41df8083081a4089746f,2026-10-06T16:01:03+00:00,1184,FUT Esports,Current Teams,,joined in November 2025,source_month_or_unspecified,unverified,https://www.vlr.gg/team/1184/fut-esports
15735,https://www.vlr.gg/player/15735/krostaly,67b19ada8128a30631a1531a5fe7e9dd6f5d25147b9f41df8083081a4089746f,2026-10-06T16:01:03+00:00,5310,Fenerbahçe Esports,Past Teams,,January 2025 – November 2025,source_month_or_unspecified,unverified,https://www.vlr.gg/team/5310/fenerbah-e-esports
15735,https://www.vlr.gg/player/15735/krostaly,67b19ada8128a30631a1531a5fe7e9dd6f5d25147b9f41df8083081a4089746f,2026-10-06T16:01:03+00:00,1184,FUT Esports,Past Teams,stand-in,October 2024 – October 2024,source_month_or_unspecified,unverified,https://www.vlr.gg/team/1184/fut-esports
15735,https://www.vlr.gg/player/15735/krostaly,67b19ada8128a30631a1531a5fe7e9dd6f5d25147b9f41df8083081a4089746f,2026-10-06T16:01:03+00:00,6392,Eternal Fire,Past Teams,,April 2024 – July 2024,source_month_or_unspecified,unverified,https://www.vlr.gg/team/6392/eternal-fire
15735,https://www.vlr.gg/player/15735/krostaly,67b19ada8128a30631a1531a5fe7e9dd6f5d25147b9f41df8083081a4089746f,2026-10-06T16:01:03+00:00,4762,Galakticos,Past Teams,,January 2024 – April 2024,source_month_or_unspecified,unverified,https://www.vlr.gg/team/4762/galakticos
15735,https://www.vlr.gg/player/15735/krostaly,67b19ada8128a30631a1531a5fe7e9dd6f5d25147b9f41df8083081a4089746f,2026-10-06T16:01:03+00:00,4396,Regnum Carya Esports,Past Teams,,June 2023 – August 2023,source_month_or_unspecified,unverified,https://www.vlr.gg/team/4396/regnum-carya-esports
15735,https://www.vlr.gg/player/15735/krostaly,67b19ada8128a30631a1531a5fe7e9dd6f5d25147b9f41df8083081a4089746f,2026-10-06T16:01:03+00:00,8603,eJutsu Gaming,Past Teams,,April 2022 – March 2023,source_month_or_unspecified,unverified,https://www.vlr.gg/team/8603/ejutsu-gaming
15735,https://www.vlr.gg/player/15735/krostaly,67b19ada8128a30631a1531a5fe7e9dd6f5d25147b9f41df8083081a4089746f,2026-10-06T16:01:03+00:00,4928,OtherSide Blue,Past Teams,,May 2021 – April 2022,source_month_or_unspecified,unverified,https://www.vlr.gg/team/4928/otherside-blue
15897,https://www.vlr.gg/player/15897/apinya,f23c6aa1bd1c61b1544c9e4a521c649c218639de69d4f66018fcd5c58c6e2fcc,2026-10-06T16:01:05+00:00,623,Sharper Esports,Current Teams,,joined in January 2026,source_month_or_unspecified,unverified,https://www.vlr.gg/team/623/sharper-esports
15897,https://www.vlr.gg/player/15897/apinya,f23c6aa1bd1c61b1544c9e4a521c649c218639de69d4f66018fcd5c58c6e2fcc,2026-10-06T16:01:05+00:00,19876,Thailand,Past Teams,,joined in June 2026,source_month_or_unspecified,unverified,https://www.vlr.gg/team/19876/thailand
15897,https://www.vlr.gg/player/15897/apinya,f23c6aa1bd1c61b1544c9e4a521c649c218639de69d4f66018fcd5c58c6e2fcc,2026-10-06T16:01:05+00:00,4050,FULL SENSE,Past Teams,,March 2025 – December 2025,source_month_or_unspecified,unverified,https://www.vlr.gg/team/4050/full-sense
15897,https://www.vlr.gg/player/15897/apinya,f23c6aa1bd1c61b1544c9e4a521c649c218639de69d4f66018fcd5c58c6e2fcc,2026-10-06T16:01:05+00:00,4050,FULL SENSE,Past Teams,,joined in September 2022,source_month_or_unspecified,unverified,https://www.vlr.gg/team/4050/full-sense
15897,https://www.vlr.gg/player/15897/apinya,f23c6aa1bd1c61b1544c9e4a521c649c218639de69d4f66018fcd5c58c6e2fcc,2026-10-06T16:01:05+00:00,4993,FW Esports,Past Teams,,left in September 2022,source_month_or_unspecified,unverified,https://www.vlr.gg/team/4993/fw-esports
16209,https://www.vlr.gg/player/16209/famsii,58af9e828650a1c3ef489daec23aea44588875a6ee71bc33f06df6632aeed68e,2026-10-06T16:01:05+00:00,23415,OldBoyz,Current Teams,,,source_month_or_unspecified,unverified,https://www.vlr.gg/team/23415/oldboyz
16209,https://www.vlr.gg/player/16209/famsii,58af9e828650a1c3ef489daec23aea44588875a6ee71bc33f06df6632aeed68e,2026-10-06T16:01:05+00:00,4616,UCAM Esports Club,Current Teams,,joined in January 2026,source_month_or_unspecified,unverified,https://www.vlr.gg/team/4616/ucam-esports-club
16209,https://www.vlr.gg/player/16209/famsii,58af9e828650a1c3ef489daec23aea44588875a6ee71bc33f06df6632aeed68e,2026-10-06T16:01:05+00:00,22785,Finland,Past Teams,,joined in June 2026,source_month_or_unspecified,unverified,https://www.vlr.gg/team/22785/finland
16209,https://www.vlr.gg/player/16209/famsii,58af9e828650a1c3ef489daec23aea44588875a6ee71bc33f06df6632aeed68e,2026-10-06T16:01:05+00:00,17179,DNSTY,Past Teams,,June 2025 – January 2026,source_month_or_unspecified,unverified,https://www.vlr.gg/team/17179/dnsty
16209,https://www.vlr.gg/player/16209/famsii,58af9e828650a1c3ef489daec23aea44588875a6ee71bc33f06df6632aeed68e,2026-10-06T16:01:05+00:00,14614,HGE Esport,Past Teams,,October 2024 – June 2025,source_month_or_unspecified,unverified,https://www.vlr.gg/team/14614/hge-esport
16209,https://www.vlr.gg/player/16209/famsii,58af9e828650a1c3ef489daec23aea44588875a6ee71bc33f06df6632aeed68e,2026-10-06T16:01:05+00:00,14419,GIANTX,Past Teams,,Inactive from September 2024,source_month_or_unspecified,unverified,https://www.vlr.gg/team/14419/giantx
16209,https://www.vlr.gg/player/16209/famsii,58af9e828650a1c3ef489daec23aea44588875a6ee71bc33f06df6632aeed68e,2026-10-06T16:01:05+00:00,4616,UCAM Esports Club,Past Teams,,Inactive from June 2024,source_month_or_unspecified,unverified,https://www.vlr.gg/team/4616/ucam-esports-club
16209,https://www.vlr.gg/player/16209/famsii,58af9e828650a1c3ef489daec23aea44588875a6ee71bc33f06df6632aeed68e,2026-10-06T16:01:05+00:00,7015,SunnyBeach,Past Teams,,,source_month_or_unspecified,unverified,https://www.vlr.gg/team/7015/sunnybeach
16209,https://www.vlr.gg/player/16209/famsii,58af9e828650a1c3ef489daec23aea44588875a6ee71bc33f06df6632aeed68e,2026-10-06T16:01:05+00:00,7035,KOI,Past Teams,,Inactive from October 2022,source_month_or_unspecified,unverified,https://www.vlr.gg/team/7035/koi
16209,https://www.vlr.gg/player/16209/famsii,58af9e828650a1c3ef489daec23aea44588875a6ee71bc33f06df6632aeed68e,2026-10-06T16:01:05+00:00,5103,MallunRed,Past Teams,,,source_month_or_unspecified,unverified,https://www.vlr.gg/team/5103/mallunred
16215,https://www.vlr.gg/player/16215/dos9,5d5b2d27a18ac8d6225924dfbfe95304308a090a76db53618bf3b5724e1cd763,2026-10-06T16:01:06+00:00,8877,Karmine Corp,Current Teams,,joined in January 2026,source_month_or_unspecified,unverified,https://www.vlr.gg/team/8877/karmine-corp
16215,https://www.vlr.gg/player/16215/dos9,5d5b2d27a18ac8d6225924dfbfe95304308a090a76db53618bf3b5724e1cd763,2026-10-06T16:01:06+00:00,22818,Kazakhstan,Past Teams,,joined in June 2026,source_month_or_unspecified,unverified,https://www.vlr.gg/team/22818/kazakhstan
16215,https://www.vlr.gg/player/16215/dos9,5d5b2d27a18ac8d6225924dfbfe95304308a090a76db53618bf3b5724e1cd763,2026-10-06T16:01:06+00:00,466,BOOM Esports,Past Teams,,October 2024 – October 2025,source_month_or_unspecified,unverified,https://www.vlr.gg/team/466/boom-esports
16215,https://www.vlr.gg/player/16215/dos9,5d5b2d27a18ac8d6225924dfbfe95304308a090a76db53618bf3b5724e1cd763,2026-10-06T16:01:06+00:00,8369,Revenant Esports,Past Teams,,Inactive from September 2024,source_month_or_unspecified,unverified,https://www.vlr.gg/team/8369/revenant-esports
16215,https://www.vlr.gg/player/16215/dos9,5d5b2d27a18ac8d6225924dfbfe95304308a090a76db53618bf3b5724e1cd763,2026-10-06T16:01:06+00:00,11250,AEX-1,Past Teams,,Inactive from June 2023,source_month_or_unspecified,unverified,https://www.vlr.gg/team/11250/aex-1
16215,https://www.vlr.gg/player/16215/dos9,5d5b2d27a18ac8d6225924dfbfe95304308a090a76db53618bf3b5724e1cd763,2026-10-06T16:01:06+00:00,12126,The Squad,Past Teams,,,source_month_or_unspecified,unverified,https://www.vlr.gg/team/12126/the-squad
16215,https://www.vlr.gg/player/16215/dos9,5d5b2d27a18ac8d6225924dfbfe95304308a090a76db53618bf3b5724e1cd763,2026-10-06T16:01:06+00:00,10192,perezvon,Past Teams,,,source_month_or_unspecified,unverified,https://www.vlr.gg/team/10192/perezvon
16215,https://www.vlr.gg/player/16215/dos9,5d5b2d27a18ac8d6225924dfbfe95304308a090a76db53618bf3b5724e1cd763,2026-10-06T16:01:06+00:00,7548,team420,Past Teams,,,source_month_or_unspecified,unverified,https://www.vlr.gg/team/7548/team420
16215,https://www.vlr.gg/player/16215/dos9,5d5b2d27a18ac8d6225924dfbfe95304308a090a76db53618bf3b5724e1cd763,2026-10-06T16:01:06+00:00,5035,ULUGBEK,Past Teams,,,source_month_or_unspecified,unverified,https://www.vlr.gg/team/5035/ulugbek
16852,https://www.vlr.gg/player/16852/nakya,ec05f765c6983e148a29b1185781752e85bb091d78cf2ef6ef8ef34f3589d34a,2026-10-06T16:01:06+00:00,466,BOOM Esports,Current Teams,,joined in January 2026,source_month_or_unspecified,unverified,https://www.vlr.gg/team/466/boom-esports
16852,https://www.vlr.gg/player/16852/nakya,ec05f765c6983e148a29b1185781752e85bb091d78cf2ef6ef8ef34f3589d34a,2026-10-06T16:01:06+00:00,12117,Indonesia,Past Teams,,joined in September 2025,source_month_or_unspecified,unverified,https://www.vlr.gg/team/12117/indonesia
16852,https://www.vlr.gg/player/16852/nakya,ec05f765c6983e148a29b1185781752e85bb091d78cf2ef6ef8ef34f3589d34a,2026-10-06T16:01:06+00:00,7031,NAOS,Past Teams,,June 2025 – January 2026,source_month_or_unspecified,unverified,https://www.vlr.gg/team/7031/naos
16852,https://www.vlr.gg/player/16852/nakya,ec05f765c6983e148a29b1185781752e85bb091d78cf2ef6ef8ef34f3589d34a,2026-10-06T16:01:06+00:00,1110,Alter Ego,Past Teams,,October 2022 – May 2025,source_month_or_unspecified,unverified,https://www.vlr.gg/team/1110/alter-ego
16852,https://www.vlr.gg/player/16852/nakya,ec05f765c6983e148a29b1185781752e85bb091d78cf2ef6ef8ef34f3589d34a,2026-10-06T16:01:06+00:00,15782,ELEVATE,Past Teams,,June 2024 – July 2024,source_month_or_unspecified,unverified,https://www.vlr.gg/team/15782/elevate
16852,https://www.vlr.gg/player/16852/nakya,ec05f765c6983e148a29b1185781752e85bb091d78cf2ef6ef8ef34f3589d34a,2026-10-06T16:01:06+00:00,2814,Bigetron Arctic,Past Teams,,April 2022 – October 2022,source_month_or_unspecified,unverified,https://www.vlr.gg/team/2814/bigetron-arctic
16852,https://www.vlr.gg/player/16852/nakya,ec05f765c6983e148a29b1185781752e85bb091d78cf2ef6ef8ef34f3589d34a,2026-10-06T16:01:06+00:00,8422,Hike Digital Esports,Past Teams,,left in April 2022,source_month_or_unspecified,unverified,https://www.vlr.gg/team/8422/hike-digital-esports
16852,https://www.vlr.gg/player/16852/nakya,ec05f765c6983e148a29b1185781752e85bb091d78cf2ef6ef8ef34f3589d34a,2026-10-06T16:01:06+00:00,5960,BEAST,Past Teams,,,source_month_or_unspecified,unverified,https://www.vlr.gg/team/5960/beast
16852,https://www.vlr.gg/player/16852/nakya,ec05f765c6983e148a29b1185781752e85bb091d78cf2ef6ef8ef34f3589d34a,2026-10-06T16:01:06+00:00,5260,VOIN DRIP,Past Teams,,,source_month_or_unspecified,unverified,https://www.vlr.gg/team/5260/voin-drip
17049,https://www.vlr.gg/player/17049/hermes,03d081a77527955d1f2e2bdef75311d18520f44f746f5daac3a689b9e3b9c76a,2026-10-06T16:01:07+00:00,19189,ONSIDE GAMING,Past Teams,,left in September 2026,source_month_or_unspecified,unverified,https://www.vlr.gg/team/19189/onside-gaming
17049,https://www.vlr.gg/player/17049/hermes,03d081a77527955d1f2e2bdef75311d18520f44f746f5daac3a689b9e3b9c76a,2026-10-06T16:01:07+00:00,8185,KIWOOM DRX,Past Teams,,January 2026 – June 2026,source_month_or_unspecified,unverified,https://www.vlr.gg/team/8185/kiwoom-drx
17049,https://www.vlr.gg/player/17049/hermes,03d081a77527955d1f2e2bdef75311d18520f44f746f5daac3a689b9e3b9c76a,2026-10-06T16:01:07+00:00,15744,FEARX,Past Teams,,December 2024 – September 2025,source_month_or_unspecified,unverified,https://www.vlr.gg/team/15744/fearx
17049,https://www.vlr.gg/player/17049/hermes,03d081a77527955d1f2e2bdef75311d18520f44f746f5daac3a689b9e3b9c76a,2026-10-06T16:01:07+00:00,14566,fOu Clan,Past Teams,,October 2024 – December 2024,source_month_or_unspecified,unverified,https://www.vlr.gg/team/14566/fou-clan
17049,https://www.vlr.gg/player/17049/hermes,03d081a77527955d1f2e2bdef75311d18520f44f746f5daac3a689b9e3b9c76a,2026-10-06T16:01:07+00:00,11348,Dplus Esports,Past Teams,,November 2023 – August 2024,source_month_or_unspecified,unverified,https://www.vlr.gg/team/11348/dplus-esports
17049,https://www.vlr.gg/player/17049/hermes,03d081a77527955d1f2e2bdef75311d18520f44f746f5daac3a689b9e3b9c76a,2026-10-06T16:01:07+00:00,8086,Maru Gaming,Past Teams,,December 2022 – June 2023,source_month_or_unspecified,unverified,https://www.vlr.gg/team/8086/maru-gaming
17049,https://www.vlr.gg/player/17049/hermes,03d081a77527955d1f2e2bdef75311d18520f44f746f5daac3a689b9e3b9c76a,2026-10-06T16:01:07+00:00,1670,F4Q,Past Teams,,joined in April 2022,source_month_or_unspecified,unverified,https://www.vlr.gg/team/1670/f4q
17049,https://www.vlr.gg/player/17049/hermes,03d081a77527955d1f2e2bdef75311d18520f44f746f5daac3a689b9e3b9c76a,2026-10-06T16:01:07+00:00,8075,HolyMolly,Past Teams,,,source_month_or_unspecified,unverified,https://www.vlr.gg/team/8075/holymolly
17049,https://www.vlr.gg/player/17049/hermes,03d081a77527955d1f2e2bdef75311d18520f44f746f5daac3a689b9e3b9c76a,2026-10-06T16:01:07+00:00,5350,Team Credit,Past Teams,,,source_month_or_unspecified,unverified,https://www.vlr.gg/team/5350/team-credit
17086,https://www.vlr.gg/player/17086/something,d5b8c5dc63bba35103122126a5bead7474e03eaa116ee100b91b5ba9d041a62f,2026-10-06T16:01:08+00:00,624,Paper Rex,Current Teams,,joined in March 2023,source_month_or_unspecified,unverified,https://www.vlr.gg/team/624/paper-rex
17086,https://www.vlr.gg/player/17086/something,d5b8c5dc63bba35103122126a5bead7474e03eaa116ee100b91b5ba9d041a62f,2026-10-06T16:01:08+00:00,17069,Paper Rex x Spotlight Series,Past Teams,,joined in December 2024,source_month_or_unspecified,unverified,https://www.vlr.gg/team/17069/paper-rex-x-spotlight-series
17086,https://www.vlr.gg/player/17086/something,d5b8c5dc63bba35103122126a5bead7474e03eaa116ee100b91b5ba9d041a62f,2026-10-06T16:01:08+00:00,283,Sengoku Gaming,Past Teams,,December 2022 – March 2023,source_month_or_unspecified,unverified,https://www.vlr.gg/team/283/sengoku-gaming
17086,https://www.vlr.gg/player/17086/something,d5b8c5dc63bba35103122126a5bead7474e03eaa116ee100b91b5ba9d041a62f,2026-10-06T16:01:08+00:00,283,Sengoku Gaming,Past Teams,,Inactive from September 2022,source_month_or_unspecified,unverified,https://www.vlr.gg/team/283/sengoku-gaming
17086,https://www.vlr.gg/player/17086/something,d5b8c5dc63bba35103122126a5bead7474e03eaa116ee100b91b5ba9d041a62f,2026-10-06T16:01:08+00:00,2108,BLUE BEES.ESP,Past Teams,,September 2021 – May 2022,source_month_or_unspecified,unverified,https://www.vlr.gg/team/2108/blue-bees-esp
17086,https://www.vlr.gg/player/17086/something,d5b8c5dc63bba35103122126a5bead7474e03eaa116ee100b91b5ba9d041a62f,2026-10-06T16:01:08+00:00,5148,Insomnia,Past Teams,,March 2021 – August 2021,source_month_or_unspecified,unverified,https://www.vlr.gg/team/5148/insomnia
17770,https://www.vlr.gg/player/17770/alvinboy,c257df6b03cdb3e4d21a34f52d3fe4444cda81dcfcf27ae498be05149fc592c9,2026-10-06T16:01:08+00:00,11001,M80,Current Teams,,joined in January 2026,source_month_or_unspecified,unverified,https://www.vlr.gg/team/11001/m80
17770,https://www.vlr.gg/player/17770/alvinboy,c257df6b03cdb3e4d21a34f52d3fe4444cda81dcfcf27ae498be05149fc592c9,2026-10-06T16:01:08+00:00,23349,meowwwwwwwwwwwwwwww,Past Teams,,,source_month_or_unspecified,unverified,https://www.vlr.gg/team/23349/meowwwwwwwwwwwwwwww
17770,https://www.vlr.gg/player/17770/alvinboy,c257df6b03cdb3e4d21a34f52d3fe4444cda81dcfcf27ae498be05149fc592c9,2026-10-06T16:01:08+00:00,106,TSM,Past Teams,stand-in,July 2025 – November 2025,source_month_or_unspecified,unverified,https://www.vlr.gg/team/106/tsm
17770,https://www.vlr.gg/player/17770/alvinboy,c257df6b03cdb3e4d21a34f52d3fe4444cda81dcfcf27ae498be05149fc592c9,2026-10-06T16:01:08+00:00,7711,Berzerkers,Past Teams,,,source_month_or_unspecified,unverified,https://www.vlr.gg/team/7711/berzerkers
17770,https://www.vlr.gg/player/17770/alvinboy,c257df6b03cdb3e4d21a34f52d3fe4444cda81dcfcf27ae498be05149fc592c9,2026-10-06T16:01:08+00:00,16445,curse,Past Teams,,left in May 2025,source_month_or_unspecified,unverified,https://www.vlr.gg/team/16445/curse
17770,https://www.vlr.gg/player/17770/alvinboy,c257df6b03cdb3e4d21a34f52d3fe4444cda81dcfcf27ae498be05149fc592c9,2026-10-06T16:01:08+00:00,16070,Burger Boyz 2.0,Past Teams,,,source_month_or_unspecified,unverified,https://www.vlr.gg/team/16070/burger-boyz-2-0
17770,https://www.vlr.gg/player/17770/alvinboy,c257df6b03cdb3e4d21a34f52d3fe4444cda81dcfcf27ae498be05149fc592c9,2026-10-06T16:01:08+00:00,13920,SaD Esports,Past Teams,,May 2024 – June 2024,source_month_or_unspecified,unverified,https://www.vlr.gg/team/13920/sad-esports
17770,https://www.vlr.gg/player/17770/alvinboy,c257df6b03cdb3e4d21a34f52d3fe4444cda81dcfcf27ae498be05149fc592c9,2026-10-06T16:01:08+00:00,15250,Burger Boyz,Past Teams,,left in July 2025,source_month_or_unspecified,unverified,https://www.vlr.gg/team/15250/burger-boyz
17770,https://www.vlr.gg/player/17770/alvinboy,c257df6b03cdb3e4d21a34f52d3fe4444cda81dcfcf27ae498be05149fc592c9,2026-10-06T16:01:08+00:00,14660,Burgerville,Past Teams,,,source_month_or_unspecified,unverified,https://www.vlr.gg/team/14660/burgerville
17770,https://www.vlr.gg/player/17770/alvinboy,c257df6b03cdb3e4d21a34f52d3fe4444cda81dcfcf27ae498be05149fc592c9,2026-10-06T16:01:08+00:00,5829,Team Mystic,Past Teams,,,source_month_or_unspecified,unverified,https://www.vlr.gg/team/5829/team-mystic
17770,https://www.vlr.gg/player/17770/alvinboy,c257df6b03cdb3e4d21a34f52d3fe4444cda81dcfcf27ae498be05149fc592c9,2026-10-06T16:01:08+00:00,11653,Rock Bottom,Past Teams,,,source_month_or_unspecified,unverified,https://www.vlr.gg/team/11653/rock-bottom
17770,https://www.vlr.gg/player/17770/alvinboy,c257df6b03cdb3e4d21a34f52d3fe4444cda81dcfcf27ae498be05149fc592c9,2026-10-06T16:01:08+00:00,7054,pasta fazool,Past Teams,,,source_month_or_unspecified,unverified,https://www.vlr.gg/team/7054/pasta-fazool
17770,https://www.vlr.gg/player/17770/alvinboy,c257df6b03cdb3e4d21a34f52d3fe4444cda81dcfcf27ae498be05149fc592c9,2026-10-06T16:01:08+00:00,7716,EDO TENSEI,Past Teams,,,source_month_or_unspecified,unverified,https://www.vlr.gg/team/7716/edo-tensei
17770,https://www.vlr.gg/player/17770/alvinboy,c257df6b03cdb3e4d21a34f52d3fe4444cda81dcfcf27ae498be05149fc592c9,2026-10-06T16:01:08+00:00,9072,X13,Past Teams,,left in November 2022,source_month_or_unspecified,unverified,https://www.vlr.gg/team/9072/x13
17770,https://www.vlr.gg/player/17770/alvinboy,c257df6b03cdb3e4d21a34f52d3fe4444cda81dcfcf27ae498be05149fc592c9,2026-10-06T16:01:08+00:00,8137,Team Noire Reborn,Past Teams,,,source_month_or_unspecified,unverified,https://www.vlr.gg/team/8137/team-noire-reborn
17770,https://www.vlr.gg/player/17770/alvinboy,c257df6b03cdb3e4d21a34f52d3fe4444cda81dcfcf27ae498be05149fc592c9,2026-10-06T16:01:08+00:00,8060,Strike X,Past Teams,,,source_month_or_unspecified,unverified,https://www.vlr.gg/team/8060/strike-x
17770,https://www.vlr.gg/player/17770/alvinboy,c257df6b03cdb3e4d21a34f52d3fe4444cda81dcfcf27ae498be05149fc592c9,2026-10-06T16:01:08+00:00,7223,Hitbox,Past Teams,,January 2022 – February 2022,source_month_or_unspecified,unverified,https://www.vlr.gg/team/7223/hitbox
17976,https://www.vlr.gg/player/17976/florescent,32fb6685a8b7c6eec8875024791b14bbfb363500112a1f1b6fde1b263ca44283,2026-10-06T16:01:09+00:00,21053,Azure Dragon Gaming,Current Teams,,joined in May 2026,source_month_or_unspecified,unverified,https://www.vlr.gg/team/21053/azure-dragon-gaming
17976,https://www.vlr.gg/player/17976/florescent,32fb6685a8b7c6eec8875024791b14bbfb363500112a1f1b6fde1b263ca44283,2026-10-06T16:01:09+00:00,11479,Apeks,Past Teams,,Inactive from April 2025,source_month_or_unspecified,unverified,https://www.vlr.gg/team/11479/apeks
17976,https://www.vlr.gg/player/17976/florescent,32fb6685a8b7c6eec8875024791b14bbfb363500112a1f1b6fde1b263ca44283,2026-10-06T16:01:09+00:00,14278,Shopify Rebellion Gold,Past Teams,,November 2023 – December 2024,source_month_or_unspecified,unverified,https://www.vlr.gg/team/14278/shopify-rebellion-gold
17976,https://www.vlr.gg/player/17976/florescent,32fb6685a8b7c6eec8875024791b14bbfb363500112a1f1b6fde1b263ca44283,2026-10-06T16:01:09+00:00,11201,Version1,Past Teams,,January 2023 – November 2023,source_month_or_unspecified,unverified,https://www.vlr.gg/team/11201/version1
17976,https://www.vlr.gg/player/17976/florescent,32fb6685a8b7c6eec8875024791b14bbfb363500112a1f1b6fde1b263ca44283,2026-10-06T16:01:09+00:00,10349,Team AverageJonas,Past Teams,,,source_month_or_unspecified,unverified,https://www.vlr.gg/team/10349/team-averagejonas
17976,https://www.vlr.gg/player/17976/florescent,32fb6685a8b7c6eec8875024791b14bbfb363500112a1f1b6fde1b263ca44283,2026-10-06T16:01:09+00:00,9671,Team Florescent,Past Teams,,,source_month_or_unspecified,unverified,https://www.vlr.gg/team/9671/team-florescent
17976,https://www.vlr.gg/player/17976/florescent,32fb6685a8b7c6eec8875024791b14bbfb363500112a1f1b6fde1b263ca44283,2026-10-06T16:01:09+00:00,6727,Misfits Black,Past Teams,,June 2022 – December 2022,source_month_or_unspecified,unverified,https://www.vlr.gg/team/6727/misfits-black
17976,https://www.vlr.gg/player/17976/florescent,32fb6685a8b7c6eec8875024791b14bbfb363500112a1f1b6fde1b263ca44283,2026-10-06T16:01:09+00:00,6504,Team Valiant,Past Teams,,,source_month_or_unspecified,unverified,https://www.vlr.gg/team/6504/team-valiant
18162,https://www.vlr.gg/player/18162/serial,b2d7517b389862101cd695b7071209eff809d5b44682c078afcd113d7c8dc7c1,2026-10-06T16:01:09+00:00,5214,CGN Esports,Current Teams,,,source_month_or_unspecified,unverified,https://www.vlr.gg/team/5214/cgn-esports
18162,https://www.vlr.gg/player/18162/serial,b2d7517b389862101cd695b7071209eff809d5b44682c078afcd113d7c8dc7c1,2026-10-06T16:01:09+00:00,17177,Pixel Lumina,Current Teams,,joined in August 2026,source_month_or_unspecified,unverified,https://www.vlr.gg/team/17177/pixel-lumina
18162,https://www.vlr.gg/player/18162/serial,b2d7517b389862101cd695b7071209eff809d5b44682c078afcd113d7c8dc7c1,2026-10-06T16:01:09+00:00,23070,Marbles,Past Teams,,,source_month_or_unspecified,unverified,https://www.vlr.gg/team/23070/marbles
18162,https://www.vlr.gg/player/18162/serial,b2d7517b389862101cd695b7071209eff809d5b44682c078afcd113d7c8dc7c1,2026-10-06T16:01:09+00:00,6882,FOKUS,Past Teams,,January 2026 – July 2026,source_month_or_unspecified,unverified,https://www.vlr.gg/team/6882/fokus
18162,https://www.vlr.gg/player/18162/serial,b2d7517b389862101cd695b7071209eff809d5b44682c078afcd113d7c8dc7c1,2026-10-06T16:01:09+00:00,6085,3BL Esports,Past Teams,,,source_month_or_unspecified,unverified,https://www.vlr.gg/team/6085/3bl-esports
18162,https://www.vlr.gg/player/18162/serial,b2d7517b389862101cd695b7071209eff809d5b44682c078afcd113d7c8dc7c1,2026-10-06T16:01:09+00:00,474,Team Liquid,Past Teams,,March 2025 – July 2025,source_month_or_unspecified,unverified,https://www.vlr.gg/team/474/team-liquid
18162,https://www.vlr.gg/player/18162/serial,b2d7517b389862101cd695b7071209eff809d5b44682c078afcd113d7c8dc7c1,2026-10-06T16:01:09+00:00,14614,HGE Esport,Past Teams,,January 2025 – March 2025,source_month_or_unspecified,unverified,https://www.vlr.gg/team/14614/hge-esport
18162,https://www.vlr.gg/player/18162/serial,b2d7517b389862101cd695b7071209eff809d5b44682c078afcd113d7c8dc7c1,2026-10-06T16:01:09+00:00,14429,Chipi Chapa's,Past Teams,,left in January 2025,source_month_or_unspecified,unverified,https://www.vlr.gg/team/14429/chipi-chapas
18162,https://www.vlr.gg/player/18162/serial,b2d7517b389862101cd695b7071209eff809d5b44682c078afcd113d7c8dc7c1,2026-10-06T16:01:09+00:00,12052,GamingXD,Past Teams,,,source_month_or_unspecified,unverified,https://www.vlr.gg/team/12052/gamingxd
18162,https://www.vlr.gg/player/18162/serial,b2d7517b389862101cd695b7071209eff809d5b44682c078afcd113d7c8dc7c1,2026-10-06T16:01:09+00:00,12127,3LDR,Past Teams,,,source_month_or_unspecified,unverified,https://www.vlr.gg/team/12127/3ldr
18162,https://www.vlr.gg/player/18162/serial,b2d7517b389862101cd695b7071209eff809d5b44682c078afcd113d7c8dc7c1,2026-10-06T16:01:09+00:00,11869,Creeper Consumer,Past Teams,,,source_month_or_unspecified,unverified,https://www.vlr.gg/team/11869/creeper-consumer
18162,https://www.vlr.gg/player/18162/serial,b2d7517b389862101cd695b7071209eff809d5b44682c078afcd113d7c8dc7c1,2026-10-06T16:01:09+00:00,6106,Team Elysion,Past Teams,,,source_month_or_unspecified,unverified,https://www.vlr.gg/team/6106/team-elysion
18162,https://www.vlr.gg/player/18162/serial,b2d7517b389862101cd695b7071209eff809d5b44682c078afcd113d7c8dc7c1,2026-10-06T16:01:09+00:00,5708,Aimbot Astronauts,Past Teams,,,source_month_or_unspecified,unverified,https://www.vlr.gg/team/5708/aimbot-astronauts
18350,https://www.vlr.gg/player/18350/miniboo,5b204b9d5307ad487655c7387801a653fc6d4ac9c408c2eac61a90e9080517fd,2026-10-06T16:01:10+00:00,474,Team Liquid,Current Teams,,Inactive from June 2026,source_month_or_unspecified,unverified,https://www.vlr.gg/team/474/team-liquid
18350,https://www.vlr.gg/player/18350/miniboo,5b204b9d5307ad487655c7387801a653fc6d4ac9c408c2eac61a90e9080517fd,2026-10-06T16:01:10+00:00,22786,Lithuania,Past Teams,,joined in June 2026,source_month_or_unspecified,unverified,https://www.vlr.gg/team/22786/lithuania
18350,https://www.vlr.gg/player/18350/miniboo,5b204b9d5307ad487655c7387801a653fc6d4ac9c408c2eac61a90e9080517fd,2026-10-06T16:01:10+00:00,1001,Team Heretics,Past Teams,,October 2023 – October 2025,source_month_or_unspecified,unverified,https://www.vlr.gg/team/1001/team-heretics
18350,https://www.vlr.gg/player/18350/miniboo,5b204b9d5307ad487655c7387801a653fc6d4ac9c408c2eac61a90e9080517fd,2026-10-06T16:01:10+00:00,6149,Case Esports,Past Teams,,September 2022 – September 2023,source_month_or_unspecified,unverified,https://www.vlr.gg/team/6149/case-esports
18350,https://www.vlr.gg/player/18350/miniboo,5b204b9d5307ad487655c7387801a653fc6d4ac9c408c2eac61a90e9080517fd,2026-10-06T16:01:10+00:00,1163,Arctic,Past Teams,,Inactive from June 2022,source_month_or_unspecified,unverified,https://www.vlr.gg/team/1163/arctic
18350,https://www.vlr.gg/player/18350/miniboo,5b204b9d5307ad487655c7387801a653fc6d4ac9c408c2eac61a90e9080517fd,2026-10-06T16:01:10+00:00,7156,Soldados de Lembo,Past Teams,,left in January 2022,source_month_or_unspecified,unverified,https://www.vlr.gg/team/7156/soldados-de-lembo
18350,https://www.vlr.gg/player/18350/miniboo,5b204b9d5307ad487655c7387801a653fc6d4ac9c408c2eac61a90e9080517fd,2026-10-06T16:01:10+00:00,10094,GMT Esports,Past Teams,,August 2021 – December 2021,source_month_or_unspecified,unverified,https://www.vlr.gg/team/10094/gmt-esports
18350,https://www.vlr.gg/player/18350/miniboo,5b204b9d5307ad487655c7387801a653fc6d4ac9c408c2eac61a90e9080517fd,2026-10-06T16:01:10+00:00,5679,Gydom Galva,Past Teams,,left in August 2021,source_month_or_unspecified,unverified,https://www.vlr.gg/team/5679/gydom-galva
18400,https://www.vlr.gg/player/18400/bipo,33e2c7cf40d8f6b7f8100f7f644c839211475d923484bdc9a90627f607cefc4f,2026-10-06T16:01:11+00:00,12694,Gentle Mates,Current Teams,,Inactive from August 2026,source_month_or_unspecified,unverified,https://www.vlr.gg/team/12694/gentle-mates
18400,https://www.vlr.gg/player/18400/bipo,33e2c7cf40d8f6b7f8100f7f644c839211475d923484bdc9a90627f607cefc4f,2026-10-06T16:01:11+00:00,8044,MOUZ,Past Teams,,January 2025 – October 2025,source_month_or_unspecified,unverified,https://www.vlr.gg/team/8044/mouz
18400,https://www.vlr.gg/player/18400/bipo,33e2c7cf40d8f6b7f8100f7f644c839211475d923484bdc9a90627f607cefc4f,2026-10-06T16:01:11+00:00,10127,Team Italy,Past Teams,,,source_month_or_unspecified,unverified,https://www.vlr.gg/team/10127/team-italy
18400,https://www.vlr.gg/player/18400/bipo,33e2c7cf40d8f6b7f8100f7f644c839211475d923484bdc9a90627f607cefc4f,2026-10-06T16:01:11+00:00,13161,NOVO Esports,Past Teams,,left in August 2024,source_month_or_unspecified,unverified,https://www.vlr.gg/team/13161/novo-esports
18400,https://www.vlr.gg/player/18400/bipo,33e2c7cf40d8f6b7f8100f7f644c839211475d923484bdc9a90627f607cefc4f,2026-10-06T16:01:11+00:00,10094,GMT Esports,Past Teams,,Inactive from July 2023,source_month_or_unspecified,unverified,https://www.vlr.gg/team/10094/gmt-esports
18400,https://www.vlr.gg/player/18400/bipo,33e2c7cf40d8f6b7f8100f7f644c839211475d923484bdc9a90627f607cefc4f,2026-10-06T16:01:11+00:00,3347,Angry Titans,Past Teams,,April 2022 – August 2022,source_month_or_unspecified,unverified,https://www.vlr.gg/team/3347/angry-titans
18400,https://www.vlr.gg/player/18400/bipo,33e2c7cf40d8f6b7f8100f7f644c839211475d923484bdc9a90627f607cefc4f,2026-10-06T16:01:11+00:00,6538,DSYRE,Past Teams,,left in April 2022,source_month_or_unspecified,unverified,https://www.vlr.gg/team/6538/dsyre
18677,https://www.vlr.gg/player/18677/ruxic,3af25bb09d03e994eb3f681b8f9295e4f047a102239f70057d3ff03905c46bfe,2026-10-06T16:01:11+00:00,4915,Natus Vincere,Current Teams,,joined in December 2024,source_month_or_unspecified,unverified,https://www.vlr.gg/team/4915/natus-vincere
18677,https://www.vlr.gg/player/18677/ruxic,3af25bb09d03e994eb3f681b8f9295e4f047a102239f70057d3ff03905c46bfe,2026-10-06T16:01:11+00:00,22781,Türkiye,Past Teams,,joined in June 2026,source_month_or_unspecified,unverified,https://www.vlr.gg/team/22781/t-rkiye
18677,https://www.vlr.gg/player/18677/ruxic,3af25bb09d03e994eb3f681b8f9295e4f047a102239f70057d3ff03905c46bfe,2026-10-06T16:01:11+00:00,4669,Digital Athletics,Past Teams,,joined in March 2023,source_month_or_unspecified,unverified,https://www.vlr.gg/team/4669/digital-athletics
18677,https://www.vlr.gg/player/18677/ruxic,3af25bb09d03e994eb3f681b8f9295e4f047a102239f70057d3ff03905c46bfe,2026-10-06T16:01:11+00:00,20085,Fire Flux Esports,Past Teams,,March 2023 – March 2023,source_month_or_unspecified,unverified,https://www.vlr.gg/team/20085/fire-flux-esports
18677,https://www.vlr.gg/player/18677/ruxic,3af25bb09d03e994eb3f681b8f9295e4f047a102239f70057d3ff03905c46bfe,2026-10-06T16:01:11+00:00,6751,Parla Esports,Past Teams,,March 2022 – March 2023,source_month_or_unspecified,unverified,https://www.vlr.gg/team/6751/parla-esports
18796,https://www.vlr.gg/player/18796/oxy,5d7d35ce29986374bcb8aa60b53c7c7decc4b66ab6eb5323cf8b7980fc89d93c,2026-10-06T16:01:12+00:00,188,Cloud9,Current Teams,,joined in September 2023,source_month_or_unspecified,unverified,https://www.vlr.gg/team/188/cloud9
18796,https://www.vlr.gg/player/18796/oxy,5d7d35ce29986374bcb8aa60b53c7c7decc4b66ab6eb5323cf8b7980fc89d93c,2026-10-06T16:01:12+00:00,11058,G2 Esports,Past Teams,,December 2022 – July 2023,source_month_or_unspecified,unverified,https://www.vlr.gg/team/11058/g2-esports
18796,https://www.vlr.gg/player/18796/oxy,5d7d35ce29986374bcb8aa60b53c7c7decc4b66ab6eb5323cf8b7980fc89d93c,2026-10-06T16:01:12+00:00,9504,Dark Ratio,Past Teams,,left in December 2022,source_month_or_unspecified,unverified,https://www.vlr.gg/team/9504/dark-ratio
18796,https://www.vlr.gg/player/18796/oxy,5d7d35ce29986374bcb8aa60b53c7c7decc4b66ab6eb5323cf8b7980fc89d93c,2026-10-06T16:01:12+00:00,5038,YFP,Past Teams,,June 2022 – June 2022,source_month_or_unspecified,unverified,https://www.vlr.gg/team/5038/yfp
18796,https://www.vlr.gg/player/18796/oxy,5d7d35ce29986374bcb8aa60b53c7c7decc4b66ab6eb5323cf8b7980fc89d93c,2026-10-06T16:01:12+00:00,793,Moon Raccoons,Past Teams,,March 2022 – March 2022,source_month_or_unspecified,unverified,https://www.vlr.gg/team/793/moon-raccoons
18796,https://www.vlr.gg/player/18796/oxy,5d7d35ce29986374bcb8aa60b53c7c7decc4b66ab6eb5323cf8b7980fc89d93c,2026-10-06T16:01:12+00:00,6990,Vireo.pro,Past Teams,,left in February 2022,source_month_or_unspecified,unverified,https://www.vlr.gg/team/6990/vireo-pro
19530,https://www.vlr.gg/player/19530/aaaay,96b9bd63b133f9f116ab2f2c0f7740bbcd71e98a533472c7c4fce398c5188473,2026-10-06T16:01:13+00:00,11328,FunPlus Phoenix,Current Teams,,joined in January 2023,source_month_or_unspecified,unverified,https://www.vlr.gg/team/11328/funplus-phoenix
19530,https://www.vlr.gg/player/19530/aaaay,96b9bd63b133f9f116ab2f2c0f7740bbcd71e98a533472c7c4fce398c5188473,2026-10-06T16:01:13+00:00,6094,FunPlus Phoenix ZHUQUE,Past Teams,,left in January 2023,source_month_or_unspecified,unverified,https://www.vlr.gg/team/6094/funplus-phoenix-zhuque
19530,https://www.vlr.gg/player/19530/aaaay,96b9bd63b133f9f116ab2f2c0f7740bbcd71e98a533472c7c4fce398c5188473,2026-10-06T16:01:13+00:00,1211,Totoro Gaming,Past Teams,,left in June 2023,source_month_or_unspecified,unverified,https://www.vlr.gg/team/1211/totoro-gaming
19677,https://www.vlr.gg/player/19677/lucas,4a6be5e3e1a516e78860453380458d5dc6033456c7b228fbfbdc8bbbdf98b50b,2026-10-06T16:01:13+00:00,14137,Titan Esports Club,Current Teams,,joined in May 2025,source_month_or_unspecified,unverified,https://www.vlr.gg/team/14137/titan-esports-club
19677,https://www.vlr.gg/player/19677/lucas,4a6be5e3e1a516e78860453380458d5dc6033456c7b228fbfbdc8bbbdf98b50b,2026-10-06T16:01:13+00:00,15080,Crime City,Past Teams,,,source_month_or_unspecified,unverified,https://www.vlr.gg/team/15080/crime-city
19677,https://www.vlr.gg/player/19677/lucas,4a6be5e3e1a516e78860453380458d5dc6033456c7b228fbfbdc8bbbdf98b50b,2026-10-06T16:01:13+00:00,13847,SaD Purple,Past Teams,,,source_month_or_unspecified,unverified,https://www.vlr.gg/team/13847/sad-purple
19677,https://www.vlr.gg/player/19677/lucas,4a6be5e3e1a516e78860453380458d5dc6033456c7b228fbfbdc8bbbdf98b50b,2026-10-06T16:01:13+00:00,11234,Mochi Fanclub,Past Teams,,,source_month_or_unspecified,unverified,https://www.vlr.gg/team/11234/mochi-fanclub
19677,https://www.vlr.gg/player/19677/lucas,4a6be5e3e1a516e78860453380458d5dc6033456c7b228fbfbdc8bbbdf98b50b,2026-10-06T16:01:13+00:00,6417,Fluid Gaming,Past Teams,,,source_month_or_unspecified,unverified,https://www.vlr.gg/team/6417/fluid-gaming
19677,https://www.vlr.gg/player/19677/lucas,4a6be5e3e1a516e78860453380458d5dc6033456c7b228fbfbdc8bbbdf98b50b,2026-10-06T16:01:13+00:00,9388,Ambition,Past Teams,,,source_month_or_unspecified,unverified,https://www.vlr.gg/team/9388/ambition
19677,https://www.vlr.gg/player/19677/lucas,4a6be5e3e1a516e78860453380458d5dc6033456c7b228fbfbdc8bbbdf98b50b,2026-10-06T16:01:13+00:00,1248,TradeLikePros,Past Teams,,left in September 2022,source_month_or_unspecified,unverified,https://www.vlr.gg/team/1248/tradelikepros
19677,https://www.vlr.gg/player/19677/lucas,4a6be5e3e1a516e78860453380458d5dc6033456c7b228fbfbdc8bbbdf98b50b,2026-10-06T16:01:13+00:00,1301,Exotic,Past Teams,,left in May 2022,source_month_or_unspecified,unverified,https://www.vlr.gg/team/1301/exotic
19677,https://www.vlr.gg/player/19677/lucas,4a6be5e3e1a516e78860453380458d5dc6033456c7b228fbfbdc8bbbdf98b50b,2026-10-06T16:01:13+00:00,7329,SHOWRUNNERS,Past Teams,,,source_month_or_unspecified,unverified,https://www.vlr.gg/team/7329/showrunners
19677,https://www.vlr.gg/player/19677/lucas,4a6be5e3e1a516e78860453380458d5dc6033456c7b228fbfbdc8bbbdf98b50b,2026-10-06T16:01:13+00:00,6651,One Percent,Past Teams,,left in December 2021,source_month_or_unspecified,unverified,https://www.vlr.gg/team/6651/one-percent
19691,https://www.vlr.gg/player/19691/tomaszy,c9a06f0fa4c8361914b0ffda0eb99484401956363e6c044f2855a6b4271c01f7,2026-10-06T16:01:14+00:00,10417,Formulation Gaming,Current Teams,,,source_month_or_unspecified,unverified,https://www.vlr.gg/team/10417/formulation-gaming
19691,https://www.vlr.gg/player/19691/tomaszy,c9a06f0fa4c8361914b0ffda0eb99484401956363e6c044f2855a6b4271c01f7,2026-10-06T16:01:14+00:00,14419,GIANTX,Current Teams,,Inactive from April 2025,source_month_or_unspecified,unverified,https://www.vlr.gg/team/14419/giantx
19691,https://www.vlr.gg/player/19691/tomaszy,c9a06f0fa4c8361914b0ffda0eb99484401956363e6c044f2855a6b4271c01f7,2026-10-06T16:01:14+00:00,16466,DimoniX eSports,Past Teams,,,source_month_or_unspecified,unverified,https://www.vlr.gg/team/16466/dimonix-esports
19691,https://www.vlr.gg/player/19691/tomaszy,c9a06f0fa4c8361914b0ffda0eb99484401956363e6c044f2855a6b4271c01f7,2026-10-06T16:01:14+00:00,22854,Portugal,Past Teams,,joined in June 2026,source_month_or_unspecified,unverified,https://www.vlr.gg/team/22854/portugal
19691,https://www.vlr.gg/player/19691/tomaszy,c9a06f0fa4c8361914b0ffda0eb99484401956363e6c044f2855a6b4271c01f7,2026-10-06T16:01:14+00:00,1471,Team RA'AD,Past Teams,,joined in January 2026,source_month_or_unspecified,unverified,https://www.vlr.gg/team/1471/team-raad
19691,https://www.vlr.gg/player/19691/tomaszy,c9a06f0fa4c8361914b0ffda0eb99484401956363e6c044f2855a6b4271c01f7,2026-10-06T16:01:14+00:00,5214,CGN Esports,Past Teams,loan,July 2025 – August 2025,source_month_or_unspecified,unverified,https://www.vlr.gg/team/5214/cgn-esports
19691,https://www.vlr.gg/player/19691/tomaszy,c9a06f0fa4c8361914b0ffda0eb99484401956363e6c044f2855a6b4271c01f7,2026-10-06T16:01:14+00:00,8877,Karmine Corp,Past Teams,,Inactive from September 2024,source_month_or_unspecified,unverified,https://www.vlr.gg/team/8877/karmine-corp
19691,https://www.vlr.gg/player/19691/tomaszy,c9a06f0fa4c8361914b0ffda0eb99484401956363e6c044f2855a6b4271c01f7,2026-10-06T16:01:14+00:00,2755,SAW,Past Teams,,Inactive from September 2023,source_month_or_unspecified,unverified,https://www.vlr.gg/team/2755/saw
19691,https://www.vlr.gg/player/19691/tomaszy,c9a06f0fa4c8361914b0ffda0eb99484401956363e6c044f2855a6b4271c01f7,2026-10-06T16:01:14+00:00,6750,Rebels Gaming,Past Teams,stand-in,June 2022 – July 2022,source_month_or_unspecified,unverified,https://www.vlr.gg/team/6750/rebels-gaming
19691,https://www.vlr.gg/player/19691/tomaszy,c9a06f0fa4c8361914b0ffda0eb99484401956363e6c044f2855a6b4271c01f7,2026-10-06T16:01:14+00:00,8637,Arroz,Past Teams,,April 2022 – December 2022,source_month_or_unspecified,unverified,https://www.vlr.gg/team/8637/arroz
20140,https://www.vlr.gg/player/20140/vora,5dd5c573ff7a2c92067a2e9078cf326a7a2f41ca3fcab41e3f458f8d287fe317,2026-10-06T16:01:14+00:00,120,100 Thieves,Current Teams,,joined in November 2025,source_month_or_unspecified,unverified,https://www.vlr.gg/team/120/100-thieves
20140,https://www.vlr.gg/player/20140/vora,5dd5c573ff7a2c92067a2e9078cf326a7a2f41ca3fcab41e3f458f8d287fe317,2026-10-06T16:01:14+00:00,106,TSM,Past Teams,,January 2025 – November 2025,source_month_or_unspecified,unverified,https://www.vlr.gg/team/106/tsm
20140,https://www.vlr.gg/player/20140/vora,5dd5c573ff7a2c92067a2e9078cf326a7a2f41ca3fcab41e3f458f8d287fe317,2026-10-06T16:01:14+00:00,9195,Project VII,Past Teams,,left in December 2022,source_month_or_unspecified,unverified,https://www.vlr.gg/team/9195/project-vii
20140,https://www.vlr.gg/player/20140/vora,5dd5c573ff7a2c92067a2e9078cf326a7a2f41ca3fcab41e3f458f8d287fe317,2026-10-06T16:01:14+00:00,6146,Team Rocket,Past Teams,,,source_month_or_unspecified,unverified,https://www.vlr.gg/team/6146/team-rocket
20140,https://www.vlr.gg/player/20140/vora,5dd5c573ff7a2c92067a2e9078cf326a7a2f41ca3fcab41e3f458f8d287fe317,2026-10-06T16:01:14+00:00,6379,Waverunners,Past Teams,,September 2021 – November 2021,source_month_or_unspecified,unverified,https://www.vlr.gg/team/6379/waverunners
20144,https://www.vlr.gg/player/20144/lewn,c4dd7fa27dee553dba1a62702b54c2e7f68558d2eb0dbf1ae86449fccf5a0c4e,2026-10-06T16:01:15+00:00,8877,Karmine Corp,Current Teams,,joined in January 2026,source_month_or_unspecified,unverified,https://www.vlr.gg/team/8877/karmine-corp
20144,https://www.vlr.gg/player/20144/lewn,c4dd7fa27dee553dba1a62702b54c2e7f68558d2eb0dbf1ae86449fccf5a0c4e,2026-10-06T16:01:15+00:00,397,BBL Esports,Past Teams,,Inactive from November 2025,source_month_or_unspecified,unverified,https://www.vlr.gg/team/397/bbl-esports
20144,https://www.vlr.gg/player/20144/lewn,c4dd7fa27dee553dba1a62702b54c2e7f68558d2eb0dbf1ae86449fccf5a0c4e,2026-10-06T16:01:15+00:00,4572,Galatasaray Esports,Past Teams,,December 2023 – October 2024,source_month_or_unspecified,unverified,https://www.vlr.gg/team/4572/galatasaray-esports
20144,https://www.vlr.gg/player/20144/lewn,c4dd7fa27dee553dba1a62702b54c2e7f68558d2eb0dbf1ae86449fccf5a0c4e,2026-10-06T16:01:15+00:00,3478,PCIFIC Esports,Past Teams,,,source_month_or_unspecified,unverified,https://www.vlr.gg/team/3478/pcific-esports
20144,https://www.vlr.gg/player/20144/lewn,c4dd7fa27dee553dba1a62702b54c2e7f68558d2eb0dbf1ae86449fccf5a0c4e,2026-10-06T16:01:15+00:00,11087,KÖSTEBEKGİLLER,Past Teams,,,source_month_or_unspecified,unverified,https://www.vlr.gg/team/11087/k-stebekg-ller
20144,https://www.vlr.gg/player/20144/lewn,c4dd7fa27dee553dba1a62702b54c2e7f68558d2eb0dbf1ae86449fccf5a0c4e,2026-10-06T16:01:15+00:00,8606,Wofdex Esports,Past Teams,,,source_month_or_unspecified,unverified,https://www.vlr.gg/team/8606/wofdex-esports
20240,https://www.vlr.gg/player/20240/xenom,c2cf9f583828863994f94b5d5a903ff07a7740ed3609bcd310428e29aba13c88,2026-10-06T16:01:16+00:00,15072,2Game Esports,Current Teams,,joined in May 2026,source_month_or_unspecified,unverified,https://www.vlr.gg/team/15072/2game-esports
20240,https://www.vlr.gg/player/20240/xenom,c2cf9f583828863994f94b5d5a903ff07a7740ed3609bcd310428e29aba13c88,2026-10-06T16:01:16+00:00,21121,Equipe Caos,Past Teams,,joined in January 2026,source_month_or_unspecified,unverified,https://www.vlr.gg/team/21121/equipe-caos
20240,https://www.vlr.gg/player/20240/xenom,c2cf9f583828863994f94b5d5a903ff07a7740ed3609bcd310428e29aba13c88,2026-10-06T16:01:16+00:00,7386,MIBR,Past Teams,,November 2024 – December 2025,source_month_or_unspecified,unverified,https://www.vlr.gg/team/7386/mibr
20240,https://www.vlr.gg/player/20240/xenom,c2cf9f583828863994f94b5d5a903ff07a7740ed3609bcd310428e29aba13c88,2026-10-06T16:01:16+00:00,10727,Stellae Gaming,Past Teams,,May 2024 – January 2026,source_month_or_unspecified,unverified,https://www.vlr.gg/team/10727/stellae-gaming
20240,https://www.vlr.gg/player/20240/xenom,c2cf9f583828863994f94b5d5a903ff07a7740ed3609bcd310428e29aba13c88,2026-10-06T16:01:16+00:00,14550,Xenom com M,Past Teams,,,source_month_or_unspecified,unverified,https://www.vlr.gg/team/14550/xenom-com-m
20240,https://www.vlr.gg/player/20240/xenom,c2cf9f583828863994f94b5d5a903ff07a7740ed3609bcd310428e29aba13c88,2026-10-06T16:01:16+00:00,10735,TropiCaos,Past Teams,,,source_month_or_unspecified,unverified,https://www.vlr.gg/team/10735/tropicaos
20240,https://www.vlr.gg/player/20240/xenom,c2cf9f583828863994f94b5d5a903ff07a7740ed3609bcd310428e29aba13c88,2026-10-06T16:01:16+00:00,8528,Laboratorio do Leozin,Past Teams,,,source_month_or_unspecified,unverified,https://www.vlr.gg/team/8528/laboratorio-do-leozin
20240,https://www.vlr.gg/player/20240/xenom,c2cf9f583828863994f94b5d5a903ff07a7740ed3609bcd310428e29aba13c88,2026-10-06T16:01:16+00:00,6405,Inflames,Past Teams,,,source_month_or_unspecified,unverified,https://www.vlr.gg/team/6405/inflames
20957,https://www.vlr.gg/player/20957/stunna,bb22a0149bab9601212a73adf19586287a4fdee309d9d9f9ea25b58c3c2903ae,2026-10-06T16:01:16+00:00,5601,Nightblood Gaming,Current Teams,,joined in May 2026,source_month_or_unspecified,unverified,https://www.vlr.gg/team/5601/nightblood-gaming
20957,https://www.vlr.gg/player/20957/stunna,bb22a0149bab9601212a73adf19586287a4fdee309d9d9f9ea25b58c3c2903ae,2026-10-06T16:01:16+00:00,21054,Evil Geniuses Academy,Past Teams,,January 2026 – March 2026,source_month_or_unspecified,unverified,https://www.vlr.gg/team/21054/evil-geniuses-academy
20957,https://www.vlr.gg/player/20957/stunna,bb22a0149bab9601212a73adf19586287a4fdee309d9d9f9ea25b58c3c2903ae,2026-10-06T16:01:16+00:00,19415,Dynamo,Past Teams,,,source_month_or_unspecified,unverified,https://www.vlr.gg/team/19415/dynamo
20957,https://www.vlr.gg/player/20957/stunna,bb22a0149bab9601212a73adf19586287a4fdee309d9d9f9ea25b58c3c2903ae,2026-10-06T16:01:16+00:00,18831,The Fry Cooks,Past Teams,,,source_month_or_unspecified,unverified,https://www.vlr.gg/team/18831/the-fry-cooks
20957,https://www.vlr.gg/player/20957/stunna,bb22a0149bab9601212a73adf19586287a4fdee309d9d9f9ea25b58c3c2903ae,2026-10-06T16:01:16+00:00,16121,Funhavers,Past Teams,,left in May 2025,source_month_or_unspecified,unverified,https://www.vlr.gg/team/16121/funhavers
20957,https://www.vlr.gg/player/20957/stunna,bb22a0149bab9601212a73adf19586287a4fdee309d9d9f9ea25b58c3c2903ae,2026-10-06T16:01:16+00:00,14710,VisionZ,Past Teams,,joined in January 2024,source_month_or_unspecified,unverified,https://www.vlr.gg/team/14710/visionz
20957,https://www.vlr.gg/player/20957/stunna,bb22a0149bab9601212a73adf19586287a4fdee309d9d9f9ea25b58c3c2903ae,2026-10-06T16:01:16+00:00,12806,BreakThru Academy,Past Teams,,left in January 2024,source_month_or_unspecified,unverified,https://www.vlr.gg/team/12806/breakthru-academy
20957,https://www.vlr.gg/player/20957/stunna,bb22a0149bab9601212a73adf19586287a4fdee309d9d9f9ea25b58c3c2903ae,2026-10-06T16:01:16+00:00,9640,Aspire Unit,Past Teams,,,source_month_or_unspecified,unverified,https://www.vlr.gg/team/9640/aspire-unit
20957,https://www.vlr.gg/player/20957/stunna,bb22a0149bab9601212a73adf19586287a4fdee309d9d9f9ea25b58c3c2903ae,2026-10-06T16:01:16+00:00,6679,Disciples,Past Teams,,,source_month_or_unspecified,unverified,https://www.vlr.gg/team/6679/disciples
20959,https://www.vlr.gg/player/20959/toozy,ca05be2b45539487fc18ddfe320d5e4c880cb2039b8139de0a4f8910bce8db81,2026-10-06T16:01:17+00:00,5601,Nightblood Gaming,Current Teams,,joined in May 2026,source_month_or_unspecified,unverified,https://www.vlr.gg/team/5601/nightblood-gaming
20959,https://www.vlr.gg/player/20959/toozy,ca05be2b45539487fc18ddfe320d5e4c880cb2039b8139de0a4f8910bce8db81,2026-10-06T16:01:17+00:00,10533,Northwood University,Current Teams,,,source_month_or_unspecified,unverified,https://www.vlr.gg/team/10533/northwood-university
20959,https://www.vlr.gg/player/20959/toozy,ca05be2b45539487fc18ddfe320d5e4c880cb2039b8139de0a4f8910bce8db81,2026-10-06T16:01:17+00:00,16278,Blue Otter,Past Teams,,,source_month_or_unspecified,unverified,https://www.vlr.gg/team/16278/blue-otter
20959,https://www.vlr.gg/player/20959/toozy,ca05be2b45539487fc18ddfe320d5e4c880cb2039b8139de0a4f8910bce8db81,2026-10-06T16:01:17+00:00,6985,QoR,Past Teams,,joined in June 2025,source_month_or_unspecified,unverified,https://www.vlr.gg/team/6985/qor
20959,https://www.vlr.gg/player/20959/toozy,ca05be2b45539487fc18ddfe320d5e4c880cb2039b8139de0a4f8910bce8db81,2026-10-06T16:01:17+00:00,18587,No Home,Past Teams,,,source_month_or_unspecified,unverified,https://www.vlr.gg/team/18587/no-home
20959,https://www.vlr.gg/player/20959/toozy,ca05be2b45539487fc18ddfe320d5e4c880cb2039b8139de0a4f8910bce8db81,2026-10-06T16:01:17+00:00,13920,SaD Esports,Past Teams,,January 2025 – June 2025,source_month_or_unspecified,unverified,https://www.vlr.gg/team/13920/sad-esports
20959,https://www.vlr.gg/player/20959/toozy,ca05be2b45539487fc18ddfe320d5e4c880cb2039b8139de0a4f8910bce8db81,2026-10-06T16:01:17+00:00,16229,ENVEE Esports,Past Teams,,,source_month_or_unspecified,unverified,https://www.vlr.gg/team/16229/envee-esports
20959,https://www.vlr.gg/player/20959/toozy,ca05be2b45539487fc18ddfe320d5e4c880cb2039b8139de0a4f8910bce8db81,2026-10-06T16:01:17+00:00,10971,RyZ Knights,Past Teams,,left in June 2024,source_month_or_unspecified,unverified,https://www.vlr.gg/team/10971/ryz-knights
20959,https://www.vlr.gg/player/20959/toozy,ca05be2b45539487fc18ddfe320d5e4c880cb2039b8139de0a4f8910bce8db81,2026-10-06T16:01:17+00:00,10479,Fisher Navy,Past Teams,,,source_month_or_unspecified,unverified,https://www.vlr.gg/team/10479/fisher-navy
20959,https://www.vlr.gg/player/20959/toozy,ca05be2b45539487fc18ddfe320d5e4c880cb2039b8139de0a4f8910bce8db81,2026-10-06T16:01:17+00:00,6729,Levitate,Past Teams,,joined in January 2023,source_month_or_unspecified,unverified,https://www.vlr.gg/team/6729/levitate
20959,https://www.vlr.gg/player/20959/toozy,ca05be2b45539487fc18ddfe320d5e4c880cb2039b8139de0a4f8910bce8db81,2026-10-06T16:01:17+00:00,10467,Fisher Tea Party,Past Teams,,,source_month_or_unspecified,unverified,https://www.vlr.gg/team/10467/fisher-tea-party
21216,https://www.vlr.gg/player/21216/f4ngeer,abf7d8364b73c936204cb333bb538230d7a40aaeaecc992a55c13313e9992ca2,2026-10-06T16:01:17+00:00,1119,All Gamers,Current Teams,,joined in December 2025,source_month_or_unspecified,unverified,https://www.vlr.gg/team/1119/all-gamers
21216,https://www.vlr.gg/player/21216/f4ngeer,abf7d8364b73c936204cb333bb538230d7a40aaeaecc992a55c13313e9992ca2,2026-10-06T16:01:17+00:00,17142,KCORP Blue Stars,Past Teams,,Inactive from October 2025,source_month_or_unspecified,unverified,https://www.vlr.gg/team/17142/kcorp-blue-stars
21216,https://www.vlr.gg/player/21216/f4ngeer,abf7d8364b73c936204cb333bb538230d7a40aaeaecc992a55c13313e9992ca2,2026-10-06T16:01:17+00:00,9621,trashcan,Past Teams,,left in January 2025,source_month_or_unspecified,unverified,https://www.vlr.gg/team/9621/trashcan
21216,https://www.vlr.gg/player/21216/f4ngeer,abf7d8364b73c936204cb333bb538230d7a40aaeaecc992a55c13313e9992ca2,2026-10-06T16:01:17+00:00,14322,top gz,Past Teams,,,source_month_or_unspecified,unverified,https://www.vlr.gg/team/14322/top-gz
21216,https://www.vlr.gg/player/21216/f4ngeer,abf7d8364b73c936204cb333bb538230d7a40aaeaecc992a55c13313e9992ca2,2026-10-06T16:01:17+00:00,12331,botiki prada,Past Teams,,August 2023 – September 2023,source_month_or_unspecified,unverified,https://www.vlr.gg/team/12331/botiki-prada
21251,https://www.vlr.gg/player/21251/blowz,70d1fe938043133478adafe36d91e13bdc4b14d953a04b9275c48d4b20a862e4,2026-10-06T16:01:18+00:00,2359,LEVIATÁN,Current Teams,,joined in November 2025,source_month_or_unspecified,unverified,https://www.vlr.gg/team/2359/leviat-n
21251,https://www.vlr.gg/player/21251/blowz,70d1fe938043133478adafe36d91e13bdc4b14d953a04b9275c48d4b20a862e4,2026-10-06T16:01:18+00:00,9425,LEVIATÁN Academy,Past Teams,,December 2024 – November 2025,source_month_or_unspecified,unverified,https://www.vlr.gg/team/9425/leviat-n-academy
21251,https://www.vlr.gg/player/21251/blowz,70d1fe938043133478adafe36d91e13bdc4b14d953a04b9275c48d4b20a862e4,2026-10-06T16:01:18+00:00,15745,THE 7,Past Teams,,left in October 2024,source_month_or_unspecified,unverified,https://www.vlr.gg/team/15745/the-7
21251,https://www.vlr.gg/player/21251/blowz,70d1fe938043133478adafe36d91e13bdc4b14d953a04b9275c48d4b20a862e4,2026-10-06T16:01:18+00:00,14470,OLIMPO,Past Teams,,left in May 2024,source_month_or_unspecified,unverified,https://www.vlr.gg/team/14470/olimpo
21251,https://www.vlr.gg/player/21251/blowz,70d1fe938043133478adafe36d91e13bdc4b14d953a04b9275c48d4b20a862e4,2026-10-06T16:01:18+00:00,12644,OS CARA CEGO,Past Teams,,,source_month_or_unspecified,unverified,https://www.vlr.gg/team/12644/os-cara-cego
21251,https://www.vlr.gg/player/21251/blowz,70d1fe938043133478adafe36d91e13bdc4b14d953a04b9275c48d4b20a862e4,2026-10-06T16:01:18+00:00,14213,New GeneratioN,Past Teams,,,source_month_or_unspecified,unverified,https://www.vlr.gg/team/14213/new-generation
21251,https://www.vlr.gg/player/21251/blowz,70d1fe938043133478adafe36d91e13bdc4b14d953a04b9275c48d4b20a862e4,2026-10-06T16:01:18+00:00,13691,FRAFLU,Past Teams,,,source_month_or_unspecified,unverified,https://www.vlr.gg/team/13691/fraflu
21251,https://www.vlr.gg/player/21251/blowz,70d1fe938043133478adafe36d91e13bdc4b14d953a04b9275c48d4b20a862e4,2026-10-06T16:01:18+00:00,8362,blowzin e amigos,Past Teams,,,source_month_or_unspecified,unverified,https://www.vlr.gg/team/8362/blowzin-e-amigos
21328,https://www.vlr.gg/player/21328/wo0t,b3db7e7b746308fb561fa4dcc52cc6a157a32abb402de463c96a52e3b39c19c0,2026-10-06T16:01:19+00:00,1001,Team Heretics,Current Teams,,joined in October 2023,source_month_or_unspecified,unverified,https://www.vlr.gg/team/1001/team-heretics
21328,https://www.vlr.gg/player/21328/wo0t,b3db7e7b746308fb561fa4dcc52cc6a157a32abb402de463c96a52e3b39c19c0,2026-10-06T16:01:19+00:00,22781,Türkiye,Past Teams,,joined in June 2026,source_month_or_unspecified,unverified,https://www.vlr.gg/team/22781/t-rkiye
21328,https://www.vlr.gg/player/21328/wo0t,b3db7e7b746308fb561fa4dcc52cc6a157a32abb402de463c96a52e3b39c19c0,2026-10-06T16:01:19+00:00,10122,Team Türkiye,Past Teams,,,source_month_or_unspecified,unverified,https://www.vlr.gg/team/10122/team-t-rkiye
21328,https://www.vlr.gg/player/21328/wo0t,b3db7e7b746308fb561fa4dcc52cc6a157a32abb402de463c96a52e3b39c19c0,2026-10-06T16:01:19+00:00,20085,Fire Flux Esports,Past Teams,,October 2022 – October 2023,source_month_or_unspecified,unverified,https://www.vlr.gg/team/20085/fire-flux-esports
21328,https://www.vlr.gg/player/21328/wo0t,b3db7e7b746308fb561fa4dcc52cc6a157a32abb402de463c96a52e3b39c19c0,2026-10-06T16:01:19+00:00,6534,Fire Flux Young,Past Teams,,left in October 2022,source_month_or_unspecified,unverified,https://www.vlr.gg/team/6534/fire-flux-young
21438,https://www.vlr.gg/player/21438/ssees,0028ab268783c649a53a529ea702b7204ad56d0a837e05e99d0cbcd8b40cd301,2026-10-06T16:01:19+00:00,278,DetonatioN FocusMe,Current Teams,,joined in November 2023,source_month_or_unspecified,unverified,https://www.vlr.gg/team/278/detonation-focusme
21438,https://www.vlr.gg/player/21438/ssees,0028ab268783c649a53a529ea702b7204ad56d0a837e05e99d0cbcd8b40cd301,2026-10-06T16:01:19+00:00,11229,VARREL,Past Teams,,December 2022 – June 2023,source_month_or_unspecified,unverified,https://www.vlr.gg/team/11229/varrel
21438,https://www.vlr.gg/player/21438/ssees,0028ab268783c649a53a529ea702b7204ad56d0a837e05e99d0cbcd8b40cd301,2026-10-06T16:01:19+00:00,278,DetonatioN FocusMe,Past Teams,,October 2021 – October 2022,source_month_or_unspecified,unverified,https://www.vlr.gg/team/278/detonation-focusme
21610,https://www.vlr.gg/player/21610/runner,4ebc674678265411a80daa7dc01b911ce217220abce61b9203fe5daee6867f36,2026-10-06T16:01:20+00:00,11232,Joblife,Past Teams,,November 2025 – September 2026,source_month_or_unspecified,unverified,https://www.vlr.gg/team/11232/joblife
21610,https://www.vlr.gg/player/21610/runner,4ebc674678265411a80daa7dc01b911ce217220abce61b9203fe5daee6867f36,2026-10-06T16:01:20+00:00,14419,GIANTX,Past Teams,,Inactive from September 2025,source_month_or_unspecified,unverified,https://www.vlr.gg/team/14419/giantx
21610,https://www.vlr.gg/player/21610/runner,4ebc674678265411a80daa7dc01b911ce217220abce61b9203fe5daee6867f36,2026-10-06T16:01:20+00:00,2059,Team Vitality,Past Teams,,September 2023 – October 2024,source_month_or_unspecified,unverified,https://www.vlr.gg/team/2059/team-vitality
21610,https://www.vlr.gg/player/21610/runner,4ebc674678265411a80daa7dc01b911ce217220abce61b9203fe5daee6867f36,2026-10-06T16:01:20+00:00,10850,OBK,Past Teams,,,source_month_or_unspecified,unverified,https://www.vlr.gg/team/10850/obk
21610,https://www.vlr.gg/player/21610/runner,4ebc674678265411a80daa7dc01b911ce217220abce61b9203fe5daee6867f36,2026-10-06T16:01:20+00:00,8049,Diamant Esports,Past Teams,,Inactive from June 2023,source_month_or_unspecified,unverified,https://www.vlr.gg/team/8049/diamant-esports
21610,https://www.vlr.gg/player/21610/runner,4ebc674678265411a80daa7dc01b911ce217220abce61b9203fe5daee6867f36,2026-10-06T16:01:20+00:00,5218,Balkan Stars,Past Teams,,left in September 2022,source_month_or_unspecified,unverified,https://www.vlr.gg/team/5218/balkan-stars
21659,https://www.vlr.gg/player/21659/sato,7b2271ee7045385516b6b1b099c401656b7cf2123e5a30d7efbe60e5c35a93e5,2026-10-06T16:01:21+00:00,2359,LEVIATÁN,Current Teams,,joined in May 2025,source_month_or_unspecified,unverified,https://www.vlr.gg/team/2359/leviat-n
21659,https://www.vlr.gg/player/21659/sato,7b2271ee7045385516b6b1b099c401656b7cf2123e5a30d7efbe60e5c35a93e5,2026-10-06T16:01:21+00:00,22523,Brazil,Past Teams,,joined in June 2026,source_month_or_unspecified,unverified,https://www.vlr.gg/team/22523/brazil
21659,https://www.vlr.gg/player/21659/sato,7b2271ee7045385516b6b1b099c401656b7cf2123e5a30d7efbe60e5c35a93e5,2026-10-06T16:01:21+00:00,11001,M80,Past Teams,,January 2025 – May 2025,source_month_or_unspecified,unverified,https://www.vlr.gg/team/11001/m80
21659,https://www.vlr.gg/player/21659/sato,7b2271ee7045385516b6b1b099c401656b7cf2123e5a30d7efbe60e5c35a93e5,2026-10-06T16:01:21+00:00,10755,Galorys,Past Teams,,November 2023 – December 2024,source_month_or_unspecified,unverified,https://www.vlr.gg/team/10755/galorys
21659,https://www.vlr.gg/player/21659/sato,7b2271ee7045385516b6b1b099c401656b7cf2123e5a30d7efbe60e5c35a93e5,2026-10-06T16:01:21+00:00,11882,MIXX,Past Teams,,,source_month_or_unspecified,unverified,https://www.vlr.gg/team/11882/mixx
21659,https://www.vlr.gg/player/21659/sato,7b2271ee7045385516b6b1b099c401656b7cf2123e5a30d7efbe60e5c35a93e5,2026-10-06T16:01:21+00:00,8345,puGG,Past Teams,,,source_month_or_unspecified,unverified,https://www.vlr.gg/team/8345/pugg
21659,https://www.vlr.gg/player/21659/sato,7b2271ee7045385516b6b1b099c401656b7cf2123e5a30d7efbe60e5c35a93e5,2026-10-06T16:01:21+00:00,8271,Maniacos da Mira,Past Teams,,,source_month_or_unspecified,unverified,https://www.vlr.gg/team/8271/maniacos-da-mira
21661,https://www.vlr.gg/player/21661/spike,4e7d6ec519afbddd6ec64ada486bbf0779a7babb0a2377a67ac66bbe6c683654,2026-10-06T16:01:21+00:00,2359,LEVIATÁN,Current Teams,,joined in November 2025,source_month_or_unspecified,unverified,https://www.vlr.gg/team/2359/leviat-n
21661,https://www.vlr.gg/player/21661/spike,4e7d6ec519afbddd6ec64ada486bbf0779a7babb0a2377a67ac66bbe6c683654,2026-10-06T16:01:21+00:00,22523,Brazil,Past Teams,,joined in June 2026,source_month_or_unspecified,unverified,https://www.vlr.gg/team/22523/brazil
21661,https://www.vlr.gg/player/21661/spike,4e7d6ec519afbddd6ec64ada486bbf0779a7babb0a2377a67ac66bbe6c683654,2026-10-06T16:01:21+00:00,15072,2Game Esports,Past Teams,,January 2024 – October 2025,source_month_or_unspecified,unverified,https://www.vlr.gg/team/15072/2game-esports
21661,https://www.vlr.gg/player/21661/spike,4e7d6ec519afbddd6ec64ada486bbf0779a7babb0a2377a67ac66bbe6c683654,2026-10-06T16:01:21+00:00,13714,ABOMINEVE,Past Teams,,,source_month_or_unspecified,unverified,https://www.vlr.gg/team/13714/abomineve
21661,https://www.vlr.gg/player/21661/spike,4e7d6ec519afbddd6ec64ada486bbf0779a7babb0a2377a67ac66bbe6c683654,2026-10-06T16:01:21+00:00,13189,NEV,Past Teams,,,source_month_or_unspecified,unverified,https://www.vlr.gg/team/13189/nev
21661,https://www.vlr.gg/player/21661/spike,4e7d6ec519afbddd6ec64ada486bbf0779a7babb0a2377a67ac66bbe6c683654,2026-10-06T16:01:21+00:00,8362,blowzin e amigos,Past Teams,,,source_month_or_unspecified,unverified,https://www.vlr.gg/team/8362/blowzin-e-amigos
21668,https://www.vlr.gg/player/21668/verno,a42f2f797d2edd41084852bfc760b53d46d9066929bc181cad78c36da9ced63f,2026-10-06T16:01:22+00:00,7386,MIBR,Current Teams,,joined in March 2025,source_month_or_unspecified,unverified,https://www.vlr.gg/team/7386/mibr
21668,https://www.vlr.gg/player/21668/verno,a42f2f797d2edd41084852bfc760b53d46d9066929bc181cad78c36da9ced63f,2026-10-06T16:01:22+00:00,1034,NRG,Past Teams,,Inactive from February 2025,source_month_or_unspecified,unverified,https://www.vlr.gg/team/1034/nrg
21668,https://www.vlr.gg/player/21668/verno,a42f2f797d2edd41084852bfc760b53d46d9066929bc181cad78c36da9ced63f,2026-10-06T16:01:22+00:00,10725,Oxygen Esports,Past Teams,,December 2022 – August 2024,source_month_or_unspecified,unverified,https://www.vlr.gg/team/10725/oxygen-esports
21668,https://www.vlr.gg/player/21668/verno,a42f2f797d2edd41084852bfc760b53d46d9066929bc181cad78c36da9ced63f,2026-10-06T16:01:22+00:00,6895,Oxygen Academy,Past Teams,,January 2022 – December 2022,source_month_or_unspecified,unverified,https://www.vlr.gg/team/6895/oxygen-academy
21778,https://www.vlr.gg/player/21778/p0ppin,383475891c2e587243babb9643aab96871c63ef632c712abcceb0eff3d7efbf1,2026-10-06T16:01:22+00:00,427,ENVY,Current Teams,,Inactive from June 2026,source_month_or_unspecified,unverified,https://www.vlr.gg/team/427/envy
21778,https://www.vlr.gg/player/21778/p0ppin,383475891c2e587243babb9643aab96871c63ef632c712abcceb0eff3d7efbf1,2026-10-06T16:01:22+00:00,22820,Lebanon,Past Teams,,joined in June 2026,source_month_or_unspecified,unverified,https://www.vlr.gg/team/22820/lebanon
21778,https://www.vlr.gg/player/21778/p0ppin,383475891c2e587243babb9643aab96871c63ef632c712abcceb0eff3d7efbf1,2026-10-06T16:01:22+00:00,16806,RANKERS,Past Teams,,left in March 2025,source_month_or_unspecified,unverified,https://www.vlr.gg/team/16806/rankers
21778,https://www.vlr.gg/player/21778/p0ppin,383475891c2e587243babb9643aab96871c63ef632c712abcceb0eff3d7efbf1,2026-10-06T16:01:22+00:00,15101,Paragons,Past Teams,,,source_month_or_unspecified,unverified,https://www.vlr.gg/team/15101/paragons
21778,https://www.vlr.gg/player/21778/p0ppin,383475891c2e587243babb9643aab96871c63ef632c712abcceb0eff3d7efbf1,2026-10-06T16:01:22+00:00,12756,Let Us Cook,Past Teams,,,source_month_or_unspecified,unverified,https://www.vlr.gg/team/12756/let-us-cook
21778,https://www.vlr.gg/player/21778/p0ppin,383475891c2e587243babb9643aab96871c63ef632c712abcceb0eff3d7efbf1,2026-10-06T16:01:22+00:00,10028,Team Jollz,Past Teams,,,source_month_or_unspecified,unverified,https://www.vlr.gg/team/10028/team-jollz
22047,https://www.vlr.gg/player/22047/rarga,0462c5a1a938e470c530d6e068cd4a9fcab2e6e0862cda994e64db9deeb02361,2026-10-06T16:01:23+00:00,13581,Xi Lai Gaming,Current Teams,,joined in December 2023,source_month_or_unspecified,unverified,https://www.vlr.gg/team/13581/xi-lai-gaming
22047,https://www.vlr.gg/player/22047/rarga,0462c5a1a938e470c530d6e068cd4a9fcab2e6e0862cda994e64db9deeb02361,2026-10-06T16:01:23+00:00,11981,Dragon Ranger Gaming,Past Teams,,joined in September 2023,source_month_or_unspecified,unverified,https://www.vlr.gg/team/11981/dragon-ranger-gaming
22047,https://www.vlr.gg/player/22047/rarga,0462c5a1a938e470c530d6e068cd4a9fcab2e6e0862cda994e64db9deeb02361,2026-10-06T16:01:23+00:00,1470,NASR Esports,Past Teams,,August 2022 – January 2023,source_month_or_unspecified,unverified,https://www.vlr.gg/team/1470/nasr-esports
22047,https://www.vlr.gg/player/22047/rarga,0462c5a1a938e470c530d6e068cd4a9fcab2e6e0862cda994e64db9deeb02361,2026-10-06T16:01:23+00:00,7244,next_viigraem,Past Teams,,,source_month_or_unspecified,unverified,https://www.vlr.gg/team/7244/next-viigraem
22964,https://www.vlr.gg/player/22964/forbanz,782f819919abf5b4e73261c850331fd305ab8d9190323a1889addb5479c59530,2026-10-06T16:01:24+00:00,20741,Next,Current Teams,,,source_month_or_unspecified,unverified,https://www.vlr.gg/team/20741/next
22964,https://www.vlr.gg/player/22964/forbanz,782f819919abf5b4e73261c850331fd305ab8d9190323a1889addb5479c59530,2026-10-06T16:01:24+00:00,1124,RED Canids,Past Teams,,joined in May 2026,source_month_or_unspecified,unverified,https://www.vlr.gg/team/1124/red-canids
22964,https://www.vlr.gg/player/22964/forbanz,782f819919abf5b4e73261c850331fd305ab8d9190323a1889addb5479c59530,2026-10-06T16:01:24+00:00,367,9z Globant,Past Teams,,January 2026 – April 2026,source_month_or_unspecified,unverified,https://www.vlr.gg/team/367/9z-globant
22964,https://www.vlr.gg/player/22964/forbanz,782f819919abf5b4e73261c850331fd305ab8d9190323a1889addb5479c59530,2026-10-06T16:01:24+00:00,20222,SET 2K25,Past Teams,,,source_month_or_unspecified,unverified,https://www.vlr.gg/team/20222/set-2k25
22964,https://www.vlr.gg/player/22964/forbanz,782f819919abf5b4e73261c850331fd305ab8d9190323a1889addb5479c59530,2026-10-06T16:01:24+00:00,17095,2Game Academy,Past Teams,,joined in February 2025,source_month_or_unspecified,unverified,https://www.vlr.gg/team/17095/2game-academy
22964,https://www.vlr.gg/player/22964/forbanz,782f819919abf5b4e73261c850331fd305ab8d9190323a1889addb5479c59530,2026-10-06T16:01:24+00:00,9201,DELIRA,Past Teams,,,source_month_or_unspecified,unverified,https://www.vlr.gg/team/9201/delira
22964,https://www.vlr.gg/player/22964/forbanz,782f819919abf5b4e73261c850331fd305ab8d9190323a1889addb5479c59530,2026-10-06T16:01:24+00:00,15074,Orquestra Do Maestro,Past Teams,,joined in February 2024,source_month_or_unspecified,unverified,https://www.vlr.gg/team/15074/orquestra-do-maestro
22964,https://www.vlr.gg/player/22964/forbanz,782f819919abf5b4e73261c850331fd305ab8d9190323a1889addb5479c59530,2026-10-06T16:01:24+00:00,14655,Orquestra do Maestro,Past Teams,,,source_month_or_unspecified,unverified,https://www.vlr.gg/team/14655/orquestra-do-maestro
22964,https://www.vlr.gg/player/22964/forbanz,782f819919abf5b4e73261c850331fd305ab8d9190323a1889addb5479c59530,2026-10-06T16:01:24+00:00,13905,KOF 2002,Past Teams,,,source_month_or_unspecified,unverified,https://www.vlr.gg/team/13905/kof-2002
22964,https://www.vlr.gg/player/22964/forbanz,782f819919abf5b4e73261c850331fd305ab8d9190323a1889addb5479c59530,2026-10-06T16:01:24+00:00,11886,os ponta firme,Past Teams,,,source_month_or_unspecified,unverified,https://www.vlr.gg/team/11886/os-ponta-firme
22964,https://www.vlr.gg/player/22964/forbanz,782f819919abf5b4e73261c850331fd305ab8d9190323a1889addb5479c59530,2026-10-06T16:01:24+00:00,8361,Unemployed,Past Teams,,,source_month_or_unspecified,unverified,https://www.vlr.gg/team/8361/unemployed
23062,https://www.vlr.gg/player/23062/surf,eafac61cf1858c93adc924a185891e705bcd51b05f7250dc04916d18cd8808cf,2026-10-06T16:01:24+00:00,17167,Xipto Esports,Current Teams,,joined in July 2026,source_month_or_unspecified,unverified,https://www.vlr.gg/team/17167/xipto-esports
23062,https://www.vlr.gg/player/23062/surf,eafac61cf1858c93adc924a185891e705bcd51b05f7250dc04916d18cd8808cf,2026-10-06T16:01:24+00:00,21267,555,Past Teams,,,source_month_or_unspecified,unverified,https://www.vlr.gg/team/21267/555
23062,https://www.vlr.gg/player/23062/surf,eafac61cf1858c93adc924a185891e705bcd51b05f7250dc04916d18cd8808cf,2026-10-06T16:01:24+00:00,19876,Thailand,Past Teams,,joined in September 2025,source_month_or_unspecified,unverified,https://www.vlr.gg/team/19876/thailand
23062,https://www.vlr.gg/player/23062/surf,eafac61cf1858c93adc924a185891e705bcd51b05f7250dc04916d18cd8808cf,2026-10-06T16:01:24+00:00,16914,TALON Academy,Past Teams,,November 2024 – November 2025,source_month_or_unspecified,unverified,https://www.vlr.gg/team/16914/talon-academy
23062,https://www.vlr.gg/player/23062/surf,eafac61cf1858c93adc924a185891e705bcd51b05f7250dc04916d18cd8808cf,2026-10-06T16:01:24+00:00,8304,TALON,Past Teams,,January 2024 – November 2025,source_month_or_unspecified,unverified,https://www.vlr.gg/team/8304/talon
23062,https://www.vlr.gg/player/23062/surf,eafac61cf1858c93adc924a185891e705bcd51b05f7250dc04916d18cd8808cf,2026-10-06T16:01:24+00:00,7397,XERXIA Esports,Past Teams,,Inactive from February 2023,source_month_or_unspecified,unverified,https://www.vlr.gg/team/7397/xerxia-esports
23169,https://www.vlr.gg/player/23169/minny,3abb6356555172683c930689876904ac8d852d2e1d4d9319d68850a06847c7ef,2026-10-06T16:01:25+00:00,12694,Gentle Mates,Current Teams,,joined in December 2024,source_month_or_unspecified,unverified,https://www.vlr.gg/team/12694/gentle-mates
23169,https://www.vlr.gg/player/23169/minny,3abb6356555172683c930689876904ac8d852d2e1d4d9319d68850a06847c7ef,2026-10-06T16:01:25+00:00,22861,Czechia,Past Teams,,joined in June 2026,source_month_or_unspecified,unverified,https://www.vlr.gg/team/22861/czechia
23169,https://www.vlr.gg/player/23169/minny,3abb6356555172683c930689876904ac8d852d2e1d4d9319d68850a06847c7ef,2026-10-06T16:01:25+00:00,12474,GoNext Esports,Past Teams,,December 2023 – October 2024,source_month_or_unspecified,unverified,https://www.vlr.gg/team/12474/gonext-esports
23169,https://www.vlr.gg/player/23169/minny,3abb6356555172683c930689876904ac8d852d2e1d4d9319d68850a06847c7ef,2026-10-06T16:01:25+00:00,13752,jardajagr,Past Teams,,,source_month_or_unspecified,unverified,https://www.vlr.gg/team/13752/jardajagr
23169,https://www.vlr.gg/player/23169/minny,3abb6356555172683c930689876904ac8d852d2e1d4d9319d68850a06847c7ef,2026-10-06T16:01:25+00:00,876,Enterprise Esports,Past Teams,,March 2022 – December 2023,source_month_or_unspecified,unverified,https://www.vlr.gg/team/876/enterprise-esports
23169,https://www.vlr.gg/player/23169/minny,3abb6356555172683c930689876904ac8d852d2e1d4d9319d68850a06847c7ef,2026-10-06T16:01:25+00:00,7882,Podnik,Past Teams,,left in March 2022,source_month_or_unspecified,unverified,https://www.vlr.gg/team/7882/podnik
23365,https://www.vlr.gg/player/23365/koshmaras,0a2193069f007460eb802b8044bf82ead0eefe98d8572aac4ca6d5d7e8e3e678,2026-10-06T16:01:25+00:00,22786,Lithuania,Past Teams,,joined in June 2026,source_month_or_unspecified,unverified,https://www.vlr.gg/team/22786/lithuania
23365,https://www.vlr.gg/player/23365/koshmaras,0a2193069f007460eb802b8044bf82ead0eefe98d8572aac4ca6d5d7e8e3e678,2026-10-06T16:01:25+00:00,1001,Team Heretics,Past Teams,,April 2026 – September 2026,source_month_or_unspecified,unverified,https://www.vlr.gg/team/1001/team-heretics
23365,https://www.vlr.gg/player/23365/koshmaras,0a2193069f007460eb802b8044bf82ead0eefe98d8572aac4ca6d5d7e8e3e678,2026-10-06T16:01:25+00:00,17179,DNSTY,Past Teams,,April 2026 – April 2026,source_month_or_unspecified,unverified,https://www.vlr.gg/team/17179/dnsty
23365,https://www.vlr.gg/player/23365/koshmaras,0a2193069f007460eb802b8044bf82ead0eefe98d8572aac4ca6d5d7e8e3e678,2026-10-06T16:01:25+00:00,21497,Agent X,Past Teams,,,source_month_or_unspecified,unverified,https://www.vlr.gg/team/21497/agent-x
23365,https://www.vlr.gg/player/23365/koshmaras,0a2193069f007460eb802b8044bf82ead0eefe98d8572aac4ca6d5d7e8e3e678,2026-10-06T16:01:25+00:00,19190,6GPA,Past Teams,,January 2026 – February 2026,source_month_or_unspecified,unverified,https://www.vlr.gg/team/19190/6gpa
23365,https://www.vlr.gg/player/23365/koshmaras,0a2193069f007460eb802b8044bf82ead0eefe98d8572aac4ca6d5d7e8e3e678,2026-10-06T16:01:25+00:00,16397,LEO Esports,Past Teams,,left in January 2026,source_month_or_unspecified,unverified,https://www.vlr.gg/team/16397/leo-esports
23365,https://www.vlr.gg/player/23365/koshmaras,0a2193069f007460eb802b8044bf82ead0eefe98d8572aac4ca6d5d7e8e3e678,2026-10-06T16:01:25+00:00,12958,Sila4i,Past Teams,,,source_month_or_unspecified,unverified,https://www.vlr.gg/team/12958/sila4i
23365,https://www.vlr.gg/player/23365/koshmaras,0a2193069f007460eb802b8044bf82ead0eefe98d8572aac4ca6d5d7e8e3e678,2026-10-06T16:01:25+00:00,14435,Vultures,Past Teams,,,source_month_or_unspecified,unverified,https://www.vlr.gg/team/14435/vultures
23365,https://www.vlr.gg/player/23365/koshmaras,0a2193069f007460eb802b8044bf82ead0eefe98d8572aac4ca6d5d7e8e3e678,2026-10-06T16:01:25+00:00,7462,AboveClouds,Past Teams,,,source_month_or_unspecified,unverified,https://www.vlr.gg/team/7462/aboveclouds
23930,https://www.vlr.gg/player/23930/potter,537dcc92017da5ad3a0150f51bc84de554229b2661a928462226cc78805ecad8,2026-10-06T16:01:26+00:00,11985,Rare Atom,Current Teams,,joined in March 2026,source_month_or_unspecified,unverified,https://www.vlr.gg/team/11985/rare-atom
23930,https://www.vlr.gg/player/23930/potter,537dcc92017da5ad3a0150f51bc84de554229b2661a928462226cc78805ecad8,2026-10-06T16:01:26+00:00,6665,Team NKT,Past Teams,,February 2026 – March 2026,source_month_or_unspecified,unverified,https://www.vlr.gg/team/6665/team-nkt
23930,https://www.vlr.gg/player/23930/potter,537dcc92017da5ad3a0150f51bc84de554229b2661a928462226cc78805ecad8,2026-10-06T16:01:26+00:00,4050,FULL SENSE,Past Teams,,October 2024 – December 2025,source_month_or_unspecified,unverified,https://www.vlr.gg/team/4050/full-sense
23930,https://www.vlr.gg/player/23930/potter,537dcc92017da5ad3a0150f51bc84de554229b2661a928462226cc78805ecad8,2026-10-06T16:01:26+00:00,7397,XERXIA Esports,Past Teams,,January 2024 – October 2024,source_month_or_unspecified,unverified,https://www.vlr.gg/team/7397/xerxia-esports
23930,https://www.vlr.gg/player/23930/potter,537dcc92017da5ad3a0150f51bc84de554229b2661a928462226cc78805ecad8,2026-10-06T16:01:26+00:00,497,Attack All Around,Past Teams,,January 2023 – January 2024,source_month_or_unspecified,unverified,https://www.vlr.gg/team/497/attack-all-around
23930,https://www.vlr.gg/player/23930/potter,537dcc92017da5ad3a0150f51bc84de554229b2661a928462226cc78805ecad8,2026-10-06T16:01:26+00:00,10410,Unstoppable,Past Teams,,,source_month_or_unspecified,unverified,https://www.vlr.gg/team/10410/unstoppable
23930,https://www.vlr.gg/player/23930/potter,537dcc92017da5ad3a0150f51bc84de554229b2661a928462226cc78805ecad8,2026-10-06T16:01:26+00:00,7689,Alternative,Past Teams,,,source_month_or_unspecified,unverified,https://www.vlr.gg/team/7689/alternative
23971,https://www.vlr.gg/player/23971/ask,abc8a536c37660ff40b4fa14e4431975e1090e9dbfee0aa412375f142864bf17,2026-10-06T16:01:27+00:00,11490,Murash Gaming,Past Teams,,Inactive from May 2026,source_month_or_unspecified,unverified,https://www.vlr.gg/team/11490/murash-gaming
23971,https://www.vlr.gg/player/23971/ask,abc8a536c37660ff40b4fa14e4431975e1090e9dbfee0aa412375f142864bf17,2026-10-06T16:01:27+00:00,16432,REVE RISE MAX,Past Teams,,November 2024 – January 2025,source_month_or_unspecified,unverified,https://www.vlr.gg/team/16432/reve-rise-max
23971,https://www.vlr.gg/player/23971/ask,abc8a536c37660ff40b4fa14e4431975e1090e9dbfee0aa412375f142864bf17,2026-10-06T16:01:27+00:00,16242,BABO,Past Teams,,joined in November 2024,source_month_or_unspecified,unverified,https://www.vlr.gg/team/16242/babo
23971,https://www.vlr.gg/player/23971/ask,abc8a536c37660ff40b4fa14e4431975e1090e9dbfee0aa412375f142864bf17,2026-10-06T16:01:27+00:00,11233,BC SWELL,Past Teams,,Inactive from September 2024,source_month_or_unspecified,unverified,https://www.vlr.gg/team/11233/bc-swell
23971,https://www.vlr.gg/player/23971/ask,abc8a536c37660ff40b4fa14e4431975e1090e9dbfee0aa412375f142864bf17,2026-10-06T16:01:27+00:00,6798,REIGNITE,Past Teams,,May 2022 – August 2023,source_month_or_unspecified,unverified,https://www.vlr.gg/team/6798/reignite
23971,https://www.vlr.gg/player/23971/ask,abc8a536c37660ff40b4fa14e4431975e1090e9dbfee0aa412375f142864bf17,2026-10-06T16:01:27+00:00,6869,IGZIST,Past Teams,,December 2021 – April 2022,source_month_or_unspecified,unverified,https://www.vlr.gg/team/6869/igzist
24007,https://www.vlr.gg/player/24007/shyy,dc418e78088a6f82321f2a461b8d9746e19e54f912314783eb3032c4f6f8e289,2026-10-06T16:01:27+00:00,2406,FURIA,Current Teams,,joined in July 2026,source_month_or_unspecified,unverified,https://www.vlr.gg/team/2406/furia
24007,https://www.vlr.gg/player/24007/shyy,dc418e78088a6f82321f2a461b8d9746e19e54f912314783eb3032c4f6f8e289,2026-10-06T16:01:27+00:00,22524,Chile,Past Teams,,joined in June 2026,source_month_or_unspecified,unverified,https://www.vlr.gg/team/22524/chile
24007,https://www.vlr.gg/player/24007/shyy,dc418e78088a6f82321f2a461b8d9746e19e54f912314783eb3032c4f6f8e289,2026-10-06T16:01:27+00:00,22142,BESTIA,Past Teams,,April 2026 – June 2026,source_month_or_unspecified,unverified,https://www.vlr.gg/team/22142/bestia
24007,https://www.vlr.gg/player/24007/shyy,dc418e78088a6f82321f2a461b8d9746e19e54f912314783eb3032c4f6f8e289,2026-10-06T16:01:27+00:00,21462,Melser Kindergarten,Past Teams,,,source_month_or_unspecified,unverified,https://www.vlr.gg/team/21462/melser-kindergarten
24007,https://www.vlr.gg/player/24007/shyy,dc418e78088a6f82321f2a461b8d9746e19e54f912314783eb3032c4f6f8e289,2026-10-06T16:01:27+00:00,18584,Farenvehn,Past Teams,,joined in January 2026,source_month_or_unspecified,unverified,https://www.vlr.gg/team/18584/farenvehn
24007,https://www.vlr.gg/player/24007/shyy,dc418e78088a6f82321f2a461b8d9746e19e54f912314783eb3032c4f6f8e289,2026-10-06T16:01:27+00:00,2355,KRÜ Esports,Past Teams,,Inactive from September 2025,source_month_or_unspecified,unverified,https://www.vlr.gg/team/2355/kr-esports
24007,https://www.vlr.gg/player/24007/shyy,dc418e78088a6f82321f2a461b8d9746e19e54f912314783eb3032c4f6f8e289,2026-10-06T16:01:27+00:00,2359,LEVIATÁN,Past Teams,,June 2022 – October 2023,source_month_or_unspecified,unverified,https://www.vlr.gg/team/2359/leviat-n
24007,https://www.vlr.gg/player/24007/shyy,dc418e78088a6f82321f2a461b8d9746e19e54f912314783eb3032c4f6f8e289,2026-10-06T16:01:27+00:00,7696,playHard,Past Teams,,,source_month_or_unspecified,unverified,https://www.vlr.gg/team/7696/playhard
24228,https://www.vlr.gg/player/24228/smoke,3647c4d77ac2e82b632411f38b4d2c7915c6acf1002816ee1076e90f24ac65c8,2026-10-06T16:01:28+00:00,9353,Shopify Rebellion Black,Current Teams,,joined in March 2026,source_month_or_unspecified,unverified,https://www.vlr.gg/team/9353/shopify-rebellion-black
24228,https://www.vlr.gg/player/24228/smoke,3647c4d77ac2e82b632411f38b4d2c7915c6acf1002816ee1076e90f24ac65c8,2026-10-06T16:01:28+00:00,6985,QoR,Past Teams,,January 2026 – March 2026,source_month_or_unspecified,unverified,https://www.vlr.gg/team/6985/qor
24228,https://www.vlr.gg/player/24228/smoke,3647c4d77ac2e82b632411f38b4d2c7915c6acf1002816ee1076e90f24ac65c8,2026-10-06T16:01:28+00:00,19914,Evictix,Past Teams,,October 2025 – November 2025,source_month_or_unspecified,unverified,https://www.vlr.gg/team/19914/evictix
24228,https://www.vlr.gg/player/24228/smoke,3647c4d77ac2e82b632411f38b4d2c7915c6acf1002816ee1076e90f24ac65c8,2026-10-06T16:01:28+00:00,5038,YFP,Past Teams,,March 2023 – May 2023,source_month_or_unspecified,unverified,https://www.vlr.gg/team/5038/yfp
24228,https://www.vlr.gg/player/24228/smoke,3647c4d77ac2e82b632411f38b4d2c7915c6acf1002816ee1076e90f24ac65c8,2026-10-06T16:01:28+00:00,9511,MCT Esports,Past Teams,,,source_month_or_unspecified,unverified,https://www.vlr.gg/team/9511/mct-esports
24228,https://www.vlr.gg/player/24228/smoke,3647c4d77ac2e82b632411f38b4d2c7915c6acf1002816ee1076e90f24ac65c8,2026-10-06T16:01:28+00:00,8617,SWARM esports,Past Teams,,,source_month_or_unspecified,unverified,https://www.vlr.gg/team/8617/swarm-esports
24228,https://www.vlr.gg/player/24228/smoke,3647c4d77ac2e82b632411f38b4d2c7915c6acf1002816ee1076e90f24ac65c8,2026-10-06T16:01:28+00:00,7837,OneShot Esports,Past Teams,,,source_month_or_unspecified,unverified,https://www.vlr.gg/team/7837/oneshot-esports
24308,https://www.vlr.gg/player/24308/wsleo,71970c8eadcd0f2450e83324f030aa2d418c352ea82dd59944d2553b739396ee,2026-10-06T16:01:29+00:00,13581,Xi Lai Gaming,Current Teams,,joined in December 2025,source_month_or_unspecified,unverified,https://www.vlr.gg/team/13581/xi-lai-gaming
24308,https://www.vlr.gg/player/24308/wsleo,71970c8eadcd0f2450e83324f030aa2d418c352ea82dd59944d2553b739396ee,2026-10-06T16:01:29+00:00,22784,Chinese Taipei,Past Teams,,joined in June 2026,source_month_or_unspecified,unverified,https://www.vlr.gg/team/22784/chinese-taipei
24308,https://www.vlr.gg/player/24308/wsleo,71970c8eadcd0f2450e83324f030aa2d418c352ea82dd59944d2553b739396ee,2026-10-06T16:01:29+00:00,19895,Thunder Gaming,Past Teams,,left in October 2025,source_month_or_unspecified,unverified,https://www.vlr.gg/team/19895/thunder-gaming
24308,https://www.vlr.gg/player/24308/wsleo,71970c8eadcd0f2450e83324f030aa2d418c352ea82dd59944d2553b739396ee,2026-10-06T16:01:29+00:00,11980,Four Angry Men,Past Teams,,,source_month_or_unspecified,unverified,https://www.vlr.gg/team/11980/four-angry-men
24308,https://www.vlr.gg/player/24308/wsleo,71970c8eadcd0f2450e83324f030aa2d418c352ea82dd59944d2553b739396ee,2026-10-06T16:01:29+00:00,1108,LGD Gaming,Past Teams,,joined in October 2023,source_month_or_unspecified,unverified,https://www.vlr.gg/team/1108/lgd-gaming
24308,https://www.vlr.gg/player/24308/wsleo,71970c8eadcd0f2450e83324f030aa2d418c352ea82dd59944d2553b739396ee,2026-10-06T16:01:29+00:00,11980,Four Angry Men,Past Teams,,,source_month_or_unspecified,unverified,https://www.vlr.gg/team/11980/four-angry-men
24308,https://www.vlr.gg/player/24308/wsleo,71970c8eadcd0f2450e83324f030aa2d418c352ea82dd59944d2553b739396ee,2026-10-06T16:01:29+00:00,10598,UTT Esports,Past Teams,,,source_month_or_unspecified,unverified,https://www.vlr.gg/team/10598/utt-esports
24308,https://www.vlr.gg/player/24308/wsleo,71970c8eadcd0f2450e83324f030aa2d418c352ea82dd59944d2553b739396ee,2026-10-06T16:01:29+00:00,6397,Five Ace Esports,Past Teams,,,source_month_or_unspecified,unverified,https://www.vlr.gg/team/6397/five-ace-esports
24344,https://www.vlr.gg/player/24344/loita,399d375037a75970387ce75c9bff7dd2f07172d99c1e5e15732e34f67458e5cf,2026-10-06T16:01:29+00:00,397,BBL Esports,Current Teams,,joined in November 2025,source_month_or_unspecified,unverified,https://www.vlr.gg/team/397/bbl-esports
24344,https://www.vlr.gg/player/24344/loita,399d375037a75970387ce75c9bff7dd2f07172d99c1e5e15732e34f67458e5cf,2026-10-06T16:01:29+00:00,16616,BBL PCIFIC,Past Teams,,October 2024 – November 2025,source_month_or_unspecified,unverified,https://www.vlr.gg/team/16616/bbl-pcific
24344,https://www.vlr.gg/player/24344/loita,399d375037a75970387ce75c9bff7dd2f07172d99c1e5e15732e34f67458e5cf,2026-10-06T16:01:29+00:00,3478,PCIFIC Esports,Past Teams,,March 2024 – October 2024,source_month_or_unspecified,unverified,https://www.vlr.gg/team/3478/pcific-esports
24344,https://www.vlr.gg/player/24344/loita,399d375037a75970387ce75c9bff7dd2f07172d99c1e5e15732e34f67458e5cf,2026-10-06T16:01:29+00:00,13558,HOWL Esports,Past Teams,,joined in October 2023,source_month_or_unspecified,unverified,https://www.vlr.gg/team/13558/howl-esports
24344,https://www.vlr.gg/player/24344/loita,399d375037a75970387ce75c9bff7dd2f07172d99c1e5e15732e34f67458e5cf,2026-10-06T16:01:29+00:00,8319,Digital Athletics Blue,Past Teams,,joined in March 2022,source_month_or_unspecified,unverified,https://www.vlr.gg/team/8319/digital-athletics-blue
24344,https://www.vlr.gg/player/24344/loita,399d375037a75970387ce75c9bff7dd2f07172d99c1e5e15732e34f67458e5cf,2026-10-06T16:01:29+00:00,7921,Reptilians,Past Teams,,left in March 2022,source_month_or_unspecified,unverified,https://www.vlr.gg/team/7921/reptilians
24424,https://www.vlr.gg/player/24424/pa1ze,f88107e7b129cf2214b877eab5957a86208cbc96203730854771e314fc0860b3,2026-10-06T16:01:30+00:00,20134,Aestralis,Current Teams,,,source_month_or_unspecified,unverified,https://www.vlr.gg/team/20134/aestralis
24424,https://www.vlr.gg/player/24424/pa1ze,f88107e7b129cf2214b877eab5957a86208cbc96203730854771e314fc0860b3,2026-10-06T16:01:30+00:00,11232,Joblife,Past Teams,,July 2026 – September 2026,source_month_or_unspecified,unverified,https://www.vlr.gg/team/11232/joblife
24424,https://www.vlr.gg/player/24424/pa1ze,f88107e7b129cf2214b877eab5957a86208cbc96203730854771e314fc0860b3,2026-10-06T16:01:30+00:00,22845,Denmark,Past Teams,,joined in June 2026,source_month_or_unspecified,unverified,https://www.vlr.gg/team/22845/denmark
24424,https://www.vlr.gg/player/24424/pa1ze,f88107e7b129cf2214b877eab5957a86208cbc96203730854771e314fc0860b3,2026-10-06T16:01:30+00:00,6882,FOKUS,Past Teams,,January 2026 – July 2026,source_month_or_unspecified,unverified,https://www.vlr.gg/team/6882/fokus
24424,https://www.vlr.gg/player/24424/pa1ze,f88107e7b129cf2214b877eab5957a86208cbc96203730854771e314fc0860b3,2026-10-06T16:01:30+00:00,2290,Gamax Esports,Past Teams,,,source_month_or_unspecified,unverified,https://www.vlr.gg/team/2290/gamax-esports
24424,https://www.vlr.gg/player/24424/pa1ze,f88107e7b129cf2214b877eab5957a86208cbc96203730854771e314fc0860b3,2026-10-06T16:01:30+00:00,2290,Gamax Esports,Past Teams,,March 2025 – October 2025,source_month_or_unspecified,unverified,https://www.vlr.gg/team/2290/gamax-esports
24424,https://www.vlr.gg/player/24424/pa1ze,f88107e7b129cf2214b877eab5957a86208cbc96203730854771e314fc0860b3,2026-10-06T16:01:30+00:00,8049,Diamant Esports,Past Teams,,September 2023 – July 2024,source_month_or_unspecified,unverified,https://www.vlr.gg/team/8049/diamant-esports
24424,https://www.vlr.gg/player/24424/pa1ze,f88107e7b129cf2214b877eab5957a86208cbc96203730854771e314fc0860b3,2026-10-06T16:01:30+00:00,11021,Dogs,Past Teams,,left in January 2023,source_month_or_unspecified,unverified,https://www.vlr.gg/team/11021/dogs
24424,https://www.vlr.gg/player/24424/pa1ze,f88107e7b129cf2214b877eab5957a86208cbc96203730854771e314fc0860b3,2026-10-06T16:01:30+00:00,9769,EnRo Griffins,Past Teams,,joined in September 2022,source_month_or_unspecified,unverified,https://www.vlr.gg/team/9769/enro-griffins
24424,https://www.vlr.gg/player/24424/pa1ze,f88107e7b129cf2214b877eab5957a86208cbc96203730854771e314fc0860b3,2026-10-06T16:01:30+00:00,8996,ESC Gaming,Past Teams,,,source_month_or_unspecified,unverified,https://www.vlr.gg/team/8996/esc-gaming
24553,https://www.vlr.gg/player/24553/boni,48ba593dfd996be61e86883f5f000485240d1427a148cf1447e463fa753e9781,2026-10-06T16:01:30+00:00,11001,M80,Current Teams,,joined in January 2026,source_month_or_unspecified,unverified,https://www.vlr.gg/team/11001/m80
24553,https://www.vlr.gg/player/24553/boni,48ba593dfd996be61e86883f5f000485240d1427a148cf1447e463fa753e9781,2026-10-06T16:01:30+00:00,6985,QoR,Past Teams,,November 2024 – December 2024,source_month_or_unspecified,unverified,https://www.vlr.gg/team/6985/qor
24553,https://www.vlr.gg/player/24553/boni,48ba593dfd996be61e86883f5f000485240d1427a148cf1447e463fa753e9781,2026-10-06T16:01:30+00:00,7711,Berzerkers,Past Teams,,,source_month_or_unspecified,unverified,https://www.vlr.gg/team/7711/berzerkers
24553,https://www.vlr.gg/player/24553/boni,48ba593dfd996be61e86883f5f000485240d1427a148cf1447e463fa753e9781,2026-10-06T16:01:30+00:00,15250,Burger Boyz,Past Teams,,,source_month_or_unspecified,unverified,https://www.vlr.gg/team/15250/burger-boyz
24553,https://www.vlr.gg/player/24553/boni,48ba593dfd996be61e86883f5f000485240d1427a148cf1447e463fa753e9781,2026-10-06T16:01:30+00:00,13979,special grade,Past Teams,,,source_month_or_unspecified,unverified,https://www.vlr.gg/team/13979/special-grade
24553,https://www.vlr.gg/player/24553/boni,48ba593dfd996be61e86883f5f000485240d1427a148cf1447e463fa753e9781,2026-10-06T16:01:30+00:00,13658,Endear Ice,Past Teams,,,source_month_or_unspecified,unverified,https://www.vlr.gg/team/13658/endear-ice
24553,https://www.vlr.gg/player/24553/boni,48ba593dfd996be61e86883f5f000485240d1427a148cf1447e463fa753e9781,2026-10-06T16:01:30+00:00,11854,Noxious,Past Teams,,January 2023 – March 2023,source_month_or_unspecified,unverified,https://www.vlr.gg/team/11854/noxious
24553,https://www.vlr.gg/player/24553/boni,48ba593dfd996be61e86883f5f000485240d1427a148cf1447e463fa753e9781,2026-10-06T16:01:30+00:00,9402,Hyperactive,Past Teams,,left in January 2023,source_month_or_unspecified,unverified,https://www.vlr.gg/team/9402/hyperactive
24895,https://www.vlr.gg/player/24895/jemkin,90466ae6ee133d988b1dd18ac58c74537b493f99057a77455450c8ed28ca3624,2026-10-06T16:01:31+00:00,878,Rex Regum Qeon,Current Teams,,joined in October 2023,source_month_or_unspecified,unverified,https://www.vlr.gg/team/878/rex-regum-qeon
24895,https://www.vlr.gg/player/24895/jemkin,90466ae6ee133d988b1dd18ac58c74537b493f99057a77455450c8ed28ca3624,2026-10-06T16:01:31+00:00,282,SCARZ,Past Teams,,August 2022 – October 2023,source_month_or_unspecified,unverified,https://www.vlr.gg/team/282/scarz
24895,https://www.vlr.gg/player/24895/jemkin,90466ae6ee133d988b1dd18ac58c74537b493f99057a77455450c8ed28ca3624,2026-10-06T16:01:31+00:00,2108,BLUE BEES.ESP,Past Teams,,May 2022 – August 2022,source_month_or_unspecified,unverified,https://www.vlr.gg/team/2108/blue-bees-esp
24895,https://www.vlr.gg/player/24895/jemkin,90466ae6ee133d988b1dd18ac58c74537b493f99057a77455450c8ed28ca3624,2026-10-06T16:01:31+00:00,294,CREST GAMING Zst,Past Teams,,February 2022 – April 2022,source_month_or_unspecified,unverified,https://www.vlr.gg/team/294/crest-gaming-zst
25017,https://www.vlr.gg/player/25017/ash,84b3c77c9def14bef041ffcdb5c468092566fef2b62424737b1cb5f39b794028,2026-10-06T16:01:32+00:00,17,Gen.G,Current Teams,,joined in March 2025,source_month_or_unspecified,unverified,https://www.vlr.gg/team/17/gen-g
25017,https://www.vlr.gg/player/25017/ash,84b3c77c9def14bef041ffcdb5c468092566fef2b62424737b1cb5f39b794028,2026-10-06T16:01:32+00:00,17392,Gen.G Global Academy,Past Teams,,January 2025 – March 2025,source_month_or_unspecified,unverified,https://www.vlr.gg/team/17392/gen-g-global-academy
25017,https://www.vlr.gg/player/25017/ash,84b3c77c9def14bef041ffcdb5c468092566fef2b62424737b1cb5f39b794028,2026-10-06T16:01:32+00:00,15744,FEARX,Past Teams,,May 2024 – December 2024,source_month_or_unspecified,unverified,https://www.vlr.gg/team/15744/fearx
25017,https://www.vlr.gg/player/25017/ash,84b3c77c9def14bef041ffcdb5c468092566fef2b62424737b1cb5f39b794028,2026-10-06T16:01:32+00:00,14590,LFG Portal,Past Teams,,January 2024 – May 2024,source_month_or_unspecified,unverified,https://www.vlr.gg/team/14590/lfg-portal
25017,https://www.vlr.gg/player/25017/ash,84b3c77c9def14bef041ffcdb5c468092566fef2b62424737b1cb5f39b794028,2026-10-06T16:01:32+00:00,8182,Incheon On Sla2ers,Past Teams,,March 2023 – May 2023,source_month_or_unspecified,unverified,https://www.vlr.gg/team/8182/incheon-on-sla2ers
25017,https://www.vlr.gg/player/25017/ash,84b3c77c9def14bef041ffcdb5c468092566fef2b62424737b1cb5f39b794028,2026-10-06T16:01:32+00:00,11708,OP.GG SPORTS,Past Teams,,left in March 2023,source_month_or_unspecified,unverified,https://www.vlr.gg/team/11708/op-gg-sports
25017,https://www.vlr.gg/player/25017/ash,84b3c77c9def14bef041ffcdb5c468092566fef2b62424737b1cb5f39b794028,2026-10-06T16:01:32+00:00,10605,All Ways Incheon,Past Teams,,,source_month_or_unspecified,unverified,https://www.vlr.gg/team/10605/all-ways-incheon
25017,https://www.vlr.gg/player/25017/ash,84b3c77c9def14bef041ffcdb5c468092566fef2b62424737b1cb5f39b794028,2026-10-06T16:01:32+00:00,6624,INS4NE,Past Teams,,,source_month_or_unspecified,unverified,https://www.vlr.gg/team/6624/ins4ne
25053,https://www.vlr.gg/player/25053/wolverine,40fa64279a64838ceba9ba5583a597f0d2ead406e9549fe9329189d44ad4e9fa,2026-10-06T16:01:32+00:00,19189,ONSIDE GAMING,Past Teams,,December 2025 – September 2026,source_month_or_unspecified,unverified,https://www.vlr.gg/team/19189/onside-gaming
25053,https://www.vlr.gg/player/25053/wolverine,40fa64279a64838ceba9ba5583a597f0d2ead406e9549fe9329189d44ad4e9fa,2026-10-06T16:01:32+00:00,14565,SHERPA,Past Teams,,joined in February 2025,source_month_or_unspecified,unverified,https://www.vlr.gg/team/14565/sherpa
25053,https://www.vlr.gg/player/25053/wolverine,40fa64279a64838ceba9ba5583a597f0d2ead406e9549fe9329189d44ad4e9fa,2026-10-06T16:01:32+00:00,14565,SHERPA,Past Teams,,October 2024 – December 2024,source_month_or_unspecified,unverified,https://www.vlr.gg/team/14565/sherpa
25053,https://www.vlr.gg/player/25053/wolverine,40fa64279a64838ceba9ba5583a597f0d2ead406e9549fe9329189d44ad4e9fa,2026-10-06T16:01:32+00:00,2988,NORTHEPTION,Past Teams,,December 2023 – July 2024,source_month_or_unspecified,unverified,https://www.vlr.gg/team/2988/northeption
25053,https://www.vlr.gg/player/25053/wolverine,40fa64279a64838ceba9ba5583a597f0d2ead406e9549fe9329189d44ad4e9fa,2026-10-06T16:01:32+00:00,11707,Gwangju Shadow,Past Teams,,January 2023 – December 2023,source_month_or_unspecified,unverified,https://www.vlr.gg/team/11707/gwangju-shadow
25053,https://www.vlr.gg/player/25053/wolverine,40fa64279a64838ceba9ba5583a597f0d2ead406e9549fe9329189d44ad4e9fa,2026-10-06T16:01:32+00:00,10603,Over Quality,Past Teams,,left in January 2023,source_month_or_unspecified,unverified,https://www.vlr.gg/team/10603/over-quality
25053,https://www.vlr.gg/player/25053/wolverine,40fa64279a64838ceba9ba5583a597f0d2ead406e9549fe9329189d44ad4e9fa,2026-10-06T16:01:32+00:00,8080,KPZ,Past Teams,,,source_month_or_unspecified,unverified,https://www.vlr.gg/team/8080/kpz
25089,https://www.vlr.gg/player/25089/cabeza,ec76d69c4353090f43bb9c8b72bd9b74fa2856a1a507ec497f7f4209016d7d06,2026-10-06T16:01:33+00:00,11348,Dplus Esports,Current Teams,,joined in November 2025,source_month_or_unspecified,unverified,https://www.vlr.gg/team/11348/dplus-esports
25089,https://www.vlr.gg/player/25089/cabeza,ec76d69c4353090f43bb9c8b72bd9b74fa2856a1a507ec497f7f4209016d7d06,2026-10-06T16:01:33+00:00,11348,Dplus Esports,Past Teams,,January 2025 – September 2025,source_month_or_unspecified,unverified,https://www.vlr.gg/team/11348/dplus-esports
25089,https://www.vlr.gg/player/25089/cabeza,ec76d69c4353090f43bb9c8b72bd9b74fa2856a1a507ec497f7f4209016d7d06,2026-10-06T16:01:33+00:00,15747,SUPERFECT Esports,Past Teams,,,source_month_or_unspecified,unverified,https://www.vlr.gg/team/15747/superfect-esports
25089,https://www.vlr.gg/player/25089/cabeza,ec76d69c4353090f43bb9c8b72bd9b74fa2856a1a507ec497f7f4209016d7d06,2026-10-06T16:01:33+00:00,14566,fOu Clan,Past Teams,,left in January 2025,source_month_or_unspecified,unverified,https://www.vlr.gg/team/14566/fou-clan
25089,https://www.vlr.gg/player/25089/cabeza,ec76d69c4353090f43bb9c8b72bd9b74fa2856a1a507ec497f7f4209016d7d06,2026-10-06T16:01:33+00:00,8906,Beyond Stratos Gaming,Past Teams,,,source_month_or_unspecified,unverified,https://www.vlr.gg/team/8906/beyond-stratos-gaming
25089,https://www.vlr.gg/player/25089/cabeza,ec76d69c4353090f43bb9c8b72bd9b74fa2856a1a507ec497f7f4209016d7d06,2026-10-06T16:01:33+00:00,12405,RESEDAGG,Past Teams,,,source_month_or_unspecified,unverified,https://www.vlr.gg/team/12405/resedagg
25089,https://www.vlr.gg/player/25089/cabeza,ec76d69c4353090f43bb9c8b72bd9b74fa2856a1a507ec497f7f4209016d7d06,2026-10-06T16:01:33+00:00,8096,zerotwo,Past Teams,,,source_month_or_unspecified,unverified,https://www.vlr.gg/team/8096/zerotwo
25221,https://www.vlr.gg/player/25221/xdll,25fd7eac26eff0cd769dc5a355275e693c44bae91f83c75503717ee277dd2ec5,2026-10-06T16:01:34+00:00,5448,ZETA DIVISION,Current Teams,,Inactive from September 2026,source_month_or_unspecified,unverified,https://www.vlr.gg/team/5448/zeta-division
25221,https://www.vlr.gg/player/25221/xdll,25fd7eac26eff0cd769dc5a355275e693c44bae91f83c75503717ee277dd2ec5,2026-10-06T16:01:34+00:00,2934,FENNEL,Past Teams,,December 2022 – October 2024,source_month_or_unspecified,unverified,https://www.vlr.gg/team/2934/fennel
25221,https://www.vlr.gg/player/25221/xdll,25fd7eac26eff0cd769dc5a355275e693c44bae91f83c75503717ee277dd2ec5,2026-10-06T16:01:34+00:00,10601,みぞもりゲーミング,Past Teams,,,source_month_or_unspecified,unverified,https://www.vlr.gg/team/10601/
25221,https://www.vlr.gg/player/25221/xdll,25fd7eac26eff0cd769dc5a355275e693c44bae91f83c75503717ee277dd2ec5,2026-10-06T16:01:34+00:00,5448,ZETA DIVISION,Past Teams,stand-in,July 2022 – September 2022,source_month_or_unspecified,unverified,https://www.vlr.gg/team/5448/zeta-division
25221,https://www.vlr.gg/player/25221/xdll,25fd7eac26eff0cd769dc5a355275e693c44bae91f83c75503717ee277dd2ec5,2026-10-06T16:01:34+00:00,282,SCARZ,Past Teams,,joined in July 2022,source_month_or_unspecified,unverified,https://www.vlr.gg/team/282/scarz
25221,https://www.vlr.gg/player/25221/xdll,25fd7eac26eff0cd769dc5a355275e693c44bae91f83c75503717ee277dd2ec5,2026-10-06T16:01:34+00:00,2108,BLUE BEES.ESP,Past Teams,,February 2022 – July 2022,source_month_or_unspecified,unverified,https://www.vlr.gg/team/2108/blue-bees-esp
25255,https://www.vlr.gg/player/25255/primmie,7e5c3806a513d2995c29dd1ce349b7988245d4ef65f501447c73fe10fbab8b9f,2026-10-06T16:01:34+00:00,4050,FULL SENSE,Current Teams,,joined in December 2025,source_month_or_unspecified,unverified,https://www.vlr.gg/team/4050/full-sense
25255,https://www.vlr.gg/player/25255/primmie,7e5c3806a513d2995c29dd1ce349b7988245d4ef65f501447c73fe10fbab8b9f,2026-10-06T16:01:34+00:00,19876,Thailand,Past Teams,,joined in June 2026,source_month_or_unspecified,unverified,https://www.vlr.gg/team/19876/thailand
25255,https://www.vlr.gg/player/25255/primmie,7e5c3806a513d2995c29dd1ce349b7988245d4ef65f501447c73fe10fbab8b9f,2026-10-06T16:01:34+00:00,8304,TALON,Past Teams,,July 2024 – November 2025,source_month_or_unspecified,unverified,https://www.vlr.gg/team/8304/talon
25255,https://www.vlr.gg/player/25255/primmie,7e5c3806a513d2995c29dd1ce349b7988245d4ef65f501447c73fe10fbab8b9f,2026-10-06T16:01:34+00:00,15699,gollum666,Past Teams,,,source_month_or_unspecified,unverified,https://www.vlr.gg/team/15699/gollum666
25255,https://www.vlr.gg/player/25255/primmie,7e5c3806a513d2995c29dd1ce349b7988245d4ef65f501447c73fe10fbab8b9f,2026-10-06T16:01:34+00:00,14617,XGOD,Past Teams,,,source_month_or_unspecified,unverified,https://www.vlr.gg/team/14617/xgod
25255,https://www.vlr.gg/player/25255/primmie,7e5c3806a513d2995c29dd1ce349b7988245d4ef65f501447c73fe10fbab8b9f,2026-10-06T16:01:34+00:00,4993,FW Esports,Past Teams,,,source_month_or_unspecified,unverified,https://www.vlr.gg/team/4993/fw-esports
25494,https://www.vlr.gg/player/25494/shr1mp,4a4de7d2c92210cede2e0d110b441f41f550cd62c318b5342d46627e241c14cb,2026-10-06T16:01:35+00:00,1119,All Gamers,Current Teams,,joined in June 2025,source_month_or_unspecified,unverified,https://www.vlr.gg/team/1119/all-gamers
25494,https://www.vlr.gg/player/25494/shr1mp,4a4de7d2c92210cede2e0d110b441f41f550cd62c318b5342d46627e241c14cb,2026-10-06T16:01:35+00:00,11328,FunPlus Phoenix,Past Teams,,March 2025 – April 2025,source_month_or_unspecified,unverified,https://www.vlr.gg/team/11328/funplus-phoenix
25494,https://www.vlr.gg/player/25494/shr1mp,4a4de7d2c92210cede2e0d110b441f41f550cd62c318b5342d46627e241c14cb,2026-10-06T16:01:35+00:00,6093,Qing Jiu Club,Past Teams,,September 2024 – March 2025,source_month_or_unspecified,unverified,https://www.vlr.gg/team/6093/qing-jiu-club
25494,https://www.vlr.gg/player/25494/shr1mp,4a4de7d2c92210cede2e0d110b441f41f550cd62c318b5342d46627e241c14cb,2026-10-06T16:01:35+00:00,12532,JiJieHao,Past Teams,,,source_month_or_unspecified,unverified,https://www.vlr.gg/team/12532/jijiehao
25494,https://www.vlr.gg/player/25494/shr1mp,4a4de7d2c92210cede2e0d110b441f41f550cd62c318b5342d46627e241c14cb,2026-10-06T16:01:35+00:00,12063,J Team,Past Teams,,,source_month_or_unspecified,unverified,https://www.vlr.gg/team/12063/j-team
25494,https://www.vlr.gg/player/25494/shr1mp,4a4de7d2c92210cede2e0d110b441f41f550cd62c318b5342d46627e241c14cb,2026-10-06T16:01:35+00:00,731,TYLOO,Past Teams,,,source_month_or_unspecified,unverified,https://www.vlr.gg/team/731/tyloo
25743,https://www.vlr.gg/player/25743/raafa,0fb662142b217417b5c83ebd0abb1c11eaf94703d8b0ee3b05ef749f6f500c0b,2026-10-06T16:01:36+00:00,19265,Team Solid,Current Teams,,,source_month_or_unspecified,unverified,https://www.vlr.gg/team/19265/team-solid
25743,https://www.vlr.gg/player/25743/raafa,0fb662142b217417b5c83ebd0abb1c11eaf94703d8b0ee3b05ef749f6f500c0b,2026-10-06T16:01:36+00:00,8952,DIRETORIA,Past Teams,,,source_month_or_unspecified,unverified,https://www.vlr.gg/team/8952/diretoria
25743,https://www.vlr.gg/player/25743/raafa,0fb662142b217417b5c83ebd0abb1c11eaf94703d8b0ee3b05ef749f6f500c0b,2026-10-06T16:01:36+00:00,2406,FURIA,Past Teams,,Inactive from May 2025,source_month_or_unspecified,unverified,https://www.vlr.gg/team/2406/furia
25743,https://www.vlr.gg/player/25743/raafa,0fb662142b217417b5c83ebd0abb1c11eaf94703d8b0ee3b05ef749f6f500c0b,2026-10-06T16:01:36+00:00,15117,Hero Base,Past Teams,,joined in February 2024,source_month_or_unspecified,unverified,https://www.vlr.gg/team/15117/hero-base
25743,https://www.vlr.gg/player/25743/raafa,0fb662142b217417b5c83ebd0abb1c11eaf94703d8b0ee3b05ef749f6f500c0b,2026-10-06T16:01:36+00:00,15071,UNIÃO,Past Teams,,December 2023 – February 2024,source_month_or_unspecified,unverified,https://www.vlr.gg/team/15071/uni-o
25743,https://www.vlr.gg/player/25743/raafa,0fb662142b217417b5c83ebd0abb1c11eaf94703d8b0ee3b05ef749f6f500c0b,2026-10-06T16:01:36+00:00,9447,The Union,Past Teams,,November 2022 – October 2023,source_month_or_unspecified,unverified,https://www.vlr.gg/team/9447/the-union
25743,https://www.vlr.gg/player/25743/raafa,0fb662142b217417b5c83ebd0abb1c11eaf94703d8b0ee3b05ef749f6f500c0b,2026-10-06T16:01:36+00:00,581,Liberty,Past Teams,,April 2022 – November 2022,source_month_or_unspecified,unverified,https://www.vlr.gg/team/581/liberty
25743,https://www.vlr.gg/player/25743/raafa,0fb662142b217417b5c83ebd0abb1c11eaf94703d8b0ee3b05ef749f6f500c0b,2026-10-06T16:01:36+00:00,7349,Renegados,Past Teams,,left in April 2022,source_month_or_unspecified,unverified,https://www.vlr.gg/team/7349/renegados
25858,https://www.vlr.gg/player/25858/sw,045f3ab60708b8c6a5bf40646e907f84b499866f9f37d31ac1a3660040899bb7,2026-10-06T16:01:36+00:00,1124,RED Canids,Current Teams,,joined in May 2026,source_month_or_unspecified,unverified,https://www.vlr.gg/team/1124/red-canids
25858,https://www.vlr.gg/player/25858/sw,045f3ab60708b8c6a5bf40646e907f84b499866f9f37d31ac1a3660040899bb7,2026-10-06T16:01:36+00:00,10727,Stellae Gaming,Past Teams,,left in December 2025,source_month_or_unspecified,unverified,https://www.vlr.gg/team/10727/stellae-gaming
25858,https://www.vlr.gg/player/25858/sw,045f3ab60708b8c6a5bf40646e907f84b499866f9f37d31ac1a3660040899bb7,2026-10-06T16:01:36+00:00,17127,Corinthians Esports,Past Teams,,joined in January 2025,source_month_or_unspecified,unverified,https://www.vlr.gg/team/17127/corinthians-esports
25858,https://www.vlr.gg/player/25858/sw,045f3ab60708b8c6a5bf40646e907f84b499866f9f37d31ac1a3660040899bb7,2026-10-06T16:01:36+00:00,15745,THE 7,Past Teams,,October 2024 – January 2025,source_month_or_unspecified,unverified,https://www.vlr.gg/team/15745/the-7
25858,https://www.vlr.gg/player/25858/sw,045f3ab60708b8c6a5bf40646e907f84b499866f9f37d31ac1a3660040899bb7,2026-10-06T16:01:36+00:00,15073,CO-OP.gg,Past Teams,,joined in February 2024,source_month_or_unspecified,unverified,https://www.vlr.gg/team/15073/co-op-gg
25858,https://www.vlr.gg/player/25858/sw,045f3ab60708b8c6a5bf40646e907f84b499866f9f37d31ac1a3660040899bb7,2026-10-06T16:01:36+00:00,14551,Tropa do avanço,Past Teams,,,source_month_or_unspecified,unverified,https://www.vlr.gg/team/14551/tropa-do-avan-o
25858,https://www.vlr.gg/player/25858/sw,045f3ab60708b8c6a5bf40646e907f84b499866f9f37d31ac1a3660040899bb7,2026-10-06T16:01:36+00:00,13831,PEPA E AMIGOS,Past Teams,,,source_month_or_unspecified,unverified,https://www.vlr.gg/team/13831/pepa-e-amigos
25858,https://www.vlr.gg/player/25858/sw,045f3ab60708b8c6a5bf40646e907f84b499866f9f37d31ac1a3660040899bb7,2026-10-06T16:01:36+00:00,11880,FRANATIC,Past Teams,,,source_month_or_unspecified,unverified,https://www.vlr.gg/team/11880/franatic
25858,https://www.vlr.gg/player/25858/sw,045f3ab60708b8c6a5bf40646e907f84b499866f9f37d31ac1a3660040899bb7,2026-10-06T16:01:36+00:00,9201,DELIRA,Past Teams,,,source_month_or_unspecified,unverified,https://www.vlr.gg/team/9201/delira
25858,https://www.vlr.gg/player/25858/sw,045f3ab60708b8c6a5bf40646e907f84b499866f9f37d31ac1a3660040899bb7,2026-10-06T16:01:36+00:00,8298,REiGN,Past Teams,,,source_month_or_unspecified,unverified,https://www.vlr.gg/team/8298/reign
25858,https://www.vlr.gg/player/25858/sw,045f3ab60708b8c6a5bf40646e907f84b499866f9f37d31ac1a3660040899bb7,2026-10-06T16:01:36+00:00,8269,doidera,Past Teams,,,source_month_or_unspecified,unverified,https://www.vlr.gg/team/8269/doidera
25915,https://www.vlr.gg/player/25915/brian,dfd12f5312660c9c169623c06ce9cf838963562e28e1aab900bd830d0559f432,2026-10-06T16:01:37+00:00,104,REJECT,Current Teams,,joined in May 2026,source_month_or_unspecified,unverified,https://www.vlr.gg/team/104/reject
25915,https://www.vlr.gg/player/25915/brian,dfd12f5312660c9c169623c06ce9cf838963562e28e1aab900bd830d0559f432,2026-10-06T16:01:37+00:00,282,SCARZ,Past Teams,,September 2025 – March 2026,source_month_or_unspecified,unverified,https://www.vlr.gg/team/282/scarz
25915,https://www.vlr.gg/player/25915/brian,dfd12f5312660c9c169623c06ce9cf838963562e28e1aab900bd830d0559f432,2026-10-06T16:01:37+00:00,104,REJECT,Past Teams,,December 2022 – July 2025,source_month_or_unspecified,unverified,https://www.vlr.gg/team/104/reject
25915,https://www.vlr.gg/player/25915/brian,dfd12f5312660c9c169623c06ce9cf838963562e28e1aab900bd830d0559f432,2026-10-06T16:01:37+00:00,10601,みぞもりゲーミング,Past Teams,,,source_month_or_unspecified,unverified,https://www.vlr.gg/team/10601/
25915,https://www.vlr.gg/player/25915/brian,dfd12f5312660c9c169623c06ce9cf838963562e28e1aab900bd830d0559f432,2026-10-06T16:01:37+00:00,8368,REJECT Academy,Past Teams,,joined in March 2022,source_month_or_unspecified,unverified,https://www.vlr.gg/team/8368/reject-academy
26102,https://www.vlr.gg/player/26102/bethany-davie,4283b84bf7b429e48ad31f33ec6864378a8c5378f6e6a8a8942e8d94dda16ec5,2026-10-06T16:01:37+00:00,15880,swaglord9000,Current Teams,,,source_month_or_unspecified,unverified,https://www.vlr.gg/team/15880/swaglord9000
26102,https://www.vlr.gg/player/26102/bethany-davie,4283b84bf7b429e48ad31f33ec6864378a8c5378f6e6a8a8942e8d94dda16ec5,2026-10-06T16:01:37+00:00,19323,Rising Esports GC,Past Teams,,joined in August 2025,source_month_or_unspecified,unverified,https://www.vlr.gg/team/19323/rising-esports-gc
26102,https://www.vlr.gg/player/26102/bethany-davie,4283b84bf7b429e48ad31f33ec6864378a8c5378f6e6a8a8942e8d94dda16ec5,2026-10-06T16:01:37+00:00,15880,swaglord9000,Past Teams,,joined in July 2025,source_month_or_unspecified,unverified,https://www.vlr.gg/team/15880/swaglord9000
26102,https://www.vlr.gg/player/26102/bethany-davie,4283b84bf7b429e48ad31f33ec6864378a8c5378f6e6a8a8942e8d94dda16ec5,2026-10-06T16:01:37+00:00,19065,True Synergy Gaming GC,Past Teams,,June 2025 – July 2025,source_month_or_unspecified,unverified,https://www.vlr.gg/team/19065/true-synergy-gaming-gc
26102,https://www.vlr.gg/player/26102/bethany-davie,4283b84bf7b429e48ad31f33ec6864378a8c5378f6e6a8a8942e8d94dda16ec5,2026-10-06T16:01:37+00:00,15880,swaglord9000,Past Teams,,left in June 2025,source_month_or_unspecified,unverified,https://www.vlr.gg/team/15880/swaglord9000
26102,https://www.vlr.gg/player/26102/bethany-davie,4283b84bf7b429e48ad31f33ec6864378a8c5378f6e6a8a8942e8d94dda16ec5,2026-10-06T16:01:37+00:00,14224,SNIPER ELITE,Past Teams,,,source_month_or_unspecified,unverified,https://www.vlr.gg/team/14224/sniper-elite
26102,https://www.vlr.gg/player/26102/bethany-davie,4283b84bf7b429e48ad31f33ec6864378a8c5378f6e6a8a8942e8d94dda16ec5,2026-10-06T16:01:37+00:00,10655,A$AP,Past Teams,,joined in January 2023,source_month_or_unspecified,unverified,https://www.vlr.gg/team/10655/a-ap
26102,https://www.vlr.gg/player/26102/bethany-davie,4283b84bf7b429e48ad31f33ec6864378a8c5378f6e6a8a8942e8d94dda16ec5,2026-10-06T16:01:37+00:00,8442,Stellar,Past Teams,,,source_month_or_unspecified,unverified,https://www.vlr.gg/team/8442/stellar
26171,https://www.vlr.gg/player/26171/demon1,395dc6ab0ef0d3aef556841cdefd124cd72c93ead14112f6a03cd470f88d5ce6,2026-10-06T16:01:38+00:00,427,ENVY,Current Teams,,Inactive from September 2026,source_month_or_unspecified,unverified,https://www.vlr.gg/team/427/envy
26171,https://www.vlr.gg/player/26171/demon1,395dc6ab0ef0d3aef556841cdefd124cd72c93ead14112f6a03cd470f88d5ce6,2026-10-06T16:01:38+00:00,188,Cloud9,Past Teams,stand-in,January 2026 – February 2026,source_month_or_unspecified,unverified,https://www.vlr.gg/team/188/cloud9
26171,https://www.vlr.gg/player/26171/demon1,395dc6ab0ef0d3aef556841cdefd124cd72c93ead14112f6a03cd470f88d5ce6,2026-10-06T16:01:38+00:00,11981,Dragon Ranger Gaming,Past Teams,,September 2025 – September 2025,source_month_or_unspecified,unverified,https://www.vlr.gg/team/11981/dragon-ranger-gaming
26171,https://www.vlr.gg/player/26171/demon1,395dc6ab0ef0d3aef556841cdefd124cd72c93ead14112f6a03cd470f88d5ce6,2026-10-06T16:01:38+00:00,2359,LEVIATÁN,Past Teams,,Inactive from May 2025,source_month_or_unspecified,unverified,https://www.vlr.gg/team/2359/leviat-n
26171,https://www.vlr.gg/player/26171/demon1,395dc6ab0ef0d3aef556841cdefd124cd72c93ead14112f6a03cd470f88d5ce6,2026-10-06T16:01:38+00:00,1034,NRG,Past Teams,,December 2023 – October 2024,source_month_or_unspecified,unverified,https://www.vlr.gg/team/1034/nrg
26171,https://www.vlr.gg/player/26171/demon1,395dc6ab0ef0d3aef556841cdefd124cd72c93ead14112f6a03cd470f88d5ce6,2026-10-06T16:01:38+00:00,5248,Evil Geniuses,Past Teams,,January 2023 – December 2023,source_month_or_unspecified,unverified,https://www.vlr.gg/team/5248/evil-geniuses
26171,https://www.vlr.gg/player/26171/demon1,395dc6ab0ef0d3aef556841cdefd124cd72c93ead14112f6a03cd470f88d5ce6,2026-10-06T16:01:38+00:00,9614,sqn 2.0,Past Teams,,left in December 2022,source_month_or_unspecified,unverified,https://www.vlr.gg/team/9614/sqn-2-0
26171,https://www.vlr.gg/player/26171/demon1,395dc6ab0ef0d3aef556841cdefd124cd72c93ead14112f6a03cd470f88d5ce6,2026-10-06T16:01:38+00:00,8460,Flex Gaming,Past Teams,,,source_month_or_unspecified,unverified,https://www.vlr.gg/team/8460/flex-gaming
26171,https://www.vlr.gg/player/26171/demon1,395dc6ab0ef0d3aef556841cdefd124cd72c93ead14112f6a03cd470f88d5ce6,2026-10-06T16:01:38+00:00,8455,Team Artisan,Past Teams,,left in December 2022,source_month_or_unspecified,unverified,https://www.vlr.gg/team/8455/team-artisan
26848,https://www.vlr.gg/player/26848/zeek,df2164ca3c5f42556baa26d543d9e839b3d8be84f723bbbefcebdd3f65ee0fe4,2026-10-06T16:01:39+00:00,5601,Nightblood Gaming,Current Teams,,joined in March 2026,source_month_or_unspecified,unverified,https://www.vlr.gg/team/5601/nightblood-gaming
26848,https://www.vlr.gg/player/26848/zeek,df2164ca3c5f42556baa26d543d9e839b3d8be84f723bbbefcebdd3f65ee0fe4,2026-10-06T16:01:39+00:00,15977,SeanGares' Kittens,Past Teams,,,source_month_or_unspecified,unverified,https://www.vlr.gg/team/15977/seangares-kittens
26848,https://www.vlr.gg/player/26848/zeek,df2164ca3c5f42556baa26d543d9e839b3d8be84f723bbbefcebdd3f65ee0fe4,2026-10-06T16:01:39+00:00,16278,Blue Otter,Past Teams,,,source_month_or_unspecified,unverified,https://www.vlr.gg/team/16278/blue-otter
26848,https://www.vlr.gg/player/26848/zeek,df2164ca3c5f42556baa26d543d9e839b3d8be84f723bbbefcebdd3f65ee0fe4,2026-10-06T16:01:39+00:00,15779,Green Goblin,Past Teams,,joined in May 2024,source_month_or_unspecified,unverified,https://www.vlr.gg/team/15779/green-goblin
26848,https://www.vlr.gg/player/26848/zeek,df2164ca3c5f42556baa26d543d9e839b3d8be84f723bbbefcebdd3f65ee0fe4,2026-10-06T16:01:39+00:00,15251,meow control,Past Teams,,,source_month_or_unspecified,unverified,https://www.vlr.gg/team/15251/meow-control
26848,https://www.vlr.gg/player/26848/zeek,df2164ca3c5f42556baa26d543d9e839b3d8be84f723bbbefcebdd3f65ee0fe4,2026-10-06T16:01:39+00:00,14829,RyZe Esports,Past Teams,,left in April 2024,source_month_or_unspecified,unverified,https://www.vlr.gg/team/14829/ryze-esports
26848,https://www.vlr.gg/player/26848/zeek,df2164ca3c5f42556baa26d543d9e839b3d8be84f723bbbefcebdd3f65ee0fe4,2026-10-06T16:01:39+00:00,13637,Converse NBG,Past Teams,,January 2024 – April 2024,source_month_or_unspecified,unverified,https://www.vlr.gg/team/13637/converse-nbg
26848,https://www.vlr.gg/player/26848/zeek,df2164ca3c5f42556baa26d543d9e839b3d8be84f723bbbefcebdd3f65ee0fe4,2026-10-06T16:01:39+00:00,5601,Nightblood Gaming,Past Teams,,joined in January 2024,source_month_or_unspecified,unverified,https://www.vlr.gg/team/5601/nightblood-gaming
26848,https://www.vlr.gg/player/26848/zeek,df2164ca3c5f42556baa26d543d9e839b3d8be84f723bbbefcebdd3f65ee0fe4,2026-10-06T16:01:39+00:00,13745,MINDCONTROL,Past Teams,,,source_month_or_unspecified,unverified,https://www.vlr.gg/team/13745/mindcontrol
26848,https://www.vlr.gg/player/26848/zeek,df2164ca3c5f42556baa26d543d9e839b3d8be84f723bbbefcebdd3f65ee0fe4,2026-10-06T16:01:39+00:00,9174,Team Fish Taco,Past Teams,,Inactive from January 2023,source_month_or_unspecified,unverified,https://www.vlr.gg/team/9174/team-fish-taco
27149,https://www.vlr.gg/player/27149/brinks,564389ce0df67639c08c07e1647467a67090703e358be5d9ae9d0102c3b29bd3,2026-10-06T16:01:39+00:00,15072,2Game Esports,Past Teams,,left in September 2026,source_month_or_unspecified,unverified,https://www.vlr.gg/team/15072/2game-esports
27149,https://www.vlr.gg/player/27149/brinks,564389ce0df67639c08c07e1647467a67090703e358be5d9ae9d0102c3b29bd3,2026-10-06T16:01:39+00:00,17095,2Game Academy,Past Teams,,joined in February 2025,source_month_or_unspecified,unverified,https://www.vlr.gg/team/17095/2game-academy
27149,https://www.vlr.gg/player/27149/brinks,564389ce0df67639c08c07e1647467a67090703e358be5d9ae9d0102c3b29bd3,2026-10-06T16:01:39+00:00,6946,TBK Esports,Past Teams,,March 2023 – October 2024,source_month_or_unspecified,unverified,https://www.vlr.gg/team/6946/tbk-esports
27149,https://www.vlr.gg/player/27149/brinks,564389ce0df67639c08c07e1647467a67090703e358be5d9ae9d0102c3b29bd3,2026-10-06T16:01:39+00:00,10735,TropiCaos,Past Teams,,,source_month_or_unspecified,unverified,https://www.vlr.gg/team/10735/tropicaos
27149,https://www.vlr.gg/player/27149/brinks,564389ce0df67639c08c07e1647467a67090703e358be5d9ae9d0102c3b29bd3,2026-10-06T16:01:39+00:00,243,Gamelanders Blue,Past Teams,,May 2022 – June 2022,source_month_or_unspecified,unverified,https://www.vlr.gg/team/243/gamelanders-blue
27149,https://www.vlr.gg/player/27149/brinks,564389ce0df67639c08c07e1647467a67090703e358be5d9ae9d0102c3b29bd3,2026-10-06T16:01:39+00:00,8266,Tropinha do TIKTOK 2.0,Past Teams,,left in October 2022,source_month_or_unspecified,unverified,https://www.vlr.gg/team/8266/tropinha-do-tiktok-2-0
27149,https://www.vlr.gg/player/27149/brinks,564389ce0df67639c08c07e1647467a67090703e358be5d9ae9d0102c3b29bd3,2026-10-06T16:01:39+00:00,5322,Botafogo eSports,Past Teams,,,source_month_or_unspecified,unverified,https://www.vlr.gg/team/5322/botafogo-esports
27149,https://www.vlr.gg/player/27149/brinks,564389ce0df67639c08c07e1647467a67090703e358be5d9ae9d0102c3b29bd3,2026-10-06T16:01:39+00:00,3290,Extenzy Gaming,Past Teams,,joined in May 2021,source_month_or_unspecified,unverified,https://www.vlr.gg/team/3290/extenzy-gaming
27149,https://www.vlr.gg/player/27149/brinks,564389ce0df67639c08c07e1647467a67090703e358be5d9ae9d0102c3b29bd3,2026-10-06T16:01:39+00:00,7013,Stars Horizon,Past Teams,,left in June 2021,source_month_or_unspecified,unverified,https://www.vlr.gg/team/7013/stars-horizon
27149,https://www.vlr.gg/player/27149/brinks,564389ce0df67639c08c07e1647467a67090703e358be5d9ae9d0102c3b29bd3,2026-10-06T16:01:39+00:00,420,Team Vikings,Past Teams,,left in June 2022,source_month_or_unspecified,unverified,https://www.vlr.gg/team/420/team-vikings
27244,https://www.vlr.gg/player/27244/seph1roth,8b016c9fda4413c58ad2647807504c59aea7253cc43ff903a3484d1bfba88e9b,2026-10-06T16:01:40+00:00,4050,FULL SENSE,Current Teams,,joined in April 2026,source_month_or_unspecified,unverified,https://www.vlr.gg/team/4050/full-sense
27244,https://www.vlr.gg/player/27244/seph1roth,8b016c9fda4413c58ad2647807504c59aea7253cc43ff903a3484d1bfba88e9b,2026-10-06T16:01:40+00:00,623,Sharper Esports,Past Teams,,January 2026 – April 2026,source_month_or_unspecified,unverified,https://www.vlr.gg/team/623/sharper-esports
27244,https://www.vlr.gg/player/27244/seph1roth,8b016c9fda4413c58ad2647807504c59aea7253cc43ff903a3484d1bfba88e9b,2026-10-06T16:01:40+00:00,4050,FULL SENSE,Past Teams,,January 2025 – December 2025,source_month_or_unspecified,unverified,https://www.vlr.gg/team/4050/full-sense
27244,https://www.vlr.gg/player/27244/seph1roth,8b016c9fda4413c58ad2647807504c59aea7253cc43ff903a3484d1bfba88e9b,2026-10-06T16:01:40+00:00,4210,Made in Thailand,Past Teams,,September 2023 – January 2025,source_month_or_unspecified,unverified,https://www.vlr.gg/team/4210/made-in-thailand
27244,https://www.vlr.gg/player/27244/seph1roth,8b016c9fda4413c58ad2647807504c59aea7253cc43ff903a3484d1bfba88e9b,2026-10-06T16:01:40+00:00,4210,Made in Thailand,Past Teams,stand-in,August 2023 – September 2023,source_month_or_unspecified,unverified,https://www.vlr.gg/team/4210/made-in-thailand
27244,https://www.vlr.gg/player/27244/seph1roth,8b016c9fda4413c58ad2647807504c59aea7253cc43ff903a3484d1bfba88e9b,2026-10-06T16:01:40+00:00,10408,CRIT Esports,Past Teams,,Inactive from August 2023,source_month_or_unspecified,unverified,https://www.vlr.gg/team/10408/crit-esports
27244,https://www.vlr.gg/player/27244/seph1roth,8b016c9fda4413c58ad2647807504c59aea7253cc43ff903a3484d1bfba88e9b,2026-10-06T16:01:40+00:00,7685,No Brimstone,Past Teams,,,source_month_or_unspecified,unverified,https://www.vlr.gg/team/7685/no-brimstone
27384,https://www.vlr.gg/player/27384/jaxe,c33f1e5ba51b8ebfdb8250f64da4a0a03ea6458ddbbe1b5ee99dc0b88edc4fbc,2026-10-06T16:01:40+00:00,11348,Dplus Esports,Current Teams,,joined in November 2025,source_month_or_unspecified,unverified,https://www.vlr.gg/team/11348/dplus-esports
27384,https://www.vlr.gg/player/27384/jaxe,c33f1e5ba51b8ebfdb8250f64da4a0a03ea6458ddbbe1b5ee99dc0b88edc4fbc,2026-10-06T16:01:40+00:00,104,REJECT,Past Teams,,October 2024 – November 2024,source_month_or_unspecified,unverified,https://www.vlr.gg/team/104/reject
27384,https://www.vlr.gg/player/27384/jaxe,c33f1e5ba51b8ebfdb8250f64da4a0a03ea6458ddbbe1b5ee99dc0b88edc4fbc,2026-10-06T16:01:40+00:00,11060,Nongshim RedForce,Past Teams,,,source_month_or_unspecified,unverified,https://www.vlr.gg/team/11060/nongshim-redforce
27384,https://www.vlr.gg/player/27384/jaxe,c33f1e5ba51b8ebfdb8250f64da4a0a03ea6458ddbbe1b5ee99dc0b88edc4fbc,2026-10-06T16:01:40+00:00,11581,TEAM INDIGO,Past Teams,,,source_month_or_unspecified,unverified,https://www.vlr.gg/team/11581/team-indigo
27384,https://www.vlr.gg/player/27384/jaxe,c33f1e5ba51b8ebfdb8250f64da4a0a03ea6458ddbbe1b5ee99dc0b88edc4fbc,2026-10-06T16:01:40+00:00,10603,Over Quality,Past Teams,,left in January 2023,source_month_or_unspecified,unverified,https://www.vlr.gg/team/10603/over-quality
27384,https://www.vlr.gg/player/27384/jaxe,c33f1e5ba51b8ebfdb8250f64da4a0a03ea6458ddbbe1b5ee99dc0b88edc4fbc,2026-10-06T16:01:40+00:00,8891,Early Access,Past Teams,,,source_month_or_unspecified,unverified,https://www.vlr.gg/team/8891/early-access
28400,https://www.vlr.gg/player/28400/hyunmin,2e11bd4e1e06a178c2f17d32cac581d9460465bc09e87128f508f177a7398970,2026-10-06T16:01:41+00:00,8185,KIWOOM DRX,Current Teams,,joined in October 2024,source_month_or_unspecified,unverified,https://www.vlr.gg/team/8185/kiwoom-drx
28400,https://www.vlr.gg/player/28400/hyunmin,2e11bd4e1e06a178c2f17d32cac581d9460465bc09e87128f508f177a7398970,2026-10-06T16:01:41+00:00,294,CREST GAMING Zst,Past Teams,,September 2023 – August 2024,source_month_or_unspecified,unverified,https://www.vlr.gg/team/294/crest-gaming-zst
28716,https://www.vlr.gg/player/28716/lukxo,1990da9e2a401552b1178e3c1e39c70104abae2f955b86c93e285a030f78fa48,2026-10-06T16:01:41+00:00,6961,LOUD,Current Teams,,joined in January 2025,source_month_or_unspecified,unverified,https://www.vlr.gg/team/6961/loud
28716,https://www.vlr.gg/player/28716/lukxo,1990da9e2a401552b1178e3c1e39c70104abae2f955b86c93e285a030f78fa48,2026-10-06T16:01:41+00:00,22523,Brazil,Past Teams,,joined in June 2026,source_month_or_unspecified,unverified,https://www.vlr.gg/team/22523/brazil
28716,https://www.vlr.gg/player/28716/lukxo,1990da9e2a401552b1178e3c1e39c70104abae2f955b86c93e285a030f78fa48,2026-10-06T16:01:41+00:00,10755,Galorys,Past Teams,,November 2023 – January 2025,source_month_or_unspecified,unverified,https://www.vlr.gg/team/10755/galorys
28716,https://www.vlr.gg/player/28716/lukxo,1990da9e2a401552b1178e3c1e39c70104abae2f955b86c93e285a030f78fa48,2026-10-06T16:01:41+00:00,11882,MIXX,Past Teams,,,source_month_or_unspecified,unverified,https://www.vlr.gg/team/11882/mixx
28716,https://www.vlr.gg/player/28716/lukxo,1990da9e2a401552b1178e3c1e39c70104abae2f955b86c93e285a030f78fa48,2026-10-06T16:01:41+00:00,8362,blowzin e amigos,Past Teams,,,source_month_or_unspecified,unverified,https://www.vlr.gg/team/8362/blowzin-e-amigos
28948,https://www.vlr.gg/player/28948/ninja,062c29c44c6068cddfce150ed13eaabcddf786831d8cc95f8d712b7271836af1,2026-10-06T16:01:42+00:00,3478,PCIFIC Esports,Past Teams,,January 2026 – September 2026,source_month_or_unspecified,unverified,https://www.vlr.gg/team/3478/pcific-esports
28948,https://www.vlr.gg/player/28948/ninja,062c29c44c6068cddfce150ed13eaabcddf786831d8cc95f8d712b7271836af1,2026-10-06T16:01:42+00:00,17297,Team Liquid Academy,Past Teams,,Inactive from October 2025,source_month_or_unspecified,unverified,https://www.vlr.gg/team/17297/team-liquid-academy
28948,https://www.vlr.gg/player/28948/ninja,062c29c44c6068cddfce150ed13eaabcddf786831d8cc95f8d712b7271836af1,2026-10-06T16:01:42+00:00,14429,Chipi Chapa's,Past Teams,,joined in April 2024,source_month_or_unspecified,unverified,https://www.vlr.gg/team/14429/chipi-chapas
28948,https://www.vlr.gg/player/28948/ninja,062c29c44c6068cddfce150ed13eaabcddf786831d8cc95f8d712b7271836af1,2026-10-06T16:01:42+00:00,15027,FULL BOX 200,Past Teams,,,source_month_or_unspecified,unverified,https://www.vlr.gg/team/15027/full-box-200
28948,https://www.vlr.gg/player/28948/ninja,062c29c44c6068cddfce150ed13eaabcddf786831d8cc95f8d712b7271836af1,2026-10-06T16:01:42+00:00,14425,FFXD,Past Teams,,,source_month_or_unspecified,unverified,https://www.vlr.gg/team/14425/ffxd
28948,https://www.vlr.gg/player/28948/ninja,062c29c44c6068cddfce150ed13eaabcddf786831d8cc95f8d712b7271836af1,2026-10-06T16:01:42+00:00,12515,FLYMORE,Past Teams,,,source_month_or_unspecified,unverified,https://www.vlr.gg/team/12515/flymore
29074,https://www.vlr.gg/player/29074/sonofcar,8cd8f2b0ecb75f4952ab81b72b105789a46a005b50f6627f33f6d79ff4e0d532,2026-10-06T16:01:43+00:00,10533,Northwood University,Current Teams,,,source_month_or_unspecified,unverified,https://www.vlr.gg/team/10533/northwood-university
29074,https://www.vlr.gg/player/29074/sonofcar,8cd8f2b0ecb75f4952ab81b72b105789a46a005b50f6627f33f6d79ff4e0d532,2026-10-06T16:01:43+00:00,5601,Nightblood Gaming,Current Teams,,joined in July 2025,source_month_or_unspecified,unverified,https://www.vlr.gg/team/5601/nightblood-gaming
29074,https://www.vlr.gg/player/29074/sonofcar,8cd8f2b0ecb75f4952ab81b72b105789a46a005b50f6627f33f6d79ff4e0d532,2026-10-06T16:01:43+00:00,15977,SeanGares' Kittens,Past Teams,,,source_month_or_unspecified,unverified,https://www.vlr.gg/team/15977/seangares-kittens
29074,https://www.vlr.gg/player/29074/sonofcar,8cd8f2b0ecb75f4952ab81b72b105789a46a005b50f6627f33f6d79ff4e0d532,2026-10-06T16:01:43+00:00,10505,UST Esports,Past Teams,,July 2025 – May 2026,source_month_or_unspecified,unverified,https://www.vlr.gg/team/10505/ust-esports
29074,https://www.vlr.gg/player/29074/sonofcar,8cd8f2b0ecb75f4952ab81b72b105789a46a005b50f6627f33f6d79ff4e0d532,2026-10-06T16:01:43+00:00,7711,Berzerkers,Past Teams,,joined in March 2025,source_month_or_unspecified,unverified,https://www.vlr.gg/team/7711/berzerkers
29074,https://www.vlr.gg/player/29074/sonofcar,8cd8f2b0ecb75f4952ab81b72b105789a46a005b50f6627f33f6d79ff4e0d532,2026-10-06T16:01:43+00:00,16380,YDZ x Berzerkers,Past Teams,,left in March 2025,source_month_or_unspecified,unverified,https://www.vlr.gg/team/16380/ydz-x-berzerkers
29074,https://www.vlr.gg/player/29074/sonofcar,8cd8f2b0ecb75f4952ab81b72b105789a46a005b50f6627f33f6d79ff4e0d532,2026-10-06T16:01:43+00:00,13277,Lemonade Stand,Past Teams,,,source_month_or_unspecified,unverified,https://www.vlr.gg/team/13277/lemonade-stand
29074,https://www.vlr.gg/player/29074/sonofcar,8cd8f2b0ecb75f4952ab81b72b105789a46a005b50f6627f33f6d79ff4e0d532,2026-10-06T16:01:43+00:00,14662,1337,Past Teams,,,source_month_or_unspecified,unverified,https://www.vlr.gg/team/14662/1337
29074,https://www.vlr.gg/player/29074/sonofcar,8cd8f2b0ecb75f4952ab81b72b105789a46a005b50f6627f33f6d79ff4e0d532,2026-10-06T16:01:43+00:00,13845,Manic Esport,Past Teams,,left in October 2023,source_month_or_unspecified,unverified,https://www.vlr.gg/team/13845/manic-esport
29074,https://www.vlr.gg/player/29074/sonofcar,8cd8f2b0ecb75f4952ab81b72b105789a46a005b50f6627f33f6d79ff4e0d532,2026-10-06T16:01:43+00:00,12836,Aspyre x Swarm,Past Teams,,,source_month_or_unspecified,unverified,https://www.vlr.gg/team/12836/aspyre-x-swarm
29074,https://www.vlr.gg/player/29074/sonofcar,8cd8f2b0ecb75f4952ab81b72b105789a46a005b50f6627f33f6d79ff4e0d532,2026-10-06T16:01:43+00:00,9991,Tenax,Past Teams,,joined in December 2022,source_month_or_unspecified,unverified,https://www.vlr.gg/team/9991/tenax
29074,https://www.vlr.gg/player/29074/sonofcar,8cd8f2b0ecb75f4952ab81b72b105789a46a005b50f6627f33f6d79ff4e0d532,2026-10-06T16:01:43+00:00,9697,TetraEsportsGG,Past Teams,,,source_month_or_unspecified,unverified,https://www.vlr.gg/team/9697/tetraesportsgg
29076,https://www.vlr.gg/player/29076/satellite,7737cd37870bbd1ae001b0a1549620564f3ba58fd2472d3bed6f89f733b78e2e,2026-10-06T16:01:44+00:00,9353,Shopify Rebellion Black,Current Teams,,joined in January 2026,source_month_or_unspecified,unverified,https://www.vlr.gg/team/9353/shopify-rebellion-black
29076,https://www.vlr.gg/player/29076/satellite,7737cd37870bbd1ae001b0a1549620564f3ba58fd2472d3bed6f89f733b78e2e,2026-10-06T16:01:44+00:00,23349,meowwwwwwwwwwwwwwww,Past Teams,,,source_month_or_unspecified,unverified,https://www.vlr.gg/team/23349/meowwwwwwwwwwwwwwww
29076,https://www.vlr.gg/player/29076/satellite,7737cd37870bbd1ae001b0a1549620564f3ba58fd2472d3bed6f89f733b78e2e,2026-10-06T16:01:44+00:00,16899,Cubert Academy,Past Teams,,July 2025 – January 2026,source_month_or_unspecified,unverified,https://www.vlr.gg/team/16899/cubert-academy
29076,https://www.vlr.gg/player/29076/satellite,7737cd37870bbd1ae001b0a1549620564f3ba58fd2472d3bed6f89f733b78e2e,2026-10-06T16:01:44+00:00,11963,Ambrosia,Past Teams,,,source_month_or_unspecified,unverified,https://www.vlr.gg/team/11963/ambrosia
29242,https://www.vlr.gg/player/29242/erde,23ad316a0e65675edf1830ae254a87c312637421ee3f102cc5d7b10d029657d9,2026-10-06T16:01:45+00:00,6961,LOUD,Current Teams,,joined in March 2026,source_month_or_unspecified,unverified,https://www.vlr.gg/team/6961/loud
29242,https://www.vlr.gg/player/29242/erde,23ad316a0e65675edf1830ae254a87c312637421ee3f102cc5d7b10d029657d9,2026-10-06T16:01:45+00:00,22524,Chile,Past Teams,,joined in June 2026,source_month_or_unspecified,unverified,https://www.vlr.gg/team/22524/chile
29242,https://www.vlr.gg/player/29242/erde,23ad316a0e65675edf1830ae254a87c312637421ee3f102cc5d7b10d029657d9,2026-10-06T16:01:45+00:00,9425,LEVIATÁN Academy,Past Teams,,December 2024 – December 2025,source_month_or_unspecified,unverified,https://www.vlr.gg/team/9425/leviat-n-academy
29242,https://www.vlr.gg/player/29242/erde,23ad316a0e65675edf1830ae254a87c312637421ee3f102cc5d7b10d029657d9,2026-10-06T16:01:45+00:00,361,Furious Gaming,Past Teams,,joined in November 2023,source_month_or_unspecified,unverified,https://www.vlr.gg/team/361/furious-gaming
29242,https://www.vlr.gg/player/29242/erde,23ad316a0e65675edf1830ae254a87c312637421ee3f102cc5d7b10d029657d9,2026-10-06T16:01:45+00:00,9425,LEVIATÁN Academy,Past Teams,,June 2022 – November 2023,source_month_or_unspecified,unverified,https://www.vlr.gg/team/9425/leviat-n-academy
29243,https://www.vlr.gg/player/29243/neon,3d40f4bb487528b871ada7899ec3bfc902a39b53115697b42bcd94fe1f3098e6,2026-10-06T16:01:46+00:00,2359,LEVIATÁN,Current Teams,,joined in November 2025,source_month_or_unspecified,unverified,https://www.vlr.gg/team/2359/leviat-n
29243,https://www.vlr.gg/player/29243/neon,3d40f4bb487528b871ada7899ec3bfc902a39b53115697b42bcd94fe1f3098e6,2026-10-06T16:01:46+00:00,22522,Argentina,Past Teams,,joined in June 2026,source_month_or_unspecified,unverified,https://www.vlr.gg/team/22522/argentina
29243,https://www.vlr.gg/player/29243/neon,3d40f4bb487528b871ada7899ec3bfc902a39b53115697b42bcd94fe1f3098e6,2026-10-06T16:01:46+00:00,9425,LEVIATÁN Academy,Past Teams,,December 2024 – November 2025,source_month_or_unspecified,unverified,https://www.vlr.gg/team/9425/leviat-n-academy
29243,https://www.vlr.gg/player/29243/neon,3d40f4bb487528b871ada7899ec3bfc902a39b53115697b42bcd94fe1f3098e6,2026-10-06T16:01:46+00:00,361,Furious Gaming,Past Teams,,joined in November 2023,source_month_or_unspecified,unverified,https://www.vlr.gg/team/361/furious-gaming
29243,https://www.vlr.gg/player/29243/neon,3d40f4bb487528b871ada7899ec3bfc902a39b53115697b42bcd94fe1f3098e6,2026-10-06T16:01:46+00:00,9425,LEVIATÁN Academy,Past Teams,,June 2022 – November 2023,source_month_or_unspecified,unverified,https://www.vlr.gg/team/9425/leviat-n-academy
29559,https://www.vlr.gg/player/29559/javelin,409d765fae3cb495214d90ad297f5f6568072cd420612b99af1707cc4e2e7da1,2026-10-06T16:01:46+00:00,21715,Natus Vincere Junior,Current Teams,,joined in May 2026,source_month_or_unspecified,unverified,https://www.vlr.gg/team/21715/natus-vincere-junior
29559,https://www.vlr.gg/player/29559/javelin,409d765fae3cb495214d90ad297f5f6568072cd420612b99af1707cc4e2e7da1,2026-10-06T16:01:46+00:00,22871,Ukraine,Past Teams,,joined in June 2026,source_month_or_unspecified,unverified,https://www.vlr.gg/team/22871/ukraine
29559,https://www.vlr.gg/player/29559/javelin,409d765fae3cb495214d90ad297f5f6568072cd420612b99af1707cc4e2e7da1,2026-10-06T16:01:46+00:00,21715,Natus Vincere Junior,Past Teams,trial,April 2026 – May 2026,source_month_or_unspecified,unverified,https://www.vlr.gg/team/21715/natus-vincere-junior
29559,https://www.vlr.gg/player/29559/javelin,409d765fae3cb495214d90ad297f5f6568072cd420612b99af1707cc4e2e7da1,2026-10-06T16:01:46+00:00,17943,BOARS,Past Teams,,,source_month_or_unspecified,unverified,https://www.vlr.gg/team/17943/boars
29559,https://www.vlr.gg/player/29559/javelin,409d765fae3cb495214d90ad297f5f6568072cd420612b99af1707cc4e2e7da1,2026-10-06T16:01:46+00:00,17218,Petits Poissons,Past Teams,,,source_month_or_unspecified,unverified,https://www.vlr.gg/team/17218/petits-poissons
29559,https://www.vlr.gg/player/29559/javelin,409d765fae3cb495214d90ad297f5f6568072cd420612b99af1707cc4e2e7da1,2026-10-06T16:01:46+00:00,15386,LONETEAM,Past Teams,,May 2024 – June 2024,source_month_or_unspecified,unverified,https://www.vlr.gg/team/15386/loneteam
29559,https://www.vlr.gg/player/29559/javelin,409d765fae3cb495214d90ad297f5f6568072cd420612b99af1707cc4e2e7da1,2026-10-06T16:01:46+00:00,12958,Sila4i,Past Teams,,,source_month_or_unspecified,unverified,https://www.vlr.gg/team/12958/sila4i
29559,https://www.vlr.gg/player/29559/javelin,409d765fae3cb495214d90ad297f5f6568072cd420612b99af1707cc4e2e7da1,2026-10-06T16:01:46+00:00,12126,The Squad,Past Teams,,,source_month_or_unspecified,unverified,https://www.vlr.gg/team/12126/the-squad
29559,https://www.vlr.gg/player/29559/javelin,409d765fae3cb495214d90ad297f5f6568072cd420612b99af1707cc4e2e7da1,2026-10-06T16:01:46+00:00,9296,Last Gate,Past Teams,,,source_month_or_unspecified,unverified,https://www.vlr.gg/team/9296/last-gate
29833,https://www.vlr.gg/player/29833/izu,4b1f5399d934a39291c8c8b456bf02068a1d1b831bdac2a0bc5d7b391fc67e3d,2026-10-06T16:01:47+00:00,14,T1,Current Teams,,joined in September 2023,source_month_or_unspecified,unverified,https://www.vlr.gg/team/14/t1
29833,https://www.vlr.gg/player/29833/izu,4b1f5399d934a39291c8c8b456bf02068a1d1b831bdac2a0bc5d7b391fc67e3d,2026-10-06T16:01:47+00:00,22779,South Korea,Past Teams,,joined in June 2026,source_month_or_unspecified,unverified,https://www.vlr.gg/team/22779/south-korea
29833,https://www.vlr.gg/player/29833/izu,4b1f5399d934a39291c8c8b456bf02068a1d1b831bdac2a0bc5d7b391fc67e3d,2026-10-06T16:01:47+00:00,20187,T1 Spotlight,Past Teams,,joined in October 2025,source_month_or_unspecified,unverified,https://www.vlr.gg/team/20187/t1-spotlight
29833,https://www.vlr.gg/player/29833/izu,4b1f5399d934a39291c8c8b456bf02068a1d1b831bdac2a0bc5d7b391fc67e3d,2026-10-06T16:01:47+00:00,6793,Jadeite,Past Teams,,September 2022 – June 2023,source_month_or_unspecified,unverified,https://www.vlr.gg/team/6793/jadeite
29839,https://www.vlr.gg/player/29839/tenten,a0efb4dfccd21943a41d19005e52ed7a9fffe59c828a4e88838e8011929c7658,2026-10-06T16:01:47+00:00,11490,Murash Gaming,Past Teams,,May 2026 – September 2026,source_month_or_unspecified,unverified,https://www.vlr.gg/team/11490/murash-gaming
29839,https://www.vlr.gg/player/29839/tenten,a0efb4dfccd21943a41d19005e52ed7a9fffe59c828a4e88838e8011929c7658,2026-10-06T16:01:47+00:00,15578,T1 Academy,Past Teams,stand-in,April 2026 – April 2026,source_month_or_unspecified,unverified,https://www.vlr.gg/team/15578/t1-academy
29839,https://www.vlr.gg/player/29839/tenten,a0efb4dfccd21943a41d19005e52ed7a9fffe59c828a4e88838e8011929c7658,2026-10-06T16:01:47+00:00,6199,Team Secret,Past Teams,,December 2025 – March 2026,source_month_or_unspecified,unverified,https://www.vlr.gg/team/6199/team-secret
29839,https://www.vlr.gg/player/29839/tenten,a0efb4dfccd21943a41d19005e52ed7a9fffe59c828a4e88838e8011929c7658,2026-10-06T16:01:47+00:00,5448,ZETA DIVISION,Past Teams,,Inactive from September 2025,source_month_or_unspecified,unverified,https://www.vlr.gg/team/5448/zeta-division
29839,https://www.vlr.gg/player/29839/tenten,a0efb4dfccd21943a41d19005e52ed7a9fffe59c828a4e88838e8011929c7658,2026-10-06T16:01:47+00:00,15578,T1 Academy,Past Teams,,September 2024 – April 2025,source_month_or_unspecified,unverified,https://www.vlr.gg/team/15578/t1-academy
29839,https://www.vlr.gg/player/29839/tenten,a0efb4dfccd21943a41d19005e52ed7a9fffe59c828a4e88838e8011929c7658,2026-10-06T16:01:47+00:00,516,FAV gaming,Past Teams,,Inactive from May 2024,source_month_or_unspecified,unverified,https://www.vlr.gg/team/516/fav-gaming
29839,https://www.vlr.gg/player/29839/tenten,a0efb4dfccd21943a41d19005e52ed7a9fffe59c828a4e88838e8011929c7658,2026-10-06T16:01:47+00:00,2988,NORTHEPTION,Past Teams,,November 2022 – July 2023,source_month_or_unspecified,unverified,https://www.vlr.gg/team/2988/northeption
29841,https://www.vlr.gg/player/29841/caedye,01daa0982ad439fe1543cd07d8882aac1f20712e923f1e1ea54dc8b9be0270c8,2026-10-06T16:01:48+00:00,278,DetonatioN FocusMe,Current Teams,,joined in January 2026,source_month_or_unspecified,unverified,https://www.vlr.gg/team/278/detonation-focusme
29841,https://www.vlr.gg/player/29841/caedye,01daa0982ad439fe1543cd07d8882aac1f20712e923f1e1ea54dc8b9be0270c8,2026-10-06T16:01:48+00:00,22790,Japan,Past Teams,,joined in June 2026,source_month_or_unspecified,unverified,https://www.vlr.gg/team/22790/japan
29841,https://www.vlr.gg/player/29841/caedye,01daa0982ad439fe1543cd07d8882aac1f20712e923f1e1ea54dc8b9be0270c8,2026-10-06T16:01:48+00:00,14375,RIDDLE ORDER,Past Teams,,December 2023 – January 2026,source_month_or_unspecified,unverified,https://www.vlr.gg/team/14375/riddle-order
29841,https://www.vlr.gg/player/29841/caedye,01daa0982ad439fe1543cd07d8882aac1f20712e923f1e1ea54dc8b9be0270c8,2026-10-06T16:01:48+00:00,5448,ZETA DIVISION,Past Teams,stand-in,joined in November 2023,source_month_or_unspecified,unverified,https://www.vlr.gg/team/5448/zeta-division
29841,https://www.vlr.gg/player/29841/caedye,01daa0982ad439fe1543cd07d8882aac1f20712e923f1e1ea54dc8b9be0270c8,2026-10-06T16:01:48+00:00,6997,ZETA DIVISION Academy,Past Teams,,August 2022 – November 2023,source_month_or_unspecified,unverified,https://www.vlr.gg/team/6997/zeta-division-academy
29843,https://www.vlr.gg/player/29843/yatsuka,9686842282232f2db76b25347d46ad0b1974d61369b77ab279635fd327281493,2026-10-06T16:01:49+00:00,278,DetonatioN FocusMe,Current Teams,,joined in January 2026,source_month_or_unspecified,unverified,https://www.vlr.gg/team/278/detonation-focusme
29843,https://www.vlr.gg/player/29843/yatsuka,9686842282232f2db76b25347d46ad0b1974d61369b77ab279635fd327281493,2026-10-06T16:01:49+00:00,22790,Japan,Past Teams,,joined in June 2026,source_month_or_unspecified,unverified,https://www.vlr.gg/team/22790/japan
29843,https://www.vlr.gg/player/29843/yatsuka,9686842282232f2db76b25347d46ad0b1974d61369b77ab279635fd327281493,2026-10-06T16:01:49+00:00,14375,RIDDLE ORDER,Past Teams,,December 2023 – January 2026,source_month_or_unspecified,unverified,https://www.vlr.gg/team/14375/riddle-order
29843,https://www.vlr.gg/player/29843/yatsuka,9686842282232f2db76b25347d46ad0b1974d61369b77ab279635fd327281493,2026-10-06T16:01:49+00:00,5448,ZETA DIVISION,Past Teams,stand-in,joined in November 2023,source_month_or_unspecified,unverified,https://www.vlr.gg/team/5448/zeta-division
29843,https://www.vlr.gg/player/29843/yatsuka,9686842282232f2db76b25347d46ad0b1974d61369b77ab279635fd327281493,2026-10-06T16:01:49+00:00,6997,ZETA DIVISION Academy,Past Teams,,February 2022 – November 2023,source_month_or_unspecified,unverified,https://www.vlr.gg/team/6997/zeta-division-academy
29867,https://www.vlr.gg/player/29867/hiro,65aeb6432db841c7131845fa39b2b3cc0c1f2dac149e427c5e10e6e0afe4d3a3,2026-10-06T16:01:49+00:00,4915,Natus Vincere,Current Teams,,joined in December 2024,source_month_or_unspecified,unverified,https://www.vlr.gg/team/4915/natus-vincere
29867,https://www.vlr.gg/player/29867/hiro,65aeb6432db841c7131845fa39b2b3cc0c1f2dac149e427c5e10e6e0afe4d3a3,2026-10-06T16:01:49+00:00,2593,FNATIC,Past Teams,,June 2024 – September 2024,source_month_or_unspecified,unverified,https://www.vlr.gg/team/2593/fnatic
29867,https://www.vlr.gg/player/29867/hiro,65aeb6432db841c7131845fa39b2b3cc0c1f2dac149e427c5e10e6e0afe4d3a3,2026-10-06T16:01:49+00:00,4567,Papara SuperMassive,Past Teams,,November 2023 – June 2024,source_month_or_unspecified,unverified,https://www.vlr.gg/team/4567/papara-supermassive
29867,https://www.vlr.gg/player/29867/hiro,65aeb6432db841c7131845fa39b2b3cc0c1f2dac149e427c5e10e6e0afe4d3a3,2026-10-06T16:01:49+00:00,8128,WYLDE,Past Teams,,January 2023 – September 2023,source_month_or_unspecified,unverified,https://www.vlr.gg/team/8128/wylde
29873,https://www.vlr.gg/player/29873/benjyfishy,cc2456b5cbb77236b4bc97f80c1333dcba33d6cdfe86ff7e218e3f78198ab381,2026-10-06T16:01:50+00:00,1001,Team Heretics,Current Teams,,joined in July 2023,source_month_or_unspecified,unverified,https://www.vlr.gg/team/1001/team-heretics
29873,https://www.vlr.gg/player/29873/benjyfishy,cc2456b5cbb77236b4bc97f80c1333dcba33d6cdfe86ff7e218e3f78198ab381,2026-10-06T16:01:50+00:00,22783,Great Britain,Past Teams,,joined in June 2026,source_month_or_unspecified,unverified,https://www.vlr.gg/team/22783/great-britain
29873,https://www.vlr.gg/player/29873/benjyfishy,cc2456b5cbb77236b4bc97f80c1333dcba33d6cdfe86ff7e218e3f78198ab381,2026-10-06T16:01:50+00:00,876,Enterprise Esports,Past Teams,,December 2022 – June 2023,source_month_or_unspecified,unverified,https://www.vlr.gg/team/876/enterprise-esports
29873,https://www.vlr.gg/player/29873/benjyfishy,cc2456b5cbb77236b4bc97f80c1333dcba33d6cdfe86ff7e218e3f78198ab381,2026-10-06T16:01:50+00:00,10126,Team United Kingdom,Past Teams,,,source_month_or_unspecified,unverified,https://www.vlr.gg/team/10126/team-united-kingdom
29873,https://www.vlr.gg/player/29873/benjyfishy,cc2456b5cbb77236b4bc97f80c1333dcba33d6cdfe86ff7e218e3f78198ab381,2026-10-06T16:01:50+00:00,9767,Dragonslayerzzz,Past Teams,,left in November 2022,source_month_or_unspecified,unverified,https://www.vlr.gg/team/9767/dragonslayerzzz
29893,https://www.vlr.gg/player/29893/timotino,ec80e348decc022755bff6407ebed9aaa2da2c822743eec1e6b1a92da5fe0db4,2026-10-06T16:01:50+00:00,120,100 Thieves,Current Teams,,joined in November 2025,source_month_or_unspecified,unverified,https://www.vlr.gg/team/120/100-thieves
29893,https://www.vlr.gg/player/29893/timotino,ec80e348decc022755bff6407ebed9aaa2da2c822743eec1e6b1a92da5fe0db4,2026-10-06T16:01:50+00:00,106,TSM,Past Teams,stand-in,July 2025 – November 2025,source_month_or_unspecified,unverified,https://www.vlr.gg/team/106/tsm
29893,https://www.vlr.gg/player/29893/timotino,ec80e348decc022755bff6407ebed9aaa2da2c822743eec1e6b1a92da5fe0db4,2026-10-06T16:01:50+00:00,18587,No Home,Past Teams,,,source_month_or_unspecified,unverified,https://www.vlr.gg/team/18587/no-home
29893,https://www.vlr.gg/player/29893/timotino,ec80e348decc022755bff6407ebed9aaa2da2c822743eec1e6b1a92da5fe0db4,2026-10-06T16:01:50+00:00,6985,QoR,Past Teams,,January 2025 – May 2025,source_month_or_unspecified,unverified,https://www.vlr.gg/team/6985/qor
29893,https://www.vlr.gg/player/29893/timotino,ec80e348decc022755bff6407ebed9aaa2da2c822743eec1e6b1a92da5fe0db4,2026-10-06T16:01:50+00:00,7711,Berzerkers,Past Teams,,,source_month_or_unspecified,unverified,https://www.vlr.gg/team/7711/berzerkers
29893,https://www.vlr.gg/player/29893/timotino,ec80e348decc022755bff6407ebed9aaa2da2c822743eec1e6b1a92da5fe0db4,2026-10-06T16:01:50+00:00,11653,Rock Bottom,Past Teams,,,source_month_or_unspecified,unverified,https://www.vlr.gg/team/11653/rock-bottom
29893,https://www.vlr.gg/player/29893/timotino,ec80e348decc022755bff6407ebed9aaa2da2c822743eec1e6b1a92da5fe0db4,2026-10-06T16:01:50+00:00,11648,ROSE,Past Teams,,,source_month_or_unspecified,unverified,https://www.vlr.gg/team/11648/rose
29893,https://www.vlr.gg/player/29893/timotino,ec80e348decc022755bff6407ebed9aaa2da2c822743eec1e6b1a92da5fe0db4,2026-10-06T16:01:50+00:00,12019,The Grid,Past Teams,,,source_month_or_unspecified,unverified,https://www.vlr.gg/team/12019/the-grid
30470,https://www.vlr.gg/player/30470/kyu,2706b43fed9b124e68d60bfcf131f64690a40939f369a8252ceac1dbdf905908,2026-10-06T16:01:51+00:00,11001,M80,Current Teams,,joined in March 2026,source_month_or_unspecified,unverified,https://www.vlr.gg/team/11001/m80
30470,https://www.vlr.gg/player/30470/kyu,2706b43fed9b124e68d60bfcf131f64690a40939f369a8252ceac1dbdf905908,2026-10-06T16:01:51+00:00,2,Sentinels,Past Teams,,November 2025 – March 2026,source_month_or_unspecified,unverified,https://www.vlr.gg/team/2/sentinels
30470,https://www.vlr.gg/player/30470/kyu,2706b43fed9b124e68d60bfcf131f64690a40939f369a8252ceac1dbdf905908,2026-10-06T16:01:51+00:00,16899,Cubert Academy,Past Teams,,July 2025 – November 2025,source_month_or_unspecified,unverified,https://www.vlr.gg/team/16899/cubert-academy
30470,https://www.vlr.gg/player/30470/kyu,2706b43fed9b124e68d60bfcf131f64690a40939f369a8252ceac1dbdf905908,2026-10-06T16:01:51+00:00,18586,Chet's Pets,Past Teams,,May 2025 – June 2025,source_month_or_unspecified,unverified,https://www.vlr.gg/team/18586/chets-pets
30470,https://www.vlr.gg/player/30470/kyu,2706b43fed9b124e68d60bfcf131f64690a40939f369a8252ceac1dbdf905908,2026-10-06T16:01:51+00:00,11001,M80,Past Teams,,January 2025 – May 2025,source_month_or_unspecified,unverified,https://www.vlr.gg/team/11001/m80
30470,https://www.vlr.gg/player/30470/kyu,2706b43fed9b124e68d60bfcf131f64690a40939f369a8252ceac1dbdf905908,2026-10-06T16:01:51+00:00,11963,Ambrosia,Past Teams,,left in January 2025,source_month_or_unspecified,unverified,https://www.vlr.gg/team/11963/ambrosia
30470,https://www.vlr.gg/player/30470/kyu,2706b43fed9b124e68d60bfcf131f64690a40939f369a8252ceac1dbdf905908,2026-10-06T16:01:51+00:00,9975,St. Clair Saints,Past Teams,,September 2022 – January 2025,source_month_or_unspecified,unverified,https://www.vlr.gg/team/9975/st-clair-saints
30470,https://www.vlr.gg/player/30470/kyu,2706b43fed9b124e68d60bfcf131f64690a40939f369a8252ceac1dbdf905908,2026-10-06T16:01:51+00:00,13446,Griff Diff,Past Teams,,August 2023 – January 2024,source_month_or_unspecified,unverified,https://www.vlr.gg/team/13446/griff-diff
30470,https://www.vlr.gg/player/30470/kyu,2706b43fed9b124e68d60bfcf131f64690a40939f369a8252ceac1dbdf905908,2026-10-06T16:01:51+00:00,12982,Spooky Ghosts,Past Teams,,May 2023 – June 2023,source_month_or_unspecified,unverified,https://www.vlr.gg/team/12982/spooky-ghosts
30556,https://www.vlr.gg/player/30556/exa,d87057c8267a4930ad841d98ee8777cb463d91bba9e1d218a2ea2798db2c271d,2026-10-06T16:01:52+00:00,9353,Shopify Rebellion Black,Current Teams,,joined in November 2025,source_month_or_unspecified,unverified,https://www.vlr.gg/team/9353/shopify-rebellion-black
30556,https://www.vlr.gg/player/30556/exa,d87057c8267a4930ad841d98ee8777cb463d91bba9e1d218a2ea2798db2c271d,2026-10-06T16:01:52+00:00,15578,T1 Academy,Past Teams,,September 2024 – November 2025,source_month_or_unspecified,unverified,https://www.vlr.gg/team/15578/t1-academy
30556,https://www.vlr.gg/player/30556/exa,d87057c8267a4930ad841d98ee8777cb463d91bba9e1d218a2ea2798db2c271d,2026-10-06T16:01:52+00:00,13847,SaD Purple,Past Teams,,,source_month_or_unspecified,unverified,https://www.vlr.gg/team/13847/sad-purple
31305,https://www.vlr.gg/player/31305/lar0k,8d131a06815a287c911d3caebb35e3cae4a2c2438da27856af3f929dc1fdc502,2026-10-06T16:01:53+00:00,397,BBL Esports,Current Teams,,joined in November 2025,source_month_or_unspecified,unverified,https://www.vlr.gg/team/397/bbl-esports
31305,https://www.vlr.gg/player/31305/lar0k,8d131a06815a287c911d3caebb35e3cae4a2c2438da27856af3f929dc1fdc502,2026-10-06T16:01:53+00:00,22781,Türkiye,Past Teams,,joined in June 2026,source_month_or_unspecified,unverified,https://www.vlr.gg/team/22781/t-rkiye
31305,https://www.vlr.gg/player/31305/lar0k,8d131a06815a287c911d3caebb35e3cae4a2c2438da27856af3f929dc1fdc502,2026-10-06T16:01:53+00:00,16616,BBL PCIFIC,Past Teams,,October 2024 – November 2025,source_month_or_unspecified,unverified,https://www.vlr.gg/team/16616/bbl-pcific
31305,https://www.vlr.gg/player/31305/lar0k,8d131a06815a287c911d3caebb35e3cae4a2c2438da27856af3f929dc1fdc502,2026-10-06T16:01:53+00:00,3478,PCIFIC Esports,Past Teams,,March 2024 – October 2024,source_month_or_unspecified,unverified,https://www.vlr.gg/team/3478/pcific-esports
31305,https://www.vlr.gg/player/31305/lar0k,8d131a06815a287c911d3caebb35e3cae4a2c2438da27856af3f929dc1fdc502,2026-10-06T16:01:53+00:00,4396,Regnum Carya Esports,Past Teams,,joined in November 2023,source_month_or_unspecified,unverified,https://www.vlr.gg/team/4396/regnum-carya-esports
31305,https://www.vlr.gg/player/31305/lar0k,8d131a06815a287c911d3caebb35e3cae4a2c2438da27856af3f929dc1fdc502,2026-10-06T16:01:53+00:00,14114,XXL,Past Teams,,,source_month_or_unspecified,unverified,https://www.vlr.gg/team/14114/xxl
31305,https://www.vlr.gg/player/31305/lar0k,8d131a06815a287c911d3caebb35e3cae4a2c2438da27856af3f929dc1fdc502,2026-10-06T16:01:53+00:00,5879,Weda Esports,Past Teams,,,source_month_or_unspecified,unverified,https://www.vlr.gg/team/5879/weda-esports
31376,https://www.vlr.gg/player/31376/tarik,4e9269a91b1d361be10e09304c2d7a89760b12fbc35a3ee42859b56948cda8bb,2026-10-06T16:01:53+00:00,14333,Team Blue,Past Teams,,,source_month_or_unspecified,unverified,https://www.vlr.gg/team/14333/team-blue
31376,https://www.vlr.gg/player/31376/tarik,4e9269a91b1d361be10e09304c2d7a89760b12fbc35a3ee42859b56948cda8bb,2026-10-06T16:01:53+00:00,11515,Team OfflineTV,Past Teams,,,source_month_or_unspecified,unverified,https://www.vlr.gg/team/11515/team-offlinetv
31376,https://www.vlr.gg/player/31376/tarik,4e9269a91b1d361be10e09304c2d7a89760b12fbc35a3ee42859b56948cda8bb,2026-10-06T16:01:53+00:00,10346,Team tarik,Past Teams,,,source_month_or_unspecified,unverified,https://www.vlr.gg/team/10346/team-tarik
31476,https://www.vlr.gg/player/31476/mephisto,e3deb9ff1ba33c51498b690b9619fb93b4762eb7dae16bbf9638e884901ee590,2026-10-06T16:01:54+00:00,23083,Papurrispros,Past Teams,,,source_month_or_unspecified,unverified,https://www.vlr.gg/team/23083/papurrispros
31476,https://www.vlr.gg/player/31476/mephisto,e3deb9ff1ba33c51498b690b9619fb93b4762eb7dae16bbf9638e884901ee590,2026-10-06T16:01:54+00:00,22807,Mexico,Past Teams,,joined in June 2026,source_month_or_unspecified,unverified,https://www.vlr.gg/team/22807/mexico
31476,https://www.vlr.gg/player/31476/mephisto,e3deb9ff1ba33c51498b690b9619fb93b4762eb7dae16bbf9638e884901ee590,2026-10-06T16:01:54+00:00,20784,LYON,Past Teams,,December 2025 – July 2026,source_month_or_unspecified,unverified,https://www.vlr.gg/team/20784/lyon
31476,https://www.vlr.gg/player/31476/mephisto,e3deb9ff1ba33c51498b690b9619fb93b4762eb7dae16bbf9638e884901ee590,2026-10-06T16:01:54+00:00,4094,Six Karma,Past Teams,,October 2024 – December 2025,source_month_or_unspecified,unverified,https://www.vlr.gg/team/4094/six-karma
31476,https://www.vlr.gg/player/31476/mephisto,e3deb9ff1ba33c51498b690b9619fb93b4762eb7dae16bbf9638e884901ee590,2026-10-06T16:01:54+00:00,4094,Six Karma,Past Teams,,February 2024 – December 2025,source_month_or_unspecified,unverified,https://www.vlr.gg/team/4094/six-karma
31476,https://www.vlr.gg/player/31476/mephisto,e3deb9ff1ba33c51498b690b9619fb93b4762eb7dae16bbf9638e884901ee590,2026-10-06T16:01:54+00:00,10368,Baxaal Gaming,Past Teams,,,source_month_or_unspecified,unverified,https://www.vlr.gg/team/10368/baxaal-gaming
31632,https://www.vlr.gg/player/31632/zenox,f76a39f9ed4eaf6a8d5f325fb24e0a605187870d41fc2382ccbeeaf7d02a73c9,2026-10-06T16:01:55+00:00,23246,Crusaders,Current Teams,,,source_month_or_unspecified,unverified,https://www.vlr.gg/team/23246/crusaders
31632,https://www.vlr.gg/player/31632/zenox,f76a39f9ed4eaf6a8d5f325fb24e0a605187870d41fc2382ccbeeaf7d02a73c9,2026-10-06T16:01:55+00:00,13849,Justice For Tomorrow,Past Teams,,,source_month_or_unspecified,unverified,https://www.vlr.gg/team/13849/justice-for-tomorrow
31632,https://www.vlr.gg/player/31632/zenox,f76a39f9ed4eaf6a8d5f325fb24e0a605187870d41fc2382ccbeeaf7d02a73c9,2026-10-06T16:01:55+00:00,16865,Mejais Soulstealers,Past Teams,,,source_month_or_unspecified,unverified,https://www.vlr.gg/team/16865/mejais-soulstealers
31632,https://www.vlr.gg/player/31632/zenox,f76a39f9ed4eaf6a8d5f325fb24e0a605187870d41fc2382ccbeeaf7d02a73c9,2026-10-06T16:01:55+00:00,21886,Carlos Disciples,Past Teams,,,source_month_or_unspecified,unverified,https://www.vlr.gg/team/21886/carlos-disciples
31632,https://www.vlr.gg/player/31632/zenox,f76a39f9ed4eaf6a8d5f325fb24e0a605187870d41fc2382ccbeeaf7d02a73c9,2026-10-06T16:01:55+00:00,19805,Get A Job,Past Teams,,,source_month_or_unspecified,unverified,https://www.vlr.gg/team/19805/get-a-job
31632,https://www.vlr.gg/player/31632/zenox,f76a39f9ed4eaf6a8d5f325fb24e0a605187870d41fc2382ccbeeaf7d02a73c9,2026-10-06T16:01:55+00:00,19302,Marlon N Friends,Past Teams,,,source_month_or_unspecified,unverified,https://www.vlr.gg/team/19302/marlon-n-friends
31632,https://www.vlr.gg/player/31632/zenox,f76a39f9ed4eaf6a8d5f325fb24e0a605187870d41fc2382ccbeeaf7d02a73c9,2026-10-06T16:01:55+00:00,15208,Hornswogglers,Past Teams,,,source_month_or_unspecified,unverified,https://www.vlr.gg/team/15208/hornswogglers
31632,https://www.vlr.gg/player/31632/zenox,f76a39f9ed4eaf6a8d5f325fb24e0a605187870d41fc2382ccbeeaf7d02a73c9,2026-10-06T16:01:55+00:00,15216,Rub n' Pug,Past Teams,,,source_month_or_unspecified,unverified,https://www.vlr.gg/team/15216/rub-n-pug
31632,https://www.vlr.gg/player/31632/zenox,f76a39f9ed4eaf6a8d5f325fb24e0a605187870d41fc2382ccbeeaf7d02a73c9,2026-10-06T16:01:55+00:00,14698,Dreams To Legends,Past Teams,,joined in February 2024,source_month_or_unspecified,unverified,https://www.vlr.gg/team/14698/dreams-to-legends
31632,https://www.vlr.gg/player/31632/zenox,f76a39f9ed4eaf6a8d5f325fb24e0a605187870d41fc2382ccbeeaf7d02a73c9,2026-10-06T16:01:55+00:00,10891,Vapour Esports,Past Teams,,,source_month_or_unspecified,unverified,https://www.vlr.gg/team/10891/vapour-esports
31632,https://www.vlr.gg/player/31632/zenox,f76a39f9ed4eaf6a8d5f325fb24e0a605187870d41fc2382ccbeeaf7d02a73c9,2026-10-06T16:01:55+00:00,10446,whiffers,Past Teams,,,source_month_or_unspecified,unverified,https://www.vlr.gg/team/10446/whiffers
31753,https://www.vlr.gg/player/31753/spiritz1,1c8ca6688f6716e4a0d5ad23668d32ab444d3f02539f573d6008393ca43eb2d2,2026-10-06T16:01:55+00:00,11981,Dragon Ranger Gaming,Current Teams,,joined in October 2024,source_month_or_unspecified,unverified,https://www.vlr.gg/team/11981/dragon-ranger-gaming
31753,https://www.vlr.gg/player/31753/spiritz1,1c8ca6688f6716e4a0d5ad23668d32ab444d3f02539f573d6008393ca43eb2d2,2026-10-06T16:01:55+00:00,22784,Chinese Taipei,Past Teams,,joined in June 2026,source_month_or_unspecified,unverified,https://www.vlr.gg/team/22784/chinese-taipei
31753,https://www.vlr.gg/player/31753/spiritz1,1c8ca6688f6716e4a0d5ad23668d32ab444d3f02539f573d6008393ca43eb2d2,2026-10-06T16:01:55+00:00,6397,Five Ace Esports,Past Teams,,,source_month_or_unspecified,unverified,https://www.vlr.gg/team/6397/five-ace-esports
31753,https://www.vlr.gg/player/31753/spiritz1,1c8ca6688f6716e4a0d5ad23668d32ab444d3f02539f573d6008393ca43eb2d2,2026-10-06T16:01:55+00:00,10591,X64,Past Teams,,,source_month_or_unspecified,unverified,https://www.vlr.gg/team/10591/x64
31827,https://www.vlr.gg/player/31827/dambi,b20d2d96073be9b42bc319f8768c97a5c69a9a8a780b5c9d874604253fa5a7a4,2026-10-06T16:01:56+00:00,11060,Nongshim RedForce,Current Teams,,joined in November 2024,source_month_or_unspecified,unverified,https://www.vlr.gg/team/11060/nongshim-redforce
31827,https://www.vlr.gg/player/31827/dambi,b20d2d96073be9b42bc319f8768c97a5c69a9a8a780b5c9d874604253fa5a7a4,2026-10-06T16:01:56+00:00,22779,South Korea,Past Teams,,joined in June 2026,source_month_or_unspecified,unverified,https://www.vlr.gg/team/22779/south-korea
31827,https://www.vlr.gg/player/31827/dambi,b20d2d96073be9b42bc319f8768c97a5c69a9a8a780b5c9d874604253fa5a7a4,2026-10-06T16:01:56+00:00,14422,Sin Prisa Gaming,Past Teams,,December 2023 – November 2024,source_month_or_unspecified,unverified,https://www.vlr.gg/team/14422/sin-prisa-gaming
31827,https://www.vlr.gg/player/31827/dambi,b20d2d96073be9b42bc319f8768c97a5c69a9a8a780b5c9d874604253fa5a7a4,2026-10-06T16:01:56+00:00,11707,Gwangju Shadow,Past Teams,,September 2023 – December 2023,source_month_or_unspecified,unverified,https://www.vlr.gg/team/11707/gwangju-shadow
31827,https://www.vlr.gg/player/31827/dambi,b20d2d96073be9b42bc319f8768c97a5c69a9a8a780b5c9d874604253fa5a7a4,2026-10-06T16:01:56+00:00,12391,Team OGS,Past Teams,,,source_month_or_unspecified,unverified,https://www.vlr.gg/team/12391/team-ogs
31827,https://www.vlr.gg/player/31827/dambi,b20d2d96073be9b42bc319f8768c97a5c69a9a8a780b5c9d874604253fa5a7a4,2026-10-06T16:01:56+00:00,10599,ALPHA,Past Teams,,,source_month_or_unspecified,unverified,https://www.vlr.gg/team/10599/alpha
31828,https://www.vlr.gg/player/31828/francis,4151f032c6ef5e27c0e14587682285fe73e317532aa073c100761163841e93cf,2026-10-06T16:01:57+00:00,11060,Nongshim RedForce,Current Teams,,joined in November 2024,source_month_or_unspecified,unverified,https://www.vlr.gg/team/11060/nongshim-redforce
31828,https://www.vlr.gg/player/31828/francis,4151f032c6ef5e27c0e14587682285fe73e317532aa073c100761163841e93cf,2026-10-06T16:01:57+00:00,22779,South Korea,Past Teams,,joined in June 2026,source_month_or_unspecified,unverified,https://www.vlr.gg/team/22779/south-korea
31828,https://www.vlr.gg/player/31828/francis,4151f032c6ef5e27c0e14587682285fe73e317532aa073c100761163841e93cf,2026-10-06T16:01:57+00:00,14422,Sin Prisa Gaming,Past Teams,,December 2023 – November 2024,source_month_or_unspecified,unverified,https://www.vlr.gg/team/14422/sin-prisa-gaming
31828,https://www.vlr.gg/player/31828/francis,4151f032c6ef5e27c0e14587682285fe73e317532aa073c100761163841e93cf,2026-10-06T16:01:57+00:00,11707,Gwangju Shadow,Past Teams,,September 2023 – December 2023,source_month_or_unspecified,unverified,https://www.vlr.gg/team/11707/gwangju-shadow
31828,https://www.vlr.gg/player/31828/francis,4151f032c6ef5e27c0e14587682285fe73e317532aa073c100761163841e93cf,2026-10-06T16:01:57+00:00,12391,Team OGS,Past Teams,,,source_month_or_unspecified,unverified,https://www.vlr.gg/team/12391/team-ogs
31828,https://www.vlr.gg/player/31828/francis,4151f032c6ef5e27c0e14587682285fe73e317532aa073c100761163841e93cf,2026-10-06T16:01:57+00:00,10599,ALPHA,Past Teams,,,source_month_or_unspecified,unverified,https://www.vlr.gg/team/10599/alpha
31829,https://www.vlr.gg/player/31829/ivy,15a97b57bb68e40e1926f39b3b89acc386b828fd95f77edc6a2db707aad6c149,2026-10-06T16:01:57+00:00,11060,Nongshim RedForce,Current Teams,,joined in November 2024,source_month_or_unspecified,unverified,https://www.vlr.gg/team/11060/nongshim-redforce
31829,https://www.vlr.gg/player/31829/ivy,15a97b57bb68e40e1926f39b3b89acc386b828fd95f77edc6a2db707aad6c149,2026-10-06T16:01:57+00:00,22779,South Korea,Past Teams,,joined in June 2026,source_month_or_unspecified,unverified,https://www.vlr.gg/team/22779/south-korea
31829,https://www.vlr.gg/player/31829/ivy,15a97b57bb68e40e1926f39b3b89acc386b828fd95f77edc6a2db707aad6c149,2026-10-06T16:01:57+00:00,14422,Sin Prisa Gaming,Past Teams,,December 2023 – November 2024,source_month_or_unspecified,unverified,https://www.vlr.gg/team/14422/sin-prisa-gaming
31829,https://www.vlr.gg/player/31829/ivy,15a97b57bb68e40e1926f39b3b89acc386b828fd95f77edc6a2db707aad6c149,2026-10-06T16:01:57+00:00,11707,Gwangju Shadow,Past Teams,,September 2023 – December 2023,source_month_or_unspecified,unverified,https://www.vlr.gg/team/11707/gwangju-shadow
31829,https://www.vlr.gg/player/31829/ivy,15a97b57bb68e40e1926f39b3b89acc386b828fd95f77edc6a2db707aad6c149,2026-10-06T16:01:57+00:00,12391,Team OGS,Past Teams,,,source_month_or_unspecified,unverified,https://www.vlr.gg/team/12391/team-ogs
31829,https://www.vlr.gg/player/31829/ivy,15a97b57bb68e40e1926f39b3b89acc386b828fd95f77edc6a2db707aad6c149,2026-10-06T16:01:57+00:00,10599,ALPHA,Past Teams,,,source_month_or_unspecified,unverified,https://www.vlr.gg/team/10599/alpha
32183,https://www.vlr.gg/player/32183/dannyy,a22e591b847b35e898a8b6f179e779b5e39075e7b41c67f04fdcc9841c638ea7,2026-10-06T16:01:58+00:00,19531,Any Questions Gaming,Current Teams,,joined in May 2025,source_month_or_unspecified,unverified,https://www.vlr.gg/team/19531/any-questions-gaming
32183,https://www.vlr.gg/player/32183/dannyy,a22e591b847b35e898a8b6f179e779b5e39075e7b41c67f04fdcc9841c638ea7,2026-10-06T16:01:58+00:00,10583,IVC Blue,Past Teams,,,source_month_or_unspecified,unverified,https://www.vlr.gg/team/10583/ivc-blue
33358,https://www.vlr.gg/player/33358/shinnok,32512c707a5a7559f1df918d95556101e30c54904a882f4c258c6a20a9d311a2,2026-10-06T16:01:58+00:00,5214,CGN Esports,Current Teams,,,source_month_or_unspecified,unverified,https://www.vlr.gg/team/5214/cgn-esports
33358,https://www.vlr.gg/player/33358/shinnok,32512c707a5a7559f1df918d95556101e30c54904a882f4c258c6a20a9d311a2,2026-10-06T16:01:58+00:00,23121,Cat Lovers,Current Teams,,,source_month_or_unspecified,unverified,https://www.vlr.gg/team/23121/cat-lovers
33358,https://www.vlr.gg/player/33358/shinnok,32512c707a5a7559f1df918d95556101e30c54904a882f4c258c6a20a9d311a2,2026-10-06T16:01:58+00:00,22862,Hungary,Past Teams,,joined in June 2026,source_month_or_unspecified,unverified,https://www.vlr.gg/team/22862/hungary
33358,https://www.vlr.gg/player/33358/shinnok,32512c707a5a7559f1df918d95556101e30c54904a882f4c258c6a20a9d311a2,2026-10-06T16:01:58+00:00,6882,FOKUS,Past Teams,,January 2026 – July 2026,source_month_or_unspecified,unverified,https://www.vlr.gg/team/6882/fokus
33358,https://www.vlr.gg/player/33358/shinnok,32512c707a5a7559f1df918d95556101e30c54904a882f4c258c6a20a9d311a2,2026-10-06T16:01:58+00:00,12489,Metizport,Past Teams,,January 2025 – August 2025,source_month_or_unspecified,unverified,https://www.vlr.gg/team/12489/metizport
33358,https://www.vlr.gg/player/33358/shinnok,32512c707a5a7559f1df918d95556101e30c54904a882f4c258c6a20a9d311a2,2026-10-06T16:01:58+00:00,12478,Coalesce,Past Teams,,joined in November 2024,source_month_or_unspecified,unverified,https://www.vlr.gg/team/12478/coalesce
33358,https://www.vlr.gg/player/33358/shinnok,32512c707a5a7559f1df918d95556101e30c54904a882f4c258c6a20a9d311a2,2026-10-06T16:01:58+00:00,16174,Genziary,Past Teams,,left in March 2025,source_month_or_unspecified,unverified,https://www.vlr.gg/team/16174/genziary
33358,https://www.vlr.gg/player/33358/shinnok,32512c707a5a7559f1df918d95556101e30c54904a882f4c258c6a20a9d311a2,2026-10-06T16:01:58+00:00,11152,Outplayed,Past Teams,,June 2024 – July 2024,source_month_or_unspecified,unverified,https://www.vlr.gg/team/11152/outplayed
33358,https://www.vlr.gg/player/33358/shinnok,32512c707a5a7559f1df918d95556101e30c54904a882f4c258c6a20a9d311a2,2026-10-06T16:01:58+00:00,12489,Metizport,Past Teams,,May 2024 – June 2024,source_month_or_unspecified,unverified,https://www.vlr.gg/team/12489/metizport
33358,https://www.vlr.gg/player/33358/shinnok,32512c707a5a7559f1df918d95556101e30c54904a882f4c258c6a20a9d311a2,2026-10-06T16:01:58+00:00,12485,Yari Esports,Past Teams,,December 2023 – May 2024,source_month_or_unspecified,unverified,https://www.vlr.gg/team/12485/yari-esports
33358,https://www.vlr.gg/player/33358/shinnok,32512c707a5a7559f1df918d95556101e30c54904a882f4c258c6a20a9d311a2,2026-10-06T16:01:58+00:00,12834,Origami Team,Past Teams,,,source_month_or_unspecified,unverified,https://www.vlr.gg/team/12834/origami-team
33358,https://www.vlr.gg/player/33358/shinnok,32512c707a5a7559f1df918d95556101e30c54904a882f4c258c6a20a9d311a2,2026-10-06T16:01:58+00:00,9487,MetaTensei Esports,Past Teams,,,source_month_or_unspecified,unverified,https://www.vlr.gg/team/9487/metatensei-esports
33358,https://www.vlr.gg/player/33358/shinnok,32512c707a5a7559f1df918d95556101e30c54904a882f4c258c6a20a9d311a2,2026-10-06T16:01:58+00:00,8172,Honvéd Esport,Past Teams,,,source_month_or_unspecified,unverified,https://www.vlr.gg/team/8172/honv-d-esport
33570,https://www.vlr.gg/player/33570/chubizin,b5a2da0e3613d4ecfa875a8fe1afa3f8442ff1f92ee959cc6a1fccb481cff17b,2026-10-06T16:01:59+00:00,22142,BESTIA,Past Teams,,April 2026 – September 2026,source_month_or_unspecified,unverified,https://www.vlr.gg/team/22142/bestia
33570,https://www.vlr.gg/player/33570/chubizin,b5a2da0e3613d4ecfa875a8fe1afa3f8442ff1f92ee959cc6a1fccb481cff17b,2026-10-06T16:01:59+00:00,21462,Melser Kindergarten,Past Teams,,,source_month_or_unspecified,unverified,https://www.vlr.gg/team/21462/melser-kindergarten
33570,https://www.vlr.gg/player/33570/chubizin,b5a2da0e3613d4ecfa875a8fe1afa3f8442ff1f92ee959cc6a1fccb481cff17b,2026-10-06T16:01:59+00:00,18584,Farenvehn,Past Teams,,joined in January 2026,source_month_or_unspecified,unverified,https://www.vlr.gg/team/18584/farenvehn
33570,https://www.vlr.gg/player/33570/chubizin,b5a2da0e3613d4ecfa875a8fe1afa3f8442ff1f92ee959cc6a1fccb481cff17b,2026-10-06T16:01:59+00:00,15479,Underhounds,Past Teams,,,source_month_or_unspecified,unverified,https://www.vlr.gg/team/15479/underhounds
33570,https://www.vlr.gg/player/33570/chubizin,b5a2da0e3613d4ecfa875a8fe1afa3f8442ff1f92ee959cc6a1fccb481cff17b,2026-10-06T16:01:59+00:00,719,Australs,Past Teams,,joined in February 2025,source_month_or_unspecified,unverified,https://www.vlr.gg/team/719/australs
33570,https://www.vlr.gg/player/33570/chubizin,b5a2da0e3613d4ecfa875a8fe1afa3f8442ff1f92ee959cc6a1fccb481cff17b,2026-10-06T16:01:59+00:00,12688,Zen eSports,Past Teams,,joined in June 2024,source_month_or_unspecified,unverified,https://www.vlr.gg/team/12688/zen-esports
33570,https://www.vlr.gg/player/33570/chubizin,b5a2da0e3613d4ecfa875a8fe1afa3f8442ff1f92ee959cc6a1fccb481cff17b,2026-10-06T16:01:59+00:00,15742,mix9,Past Teams,,left in June 2024,source_month_or_unspecified,unverified,https://www.vlr.gg/team/15742/mix9
33570,https://www.vlr.gg/player/33570/chubizin,b5a2da0e3613d4ecfa875a8fe1afa3f8442ff1f92ee959cc6a1fccb481cff17b,2026-10-06T16:01:59+00:00,13821,Nottingham Miedo,Past Teams,,left in May 2025,source_month_or_unspecified,unverified,https://www.vlr.gg/team/13821/nottingham-miedo
33570,https://www.vlr.gg/player/33570/chubizin,b5a2da0e3613d4ecfa875a8fe1afa3f8442ff1f92ee959cc6a1fccb481cff17b,2026-10-06T16:01:59+00:00,14941,XSOUL,Past Teams,,joined in December 2023,source_month_or_unspecified,unverified,https://www.vlr.gg/team/14941/xsoul
33902,https://www.vlr.gg/player/33902/sayonara,e11abfee96bc8ecf1c309536a7927bfc62e04d75ea388f6c3c427c896f8c59a0,2026-10-06T16:02:00+00:00,2059,Team Vitality,Current Teams,,joined in March 2025,source_month_or_unspecified,unverified,https://www.vlr.gg/team/2059/team-vitality
33902,https://www.vlr.gg/player/33902/sayonara,e11abfee96bc8ecf1c309536a7927bfc62e04d75ea388f6c3c427c896f8c59a0,2026-10-06T16:02:00+00:00,18376,VIT.Revolution,Past Teams,,joined in April 2025,source_month_or_unspecified,unverified,https://www.vlr.gg/team/18376/vit-revolution
33902,https://www.vlr.gg/player/33902/sayonara,e11abfee96bc8ecf1c309536a7927bfc62e04d75ea388f6c3c427c896f8c59a0,2026-10-06T16:02:00+00:00,14318,DVM Esport,Past Teams,,October 2024 – April 2025,source_month_or_unspecified,unverified,https://www.vlr.gg/team/14318/dvm-esport
33902,https://www.vlr.gg/player/33902/sayonara,e11abfee96bc8ecf1c309536a7927bfc62e04d75ea388f6c3c427c896f8c59a0,2026-10-06T16:02:00+00:00,2593,FNATIC,Past Teams,stand-in,October 2024 – December 2024,source_month_or_unspecified,unverified,https://www.vlr.gg/team/2593/fnatic
33902,https://www.vlr.gg/player/33902/sayonara,e11abfee96bc8ecf1c309536a7927bfc62e04d75ea388f6c3c427c896f8c59a0,2026-10-06T16:02:00+00:00,6313,KPI Gaming,Past Teams,,March 2024 – August 2024,source_month_or_unspecified,unverified,https://www.vlr.gg/team/6313/kpi-gaming
34057,https://www.vlr.gg/player/34057/jerrwin,368161b412c81808273913c5d9e68390b92fb369b9cfae262672bd724cdc7fce,2026-10-06T16:02:01+00:00,2,Sentinels,Current Teams,,Inactive from September 2026,source_month_or_unspecified,unverified,https://www.vlr.gg/team/2/sentinels
34057,https://www.vlr.gg/player/34057/jerrwin,368161b412c81808273913c5d9e68390b92fb369b9cfae262672bd724cdc7fce,2026-10-06T16:02:01+00:00,13920,SaD Esports,Past Teams,,April 2025 – March 2026,source_month_or_unspecified,unverified,https://www.vlr.gg/team/13920/sad-esports
34057,https://www.vlr.gg/player/34057/jerrwin,368161b412c81808273913c5d9e68390b92fb369b9cfae262672bd724cdc7fce,2026-10-06T16:02:01+00:00,16898,Trust In Plug,Past Teams,,November 2024 – March 2025,source_month_or_unspecified,unverified,https://www.vlr.gg/team/16898/trust-in-plug
34057,https://www.vlr.gg/player/34057/jerrwin,368161b412c81808273913c5d9e68390b92fb369b9cfae262672bd724cdc7fce,2026-10-06T16:02:01+00:00,15229,evil genies,Past Teams,,,source_month_or_unspecified,unverified,https://www.vlr.gg/team/15229/evil-genies
34057,https://www.vlr.gg/player/34057/jerrwin,368161b412c81808273913c5d9e68390b92fb369b9cfae262672bd724cdc7fce,2026-10-06T16:02:01+00:00,13277,Lemonade Stand,Past Teams,,,source_month_or_unspecified,unverified,https://www.vlr.gg/team/13277/lemonade-stand
34057,https://www.vlr.gg/player/34057/jerrwin,368161b412c81808273913c5d9e68390b92fb369b9cfae262672bd724cdc7fce,2026-10-06T16:02:01+00:00,13834,SEN Shahzam,Past Teams,,,source_month_or_unspecified,unverified,https://www.vlr.gg/team/13834/sen-shahzam
34400,https://www.vlr.gg/player/34400/bao,cc8a6e03beab1738cd8ea081d9597562ed40d0a6585e7a1257782d71e6799592,2026-10-06T16:02:01+00:00,5248,Evil Geniuses,Current Teams,,joined in November 2025,source_month_or_unspecified,unverified,https://www.vlr.gg/team/5248/evil-geniuses
34400,https://www.vlr.gg/player/34400/bao,cc8a6e03beab1738cd8ea081d9597562ed40d0a6585e7a1257782d71e6799592,2026-10-06T16:02:01+00:00,13920,SaD Esports,Past Teams,,June 2025 – November 2025,source_month_or_unspecified,unverified,https://www.vlr.gg/team/13920/sad-esports
34400,https://www.vlr.gg/player/34400/bao,cc8a6e03beab1738cd8ea081d9597562ed40d0a6585e7a1257782d71e6799592,2026-10-06T16:02:01+00:00,18586,Chet's Pets,Past Teams,,May 2025 – June 2025,source_month_or_unspecified,unverified,https://www.vlr.gg/team/18586/chets-pets
34400,https://www.vlr.gg/player/34400/bao,cc8a6e03beab1738cd8ea081d9597562ed40d0a6585e7a1257782d71e6799592,2026-10-06T16:02:01+00:00,11001,M80,Past Teams,,January 2025 – May 2025,source_month_or_unspecified,unverified,https://www.vlr.gg/team/11001/m80
34400,https://www.vlr.gg/player/34400/bao,cc8a6e03beab1738cd8ea081d9597562ed40d0a6585e7a1257782d71e6799592,2026-10-06T16:02:01+00:00,16898,Trust In Plug,Past Teams,,November 2024 – January 2025,source_month_or_unspecified,unverified,https://www.vlr.gg/team/16898/trust-in-plug
34400,https://www.vlr.gg/player/34400/bao,cc8a6e03beab1738cd8ea081d9597562ed40d0a6585e7a1257782d71e6799592,2026-10-06T16:02:01+00:00,13277,Lemonade Stand,Past Teams,,,source_month_or_unspecified,unverified,https://www.vlr.gg/team/13277/lemonade-stand
34400,https://www.vlr.gg/player/34400/bao,cc8a6e03beab1738cd8ea081d9597562ed40d0a6585e7a1257782d71e6799592,2026-10-06T16:02:01+00:00,11368,Snow Fall,Past Teams,,,source_month_or_unspecified,unverified,https://www.vlr.gg/team/11368/snow-fall
34684,https://www.vlr.gg/player/34684/westside,08de81191c67bc91d117215bf08263c20ec6b984e336f8fa021f47c552978632,2026-10-06T16:02:02+00:00,14419,GIANTX,Current Teams,,joined in November 2024,source_month_or_unspecified,unverified,https://www.vlr.gg/team/14419/giantx
34684,https://www.vlr.gg/player/34684/westside,08de81191c67bc91d117215bf08263c20ec6b984e336f8fa021f47c552978632,2026-10-06T16:02:02+00:00,22782,Poland,Past Teams,,joined in June 2026,source_month_or_unspecified,unverified,https://www.vlr.gg/team/22782/poland
34684,https://www.vlr.gg/player/34684/westside,08de81191c67bc91d117215bf08263c20ec6b984e336f8fa021f47c552978632,2026-10-06T16:02:02+00:00,8049,Diamant Esports,Past Teams,,January 2024 – July 2024,source_month_or_unspecified,unverified,https://www.vlr.gg/team/8049/diamant-esports
34684,https://www.vlr.gg/player/34684/westside,08de81191c67bc91d117215bf08263c20ec6b984e336f8fa021f47c552978632,2026-10-06T16:02:02+00:00,6235,Incognito,Past Teams,,,source_month_or_unspecified,unverified,https://www.vlr.gg/team/6235/incognito
34684,https://www.vlr.gg/player/34684/westside,08de81191c67bc91d117215bf08263c20ec6b984e336f8fa021f47c552978632,2026-10-06T16:02:02+00:00,12515,FLYMORE,Past Teams,,,source_month_or_unspecified,unverified,https://www.vlr.gg/team/12515/flymore
34775,https://www.vlr.gg/player/34775/sota,e82159a977a13accdb8d05af1a3f85ee05bf7e6e6b665e072efae9d107cfb890,2026-10-06T16:02:03+00:00,104,REJECT,Past Teams,,February 2026 – May 2026,source_month_or_unspecified,unverified,https://www.vlr.gg/team/104/reject
34775,https://www.vlr.gg/player/34775/sota,e82159a977a13accdb8d05af1a3f85ee05bf7e6e6b665e072efae9d107cfb890,2026-10-06T16:02:03+00:00,19881,Kirihana Academy,Past Teams,,,source_month_or_unspecified,unverified,https://www.vlr.gg/team/19881/kirihana-academy
34775,https://www.vlr.gg/player/34775/sota,e82159a977a13accdb8d05af1a3f85ee05bf7e6e6b665e072efae9d107cfb890,2026-10-06T16:02:03+00:00,16866,DFM Academy,Past Teams,,November 2024 – May 2025,source_month_or_unspecified,unverified,https://www.vlr.gg/team/16866/dfm-academy
34775,https://www.vlr.gg/player/34775/sota,e82159a977a13accdb8d05af1a3f85ee05bf7e6e6b665e072efae9d107cfb890,2026-10-06T16:02:03+00:00,11508,DetoNator Academy,Past Teams,,,source_month_or_unspecified,unverified,https://www.vlr.gg/team/11508/detonator-academy
34776,https://www.vlr.gg/player/34776/absol,d0970fd9275dbf0a967c2e25fbb752e3815808d24977d66a43045cff98d251ae,2026-10-06T16:02:03+00:00,5448,ZETA DIVISION,Current Teams,,joined in December 2025,source_month_or_unspecified,unverified,https://www.vlr.gg/team/5448/zeta-division
34776,https://www.vlr.gg/player/34776/absol,d0970fd9275dbf0a967c2e25fbb752e3815808d24977d66a43045cff98d251ae,2026-10-06T16:02:03+00:00,5448,ZETA DIVISION,Past Teams,stand-in,November 2025 – December 2025,source_month_or_unspecified,unverified,https://www.vlr.gg/team/5448/zeta-division
34776,https://www.vlr.gg/player/34776/absol,d0970fd9275dbf0a967c2e25fbb752e3815808d24977d66a43045cff98d251ae,2026-10-06T16:02:03+00:00,11490,Murash Gaming,Past Teams,,August 2023 – December 2025,source_month_or_unspecified,unverified,https://www.vlr.gg/team/11490/murash-gaming
34776,https://www.vlr.gg/player/34776/absol,d0970fd9275dbf0a967c2e25fbb752e3815808d24977d66a43045cff98d251ae,2026-10-06T16:02:03+00:00,11508,DetoNator Academy,Past Teams,,,source_month_or_unspecified,unverified,https://www.vlr.gg/team/11508/detonator-academy
34785,https://www.vlr.gg/player/34785/yowamu,b68a840da3d0d175aa91d16df06684bd49db3936eafdffe84bb309c3a9c737c6,2026-10-06T16:02:04+00:00,21367,REIGNITE FOXX,Past Teams,,February 2026 – June 2026,source_month_or_unspecified,unverified,https://www.vlr.gg/team/21367/reignite-foxx
34785,https://www.vlr.gg/player/34785/yowamu,b68a840da3d0d175aa91d16df06684bd49db3936eafdffe84bb309c3a9c737c6,2026-10-06T16:02:04+00:00,2934,FENNEL,Past Teams,stand-in,November 2025 – November 2025,source_month_or_unspecified,unverified,https://www.vlr.gg/team/2934/fennel
34785,https://www.vlr.gg/player/34785/yowamu,b68a840da3d0d175aa91d16df06684bd49db3936eafdffe84bb309c3a9c737c6,2026-10-06T16:02:04+00:00,14383,NOEZ FOXX,Past Teams,,January 2024 – February 2026,source_month_or_unspecified,unverified,https://www.vlr.gg/team/14383/noez-foxx
34785,https://www.vlr.gg/player/34785/yowamu,b68a840da3d0d175aa91d16df06684bd49db3936eafdffe84bb309c3a9c737c6,2026-10-06T16:02:04+00:00,16432,REVE RISE MAX,Past Teams,,November 2024 – January 2025,source_month_or_unspecified,unverified,https://www.vlr.gg/team/16432/reve-rise-max
34785,https://www.vlr.gg/player/34785/yowamu,b68a840da3d0d175aa91d16df06684bd49db3936eafdffe84bb309c3a9c737c6,2026-10-06T16:02:04+00:00,16242,BABO,Past Teams,,joined in November 2024,source_month_or_unspecified,unverified,https://www.vlr.gg/team/16242/babo
34785,https://www.vlr.gg/player/34785/yowamu,b68a840da3d0d175aa91d16df06684bd49db3936eafdffe84bb309c3a9c737c6,2026-10-06T16:02:04+00:00,11233,BC SWELL,Past Teams,,Inactive from September 2024,source_month_or_unspecified,unverified,https://www.vlr.gg/team/11233/bc-swell
34785,https://www.vlr.gg/player/34785/yowamu,b68a840da3d0d175aa91d16df06684bd49db3936eafdffe84bb309c3a9c737c6,2026-10-06T16:02:04+00:00,2988,NORTHEPTION,Past Teams,,December 2023 – April 2024,source_month_or_unspecified,unverified,https://www.vlr.gg/team/2988/northeption
34785,https://www.vlr.gg/player/34785/yowamu,b68a840da3d0d175aa91d16df06684bd49db3936eafdffe84bb309c3a9c737c6,2026-10-06T16:02:04+00:00,1734,FIRST Gaming,Past Teams,,,source_month_or_unspecified,unverified,https://www.vlr.gg/team/1734/first-gaming
34926,https://www.vlr.gg/player/34926/oonzmlp,9f8be72a0694edb11126fe463e4cb3b1cb8050316a5bb0e77a2a09dfd1b8905a,2026-10-06T16:02:04+00:00,11229,VARREL,Current Teams,,joined in December 2025,source_month_or_unspecified,unverified,https://www.vlr.gg/team/11229/varrel
34926,https://www.vlr.gg/player/34926/oonzmlp,9f8be72a0694edb11126fe463e4cb3b1cb8050316a5bb0e77a2a09dfd1b8905a,2026-10-06T16:02:04+00:00,12446,SLT Seongnam,Past Teams,,October 2024 – December 2025,source_month_or_unspecified,unverified,https://www.vlr.gg/team/12446/slt-seongnam
34926,https://www.vlr.gg/player/34926/oonzmlp,9f8be72a0694edb11126fe463e4cb3b1cb8050316a5bb0e77a2a09dfd1b8905a,2026-10-06T16:02:04+00:00,8086,Maru Gaming,Past Teams,,joined in December 2023,source_month_or_unspecified,unverified,https://www.vlr.gg/team/8086/maru-gaming
34926,https://www.vlr.gg/player/34926/oonzmlp,9f8be72a0694edb11126fe463e4cb3b1cb8050316a5bb0e77a2a09dfd1b8905a,2026-10-06T16:02:04+00:00,11559,KIDZONE,Past Teams,,,source_month_or_unspecified,unverified,https://www.vlr.gg/team/11559/kidzone
34974,https://www.vlr.gg/player/34974/karon,54b3764356238408c80d6b8b986ae1caa2d5569dfd346f6f93b9123da6230404,2026-10-06T16:02:05+00:00,17,Gen.G,Current Teams,,joined in October 2025,source_month_or_unspecified,unverified,https://www.vlr.gg/team/17/gen-g
34974,https://www.vlr.gg/player/34974/karon,54b3764356238408c80d6b8b986ae1caa2d5569dfd346f6f93b9123da6230404,2026-10-06T16:02:05+00:00,17,Gen.G,Past Teams,,November 2023 – October 2025,source_month_or_unspecified,unverified,https://www.vlr.gg/team/17/gen-g
34974,https://www.vlr.gg/player/34974/karon,54b3764356238408c80d6b8b986ae1caa2d5569dfd346f6f93b9123da6230404,2026-10-06T16:02:05+00:00,12397,No No No,Past Teams,,,source_month_or_unspecified,unverified,https://www.vlr.gg/team/12397/no-no-no
35302,https://www.vlr.gg/player/35302/eggsterr,38ffd64ed7dc771ab3740528018a1986276e620bd83b10b8f3c575e9728702f0,2026-10-06T16:02:06+00:00,427,ENVY,Current Teams,,joined in March 2025,source_month_or_unspecified,unverified,https://www.vlr.gg/team/427/envy
35302,https://www.vlr.gg/player/35302/eggsterr,38ffd64ed7dc771ab3740528018a1986276e620bd83b10b8f3c575e9728702f0,2026-10-06T16:02:06+00:00,16806,RANKERS,Past Teams,,left in March 2025,source_month_or_unspecified,unverified,https://www.vlr.gg/team/16806/rankers
36070,https://www.vlr.gg/player/36070/zimo,5cf675324a2ff83176b237ffdc4c4607b7001b076be0ae0c032946cf3b0b10bb,2026-10-06T16:02:06+00:00,22824,Saudi Arabia,Past Teams,,joined in June 2026,source_month_or_unspecified,unverified,https://www.vlr.gg/team/22824/saudi-arabia
36070,https://www.vlr.gg/player/36070/zimo,5cf675324a2ff83176b237ffdc4c4607b7001b076be0ae0c032946cf3b0b10bb,2026-10-06T16:02:06+00:00,16598,AlQadsiah Esports,Past Teams,,,source_month_or_unspecified,unverified,https://www.vlr.gg/team/16598/alqadsiah-esports
36070,https://www.vlr.gg/player/36070/zimo,5cf675324a2ff83176b237ffdc4c4607b7001b076be0ae0c032946cf3b0b10bb,2026-10-06T16:02:06+00:00,6035,Twisted Minds,Past Teams,,left in December 2025,source_month_or_unspecified,unverified,https://www.vlr.gg/team/6035/twisted-minds
36070,https://www.vlr.gg/player/36070/zimo,5cf675324a2ff83176b237ffdc4c4607b7001b076be0ae0c032946cf3b0b10bb,2026-10-06T16:02:06+00:00,9545,Unity Esports,Past Teams,,left in July 2024,source_month_or_unspecified,unverified,https://www.vlr.gg/team/9545/unity-esports
36245,https://www.vlr.gg/player/36245/n4rrate,76496e409b0625c1950c02d548f4cfd8bdaa66d3cbdf639858df4bbd27243ee5,2026-10-06T16:02:07+00:00,8877,Karmine Corp,Current Teams,,joined in March 2026,source_month_or_unspecified,unverified,https://www.vlr.gg/team/8877/karmine-corp
36245,https://www.vlr.gg/player/36245/n4rrate,76496e409b0625c1950c02d548f4cfd8bdaa66d3cbdf639858df4bbd27243ee5,2026-10-06T16:02:07+00:00,2,Sentinels,Past Teams,,October 2024 – March 2026,source_month_or_unspecified,unverified,https://www.vlr.gg/team/2/sentinels
36245,https://www.vlr.gg/player/36245/n4rrate,76496e409b0625c1950c02d548f4cfd8bdaa66d3cbdf639858df4bbd27243ee5,2026-10-06T16:02:07+00:00,8877,Karmine Corp,Past Teams,,December 2023 – October 2024,source_month_or_unspecified,unverified,https://www.vlr.gg/team/8877/karmine-corp
36245,https://www.vlr.gg/player/36245/n4rrate,76496e409b0625c1950c02d548f4cfd8bdaa66d3cbdf639858df4bbd27243ee5,2026-10-06T16:02:07+00:00,11602,MAD Lions,Past Teams,,March 2023 – June 2023,source_month_or_unspecified,unverified,https://www.vlr.gg/team/11602/mad-lions
36513,https://www.vlr.gg/player/36513/guran,1bfef9601fcd15b57de6efda5a47dcccad915d7ceee24680c9955fe127fb1aa1,2026-10-06T16:02:07+00:00,11985,Rare Atom,Current Teams,,joined in March 2024,source_month_or_unspecified,unverified,https://www.vlr.gg/team/11985/rare-atom
36513,https://www.vlr.gg/player/36513/guran,1bfef9601fcd15b57de6efda5a47dcccad915d7ceee24680c9955fe127fb1aa1,2026-10-06T16:02:07+00:00,12011,Douyu Gaming,Past Teams,,left in March 2024,source_month_or_unspecified,unverified,https://www.vlr.gg/team/12011/douyu-gaming
36670,https://www.vlr.gg/player/36670/obone,586bd23297b8376a14f131349dcf3dfd5f269250731688d54a815a8753dcdd34,2026-10-06T16:02:08+00:00,12064,Nova Esports,Past Teams,,May 2023 – June 2026,source_month_or_unspecified,unverified,https://www.vlr.gg/team/12064/nova-esports
36685,https://www.vlr.gg/player/36685/splash,02ba752f8b9c81a56d9d95c53703ef9fe531250fcc3d4f0e800436b171f2f0cf,2026-10-06T16:02:09+00:00,731,TYLOO,Current Teams,,joined in August 2025,source_month_or_unspecified,unverified,https://www.vlr.gg/team/731/tyloo
36685,https://www.vlr.gg/player/36685/splash,02ba752f8b9c81a56d9d95c53703ef9fe531250fcc3d4f0e800436b171f2f0cf,2026-10-06T16:02:09+00:00,12117,Indonesia,Past Teams,,joined in June 2026,source_month_or_unspecified,unverified,https://www.vlr.gg/team/12117/indonesia
36685,https://www.vlr.gg/player/36685/splash,02ba752f8b9c81a56d9d95c53703ef9fe531250fcc3d4f0e800436b171f2f0cf,2026-10-06T16:02:09+00:00,17071,Team sol8erry,Past Teams,,,source_month_or_unspecified,unverified,https://www.vlr.gg/team/17071/team-sol8erry
36685,https://www.vlr.gg/player/36685/splash,02ba752f8b9c81a56d9d95c53703ef9fe531250fcc3d4f0e800436b171f2f0cf,2026-10-06T16:02:09+00:00,17021,RRQ Academy,Past Teams,,December 2024 – March 2025,source_month_or_unspecified,unverified,https://www.vlr.gg/team/17021/rrq-academy
36685,https://www.vlr.gg/player/36685/splash,02ba752f8b9c81a56d9d95c53703ef9fe531250fcc3d4f0e800436b171f2f0cf,2026-10-06T16:02:09+00:00,16645,IGNITE,Past Teams,,left in December 2024,source_month_or_unspecified,unverified,https://www.vlr.gg/team/16645/ignite
36685,https://www.vlr.gg/player/36685/splash,02ba752f8b9c81a56d9d95c53703ef9fe531250fcc3d4f0e800436b171f2f0cf,2026-10-06T16:02:09+00:00,10294,NEXGA,Past Teams,,left in July 2024,source_month_or_unspecified,unverified,https://www.vlr.gg/team/10294/nexga
36685,https://www.vlr.gg/player/36685/splash,02ba752f8b9c81a56d9d95c53703ef9fe531250fcc3d4f0e800436b171f2f0cf,2026-10-06T16:02:09+00:00,12110,Tan Family,Past Teams,,,source_month_or_unspecified,unverified,https://www.vlr.gg/team/12110/tan-family
36748,https://www.vlr.gg/player/36748/czester,6bfd7e44ea08393a73ae462e7a31d02e50c6ac88fb93bffd3df06758a87cf1b8,2026-10-06T16:02:09+00:00,23334,SAMCRO,Current Teams,,joined in August 2026,source_month_or_unspecified,unverified,https://www.vlr.gg/team/23334/samcro
36748,https://www.vlr.gg/player/36748/czester,6bfd7e44ea08393a73ae462e7a31d02e50c6ac88fb93bffd3df06758a87cf1b8,2026-10-06T16:02:09+00:00,11257,Szach Mat,Past Teams,,left in August 2026,source_month_or_unspecified,unverified,https://www.vlr.gg/team/11257/szach-mat
36748,https://www.vlr.gg/player/36748/czester,6bfd7e44ea08393a73ae462e7a31d02e50c6ac88fb93bffd3df06758a87cf1b8,2026-10-06T16:02:09+00:00,21497,Agent X,Past Teams,,,source_month_or_unspecified,unverified,https://www.vlr.gg/team/21497/agent-x
36748,https://www.vlr.gg/player/36748/czester,6bfd7e44ea08393a73ae462e7a31d02e50c6ac88fb93bffd3df06758a87cf1b8,2026-10-06T16:02:09+00:00,15009,Falke Esports,Past Teams,,December 2025 – February 2026,source_month_or_unspecified,unverified,https://www.vlr.gg/team/15009/falke-esports
36748,https://www.vlr.gg/player/36748/czester,6bfd7e44ea08393a73ae462e7a31d02e50c6ac88fb93bffd3df06758a87cf1b8,2026-10-06T16:02:09+00:00,12489,Metizport,Past Teams,,left in August 2025,source_month_or_unspecified,unverified,https://www.vlr.gg/team/12489/metizport
36748,https://www.vlr.gg/player/36748/czester,6bfd7e44ea08393a73ae462e7a31d02e50c6ac88fb93bffd3df06758a87cf1b8,2026-10-06T16:02:09+00:00,12474,GoNext Esports,Past Teams,,March 2025 – April 2025,source_month_or_unspecified,unverified,https://www.vlr.gg/team/12474/gonext-esports
36748,https://www.vlr.gg/player/36748/czester,6bfd7e44ea08393a73ae462e7a31d02e50c6ac88fb93bffd3df06758a87cf1b8,2026-10-06T16:02:09+00:00,11257,Szach Mat,Past Teams,,left in December 2025,source_month_or_unspecified,unverified,https://www.vlr.gg/team/11257/szach-mat
36748,https://www.vlr.gg/player/36748/czester,6bfd7e44ea08393a73ae462e7a31d02e50c6ac88fb93bffd3df06758a87cf1b8,2026-10-06T16:02:09+00:00,13591,Victorious Demons,Past Teams,,,source_month_or_unspecified,unverified,https://www.vlr.gg/team/13591/victorious-demons
36748,https://www.vlr.gg/player/36748/czester,6bfd7e44ea08393a73ae462e7a31d02e50c6ac88fb93bffd3df06758a87cf1b8,2026-10-06T16:02:09+00:00,13185,Occupy Jr,Past Teams,,,source_month_or_unspecified,unverified,https://www.vlr.gg/team/13185/occupy-jr
36748,https://www.vlr.gg/player/36748/czester,6bfd7e44ea08393a73ae462e7a31d02e50c6ac88fb93bffd3df06758a87cf1b8,2026-10-06T16:02:09+00:00,14425,FFXD,Past Teams,,,source_month_or_unspecified,unverified,https://www.vlr.gg/team/14425/ffxd
37105,https://www.vlr.gg/player/37105/loss,7ee923affced1a2f12c6c1846501862a0005fffa9328a69628bfaee2715c5407,2026-10-06T16:02:10+00:00,22142,BESTIA,Past Teams,loan,June 2026 – September 2026,source_month_or_unspecified,unverified,https://www.vlr.gg/team/22142/bestia
37105,https://www.vlr.gg/player/37105/loss,7ee923affced1a2f12c6c1846501862a0005fffa9328a69628bfaee2715c5407,2026-10-06T16:02:10+00:00,17094,FURIA Academy,Past Teams,,February 2025 – June 2026,source_month_or_unspecified,unverified,https://www.vlr.gg/team/17094/furia-academy
37105,https://www.vlr.gg/player/37105/loss,7ee923affced1a2f12c6c1846501862a0005fffa9328a69628bfaee2715c5407,2026-10-06T16:02:10+00:00,2406,FURIA,Past Teams,,May 2025 – May 2025,source_month_or_unspecified,unverified,https://www.vlr.gg/team/2406/furia
37105,https://www.vlr.gg/player/37105/loss,7ee923affced1a2f12c6c1846501862a0005fffa9328a69628bfaee2715c5407,2026-10-06T16:02:10+00:00,14547,A nova onda do Imperador,Past Teams,,,source_month_or_unspecified,unverified,https://www.vlr.gg/team/14547/a-nova-onda-do-imperador
37105,https://www.vlr.gg/player/37105/loss,7ee923affced1a2f12c6c1846501862a0005fffa9328a69628bfaee2715c5407,2026-10-06T16:02:10+00:00,14547,A nova onda do Imperador,Past Teams,,,source_month_or_unspecified,unverified,https://www.vlr.gg/team/14547/a-nova-onda-do-imperador
37105,https://www.vlr.gg/player/37105/loss,7ee923affced1a2f12c6c1846501862a0005fffa9328a69628bfaee2715c5407,2026-10-06T16:02:10+00:00,15479,Underhounds,Past Teams,,,source_month_or_unspecified,unverified,https://www.vlr.gg/team/15479/underhounds
37105,https://www.vlr.gg/player/37105/loss,7ee923affced1a2f12c6c1846501862a0005fffa9328a69628bfaee2715c5407,2026-10-06T16:02:10+00:00,14092,tokyo drift,Past Teams,,,source_month_or_unspecified,unverified,https://www.vlr.gg/team/14092/tokyo-drift
37105,https://www.vlr.gg/player/37105/loss,7ee923affced1a2f12c6c1846501862a0005fffa9328a69628bfaee2715c5407,2026-10-06T16:02:10+00:00,13688,CASH CASH CASH,Past Teams,,,source_month_or_unspecified,unverified,https://www.vlr.gg/team/13688/cash-cash-cash
37354,https://www.vlr.gg/player/37354/basic,9e5e6270787398d0eeeb827ba2db6e5b040fe5890b6cfefc35bd7a8efd1883f4,2026-10-06T16:02:11+00:00,2406,FURIA,Current Teams,,joined in July 2026,source_month_or_unspecified,unverified,https://www.vlr.gg/team/2406/furia
37354,https://www.vlr.gg/player/37354/basic,9e5e6270787398d0eeeb827ba2db6e5b040fe5890b6cfefc35bd7a8efd1883f4,2026-10-06T16:02:11+00:00,2406,FURIA,Past Teams,,December 2025 – July 2026,source_month_or_unspecified,unverified,https://www.vlr.gg/team/2406/furia
37354,https://www.vlr.gg/player/37354/basic,9e5e6270787398d0eeeb827ba2db6e5b040fe5890b6cfefc35bd7a8efd1883f4,2026-10-06T16:02:11+00:00,2406,FURIA,Past Teams,,July 2025 – December 2025,source_month_or_unspecified,unverified,https://www.vlr.gg/team/2406/furia
37354,https://www.vlr.gg/player/37354/basic,9e5e6270787398d0eeeb827ba2db6e5b040fe5890b6cfefc35bd7a8efd1883f4,2026-10-06T16:02:11+00:00,17095,2Game Academy,Past Teams,,February 2025 – May 2025,source_month_or_unspecified,unverified,https://www.vlr.gg/team/17095/2game-academy
37354,https://www.vlr.gg/player/37354/basic,9e5e6270787398d0eeeb827ba2db6e5b040fe5890b6cfefc35bd7a8efd1883f4,2026-10-06T16:02:11+00:00,16154,Grêmio Esports,Past Teams,,left in January 2025,source_month_or_unspecified,unverified,https://www.vlr.gg/team/16154/gr-mio-esports
37354,https://www.vlr.gg/player/37354/basic,9e5e6270787398d0eeeb827ba2db6e5b040fe5890b6cfefc35bd7a8efd1883f4,2026-10-06T16:02:11+00:00,9201,DELIRA,Past Teams,,left in October 2024,source_month_or_unspecified,unverified,https://www.vlr.gg/team/9201/delira
37354,https://www.vlr.gg/player/37354/basic,9e5e6270787398d0eeeb827ba2db6e5b040fe5890b6cfefc35bd7a8efd1883f4,2026-10-06T16:02:11+00:00,15451,NIGERIA 96,Past Teams,,,source_month_or_unspecified,unverified,https://www.vlr.gg/team/15451/nigeria-96
37354,https://www.vlr.gg/player/37354/basic,9e5e6270787398d0eeeb827ba2db6e5b040fe5890b6cfefc35bd7a8efd1883f4,2026-10-06T16:02:11+00:00,8494,JNS Gaming,Past Teams,,,source_month_or_unspecified,unverified,https://www.vlr.gg/team/8494/jns-gaming
37489,https://www.vlr.gg/player/37489/lysoar,44967f58d90f1fe8147935903498a2c880081edd7183b547ed2aff690aeb68cc,2026-10-06T16:02:11+00:00,13581,Xi Lai Gaming,Current Teams,,joined in November 2025,source_month_or_unspecified,unverified,https://www.vlr.gg/team/13581/xi-lai-gaming
37489,https://www.vlr.gg/player/37489/lysoar,44967f58d90f1fe8147935903498a2c880081edd7183b547ed2aff690aeb68cc,2026-10-06T16:02:11+00:00,19874,China,Past Teams,,joined in June 2026,source_month_or_unspecified,unverified,https://www.vlr.gg/team/19874/china
37489,https://www.vlr.gg/player/37489/lysoar,44967f58d90f1fe8147935903498a2c880081edd7183b547ed2aff690aeb68cc,2026-10-06T16:02:11+00:00,13790,Wolves Esports,Past Teams,,Inactive from October 2025,source_month_or_unspecified,unverified,https://www.vlr.gg/team/13790/wolves-esports
37489,https://www.vlr.gg/player/37489/lysoar,44967f58d90f1fe8147935903498a2c880081edd7183b547ed2aff690aeb68cc,2026-10-06T16:02:11+00:00,11328,FunPlus Phoenix,Past Teams,,left in October 2024,source_month_or_unspecified,unverified,https://www.vlr.gg/team/11328/funplus-phoenix
37494,https://www.vlr.gg/player/37494/kai,16972cfda445efcc12af8b11be25c5462c1192b501c91ae2dfc950dec9e72138,2026-10-06T16:02:12+00:00,12685,Trace Esports,Current Teams,,joined in September 2023,source_month_or_unspecified,unverified,https://www.vlr.gg/team/12685/trace-esports
37494,https://www.vlr.gg/player/37494/kai,16972cfda445efcc12af8b11be25c5462c1192b501c91ae2dfc950dec9e72138,2026-10-06T16:02:12+00:00,12010,Bilibili Gaming,Past Teams,,,source_month_or_unspecified,unverified,https://www.vlr.gg/team/12010/bilibili-gaming
37532,https://www.vlr.gg/player/37532/zexy,d011c855aa07c0b13e09dada11f093c6014e238f273019259596ebb9bc6974cb,2026-10-06T16:02:12+00:00,11229,VARREL,Current Teams,,joined in December 2025,source_month_or_unspecified,unverified,https://www.vlr.gg/team/11229/varrel
37532,https://www.vlr.gg/player/37532/zexy,d011c855aa07c0b13e09dada11f093c6014e238f273019259596ebb9bc6974cb,2026-10-06T16:02:12+00:00,12446,SLT Seongnam,Past Teams,,October 2024 – December 2025,source_month_or_unspecified,unverified,https://www.vlr.gg/team/12446/slt-seongnam
37532,https://www.vlr.gg/player/37532/zexy,d011c855aa07c0b13e09dada11f093c6014e238f273019259596ebb9bc6974cb,2026-10-06T16:02:12+00:00,14603,big family,Past Teams,,,source_month_or_unspecified,unverified,https://www.vlr.gg/team/14603/big-family
37532,https://www.vlr.gg/player/37532/zexy,d011c855aa07c0b13e09dada11f093c6014e238f273019259596ebb9bc6974cb,2026-10-06T16:02:12+00:00,12415,Club Of Cowards VLRT,Past Teams,,,source_month_or_unspecified,unverified,https://www.vlr.gg/team/12415/club-of-cowards-vlrt
37925,https://www.vlr.gg/player/37925/kolosha,4d16728e0c39f77b99d30ca4e6c2ec4629cc17bb37a27ca5ac43f3cf4baeb031,2026-10-06T16:02:13+00:00,21715,Natus Vincere Junior,Current Teams,,joined in May 2026,source_month_or_unspecified,unverified,https://www.vlr.gg/team/21715/natus-vincere-junior
37925,https://www.vlr.gg/player/37925/kolosha,4d16728e0c39f77b99d30ca4e6c2ec4629cc17bb37a27ca5ac43f3cf4baeb031,2026-10-06T16:02:13+00:00,4915,Natus Vincere,Past Teams,stand-in,August 2026 – August 2026,source_month_or_unspecified,unverified,https://www.vlr.gg/team/4915/natus-vincere
37925,https://www.vlr.gg/player/37925/kolosha,4d16728e0c39f77b99d30ca4e6c2ec4629cc17bb37a27ca5ac43f3cf4baeb031,2026-10-06T16:02:13+00:00,22871,Ukraine,Past Teams,,joined in June 2026,source_month_or_unspecified,unverified,https://www.vlr.gg/team/22871/ukraine
37925,https://www.vlr.gg/player/37925/kolosha,4d16728e0c39f77b99d30ca4e6c2ec4629cc17bb37a27ca5ac43f3cf4baeb031,2026-10-06T16:02:13+00:00,21715,Natus Vincere Junior,Past Teams,trial,April 2026 – May 2026,source_month_or_unspecified,unverified,https://www.vlr.gg/team/21715/natus-vincere-junior
37925,https://www.vlr.gg/player/37925/kolosha,4d16728e0c39f77b99d30ca4e6c2ec4629cc17bb37a27ca5ac43f3cf4baeb031,2026-10-06T16:02:13+00:00,17943,BOARS,Past Teams,,,source_month_or_unspecified,unverified,https://www.vlr.gg/team/17943/boars
37925,https://www.vlr.gg/player/37925/kolosha,4d16728e0c39f77b99d30ca4e6c2ec4629cc17bb37a27ca5ac43f3cf4baeb031,2026-10-06T16:02:13+00:00,12958,Sila4i,Past Teams,,,source_month_or_unspecified,unverified,https://www.vlr.gg/team/12958/sila4i
37925,https://www.vlr.gg/player/37925/kolosha,4d16728e0c39f77b99d30ca4e6c2ec4629cc17bb37a27ca5ac43f3cf4baeb031,2026-10-06T16:02:13+00:00,13974,hateMania,Past Teams,,,source_month_or_unspecified,unverified,https://www.vlr.gg/team/13974/hatemania
37927,https://www.vlr.gg/player/37927/happywei,5454078762b93292ed4b4c81a486155b3c9b2afa63b589f6d6166961c2905a71,2026-10-06T16:02:14+00:00,13581,Xi Lai Gaming,Current Teams,,joined in March 2024,source_month_or_unspecified,unverified,https://www.vlr.gg/team/13581/xi-lai-gaming
37927,https://www.vlr.gg/player/37927/happywei,5454078762b93292ed4b4c81a486155b3c9b2afa63b589f6d6166961c2905a71,2026-10-06T16:02:14+00:00,5944,Night Wings Gaming,Past Teams,,,source_month_or_unspecified,unverified,https://www.vlr.gg/team/5944/night-wings-gaming
39021,https://www.vlr.gg/player/39021/notexxd,be43deb69858058e40504d954df8c12da703af5f66b5602afcbba1031d232adc,2026-10-06T16:02:14+00:00,18312,Certified Turtles,Current Teams,,,source_month_or_unspecified,unverified,https://www.vlr.gg/team/18312/certified-turtles
39021,https://www.vlr.gg/player/39021/notexxd,be43deb69858058e40504d954df8c12da703af5f66b5602afcbba1031d232adc,2026-10-06T16:02:14+00:00,16121,Funhavers,Past Teams,,left in May 2025,source_month_or_unspecified,unverified,https://www.vlr.gg/team/16121/funhavers
39021,https://www.vlr.gg/player/39021/notexxd,be43deb69858058e40504d954df8c12da703af5f66b5602afcbba1031d232adc,2026-10-06T16:02:14+00:00,188,Cloud9,Past Teams,,May 2026 – July 2026,source_month_or_unspecified,unverified,https://www.vlr.gg/team/188/cloud9
39021,https://www.vlr.gg/player/39021/notexxd,be43deb69858058e40504d954df8c12da703af5f66b5602afcbba1031d232adc,2026-10-06T16:02:14+00:00,6985,QoR,Past Teams,,January 2026 – May 2026,source_month_or_unspecified,unverified,https://www.vlr.gg/team/6985/qor
39021,https://www.vlr.gg/player/39021/notexxd,be43deb69858058e40504d954df8c12da703af5f66b5602afcbba1031d232adc,2026-10-06T16:02:14+00:00,10505,UST Esports,Past Teams,,July 2025 – May 2026,source_month_or_unspecified,unverified,https://www.vlr.gg/team/10505/ust-esports
39021,https://www.vlr.gg/player/39021/notexxd,be43deb69858058e40504d954df8c12da703af5f66b5602afcbba1031d232adc,2026-10-06T16:02:14+00:00,5601,Nightblood Gaming,Past Teams,,July 2025 – October 2025,source_month_or_unspecified,unverified,https://www.vlr.gg/team/5601/nightblood-gaming
39021,https://www.vlr.gg/player/39021/notexxd,be43deb69858058e40504d954df8c12da703af5f66b5602afcbba1031d232adc,2026-10-06T16:02:14+00:00,13505,MBU Spartans,Past Teams,,,source_month_or_unspecified,unverified,https://www.vlr.gg/team/13505/mbu-spartans
39021,https://www.vlr.gg/player/39021/notexxd,be43deb69858058e40504d954df8c12da703af5f66b5602afcbba1031d232adc,2026-10-06T16:02:14+00:00,7711,Berzerkers,Past Teams,,joined in March 2025,source_month_or_unspecified,unverified,https://www.vlr.gg/team/7711/berzerkers
39021,https://www.vlr.gg/player/39021/notexxd,be43deb69858058e40504d954df8c12da703af5f66b5602afcbba1031d232adc,2026-10-06T16:02:14+00:00,16380,YDZ x Berzerkers,Past Teams,,left in March 2025,source_month_or_unspecified,unverified,https://www.vlr.gg/team/16380/ydz-x-berzerkers
39021,https://www.vlr.gg/player/39021/notexxd,be43deb69858058e40504d954df8c12da703af5f66b5602afcbba1031d232adc,2026-10-06T16:02:14+00:00,13277,Lemonade Stand,Past Teams,,,source_month_or_unspecified,unverified,https://www.vlr.gg/team/13277/lemonade-stand
39021,https://www.vlr.gg/player/39021/notexxd,be43deb69858058e40504d954df8c12da703af5f66b5602afcbba1031d232adc,2026-10-06T16:02:14+00:00,14364,Six Figures,Past Teams,,,source_month_or_unspecified,unverified,https://www.vlr.gg/team/14364/six-figures
39021,https://www.vlr.gg/player/39021/notexxd,be43deb69858058e40504d954df8c12da703af5f66b5602afcbba1031d232adc,2026-10-06T16:02:14+00:00,8264,Nearest Airport,Past Teams,,August 2023 – September 2024,source_month_or_unspecified,unverified,https://www.vlr.gg/team/8264/nearest-airport
39021,https://www.vlr.gg/player/39021/notexxd,be43deb69858058e40504d954df8c12da703af5f66b5602afcbba1031d232adc,2026-10-06T16:02:14+00:00,11200,Cataclysm Gaming,Past Teams,,,source_month_or_unspecified,unverified,https://www.vlr.gg/team/11200/cataclysm-gaming
39180,https://www.vlr.gg/player/39180/echo,e895c52293a36c67fd6fdcccd80f85fc9ff0240b179bbedc3229b642639bc2c1,2026-10-06T16:02:15+00:00,16683,Roosevelt Lakers,Current Teams,,,source_month_or_unspecified,unverified,https://www.vlr.gg/team/16683/roosevelt-lakers
39180,https://www.vlr.gg/player/39180/echo,e895c52293a36c67fd6fdcccd80f85fc9ff0240b179bbedc3229b642639bc2c1,2026-10-06T16:02:15+00:00,22280,ZER0 Esports,Current Teams,,,source_month_or_unspecified,unverified,https://www.vlr.gg/team/22280/zer0-esports
39180,https://www.vlr.gg/player/39180/echo,e895c52293a36c67fd6fdcccd80f85fc9ff0240b179bbedc3229b642639bc2c1,2026-10-06T16:02:15+00:00,18705,octonauts,Past Teams,,,source_month_or_unspecified,unverified,https://www.vlr.gg/team/18705/octonauts
39180,https://www.vlr.gg/player/39180/echo,e895c52293a36c67fd6fdcccd80f85fc9ff0240b179bbedc3229b642639bc2c1,2026-10-06T16:02:15+00:00,16358,Winthrop Academy,Past Teams,,,source_month_or_unspecified,unverified,https://www.vlr.gg/team/16358/winthrop-academy
39180,https://www.vlr.gg/player/39180/echo,e895c52293a36c67fd6fdcccd80f85fc9ff0240b179bbedc3229b642639bc2c1,2026-10-06T16:02:15+00:00,19285,Solestia Nova,Past Teams,,,source_month_or_unspecified,unverified,https://www.vlr.gg/team/19285/solestia-nova
39180,https://www.vlr.gg/player/39180/echo,e895c52293a36c67fd6fdcccd80f85fc9ff0240b179bbedc3229b642639bc2c1,2026-10-06T16:02:15+00:00,13657,chicago project,Past Teams,,,source_month_or_unspecified,unverified,https://www.vlr.gg/team/13657/chicago-project
39351,https://www.vlr.gg/player/39351/wezzy,e3e167f7e7d69199ee5bf456f359d855bcf8174dcb883acc19804baab5928850,2026-10-06T16:02:15+00:00,20519,NKVT,Current Teams,,,source_month_or_unspecified,unverified,https://www.vlr.gg/team/20519/nkvt
39351,https://www.vlr.gg/player/39351/wezzy,e3e167f7e7d69199ee5bf456f359d855bcf8174dcb883acc19804baab5928850,2026-10-06T16:02:15+00:00,2036,Beşiktaş Esports,Current Teams,,joined in December 2025,source_month_or_unspecified,unverified,https://www.vlr.gg/team/2036/be-ikta-esports
39351,https://www.vlr.gg/player/39351/wezzy,e3e167f7e7d69199ee5bf456f359d855bcf8174dcb883acc19804baab5928850,2026-10-06T16:02:15+00:00,18019,ULF Esports,Past Teams,,March 2025 – March 2026,source_month_or_unspecified,unverified,https://www.vlr.gg/team/18019/ulf-esports
39351,https://www.vlr.gg/player/39351/wezzy,e3e167f7e7d69199ee5bf456f359d855bcf8174dcb883acc19804baab5928850,2026-10-06T16:02:15+00:00,4669,Digital Athletics,Past Teams,,Inactive from October 2024,source_month_or_unspecified,unverified,https://www.vlr.gg/team/4669/digital-athletics
39357,https://www.vlr.gg/player/39357/s0pp,707acfc322a1c283654494f073819c8084154cda5f9956a5b1fa0f74d702a670,2026-10-06T16:02:16+00:00,1184,FUT Esports,Current Teams,,joined in March 2026,source_month_or_unspecified,unverified,https://www.vlr.gg/team/1184/fut-esports
39357,https://www.vlr.gg/player/39357/s0pp,707acfc322a1c283654494f073819c8084154cda5f9956a5b1fa0f74d702a670,2026-10-06T16:02:16+00:00,22781,Türkiye,Past Teams,,joined in June 2026,source_month_or_unspecified,unverified,https://www.vlr.gg/team/22781/t-rkiye
39357,https://www.vlr.gg/player/39357/s0pp,707acfc322a1c283654494f073819c8084154cda5f9956a5b1fa0f74d702a670,2026-10-06T16:02:16+00:00,18019,ULF Esports,Past Teams,,April 2025 – March 2026,source_month_or_unspecified,unverified,https://www.vlr.gg/team/18019/ulf-esports
39357,https://www.vlr.gg/player/39357/s0pp,707acfc322a1c283654494f073819c8084154cda5f9956a5b1fa0f74d702a670,2026-10-06T16:02:16+00:00,4669,Digital Athletics,Past Teams,,joined in September 2024,source_month_or_unspecified,unverified,https://www.vlr.gg/team/4669/digital-athletics
39357,https://www.vlr.gg/player/39357/s0pp,707acfc322a1c283654494f073819c8084154cda5f9956a5b1fa0f74d702a670,2026-10-06T16:02:16+00:00,14357,NEANLATIYONBOLM,Past Teams,,,source_month_or_unspecified,unverified,https://www.vlr.gg/team/14357/neanlatiyonbolm
39357,https://www.vlr.gg/player/39357/s0pp,707acfc322a1c283654494f073819c8084154cda5f9956a5b1fa0f74d702a670,2026-10-06T16:02:16+00:00,13122,Hunter Lions Espor,Past Teams,,,source_month_or_unspecified,unverified,https://www.vlr.gg/team/13122/hunter-lions-espor
39485,https://www.vlr.gg/player/39485/scales,4aeff33b6fd7133c835a9565570fad89188c93189f4fcc9bda0a994509c51db0,2026-10-06T16:02:17+00:00,731,TYLOO,Current Teams,,joined in April 2025,source_month_or_unspecified,unverified,https://www.vlr.gg/team/731/tyloo
39485,https://www.vlr.gg/player/39485/scales,4aeff33b6fd7133c835a9565570fad89188c93189f4fcc9bda0a994509c51db0,2026-10-06T16:02:17+00:00,731,TYLOO,Past Teams,,June 2024 – October 2024,source_month_or_unspecified,unverified,https://www.vlr.gg/team/731/tyloo
39485,https://www.vlr.gg/player/39485/scales,4aeff33b6fd7133c835a9565570fad89188c93189f4fcc9bda0a994509c51db0,2026-10-06T16:02:17+00:00,4462,Shenzhen NTER,Past Teams,,,source_month_or_unspecified,unverified,https://www.vlr.gg/team/4462/shenzhen-nter
39697,https://www.vlr.gg/player/39697/cb,1d2e829f9b30486bd065309e11dceebc472eaf75b5ca6e4b678cd39ade1e8ab8,2026-10-06T16:02:17+00:00,12064,Nova Esports,Current Teams,,joined in July 2026,source_month_or_unspecified,unverified,https://www.vlr.gg/team/12064/nova-esports
39697,https://www.vlr.gg/player/39697/cb,1d2e829f9b30486bd065309e11dceebc472eaf75b5ca6e4b678cd39ade1e8ab8,2026-10-06T16:02:17+00:00,1120,EDward Gaming,Past Teams,,November 2025 – July 2026,source_month_or_unspecified,unverified,https://www.vlr.gg/team/1120/edward-gaming
39697,https://www.vlr.gg/player/39697/cb,1d2e829f9b30486bd065309e11dceebc472eaf75b5ca6e4b678cd39ade1e8ab8,2026-10-06T16:02:17+00:00,12064,Nova Esports,Past Teams,,September 2023 – November 2025,source_month_or_unspecified,unverified,https://www.vlr.gg/team/12064/nova-esports
40511,https://www.vlr.gg/player/40511/niz,38ad4cc27b08f87a382aa302bbecc04d25d8e958c27ac08b0649c615707de91e,2026-10-06T16:02:18+00:00,623,Sharper Esports,Current Teams,,,source_month_or_unspecified,unverified,https://www.vlr.gg/team/623/sharper-esports
40511,https://www.vlr.gg/player/40511/niz,38ad4cc27b08f87a382aa302bbecc04d25d8e958c27ac08b0649c615707de91e,2026-10-06T16:02:18+00:00,14617,XGOD,Past Teams,,,source_month_or_unspecified,unverified,https://www.vlr.gg/team/14617/xgod
40511,https://www.vlr.gg/player/40511/niz,38ad4cc27b08f87a382aa302bbecc04d25d8e958c27ac08b0649c615707de91e,2026-10-06T16:02:18+00:00,15713,Santa Gang,Past Teams,,,source_month_or_unspecified,unverified,https://www.vlr.gg/team/15713/santa-gang
40511,https://www.vlr.gg/player/40511/niz,38ad4cc27b08f87a382aa302bbecc04d25d8e958c27ac08b0649c615707de91e,2026-10-06T16:02:18+00:00,5426,The Infinity Esport,Past Teams,,,source_month_or_unspecified,unverified,https://www.vlr.gg/team/5426/the-infinity-esport
40843,https://www.vlr.gg/player/40843/audaz,4e2413c2ff585a29ad2b28be81ff1a0ce0976c13da41f9520901f839c77e5d7f,2026-10-06T16:02:19+00:00,6392,Eternal Fire,Current Teams,,joined in March 2026,source_month_or_unspecified,unverified,https://www.vlr.gg/team/6392/eternal-fire
40843,https://www.vlr.gg/player/40843/audaz,4e2413c2ff585a29ad2b28be81ff1a0ce0976c13da41f9520901f839c77e5d7f,2026-10-06T16:02:19+00:00,18019,ULF Esports,Past Teams,,March 2025 – March 2026,source_month_or_unspecified,unverified,https://www.vlr.gg/team/18019/ulf-esports
40843,https://www.vlr.gg/player/40843/audaz,4e2413c2ff585a29ad2b28be81ff1a0ce0976c13da41f9520901f839c77e5d7f,2026-10-06T16:02:19+00:00,4669,Digital Athletics,Past Teams,,May 2024 – March 2025,source_month_or_unspecified,unverified,https://www.vlr.gg/team/4669/digital-athletics
40843,https://www.vlr.gg/player/40843/audaz,4e2413c2ff585a29ad2b28be81ff1a0ce0976c13da41f9520901f839c77e5d7f,2026-10-06T16:02:19+00:00,13678,There is no tomorrow,Past Teams,,,source_month_or_unspecified,unverified,https://www.vlr.gg/team/13678/there-is-no-tomorrow
40935,https://www.vlr.gg/player/40935/lovers-rock,d6a84900d7d2b2af8de0406f58362e8cee287aa6b6c8fcbd781501d3db8a2a8b,2026-10-06T16:02:19+00:00,397,BBL Esports,Current Teams,,Inactive from September 2026,source_month_or_unspecified,unverified,https://www.vlr.gg/team/397/bbl-esports
40935,https://www.vlr.gg/player/40935/lovers-rock,d6a84900d7d2b2af8de0406f58362e8cee287aa6b6c8fcbd781501d3db8a2a8b,2026-10-06T16:02:19+00:00,16616,BBL PCIFIC,Past Teams,,left in November 2025,source_month_or_unspecified,unverified,https://www.vlr.gg/team/16616/bbl-pcific
40935,https://www.vlr.gg/player/40935/lovers-rock,d6a84900d7d2b2af8de0406f58362e8cee287aa6b6c8fcbd781501d3db8a2a8b,2026-10-06T16:02:19+00:00,6085,3BL Esports,Past Teams,,,source_month_or_unspecified,unverified,https://www.vlr.gg/team/6085/3bl-esports
40935,https://www.vlr.gg/player/40935/lovers-rock,d6a84900d7d2b2af8de0406f58362e8cee287aa6b6c8fcbd781501d3db8a2a8b,2026-10-06T16:02:19+00:00,4567,Papara SuperMassive,Past Teams,,Inactive from February 2025,source_month_or_unspecified,unverified,https://www.vlr.gg/team/4567/papara-supermassive
40935,https://www.vlr.gg/player/40935/lovers-rock,d6a84900d7d2b2af8de0406f58362e8cee287aa6b6c8fcbd781501d3db8a2a8b,2026-10-06T16:02:19+00:00,14429,Chipi Chapa's,Past Teams,,left in June 2024,source_month_or_unspecified,unverified,https://www.vlr.gg/team/14429/chipi-chapas
40935,https://www.vlr.gg/player/40935/lovers-rock,d6a84900d7d2b2af8de0406f58362e8cee287aa6b6c8fcbd781501d3db8a2a8b,2026-10-06T16:02:19+00:00,13751,Slippy,Past Teams,,,source_month_or_unspecified,unverified,https://www.vlr.gg/team/13751/slippy
41029,https://www.vlr.gg/player/41029/z1yan,bb3dd4aeaca3f30353573c194b03355c5c572ef5857ef968d30a86656c512212,2026-10-06T16:02:20+00:00,11985,Rare Atom,Current Teams,,joined in January 2026,source_month_or_unspecified,unverified,https://www.vlr.gg/team/11985/rare-atom
41029,https://www.vlr.gg/player/41029/z1yan,bb3dd4aeaca3f30353573c194b03355c5c572ef5857ef968d30a86656c512212,2026-10-06T16:02:20+00:00,13576,JD Gaming,Past Teams,,June 2024 – January 2026,source_month_or_unspecified,unverified,https://www.vlr.gg/team/13576/jd-gaming
41029,https://www.vlr.gg/player/41029/z1yan,bb3dd4aeaca3f30353573c194b03355c5c572ef5857ef968d30a86656c512212,2026-10-06T16:02:20+00:00,13576,JD Gaming,Past Teams,,,source_month_or_unspecified,unverified,https://www.vlr.gg/team/13576/jd-gaming
41054,https://www.vlr.gg/player/41054/guang,7724cef39fd9d672a030b4002bd2c2237d2e11795ddeb612bfa22d12e528eccc,2026-10-06T16:02:21+00:00,12064,Nova Esports,Current Teams,,joined in January 2024,source_month_or_unspecified,unverified,https://www.vlr.gg/team/12064/nova-esports
41054,https://www.vlr.gg/player/41054/guang,7724cef39fd9d672a030b4002bd2c2237d2e11795ddeb612bfa22d12e528eccc,2026-10-06T16:02:21+00:00,804,Royal Never Give Up,Past Teams,,left in January 2024,source_month_or_unspecified,unverified,https://www.vlr.gg/team/804/royal-never-give-up
41135,https://www.vlr.gg/player/41135/dantedeu5,35ecb7a0243d80abb6f0c82ebbfd038fb75c44205924caff7d30d3b33fa741c8,2026-10-06T16:02:21+00:00,2355,KRÜ Esports,Current Teams,,Inactive from September 2026,source_month_or_unspecified,unverified,https://www.vlr.gg/team/2355/kr-esports
41135,https://www.vlr.gg/player/41135/dantedeu5,35ecb7a0243d80abb6f0c82ebbfd038fb75c44205924caff7d30d3b33fa741c8,2026-10-06T16:02:21+00:00,22522,Argentina,Past Teams,,joined in June 2026,source_month_or_unspecified,unverified,https://www.vlr.gg/team/22522/argentina
41135,https://www.vlr.gg/player/41135/dantedeu5,35ecb7a0243d80abb6f0c82ebbfd038fb75c44205924caff7d30d3b33fa741c8,2026-10-06T16:02:21+00:00,9427,OXEN,Past Teams,,January 2025 – July 2025,source_month_or_unspecified,unverified,https://www.vlr.gg/team/9427/oxen
41135,https://www.vlr.gg/player/41135/dantedeu5,35ecb7a0243d80abb6f0c82ebbfd038fb75c44205924caff7d30d3b33fa741c8,2026-10-06T16:02:21+00:00,364,All Knights,Past Teams,,joined in December 2023,source_month_or_unspecified,unverified,https://www.vlr.gg/team/364/all-knights
41135,https://www.vlr.gg/player/41135/dantedeu5,35ecb7a0243d80abb6f0c82ebbfd038fb75c44205924caff7d30d3b33fa741c8,2026-10-06T16:02:21+00:00,12875,LRV Esports,Past Teams,,,source_month_or_unspecified,unverified,https://www.vlr.gg/team/12875/lrv-esports
41694,https://www.vlr.gg/player/41694/endoist,44fd54b06204ac7d8ef765b0cc49d1fea09b223349cb51e0771ca39382b3073f,2026-10-06T16:02:22+00:00,17167,Xipto Esports,Current Teams,,joined in July 2026,source_month_or_unspecified,unverified,https://www.vlr.gg/team/17167/xipto-esports
41694,https://www.vlr.gg/player/41694/endoist,44fd54b06204ac7d8ef765b0cc49d1fea09b223349cb51e0771ca39382b3073f,2026-10-06T16:02:22+00:00,21267,555,Past Teams,,,source_month_or_unspecified,unverified,https://www.vlr.gg/team/21267/555
41694,https://www.vlr.gg/player/41694/endoist,44fd54b06204ac7d8ef765b0cc49d1fea09b223349cb51e0771ca39382b3073f,2026-10-06T16:02:22+00:00,14617,XGOD,Past Teams,,,source_month_or_unspecified,unverified,https://www.vlr.gg/team/14617/xgod
41694,https://www.vlr.gg/player/41694/endoist,44fd54b06204ac7d8ef765b0cc49d1fea09b223349cb51e0771ca39382b3073f,2026-10-06T16:02:22+00:00,5419,Z11,Past Teams,,,source_month_or_unspecified,unverified,https://www.vlr.gg/team/5419/z11
41694,https://www.vlr.gg/player/41694/endoist,44fd54b06204ac7d8ef765b0cc49d1fea09b223349cb51e0771ca39382b3073f,2026-10-06T16:02:22+00:00,14148,Valee Thai Esports,Past Teams,,,source_month_or_unspecified,unverified,https://www.vlr.gg/team/14148/valee-thai-esports
41694,https://www.vlr.gg/player/41694/endoist,44fd54b06204ac7d8ef765b0cc49d1fea09b223349cb51e0771ca39382b3073f,2026-10-06T16:02:22+00:00,10407,KK Kazuki,Past Teams,,,source_month_or_unspecified,unverified,https://www.vlr.gg/team/10407/kk-kazuki
41720,https://www.vlr.gg/player/41720/favian,d1f35b2cec4c23b437e55e0aba59e6dcc1bbb115ce4d256555c8e454ee169558,2026-10-06T16:02:22+00:00,6392,Eternal Fire,Current Teams,,joined in March 2026,source_month_or_unspecified,unverified,https://www.vlr.gg/team/6392/eternal-fire
41720,https://www.vlr.gg/player/41720/favian,d1f35b2cec4c23b437e55e0aba59e6dcc1bbb115ce4d256555c8e454ee169558,2026-10-06T16:02:22+00:00,18019,ULF Esports,Past Teams,,left in March 2026,source_month_or_unspecified,unverified,https://www.vlr.gg/team/18019/ulf-esports
41720,https://www.vlr.gg/player/41720/favian,d1f35b2cec4c23b437e55e0aba59e6dcc1bbb115ce4d256555c8e454ee169558,2026-10-06T16:02:22+00:00,16870,TEAM NEXUS,Past Teams,,,source_month_or_unspecified,unverified,https://www.vlr.gg/team/16870/team-nexus
41720,https://www.vlr.gg/player/41720/favian,d1f35b2cec4c23b437e55e0aba59e6dcc1bbb115ce4d256555c8e454ee169558,2026-10-06T16:02:22+00:00,14112,BLOK6,Past Teams,,,source_month_or_unspecified,unverified,https://www.vlr.gg/team/14112/blok6
41739,https://www.vlr.gg/player/41739/slowly,14761160ecc44cf1bd4bf174257097cd338922c7966457e57418f6870bb3e1f7,2026-10-06T16:02:23+00:00,731,TYLOO,Current Teams,,joined in December 2024,source_month_or_unspecified,unverified,https://www.vlr.gg/team/731/tyloo
41739,https://www.vlr.gg/player/41739/slowly,14761160ecc44cf1bd4bf174257097cd338922c7966457e57418f6870bb3e1f7,2026-10-06T16:02:23+00:00,19874,China,Past Teams,,joined in June 2026,source_month_or_unspecified,unverified,https://www.vlr.gg/team/19874/china
41739,https://www.vlr.gg/player/41739/slowly,14761160ecc44cf1bd4bf174257097cd338922c7966457e57418f6870bb3e1f7,2026-10-06T16:02:23+00:00,15872,ZY Gaming,Past Teams,,March 2024 – December 2024,source_month_or_unspecified,unverified,https://www.vlr.gg/team/15872/zy-gaming
41739,https://www.vlr.gg/player/41739/slowly,14761160ecc44cf1bd4bf174257097cd338922c7966457e57418f6870bb3e1f7,2026-10-06T16:02:23+00:00,731,TYLOO,Past Teams,,Inactive from March 2024,source_month_or_unspecified,unverified,https://www.vlr.gg/team/731/tyloo
41798,https://www.vlr.gg/player/41798/nightz,df49c22373508d778bfb9b8315a752696be29640cbba570a087674bc386198f8,2026-10-06T16:02:24+00:00,427,ENVY,Current Teams,,Inactive from September 2026,source_month_or_unspecified,unverified,https://www.vlr.gg/team/427/envy
41798,https://www.vlr.gg/player/41798/nightz,df49c22373508d778bfb9b8315a752696be29640cbba570a087674bc386198f8,2026-10-06T16:02:24+00:00,16899,Cubert Academy,Past Teams,,joined in January 2025,source_month_or_unspecified,unverified,https://www.vlr.gg/team/16899/cubert-academy
41798,https://www.vlr.gg/player/41798/nightz,df49c22373508d778bfb9b8315a752696be29640cbba570a087674bc386198f8,2026-10-06T16:02:24+00:00,16806,RANKERS,Past Teams,,left in January 2025,source_month_or_unspecified,unverified,https://www.vlr.gg/team/16806/rankers
41798,https://www.vlr.gg/player/41798/nightz,df49c22373508d778bfb9b8315a752696be29640cbba570a087674bc386198f8,2026-10-06T16:02:24+00:00,15860,OREGON HACK,Past Teams,,,source_month_or_unspecified,unverified,https://www.vlr.gg/team/15860/oregon-hack
41798,https://www.vlr.gg/player/41798/nightz,df49c22373508d778bfb9b8315a752696be29640cbba570a087674bc386198f8,2026-10-06T16:02:24+00:00,15305,ASTANE,Past Teams,,,source_month_or_unspecified,unverified,https://www.vlr.gg/team/15305/astane
41798,https://www.vlr.gg/player/41798/nightz,df49c22373508d778bfb9b8315a752696be29640cbba570a087674bc386198f8,2026-10-06T16:02:24+00:00,14829,RyZe Esports,Past Teams,,left in March 2024,source_month_or_unspecified,unverified,https://www.vlr.gg/team/14829/ryze-esports
42235,https://www.vlr.gg/player/42235/dynamite,c3078795eb679c6059a3c081c0418c03a026e779911c913f7262a519feb3fe4e,2026-10-06T16:02:24+00:00,14137,Titan Esports Club,Current Teams,,joined in December 2024,source_month_or_unspecified,unverified,https://www.vlr.gg/team/14137/titan-esports-club
42235,https://www.vlr.gg/player/42235/dynamite,c3078795eb679c6059a3c081c0418c03a026e779911c913f7262a519feb3fe4e,2026-10-06T16:02:24+00:00,12685,Trace Esports,Past Teams,stand-in,,source_month_or_unspecified,unverified,https://www.vlr.gg/team/12685/trace-esports
42235,https://www.vlr.gg/player/42235/dynamite,c3078795eb679c6059a3c081c0418c03a026e779911c913f7262a519feb3fe4e,2026-10-06T16:02:24+00:00,12685,Trace Esports,Past Teams,,,source_month_or_unspecified,unverified,https://www.vlr.gg/team/12685/trace-esports
42358,https://www.vlr.gg/player/42358/darxcioo,d781e55d22d0edbe21eb71ec086f7da9b26fadab1630623e48cc8e175f624d9e,2026-10-06T16:02:25+00:00,21715,Natus Vincere Junior,Current Teams,,joined in May 2026,source_month_or_unspecified,unverified,https://www.vlr.gg/team/21715/natus-vincere-junior
42358,https://www.vlr.gg/player/42358/darxcioo,d781e55d22d0edbe21eb71ec086f7da9b26fadab1630623e48cc8e175f624d9e,2026-10-06T16:02:25+00:00,22843,Belgium,Past Teams,,joined in June 2026,source_month_or_unspecified,unverified,https://www.vlr.gg/team/22843/belgium
42358,https://www.vlr.gg/player/42358/darxcioo,d781e55d22d0edbe21eb71ec086f7da9b26fadab1630623e48cc8e175f624d9e,2026-10-06T16:02:25+00:00,21715,Natus Vincere Junior,Past Teams,trial,April 2026 – May 2026,source_month_or_unspecified,unverified,https://www.vlr.gg/team/21715/natus-vincere-junior
42358,https://www.vlr.gg/player/42358/darxcioo,d781e55d22d0edbe21eb71ec086f7da9b26fadab1630623e48cc8e175f624d9e,2026-10-06T16:02:25+00:00,11856,GnG Esports,Past Teams,stand-in,March 2026 – March 2026,source_month_or_unspecified,unverified,https://www.vlr.gg/team/11856/gng-esports
42358,https://www.vlr.gg/player/42358/darxcioo,d781e55d22d0edbe21eb71ec086f7da9b26fadab1630623e48cc8e175f624d9e,2026-10-06T16:02:25+00:00,2290,Gamax Esports,Past Teams,,joined in January 2026,source_month_or_unspecified,unverified,https://www.vlr.gg/team/2290/gamax-esports
42358,https://www.vlr.gg/player/42358/darxcioo,d781e55d22d0edbe21eb71ec086f7da9b26fadab1630623e48cc8e175f624d9e,2026-10-06T16:02:25+00:00,1172,BXL Zoo,Past Teams,,,source_month_or_unspecified,unverified,https://www.vlr.gg/team/1172/bxl-zoo
42454,https://www.vlr.gg/player/42454/sizo,f10a0c778530b579acd5ca97e1f9a0fc40fcedca5a9b48de3fa2f09fde9bb5de,2026-10-06T16:02:25+00:00,21715,Natus Vincere Junior,Current Teams,,joined in June 2026,source_month_or_unspecified,unverified,https://www.vlr.gg/team/21715/natus-vincere-junior
42454,https://www.vlr.gg/player/42454/sizo,f10a0c778530b579acd5ca97e1f9a0fc40fcedca5a9b48de3fa2f09fde9bb5de,2026-10-06T16:02:25+00:00,17203,GoFund4OmarHouse,Current Teams,,,source_month_or_unspecified,unverified,https://www.vlr.gg/team/17203/gofund4omarhouse
42454,https://www.vlr.gg/player/42454/sizo,f10a0c778530b579acd5ca97e1f9a0fc40fcedca5a9b48de3fa2f09fde9bb5de,2026-10-06T16:02:25+00:00,19067,LANDODGERS,Current Teams,,,source_month_or_unspecified,unverified,https://www.vlr.gg/team/19067/landodgers
42454,https://www.vlr.gg/player/42454/sizo,f10a0c778530b579acd5ca97e1f9a0fc40fcedca5a9b48de3fa2f09fde9bb5de,2026-10-06T16:02:25+00:00,21715,Natus Vincere Junior,Past Teams,trial,April 2026 – June 2026,source_month_or_unspecified,unverified,https://www.vlr.gg/team/21715/natus-vincere-junior
42454,https://www.vlr.gg/player/42454/sizo,f10a0c778530b579acd5ca97e1f9a0fc40fcedca5a9b48de3fa2f09fde9bb5de,2026-10-06T16:02:25+00:00,10417,Formulation Gaming,Past Teams,,,source_month_or_unspecified,unverified,https://www.vlr.gg/team/10417/formulation-gaming
42651,https://www.vlr.gg/player/42651/avey,a235608b6c25f7f360ccff5075ca7769651c984fd19c3d803756dad76f6aaade,2026-10-06T16:02:26+00:00,21715,Natus Vincere Junior,Current Teams,,joined in May 2026,source_month_or_unspecified,unverified,https://www.vlr.gg/team/21715/natus-vincere-junior
42651,https://www.vlr.gg/player/42651/avey,a235608b6c25f7f360ccff5075ca7769651c984fd19c3d803756dad76f6aaade,2026-10-06T16:02:26+00:00,22865,Latvia,Past Teams,,joined in June 2026,source_month_or_unspecified,unverified,https://www.vlr.gg/team/22865/latvia
42651,https://www.vlr.gg/player/42651/avey,a235608b6c25f7f360ccff5075ca7769651c984fd19c3d803756dad76f6aaade,2026-10-06T16:02:26+00:00,21715,Natus Vincere Junior,Past Teams,trial,April 2026 – May 2026,source_month_or_unspecified,unverified,https://www.vlr.gg/team/21715/natus-vincere-junior
42651,https://www.vlr.gg/player/42651/avey,a235608b6c25f7f360ccff5075ca7769651c984fd19c3d803756dad76f6aaade,2026-10-06T16:02:26+00:00,14511,MANIA Esports,Past Teams,,,source_month_or_unspecified,unverified,https://www.vlr.gg/team/14511/mania-esports
42651,https://www.vlr.gg/player/42651/avey,a235608b6c25f7f360ccff5075ca7769651c984fd19c3d803756dad76f6aaade,2026-10-06T16:02:26+00:00,19190,6GPA,Past Teams,,joined in November 2025,source_month_or_unspecified,unverified,https://www.vlr.gg/team/19190/6gpa
42651,https://www.vlr.gg/player/42651/avey,a235608b6c25f7f360ccff5075ca7769651c984fd19c3d803756dad76f6aaade,2026-10-06T16:02:26+00:00,8258,ZETA Gaming,Past Teams,,,source_month_or_unspecified,unverified,https://www.vlr.gg/team/8258/zeta-gaming
42651,https://www.vlr.gg/player/42651/avey,a235608b6c25f7f360ccff5075ca7769651c984fd19c3d803756dad76f6aaade,2026-10-06T16:02:26+00:00,13224,NXT,Past Teams,,joined in September 2024,source_month_or_unspecified,unverified,https://www.vlr.gg/team/13224/nxt
42651,https://www.vlr.gg/player/42651/avey,a235608b6c25f7f360ccff5075ca7769651c984fd19c3d803756dad76f6aaade,2026-10-06T16:02:26+00:00,14524,Jabba Enjoyers,Past Teams,,,source_month_or_unspecified,unverified,https://www.vlr.gg/team/14524/jabba-enjoyers
42721,https://www.vlr.gg/player/42721/awayk,d791c3301cc9370a2a7fbf9f43dfb4b85da921df230db4dd707852c6e7799fbc,2026-10-06T16:02:27+00:00,19189,ONSIDE GAMING,Past Teams,,Inactive from August 2026,source_month_or_unspecified,unverified,https://www.vlr.gg/team/19189/onside-gaming
42721,https://www.vlr.gg/player/42721/awayk,d791c3301cc9370a2a7fbf9f43dfb4b85da921df230db4dd707852c6e7799fbc,2026-10-06T16:02:27+00:00,9749,DRX Academy,Past Teams,,April 2025 – June 2025,source_month_or_unspecified,unverified,https://www.vlr.gg/team/9749/drx-academy
42721,https://www.vlr.gg/player/42721/awayk,d791c3301cc9370a2a7fbf9f43dfb4b85da921df230db4dd707852c6e7799fbc,2026-10-06T16:02:27+00:00,18143,Foot On Headgear,Past Teams,,,source_month_or_unspecified,unverified,https://www.vlr.gg/team/18143/foot-on-headgear
42721,https://www.vlr.gg/player/42721/awayk,d791c3301cc9370a2a7fbf9f43dfb4b85da921df230db4dd707852c6e7799fbc,2026-10-06T16:02:27+00:00,14574,Nuclear,Past Teams,,,source_month_or_unspecified,unverified,https://www.vlr.gg/team/14574/nuclear
42733,https://www.vlr.gg/player/42733/xuna,5ac1f70c6627e71a3a379ecb9b10aa000e04983de671a6553cc7a300555f3ee1,2026-10-06T16:02:27+00:00,11229,VARREL,Current Teams,,joined in December 2025,source_month_or_unspecified,unverified,https://www.vlr.gg/team/11229/varrel
42733,https://www.vlr.gg/player/42733/xuna,5ac1f70c6627e71a3a379ecb9b10aa000e04983de671a6553cc7a300555f3ee1,2026-10-06T16:02:27+00:00,12446,SLT Seongnam,Past Teams,,October 2024 – December 2025,source_month_or_unspecified,unverified,https://www.vlr.gg/team/12446/slt-seongnam
42733,https://www.vlr.gg/player/42733/xuna,5ac1f70c6627e71a3a379ecb9b10aa000e04983de671a6553cc7a300555f3ee1,2026-10-06T16:02:27+00:00,14569,Gamecoach,Past Teams,,,source_month_or_unspecified,unverified,https://www.vlr.gg/team/14569/gamecoach
42755,https://www.vlr.gg/player/42755/shu,e4f40a2a20f5ac34fc2d29fe15f4020edb37087d0181718d5791e041080a2e68,2026-10-06T16:02:28+00:00,11348,Dplus Esports,Current Teams,,joined in November 2025,source_month_or_unspecified,unverified,https://www.vlr.gg/team/11348/dplus-esports
42755,https://www.vlr.gg/player/42755/shu,e4f40a2a20f5ac34fc2d29fe15f4020edb37087d0181718d5791e041080a2e68,2026-10-06T16:02:28+00:00,19189,ONSIDE GAMING,Past Teams,,June 2025 – September 2025,source_month_or_unspecified,unverified,https://www.vlr.gg/team/19189/onside-gaming
42755,https://www.vlr.gg/player/42755/shu,e4f40a2a20f5ac34fc2d29fe15f4020edb37087d0181718d5791e041080a2e68,2026-10-06T16:02:28+00:00,12446,SLT Seongnam,Past Teams,,January 2025 – June 2025,source_month_or_unspecified,unverified,https://www.vlr.gg/team/12446/slt-seongnam
42755,https://www.vlr.gg/player/42755/shu,e4f40a2a20f5ac34fc2d29fe15f4020edb37087d0181718d5791e041080a2e68,2026-10-06T16:02:28+00:00,14577,Our Name Is,Past Teams,,,source_month_or_unspecified,unverified,https://www.vlr.gg/team/14577/our-name-is
42769,https://www.vlr.gg/player/42769/wezzy,b36eedecd020c5d7fb6cb2e9075d4b00318143cf049594f1e91fe277a79da265,2026-10-06T16:02:29+00:00,15578,T1 Academy,Current Teams,,joined in June 2026,source_month_or_unspecified,unverified,https://www.vlr.gg/team/15578/t1-academy
42769,https://www.vlr.gg/player/42769/wezzy,b36eedecd020c5d7fb6cb2e9075d4b00318143cf049594f1e91fe277a79da265,2026-10-06T16:02:29+00:00,21437,Mir Gaming,Past Teams,,February 2026 – April 2026,source_month_or_unspecified,unverified,https://www.vlr.gg/team/21437/mir-gaming
42769,https://www.vlr.gg/player/42769/wezzy,b36eedecd020c5d7fb6cb2e9075d4b00318143cf049594f1e91fe277a79da265,2026-10-06T16:02:29+00:00,14565,SHERPA,Past Teams,,,source_month_or_unspecified,unverified,https://www.vlr.gg/team/14565/sherpa
42769,https://www.vlr.gg/player/42769/wezzy,b36eedecd020c5d7fb6cb2e9075d4b00318143cf049594f1e91fe277a79da265,2026-10-06T16:02:29+00:00,17393,FN Pocheon,Past Teams,,joined in January 2025,source_month_or_unspecified,unverified,https://www.vlr.gg/team/17393/fn-pocheon
42769,https://www.vlr.gg/player/42769/wezzy,b36eedecd020c5d7fb6cb2e9075d4b00318143cf049594f1e91fe277a79da265,2026-10-06T16:02:29+00:00,16701,CRG,Past Teams,,left in January 2025,source_month_or_unspecified,unverified,https://www.vlr.gg/team/16701/crg
42769,https://www.vlr.gg/player/42769/wezzy,b36eedecd020c5d7fb6cb2e9075d4b00318143cf049594f1e91fe277a79da265,2026-10-06T16:02:29+00:00,8182,Incheon On Sla2ers,Past Teams,,joined in April 2024,source_month_or_unspecified,unverified,https://www.vlr.gg/team/8182/incheon-on-sla2ers
42769,https://www.vlr.gg/player/42769/wezzy,b36eedecd020c5d7fb6cb2e9075d4b00318143cf049594f1e91fe277a79da265,2026-10-06T16:02:29+00:00,14576,ReliaNcE,Past Teams,,,source_month_or_unspecified,unverified,https://www.vlr.gg/team/14576/reliance
42772,https://www.vlr.gg/player/42772/xross,e30ddcd1ec614ddfbe5bb98b2497f2eed2fbc569b48220e8bd0bbc485205e3b4,2026-10-06T16:02:29+00:00,11060,Nongshim RedForce,Current Teams,,joined in February 2024,source_month_or_unspecified,unverified,https://www.vlr.gg/team/11060/nongshim-redforce
42772,https://www.vlr.gg/player/42772/xross,e30ddcd1ec614ddfbe5bb98b2497f2eed2fbc569b48220e8bd0bbc485205e3b4,2026-10-06T16:02:29+00:00,14581,골판지 전사,Past Teams,,left in February 2024,source_month_or_unspecified,unverified,https://www.vlr.gg/team/14581/
42793,https://www.vlr.gg/player/42793/kally,cadac946e99f33cebbe870dc762aa9c3ec8daa9396e8ffa471fee30df83cc0a6,2026-10-06T16:02:30+00:00,11348,Dplus Esports,Current Teams,,joined in November 2025,source_month_or_unspecified,unverified,https://www.vlr.gg/team/11348/dplus-esports
42793,https://www.vlr.gg/player/42793/kally,cadac946e99f33cebbe870dc762aa9c3ec8daa9396e8ffa471fee30df83cc0a6,2026-10-06T16:02:30+00:00,15744,FEARX,Past Teams,,December 2024 – September 2025,source_month_or_unspecified,unverified,https://www.vlr.gg/team/15744/fearx
42793,https://www.vlr.gg/player/42793/kally,cadac946e99f33cebbe870dc762aa9c3ec8daa9396e8ffa471fee30df83cc0a6,2026-10-06T16:02:30+00:00,11060,Nongshim RedForce,Past Teams,,October 2024 – November 2024,source_month_or_unspecified,unverified,https://www.vlr.gg/team/11060/nongshim-redforce
42793,https://www.vlr.gg/player/42793/kally,cadac946e99f33cebbe870dc762aa9c3ec8daa9396e8ffa471fee30df83cc0a6,2026-10-06T16:02:30+00:00,15747,SUPERFECT Esports,Past Teams,,,source_month_or_unspecified,unverified,https://www.vlr.gg/team/15747/superfect-esports
42793,https://www.vlr.gg/player/42793/kally,cadac946e99f33cebbe870dc762aa9c3ec8daa9396e8ffa471fee30df83cc0a6,2026-10-06T16:02:30+00:00,14566,fOu Clan,Past Teams,,left in May 2024,source_month_or_unspecified,unverified,https://www.vlr.gg/team/14566/fou-clan
42793,https://www.vlr.gg/player/42793/kally,cadac946e99f33cebbe870dc762aa9c3ec8daa9396e8ffa471fee30df83cc0a6,2026-10-06T16:02:30+00:00,14422,Sin Prisa Gaming,Past Teams,,left in November 2024,source_month_or_unspecified,unverified,https://www.vlr.gg/team/14422/sin-prisa-gaming
42901,https://www.vlr.gg/player/42901/thyy,4fff940febc8039dcc90926a3c7826453b844a82a4fb21694d913f2c7ff90237,2026-10-06T16:02:30+00:00,4050,FULL SENSE,Current Teams,,Inactive from April 2026,source_month_or_unspecified,unverified,https://www.vlr.gg/team/4050/full-sense
42901,https://www.vlr.gg/player/42901/thyy,4fff940febc8039dcc90926a3c7826453b844a82a4fb21694d913f2c7ff90237,2026-10-06T16:02:30+00:00,8304,TALON,Past Teams,,February 2025 – November 2025,source_month_or_unspecified,unverified,https://www.vlr.gg/team/8304/talon
42901,https://www.vlr.gg/player/42901/thyy,4fff940febc8039dcc90926a3c7826453b844a82a4fb21694d913f2c7ff90237,2026-10-06T16:02:30+00:00,16914,TALON Academy,Past Teams,,November 2024 – February 2025,source_month_or_unspecified,unverified,https://www.vlr.gg/team/16914/talon-academy
42901,https://www.vlr.gg/player/42901/thyy,4fff940febc8039dcc90926a3c7826453b844a82a4fb21694d913f2c7ff90237,2026-10-06T16:02:30+00:00,15699,gollum666,Past Teams,,,source_month_or_unspecified,unverified,https://www.vlr.gg/team/15699/gollum666
42901,https://www.vlr.gg/player/42901/thyy,4fff940febc8039dcc90926a3c7826453b844a82a4fb21694d913f2c7ff90237,2026-10-06T16:02:30+00:00,14617,XGOD,Past Teams,,,source_month_or_unspecified,unverified,https://www.vlr.gg/team/14617/xgod
43007,https://www.vlr.gg/player/43007/qiutian,1cf71fdc24957166ec6d071c2c93e715dc62b718f8deb9ffff6cae3d51234c34,2026-10-06T16:02:31+00:00,12064,Nova Esports,Current Teams,,joined in March 2026,source_month_or_unspecified,unverified,https://www.vlr.gg/team/12064/nova-esports
43007,https://www.vlr.gg/player/43007/qiutian,1cf71fdc24957166ec6d071c2c93e715dc62b718f8deb9ffff6cae3d51234c34,2026-10-06T16:02:31+00:00,13790,Wolves Esports,Past Teams,,January 2026 – March 2026,source_month_or_unspecified,unverified,https://www.vlr.gg/team/13790/wolves-esports
43007,https://www.vlr.gg/player/43007/qiutian,1cf71fdc24957166ec6d071c2c93e715dc62b718f8deb9ffff6cae3d51234c34,2026-10-06T16:02:31+00:00,14632,Meow,Past Teams,,,source_month_or_unspecified,unverified,https://www.vlr.gg/team/14632/meow
44842,https://www.vlr.gg/player/44842/jackk,70c512fee0e7d8dbc125df4b49e1f95d3f7bbe4af3912200ef5a01b413b9622e,2026-10-06T16:02:32+00:00,188,Cloud9,Current Teams,,joined in May 2026,source_month_or_unspecified,unverified,https://www.vlr.gg/team/188/cloud9
44842,https://www.vlr.gg/player/44842/jackk,70c512fee0e7d8dbc125df4b49e1f95d3f7bbe4af3912200ef5a01b413b9622e,2026-10-06T16:02:32+00:00,5038,YFP,Past Teams,,January 2026 – April 2026,source_month_or_unspecified,unverified,https://www.vlr.gg/team/5038/yfp
44842,https://www.vlr.gg/player/44842/jackk,70c512fee0e7d8dbc125df4b49e1f95d3f7bbe4af3912200ef5a01b413b9622e,2026-10-06T16:02:32+00:00,20118,Currys Money Crew,Past Teams,,,source_month_or_unspecified,unverified,https://www.vlr.gg/team/20118/currys-money-crew
44842,https://www.vlr.gg/player/44842/jackk,70c512fee0e7d8dbc125df4b49e1f95d3f7bbe4af3912200ef5a01b413b9622e,2026-10-06T16:02:32+00:00,11648,ROSE,Past Teams,,left in October 2025,source_month_or_unspecified,unverified,https://www.vlr.gg/team/11648/rose
44842,https://www.vlr.gg/player/44842/jackk,70c512fee0e7d8dbc125df4b49e1f95d3f7bbe4af3912200ef5a01b413b9622e,2026-10-06T16:02:32+00:00,7711,Berzerkers,Past Teams,,joined in April 2025,source_month_or_unspecified,unverified,https://www.vlr.gg/team/7711/berzerkers
44842,https://www.vlr.gg/player/44842/jackk,70c512fee0e7d8dbc125df4b49e1f95d3f7bbe4af3912200ef5a01b413b9622e,2026-10-06T16:02:32+00:00,17236,Overtake,Past Teams,,left in April 2025,source_month_or_unspecified,unverified,https://www.vlr.gg/team/17236/overtake
44842,https://www.vlr.gg/player/44842/jackk,70c512fee0e7d8dbc125df4b49e1f95d3f7bbe4af3912200ef5a01b413b9622e,2026-10-06T16:02:32+00:00,7711,Berzerkers,Past Teams,,,source_month_or_unspecified,unverified,https://www.vlr.gg/team/7711/berzerkers
44842,https://www.vlr.gg/player/44842/jackk,70c512fee0e7d8dbc125df4b49e1f95d3f7bbe4af3912200ef5a01b413b9622e,2026-10-06T16:02:32+00:00,16364,Berzerkers Moon,Past Teams,,,source_month_or_unspecified,unverified,https://www.vlr.gg/team/16364/berzerkers-moon
44842,https://www.vlr.gg/player/44842/jackk,70c512fee0e7d8dbc125df4b49e1f95d3f7bbe4af3912200ef5a01b413b9622e,2026-10-06T16:02:32+00:00,16733,Team Mythic,Past Teams,,October 2024 – November 2024,source_month_or_unspecified,unverified,https://www.vlr.gg/team/16733/team-mythic
44842,https://www.vlr.gg/player/44842/jackk,70c512fee0e7d8dbc125df4b49e1f95d3f7bbe4af3912200ef5a01b413b9622e,2026-10-06T16:02:32+00:00,15666,LazerrFreeks Mythic,Past Teams,,left in October 2024,source_month_or_unspecified,unverified,https://www.vlr.gg/team/15666/lazerrfreeks-mythic
45492,https://www.vlr.gg/player/45492/swagzor,2d45309f5ac2b74e613f4f14344a2e141fceb0edf5d5b842fc4c5e522e83ec4b,2026-10-06T16:02:32+00:00,12064,Nova Esports,Current Teams,,joined in March 2026,source_month_or_unspecified,unverified,https://www.vlr.gg/team/12064/nova-esports
45492,https://www.vlr.gg/player/45492/swagzor,2d45309f5ac2b74e613f4f14344a2e141fceb0edf5d5b842fc4c5e522e83ec4b,2026-10-06T16:02:32+00:00,876,Enterprise Esports,Past Teams,stand-in,January 2026 – February 2026,source_month_or_unspecified,unverified,https://www.vlr.gg/team/876/enterprise-esports
45492,https://www.vlr.gg/player/45492/swagzor,2d45309f5ac2b74e613f4f14344a2e141fceb0edf5d5b842fc4c5e522e83ec4b,2026-10-06T16:02:32+00:00,13161,NOVO Esports,Past Teams,,March 2025 – August 2025,source_month_or_unspecified,unverified,https://www.vlr.gg/team/13161/novo-esports
45492,https://www.vlr.gg/player/45492/swagzor,2d45309f5ac2b74e613f4f14344a2e141fceb0edf5d5b842fc4c5e522e83ec4b,2026-10-06T16:02:32+00:00,12679,apinaorkesteri,Past Teams,,,source_month_or_unspecified,unverified,https://www.vlr.gg/team/12679/apinaorkesteri
45492,https://www.vlr.gg/player/45492/swagzor,2d45309f5ac2b74e613f4f14344a2e141fceb0edf5d5b842fc4c5e522e83ec4b,2026-10-06T16:02:32+00:00,4685,Team Occupy,Past Teams,,joined in May 2024,source_month_or_unspecified,unverified,https://www.vlr.gg/team/4685/team-occupy
45492,https://www.vlr.gg/player/45492/swagzor,2d45309f5ac2b74e613f4f14344a2e141fceb0edf5d5b842fc4c5e522e83ec4b,2026-10-06T16:02:32+00:00,4685,Team Occupy,Past Teams,,,source_month_or_unspecified,unverified,https://www.vlr.gg/team/4685/team-occupy
45492,https://www.vlr.gg/player/45492/swagzor,2d45309f5ac2b74e613f4f14344a2e141fceb0edf5d5b842fc4c5e522e83ec4b,2026-10-06T16:02:32+00:00,13185,Occupy Jr,Past Teams,,,source_month_or_unspecified,unverified,https://www.vlr.gg/team/13185/occupy-jr
45494,https://www.vlr.gg/player/45494/proxh,525c583da197ec05adcbc5aeaaa4092c0ad31bc72c98c55745a2b83daa1fabcc,2026-10-06T16:02:33+00:00,12694,Gentle Mates,Current Teams,,joined in June 2026,source_month_or_unspecified,unverified,https://www.vlr.gg/team/12694/gentle-mates
45494,https://www.vlr.gg/player/45494/proxh,525c583da197ec05adcbc5aeaaa4092c0ad31bc72c98c55745a2b83daa1fabcc,2026-10-06T16:02:33+00:00,22847,Germany,Past Teams,,joined in June 2026,source_month_or_unspecified,unverified,https://www.vlr.gg/team/22847/germany
45494,https://www.vlr.gg/player/45494/proxh,525c583da197ec05adcbc5aeaaa4092c0ad31bc72c98c55745a2b83daa1fabcc,2026-10-06T16:02:33+00:00,876,Enterprise Esports,Past Teams,,January 2026 – June 2026,source_month_or_unspecified,unverified,https://www.vlr.gg/team/876/enterprise-esports
45494,https://www.vlr.gg/player/45494/proxh,525c583da197ec05adcbc5aeaaa4092c0ad31bc72c98c55745a2b83daa1fabcc,2026-10-06T16:02:33+00:00,12694,Gentle Mates,Past Teams,,Inactive from September 2025,source_month_or_unspecified,unverified,https://www.vlr.gg/team/12694/gentle-mates
45494,https://www.vlr.gg/player/45494/proxh,525c583da197ec05adcbc5aeaaa4092c0ad31bc72c98c55745a2b83daa1fabcc,2026-10-06T16:02:33+00:00,14478,Eintracht Frankfurt,Past Teams,,January 2025 – May 2025,source_month_or_unspecified,unverified,https://www.vlr.gg/team/14478/eintracht-frankfurt
45494,https://www.vlr.gg/player/45494/proxh,525c583da197ec05adcbc5aeaaa4092c0ad31bc72c98c55745a2b83daa1fabcc,2026-10-06T16:02:33+00:00,12694,Gentle Mates,Past Teams,loan,May 2025 – May 2025,source_month_or_unspecified,unverified,https://www.vlr.gg/team/12694/gentle-mates
45494,https://www.vlr.gg/player/45494/proxh,525c583da197ec05adcbc5aeaaa4092c0ad31bc72c98c55745a2b83daa1fabcc,2026-10-06T16:02:33+00:00,16542,5HEAD,Past Teams,,left in January 2025,source_month_or_unspecified,unverified,https://www.vlr.gg/team/16542/5head
45962,https://www.vlr.gg/player/45962/ken,067a4fca00aa2701a2bb801ac5a73fa6ebccb654b04ed64582e427f10d60288d,2026-10-06T16:02:33+00:00,294,CREST GAMING Zst,Past Teams,,left in August 2026,source_month_or_unspecified,unverified,https://www.vlr.gg/team/294/crest-gaming-zst
45962,https://www.vlr.gg/player/45962/ken,067a4fca00aa2701a2bb801ac5a73fa6ebccb654b04ed64582e427f10d60288d,2026-10-06T16:02:33+00:00,15747,SUPERFECT Esports,Past Teams,,,source_month_or_unspecified,unverified,https://www.vlr.gg/team/15747/superfect-esports
45962,https://www.vlr.gg/player/45962/ken,067a4fca00aa2701a2bb801ac5a73fa6ebccb654b04ed64582e427f10d60288d,2026-10-06T16:02:33+00:00,14566,fOu Clan,Past Teams,,left in May 2024,source_month_or_unspecified,unverified,https://www.vlr.gg/team/14566/fou-clan
46040,https://www.vlr.gg/player/46040/youze,2bebe3cea91dc763d87632e44ccbf49edb2eb3d88ef3398f8d879d6029d1ec16,2026-10-06T16:02:34+00:00,1119,All Gamers,Past Teams,,April 2026 – July 2026,source_month_or_unspecified,unverified,https://www.vlr.gg/team/1119/all-gamers
46040,https://www.vlr.gg/player/46040/youze,2bebe3cea91dc763d87632e44ccbf49edb2eb3d88ef3398f8d879d6029d1ec16,2026-10-06T16:02:34+00:00,19531,Any Questions Gaming,Past Teams,,August 2025 – April 2026,source_month_or_unspecified,unverified,https://www.vlr.gg/team/19531/any-questions-gaming
46040,https://www.vlr.gg/player/46040/youze,2bebe3cea91dc763d87632e44ccbf49edb2eb3d88ef3398f8d879d6029d1ec16,2026-10-06T16:02:34+00:00,15684,Da Feng Gou,Past Teams,,,source_month_or_unspecified,unverified,https://www.vlr.gg/team/15684/da-feng-gou
46135,https://www.vlr.gg/player/46135/zeus,650f0cd36e2ac931ecc6bbe3ab2b60d02333d523f753661ebfbd4c8ce34d1382,2026-10-06T16:02:35+00:00,6199,Team Secret,Current Teams,,joined in March 2026,source_month_or_unspecified,unverified,https://www.vlr.gg/team/6199/team-secret
46135,https://www.vlr.gg/player/46135/zeus,650f0cd36e2ac931ecc6bbe3ab2b60d02333d523f753661ebfbd4c8ce34d1382,2026-10-06T16:02:35+00:00,12118,Philippines,Past Teams,,joined in June 2026,source_month_or_unspecified,unverified,https://www.vlr.gg/team/12118/philippines
46135,https://www.vlr.gg/player/46135/zeus,650f0cd36e2ac931ecc6bbe3ab2b60d02333d523f753661ebfbd4c8ce34d1382,2026-10-06T16:02:35+00:00,3136,Oasis Gaming,Past Teams,,left in March 2026,source_month_or_unspecified,unverified,https://www.vlr.gg/team/3136/oasis-gaming
46135,https://www.vlr.gg/player/46135/zeus,650f0cd36e2ac931ecc6bbe3ab2b60d02333d523f753661ebfbd4c8ce34d1382,2026-10-06T16:02:35+00:00,15793,Avernus Esports,Past Teams,,left in August 2024,source_month_or_unspecified,unverified,https://www.vlr.gg/team/15793/avernus-esports
46135,https://www.vlr.gg/player/46135/zeus,650f0cd36e2ac931ecc6bbe3ab2b60d02333d523f753661ebfbd4c8ce34d1382,2026-10-06T16:02:35+00:00,15711,SNAPZ,Past Teams,,,source_month_or_unspecified,unverified,https://www.vlr.gg/team/15711/snapz
46446,https://www.vlr.gg/player/46446/titoune,cbd8fb0a4ebc666d55829e21c66244ca3380790cfe0472417800d71554562550,2026-10-06T16:02:35+00:00,18025,La Masia,Current Teams,,,source_month_or_unspecified,unverified,https://www.vlr.gg/team/18025/la-masia
46446,https://www.vlr.gg/player/46446/titoune,cbd8fb0a4ebc666d55829e21c66244ca3380790cfe0472417800d71554562550,2026-10-06T16:02:35+00:00,2290,Gamax Esports,Current Teams,,,source_month_or_unspecified,unverified,https://www.vlr.gg/team/2290/gamax-esports
46446,https://www.vlr.gg/player/46446/titoune,cbd8fb0a4ebc666d55829e21c66244ca3380790cfe0472417800d71554562550,2026-10-06T16:02:35+00:00,22846,France,Past Teams,,joined in June 2026,source_month_or_unspecified,unverified,https://www.vlr.gg/team/22846/france
46446,https://www.vlr.gg/player/46446/titoune,cbd8fb0a4ebc666d55829e21c66244ca3380790cfe0472417800d71554562550,2026-10-06T16:02:35+00:00,15828,Caldya Esport,Past Teams,,January 2026 – June 2026,source_month_or_unspecified,unverified,https://www.vlr.gg/team/15828/caldya-esport
46446,https://www.vlr.gg/player/46446/titoune,cbd8fb0a4ebc666d55829e21c66244ca3380790cfe0472417800d71554562550,2026-10-06T16:02:35+00:00,20640,777,Past Teams,,,source_month_or_unspecified,unverified,https://www.vlr.gg/team/20640/777
46446,https://www.vlr.gg/player/46446/titoune,cbd8fb0a4ebc666d55829e21c66244ca3380790cfe0472417800d71554562550,2026-10-06T16:02:35+00:00,19227,Hide On Bush,Past Teams,,left in January 2026,source_month_or_unspecified,unverified,https://www.vlr.gg/team/19227/hide-on-bush
46446,https://www.vlr.gg/player/46446/titoune,cbd8fb0a4ebc666d55829e21c66244ca3380790cfe0472417800d71554562550,2026-10-06T16:02:35+00:00,18495,TODOBEW,Past Teams,,,source_month_or_unspecified,unverified,https://www.vlr.gg/team/18495/todobew
46460,https://www.vlr.gg/player/46460/ezeir,387af7a749ed0364cfe043728640f203ab158f8d7c08962a073435de37abfb22,2026-10-06T16:02:36+00:00,12064,Nova Esports,Current Teams,,joined in June 2024,source_month_or_unspecified,unverified,https://www.vlr.gg/team/12064/nova-esports
46532,https://www.vlr.gg/player/46532/satoshi,7911c2bd583c72d31fda01ea4c95ece5937e448fb3339b415292ed3e987e1ce8,2026-10-06T16:02:36+00:00,1224,Weibo Gaming,Current Teams,,joined in April 2026,source_month_or_unspecified,unverified,https://www.vlr.gg/team/1224/weibo-gaming
46532,https://www.vlr.gg/player/46532/satoshi,7911c2bd583c72d31fda01ea4c95ece5937e448fb3339b415292ed3e987e1ce8,2026-10-06T16:02:36+00:00,13790,Wolves Esports,Past Teams,,November 2025 – March 2026,source_month_or_unspecified,unverified,https://www.vlr.gg/team/13790/wolves-esports
46532,https://www.vlr.gg/player/46532/satoshi,7911c2bd583c72d31fda01ea4c95ece5937e448fb3339b415292ed3e987e1ce8,2026-10-06T16:02:36+00:00,11985,Rare Atom,Past Teams,,December 2024 – November 2025,source_month_or_unspecified,unverified,https://www.vlr.gg/team/11985/rare-atom
46532,https://www.vlr.gg/player/46532/satoshi,7911c2bd583c72d31fda01ea4c95ece5937e448fb3339b415292ed3e987e1ce8,2026-10-06T16:02:36+00:00,13581,Xi Lai Gaming,Past Teams,,Inactive from October 2024,source_month_or_unspecified,unverified,https://www.vlr.gg/team/13581/xi-lai-gaming
46532,https://www.vlr.gg/player/46532/satoshi,7911c2bd583c72d31fda01ea4c95ece5937e448fb3339b415292ed3e987e1ce8,2026-10-06T16:02:36+00:00,11985,Rare Atom,Past Teams,,October 2024 – December 2024,source_month_or_unspecified,unverified,https://www.vlr.gg/team/11985/rare-atom
46748,https://www.vlr.gg/player/46748/k1ra,3f9dc0529d0e05c07ca39447c9df0cf610b66dde4fb2344da85d5f6c9833ffb9,2026-10-06T16:02:37+00:00,1119,All Gamers,Current Teams,,joined in October 2024,source_month_or_unspecified,unverified,https://www.vlr.gg/team/1119/all-gamers
46748,https://www.vlr.gg/player/46748/k1ra,3f9dc0529d0e05c07ca39447c9df0cf610b66dde4fb2344da85d5f6c9833ffb9,2026-10-06T16:02:37+00:00,19874,China,Past Teams,,joined in June 2026,source_month_or_unspecified,unverified,https://www.vlr.gg/team/19874/china
46748,https://www.vlr.gg/player/46748/k1ra,3f9dc0529d0e05c07ca39447c9df0cf610b66dde4fb2344da85d5f6c9833ffb9,2026-10-06T16:02:37+00:00,6093,Qing Jiu Club,Past Teams,,,source_month_or_unspecified,unverified,https://www.vlr.gg/team/6093/qing-jiu-club
47101,https://www.vlr.gg/player/47101/5cm,7f40a884fae9b0ba6462cce9a2dc23cf8e5215e936f7e84e2796b9213b7b6784,2026-10-06T16:02:38+00:00,19531,Any Questions Gaming,Current Teams,,,source_month_or_unspecified,unverified,https://www.vlr.gg/team/19531/any-questions-gaming
47101,https://www.vlr.gg/player/47101/5cm,7f40a884fae9b0ba6462cce9a2dc23cf8e5215e936f7e84e2796b9213b7b6784,2026-10-06T16:02:38+00:00,20604,Ever Growing Gaming,Past Teams,,,source_month_or_unspecified,unverified,https://www.vlr.gg/team/20604/ever-growing-gaming
47101,https://www.vlr.gg/player/47101/5cm,7f40a884fae9b0ba6462cce9a2dc23cf8e5215e936f7e84e2796b9213b7b6784,2026-10-06T16:02:38+00:00,731,TYLOO,Past Teams,,December 2024 – June 2025,source_month_or_unspecified,unverified,https://www.vlr.gg/team/731/tyloo
47101,https://www.vlr.gg/player/47101/5cm,7f40a884fae9b0ba6462cce9a2dc23cf8e5215e936f7e84e2796b9213b7b6784,2026-10-06T16:02:38+00:00,15889,Xtreme Gaming,Past Teams,,June 2024 – December 2024,source_month_or_unspecified,unverified,https://www.vlr.gg/team/15889/xtreme-gaming
47212,https://www.vlr.gg/player/47212/ecco,7af9543c665088a80e469d71742af51bfcee4b357d386802407b47c7dd75ef1c,2026-10-06T16:02:38+00:00,23044,Big T and Friends,Past Teams,,,source_month_or_unspecified,unverified,https://www.vlr.gg/team/23044/big-t-and-friends
47212,https://www.vlr.gg/player/47212/ecco,7af9543c665088a80e469d71742af51bfcee4b357d386802407b47c7dd75ef1c,2026-10-06T16:02:38+00:00,22251,Evolve,Past Teams,,,source_month_or_unspecified,unverified,https://www.vlr.gg/team/22251/evolve
47212,https://www.vlr.gg/player/47212/ecco,7af9543c665088a80e469d71742af51bfcee4b357d386802407b47c7dd75ef1c,2026-10-06T16:02:38+00:00,22282,Yi-Jing,Past Teams,,,source_month_or_unspecified,unverified,https://www.vlr.gg/team/22282/yi-jing
47212,https://www.vlr.gg/player/47212/ecco,7af9543c665088a80e469d71742af51bfcee4b357d386802407b47c7dd75ef1c,2026-10-06T16:02:38+00:00,7313,Bonkers,Past Teams,,,source_month_or_unspecified,unverified,https://www.vlr.gg/team/7313/bonkers
47212,https://www.vlr.gg/player/47212/ecco,7af9543c665088a80e469d71742af51bfcee4b357d386802407b47c7dd75ef1c,2026-10-06T16:02:38+00:00,19805,Get A Job,Past Teams,,,source_month_or_unspecified,unverified,https://www.vlr.gg/team/19805/get-a-job
47212,https://www.vlr.gg/player/47212/ecco,7af9543c665088a80e469d71742af51bfcee4b357d386802407b47c7dd75ef1c,2026-10-06T16:02:38+00:00,19302,Marlon N Friends,Past Teams,,,source_month_or_unspecified,unverified,https://www.vlr.gg/team/19302/marlon-n-friends
47212,https://www.vlr.gg/player/47212/ecco,7af9543c665088a80e469d71742af51bfcee4b357d386802407b47c7dd75ef1c,2026-10-06T16:02:38+00:00,19301,Abbas and Friends,Past Teams,,,source_month_or_unspecified,unverified,https://www.vlr.gg/team/19301/abbas-and-friends
47212,https://www.vlr.gg/player/47212/ecco,7af9543c665088a80e469d71742af51bfcee4b357d386802407b47c7dd75ef1c,2026-10-06T16:02:38+00:00,15208,Hornswogglers,Past Teams,,,source_month_or_unspecified,unverified,https://www.vlr.gg/team/15208/hornswogglers
47212,https://www.vlr.gg/player/47212/ecco,7af9543c665088a80e469d71742af51bfcee4b357d386802407b47c7dd75ef1c,2026-10-06T16:02:38+00:00,18113,EDGE,Past Teams,,,source_month_or_unspecified,unverified,https://www.vlr.gg/team/18113/edge
47212,https://www.vlr.gg/player/47212/ecco,7af9543c665088a80e469d71742af51bfcee4b357d386802407b47c7dd75ef1c,2026-10-06T16:02:38+00:00,15216,Rub n' Pug,Past Teams,,,source_month_or_unspecified,unverified,https://www.vlr.gg/team/15216/rub-n-pug
47629,https://www.vlr.gg/player/47629/coco,f7e961056301db5aecbedf0f06684e3b9e17a1cd4fa63ca4c392b4e0ff219e3a,2026-10-06T16:02:39+00:00,14137,Titan Esports Club,Current Teams,,joined in March 2025,source_month_or_unspecified,unverified,https://www.vlr.gg/team/14137/titan-esports-club
47629,https://www.vlr.gg/player/47629/coco,f7e961056301db5aecbedf0f06684e3b9e17a1cd4fa63ca4c392b4e0ff219e3a,2026-10-06T16:02:39+00:00,13579,Chosen Clique Gaming,Past Teams,,September 2024 – March 2025,source_month_or_unspecified,unverified,https://www.vlr.gg/team/13579/chosen-clique-gaming
47753,https://www.vlr.gg/player/47753/leo,71fa1b1962d61eda05aedc51a18051b6099f09d64435d3aaf5594b528e48e6a0,2026-10-06T16:02:40+00:00,21606,CCE YOUTH,Current Teams,,,source_month_or_unspecified,unverified,https://www.vlr.gg/team/21606/cce-youth
47753,https://www.vlr.gg/player/47753/leo,71fa1b1962d61eda05aedc51a18051b6099f09d64435d3aaf5594b528e48e6a0,2026-10-06T16:02:40+00:00,16353,SkyWalkers,Past Teams,,,source_month_or_unspecified,unverified,https://www.vlr.gg/team/16353/skywalkers
47858,https://www.vlr.gg/player/47858/leo,a9471965baf1239cb8abdf3f03992feaef124eda68f47100a6e88aff8b54b38c,2026-10-06T16:02:40+00:00,21838,FlyQuest,Past Teams,,March 2026 – August 2026,source_month_or_unspecified,unverified,https://www.vlr.gg/team/21838/flyquest
47858,https://www.vlr.gg/player/47858/leo,a9471965baf1239cb8abdf3f03992feaef124eda68f47100a6e88aff8b54b38c,2026-10-06T16:02:40+00:00,21055,sleepers,Past Teams,,,source_month_or_unspecified,unverified,https://www.vlr.gg/team/21055/sleepers
47858,https://www.vlr.gg/player/47858/leo,a9471965baf1239cb8abdf3f03992feaef124eda68f47100a6e88aff8b54b38c,2026-10-06T16:02:40+00:00,19737,happy esports,Past Teams,,,source_month_or_unspecified,unverified,https://www.vlr.gg/team/19737/happy-esports
47858,https://www.vlr.gg/player/47858/leo,a9471965baf1239cb8abdf3f03992feaef124eda68f47100a6e88aff8b54b38c,2026-10-06T16:02:40+00:00,9991,Tenax,Past Teams,,,source_month_or_unspecified,unverified,https://www.vlr.gg/team/9991/tenax
47858,https://www.vlr.gg/player/47858/leo,a9471965baf1239cb8abdf3f03992feaef124eda68f47100a6e88aff8b54b38c,2026-10-06T16:02:40+00:00,16371,Prestige Esports,Past Teams,,,source_month_or_unspecified,unverified,https://www.vlr.gg/team/16371/prestige-esports
48439,https://www.vlr.gg/player/48439/rimuru,1787acbdaec118a3dd6b4ba2da2ce187c03c81433ae2c1235f99d692d91b3866,2026-10-06T16:02:41+00:00,6199,Team Secret,Past Teams,,March 2026 – July 2026,source_month_or_unspecified,unverified,https://www.vlr.gg/team/6199/team-secret
48439,https://www.vlr.gg/player/48439/rimuru,1787acbdaec118a3dd6b4ba2da2ce187c03c81433ae2c1235f99d692d91b3866,2026-10-06T16:02:41+00:00,21293,HARU Esports,Past Teams,,left in March 2026,source_month_or_unspecified,unverified,https://www.vlr.gg/team/21293/haru-esports
48439,https://www.vlr.gg/player/48439/rimuru,1787acbdaec118a3dd6b4ba2da2ce187c03c81433ae2c1235f99d692d91b3866,2026-10-06T16:02:41+00:00,20299,SORTIGEN,Past Teams,,,source_month_or_unspecified,unverified,https://www.vlr.gg/team/20299/sortigen
48439,https://www.vlr.gg/player/48439/rimuru,1787acbdaec118a3dd6b4ba2da2ce187c03c81433ae2c1235f99d692d91b3866,2026-10-06T16:02:41+00:00,19082,GENERALS,Past Teams,,,source_month_or_unspecified,unverified,https://www.vlr.gg/team/19082/generals
48439,https://www.vlr.gg/player/48439/rimuru,1787acbdaec118a3dd6b4ba2da2ce187c03c81433ae2c1235f99d692d91b3866,2026-10-06T16:02:41+00:00,17874,LF Org,Past Teams,,,source_month_or_unspecified,unverified,https://www.vlr.gg/team/17874/lf-org
48439,https://www.vlr.gg/player/48439/rimuru,1787acbdaec118a3dd6b4ba2da2ce187c03c81433ae2c1235f99d692d91b3866,2026-10-06T16:02:41+00:00,16561,Balbacua,Past Teams,,,source_month_or_unspecified,unverified,https://www.vlr.gg/team/16561/balbacua
48878,https://www.vlr.gg/player/48878/rushia,f9739e6239b4fc4c9fc5d150f694576bc1e48aa4b3246ab7be9f27259e57b4fe,2026-10-06T16:02:42+00:00,12010,Bilibili Gaming,Current Teams,,joined in October 2024,source_month_or_unspecified,unverified,https://www.vlr.gg/team/12010/bilibili-gaming
48925,https://www.vlr.gg/player/48925/raxcal,f2301c9c266e9f0462c0521bd5d474534047991891dfb7d635cc282553287a87,2026-10-06T16:02:42+00:00,17,Gen.G,Current Teams,,joined in July 2026,source_month_or_unspecified,unverified,https://www.vlr.gg/team/17/gen-g
48925,https://www.vlr.gg/player/48925/raxcal,f2301c9c266e9f0462c0521bd5d474534047991891dfb7d635cc282553287a87,2026-10-06T16:02:42+00:00,17392,Gen.G Global Academy,Past Teams,,February 2026 – July 2026,source_month_or_unspecified,unverified,https://www.vlr.gg/team/17392/gen-g-global-academy
48925,https://www.vlr.gg/player/48925/raxcal,f2301c9c266e9f0462c0521bd5d474534047991891dfb7d635cc282553287a87,2026-10-06T16:02:42+00:00,19189,ONSIDE GAMING,Past Teams,,June 2025 – September 2025,source_month_or_unspecified,unverified,https://www.vlr.gg/team/19189/onside-gaming
48925,https://www.vlr.gg/player/48925/raxcal,f2301c9c266e9f0462c0521bd5d474534047991891dfb7d635cc282553287a87,2026-10-06T16:02:42+00:00,17393,FN Pocheon,Past Teams,,joined in January 2025,source_month_or_unspecified,unverified,https://www.vlr.gg/team/17393/fn-pocheon
48925,https://www.vlr.gg/player/48925/raxcal,f2301c9c266e9f0462c0521bd5d474534047991891dfb7d635cc282553287a87,2026-10-06T16:02:42+00:00,16696,URACHACHA,Past Teams,,left in December 2024,source_month_or_unspecified,unverified,https://www.vlr.gg/team/16696/urachacha
49346,https://www.vlr.gg/player/49346/echo,26da412a7847cfd55bd2e603c85a3652869dfbdf59aee5f5d8e1057a3c3f9cae,2026-10-06T16:02:43+00:00,6392,Eternal Fire,Current Teams,,joined in March 2026,source_month_or_unspecified,unverified,https://www.vlr.gg/team/6392/eternal-fire
49346,https://www.vlr.gg/player/49346/echo,26da412a7847cfd55bd2e603c85a3652869dfbdf59aee5f5d8e1057a3c3f9cae,2026-10-06T16:02:43+00:00,18019,ULF Esports,Past Teams,,March 2025 – March 2026,source_month_or_unspecified,unverified,https://www.vlr.gg/team/18019/ulf-esports
49476,https://www.vlr.gg/player/49476/zhe,f60539a83007d20b4cbc8704920d27f095ab289bc287c9e76b496e3decb9561a,2026-10-06T16:02:43+00:00,13576,JD Gaming,Current Teams,,joined in November 2025,source_month_or_unspecified,unverified,https://www.vlr.gg/team/13576/jd-gaming
49476,https://www.vlr.gg/player/49476/zhe,f60539a83007d20b4cbc8704920d27f095ab289bc287c9e76b496e3decb9561a,2026-10-06T16:02:43+00:00,11985,Rare Atom,Past Teams,,September 2024 – November 2025,source_month_or_unspecified,unverified,https://www.vlr.gg/team/11985/rare-atom
49973,https://www.vlr.gg/player/49973/glacier,a0e3ba1330e5fab20e043bbd45d394673dad348660435df4db04f9eef20941e7,2026-10-06T16:02:44+00:00,13790,Wolves Esports,Current Teams,,joined in March 2026,source_month_or_unspecified,unverified,https://www.vlr.gg/team/13790/wolves-esports
49973,https://www.vlr.gg/player/49973/glacier,a0e3ba1330e5fab20e043bbd45d394673dad348660435df4db04f9eef20941e7,2026-10-06T16:02:44+00:00,19140,是這裡嗎,Current Teams,,,source_month_or_unspecified,unverified,https://www.vlr.gg/team/19140/
49973,https://www.vlr.gg/player/49973/glacier,a0e3ba1330e5fab20e043bbd45d394673dad348660435df4db04f9eef20941e7,2026-10-06T16:02:44+00:00,17116,GOOD BOY,Past Teams,,,source_month_or_unspecified,unverified,https://www.vlr.gg/team/17116/good-boy
49973,https://www.vlr.gg/player/49973/glacier,a0e3ba1330e5fab20e043bbd45d394673dad348660435df4db04f9eef20941e7,2026-10-06T16:02:44+00:00,17109,姊姊壞了我好愛,Past Teams,,,source_month_or_unspecified,unverified,https://www.vlr.gg/team/17109/
50025,https://www.vlr.gg/player/50025/setrod,2384268ea3dc7b8ddc9031035fd9f136763dd440ff630ad7924ef8dd53292ce8,2026-10-06T16:02:45+00:00,11328,FunPlus Phoenix,Current Teams,,joined in November 2025,source_month_or_unspecified,unverified,https://www.vlr.gg/team/11328/funplus-phoenix
50025,https://www.vlr.gg/player/50025/setrod,2384268ea3dc7b8ddc9031035fd9f136763dd440ff630ad7924ef8dd53292ce8,2026-10-06T16:02:45+00:00,17116,GOOD BOY,Past Teams,,,source_month_or_unspecified,unverified,https://www.vlr.gg/team/17116/good-boy
50080,https://www.vlr.gg/player/50080/lsn,d8ac97c2c48bffea4440a82ca04551ccfa5346c722029d8685a281363cecb519,2026-10-06T16:02:45+00:00,1119,All Gamers,Past Teams,,joined in January 2025,source_month_or_unspecified,unverified,https://www.vlr.gg/team/1119/all-gamers
50776,https://www.vlr.gg/player/50776/influx,11a908fc1f27e419c8b92377d8e73e51111bdfad6fa626c7e841ccadeddff48a,2026-10-06T16:02:46+00:00,20519,NKVT,Current Teams,,,source_month_or_unspecified,unverified,https://www.vlr.gg/team/20519/nkvt
50776,https://www.vlr.gg/player/50776/influx,11a908fc1f27e419c8b92377d8e73e51111bdfad6fa626c7e841ccadeddff48a,2026-10-06T16:02:46+00:00,2036,Beşiktaş Esports,Current Teams,,joined in December 2025,source_month_or_unspecified,unverified,https://www.vlr.gg/team/2036/be-ikta-esports
50776,https://www.vlr.gg/player/50776/influx,11a908fc1f27e419c8b92377d8e73e51111bdfad6fa626c7e841ccadeddff48a,2026-10-06T16:02:46+00:00,13560,TFT Demons,Past Teams,,,source_month_or_unspecified,unverified,https://www.vlr.gg/team/13560/tft-demons
50776,https://www.vlr.gg/player/50776/influx,11a908fc1f27e419c8b92377d8e73e51111bdfad6fa626c7e841ccadeddff48a,2026-10-06T16:02:46+00:00,20085,Fire Flux Esports,Past Teams,,January 2025 – June 2025,source_month_or_unspecified,unverified,https://www.vlr.gg/team/20085/fire-flux-esports
50826,https://www.vlr.gg/player/50826/ramgi,ef610af29cf8cf64ef88714c19f3e29d296ac1e6a9bb6afea4861bb5a07af2a9,2026-10-06T16:02:47+00:00,11348,Dplus Esports,Current Teams,,joined in November 2025,source_month_or_unspecified,unverified,https://www.vlr.gg/team/11348/dplus-esports
50826,https://www.vlr.gg/player/50826/ramgi,ef610af29cf8cf64ef88714c19f3e29d296ac1e6a9bb6afea4861bb5a07af2a9,2026-10-06T16:02:47+00:00,17392,Gen.G Global Academy,Past Teams,,January 2025 – September 2025,source_month_or_unspecified,unverified,https://www.vlr.gg/team/17392/gen-g-global-academy
51100,https://www.vlr.gg/player/51100/flicker,7ba87e1e45d54e0bd9549fe432fae98206c9b3280df62f6cef6209f04fc95ae3,2026-10-06T16:02:48+00:00,8185,KIWOOM DRX,Current Teams,,joined in July 2026,source_month_or_unspecified,unverified,https://www.vlr.gg/team/8185/kiwoom-drx
51100,https://www.vlr.gg/player/51100/flicker,7ba87e1e45d54e0bd9549fe432fae98206c9b3280df62f6cef6209f04fc95ae3,2026-10-06T16:02:48+00:00,294,CREST GAMING Zst,Past Teams,loan,January 2026 – July 2026,source_month_or_unspecified,unverified,https://www.vlr.gg/team/294/crest-gaming-zst
51100,https://www.vlr.gg/player/51100/flicker,7ba87e1e45d54e0bd9549fe432fae98206c9b3280df62f6cef6209f04fc95ae3,2026-10-06T16:02:48+00:00,8185,KIWOOM DRX,Past Teams,,July 2025 – January 2026,source_month_or_unspecified,unverified,https://www.vlr.gg/team/8185/kiwoom-drx
51100,https://www.vlr.gg/player/51100/flicker,7ba87e1e45d54e0bd9549fe432fae98206c9b3280df62f6cef6209f04fc95ae3,2026-10-06T16:02:48+00:00,9749,DRX Academy,Past Teams,,September 2023 – July 2025,source_month_or_unspecified,unverified,https://www.vlr.gg/team/9749/drx-academy
51238,https://www.vlr.gg/player/51238/yong,1645a3b51637e2d2a0cc4e51845b952b7951516e782794f62526bceba778873c,2026-10-06T16:02:48+00:00,8185,KIWOOM DRX,Current Teams,,joined in March 2026,source_month_or_unspecified,unverified,https://www.vlr.gg/team/8185/kiwoom-drx
51238,https://www.vlr.gg/player/51238/yong,1645a3b51637e2d2a0cc4e51845b952b7951516e782794f62526bceba778873c,2026-10-06T16:02:48+00:00,9749,DRX Academy,Past Teams,,February 2025 – March 2026,source_month_or_unspecified,unverified,https://www.vlr.gg/team/9749/drx-academy
51244,https://www.vlr.gg/player/51244/jieni7,ce79fa189c9cb0b7810411bbef95c99e133a272241991cf50a33cab0c9ed51c2,2026-10-06T16:02:49+00:00,1120,EDward Gaming,Current Teams,,joined in March 2025,source_month_or_unspecified,unverified,https://www.vlr.gg/team/1120/edward-gaming
51250,https://www.vlr.gg/player/51250/ying,28ebea0c1e7c460c2c31b68857401f585f61eafed006a775ee0c510ad3bf7e9d,2026-10-06T16:02:49+00:00,12784,KeepBest Gaming,Current Teams,,joined in May 2026,source_month_or_unspecified,unverified,https://www.vlr.gg/team/12784/keepbest-gaming
51250,https://www.vlr.gg/player/51250/ying,28ebea0c1e7c460c2c31b68857401f585f61eafed006a775ee0c510ad3bf7e9d,2026-10-06T16:02:49+00:00,11981,Dragon Ranger Gaming,Past Teams,,joined in February 2025,source_month_or_unspecified,unverified,https://www.vlr.gg/team/11981/dragon-ranger-gaming
52101,https://www.vlr.gg/player/52101/bai,3e5093410ac7ed2e61c33b34a2c3b12203ec36c59b5d8d300fa694fbee0c5f67,2026-10-06T16:02:50+00:00,1119,All Gamers,Current Teams,,joined in April 2026,source_month_or_unspecified,unverified,https://www.vlr.gg/team/1119/all-gamers
52101,https://www.vlr.gg/player/52101/bai,3e5093410ac7ed2e61c33b34a2c3b12203ec36c59b5d8d300fa694fbee0c5f67,2026-10-06T16:02:50+00:00,9650,LANDODGERS,Past Teams,loan,,source_month_or_unspecified,unverified,https://www.vlr.gg/team/9650/landodgers
52101,https://www.vlr.gg/player/52101/bai,3e5093410ac7ed2e61c33b34a2c3b12203ec36c59b5d8d300fa694fbee0c5f67,2026-10-06T16:02:50+00:00,1119,All Gamers,Past Teams,,joined in March 2025,source_month_or_unspecified,unverified,https://www.vlr.gg/team/1119/all-gamers
52723,https://www.vlr.gg/player/52723/yutaro,3b21f60d1ff04780f4606cf252e9d1d297e6ec3eb08fe6e844f66c73505cd10b,2026-10-06T16:02:51+00:00,294,CREST GAMING Zst,Past Teams,,left in July 2026,source_month_or_unspecified,unverified,https://www.vlr.gg/team/294/crest-gaming-zst
52904,https://www.vlr.gg/player/52904/akeman,eae3e6fa21990604fa9943c916f8db2fb33a05c5849c12e24cdc38eeeddc3280,2026-10-06T16:02:51+00:00,12784,KeepBest Gaming,Current Teams,,joined in June 2026,source_month_or_unspecified,unverified,https://www.vlr.gg/team/12784/keepbest-gaming
52904,https://www.vlr.gg/player/52904/akeman,eae3e6fa21990604fa9943c916f8db2fb33a05c5849c12e24cdc38eeeddc3280,2026-10-06T16:02:51+00:00,11981,Dragon Ranger Gaming,Past Teams,,May 2025 – June 2026,source_month_or_unspecified,unverified,https://www.vlr.gg/team/11981/dragon-ranger-gaming
52904,https://www.vlr.gg/player/52904/akeman,eae3e6fa21990604fa9943c916f8db2fb33a05c5849c12e24cdc38eeeddc3280,2026-10-06T16:02:51+00:00,18041,I am here,Past Teams,,,source_month_or_unspecified,unverified,https://www.vlr.gg/team/18041/i-am-here
52965,https://www.vlr.gg/player/52965/oroni,9d61853a0822f9c22214f5c823bfcf73422487babc4cebf6c99d178a777c8b9b,2026-10-06T16:02:52+00:00,2036,Beşiktaş Esports,Current Teams,,,source_month_or_unspecified,unverified,https://www.vlr.gg/team/2036/be-ikta-esports
52965,https://www.vlr.gg/player/52965/oroni,9d61853a0822f9c22214f5c823bfcf73422487babc4cebf6c99d178a777c8b9b,2026-10-06T16:02:52+00:00,19218,Misa Esports,Past Teams,,Inactive from December 2025,source_month_or_unspecified,unverified,https://www.vlr.gg/team/19218/misa-esports
52965,https://www.vlr.gg/player/52965/oroni,9d61853a0822f9c22214f5c823bfcf73422487babc4cebf6c99d178a777c8b9b,2026-10-06T16:02:52+00:00,20085,Fire Flux Esports,Past Teams,,,source_month_or_unspecified,unverified,https://www.vlr.gg/team/20085/fire-flux-esports
52965,https://www.vlr.gg/player/52965/oroni,9d61853a0822f9c22214f5c823bfcf73422487babc4cebf6c99d178a777c8b9b,2026-10-06T16:02:52+00:00,4669,Digital Athletics,Past Teams,,,source_month_or_unspecified,unverified,https://www.vlr.gg/team/4669/digital-athletics
54487,https://www.vlr.gg/player/54487/xlele,32ec180825f40ba987aa025e6e99c5545ea0ee37b1ad01da923a3495873a55f3,2026-10-06T16:02:53+00:00,11328,FunPlus Phoenix,Current Teams,,joined in June 2026,source_month_or_unspecified,unverified,https://www.vlr.gg/team/11328/funplus-phoenix
54487,https://www.vlr.gg/player/54487/xlele,32ec180825f40ba987aa025e6e99c5545ea0ee37b1ad01da923a3495873a55f3,2026-10-06T16:02:53+00:00,19895,Thunder Gaming,Past Teams,,,source_month_or_unspecified,unverified,https://www.vlr.gg/team/19895/thunder-gaming
54487,https://www.vlr.gg/player/54487/xlele,32ec180825f40ba987aa025e6e99c5545ea0ee37b1ad01da923a3495873a55f3,2026-10-06T16:02:53+00:00,12685,Trace Esports,Past Teams,,May 2025 – June 2026,source_month_or_unspecified,unverified,https://www.vlr.gg/team/12685/trace-esports
55085,https://www.vlr.gg/player/55085/erv,9935e143e81ad48247b5e2c7f4ed4219ed2784c7f2050d999720bbf1e5418b49,2026-10-06T16:02:53+00:00,731,TYLOO,Current Teams,,joined in December 2025,source_month_or_unspecified,unverified,https://www.vlr.gg/team/731/tyloo
55085,https://www.vlr.gg/player/55085/erv,9935e143e81ad48247b5e2c7f4ed4219ed2784c7f2050d999720bbf1e5418b49,2026-10-06T16:02:53+00:00,9650,LANDODGERS,Past Teams,,,source_month_or_unspecified,unverified,https://www.vlr.gg/team/9650/landodgers
55495,https://www.vlr.gg/player/55495/meep,ea753533bc8929242427d97e7b266af81ed4bc6f5c1dbcbca0fd6dc159a94047,2026-10-06T16:02:54+00:00,22239,BETTR2,Past Teams,,,source_month_or_unspecified,unverified,https://www.vlr.gg/team/22239/bettr2
55495,https://www.vlr.gg/player/55495/meep,ea753533bc8929242427d97e7b266af81ed4bc6f5c1dbcbca0fd6dc159a94047,2026-10-06T16:02:54+00:00,18905,Synthesia,Past Teams,,,source_month_or_unspecified,unverified,https://www.vlr.gg/team/18905/synthesia
55495,https://www.vlr.gg/player/55495/meep,ea753533bc8929242427d97e7b266af81ed4bc6f5c1dbcbca0fd6dc159a94047,2026-10-06T16:02:54+00:00,18886,NeVaLate,Past Teams,,,source_month_or_unspecified,unverified,https://www.vlr.gg/team/18886/nevalate
55681,https://www.vlr.gg/player/55681/kozzy,981e8202a802cf8b0cdc21fb551758ebeb9665c5b3ff0dfc50a807d73cbb41a4,2026-10-06T16:02:54+00:00,14525,BRATAN MIX,Current Teams,,,source_month_or_unspecified,unverified,https://www.vlr.gg/team/14525/bratan-mix
55681,https://www.vlr.gg/player/55681/kozzy,981e8202a802cf8b0cdc21fb551758ebeb9665c5b3ff0dfc50a807d73cbb41a4,2026-10-06T16:02:54+00:00,876,Enterprise Esports,Current Teams,,joined in February 2026,source_month_or_unspecified,unverified,https://www.vlr.gg/team/876/enterprise-esports
55817,https://www.vlr.gg/player/55817/verse,f76bce3d9bc6c3d4ed714dcbe466b43d0b576223990b70e65c1d0b02187b27a1,2026-10-06T16:02:55+00:00,11981,Dragon Ranger Gaming,Current Teams,,joined in June 2026,source_month_or_unspecified,unverified,https://www.vlr.gg/team/11981/dragon-ranger-gaming
55823,https://www.vlr.gg/player/55823/ben1ley,ecaba4318bd23a1f485744667b9134e947c1b19c0c4ea96eb0e144ee84471a44,2026-10-06T16:02:56+00:00,11985,Rare Atom,Current Teams,,joined in June 2026,source_month_or_unspecified,unverified,https://www.vlr.gg/team/11985/rare-atom
55823,https://www.vlr.gg/player/55823/ben1ley,ecaba4318bd23a1f485744667b9134e947c1b19c0c4ea96eb0e144ee84471a44,2026-10-06T16:02:56+00:00,11328,FunPlus Phoenix,Past Teams,,joined in March 2026,source_month_or_unspecified,unverified,https://www.vlr.gg/team/11328/funplus-phoenix
56062,https://www.vlr.gg/player/56062/devicehp,cb6cbaa2db3706fe4476a8ae631015a49ca3aecfa6d34ed9f268bb88ce52eaf8,2026-10-06T16:02:56+00:00,23476,Cơn Lốc Hải Phòng,Current Teams,,,source_month_or_unspecified,unverified,https://www.vlr.gg/team/23476/c-n-l-c-h-i-ph-ng
56062,https://www.vlr.gg/player/56062/devicehp,cb6cbaa2db3706fe4476a8ae631015a49ca3aecfa6d34ed9f268bb88ce52eaf8,2026-10-06T16:02:56+00:00,4330,Fancy United Esports,Past Teams,,July 2026 – August 2026,source_month_or_unspecified,unverified,https://www.vlr.gg/team/4330/fancy-united-esports
56062,https://www.vlr.gg/player/56062/devicehp,cb6cbaa2db3706fe4476a8ae631015a49ca3aecfa6d34ed9f268bb88ce52eaf8,2026-10-06T16:02:56+00:00,21859,1Tap Esports,Past Teams,,joined in April 2026,source_month_or_unspecified,unverified,https://www.vlr.gg/team/21859/1tap-esports
56062,https://www.vlr.gg/player/56062/devicehp,cb6cbaa2db3706fe4476a8ae631015a49ca3aecfa6d34ed9f268bb88ce52eaf8,2026-10-06T16:02:56+00:00,16646,Blue Eyes White Dragon,Past Teams,,,source_month_or_unspecified,unverified,https://www.vlr.gg/team/16646/blue-eyes-white-dragon
58959,https://www.vlr.gg/player/58959/iamgrq,c14aa813804efdbe132b0a05ea0515f2f09aa7cdf78d3a30152ad27027c7821e,2026-10-06T16:02:57+00:00,1119,All Gamers,Current Teams,,joined in December 2025,source_month_or_unspecified,unverified,https://www.vlr.gg/team/1119/all-gamers
58959,https://www.vlr.gg/player/58959/iamgrq,c14aa813804efdbe132b0a05ea0515f2f09aa7cdf78d3a30152ad27027c7821e,2026-10-06T16:02:57+00:00,19531,Any Questions Gaming,Past Teams,,,source_month_or_unspecified,unverified,https://www.vlr.gg/team/19531/any-questions-gaming
59613,https://www.vlr.gg/player/59613/teasohot,e8b727bb5e9710fcdc5453608e0dc37bb16ce58710a42376642e8e566b4df108,2026-10-06T16:02:58+00:00,20394,Solarex,Current Teams,,,source_month_or_unspecified,unverified,https://www.vlr.gg/team/20394/solarex
60184,https://www.vlr.gg/player/60184/ninja,a20058498685fbb7fe1f1f79f4148388c3834eb48289232a8a981b4c35c2032a,2026-10-06T16:02:58+00:00,21595,Forge Esports,Past Teams,,,source_month_or_unspecified,unverified,https://www.vlr.gg/team/21595/forge-esports
60184,https://www.vlr.gg/player/60184/ninja,a20058498685fbb7fe1f1f79f4148388c3834eb48289232a8a981b4c35c2032a,2026-10-06T16:02:58+00:00,20596,SIGN Esports,Past Teams,,,source_month_or_unspecified,unverified,https://www.vlr.gg/team/20596/sign-esports
60576,https://www.vlr.gg/player/60576/ray,854484dd963967a5bb7667ef6e03b4e3d93e2e7fb805e3fa398dbe95af9c59da,2026-10-06T16:02:59+00:00,19189,ONSIDE GAMING,Past Teams,,December 2025 – September 2026,source_month_or_unspecified,unverified,https://www.vlr.gg/team/19189/onside-gaming
62291,https://www.vlr.gg/player/62291/xiesta,f9246fc940dd41ff4ce9a58d4280a141994cfd998382a33b7830c5f5023165cf,2026-10-06T16:03:00+00:00,17,Gen.G,Current Teams,,joined in February 2026,source_month_or_unspecified,unverified,https://www.vlr.gg/team/17/gen-g
62291,https://www.vlr.gg/player/62291/xiesta,f9246fc940dd41ff4ce9a58d4280a141994cfd998382a33b7830c5f5023165cf,2026-10-06T16:03:00+00:00,19189,ONSIDE GAMING,Past Teams,loan,February 2026 – September 2026,source_month_or_unspecified,unverified,https://www.vlr.gg/team/19189/onside-gaming
62764,https://www.vlr.gg/player/62764/killua,ee8b4cba28503e8c4c926cb04e99f3c416ebf94fd5bcf6a58cb0789319e86d80,2026-10-06T16:03:01+00:00,21578,GXA Null Order,Current Teams,,,source_month_or_unspecified,unverified,https://www.vlr.gg/team/21578/gxa-null-order
62879,https://www.vlr.gg/player/62879/killua,1e7a04f1727dbed5fa90a579b4ae1d02e5b478fb5cc4796cf73bdf80c4e7b69a,2026-10-06T16:03:01+00:00,21608,Ryujin eSports,Current Teams,,,source_month_or_unspecified,unverified,https://www.vlr.gg/team/21608/ryujin-esports
62914,https://www.vlr.gg/player/62914/leo,41ff19e52eb74c94b8d1b42f657b9d49d5cbcc345bb35ea4161184ee8c8da7c0,2026-10-06T16:03:02+00:00,21620,Free Agents,Current Teams,,,source_month_or_unspecified,unverified,https://www.vlr.gg/team/21620/free-agents
64029,https://www.vlr.gg/player/64029/ft,236c65044ef6518568a3bfc393feda77e663b3fe26e269449017daca6a63583f,2026-10-06T16:03:02+00:00,12010,Bilibili Gaming,Current Teams,,joined in June 2026,source_month_or_unspecified,unverified,https://www.vlr.gg/team/12010/bilibili-gaming
64029,https://www.vlr.gg/player/64029/ft,236c65044ef6518568a3bfc393feda77e663b3fe26e269449017daca6a63583f,2026-10-06T16:03:02+00:00,22049,XLB,Past Teams,,left in June 2026,source_month_or_unspecified,unverified,https://www.vlr.gg/team/22049/xlb
64969,https://www.vlr.gg/player/64969/crownfisher,c67fc2cd838545e5384f70fa79f27c0956064162fae371e751af82d50c77d098,2026-10-06T16:03:03+00:00,13576,JD Gaming,Current Teams,,joined in June 2026,source_month_or_unspecified,unverified,https://www.vlr.gg/team/13576/jd-gaming
