vlr_player_id,handle,observed_role,observed_role_scope,component_id,tier2_maps_2026,observed_regions_2026,last_observed_match_utc,last_observed_team_id,last_observed_team_name,current_team_listing_evidence,inactive_news_evidence,profile_source_url,profile_retrieved_at_utc,contract_availability,regional_eligibility,review_state
11,Zyppan,initiator,2026,7416,49,emea,2026-07-11 11:00:00,5214,CGN Esports,BRATAN MIX threetwotwo,Gentle Mates December 2024 – September 2025 Inactive from May 2025|Natus Vincere November 2022 – December 2024 Inactive from August 2024,https://www.vlr.gg/player/11/zyppan,2026-10-06T15:58:24+00:00,unverified,unverified,statistical_candidate_requires_availability_check
64,gMd,controller,2026,7416,54,americas,2026-06-27 16:00:00,16440,Alliance Guardians,,,,,unverified,unverified,statistical_candidate_requires_availability_check
114,Enzo,initiator,2026,7416,16,emea,2026-04-13 15:30:00,11232,Joblife,,,,,unverified,unverified,statistical_candidate_requires_availability_check
122,luckeRRR,duelist,2026,7416,14,emea,2026-04-26 11:00:00,15491,AKA HERO,,,,,unverified,unverified,statistical_candidate_requires_availability_check
126,NowaXxZang,controller,2026,7416,51,emea,2026-06-06 09:00:00,19391,WIP Esports,,,,,unverified,unverified,statistical_candidate_requires_availability_check
201,ALLIN,controller,2026,7416,11,emea,2026-03-28 10:00:00,18058,VINFO Esports,,,,,unverified,unverified,statistical_candidate_requires_availability_check
203,kENZ,initiator,2026,7416,11,emea,2026-03-28 10:00:00,18058,VINFO Esports,,,,,unverified,unverified,statistical_candidate_requires_availability_check
251,B1SK,duelist,2026,7416,65,emea,2026-07-09 13:45:00,4616,UCAM Esports Club,Gambot Sickrey VALORANT Magnit Market Avenue UCAM Esports Club joined in October 2025,KPI Gaming September 2021 – September 2024 Inactive from August 2024,https://www.vlr.gg/player/251/b1sk,2026-10-06T15:58:30+00:00,unverified,unverified,statistical_candidate_requires_availability_check
252,d3ffo,sentinel,2026,7416,18,pacific,2026-06-11 09:00:00,466,BOOM Esports,BOOM Esports joined in January 2026,,https://www.vlr.gg/player/252/d3ffo,2026-10-06T15:58:31+00:00,unverified,unverified,statistical_candidate_requires_availability_check
292,Fit1nho,initiator,2026,7416,58,emea,2026-07-10 14:00:00,14461,Barça eSports,,,,,unverified,unverified,statistical_candidate_requires_availability_check
301,TakaS,duelist,2026,7416,72,emea,2026-07-11 14:30:00,7967,Mandatory,,,,,unverified,unverified,statistical_candidate_requires_availability_check
309,paTiTek,controller,2026,7416,16,emea,2026-08-23 10:00:00,876,Enterprise Esports,,,,,unverified,unverified,statistical_candidate_requires_availability_check
321,chiwa,sentinel,2026,7416,68,emea,2026-07-04 11:00:00,11232,Joblife,Barbershop Sickrey VALORANT,BBL Esports October 2024 – November 2025 Inactive from June 2025,https://www.vlr.gg/player/321/chiwa,2026-10-06T15:58:33+00:00,unverified,unverified,statistical_candidate_requires_availability_check
362,Tian,duelist,2026,7416,11,emea,2026-03-28 10:00:00,18058,VINFO Esports,,,,,unverified,unverified,statistical_candidate_requires_availability_check
424,Dep,duelist,2026,7416,48,pacific,2026-07-26 01:00:00,104,REJECT,REJECT joined in December 2025,REJECT May 2020 – December 2021 Inactive from August 2021,https://www.vlr.gg/player/424/dep,2026-10-06T15:58:34+00:00,unverified,unverified,statistical_candidate_requires_availability_check
440,AKUMAAAAA,duelist,2026,7416,19,emea,2026-04-25 12:00:00,20964,Esprit Shōnen,,,,,unverified,unverified,statistical_candidate_requires_availability_check
562,zeek,initiator,2026,7416,41,emea,2026-06-07 09:00:00,10417,Formulation Gaming,,"Acend June 2021 – September 2022 Inactive from July 2022|2023/05/04 Heretics bench zeek; Weber to sub|2022/06/30 Acend bench zeek, announce trials ahead of LCQ",https://www.vlr.gg/player/562/zeek,2026-10-06T15:58:39+00:00,unverified,unverified,statistical_candidate_requires_availability_check
569,pAura,initiator,2026,7416,53,emea,2026-07-09 13:15:00,19218,Misa Esports,,,,,unverified,unverified,statistical_candidate_requires_availability_check
593,Fresht,duelist,2026,7416,34,americas,2026-06-25 18:00:00,20808,LAZER,,,,,unverified,unverified,statistical_candidate_requires_availability_check
612,mitch,initiator,2026,7416,32,americas,2026-04-06 16:00:00,21054,Evil Geniuses Academy,,,,,unverified,unverified,statistical_candidate_requires_availability_check
651,frz,initiator,2026,7416,78,americas,2026-08-20 17:00:00,15072,2Game Esports,2Game Esports joined in November 2025,,https://www.vlr.gg/player/651/frz,2026-10-06T15:58:42+00:00,unverified,unverified,statistical_candidate_requires_availability_check
662,pryze,initiator,2026,7416,37,americas,2026-07-15 19:00:00,23310,TEAM EGO,,,,,unverified,unverified,statistical_candidate_requires_availability_check
725,nzr,initiator,2026,7416,16,americas,2026-03-12 17:25:00,367,9z Globant,,,,,unverified,unverified,statistical_candidate_requires_availability_check
733,stellar,controller,2026,7416,58,americas,2026-07-09 16:00:00,5601,Nightblood Gaming,Nightblood Gaming joined in May 2026,"Benchwarmers left in July 2021|Luminosity August 2020 – August 2021 Inactive from May 2021|2021/05/25 stellar and thief moved to Luminosity bench|Nerd Street Gamers Summer Championship - Open 12 Playoffs –
																			9th–16th Benchwarmers 2021",https://www.vlr.gg/player/733/stellar,2026-10-06T15:58:45+00:00,unverified,unverified,statistical_candidate_requires_availability_check
740,aproto,controller,2026,7416,14,americas,2026-06-25 21:00:00,7269,FUSION,,,,,unverified,unverified,statistical_candidate_requires_availability_check
765,Jerk,initiator,2026,7416,15,americas,2026-04-20 19:15:00,16440,Alliance Guardians,,,,,unverified,unverified,statistical_candidate_requires_availability_check
766,Ange,controller,2026,7416,67,americas,2026-07-10 18:05:00,21049,NRG Academy,,,,,unverified,unverified,statistical_candidate_requires_availability_check
783,murizzz,controller,2026,7416,42,americas,2026-06-25 16:00:00,6946,TBK Esports,,,,,unverified,unverified,statistical_candidate_requires_availability_check
806,Moothie,controller,2026,7416,29,pacific,2026-06-27 03:00:00,21338,AGELITE,,,,,unverified,unverified,statistical_candidate_requires_availability_check
844,bdog,duelist,2026,7416,45,americas,2026-07-04 16:00:00,21054,Evil Geniuses Academy,,,,,unverified,unverified,statistical_candidate_requires_availability_check
873,Bob,initiator,2026,7416,44,americas,2026-06-24 18:50:00,11648,ROSE,,,,,unverified,unverified,statistical_candidate_requires_availability_check
893,RetrQ,duelist,2026,7416,51,americas,2026-06-24 18:50:00,11648,ROSE,,,,,unverified,unverified,statistical_candidate_requires_availability_check
985,Efina,initiator,2026,7416,17,pacific,2026-08-29 07:00:00,17,Gen.G,Gen.G joined in July 2026,T1 Academy May 2025 – November 2025 Inactive from October 2025,https://www.vlr.gg/player/985/efina,2026-10-06T15:58:52+00:00,unverified,unverified,statistical_candidate_requires_availability_check
993,Medusa,controller,2026,7416,21,pacific,2026-05-13 05:15:00,282,SCARZ,,,,,unverified,unverified,statistical_candidate_requires_availability_check
1003,Reita,controller,2026,7416,12,pacific,2026-05-13 06:30:00,11490,Murash Gaming,,,,,unverified,unverified,statistical_candidate_requires_availability_check
1023,XXiF,sentinel,2026,7416,37,americas,2026-07-04 19:15:00,22589,YFT,,,,,unverified,unverified,statistical_candidate_requires_availability_check
1089,Andersin,controller,2026,7416,47,americas,2026-06-26 19:00:00,16910,Pigeons,,,,,unverified,unverified,statistical_candidate_requires_availability_check
1155,Buld,initiator,2026,7416,65,emea,2026-07-09 13:45:00,4616,UCAM Esports Club,OldBoyz UCAM Esports Club joined in October 2025,,https://www.vlr.gg/player/1155/buld,2026-10-06T15:58:53+00:00,unverified,unverified,statistical_candidate_requires_availability_check
1281,MOLSI,controller,2026,7416,62,emea,2026-07-10 13:20:00,6882,FOKUS,,Apeks December 2023 – October 2025 Inactive from August 2025|Team Vitality November 2022 – September 2023 Inactive from August 2023|Giants Gaming May 2021 – July 2021 Inactive from July 2021,https://www.vlr.gg/player/1281/molsi,2026-10-06T15:58:55+00:00,unverified,unverified,statistical_candidate_requires_availability_check
1284,mikee,controller,2026,7416,45,emea,2026-07-08 13:30:00,10417,Formulation Gaming,,,,,unverified,unverified,statistical_candidate_requires_availability_check
1291,bnj,controller,2026,7416,24,americas,2026-04-21 15:00:00,9427,OXEN,,,,,unverified,unverified,statistical_candidate_requires_availability_check
1294,NagZ,controller,2026,7416,56,americas,2026-07-12 15:00:00,19791,KRÜ SPARK,,,,,unverified,unverified,statistical_candidate_requires_availability_check
1311,Melser,controller,2026,7416,62,americas,2026-08-22 17:00:00,22142,BESTIA,,"KRÜ Esports October 2022 – October 2025 Inactive from September 2025|LEVIATÁN November 2021 – October 2022 Inactive from September 2022|2024/07/02 KRÜ bench Klaus, mta returns to starting lineup",https://www.vlr.gg/player/1311/melser,2026-10-06T15:58:55+00:00,unverified,unverified,statistical_candidate_requires_availability_check
1328,Javiierh,initiator,2026,7416,32,americas,2026-06-25 18:00:00,2131,Chivas Esports,,,,,unverified,unverified,statistical_candidate_requires_availability_check
1369,doma,duelist,2026,7416,68,emea,2026-08-16 11:10:00,11232,Joblife,BRATAN MIX,,https://www.vlr.gg/player/1369/doma,2026-10-06T15:58:56+00:00,unverified,unverified,statistical_candidate_requires_availability_check
1395,TENNN,duelist,2026,7416,34,pacific,2026-05-13 06:30:00,11490,Murash Gaming,,,https://www.vlr.gg/player/1395/tennn,2026-10-06T15:58:56+00:00,unverified,unverified,statistical_candidate_requires_availability_check
1399,sterben,controller,2026,7416,16,emea,2026-04-26 10:30:00,21743,Eternal Fire Passion,Trigon Titans Eternal Fire Passion,,https://www.vlr.gg/player/1399/sterben,2026-10-06T15:58:57+00:00,unverified,unverified,statistical_candidate_requires_availability_check
1427,Redgar,initiator,2026,7416,61,emea,2026-07-09 11:00:00,17945,MIR,Gambot MIR joined in December 2025 Inactive from September 2026,"MIR joined in December 2025 Inactive from September 2026|GIANTX December 2023 – October 2024 Inactive from June 2024|2024/06/30 GIANTX bench Redgar, Famsii to step in",https://www.vlr.gg/player/1427/redgar,2026-10-06T15:58:58+00:00,unverified,unverified,statistical_candidate_requires_availability_check
1437,YESicaN,initiator,2026,7416,38,pacific,2026-07-10 04:00:00,4330,Fancy United Esports,,,,,unverified,unverified,statistical_candidate_requires_availability_check
1470,SimonD4rk,duelist,2026,7416,23,emea,2026-06-25 11:00:00,16598,AlQadsiah Esports,Sickrey VALORANT Magnit Market,DSYRE joined in May 2022 Inactive from October 2022,https://www.vlr.gg/player/1470/simond4rk,2026-10-06T15:59:00+00:00,unverified,unverified,statistical_candidate_requires_availability_check
1475,kamyk,controller,2026,7416,68,emea,2026-08-16 11:10:00,11232,Joblife,Joblife joined in December 2025 Inactive from September 2026,Joblife joined in December 2025 Inactive from September 2026|Team Liquid November 2024 – March 2025 Inactive from March 2025|FNATIC January 2023 – October 2023 Inactive from September 2023|UCAM Esports Club September 2022 – January 2023 Inactive from October 2022|2025/03/19 kamyk becomes a Gentle Mate as RobbieBK moves to the bench,https://www.vlr.gg/player/1475/kamyk,2026-10-06T15:59:00+00:00,unverified,unverified,statistical_candidate_requires_availability_check
1524,H1ber,initiator,2026,7416,58,emea,2026-08-12 11:00:00,12694,Gentle Mates,,,,,unverified,unverified,statistical_candidate_requires_availability_check
1533,Derrek,initiator,2026,7416,66,americas,2026-07-09 19:30:00,6985,QoR,,Evil Geniuses January 2024 – November 2025 Inactive from October 2025,https://www.vlr.gg/player/1533/derrek,2026-10-06T15:59:01+00:00,unverified,unverified,statistical_candidate_requires_availability_check
1566,prozin,duelist,2026,7416,20,americas,2026-07-07 16:00:00,1124,RED Canids,Next,,https://www.vlr.gg/player/1566/prozin,2026-10-06T15:59:02+00:00,unverified,unverified,statistical_candidate_requires_availability_check
1575,qck,duelist,2026,7416,75,americas,2026-08-20 17:00:00,15072,2Game Esports,,LOUD November 2023 – May 2024 Inactive from May 2024,https://www.vlr.gg/player/1575/qck,2026-10-06T15:59:02+00:00,unverified,unverified,statistical_candidate_requires_availability_check
1578,shion,initiator,2026,7416,44,americas,2026-06-28 16:00:00,16068,F4TALITY,,,,,unverified,unverified,statistical_candidate_requires_availability_check
1581,GuhRVN,controller,2026,7416,58,americas,2026-07-10 16:00:00,19265,Team Solid,,,,,unverified,unverified,statistical_candidate_requires_availability_check
1586,v1nny,initiator,2026,7416,46,americas,2026-06-25 18:40:00,18622,ELEVATE,,,,,unverified,unverified,statistical_candidate_requires_availability_check
1615,Destrian,controller,2026,7416,31,emea,2026-06-05 09:00:00,18494,F9 EICAR,,,,,unverified,unverified,statistical_candidate_requires_availability_check
1618,SpYzera,controller,2026,7416,23,emea,2026-06-25 11:00:00,16598,AlQadsiah Esports,,,https://www.vlr.gg/player/1618/spyzera,2026-10-06T15:59:03+00:00,unverified,unverified,statistical_candidate_requires_availability_check
1671,kon4n,initiator,2026,7416,42,americas,2026-06-25 16:00:00,6946,TBK Esports,,,,,unverified,unverified,statistical_candidate_requires_availability_check
1835,elllement,sentinel,2026,7416,35,emea,2026-07-10 11:00:00,17177,Pixel Lumina,,,,,unverified,unverified,statistical_candidate_requires_availability_check
1971,oitaN,controller,2026,7416,42,pacific,2026-07-24 23:30:00,6869,IGZIST,,,,,unverified,unverified,statistical_candidate_requires_availability_check
2119,renz,duelist,2026,7416,67,americas,2026-07-10 18:05:00,21049,NRG Academy,,,,,unverified,unverified,statistical_candidate_requires_availability_check
2164,Paincakes,initiator,2026,7416,44,americas,2026-08-29 20:00:00,5248,Evil Geniuses,Evil Geniuses joined in May 2026,"2026/05/07 Evil Geniuses overhaul roster, bench three in favor of fresh faces",https://www.vlr.gg/player/2164/paincakes,2026-10-06T15:59:08+00:00,unverified,unverified,statistical_candidate_requires_availability_check
2173,MAGNUM,sentinel,2026,7416,68,emea,2026-08-23 10:00:00,876,Enterprise Esports,Enterprise Esports joined in January 2026 Inactive from September 2026,Enterprise Esports joined in January 2026 Inactive from September 2026|BBL Esports March 2025 – November 2025 Inactive from September 2025|Karmine Corp December 2023 – November 2024 Inactive from September 2024|KOI June 2022 – January 2023 Inactive from October 2022|FNATIC April 2021 – June 2022 Inactive from April 2022,https://www.vlr.gg/player/2173/magnum,2026-10-06T15:59:10+00:00,unverified,unverified,statistical_candidate_requires_availability_check
2252,Anq,controller,2026,7416,51,pacific,2026-06-28 02:30:00,3713,S8UL Esports,,,,,unverified,unverified,statistical_candidate_requires_availability_check
2256,Jady,initiator,2026,7416,30,emea,2026-07-11 11:00:00,5214,CGN Esports,,,,,unverified,unverified,statistical_candidate_requires_availability_check
2333,BORKUM,controller,2026,7416,31,pacific,2026-06-11 07:00:00,22344,Looking For Home,,,,,unverified,unverified,statistical_candidate_requires_availability_check
2366,aLerT,controller,2026,7416,55,pacific,2026-08-20 07:00:00,17167,Xipto Esports,,,,,unverified,unverified,statistical_candidate_requires_availability_check
2408,tuyz,controller,2026,7416,52,americas,2026-08-20 19:30:00,23141,Fluxo W7M,Fluxo W7M joined in August 2026,FURIA May 2025 – October 2025 Inactive from September 2025|TBK Esports left in November 2022 Inactive from October 2022,https://www.vlr.gg/player/2408/tuyz,2026-10-06T15:59:11+00:00,unverified,unverified,statistical_candidate_requires_availability_check
2431,basya,sentinel,2026,7416,11,emea,2026-04-28 14:00:00,13161,NOVO Esports,,,,,unverified,unverified,statistical_candidate_requires_availability_check
2432,moner,controller,2026,7416,11,emea,2026-04-28 14:00:00,13161,NOVO Esports,,,,,unverified,unverified,statistical_candidate_requires_availability_check
2486,pollo,sentinel,2026,7416,44,americas,2026-06-28 16:00:00,16068,F4TALITY,,,,,unverified,unverified,statistical_candidate_requires_availability_check
2511,TENSAI,initiator,2026,7416,10,pacific,2026-02-04 04:30:00,11233,BC SWELL,,,,,unverified,unverified,statistical_candidate_requires_availability_check
2525,szimpli,duelist,2026,7416,35,emea,2026-07-10 11:00:00,17177,Pixel Lumina,,,,,unverified,unverified,statistical_candidate_requires_availability_check
2567,liazzi,duelist,2026,7416,58,americas,2026-07-10 16:00:00,19265,Team Solid,,,,,unverified,unverified,statistical_candidate_requires_availability_check
2570,roxie,initiator,2026,7416,28,emea,2026-06-06 13:00:00,20963,Galions,,,,,unverified,unverified,statistical_candidate_requires_availability_check
2585,tinchoff,controller,2026,7416,26,americas,2026-03-20 16:00:00,1124,RED Canids,,,,,unverified,unverified,statistical_candidate_requires_availability_check
2610,Klaus,initiator,2026,7416,32,americas,2026-06-24 15:00:00,9427,OXEN,Next,"KRÜ Esports January 2021 – August 2024 Inactive from July 2024|2024/07/02 KRÜ bench Klaus, mta returns to starting lineup",https://www.vlr.gg/player/2610/klaus,2026-10-06T15:59:13+00:00,unverified,unverified,statistical_candidate_requires_availability_check
2615,CLZ,sentinel,2026,7416,43,pacific,2026-07-25 03:20:00,2934,FENNEL,,ZETA DIVISION October 2024 – October 2025 Inactive from September 2025,https://www.vlr.gg/player/2615/clz,2026-10-06T15:59:14+00:00,unverified,unverified,statistical_candidate_requires_availability_check
2617,Leare,controller,2026,7416,35,emea,2026-07-10 11:00:00,17177,Pixel Lumina,,,,,unverified,unverified,statistical_candidate_requires_availability_check
2622,Newzera,initiator,2026,7416,19,emea,2026-04-25 12:00:00,20964,Esprit Shōnen,,,,,unverified,unverified,statistical_candidate_requires_availability_check
2625,sh1n,controller,2026,7416,72,emea,2026-07-11 14:30:00,7967,Mandatory,,,,,unverified,unverified,statistical_candidate_requires_availability_check
2653,Jesse,controller,2026,7416,65,emea,2026-08-13 14:00:00,14419,GIANTX,,Twisted Minds left in December 2025 Inactive from November 2025|Giants Gaming January 2022 – November 2022 Inactive from October 2022,https://www.vlr.gg/player/2653/jesse,2026-10-06T15:59:14+00:00,unverified,unverified,statistical_candidate_requires_availability_check
2671,popogachi,duelist,2026,7416,42,pacific,2026-07-24 23:30:00,6869,IGZIST,,,,,unverified,unverified,statistical_candidate_requires_availability_check
2690,hoody,initiator,2026,7416,51,emea,2026-06-06 09:00:00,19391,WIP Esports,,,,,unverified,unverified,statistical_candidate_requires_availability_check
2700,jas,duelist,2026,7416,16,emea,2026-06-04 13:30:00,17179,DNSTY,,,,,unverified,unverified,statistical_candidate_requires_availability_check
2701,maniek,duelist,2026,7416,23,emea,2026-05-04 13:30:00,15009,Falke Esports,,,,,unverified,unverified,statistical_candidate_requires_availability_check
2753,BandiCoot,controller,2026,7416,17,americas,2026-04-13 18:00:00,20784,LYON,,,,,unverified,unverified,statistical_candidate_requires_availability_check
2818,neto,duelist,2026,7416,41,americas,2026-06-24 15:00:00,9427,OXEN,,,,,unverified,unverified,statistical_candidate_requires_availability_check
2864,ease,controller,2026,7416,23,emea,2026-05-04 13:30:00,15009,Falke Esports,,,,,unverified,unverified,statistical_candidate_requires_availability_check
2909,alca,initiator,2026,7416,53,americas,2026-07-05 17:30:00,20209,University War,,,,,unverified,unverified,statistical_candidate_requires_availability_check
2931,vaiZ,sentinel,2026,7416,45,americas,2026-06-24 15:00:00,16971,ShindeN,,,,,unverified,unverified,statistical_candidate_requires_availability_check
2968,jPacheco,controller,2026,7416,27,americas,2026-03-25 20:00:00,7269,FUSION,,,,,unverified,unverified,statistical_candidate_requires_availability_check
3007,tdawgg,initiator,2026,7416,53,americas,2026-06-27 16:00:00,16440,Alliance Guardians,,,https://www.vlr.gg/player/3007/tdawgg,2026-10-06T15:59:16+00:00,unverified,unverified,statistical_candidate_requires_availability_check
3063,meL,controller,2026,7416,14,americas,2026-04-06 16:00:00,14278,Shopify Rebellion Gold,,,,,unverified,unverified,statistical_candidate_requires_availability_check
3079,alexis,initiator,2026,7416,20,americas,2026-05-11 16:00:00,14278,Shopify Rebellion Gold,,,,,unverified,unverified,statistical_candidate_requires_availability_check
3127,MONSTEERR,sentinel,2026,7416,48,emea,2026-08-22 10:00:00,14478,Eintracht Frankfurt,,,,,unverified,unverified,statistical_candidate_requires_availability_check
3157,gaabxx,initiator,2026,7416,10,americas,2026-07-30 18:00:00,15072,2Game Esports,,,,,unverified,unverified,statistical_candidate_requires_availability_check
3169,Zap,initiator,2026,7416,42,americas,2026-06-25 16:00:00,6946,TBK Esports,,,,,unverified,unverified,statistical_candidate_requires_availability_check
3227,ScrewFace,duelist,2026,7416,48,americas,2026-06-25 21:00:00,7269,FUSION,,,,,unverified,unverified,statistical_candidate_requires_availability_check
3277,Harshhh,initiator,2026,7416,11,pacific,2026-03-10 09:30:00,21626,Full on Tp,,,,,unverified,unverified,statistical_candidate_requires_availability_check
3401,PTC,controller,2026,7416,32,pacific,2026-08-23 04:00:00,623,Sharper Esports,Sharper Esports joined in January 2026,,https://www.vlr.gg/player/3401/ptc,2026-10-06T15:59:19+00:00,unverified,unverified,statistical_candidate_requires_availability_check
3424,Siduzord,initiator,2026,7416,52,americas,2026-06-27 16:00:00,21089,INTZ,,,,,unverified,unverified,statistical_candidate_requires_availability_check
3455,Zanatsu,duelist,2026,7416,48,americas,2026-08-20 19:30:00,23141,Fluxo W7M,,,,,unverified,unverified,statistical_candidate_requires_availability_check
3480,theDoctorr,controller,2026,7416,11,pacific,2026-02-13 06:00:00,20988,Zirca,,,,,unverified,unverified,statistical_candidate_requires_availability_check
3582,keloqz,duelist,2026,7416,19,emea,2026-04-25 12:00:00,20964,Esprit Shōnen,,,,,unverified,unverified,statistical_candidate_requires_availability_check
3626,Lightningfast,controller,2026,7416,64,pacific,2026-07-08 06:30:00,22341,No Salary Peek,,,,,unverified,unverified,statistical_candidate_requires_availability_check
3627,hellff,initiator,2026,7416,64,pacific,2026-07-08 06:30:00,22341,No Salary Peek,,,,,unverified,unverified,statistical_candidate_requires_availability_check
3639,Hoax,initiator,2026,7416,47,pacific,2026-06-27 06:15:00,17180,Revenant XSpark,,,,,unverified,unverified,statistical_candidate_requires_availability_check
3674,iluri,initiator,2026,7416,68,emea,2026-08-23 10:00:00,876,Enterprise Esports,,,,,unverified,unverified,statistical_candidate_requires_availability_check
3685,flyuh,initiator,2026,7416,71,americas,2026-07-09 19:30:00,6985,QoR,,"Moist x Shopify September 2023 – November 2024 Inactive from September 2024|FaZe Clan January 2022 – February 2023 Inactive from September 2022|2022/05/18 FaZe bench Poach, reactivate flyuh",https://www.vlr.gg/player/3685/flyuh,2026-10-06T15:59:22+00:00,unverified,unverified,statistical_candidate_requires_availability_check
3702,sym,duelist,2026,7416,11,americas,2026-02-02 16:00:00,10448,Winthrop University,,,,,unverified,unverified,statistical_candidate_requires_availability_check
3826,adverso,initiator,2026,7416,45,americas,2026-06-24 15:00:00,16971,ShindeN,,,,,unverified,unverified,statistical_candidate_requires_availability_check
3828,Tacolilla,duelist,2026,7416,62,americas,2026-08-22 17:00:00,22142,BESTIA,,LEVIATÁN November 2021 – October 2023 Inactive from September 2023,https://www.vlr.gg/player/3828/tacolilla,2026-10-06T15:59:24+00:00,unverified,unverified,statistical_candidate_requires_availability_check
3839,Prti,controller,2026,7416,62,emea,2026-06-29 13:30:00,17297,Team Liquid Academy,,,,,unverified,unverified,statistical_candidate_requires_availability_check
3862,DeepMans,initiator,2026,7416,31,emea,2026-06-05 09:00:00,18494,F9 EICAR,,,,,unverified,unverified,statistical_candidate_requires_availability_check
4038,Bangnan,duelist,2026,7416,30,pacific,2026-05-13 05:55:00,21367,REIGNITE FOXX,,,https://www.vlr.gg/player/4038/bangnan,2026-10-06T15:59:28+00:00,unverified,unverified,statistical_candidate_requires_availability_check
4059,rolex,controller,2026,7416,13,pacific,2026-03-26 06:15:00,9749,DRX Academy,,,,,unverified,unverified,statistical_candidate_requires_availability_check
4095,SkRossi,sentinel,2026,7416,51,pacific,2026-06-28 02:30:00,3713,S8UL Esports,,,,,unverified,unverified,statistical_candidate_requires_availability_check
4122,Persia,controller,2026,7416,33,pacific,2026-07-26 01:00:00,104,REJECT,REJECT joined in May 2026 Inactive from September 2026,REJECT joined in May 2026 Inactive from September 2026|BC SWELL joined in November 2023 Inactive from February 2024,https://www.vlr.gg/player/4122/persia,2026-10-06T15:59:30+00:00,unverified,unverified,statistical_candidate_requires_availability_check
4127,Felix,initiator,2026,7416,16,pacific,2026-03-25 04:00:00,15744,FEARX,,,,,unverified,unverified,statistical_candidate_requires_availability_check
4163,alain,initiator,2026,7416,11,emea,2026-04-28 14:00:00,13161,NOVO Esports,,,,,unverified,unverified,statistical_candidate_requires_availability_check
4244,YaBoiLewis,initiator,2026,7416,46,emea,2026-07-10 13:20:00,6882,FOKUS,UK Warriors Barbershop,,https://www.vlr.gg/player/4244/yaboilewis,2026-10-06T15:59:32+00:00,unverified,unverified,statistical_candidate_requires_availability_check
4325,musashi,initiator,2026,7416,48,emea,2026-08-22 10:00:00,14478,Eintracht Frankfurt,,,,,unverified,unverified,statistical_candidate_requires_availability_check
4329,Vince,controller,2026,7416,49,emea,2026-07-11 11:00:00,5214,CGN Esports,,,,,unverified,unverified,statistical_candidate_requires_availability_check
4385,monSi,controller,2026,7416,37,americas,2026-05-26 16:00:00,5601,Nightblood Gaming,,,,,unverified,unverified,statistical_candidate_requires_availability_check
4477,LOB,duelist,2026,7416,10,pacific,2026-02-04 04:30:00,11233,BC SWELL,,,,,unverified,unverified,statistical_candidate_requires_availability_check
4519,Kamisseq,duelist,2026,7416,13,emea,2026-07-10 11:00:00,17177,Pixel Lumina,,,,,unverified,unverified,statistical_candidate_requires_availability_check
4521,UNFAKE,initiator,2026,7416,52,emea,2026-08-16 11:10:00,11232,Joblife,BRATAN MIX,Team Queso May 2021 – September 2023 Inactive from July 2023,https://www.vlr.gg/player/4521/unfake,2026-10-06T15:59:35+00:00,unverified,unverified,statistical_candidate_requires_availability_check
4525,Stix,initiator,2026,7416,31,emea,2026-07-10 11:00:00,17177,Pixel Lumina,,,,,unverified,unverified,statistical_candidate_requires_availability_check
4540,Sferon,controller,2026,7416,28,emea,2026-06-04 13:30:00,15027,FULL BOX 200,,,,,unverified,unverified,statistical_candidate_requires_availability_check
4589,Burzzy,controller,2026,7416,53,emea,2026-07-09 13:15:00,19218,Misa Esports,,,,,unverified,unverified,statistical_candidate_requires_availability_check
4613,JohnieBoy,initiator,2026,7416,25,emea,2026-06-05 09:00:00,17985,BAAM Esports,,,,,unverified,unverified,statistical_candidate_requires_availability_check
4614,Madaô,controller,2026,7416,35,emea,2026-07-08 13:30:00,13589,Ghools Esports,,,,,unverified,unverified,statistical_candidate_requires_availability_check
4615,Syratch,initiator,2026,7416,25,emea,2026-06-05 09:00:00,17985,BAAM Esports,,,,,unverified,unverified,statistical_candidate_requires_availability_check
4629,azury,initiator,2026,7416,48,emea,2026-08-22 10:00:00,14478,Eintracht Frankfurt,,,,,unverified,unverified,statistical_candidate_requires_availability_check
4663,JoXJo,initiator,2026,7416,49,pacific,2026-07-05 03:00:00,14375,RIDDLE ORDER,,,,,unverified,unverified,statistical_candidate_requires_availability_check
4664,GangPin,controller,2026,7416,43,pacific,2026-07-25 03:20:00,2934,FENNEL,,,,,unverified,unverified,statistical_candidate_requires_availability_check
4763,ZiXuan,unknown,2026,7416,14,china,2026-04-25 04:00:00,12785,Octagonal Disposition Gaming,,,,,unverified,unverified,statistical_candidate_requires_availability_check
4828,NiSMO,initiator,2026,7416,44,americas,2026-08-19 19:20:00,11001,M80,M80 joined in March 2026,,https://www.vlr.gg/player/4828/nismo,2026-10-06T15:59:42+00:00,unverified,unverified,statistical_candidate_requires_availability_check
4892,MerSa,initiator,2026,7416,41,emea,2026-07-08 13:30:00,2036,Beşiktaş Esports,Beşiktaş Esports joined in December 2025,Galatasaray Esports March 2025 – June 2025 Inactive from May 2025,https://www.vlr.gg/player/4892/mersa,2026-10-06T15:59:46+00:00,unverified,unverified,statistical_candidate_requires_availability_check
4894,JN3v1cEEE,initiator,2026,7416,18,emea,2026-04-14 11:00:00,20879,VR2,,,,,unverified,unverified,statistical_candidate_requires_availability_check
4917,Kaoticc,duelist,2026,7416,45,americas,2026-06-18 16:00:00,21053,Azure Dragon Gaming,,,,,unverified,unverified,statistical_candidate_requires_availability_check
4927,NaturE,initiator,2026,7416,94,americas,2026-07-30 18:00:00,9353,Shopify Rebellion Black,Shopify Rebellion Black joined in January 2026 Inactive from September 2026,Shopify Rebellion Black joined in January 2026 Inactive from September 2026|Evil Geniuses January 2024 – December 2025 Inactive from November 2025,https://www.vlr.gg/player/4927/nature,2026-10-06T15:59:46+00:00,unverified,unverified,statistical_candidate_requires_availability_check
4969,Shazeon,initiator,2026,7416,27,emea,2026-06-05 09:00:00,8826,ALTERNATE aTTaX,,,,,unverified,unverified,statistical_candidate_requires_availability_check
5004,nataNk,sentinel,2026,7416,72,emea,2026-07-11 14:30:00,7967,Mandatory,Pixel Lumina,KOI May 2025 – October 2025 Inactive from September 2025|LEVIATÁN December 2024 – May 2025 Inactive from March 2025|Team Vitality May 2022 – October 2022 Inactive from September 2022,https://www.vlr.gg/player/5004/natank,2026-10-06T15:59:47+00:00,unverified,unverified,statistical_candidate_requires_availability_check
5006,NRK,controller,2026,7416,18,emea,2026-04-26 09:00:00,15828,Caldya Esport,,,,,unverified,unverified,statistical_candidate_requires_availability_check
5009,LOVE,duelist,2026,7416,37,pacific,2026-06-05 05:30:00,21627,Leosun Esports,,,,,unverified,unverified,statistical_candidate_requires_availability_check
5035,Blahst,controller,2026,7416,21,americas,2026-03-12 16:00:00,11648,ROSE,,,,,unverified,unverified,statistical_candidate_requires_availability_check
5093,Logan,controller,2026,7416,26,americas,2026-05-04 19:00:00,5038,YFP,,,,,unverified,unverified,statistical_candidate_requires_availability_check
5166,CHAROD,sentinel,2026,7416,39,americas,2026-06-24 18:50:00,11648,ROSE,,,,,unverified,unverified,statistical_candidate_requires_availability_check
5199,Guardy,initiator,2026,7416,58,emea,2026-07-10 14:00:00,14461,Barça eSports,,,,,unverified,unverified,statistical_candidate_requires_availability_check
5228,Minimise,initiator,2026,7416,30,pacific,2026-07-09 04:00:00,22282,Yi-Jing,,,,,unverified,unverified,statistical_candidate_requires_availability_check
5342,duhT,controller,2026,7416,49,americas,2026-06-28 16:00:00,16068,F4TALITY,,,,,unverified,unverified,statistical_candidate_requires_availability_check
5351,RgLMeister,controller,2026,7416,46,americas,2026-07-07 16:00:00,1124,RED Canids,Next,,https://www.vlr.gg/player/5351/rglmeister,2026-10-06T15:59:51+00:00,unverified,unverified,statistical_candidate_requires_availability_check
5476,Minty,controller,2026,7416,49,pacific,2026-07-05 03:00:00,14375,RIDDLE ORDER,,,,,unverified,unverified,statistical_candidate_requires_availability_check
5477,Leon,sentinel,2026,7416,22,emea,2026-06-04 13:30:00,11829,eSports Cologne,,,,,unverified,unverified,statistical_candidate_requires_availability_check
5498,Kipperman,duelist,2026,7416,31,emea,2026-06-05 09:00:00,18494,F9 EICAR,,,,,unverified,unverified,statistical_candidate_requires_availability_check
5500,Docent,controller,2026,7416,34,emea,2026-06-25 11:00:00,2036,Beşiktaş Esports,Beşiktaş Esports joined in December 2025,Galatasaray Esports January 2022 – December 2024 Inactive from August 2024,https://www.vlr.gg/player/5500/docent,2026-10-06T15:59:52+00:00,unverified,unverified,statistical_candidate_requires_availability_check
5540,mw1,duelist,2026,7416,11,pacific,2026-03-10 09:30:00,21626,Full on Tp,,,,,unverified,unverified,statistical_candidate_requires_availability_check
5564,DeadInk,duelist,2026,7416,58,emea,2026-08-28 12:30:00,20085,Fire Flux Esports,,,,,unverified,unverified,statistical_candidate_requires_availability_check
5593,Luc1d,controller,2026,7416,15,emea,2026-04-26 11:00:00,15491,AKA HERO,,,,,unverified,unverified,statistical_candidate_requires_availability_check
5599,KHaaLiD,initiator,2026,7416,21,emea,2026-06-25 11:00:00,16598,AlQadsiah Esports,,,,,unverified,unverified,statistical_candidate_requires_availability_check
5722,prince,initiator,2026,7416,29,americas,2026-04-09 16:00:00,19213,Remo Esports,,,,,unverified,unverified,statistical_candidate_requires_availability_check
5795,sickrey,sentinel,2026,7416,23,emea,2026-06-25 11:00:00,16598,AlQadsiah Esports,Sickrey VALORANT,Twisted Minds February 2025 – December 2025 Inactive from November 2025,https://www.vlr.gg/player/5795/sickrey,2026-10-06T15:59:57+00:00,unverified,unverified,statistical_candidate_requires_availability_check
5810,kryo,controller,2026,7416,25,emea,2026-06-04 13:30:00,15027,FULL BOX 200,,,,,unverified,unverified,statistical_candidate_requires_availability_check
5886,Flaring,controller,2026,7416,21,pacific,2026-03-29 07:00:00,18117,Motiv Esports,,,,,unverified,unverified,statistical_candidate_requires_availability_check
5927,Anoxai,duelist,2026,7416,11,emea,2026-04-28 14:00:00,13161,NOVO Esports,,,,,unverified,unverified,statistical_candidate_requires_availability_check
6195,lz,controller,2026,7416,61,americas,2026-07-15 19:00:00,23310,TEAM EGO,,,,,unverified,unverified,statistical_candidate_requires_availability_check
6202,guuih,controller,2026,7416,52,americas,2026-06-27 16:00:00,21089,INTZ,,,,,unverified,unverified,statistical_candidate_requires_availability_check
6238,Urango,initiator,2026,7416,46,americas,2026-07-07 16:00:00,1124,RED Canids,RED Canids joined in January 2026,FURIA May 2025 – November 2025 Inactive from October 2025,https://www.vlr.gg/player/6238/urango,2026-10-06T16:00:01+00:00,unverified,unverified,statistical_candidate_requires_availability_check
6437,Dark3st,initiator,2026,7416,57,americas,2026-07-04 16:00:00,21054,Evil Geniuses Academy,,,,,unverified,unverified,statistical_candidate_requires_availability_check
6503,Sand,sentinel,2026,7416,15,emea,2026-06-23 11:00:00,16598,AlQadsiah Esports,,,,,unverified,unverified,statistical_candidate_requires_availability_check
6505,RockeT,duelist,2026,7416,13,emea,2026-06-04 09:30:00,1471,Team RA'AD,,,,,unverified,unverified,statistical_candidate_requires_availability_check
6582,neT,initiator,2026,7416,25,americas|emea,2026-08-13 14:00:00,14419,GIANTX,,,,,unverified,unverified,statistical_candidate_requires_availability_check
6642,Wildfire,controller,2026,7416,26,americas,2026-06-27 16:00:00,16440,Alliance Guardians,,,,,unverified,unverified,statistical_candidate_requires_availability_check
6700,Anthem,initiator,2026,7416,43,pacific,2026-07-25 03:20:00,2934,FENNEL,,,,,unverified,unverified,statistical_candidate_requires_availability_check
6702,bazz,controller,2026,7416,41,pacific,2026-07-05 07:15:00,294,CREST GAMING Zst,,,https://www.vlr.gg/player/6702/bazz,2026-10-06T16:00:02+00:00,unverified,unverified,statistical_candidate_requires_availability_check
6742,bbx,duelist,2026,7416,11,emea,2026-06-05 09:00:00,8945,One More Esports,,,,,unverified,unverified,statistical_candidate_requires_availability_check
6998,nvrfear,initiator,2026,7416,14,emea,2026-06-06 13:00:00,16629,Twisted Saints Esports,,,,,unverified,unverified,statistical_candidate_requires_availability_check
7043,NcSlasher,initiator,2026,7416,18,pacific,2026-06-11 09:00:00,466,BOOM Esports,BOOM Esports joined in September 2023,,https://www.vlr.gg/player/7043/ncslasher,2026-10-06T16:00:05+00:00,unverified,unverified,statistical_candidate_requires_availability_check
7049,natz,sentinel,2026,7416,18,pacific,2026-08-19 04:00:00,6199,Team Secret,Team Secret joined in July 2026,Alter Ego left in June 2023 Inactive from March 2023,https://www.vlr.gg/player/7049/natz,2026-10-06T16:00:06+00:00,unverified,unverified,statistical_candidate_requires_availability_check
7107,neveR,duelist,2026,7416,38,emea,2026-05-06 11:00:00,12355,Bitfix Gaming,,,,,unverified,unverified,statistical_candidate_requires_availability_check
7162,wackie,sentinel,2026,7416,28,emea,2026-06-06 13:00:00,20963,Galions,,,,,unverified,unverified,statistical_candidate_requires_availability_check
7173,soren,sentinel,2026,7416,38,emea,2026-07-08 13:30:00,18025,La Masia,,,,,unverified,unverified,statistical_candidate_requires_availability_check
7176,askoo,controller,2026,7416,22,emea,2026-06-04 13:30:00,15477,Nuxeria Esport,,,,,unverified,unverified,statistical_candidate_requires_availability_check
7220,Saiz,sentinel,2026,7416,35,emea,2026-06-06 13:00:00,17979,Otakar Esports,,,,,unverified,unverified,statistical_candidate_requires_availability_check
7231,kya,initiator,2026,7416,12,emea,2026-04-06 11:00:00,17177,Pixel Lumina,,,,,unverified,unverified,statistical_candidate_requires_availability_check
7353,glovee,initiator,2026,7416,16,emea,2026-04-26 10:30:00,21743,Eternal Fire Passion,Eternal Fire Passion,Papara SuperMassive January 2022 – September 2022 Inactive from August 2022|Oxygen Esports March 2021 – January 2022 Inactive from December 2021,https://www.vlr.gg/player/7353/glovee,2026-10-06T16:00:07+00:00,unverified,unverified,statistical_candidate_requires_availability_check
7405,Jremy,duelist,2026,7416,50,pacific,2026-07-26 01:00:00,104,REJECT,REJECT joined in September 2025,Team Secret January 2022 – August 2025 Inactive from May 2025|2025/05/14 Team Secret benches Jremy,https://www.vlr.gg/player/7405/jremy,2026-10-06T16:00:08+00:00,unverified,unverified,statistical_candidate_requires_availability_check
7426,Juicy,unknown,2026,7416,10,china,2026-04-26 07:00:00,19531,Any Questions Gaming,Any Questions Gaming joined in February 2026,Wolves Esports November 2024 – January 2026 Inactive from September 2025,https://www.vlr.gg/player/7426/juicy,2026-10-06T16:00:09+00:00,unverified,unverified,statistical_candidate_requires_availability_check
7458,moose,controller,2026,7416,71,americas,2026-07-09 19:30:00,6985,QoR,,"Cloud9 March 2024 – January 2025 Inactive from December 2024|2021/08/09 moose returns to Luminosity roster, ban benched",https://www.vlr.gg/player/7458/moose,2026-10-06T16:00:10+00:00,unverified,unverified,statistical_candidate_requires_availability_check
7490,aNguiSt,sentinel,2026,7416,23,emea,2026-04-28 11:00:00,10417,Formulation Gaming,,,,,unverified,unverified,statistical_candidate_requires_availability_check
7530,kimmy,duelist,2026,7416,13,americas|pacific,2026-06-26 16:00:00,21053,Azure Dragon Gaming,,,,,unverified,unverified,statistical_candidate_requires_availability_check
7580,Edw4rd,controller,2026,7416,10,pacific,2026-02-13 06:00:00,19972,MoonWish Esports,,,,,unverified,unverified,statistical_candidate_requires_availability_check
7616,Feniz,controller,2026,7416,55,americas,2026-07-09 18:00:00,20784,LYON,,,,,unverified,unverified,statistical_candidate_requires_availability_check
7618,theory,initiator,2026,7416,59,americas,2026-07-28 20:50:00,10376,Contra,,,,,unverified,unverified,statistical_candidate_requires_availability_check
7639,ezznap,controller,2026,7416,50,americas,2026-07-11 18:00:00,17252,FUEGO,,,,,unverified,unverified,statistical_candidate_requires_availability_check
7652,Tuli,duelist,2026,7416,57,americas,2026-07-10 15:00:00,367,9z Globant,,,,,unverified,unverified,statistical_candidate_requires_availability_check
7660,Fizzy,controller,2026,7416,48,emea,2026-08-22 10:00:00,14478,Eintracht Frankfurt,,,,,unverified,unverified,statistical_candidate_requires_availability_check
7745,Yoshiii,controller,2026,7416,50,pacific,2026-07-26 01:00:00,104,REJECT,REJECT joined in July 2025,,https://www.vlr.gg/player/7745/yoshiii,2026-10-06T16:00:11+00:00,unverified,unverified,statistical_candidate_requires_availability_check
7749,Nexi,sentinel,2026,7416,15,pacific,2026-07-04 04:00:00,22130,Jade Lions,,,,,unverified,unverified,statistical_candidate_requires_availability_check
7764,Lmemore,initiator,2026,7416,17,pacific,2026-06-02 07:00:00,1110,Alter Ego,,,,,unverified,unverified,statistical_candidate_requires_availability_check
7807,ValdyN,initiator,2026,7416,11,pacific,2026-02-13 06:00:00,20988,Zirca,,,,,unverified,unverified,statistical_candidate_requires_availability_check
7861,W1nner,unknown,2026,7416,11,china,2026-04-25 04:00:00,12785,Octagonal Disposition Gaming,,,,,unverified,unverified,statistical_candidate_requires_availability_check
7888,BlackWiz,controller,2026,7416,30,pacific,2026-05-13 05:55:00,21367,REIGNITE FOXX,,,,,unverified,unverified,statistical_candidate_requires_availability_check
8014,Vašek,initiator,2026,7416,30,emea,2026-06-06 09:00:00,8924,Ramboot Club,,,,,unverified,unverified,statistical_candidate_requires_availability_check
8041,Brave,initiator,2026,7416,53,emea,2026-07-09 13:15:00,19218,Misa Esports,,,,,unverified,unverified,statistical_candidate_requires_availability_check
8056,Mited,initiator,2026,7416,34,americas,2026-06-25 18:00:00,20808,LAZER,,,,,unverified,unverified,statistical_candidate_requires_availability_check
8082,zander,controller,2026,7416,94,americas,2026-07-30 18:00:00,9353,Shopify Rebellion Black,Shopify Rebellion Black joined in January 2026,100 Thieves October 2024 – November 2025 Inactive from September 2025|Version1 December 2021 – November 2022 Inactive from September 2022,https://www.vlr.gg/player/8082/zander,2026-10-06T16:00:16+00:00,unverified,unverified,statistical_candidate_requires_availability_check
8124,forkeN,controller,2026,7416,11,pacific,2026-03-10 09:30:00,21626,Full on Tp,,,,,unverified,unverified,statistical_candidate_requires_availability_check
8225,f1cio,controller,2026,7416,38,pacific,2026-07-10 04:00:00,4330,Fancy United Esports,,,,,unverified,unverified,statistical_candidate_requires_availability_check
8226,waddle,initiator,2026,7416,17,emea,2026-08-13 11:00:00,3478,PCIFIC Esports,,,,,unverified,unverified,statistical_candidate_requires_availability_check
8237,Depyro,duelist,2026,7416,13,emea,2026-06-04 09:30:00,1471,Team RA'AD,,,,,unverified,unverified,statistical_candidate_requires_availability_check
8278,KNZY,controller,2026,7416,53,americas,2026-07-05 17:30:00,20209,University War,,,,,unverified,unverified,statistical_candidate_requires_availability_check
8375,bones,controller,2026,7416,16,americas,2026-02-11 16:00:00,21053,Azure Dragon Gaming,,,,,unverified,unverified,statistical_candidate_requires_availability_check
8410,cuz,duelist,2026,7416,47,americas,2026-06-26 19:00:00,16910,Pigeons,,,,,unverified,unverified,statistical_candidate_requires_availability_check
8422,Spaz,controller,2026,7416,60,americas,2026-08-19 19:20:00,11001,M80,M80 joined in March 2026,,https://www.vlr.gg/player/8422/spaz,2026-10-06T16:00:20+00:00,unverified,unverified,statistical_candidate_requires_availability_check
8434,nabil,sentinel,2026,7416,11,americas,2026-01-29 19:00:00,5038,YFP,,,,,unverified,unverified,statistical_candidate_requires_availability_check
8440,puggy,initiator,2026,7416,28,emea,2026-06-05 09:00:00,5091,RIZON,,,,,unverified,unverified,statistical_candidate_requires_availability_check
8502,OLIZERA,sentinel,2026,7416,65,emea,2026-07-09 13:45:00,4616,UCAM Esports Club,OldBoyz UCAM Esports Club joined in January 2026,Apeks June 2025 – October 2025 Inactive from September 2025,https://www.vlr.gg/player/8502/olizera,2026-10-06T16:00:22+00:00,unverified,unverified,statistical_candidate_requires_availability_check
8582,Laz,sentinel,2026,7416,32,pacific,2026-08-23 04:00:00,623,Sharper Esports,Sharper Esports joined in January 2026,,https://www.vlr.gg/player/8582/laz,2026-10-06T16:00:24+00:00,unverified,unverified,statistical_candidate_requires_availability_check
8706,havoc,duelist,2026,7416,58,americas,2026-07-10 16:00:00,19265,Team Solid,Team Solid,FURIA October 2023 – May 2025 Inactive from May 2025,https://www.vlr.gg/player/8706/havoc,2026-10-06T16:00:25+00:00,unverified,unverified,statistical_candidate_requires_availability_check
8742,jakee,controller,2026,7416,67,americas,2026-07-04 16:00:00,21054,Evil Geniuses Academy,,,,,unverified,unverified,statistical_candidate_requires_availability_check
8746,dynamic,sentinel,2026,7416,48,americas,2026-06-28 16:00:00,21714,Division One,,,,,unverified,unverified,statistical_candidate_requires_availability_check
8790,MiniNiwde,initiator,2026,7416,50,americas,2026-06-25 18:00:00,20808,LAZER,,,,,unverified,unverified,statistical_candidate_requires_availability_check
8792,Xhowi,controller,2026,7416,51,americas,2026-06-25 18:00:00,20808,LAZER,,,,,unverified,unverified,statistical_candidate_requires_availability_check
8808,pyrolll,controller,2026,7416,14,emea,2026-04-19 09:00:00,12355,Bitfix Gaming,,Karmine Corp August 2025 – January 2026 Inactive from September 2025,https://www.vlr.gg/player/8808/pyrolll,2026-10-06T16:00:25+00:00,unverified,unverified,statistical_candidate_requires_availability_check
8834,bucher,sentinel,2026,7416,17,emea,2026-04-26 11:00:00,15491,AKA HERO,,,,,unverified,unverified,statistical_candidate_requires_availability_check
8872,mazin,initiator,2026,7416,52,americas,2026-08-20 19:30:00,23141,Fluxo W7M,,,,,unverified,unverified,statistical_candidate_requires_availability_check
8892,snw,duelist,2026,7416,42,americas,2026-06-25 16:00:00,6946,TBK Esports,,,,,unverified,unverified,statistical_candidate_requires_availability_check
8896,Loweed,duelist,2026,7416,49,americas,2026-06-28 16:00:00,16068,F4TALITY,,,,,unverified,unverified,statistical_candidate_requires_availability_check
9017,moobs,sentinel,2026,7416,55,americas,2026-07-04 16:00:00,21054,Evil Geniuses Academy,,,,,unverified,unverified,statistical_candidate_requires_availability_check
9063,infiltrator,duelist,2026,7416,24,americas,2026-07-09 19:30:00,6985,QoR,Winthrop University joined in August 2023,,https://www.vlr.gg/player/9063/infiltrator,2026-10-06T16:00:27+00:00,unverified,unverified,statistical_candidate_requires_availability_check
9094,Kess,initiator,2026,7416,55,americas,2026-07-09 18:00:00,20784,LYON,,,,,unverified,unverified,statistical_candidate_requires_availability_check
9152,Deryeon,controller,2026,7416,21,china|pacific,2026-08-09 04:00:00,13790,Wolves Esports,Wolves Esports joined in July 2026,"BLEED September 2022 – October 2024 Inactive from August 2024|2024/08/13 BLEED announce roster overhaul, bench four players",https://www.vlr.gg/player/9152/deryeon,2026-10-06T16:00:27+00:00,unverified,unverified,statistical_candidate_requires_availability_check
9185,dodonut,duelist,2026,7416,18,americas,2026-05-11 16:00:00,14278,Shopify Rebellion Gold,,,,,unverified,unverified,statistical_candidate_requires_availability_check
9192,Cloudy,initiator,2026,7416,52,pacific,2026-08-28 04:00:00,19189,ONSIDE GAMING,,,https://www.vlr.gg/player/9192/cloudy,2026-10-06T16:00:28+00:00,unverified,unverified,statistical_candidate_requires_availability_check
9202,RXFLEX,initiator,2026,7416,10,pacific,2026-02-13 06:00:00,19972,MoonWish Esports,,,,,unverified,unverified,statistical_candidate_requires_availability_check
9263,sayoo,initiator,2026,7416,43,pacific,2026-07-08 06:30:00,22341,No Salary Peek,,,,,unverified,unverified,statistical_candidate_requires_availability_check
9266,Tisora,duelist,2026,7416,52,americas,2026-06-27 16:00:00,21089,INTZ,,,,,unverified,unverified,statistical_candidate_requires_availability_check
9290,Madelyn,initiator,2026,7416,24,pacific,2026-06-27 06:15:00,17180,Revenant XSpark,,,,,unverified,unverified,statistical_candidate_requires_availability_check
9354,Cebando,controller,2026,7416,37,americas,2026-06-24 15:00:00,9427,OXEN,,,,,unverified,unverified,statistical_candidate_requires_availability_check
9508,Leosen,duelist,2026,7416,27,emea,2026-06-05 09:00:00,8826,ALTERNATE aTTaX,,,,,unverified,unverified,statistical_candidate_requires_availability_check
9530,pryxi,duelist,2026,7416,20,emea,2026-06-04 13:30:00,11829,eSports Cologne,,,,,unverified,unverified,statistical_candidate_requires_availability_check
9556,demek,duelist,2026,7416,28,emea,2026-06-05 09:00:00,11257,Szach Mat,,,,,unverified,unverified,statistical_candidate_requires_availability_check
9557,NeFi,controller,2026,7416,28,emea,2026-06-05 09:00:00,11257,Szach Mat,,,,,unverified,unverified,statistical_candidate_requires_availability_check
9558,Wolfen,sentinel,2026,7416,49,emea,2026-07-11 11:00:00,5214,CGN Esports,,,,,unverified,unverified,statistical_candidate_requires_availability_check
9571,Demiurge,sentinel,2026,7416,19,emea,2026-05-09 09:00:00,5091,RIZON,,,,,unverified,unverified,statistical_candidate_requires_availability_check
9698,MonOkson,controller,2026,7416,38,emea,2026-07-09 11:00:00,16629,Twisted Saints Esports,,,,,unverified,unverified,statistical_candidate_requires_availability_check
9735,2GE,controller,2026,7416,15,pacific,2026-07-04 04:00:00,22130,Jade Lions,,,,,unverified,unverified,statistical_candidate_requires_availability_check
9740,Wild0reoo,initiator,2026,7416,15,pacific,2026-07-04 04:00:00,22130,Jade Lions,,,,,unverified,unverified,statistical_candidate_requires_availability_check
9745,Georggyyy,duelist,2026,7416,15,pacific,2026-07-04 04:00:00,22130,Jade Lions,,,,,unverified,unverified,statistical_candidate_requires_availability_check
9747,Emman,initiator,2026,7416,17,pacific,2026-05-24 09:20:00,17167,Xipto Esports,,,,,unverified,unverified,statistical_candidate_requires_availability_check
10053,FireBallOps,sentinel,2026,7416,35,americas,2026-08-19 17:00:00,188,Cloud9,Cloud9 joined in May 2026,,https://www.vlr.gg/player/10053/fireballops,2026-10-06T16:00:33+00:00,unverified,unverified,statistical_candidate_requires_availability_check
10137,ip0TT,duelist,2026,7416,40,emea,2026-07-10 11:00:00,20085,Fire Flux Esports,,,,,unverified,unverified,statistical_candidate_requires_availability_check
10141,SnapS,initiator,2026,7416,18,emea,2026-06-05 13:00:00,20961,Bushido Wildcats,,,,,unverified,unverified,statistical_candidate_requires_availability_check
10146,reazy,controller,2026,7416,58,emea,2026-08-28 12:30:00,20085,Fire Flux Esports,,,,,unverified,unverified,statistical_candidate_requires_availability_check
10152,Padisah,sentinel,2026,7416,26,emea,2026-06-05 13:00:00,4572,Galatasaray Esports,,,,,unverified,unverified,statistical_candidate_requires_availability_check
10161,QutionerX,duelist,2026,7416,53,emea,2026-07-09 13:15:00,19218,Misa Esports,,,,,unverified,unverified,statistical_candidate_requires_availability_check
10190,GabbyDiz,controller,2026,7416,15,pacific,2026-06-11 07:00:00,22344,Looking For Home,,,,,unverified,unverified,statistical_candidate_requires_availability_check
10203,tesseract,initiator,2026,7416,28,pacific,2026-06-18 09:50:00,3136,Oasis Gaming,,,,,unverified,unverified,statistical_candidate_requires_availability_check
10217,marky,duelist,2026,7416,28,pacific,2026-06-18 09:50:00,3136,Oasis Gaming,,,,,unverified,unverified,statistical_candidate_requires_availability_check
10251,slathom999,controller,2026,7416,28,pacific,2026-06-18 09:50:00,3136,Oasis Gaming,,,,,unverified,unverified,statistical_candidate_requires_availability_check
10338,Lime,duelist,2026,7416,68,emea,2026-08-23 10:00:00,876,Enterprise Esports,,,,,unverified,unverified,statistical_candidate_requires_availability_check
10375,Braso,sentinel,2026,7416,19,emea,2026-06-04 13:30:00,14614,HGE Esport,,,,,unverified,unverified,statistical_candidate_requires_availability_check
10429,Luvjix,duelist,2026,7416,39,emea,2026-07-09 11:00:00,16629,Twisted Saints Esports,,,,,unverified,unverified,statistical_candidate_requires_availability_check
10463,Paradox,initiator,2026,7416,43,pacific,2026-05-31 07:15:00,798,The Rad Syndicate,,,,,unverified,unverified,statistical_candidate_requires_availability_check
10486,YHchen,unknown,2026,7416,11,china,2026-04-25 04:00:00,12785,Octagonal Disposition Gaming,,,,,unverified,unverified,statistical_candidate_requires_availability_check
10556,drakk,duelist,2026,7416,19,americas,2026-04-20 21:00:00,20808,LAZER,,,,,unverified,unverified,statistical_candidate_requires_availability_check
10581,Ryu,initiator,2026,7416,19,americas,2026-03-21 20:00:00,2131,Chivas Esports,,,,,unverified,unverified,statistical_candidate_requires_availability_check
10582,Panaek,duelist,2026,7416,21,americas,2026-04-20 18:00:00,21459,STREAMER ARENA,,,,,unverified,unverified,statistical_candidate_requires_availability_check
10584,Seoldam,duelist,2026,7416,49,pacific,2026-07-05 03:00:00,14375,RIDDLE ORDER,,,,,unverified,unverified,statistical_candidate_requires_availability_check
10588,hiroronn,sentinel,2026,7416,17,pacific,2026-04-09 05:45:00,104,REJECT,,,,,unverified,unverified,statistical_candidate_requires_availability_check
10627,Art,controller,2026,7416,21,pacific,2026-05-13 05:15:00,282,SCARZ,,,,,unverified,unverified,statistical_candidate_requires_availability_check
10628,Misaya,initiator,2026,7416,47,pacific,2026-08-20 04:00:00,18299,QT DIG∞,,,,,unverified,unverified,statistical_candidate_requires_availability_check
10642,Jan,controller,2026,7416,21,pacific,2026-05-08 04:00:00,15744,FEARX,,,,,unverified,unverified,statistical_candidate_requires_availability_check
10738,heyNF,initiator,2026,7416,16,pacific,2026-05-15 05:30:00,21594,KRYON ESPORTS,,,,,unverified,unverified,statistical_candidate_requires_availability_check
10739,Shiro,controller,2026,7416,18,pacific,2026-06-11 09:00:00,466,BOOM Esports,BOOM Esports joined in October 2022,,https://www.vlr.gg/player/10739/shiro,2026-10-06T16:00:36+00:00,unverified,unverified,statistical_candidate_requires_availability_check
10749,k1ngkappa,controller,2026,7416,58,pacific,2026-06-27 06:15:00,17180,Revenant XSpark,,,,,unverified,unverified,statistical_candidate_requires_availability_check
10758,Kohliii,initiator,2026,7416,58,pacific,2026-06-26 08:00:00,15685,Asterisk,,,,,unverified,unverified,statistical_candidate_requires_availability_check
10760,SmokeA,sentinel,2026,7416,33,pacific,2026-06-05 05:30:00,16411,XØ IND,,,,,unverified,unverified,statistical_candidate_requires_availability_check
10769,NOBITA,initiator,2026,7416,41,pacific,2026-07-05 07:15:00,294,CREST GAMING Zst,,,https://www.vlr.gg/player/10769/nobita,2026-10-06T16:00:37+00:00,unverified,unverified,statistical_candidate_requires_availability_check
10885,DaviH,initiator,2026,7416,31,americas|emea|international,2026-10-07 07:30:00,6961,LOUD,,,,,unverified,unverified,statistical_candidate_requires_availability_check
11046,deigara,initiator,2026,7416,28,americas,2026-06-24 15:00:00,9427,OXEN,,,,,unverified,unverified,statistical_candidate_requires_availability_check
11134,Kicks,controller,2026,7416,54,emea|international,2026-10-03 05:00:00,474,Team Liquid,Team Liquid joined in June 2026,,https://www.vlr.gg/player/11134/kicks,2026-10-06T16:00:39+00:00,unverified,unverified,statistical_candidate_requires_availability_check
11232,daiki,initiator,2026,7416,25,americas,2026-07-15 16:00:00,7055,Team Liquid Brazil,,,,,unverified,unverified,statistical_candidate_requires_availability_check
11236,antG,controller,2026,7416,27,americas,2026-06-24 18:00:00,7511,KRÜ BLAZE,,,,,unverified,unverified,statistical_candidate_requires_availability_check
11322,Sevire,controller,2026,7416,72,emea,2026-07-11 14:30:00,7967,Mandatory,,,,,unverified,unverified,statistical_candidate_requires_availability_check
11495,archiw0w,initiator,2026,7416,35,emea,2026-05-06 11:00:00,12355,Bitfix Gaming,,,,,unverified,unverified,statistical_candidate_requires_availability_check
11516,dRKY,initiator,2026,7416,26,emea,2026-07-10 11:00:00,20085,Fire Flux Esports,,,,,unverified,unverified,statistical_candidate_requires_availability_check
11578,Hotsauz,controller,2026,7416,24,pacific,2026-06-02 07:00:00,17167,Xipto Esports,,,,,unverified,unverified,statistical_candidate_requires_availability_check
11666,ray4c,duelist,2026,7416,17,pacific,2026-06-02 07:00:00,1110,Alter Ego,,,,,unverified,unverified,statistical_candidate_requires_availability_check
11696,Zoestol,controller,2026,7416,14,americas,2026-03-11 16:00:00,16278,Blue Otter,,,,,unverified,unverified,statistical_candidate_requires_availability_check
11737,Xan,duelist,2026,7416,21,pacific,2026-08-19 06:25:00,878,Rex Regum Qeon,,,https://www.vlr.gg/player/11737/xan,2026-10-06T16:00:46+00:00,unverified,unverified,statistical_candidate_requires_availability_check
12098,Kadoom,duelist,2026,7416,32,pacific,2026-08-23 04:00:00,623,Sharper Esports,Sharper Esports joined in January 2026,,https://www.vlr.gg/player/12098/kadoom,2026-10-06T16:00:48+00:00,unverified,unverified,statistical_candidate_requires_availability_check
12143,Bizerra,duelist,2026,7416,25,americas,2026-07-15 16:00:00,7055,Team Liquid Brazil,,,,,unverified,unverified,statistical_candidate_requires_availability_check
12226,sturNN,controller,2026,7416,16,emea,2026-04-26 10:30:00,21743,Eternal Fire Passion,,,,,unverified,unverified,statistical_candidate_requires_availability_check
12322,NDG,initiator,2026,7416,31,pacific,2026-06-11 07:00:00,22344,Looking For Home,,,,,unverified,unverified,statistical_candidate_requires_availability_check
12323,RvK,initiator,2026,7416,51,pacific,2026-06-28 02:30:00,3713,S8UL Esports,,,,,unverified,unverified,statistical_candidate_requires_availability_check
12474,Tag,sentinel,2026,7416,17,emea,2026-05-03 11:00:00,17179,DNSTY,,,,,unverified,unverified,statistical_candidate_requires_availability_check
12514,Spocki,initiator,2026,7416,27,emea,2026-06-05 13:00:00,20976,Dortmund eSports,,,,,unverified,unverified,statistical_candidate_requires_availability_check
12519,Ticey,initiator,2026,7416,22,emea,2026-06-04 13:30:00,17179,DNSTY,,,,,unverified,unverified,statistical_candidate_requires_availability_check
12528,disisjohn,duelist,2026,7416,25,emea,2026-06-05 09:00:00,8826,ALTERNATE aTTaX,,,,,unverified,unverified,statistical_candidate_requires_availability_check
12593,Felix,initiator,2026,7416,18,emea,2026-04-26 11:00:00,20976,Dortmund eSports,,,,,unverified,unverified,statistical_candidate_requires_availability_check
12673,Bard0lf,duelist,2026,7416,27,emea,2026-06-25 14:15:00,13589,Ghools Esports,,,,,unverified,unverified,statistical_candidate_requires_availability_check
12774,Anima,initiator,2026,7416,16,emea,2026-04-26 10:30:00,21743,Eternal Fire Passion,,,,,unverified,unverified,statistical_candidate_requires_availability_check
12872,david,sentinel,2026,7416,62,americas,2026-08-22 17:00:00,22142,BESTIA,,,https://www.vlr.gg/player/12872/david,2026-10-06T16:00:51+00:00,unverified,unverified,statistical_candidate_requires_availability_check
12932,geeza,sentinel,2026,7416,67,americas,2026-07-10 18:05:00,21049,NRG Academy,,,,,unverified,unverified,statistical_candidate_requires_availability_check
12979,MrTenzouEz,initiator,2026,7416,34,pacific,2026-05-13 06:30:00,11490,Murash Gaming,,,,,unverified,unverified,statistical_candidate_requires_availability_check
13000,RedLight,initiator,2026,7416,25,pacific,2026-07-15 04:00:00,20978,ARETE,,,,,unverified,unverified,statistical_candidate_requires_availability_check
13093,jzz,sentinel,2026,7416,52,americas,2026-08-20 19:30:00,23141,Fluxo W7M,,,,,unverified,unverified,statistical_candidate_requires_availability_check
13219,Papi,controller,2026,7416,11,pacific,2026-03-20 07:00:00,7031,NAOS,,,,,unverified,unverified,statistical_candidate_requires_availability_check
13220,JA,sentinel,2026,7416,24,pacific,2026-06-02 07:00:00,17167,Xipto Esports,,,,,unverified,unverified,statistical_candidate_requires_availability_check
13221,azys,duelist,2026,7416,24,pacific,2026-06-02 07:00:00,17167,Xipto Esports,,,,,unverified,unverified,statistical_candidate_requires_availability_check
13234,summoNN,initiator,2026,7416,11,emea,2026-06-05 09:00:00,8945,One More Esports,,,,,unverified,unverified,statistical_candidate_requires_availability_check
13274,Hazard,initiator,2026,7416,30,emea,2026-06-06 09:00:00,8924,Ramboot Club,,,,,unverified,unverified,statistical_candidate_requires_availability_check
13545,WerlasS,initiator,2026,7416,22,emea,2026-06-05 13:00:00,4572,Galatasaray Esports,,,,,unverified,unverified,statistical_candidate_requires_availability_check
13557,Zeask,duelist,2026,7416,26,emea,2026-06-05 13:00:00,4572,Galatasaray Esports,,,,,unverified,unverified,statistical_candidate_requires_availability_check
13571,musz3kk,duelist,2026,7416,23,emea,2026-05-04 13:30:00,15009,Falke Esports,,,,,unverified,unverified,statistical_candidate_requires_availability_check
13654,NoHelp,controller,2026,7416,11,emea,2026-04-28 14:00:00,13161,NOVO Esports,,,,,unverified,unverified,statistical_candidate_requires_availability_check
13754,Kouf,sentinel,2026,7416,47,americas,2026-06-26 19:00:00,16910,Pigeons,,,,,unverified,unverified,statistical_candidate_requires_availability_check
13768,S1Mon,unknown,2026,7416,10,china,2026-04-26 07:00:00,19531,Any Questions Gaming,Any Questions Gaming joined in August 2025,,https://www.vlr.gg/player/13768/s1mon,2026-10-06T16:00:55+00:00,unverified,unverified,statistical_candidate_requires_availability_check
13823,PxS,controller,2026,7416,22,americas,2026-06-27 16:00:00,21089,INTZ,,,,,unverified,unverified,statistical_candidate_requires_availability_check
13860,rubkkoide,controller,2026,7416,45,americas,2026-06-24 15:00:00,16971,ShindeN,,,,,unverified,unverified,statistical_candidate_requires_availability_check
13937,MEHA,duelist,2026,7416,17,emea,2026-05-14 12:00:00,17985,BAAM Esports,,,,,unverified,unverified,statistical_candidate_requires_availability_check
14048,zerona,controller,2026,7416,44,americas,2026-08-29 20:00:00,5248,Evil Geniuses,Evil Geniuses joined in May 2026,"2026/05/07 Evil Geniuses overhaul roster, bench three in favor of fresh faces",https://www.vlr.gg/player/14048/zerona,2026-10-06T16:00:57+00:00,unverified,unverified,statistical_candidate_requires_availability_check
14208,Kishi,controller,2026,7416,36,pacific,2026-05-15 09:30:00,17777,Homeless Gang,,,,,unverified,unverified,statistical_candidate_requires_availability_check
14213,ting2k5,duelist,2026,7416,14,pacific,2026-06-02 07:00:00,22131,ROY Esports,,,,,unverified,unverified,statistical_candidate_requires_availability_check
14366,Shniider,initiator,2026,7416,13,emea,2026-06-04 09:30:00,1471,Team RA'AD,,,,,unverified,unverified,statistical_candidate_requires_availability_check
14386,isaa,controller,2026,7416,25,americas,2026-07-15 16:00:00,7055,Team Liquid Brazil,,,,,unverified,unverified,statistical_candidate_requires_availability_check
14439,FFs,unknown,2026,7416,10,china,2026-04-26 07:00:00,19531,Any Questions Gaming,,Wolves Esports joined in January 2024 Inactive from March 2024,https://www.vlr.gg/player/14439/ffs,2026-10-06T16:00:59+00:00,unverified,unverified,statistical_candidate_requires_availability_check
14444,Eren,unknown,2026,7416,14,china,2026-08-08 04:00:00,20603,A Team,,,,,unverified,unverified,statistical_candidate_requires_availability_check
14612,lux9,duelist,2026,7416,38,emea,2026-07-08 13:30:00,18025,La Masia,,,,,unverified,unverified,statistical_candidate_requires_availability_check
14950,gobera,duelist,2026,7416,78,americas,2026-08-20 17:00:00,15072,2Game Esports,2Game Esports joined in January 2026,,https://www.vlr.gg/player/14950/gobera,2026-10-06T16:01:00+00:00,unverified,unverified,statistical_candidate_requires_availability_check
15051,sacred,controller,2026,7416,53,americas,2026-06-28 18:45:00,21053,Azure Dragon Gaming,,,,,unverified,unverified,statistical_candidate_requires_availability_check
15064,Kajuks,controller,2026,7416,58,emea,2026-07-10 14:00:00,14461,Barça eSports,,,,,unverified,unverified,statistical_candidate_requires_availability_check
15297,Joojina,controller,2026,7416,25,americas,2026-07-15 16:00:00,7055,Team Liquid Brazil,,,,,unverified,unverified,statistical_candidate_requires_availability_check
15361,swag,controller,2026,7416,19,americas,2026-03-18 16:00:00,17094,FURIA Academy,,,https://www.vlr.gg/player/15361/swag,2026-10-06T16:01:01+00:00,unverified,unverified,statistical_candidate_requires_availability_check
15395,gbz,duelist,2026,7416,37,americas,2026-07-15 19:00:00,23310,TEAM EGO,,,,,unverified,unverified,statistical_candidate_requires_availability_check
15473,YuNo,controller,2026,7416,35,emea,2026-06-06 13:00:00,17979,Otakar Esports,,,,,unverified,unverified,statistical_candidate_requires_availability_check
15639,chloric,initiator,2026,7416,24,americas|emea,2026-08-12 13:25:00,4915,Natus Vincere,,Natus Vincere joined in April 2026 Inactive from September 2026,https://www.vlr.gg/player/15639/chloric,2026-10-06T16:01:03+00:00,unverified,unverified,statistical_candidate_requires_availability_check
15681,Palla,duelist,2026,7416,62,americas,2026-08-20 19:30:00,23141,Fluxo W7M,,,,,unverified,unverified,statistical_candidate_requires_availability_check
15897,Apinya,initiator,2026,7416,32,pacific,2026-08-23 04:00:00,623,Sharper Esports,Sharper Esports joined in January 2026,,https://www.vlr.gg/player/15897/apinya,2026-10-06T16:01:05+00:00,unverified,unverified,statistical_candidate_requires_availability_check
15916,jotinha,initiator,2026,7416,59,americas,2026-07-12 15:00:00,19791,KRÜ SPARK,,,,,unverified,unverified,statistical_candidate_requires_availability_check
15924,Winter,initiator,2026,7416,23,americas,2026-03-25 20:00:00,7269,FUSION,,,,,unverified,unverified,statistical_candidate_requires_availability_check
15931,Peloncito,initiator,2026,7416,80,americas,2026-07-28 20:50:00,10376,Contra,,,,,unverified,unverified,statistical_candidate_requires_availability_check
15969,Yuta,controller,2026,7416,51,emea,2026-06-06 09:00:00,19391,WIP Esports,,,,,unverified,unverified,statistical_candidate_requires_availability_check
16012,Akira,controller,2026,7416,27,emea,2026-04-14 11:00:00,22112,XtremeDogs,,,,,unverified,unverified,statistical_candidate_requires_availability_check
16117,luluvich,initiator,2026,7416,11,emea,2026-03-28 10:00:00,18058,VINFO Esports,,,,,unverified,unverified,statistical_candidate_requires_availability_check
16209,Famsii,initiator,2026,7416,65,emea,2026-07-09 13:45:00,4616,UCAM Esports Club,OldBoyz UCAM Esports Club joined in January 2026,"GIANTX June 2024 – August 2024 Inactive from September 2024|UCAM Esports Club January 2023 – July 2024 Inactive from June 2024|KOI May 2022 – December 2022 Inactive from October 2022|2024/06/30 GIANTX bench Redgar, Famsii to step in",https://www.vlr.gg/player/16209/famsii,2026-10-06T16:01:05+00:00,unverified,unverified,statistical_candidate_requires_availability_check
16459,Elite,controller,2026,7416,53,emea,2026-07-09 13:15:00,19218,Misa Esports,,,,,unverified,unverified,statistical_candidate_requires_availability_check
16671,welyy,initiator,2026,7416,64,americas,2026-07-11 16:00:00,13920,SaD Esports,,,,,unverified,unverified,statistical_candidate_requires_availability_check
16757,Cohburg,initiator,2026,7416,47,americas,2026-06-26 19:00:00,16910,Pigeons,,,,,unverified,unverified,statistical_candidate_requires_availability_check
16842,Mojer,duelist,2026,7416,11,pacific,2026-03-20 07:00:00,7031,NAOS,,,,,unverified,unverified,statistical_candidate_requires_availability_check
16852,Nakya,duelist,2026,7416,18,pacific,2026-06-11 09:00:00,466,BOOM Esports,BOOM Esports joined in January 2026,,https://www.vlr.gg/player/16852/nakya,2026-10-06T16:01:06+00:00,unverified,unverified,statistical_candidate_requires_availability_check
16942,Reverie,initiator,2026,7416,12,pacific,2026-02-13 06:00:00,20650,Brimstone,,,,,unverified,unverified,statistical_candidate_requires_availability_check
16953,ZYND,sentinel,2026,7416,28,pacific,2026-06-18 09:50:00,3136,Oasis Gaming,,,,,unverified,unverified,statistical_candidate_requires_availability_check
17022,Taco,duelist,2026,7416,11,emea,2026-06-05 09:00:00,8945,One More Esports,,,,,unverified,unverified,statistical_candidate_requires_availability_check
17111,Allen,initiator,2026,7416,48,pacific,2026-06-27 03:00:00,21338,AGELITE,,,,,unverified,unverified,statistical_candidate_requires_availability_check
17169,muto,initiator,2026,7416,21,pacific,2026-05-13 05:15:00,282,SCARZ,,,,,unverified,unverified,statistical_candidate_requires_availability_check
17294,HyBr1D,controller,2026,7416,25,pacific,2026-04-01 07:40:00,21627,Leosun Esports,,,,,unverified,unverified,statistical_candidate_requires_availability_check
17397,Noia,controller,2026,7416,18,americas,2026-05-11 16:00:00,14278,Shopify Rebellion Gold,,,,,unverified,unverified,statistical_candidate_requires_availability_check
17433,v1c,controller,2026,7416,17,americas,2026-08-19 17:00:00,188,Cloud9,,,,,unverified,unverified,statistical_candidate_requires_availability_check
17690,Jow,controller,2026,7416,55,americas,2026-07-09 18:00:00,20784,LYON,,,,,unverified,unverified,statistical_candidate_requires_availability_check
17694,prask,sentinel,2026,7416,42,americas,2026-06-02 21:00:00,7269,FUSION,,,,,unverified,unverified,statistical_candidate_requires_availability_check
17751,Tim,controller,2026,7416,51,americas,2026-06-24 18:50:00,11648,ROSE,,,,,unverified,unverified,statistical_candidate_requires_availability_check
17770,alvinboy,sentinel,2026,7416,66,americas,2026-08-19 19:20:00,11001,M80,M80 joined in January 2026,,https://www.vlr.gg/player/17770/alvinboy,2026-10-06T16:01:08+00:00,unverified,unverified,statistical_candidate_requires_availability_check
18162,Serial,controller,2026,7416,62,emea,2026-07-10 13:20:00,6882,FOKUS,CGN Esports Pixel Lumina joined in August 2026,,https://www.vlr.gg/player/18162/serial,2026-10-06T16:01:09+00:00,unverified,unverified,statistical_candidate_requires_availability_check
18615,batujnax,initiator,2026,7416,58,emea,2026-08-28 12:30:00,20085,Fire Flux Esports,,,,,unverified,unverified,statistical_candidate_requires_availability_check
18702,Deadly10,duelist,2026,7416,41,pacific,2026-05-30 08:10:00,798,The Rad Syndicate,,,,,unverified,unverified,statistical_candidate_requires_availability_check
18784,Cfax,controller,2026,7416,30,americas,2026-05-18 18:00:00,2131,Chivas Esports,,,,,unverified,unverified,statistical_candidate_requires_availability_check
18995,RozsteR,duelist,2026,7416,33,pacific,2026-06-05 05:30:00,16411,XØ IND,,,,,unverified,unverified,statistical_candidate_requires_availability_check
19231,kibojn,initiator,2026,7416,58,pacific,2026-06-26 08:00:00,15685,Asterisk,,,,,unverified,unverified,statistical_candidate_requires_availability_check
19301,Braxxyy,duelist,2026,7416,11,pacific,2026-03-10 09:30:00,21626,Full on Tp,,,,,unverified,unverified,statistical_candidate_requires_availability_check
19505,Szalony,duelist,2026,7416,19,emea,2026-06-04 13:30:00,15027,FULL BOX 200,,,,,unverified,unverified,statistical_candidate_requires_availability_check
19526,rexxtoned,controller,2026,7416,62,emea,2026-06-29 13:30:00,17297,Team Liquid Academy,,,,,unverified,unverified,statistical_candidate_requires_availability_check
19691,tomaszy,duelist,2026,7416,45,emea,2026-07-08 13:30:00,10417,Formulation Gaming,Formulation Gaming GIANTX joined in November 2024 Inactive from April 2025,GIANTX joined in November 2024 Inactive from April 2025|Karmine Corp December 2023 – November 2024 Inactive from September 2024|SAW January 2023 – December 2023 Inactive from September 2023,https://www.vlr.gg/player/19691/tomaszy,2026-10-06T16:01:14+00:00,unverified,unverified,statistical_candidate_requires_availability_check
19776,JrayN,initiator,2026,7416,26,emea,2026-06-05 13:00:00,4572,Galatasaray Esports,,,,,unverified,unverified,statistical_candidate_requires_availability_check
20238,Askia,controller,2026,7416,52,americas,2026-06-27 16:00:00,21089,INTZ,,,,,unverified,unverified,statistical_candidate_requires_availability_check
20240,xenom,controller,2026,7416,45,americas,2026-08-20 17:00:00,15072,2Game Esports,2Game Esports joined in May 2026,,https://www.vlr.gg/player/20240/xenom,2026-10-06T16:01:16+00:00,unverified,unverified,statistical_candidate_requires_availability_check
20251,vit9ine,controller,2026,7416,21,americas,2026-04-03 16:00:00,16068,F4TALITY,,,,,unverified,unverified,statistical_candidate_requires_availability_check
20538,LiNLiN,controller,2026,7416,16,americas,2026-06-22 18:00:00,22732,Stray Cats,,,,,unverified,unverified,statistical_candidate_requires_availability_check
20657,Yotaa,controller,2026,7416,27,emea|pacific,2026-04-26 11:00:00,15477,Nuxeria Esport,,,,,unverified,unverified,statistical_candidate_requires_availability_check
20806,Yaoming,duelist,2026,7416,27,americas,2026-03-25 20:00:00,7269,FUSION,,,,,unverified,unverified,statistical_candidate_requires_availability_check
20828,CreamZ,duelist,2026,7416,29,pacific,2026-06-04 05:30:00,20596,SIGN Esports,,,,,unverified,unverified,statistical_candidate_requires_availability_check
20871,Kada,initiator,2026,7416,72,emea,2026-07-11 14:30:00,7967,Mandatory,,,,,unverified,unverified,statistical_candidate_requires_availability_check
20957,stunna,duelist,2026,7416,42,americas,2026-07-09 16:00:00,5601,Nightblood Gaming,Nightblood Gaming joined in May 2026,,https://www.vlr.gg/player/20957/stunna,2026-10-06T16:01:16+00:00,unverified,unverified,statistical_candidate_requires_availability_check
20959,toozy,controller,2026,7416,35,americas,2026-07-09 16:00:00,5601,Nightblood Gaming,Nightblood Gaming joined in May 2026 Northwood University,,https://www.vlr.gg/player/20959/toozy,2026-10-06T16:01:17+00:00,unverified,unverified,statistical_candidate_requires_availability_check
21108,ponix,initiator,2026,7416,27,americas,2026-06-24 18:00:00,7511,KRÜ BLAZE,,,,,unverified,unverified,statistical_candidate_requires_availability_check
21195,Teddy,duelist,2026,7416,12,pacific,2026-03-20 11:30:00,17139,Rival Esports,,,,,unverified,unverified,statistical_candidate_requires_availability_check
21428,CRUNCH,duelist,2026,7416,80,americas,2026-07-28 20:50:00,10376,Contra,,,,,unverified,unverified,statistical_candidate_requires_availability_check
21435,Jelly,duelist,2026,7416,25,americas,2026-07-15 16:00:00,7055,Team Liquid Brazil,,,,,unverified,unverified,statistical_candidate_requires_availability_check
21486,sarahcat,initiator,2026,7416,18,americas,2026-05-11 16:00:00,14278,Shopify Rebellion Gold,,,,,unverified,unverified,statistical_candidate_requires_availability_check
21558,micaela,controller,2026,7416,27,americas,2026-06-24 18:00:00,7511,KRÜ BLAZE,,,,,unverified,unverified,statistical_candidate_requires_availability_check
21584,deminatiX,duelist,2026,7416,40,emea,2026-07-10 11:00:00,20085,Fire Flux Esports,,,,,unverified,unverified,statistical_candidate_requires_availability_check
21610,runneR,duelist,2026,7416,68,emea,2026-08-16 11:10:00,11232,Joblife,,GIANTX November 2024 – November 2025 Inactive from September 2025|Diamant Esports September 2022 – September 2023 Inactive from June 2023,https://www.vlr.gg/player/21610/runner,2026-10-06T16:01:20+00:00,unverified,unverified,statistical_candidate_requires_availability_check
21878,snarly,initiator,2026,7416,13,americas,2026-02-09 18:20:00,16440,Alliance Guardians,,,,,unverified,unverified,statistical_candidate_requires_availability_check
21886,furbsa,duelist,2026,7416,18,americas,2026-02-11 19:05:00,5038,YFP,,,,,unverified,unverified,statistical_candidate_requires_availability_check
21887,stallion,controller,2026,7416,53,americas,2026-07-02 18:00:00,22589,YFT,,,,,unverified,unverified,statistical_candidate_requires_availability_check
22042,Arishikii,controller,2026,7416,27,emea,2026-06-05 13:00:00,20976,Dortmund eSports,,,,,unverified,unverified,statistical_candidate_requires_availability_check
22054,Yamiii,controller,2026,7416,17,pacific,2026-03-18 08:30:00,16939,xCrew,,,,,unverified,unverified,statistical_candidate_requires_availability_check
22188,jimbk,initiator,2026,7416,26,emea,2026-04-14 13:30:00,16397,LEO Esports,,,,,unverified,unverified,statistical_candidate_requires_availability_check
22334,Turbo,controller,2026,7416,13,emea,2026-04-19 12:00:00,8945,One More Esports,,,,,unverified,unverified,statistical_candidate_requires_availability_check
22617,Vitie,controller,2026,7416,11,emea,2026-06-06 13:00:00,20963,Galions,,,,,unverified,unverified,statistical_candidate_requires_availability_check
22671,PhuRME,controller,2026,7416,11,emea,2026-06-05 13:00:00,4572,Galatasaray Esports,,,,,unverified,unverified,statistical_candidate_requires_availability_check
22716,Antsy,sentinel,2026,7416,23,emea,2026-05-04 13:30:00,15009,Falke Esports,,,,,unverified,unverified,statistical_candidate_requires_availability_check
22798,Kel,duelist,2026,7416,15,pacific,2026-06-11 07:00:00,22344,Looking For Home,,,,,unverified,unverified,statistical_candidate_requires_availability_check
22912,PKX,sentinel,2026,7416,41,americas,2026-07-15 19:00:00,23310,TEAM EGO,,,,,unverified,unverified,statistical_candidate_requires_availability_check
22914,HiiiK,controller,2026,7416,43,americas,2026-07-16 16:00:00,16071,PEEK,,,,,unverified,unverified,statistical_candidate_requires_availability_check
22964,forbanz,duelist,2026,7416,36,americas,2026-07-07 16:00:00,1124,RED Canids,Next,,https://www.vlr.gg/player/22964/forbanz,2026-10-06T16:01:24+00:00,unverified,unverified,statistical_candidate_requires_availability_check
23010,nicksz,controller,2026,7416,46,americas,2026-06-25 18:40:00,18622,ELEVATE,,,,,unverified,unverified,statistical_candidate_requires_availability_check
23056,Loop,initiator,2026,7416,19,emea,2026-06-05 09:00:00,8945,One More Esports,,,,,unverified,unverified,statistical_candidate_requires_availability_check
23062,Surf,sentinel,2026,7416,55,pacific,2026-08-20 07:00:00,17167,Xipto Esports,Xipto Esports joined in July 2026,XERXIA Esports January 2022 – March 2023 Inactive from February 2023,https://www.vlr.gg/player/23062/surf,2026-10-06T16:01:24+00:00,unverified,unverified,statistical_candidate_requires_availability_check
23197,Knowbii,controller,2026,7416,26,emea,2026-04-14 13:30:00,16397,LEO Esports,,,,,unverified,unverified,statistical_candidate_requires_availability_check
23407,Pa1nt,duelist,2026,7416,62,americas,2026-07-11 16:00:00,13920,SaD Esports,,,,,unverified,unverified,statistical_candidate_requires_availability_check
23487,Flick,duelist,2026,7416,18,emea,2026-06-05 13:00:00,20961,Bushido Wildcats,,,,,unverified,unverified,statistical_candidate_requires_availability_check
23686,Kahlheit,duelist,2026,7416,11,pacific,2026-02-13 06:00:00,21104,ANTASENA,,,,,unverified,unverified,statistical_candidate_requires_availability_check
23799,caiobaz,duelist,2026,7416,18,americas,2026-06-01 16:00:00,16071,PEEK,,,,,unverified,unverified,statistical_candidate_requires_availability_check
23832,lucks,initiator,2026,7416,19,americas,2026-03-18 16:00:00,17094,FURIA Academy,,,,,unverified,unverified,statistical_candidate_requires_availability_check
23971,Ask,controller,2026,7416,22,pacific,2026-04-08 00:00:00,11490,Murash Gaming,,Murash Gaming January 2025 – June 2026 Inactive from May 2026|BC SWELL November 2023 – November 2024 Inactive from September 2024,https://www.vlr.gg/player/23971/ask,2026-10-06T16:01:27+00:00,unverified,unverified,statistical_candidate_requires_availability_check
23976,Crus,initiator,2026,7416,14,pacific,2026-06-02 07:00:00,22131,ROY Esports,,,,,unverified,unverified,statistical_candidate_requires_availability_check
24007,Shyy,sentinel,2026,7416,42,americas,2026-08-29 17:00:00,2406,FURIA,FURIA joined in July 2026,KRÜ Esports October 2023 – October 2025 Inactive from September 2025,https://www.vlr.gg/player/24007/shyy,2026-10-06T16:01:27+00:00,unverified,unverified,statistical_candidate_requires_availability_check
24021,Snapss,initiator,2026,7416,42,americas,2026-07-04 21:00:00,21459,STREAMER ARENA,,,,,unverified,unverified,statistical_candidate_requires_availability_check
24026,GeneralSteak,initiator,2026,7416,49,americas,2026-07-11 18:00:00,17252,FUEGO,,,,,unverified,unverified,statistical_candidate_requires_availability_check
24228,Smoke,duelist,2026,7416,94,americas,2026-07-30 18:00:00,9353,Shopify Rebellion Black,Shopify Rebellion Black joined in March 2026,,https://www.vlr.gg/player/24228/smoke,2026-10-06T16:01:28+00:00,unverified,unverified,statistical_candidate_requires_availability_check
24305,XyuS,unknown,2026,7416,14,china,2026-04-25 04:00:00,12785,Octagonal Disposition Gaming,,,,,unverified,unverified,statistical_candidate_requires_availability_check
24359,Faska,initiator,2026,7416,35,emea,2026-06-06 13:00:00,17979,Otakar Esports,,,,,unverified,unverified,statistical_candidate_requires_availability_check
24424,Pa1ze,duelist,2026,7416,62,emea,2026-08-16 11:10:00,11232,Joblife,Aestralis,,https://www.vlr.gg/player/24424/pa1ze,2026-10-06T16:01:30+00:00,unverified,unverified,statistical_candidate_requires_availability_check
24439,Yohpa,initiator,2026,7416,36,emea,2026-06-29 13:30:00,17297,Team Liquid Academy,,,,,unverified,unverified,statistical_candidate_requires_availability_check
24553,Boni,duelist,2026,7416,66,americas,2026-08-19 19:20:00,11001,M80,M80 joined in January 2026,,https://www.vlr.gg/player/24553/boni,2026-10-06T16:01:30+00:00,unverified,unverified,statistical_candidate_requires_availability_check
24653,Vera,duelist,2026,7416,21,pacific,2026-03-29 07:00:00,18117,Motiv Esports,,,,,unverified,unverified,statistical_candidate_requires_availability_check
24654,Tempz,initiator,2026,7416,24,pacific,2026-03-20 11:30:00,17139,Rival Esports,,,,,unverified,unverified,statistical_candidate_requires_availability_check
24737,parscofield,sentinel,2026,7416,16,pacific,2026-06-02 07:00:00,1110,Alter Ego,,,,,unverified,unverified,statistical_candidate_requires_availability_check
24820,Babooshka,sentinel,2026,7416,11,pacific,2026-03-09 06:30:00,20844,Unrivaled,,,,,unverified,unverified,statistical_candidate_requires_availability_check
24829,DeDli,initiator,2026,7416,11,pacific,2026-03-09 06:30:00,20844,Unrivaled,,,,,unverified,unverified,statistical_candidate_requires_availability_check
24979,Cloy,initiator,2026,7416,22,pacific,2026-04-08 04:00:00,9749,DRX Academy,,,,,unverified,unverified,statistical_candidate_requires_availability_check
25048,SID,duelist,2026,7416,42,pacific,2026-07-24 23:30:00,6869,IGZIST,,,,,unverified,unverified,statistical_candidate_requires_availability_check
25053,Wolverine,controller,2026,7416,52,pacific,2026-08-28 04:00:00,19189,ONSIDE GAMING,,,https://www.vlr.gg/player/25053/wolverine,2026-10-06T16:01:32+00:00,unverified,unverified,statistical_candidate_requires_availability_check
25080,empty,controller,2026,7416,18,pacific,2026-05-08 04:00:00,15744,FEARX,,,,,unverified,unverified,statistical_candidate_requires_availability_check
25082,Rico,controller,2026,7416,48,pacific,2026-07-15 04:00:00,20978,ARETE,,,,,unverified,unverified,statistical_candidate_requires_availability_check
25089,CabezA,controller,2026,7416,48,pacific,2026-07-13 04:00:00,11348,Dplus Esports,Dplus Esports joined in November 2025,,https://www.vlr.gg/player/25089/cabeza,2026-10-06T16:01:33+00:00,unverified,unverified,statistical_candidate_requires_availability_check
25097,solution,controller,2026,7416,46,americas,2026-06-25 18:00:00,2131,Chivas Esports,,,,,unverified,unverified,statistical_candidate_requires_availability_check
25663,dods,sentinel,2026,7416,13,americas,2026-04-21 18:00:00,7511,KRÜ BLAZE,,,,,unverified,unverified,statistical_candidate_requires_availability_check
25683,desire,initiator,2026,7416,40,americas,2026-07-16 16:00:00,16071,PEEK,,,,,unverified,unverified,statistical_candidate_requires_availability_check
25743,raafa,initiator,2026,7416,58,americas,2026-07-10 16:00:00,19265,Team Solid,Team Solid,FURIA December 2024 – May 2025 Inactive from May 2025,https://www.vlr.gg/player/25743/raafa,2026-10-06T16:01:36+00:00,unverified,unverified,statistical_candidate_requires_availability_check
25745,kumi,duelist,2026,7416,71,americas,2026-07-09 19:30:00,6985,QoR,,,,,unverified,unverified,statistical_candidate_requires_availability_check
25858,sw,sentinel,2026,7416,20,americas,2026-07-07 16:00:00,1124,RED Canids,RED Canids joined in May 2026,,https://www.vlr.gg/player/25858/sw,2026-10-06T16:01:36+00:00,unverified,unverified,statistical_candidate_requires_availability_check
25902,Shondex,controller,2026,7416,67,americas,2026-07-10 18:05:00,21049,NRG Academy,,,,,unverified,unverified,statistical_candidate_requires_availability_check
25906,alexiiik,duelist,2026,7416,23,emea,2026-04-28 11:00:00,10417,Formulation Gaming,,,,,unverified,unverified,statistical_candidate_requires_availability_check
25915,BRIAN,initiator,2026,7416,42,pacific,2026-07-26 01:00:00,104,REJECT,REJECT joined in May 2026,,https://www.vlr.gg/player/25915/brian,2026-10-06T16:01:37+00:00,unverified,unverified,statistical_candidate_requires_availability_check
26376,deecee,sentinel,2026,7416,63,pacific,2026-07-08 06:30:00,22341,No Salary Peek,,,,,unverified,unverified,statistical_candidate_requires_availability_check
26404,Zneva,controller,2026,7416,33,emea,2026-06-05 13:00:00,16397,LEO Esports,,,,,unverified,unverified,statistical_candidate_requires_availability_check
26569,Slammed,controller,2026,7416,39,americas,2026-05-27 16:00:00,16440,Alliance Guardians,,,,,unverified,unverified,statistical_candidate_requires_availability_check
26757,otaQ,duelist,2026,7416,43,americas,2026-06-25 18:00:00,2131,Chivas Esports,,,,,unverified,unverified,statistical_candidate_requires_availability_check
26809,Tenshi,controller,2026,7416,31,emea,2026-06-05 09:00:00,18494,F9 EICAR,,,,,unverified,unverified,statistical_candidate_requires_availability_check
26826,6ixKey,sentinel,2026,7416,11,pacific,2026-02-13 06:00:00,21104,ANTASENA,,,,,unverified,unverified,statistical_candidate_requires_availability_check
26829,damaraa,duelist,2026,7416,32,pacific,2026-07-08 06:30:00,22341,No Salary Peek,,,,,unverified,unverified,statistical_candidate_requires_availability_check
26848,zeek,initiator,2026,7416,39,americas,2026-07-09 16:00:00,5601,Nightblood Gaming,Nightblood Gaming joined in March 2026,Team Fish Taco left in January 2023 Inactive from January 2023,https://www.vlr.gg/player/26848/zeek,2026-10-06T16:01:39+00:00,unverified,unverified,statistical_candidate_requires_availability_check
27061,nAyte,initiator,2026,7416,38,emea,2026-07-08 13:30:00,18025,La Masia,,,,,unverified,unverified,statistical_candidate_requires_availability_check
27073,ESMONDE,controller,2026,7416,12,pacific,2026-02-13 06:00:00,20650,Brimstone,,,,,unverified,unverified,statistical_candidate_requires_availability_check
27149,Brinks,controller,2026,7416,78,americas,2026-08-20 17:00:00,15072,2Game Esports,,,https://www.vlr.gg/player/27149/brinks,2026-10-06T16:01:39+00:00,unverified,unverified,statistical_candidate_requires_availability_check
27173,Sovano,duelist,2026,7416,17,pacific,2026-06-02 07:00:00,1110,Alter Ego,,,,,unverified,unverified,statistical_candidate_requires_availability_check
27244,seph1roth,sentinel,2026,7416,16,pacific,2026-08-22 04:00:00,4050,FULL SENSE,FULL SENSE joined in April 2026,"CRIT Esports left in September 2023 Inactive from August 2023|2026/07/03 FULL SENSE benches Leviathan, calls seph1roth into action",https://www.vlr.gg/player/27244/seph1roth,2026-10-06T16:01:40+00:00,unverified,unverified,statistical_candidate_requires_availability_check
27299,Koji,controller,2026,7416,11,emea,2026-05-12 12:00:00,18120,Stallions Esports,,,,,unverified,unverified,statistical_candidate_requires_availability_check
27326,redwesty,controller,2026,7416,19,emea,2026-06-04 13:30:00,14614,HGE Esport,,,,,unverified,unverified,statistical_candidate_requires_availability_check
27336,Venka,duelist,2026,7416,47,pacific,2026-06-27 06:15:00,17180,Revenant XSpark,,,,,unverified,unverified,statistical_candidate_requires_availability_check
27384,JaXe,initiator,2026,7416,48,pacific,2026-07-13 04:00:00,11348,Dplus Esports,Dplus Esports joined in November 2025,,https://www.vlr.gg/player/27384/jaxe,2026-10-06T16:01:40+00:00,unverified,unverified,statistical_candidate_requires_availability_check
27442,Impact,duelist,2026,7416,43,pacific,2026-07-01 07:00:00,15578,T1 Academy,,,,,unverified,unverified,statistical_candidate_requires_availability_check
27444,Banger,duelist,2026,7416,48,pacific,2026-06-27 03:00:00,21338,AGELITE,,,,,unverified,unverified,statistical_candidate_requires_availability_check
27458,EscO,duelist,2026,7416,11,pacific,2026-02-04 04:30:00,2108,BLUE BEES.ESP,,,,,unverified,unverified,statistical_candidate_requires_availability_check
27756,SavageYoddha,initiator,2026,7416,42,pacific,2026-06-05 05:30:00,16411,XØ IND,,,,,unverified,unverified,statistical_candidate_requires_availability_check
27767,EL1TE,sentinel,2026,7416,12,pacific,2026-05-05 05:30:00,20582,Clutch Core Esports,,,,,unverified,unverified,statistical_candidate_requires_availability_check
27775,Techno,controller,2026,7416,47,pacific,2026-06-27 06:15:00,17180,Revenant XSpark,,,,,unverified,unverified,statistical_candidate_requires_availability_check
27789,deyten,controller,2026,7416,28,emea,2026-06-05 09:00:00,5091,RIZON,,,,,unverified,unverified,statistical_candidate_requires_availability_check
27813,zery,duelist,2026,7416,27,emea,2026-06-05 13:00:00,20976,Dortmund eSports,,,,,unverified,unverified,statistical_candidate_requires_availability_check
27879,Clewy,controller,2026,7416,28,americas,2026-04-22 18:00:00,2131,Chivas Esports,,,,,unverified,unverified,statistical_candidate_requires_availability_check
28114,devy,initiator,2026,7416,21,americas,2026-07-04 19:15:00,22589,YFT,,,,,unverified,unverified,statistical_candidate_requires_availability_check
28401,Pkm,duelist,2026,7416,49,pacific,2026-08-20 04:00:00,18299,QT DIG∞,,,,,unverified,unverified,statistical_candidate_requires_availability_check
28612,tricky,duelist,2026,7416,41,pacific,2026-05-31 07:15:00,798,The Rad Syndicate,,,,,unverified,unverified,statistical_candidate_requires_availability_check
28715,hunterx,initiator,2026,7416,10,americas,2026-02-16 14:00:00,16726,AURA,,,,,unverified,unverified,statistical_candidate_requires_availability_check
28870,k0rupt,initiator,2026,7416,43,americas,2026-05-25 18:30:00,11648,ROSE,,,,,unverified,unverified,statistical_candidate_requires_availability_check
28879,299,duelist,2026,7416,30,americas,2026-06-26 16:00:00,19914,Evictix,,,,,unverified,unverified,statistical_candidate_requires_availability_check
28892,Muddy,duelist,2026,7416,53,americas,2026-07-04 19:15:00,22589,YFT,,,,,unverified,unverified,statistical_candidate_requires_availability_check
29074,sonofcar,duelist,2026,7416,55,americas,2026-07-09 16:00:00,5601,Nightblood Gaming,Northwood University Nightblood Gaming joined in July 2025,,https://www.vlr.gg/player/29074/sonofcar,2026-10-06T16:01:43+00:00,unverified,unverified,statistical_candidate_requires_availability_check
29076,satellite,duelist,2026,7416,94,americas,2026-07-30 18:00:00,9353,Shopify Rebellion Black,Shopify Rebellion Black joined in January 2026,,https://www.vlr.gg/player/29076/satellite,2026-10-06T16:01:44+00:00,unverified,unverified,statistical_candidate_requires_availability_check
29240,skyppervz,initiator,2026,7416,61,americas,2026-07-10 15:00:00,367,9z Globant,,,,,unverified,unverified,statistical_candidate_requires_availability_check
29241,MiradaNinja,controller,2026,7416,52,americas,2026-07-10 15:00:00,367,9z Globant,,,,,unverified,unverified,statistical_candidate_requires_availability_check
29244,M1key,duelist,2026,7416,58,americas,2026-07-10 15:00:00,367,9z Globant,,,,,unverified,unverified,statistical_candidate_requires_availability_check
29340,cunhaa,controller,2026,7416,36,emea,2026-06-06 09:00:00,8924,Ramboot Club,,,,,unverified,unverified,statistical_candidate_requires_availability_check
29547,ion,duelist,2026,7416,41,americas,2026-06-28 18:45:00,21053,Azure Dragon Gaming,,,,,unverified,unverified,statistical_candidate_requires_availability_check
29553,DaGG3r,controller,2026,7416,39,emea,2026-07-09 11:00:00,16629,Twisted Saints Esports,,,,,unverified,unverified,statistical_candidate_requires_availability_check
29559,Javelin,initiator,2026,7416,68,emea,2026-07-02 11:00:00,21715,Natus Vincere Junior,Natus Vincere Junior joined in May 2026,,https://www.vlr.gg/player/29559/javelin,2026-10-06T16:01:46+00:00,unverified,unverified,statistical_candidate_requires_availability_check
29629,adore,duelist,2026,7416,31,emea,2026-06-04 13:30:00,19503,FAST LEARNER,,,,,unverified,unverified,statistical_candidate_requires_availability_check
29688,mikeE,initiator,2026,7416,47,americas,2026-06-28 18:45:00,21053,Azure Dragon Gaming,,,,,unverified,unverified,statistical_candidate_requires_availability_check
29839,TenTen,duelist,2026,7416,15,pacific,2026-05-13 06:30:00,11490,Murash Gaming,,ZETA DIVISION April 2025 – October 2025 Inactive from September 2025|FAV gaming September 2023 – August 2024 Inactive from May 2024,https://www.vlr.gg/player/29839/tenten,2026-10-06T16:01:47+00:00,unverified,unverified,statistical_candidate_requires_availability_check
29840,yuran,duelist,2026,7416,47,pacific,2026-08-20 04:00:00,18299,QT DIG∞,,,,,unverified,unverified,statistical_candidate_requires_availability_check
30286,karam1l,duelist,2026,7416,58,pacific,2026-06-26 08:00:00,15685,Asterisk,,,,,unverified,unverified,statistical_candidate_requires_availability_check
30467,Zamal,duelist,2026,7416,47,americas,2026-06-26 19:00:00,16910,Pigeons,,,,,unverified,unverified,statistical_candidate_requires_availability_check
30470,Kyu,initiator,2026,7416,44,americas,2026-08-19 19:20:00,11001,M80,M80 joined in March 2026,,https://www.vlr.gg/player/30470/kyu,2026-10-06T16:01:51+00:00,unverified,unverified,statistical_candidate_requires_availability_check
30556,exa,controller,2026,7416,94,americas,2026-07-30 18:00:00,9353,Shopify Rebellion Black,Shopify Rebellion Black joined in November 2025,,https://www.vlr.gg/player/30556/exa,2026-10-06T16:01:52+00:00,unverified,unverified,statistical_candidate_requires_availability_check
30575,r1seN,sentinel,2026,7416,58,pacific,2026-06-26 08:00:00,15685,Asterisk,,,,,unverified,unverified,statistical_candidate_requires_availability_check
30693,Makaveli,controller,2026,7416,40,pacific,2026-06-04 05:30:00,20596,SIGN Esports,,,,,unverified,unverified,statistical_candidate_requires_availability_check
30743,Fair,duelist,2026,7416,36,americas,2026-06-26 16:00:00,19914,Evictix,,,,,unverified,unverified,statistical_candidate_requires_availability_check
30750,eNes,initiator,2026,7416,17,emea,2026-04-26 11:00:00,15491,AKA HERO,,,,,unverified,unverified,statistical_candidate_requires_availability_check
30877,Lilboi,controller,2026,7416,42,pacific,2026-05-31 07:15:00,798,The Rad Syndicate,,,,,unverified,unverified,statistical_candidate_requires_availability_check
30901,ianto,controller,2026,7416,34,emea,2026-06-05 09:00:00,18054,BONK,,,,,unverified,unverified,statistical_candidate_requires_availability_check
31059,Bishepss,controller,2026,7416,61,emea,2026-07-09 11:00:00,17945,MIR,,,,,unverified,unverified,statistical_candidate_requires_availability_check
31116,Nail,sentinel,2026,7416,25,emea,2026-06-05 09:00:00,17985,BAAM Esports,,,,,unverified,unverified,statistical_candidate_requires_availability_check
31276,rehn,duelist,2026,7416,35,emea,2026-06-05 13:00:00,16397,LEO Esports,,,,,unverified,unverified,statistical_candidate_requires_availability_check
31298,Luca,sentinel,2026,7416,10,emea,2026-03-28 10:00:00,4141,WLGaming Esports,,,,,unverified,unverified,statistical_candidate_requires_availability_check
31307,Yigox,controller,2026,7416,18,emea,2026-05-03 13:30:00,20697,FUT Esports Academy,,,,,unverified,unverified,statistical_candidate_requires_availability_check
31333,Gauransh,duelist,2026,7416,27,pacific,2026-03-31 05:30:00,16939,xCrew,,,,,unverified,unverified,statistical_candidate_requires_availability_check
31350,Deqadz,initiator,2026,7416,39,emea,2026-06-06 09:00:00,13112,Lost Puppies,,,,,unverified,unverified,statistical_candidate_requires_availability_check
31355,AceStaRRRRR,duelist,2026,7416,25,pacific,2026-04-01 07:40:00,21627,Leosun Esports,,,,,unverified,unverified,statistical_candidate_requires_availability_check
31371,Trinity,duelist,2026,7416,56,pacific,2026-06-26 08:00:00,15685,Asterisk,,,,,unverified,unverified,statistical_candidate_requires_availability_check
31476,Mephisto,duelist,2026,7416,53,americas,2026-07-09 18:00:00,20784,LYON,,,https://www.vlr.gg/player/31476/mephisto,2026-10-06T16:01:54+00:00,unverified,unverified,statistical_candidate_requires_availability_check
31844,MK,sentinel,2026,7416,11,pacific,2026-05-13 06:30:00,19881,Kirihana Academy,,,,,unverified,unverified,statistical_candidate_requires_availability_check
31845,Chay,controller,2026,7416,22,pacific,2026-04-08 00:00:00,11490,Murash Gaming,,,,,unverified,unverified,statistical_candidate_requires_availability_check
31855,Celasun,sentinel,2026,7416,34,emea,2026-07-10 11:00:00,20085,Fire Flux Esports,,,,,unverified,unverified,statistical_candidate_requires_availability_check
31910,Scottie,controller,2026,7416,40,americas,2026-05-13 16:00:00,19914,Evictix,,,,,unverified,unverified,statistical_candidate_requires_availability_check
32183,Dannyy,unknown,2026,7416,10,china,2026-04-26 07:00:00,19531,Any Questions Gaming,Any Questions Gaming joined in May 2025,,https://www.vlr.gg/player/32183/dannyy,2026-10-06T16:01:58+00:00,unverified,unverified,statistical_candidate_requires_availability_check
32303,delamac,controller,2026,7416,31,emea,2026-06-06 09:00:00,6313,KPI Gaming,,,,,unverified,unverified,statistical_candidate_requires_availability_check
32654,atlas,duelist,2026,7416,45,americas,2026-07-04 19:15:00,22589,YFT,,,,,unverified,unverified,statistical_candidate_requires_availability_check
32675,Kring,initiator,2026,7416,36,americas,2026-07-03 16:00:00,16606,MIBR Academy,,,,,unverified,unverified,statistical_candidate_requires_availability_check
32717,maestr0,duelist,2026,7416,42,americas,2026-06-25 16:00:00,6946,TBK Esports,,,,,unverified,unverified,statistical_candidate_requires_availability_check
32725,lilo,duelist,2026,7416,39,americas,2026-07-16 16:00:00,16071,PEEK,,,,,unverified,unverified,statistical_candidate_requires_availability_check
32745,frozeN,duelist,2026,7416,21,americas,2026-07-16 16:00:00,22657,ABACATUDOS,,,,,unverified,unverified,statistical_candidate_requires_availability_check
32801,turkish,controller,2026,7416,36,americas,2026-07-03 16:00:00,16606,MIBR Academy,,,,,unverified,unverified,statistical_candidate_requires_availability_check
32802,Luid,duelist,2026,7416,36,americas,2026-07-03 16:00:00,16606,MIBR Academy,,,,,unverified,unverified,statistical_candidate_requires_availability_check
32823,Lafura,sentinel,2026,7416,11,pacific,2026-02-04 04:30:00,2108,BLUE BEES.ESP,,,,,unverified,unverified,statistical_candidate_requires_availability_check
33070,khz,duelist,2026,7416,11,americas,2026-03-24 15:00:00,16726,AURA,,,,,unverified,unverified,statistical_candidate_requires_availability_check
33121,Stwz1,initiator,2026,7416,46,americas,2026-07-03 18:00:00,17094,FURIA Academy,,,,,unverified,unverified,statistical_candidate_requires_availability_check
33177,none,duelist,2026,7416,14,americas,2026-06-24 18:00:00,7511,KRÜ BLAZE,,,,,unverified,unverified,statistical_candidate_requires_availability_check
33190,Zoom,duelist,2026,7416,10,emea,2026-03-28 10:00:00,19477,Enisorail,,,,,unverified,unverified,statistical_candidate_requires_availability_check
33358,shinnok,duelist,2026,7416,62,emea,2026-07-10 13:20:00,6882,FOKUS,CGN Esports Cat Lovers,,https://www.vlr.gg/player/33358/shinnok,2026-10-06T16:01:58+00:00,unverified,unverified,statistical_candidate_requires_availability_check
33417,fukukeN,controller,2026,7416,38,pacific,2026-06-27 03:00:00,21338,AGELITE,,,,,unverified,unverified,statistical_candidate_requires_availability_check
33464,Avvix,initiator,2026,7416,11,emea,2026-05-12 12:00:00,18120,Stallions Esports,,,,,unverified,unverified,statistical_candidate_requires_availability_check
33522,BeX,sentinel,2026,7416,18,emea,2026-04-14 11:00:00,20879,VR2,,,,,unverified,unverified,statistical_candidate_requires_availability_check
33527,wtex,duelist,2026,7416,53,emea,2026-07-12 11:00:00,22601,Çilekler,,,,,unverified,unverified,statistical_candidate_requires_availability_check
33551,Slaughter,controller,2026,7416,53,emea,2026-07-12 11:00:00,22601,Çilekler,,,,,unverified,unverified,statistical_candidate_requires_availability_check
33570,chubizin,initiator,2026,7416,62,americas,2026-08-22 17:00:00,22142,BESTIA,,,https://www.vlr.gg/player/33570/chubizin,2026-10-06T16:01:59+00:00,unverified,unverified,statistical_candidate_requires_availability_check
33576,margaret,sentinel,2026,7416,47,pacific,2026-08-20 04:00:00,18299,QT DIG∞,,,,,unverified,unverified,statistical_candidate_requires_availability_check
33731,stonezy,sentinel,2026,7416,58,emea,2026-07-10 14:00:00,14461,Barça eSports,,,,,unverified,unverified,statistical_candidate_requires_availability_check
33840,luky,duelist,2026,7416,30,emea,2026-06-06 09:00:00,8924,Ramboot Club,,,,,unverified,unverified,statistical_candidate_requires_availability_check
33974,appA,controller,2026,7416,14,emea,2026-06-04 13:30:00,11829,eSports Cologne,,,,,unverified,unverified,statistical_candidate_requires_availability_check
33986,kendo,duelist,2026,7416,10,emea,2026-03-28 10:00:00,4141,WLGaming Esports,,,,,unverified,unverified,statistical_candidate_requires_availability_check
33994,Creamydreamy,controller,2026,7416,22,emea,2026-06-04 13:30:00,17179,DNSTY,,,,,unverified,unverified,statistical_candidate_requires_availability_check
34031,Inf,sentinel,2026,7416,12,pacific,2026-03-20 11:30:00,17139,Rival Esports,,,,,unverified,unverified,statistical_candidate_requires_availability_check
34057,Jerrwin,duelist,2026,7416,24,americas,2026-08-22 19:10:00,2,Sentinels,Sentinels joined in March 2026 Inactive from September 2026,Sentinels joined in March 2026 Inactive from September 2026,https://www.vlr.gg/player/34057/jerrwin,2026-10-06T16:02:01+00:00,unverified,unverified,statistical_candidate_requires_availability_check
34100,SCar,controller,2026,7416,17,pacific,2026-06-02 07:00:00,1110,Alter Ego,,,,,unverified,unverified,statistical_candidate_requires_availability_check
34104,capeesha,initiator,2026,7416,11,pacific,2026-02-13 06:00:00,21104,ANTASENA,,,,,unverified,unverified,statistical_candidate_requires_availability_check
34705,e9Lair,initiator,2026,7416,11,pacific,2026-02-04 04:30:00,2108,BLUE BEES.ESP,,,,,unverified,unverified,statistical_candidate_requires_availability_check
34727,kAyle,initiator,2026,7416,42,pacific,2026-07-24 23:30:00,6869,IGZIST,,,,,unverified,unverified,statistical_candidate_requires_availability_check
34760,MeatPieN,initiator,2026,7416,49,pacific,2026-06-28 03:00:00,5148,Insomnia,,,,,unverified,unverified,statistical_candidate_requires_availability_check
34775,Sota,initiator,2026,7416,11,pacific,2026-04-09 05:45:00,104,REJECT,,,https://www.vlr.gg/player/34775/sota,2026-10-06T16:02:03+00:00,unverified,unverified,statistical_candidate_requires_availability_check
34785,YoWamu,controller,2026,7416,30,pacific,2026-05-13 05:55:00,21367,REIGNITE FOXX,,BC SWELL April 2024 – November 2024 Inactive from September 2024,https://www.vlr.gg/player/34785/yowamu,2026-10-06T16:02:04+00:00,unverified,unverified,statistical_candidate_requires_availability_check
34827,Hals,duelist,2026,7416,43,pacific,2026-07-25 03:20:00,2934,FENNEL,,,,,unverified,unverified,statistical_candidate_requires_availability_check
34883,Distinct,duelist,2026,7416,15,pacific,2026-03-25 04:00:00,15744,FEARX,,,,,unverified,unverified,statistical_candidate_requires_availability_check
34973,apeX,controller,2026,7416,42,pacific,2026-07-01 04:00:00,9749,DRX Academy,,,,,unverified,unverified,statistical_candidate_requires_availability_check
34982,Athan,duelist,2026,7416,42,pacific,2026-07-01 04:00:00,9749,DRX Academy,,,,,unverified,unverified,statistical_candidate_requires_availability_check
35377,beeb,initiator,2026,7416,10,americas,2026-06-28 16:00:00,21714,Division One,,,,,unverified,unverified,statistical_candidate_requires_availability_check
35504,tomix,duelist,2026,7416,16,pacific,2026-03-16 05:00:00,1929,KADILIMAN,,,,,unverified,unverified,statistical_candidate_requires_availability_check
35513,samed,duelist,2026,7416,49,emea,2026-07-11 11:00:00,5214,CGN Esports,,,,,unverified,unverified,statistical_candidate_requires_availability_check
35590,freizydeuS,controller,2026,7416,15,americas,2026-03-11 18:00:00,20808,LAZER,,,,,unverified,unverified,statistical_candidate_requires_availability_check
35619,Sxnti,controller,2026,7416,31,americas,2026-06-25 18:00:00,2131,Chivas Esports,,,,,unverified,unverified,statistical_candidate_requires_availability_check
35650,Dlasqx1,duelist,2026,7416,35,americas,2026-07-04 21:00:00,21459,STREAMER ARENA,,,,,unverified,unverified,statistical_candidate_requires_availability_check
35660,tok1o,sentinel,2026,7416,27,americas,2026-06-24 18:00:00,7511,KRÜ BLAZE,,,,,unverified,unverified,statistical_candidate_requires_availability_check
35965,Yukxx,duelist,2026,7416,11,pacific,2026-03-20 07:00:00,7031,NAOS,,,,,unverified,unverified,statistical_candidate_requires_availability_check
35967,TAPHTAPH,initiator,2026,7416,11,pacific,2026-03-20 07:00:00,7031,NAOS,,,,,unverified,unverified,statistical_candidate_requires_availability_check
36036,practo,initiator,2026,7416,35,americas,2026-04-22 16:00:00,5601,Nightblood Gaming,,,,,unverified,unverified,statistical_candidate_requires_availability_check
36046,p0seidon,controller,2026,7416,13,americas,2026-02-09 18:20:00,16440,Alliance Guardians,,,,,unverified,unverified,statistical_candidate_requires_availability_check
36070,Zimo,controller,2026,7416,21,emea,2026-06-25 11:00:00,16598,AlQadsiah Esports,,,https://www.vlr.gg/player/36070/zimo,2026-10-06T16:02:06+00:00,unverified,unverified,statistical_candidate_requires_availability_check
36106,skz,initiator,2026,7416,34,americas,2026-07-03 18:00:00,17094,FURIA Academy,,,,,unverified,unverified,statistical_candidate_requires_availability_check
36168,Kimbo,controller,2026,7416,57,americas,2026-07-10 15:00:00,367,9z Globant,,,,,unverified,unverified,statistical_candidate_requires_availability_check
36169,mta,duelist,2026,7416,28,americas,2026-06-24 15:00:00,9427,OXEN,,,,,unverified,unverified,statistical_candidate_requires_availability_check
36389,izana,sentinel,2026,7416,31,emea,2026-06-05 09:00:00,18494,F9 EICAR,,,,,unverified,unverified,statistical_candidate_requires_availability_check
36402,kubfu,duelist,2026,7416,38,emea,2026-06-06 09:00:00,13112,Lost Puppies,,,,,unverified,unverified,statistical_candidate_requires_availability_check
36433,phc,controller,2026,7416,31,americas,2026-07-12 15:00:00,19791,KRÜ SPARK,,,,,unverified,unverified,statistical_candidate_requires_availability_check
36513,Guran,unknown,2026,7416,10,china,2026-04-25 04:00:00,11985,Rare Atom,Rare Atom joined in March 2024,,https://www.vlr.gg/player/36513/guran,2026-10-06T16:02:07+00:00,unverified,unverified,statistical_candidate_requires_availability_check
36616,FNooB,controller,2026,7416,45,pacific,2026-06-04 05:30:00,16411,XØ IND,,,,,unverified,unverified,statistical_candidate_requires_availability_check
36639,azaziN,duelist,2026,7416,35,emea,2026-06-06 13:00:00,17979,Otakar Esports,,,,,unverified,unverified,statistical_candidate_requires_availability_check
36748,Czester,initiator,2026,7416,12,emea,2026-06-05 09:00:00,11257,Szach Mat,SAMCRO joined in August 2026,,https://www.vlr.gg/player/36748/czester,2026-10-06T16:02:09+00:00,unverified,unverified,statistical_candidate_requires_availability_check
36756,drepeex,controller,2026,7416,38,emea,2026-05-06 11:00:00,12355,Bitfix Gaming,,,,,unverified,unverified,statistical_candidate_requires_availability_check
37067,Lee,controller,2026,7416,11,pacific,2026-02-13 06:00:00,21104,ANTASENA,,,,,unverified,unverified,statistical_candidate_requires_availability_check
37091,peixeh,controller,2026,7416,28,americas,2026-07-03 18:00:00,17094,FURIA Academy,,,,,unverified,unverified,statistical_candidate_requires_availability_check
37095,kwn,initiator,2026,7416,49,americas,2026-07-16 16:00:00,22657,ABACATUDOS,,,,,unverified,unverified,statistical_candidate_requires_availability_check
37098,Tiezzi,duelist,2026,7416,46,americas,2026-06-25 18:40:00,18622,ELEVATE,,,,,unverified,unverified,statistical_candidate_requires_availability_check
37105,Loss,duelist,2026,7416,52,americas,2026-08-22 17:00:00,22142,BESTIA,,,https://www.vlr.gg/player/37105/loss,2026-10-06T16:02:10+00:00,unverified,unverified,statistical_candidate_requires_availability_check
37393,Luca,initiator,2026,7416,49,pacific,2026-07-05 03:00:00,14375,RIDDLE ORDER,,,,,unverified,unverified,statistical_candidate_requires_availability_check
37535,JaebiN,duelist,2026,7416,38,pacific,2026-07-15 04:00:00,20978,ARETE,,,,,unverified,unverified,statistical_candidate_requires_availability_check
37639,Hyuse,controller,2026,7416,14,pacific,2026-06-02 07:00:00,22131,ROY Esports,,,,,unverified,unverified,statistical_candidate_requires_availability_check
37646,Ao,controller,2026,7416,24,emea,2026-06-04 13:30:00,15477,Nuxeria Esport,,,,,unverified,unverified,statistical_candidate_requires_availability_check
37704,heartless,initiator,2026,7416,14,americas,2026-03-11 16:00:00,16278,Blue Otter,,,,,unverified,unverified,statistical_candidate_requires_availability_check
37925,Kolosha,duelist,2026,7416,52,emea,2026-08-12 13:25:00,4915,Natus Vincere,Natus Vincere Junior joined in May 2026,,https://www.vlr.gg/player/37925/kolosha,2026-10-06T16:02:13+00:00,unverified,unverified,statistical_candidate_requires_availability_check
38353,Saud,duelist,2026,7416,11,emea,2026-05-12 12:00:00,18120,Stallions Esports,,,,,unverified,unverified,statistical_candidate_requires_availability_check
38369,Only1,duelist,2026,7416,30,pacific,2026-05-13 05:55:00,21367,REIGNITE FOXX,,,,,unverified,unverified,statistical_candidate_requires_availability_check
38857,benG,controller,2026,7416,56,americas,2026-07-12 15:00:00,19791,KRÜ SPARK,,,,,unverified,unverified,statistical_candidate_requires_availability_check
38921,Fotzy,controller,2026,7416,13,americas,2026-02-23 20:00:00,17289,AB3 Esports,,,,,unverified,unverified,statistical_candidate_requires_availability_check
39021,Notexxd,controller,2026,7416,47,americas,2026-05-09 17:00:00,188,Cloud9,Certified Turtles,,https://www.vlr.gg/player/39021/notexxd,2026-10-06T16:02:14+00:00,unverified,unverified,statistical_candidate_requires_availability_check
39062,Terrox,sentinel,2026,7416,27,emea,2026-06-05 13:00:00,20976,Dortmund eSports,,,,,unverified,unverified,statistical_candidate_requires_availability_check
39239,payne,controller,2026,7416,64,americas,2026-07-11 16:00:00,13920,SaD Esports,,,,,unverified,unverified,statistical_candidate_requires_availability_check
39285,Fezisss,controller,2026,7416,39,emea,2026-06-05 09:00:00,18054,BONK,,,,,unverified,unverified,statistical_candidate_requires_availability_check
39351,wezzy,controller,2026,7416,41,emea,2026-07-08 13:30:00,2036,Beşiktaş Esports,NKVT Beşiktaş Esports joined in December 2025,Digital Athletics May 2024 – January 2025 Inactive from October 2024,https://www.vlr.gg/player/39351/wezzy,2026-10-06T16:02:15+00:00,unverified,unverified,statistical_candidate_requires_availability_check
39538,Bull3tZ,duelist,2026,7416,37,americas,2026-06-25 18:00:00,20808,LAZER,,,,,unverified,unverified,statistical_candidate_requires_availability_check
39557,Xalleby,duelist,2026,7416,13,americas,2026-06-29 18:00:00,22732,Stray Cats,,,,,unverified,unverified,statistical_candidate_requires_availability_check
39602,Recoil,initiator,2026,7416,63,americas,2026-07-04 16:00:00,21054,Evil Geniuses Academy,,,,,unverified,unverified,statistical_candidate_requires_availability_check
39682,WanZeru,duelist,2026,7416,62,emea,2026-06-29 13:30:00,17297,Team Liquid Academy,,,,,unverified,unverified,statistical_candidate_requires_availability_check
39695,sunfloweR,controller,2026,7416,60,emea,2026-07-08 13:30:00,10417,Formulation Gaming,,,,,unverified,unverified,statistical_candidate_requires_availability_check
40003,Wintxrr,controller,2026,7416,36,emea,2026-06-06 09:00:00,13112,Lost Puppies,,,,,unverified,unverified,statistical_candidate_requires_availability_check
40004,globeX,duelist,2026,7416,56,emea,2026-07-10 14:00:00,14461,Barça eSports,,,,,unverified,unverified,statistical_candidate_requires_availability_check
40057,BatmaN,controller,2026,7416,22,pacific,2026-06-04 05:30:00,20596,SIGN Esports,,,,,unverified,unverified,statistical_candidate_requires_availability_check
40066,Raez10,initiator,2026,7416,10,pacific,2026-03-09 06:30:00,21582,Vison Esports,,,,,unverified,unverified,statistical_candidate_requires_availability_check
40074,Kladenstein,duelist,2026,7416,50,pacific,2026-06-05 05:30:00,16411,XØ IND,,,,,unverified,unverified,statistical_candidate_requires_availability_check
40218,FuRy,controller,2026,7416,12,emea,2026-05-05 12:00:00,21860,Team Spire,,,,,unverified,unverified,statistical_candidate_requires_availability_check
40279,NGen,initiator,2026,7416,22,pacific,2026-07-01 04:00:00,9749,DRX Academy,,,,,unverified,unverified,statistical_candidate_requires_availability_check
40310,felito,initiator,2026,7416,22,emea,2026-06-04 13:30:00,11829,eSports Cologne,,,,,unverified,unverified,statistical_candidate_requires_availability_check
40511,NIZ,initiator,2026,7416,16,pacific,2026-08-23 04:00:00,623,Sharper Esports,Sharper Esports,,https://www.vlr.gg/player/40511/niz,2026-10-06T16:02:18+00:00,unverified,unverified,statistical_candidate_requires_availability_check
40665,YappA,initiator,2026,7416,31,emea,2026-07-08 13:30:00,13589,Ghools Esports,,,,,unverified,unverified,statistical_candidate_requires_availability_check
40667,mazen,duelist,2026,7416,31,emea,2026-07-08 13:30:00,13589,Ghools Esports,,,,,unverified,unverified,statistical_candidate_requires_availability_check
40668,CHADONjr,initiator,2026,7416,15,emea,2026-07-08 13:30:00,13589,Ghools Esports,,,,,unverified,unverified,statistical_candidate_requires_availability_check
40697,hAwksinho,duelist,2026,7416,28,emea,2026-06-06 13:00:00,20963,Galions,,,,,unverified,unverified,statistical_candidate_requires_availability_check
40702,bênjiro,initiator,2026,7416,19,emea,2026-06-05 13:00:00,20976,Dortmund eSports,,,,,unverified,unverified,statistical_candidate_requires_availability_check
40726,Gwangboong,duelist,2026,7416,21,pacific,2026-05-13 05:15:00,282,SCARZ,,,,,unverified,unverified,statistical_candidate_requires_availability_check
40738,KillAA,controller,2026,7416,10,pacific,2026-02-04 04:30:00,11233,BC SWELL,,,,,unverified,unverified,statistical_candidate_requires_availability_check
40841,kabzi,controller,2026,7416,35,emea,2026-07-12 11:00:00,22601,Çilekler,,,,,unverified,unverified,statistical_candidate_requires_availability_check
40842,ibonata,initiator,2026,7416,53,emea,2026-07-12 11:00:00,22601,Çilekler,,,,,unverified,unverified,statistical_candidate_requires_availability_check
40858,raised,duelist,2026,7416,46,americas,2026-07-15 19:00:00,23310,TEAM EGO,,,,,unverified,unverified,statistical_candidate_requires_availability_check
40859,taka,duelist,2026,7416,45,americas,2026-07-03 18:00:00,17094,FURIA Academy,,,,,unverified,unverified,statistical_candidate_requires_availability_check
40889,decoy,duelist,2026,7416,40,pacific,2026-06-18 07:00:00,16301,Trinity,,,,,unverified,unverified,statistical_candidate_requires_availability_check
40891,Batenkh,initiator,2026,7416,40,pacific,2026-06-18 07:00:00,16301,Trinity,,,,,unverified,unverified,statistical_candidate_requires_availability_check
40892,diky,controller,2026,7416,40,pacific,2026-06-18 07:00:00,16301,Trinity,,,,,unverified,unverified,statistical_candidate_requires_availability_check
40910,consz,duelist,2026,7416,23,pacific,2026-04-09 05:30:00,17180,Revenant XSpark,,,,,unverified,unverified,statistical_candidate_requires_availability_check
41029,Z1yan,unknown,2026,7416,10,china,2026-04-25 04:00:00,11985,Rare Atom,Rare Atom joined in January 2026,,https://www.vlr.gg/player/41029/z1yan,2026-10-06T16:02:20+00:00,unverified,unverified,statistical_candidate_requires_availability_check
41087,soull,initiator,2026,7416,12,emea,2026-05-05 12:00:00,21860,Team Spire,,,,,unverified,unverified,statistical_candidate_requires_availability_check
41128,Mathi,duelist,2026,7416,50,americas,2026-07-05 17:30:00,20209,University War,,,,,unverified,unverified,statistical_candidate_requires_availability_check
41134,nx1,controller,2026,7416,45,americas,2026-06-24 15:00:00,16971,ShindeN,,,,,unverified,unverified,statistical_candidate_requires_availability_check
41220,krejz,controller,2026,7416,17,emea,2026-04-26 11:00:00,20963,Galions,,,,,unverified,unverified,statistical_candidate_requires_availability_check
41224,tkzin,duelist,2026,7416,46,americas|international,2026-10-07 07:30:00,6961,LOUD,,,,,unverified,unverified,statistical_candidate_requires_availability_check
41225,kramarick,sentinel,2026,7416,46,americas,2026-06-25 18:40:00,18622,ELEVATE,,,,,unverified,unverified,statistical_candidate_requires_availability_check
41390,troizyyy,controller,2026,7416,17,emea,2026-04-26 11:00:00,20963,Galions,,,,,unverified,unverified,statistical_candidate_requires_availability_check
41409,vandals,duelist,2026,7416,21,americas,2026-06-25 21:00:00,7269,FUSION,,,,,unverified,unverified,statistical_candidate_requires_availability_check
41449,Campos,duelist,2026,7416,21,americas,2026-04-02 19:00:00,21122,HOLY,,,,,unverified,unverified,statistical_candidate_requires_availability_check
41456,mxnor,initiator,2026,7416,12,americas,2026-07-16 16:00:00,16071,PEEK,,,,,unverified,unverified,statistical_candidate_requires_availability_check
41466,mixyce,initiator,2026,7416,10,americas,2026-04-03 16:00:00,16068,F4TALITY,,,,,unverified,unverified,statistical_candidate_requires_availability_check
41482,dth,controller,2026,7416,39,americas,2026-06-02 16:00:00,18622,ELEVATE,,,,,unverified,unverified,statistical_candidate_requires_availability_check
41550,zaj,duelist,2026,7416,64,americas,2026-07-11 16:00:00,13920,SaD Esports,,,,,unverified,unverified,statistical_candidate_requires_availability_check
41552,doozy,duelist,2026,7416,19,emea,2026-06-05 13:00:00,1981,Dark Passage,,,,,unverified,unverified,statistical_candidate_requires_availability_check
41694,endoist,duelist,2026,7416,55,pacific,2026-08-20 07:00:00,17167,Xipto Esports,Xipto Esports joined in July 2026,,https://www.vlr.gg/player/41694/endoist,2026-10-06T16:02:22+00:00,unverified,unverified,statistical_candidate_requires_availability_check
41702,canady,initiator,2026,7416,50,pacific,2026-08-20 07:00:00,17167,Xipto Esports,,,,,unverified,unverified,statistical_candidate_requires_availability_check
41718,Spear,duelist,2026,7416,18,emea,2026-08-16 09:00:00,6392,Eternal Fire,,,,,unverified,unverified,statistical_candidate_requires_availability_check
41719,mepeezy,duelist,2026,7416,53,emea,2026-07-12 11:00:00,22601,Çilekler,,,,,unverified,unverified,statistical_candidate_requires_availability_check
41840,NoMeRcY,duelist,2026,7416,10,pacific,2026-05-05 08:30:00,4680,Team 69,,,,,unverified,unverified,statistical_candidate_requires_availability_check
41864,rodd,initiator,2026,7416,29,americas,2026-04-09 16:00:00,19213,Remo Esports,,,,,unverified,unverified,statistical_candidate_requires_availability_check
42008,pAwn1,initiator,2026,7416,14,emea,2026-04-28 10:30:00,20085,Fire Flux Esports,,,,,unverified,unverified,statistical_candidate_requires_availability_check
42064,hieu,duelist,2026,7416,36,americas,2026-04-29 16:00:00,21053,Azure Dragon Gaming,,,,,unverified,unverified,statistical_candidate_requires_availability_check
42199,Rei,duelist,2026,7416,48,americas,2026-07-11 18:00:00,17252,FUEGO,,,,,unverified,unverified,statistical_candidate_requires_availability_check
42317,Krish,controller,2026,7416,10,emea,2026-03-28 10:00:00,19477,Enisorail,,,,,unverified,unverified,statistical_candidate_requires_availability_check
42318,Ssqkkii,initiator,2026,7416,10,emea,2026-03-28 10:00:00,19477,Enisorail,,,,,unverified,unverified,statistical_candidate_requires_availability_check
42348,Elyxo,initiator,2026,7416,19,emea,2026-06-05 13:00:00,1981,Dark Passage,,,,,unverified,unverified,statistical_candidate_requires_availability_check
42358,Darxcioo,duelist,2026,7416,65,emea,2026-07-02 11:00:00,21715,Natus Vincere Junior,Natus Vincere Junior joined in May 2026,,https://www.vlr.gg/player/42358/darxcioo,2026-10-06T16:02:25+00:00,unverified,unverified,statistical_candidate_requires_availability_check
42365,ViiZiionZzz,duelist,2026,7416,39,emea,2026-06-06 09:00:00,13112,Lost Puppies,,,,,unverified,unverified,statistical_candidate_requires_availability_check
42371,T0BA,sentinel,2026,7416,29,emea,2026-04-14 13:30:00,13112,Lost Puppies,,,,,unverified,unverified,statistical_candidate_requires_availability_check
42454,sizo,sentinel,2026,7416,29,emea,2026-07-02 11:00:00,21715,Natus Vincere Junior,Natus Vincere Junior joined in June 2026 GoFund4OmarHouse LANDODGERS,,https://www.vlr.gg/player/42454/sizo,2026-10-06T16:02:25+00:00,unverified,unverified,statistical_candidate_requires_availability_check
42638,Amcar,sentinel,2026,7416,19,emea,2026-06-05 09:00:00,8826,ALTERNATE aTTaX,,,,,unverified,unverified,statistical_candidate_requires_availability_check
42651,avey,controller,2026,7416,57,emea,2026-07-02 11:00:00,21715,Natus Vincere Junior,Natus Vincere Junior joined in May 2026,,https://www.vlr.gg/player/42651/avey,2026-10-06T16:02:26+00:00,unverified,unverified,statistical_candidate_requires_availability_check
42661,BarcK,controller,2026,7416,29,emea,2026-06-06 09:00:00,13112,Lost Puppies,,,,,unverified,unverified,statistical_candidate_requires_availability_check
42702,Krizz,sentinel,2026,7416,23,emea,2026-04-28 15:00:00,9071,EVOPLAY,,,,,unverified,unverified,statistical_candidate_requires_availability_check
42721,Awayk,duelist,2026,7416,52,pacific,2026-07-15 04:00:00,19189,ONSIDE GAMING,,ONSIDE GAMING December 2025 – August 2026 Inactive from August 2026,https://www.vlr.gg/player/42721/awayk,2026-10-06T16:02:27+00:00,unverified,unverified,statistical_candidate_requires_availability_check
42755,shu,controller,2026,7416,48,pacific,2026-07-13 04:00:00,11348,Dplus Esports,Dplus Esports joined in November 2025,,https://www.vlr.gg/player/42755/shu,2026-10-06T16:02:28+00:00,unverified,unverified,statistical_candidate_requires_availability_check
42769,wezzy,duelist,2026,7416,29,pacific,2026-07-01 07:00:00,15578,T1 Academy,T1 Academy joined in June 2026,,https://www.vlr.gg/player/42769/wezzy,2026-10-06T16:02:29+00:00,unverified,unverified,statistical_candidate_requires_availability_check
42793,Kally,duelist,2026,7416,48,pacific,2026-07-13 04:00:00,11348,Dplus Esports,Dplus Esports joined in November 2025,,https://www.vlr.gg/player/42793/kally,2026-10-06T16:02:30+00:00,unverified,unverified,statistical_candidate_requires_availability_check
42842,Axe1,controller,2026,7416,19,pacific,2026-05-08 01:00:00,21437,Mir Gaming,,,,,unverified,unverified,statistical_candidate_requires_availability_check
42843,fl0wy,duelist,2026,7416,26,pacific,2026-04-08 06:05:00,20978,ARETE,,,,,unverified,unverified,statistical_candidate_requires_availability_check
42879,aztex,controller,2026,7416,36,americas,2026-07-03 16:00:00,16606,MIBR Academy,,,,,unverified,unverified,statistical_candidate_requires_availability_check
43029,Lipsum,sentinel,2026,7416,12,pacific,2026-05-13 05:55:00,16244,PARON,,,,,unverified,unverified,statistical_candidate_requires_availability_check
43045,dabuchi,controller,2026,7416,10,pacific,2026-02-04 04:30:00,11233,BC SWELL,,,,,unverified,unverified,statistical_candidate_requires_availability_check
43057,DH,controller,2026,7416,29,pacific,2026-08-01 04:00:00,14,T1,,,,,unverified,unverified,statistical_candidate_requires_availability_check
43064,Aace,duelist,2026,7416,43,pacific,2026-07-25 03:20:00,2934,FENNEL,,,,,unverified,unverified,statistical_candidate_requires_availability_check
43074,Satwoshi,duelist,2026,7416,52,pacific,2026-06-28 03:00:00,5148,Insomnia,,,,,unverified,unverified,statistical_candidate_requires_availability_check
43090,Keimaru,initiator,2026,7416,12,pacific,2026-05-13 06:30:00,22281,KING GUY,,,,,unverified,unverified,statistical_candidate_requires_availability_check
43093,RIFE,controller,2026,7416,12,pacific,2026-05-13 05:55:00,16244,PARON,,,,,unverified,unverified,statistical_candidate_requires_availability_check
43389,YasH,duelist,2026,7416,27,pacific,2026-03-31 05:30:00,16939,xCrew,,,,,unverified,unverified,statistical_candidate_requires_availability_check
43395,Sanak,duelist,2026,7416,10,pacific,2026-03-31 05:30:00,17664,DOT EXE,,,,,unverified,unverified,statistical_candidate_requires_availability_check
43399,LaFlame,duelist,2026,7416,19,pacific,2026-05-15 05:30:00,21594,KRYON ESPORTS,,,,,unverified,unverified,statistical_candidate_requires_availability_check
43408,Garv,initiator,2026,7416,41,pacific,2026-05-30 08:10:00,798,The Rad Syndicate,,,,,unverified,unverified,statistical_candidate_requires_availability_check
43428,Akdemon,sentinel,2026,7416,19,pacific,2026-05-15 05:30:00,21594,KRYON ESPORTS,,,,,unverified,unverified,statistical_candidate_requires_availability_check
43448,Shanks,initiator,2026,7416,14,pacific,2026-03-31 05:30:00,17664,DOT EXE,,,,,unverified,unverified,statistical_candidate_requires_availability_check
43449,bumbo,sentinel,2026,7416,20,pacific,2026-05-14 07:40:00,17664,DOT EXE,,,,,unverified,unverified,statistical_candidate_requires_availability_check
43935,ruso,duelist,2026,7416,53,americas,2026-07-05 17:30:00,20209,University War,,,,,unverified,unverified,statistical_candidate_requires_availability_check
43997,RYKER,duelist,2026,7416,45,americas,2026-06-27 16:00:00,16440,Alliance Guardians,,,,,unverified,unverified,statistical_candidate_requires_availability_check
44075,dedmos,controller,2026,7416,80,americas,2026-07-28 20:50:00,10376,Contra,,,,,unverified,unverified,statistical_candidate_requires_availability_check
44186,d3nZ,controller,2026,7416,10,emea,2026-05-06 14:30:00,2290,Gamax Esports,,,,,unverified,unverified,statistical_candidate_requires_availability_check
44251,Dignified,sentinel,2026,7416,25,pacific,2026-05-17 10:00:00,17134,Heaven Sent,,,,,unverified,unverified,statistical_candidate_requires_availability_check
44259,yokam,duelist,2026,7416,24,pacific,2026-06-02 07:00:00,17167,Xipto Esports,,,,,unverified,unverified,statistical_candidate_requires_availability_check
44294,eur,controller,2026,7416,16,pacific,2026-03-16 05:00:00,1929,KADILIMAN,,,,,unverified,unverified,statistical_candidate_requires_availability_check
44309,fish,controller,2026,7416,49,americas,2026-07-16 16:00:00,22657,ABACATUDOS,,,,,unverified,unverified,statistical_candidate_requires_availability_check
44344,shawz,duelist,2026,7416,28,americas,2026-05-13 16:00:00,19914,Evictix,,,,,unverified,unverified,statistical_candidate_requires_availability_check
44348,ducq,initiator,2026,7416,50,americas,2026-06-24 18:50:00,21838,FlyQuest,,,,,unverified,unverified,statistical_candidate_requires_availability_check
44417,dre,controller,2026,7416,56,americas,2026-06-26 16:00:00,19914,Evictix,,,,,unverified,unverified,statistical_candidate_requires_availability_check
44548,NoMiss,controller,2026,7416,10,emea,2026-06-04 09:30:00,11829,eSports Cologne,,,,,unverified,unverified,statistical_candidate_requires_availability_check
44586,ANNYEON,duelist,2026,7416,42,pacific,2026-07-15 04:00:00,20978,ARETE,,,,,unverified,unverified,statistical_candidate_requires_availability_check
44613,Yamada,sentinel,2026,7416,19,pacific,2026-04-08 03:00:00,21338,AGELITE,,,,,unverified,unverified,statistical_candidate_requires_availability_check
44787,RayUndaunted,controller,2026,7416,16,americas,2026-06-26 16:00:00,19914,Evictix,,,,,unverified,unverified,statistical_candidate_requires_availability_check
44838,Racoone,initiator,2026,7416,36,americas,2026-06-26 16:00:00,19914,Evictix,,,,,unverified,unverified,statistical_candidate_requires_availability_check
44842,Jackk,initiator,2026,7416,30,americas,2026-08-19 17:00:00,188,Cloud9,Cloud9 joined in May 2026,,https://www.vlr.gg/player/44842/jackk,2026-10-06T16:02:32+00:00,unverified,unverified,statistical_candidate_requires_availability_check
44903,Fw,controller,2026,7416,29,americas,2026-04-09 16:00:00,19213,Remo Esports,,,,,unverified,unverified,statistical_candidate_requires_availability_check
44919,aplycs,controller,2026,7416,12,pacific,2026-03-20 11:30:00,17139,Rival Esports,,,,,unverified,unverified,statistical_candidate_requires_availability_check
45140,loll9,duelist,2026,7416,19,emea,2026-06-04 13:30:00,14614,HGE Esport,,,,,unverified,unverified,statistical_candidate_requires_availability_check
45358,yearn,controller,2026,7416,17,americas,2026-06-27 16:00:00,16440,Alliance Guardians,,,,,unverified,unverified,statistical_candidate_requires_availability_check
45484,MAX,sentinel,2026,7416,37,pacific,2026-06-05 05:30:00,21627,Leosun Esports,,,,,unverified,unverified,statistical_candidate_requires_availability_check
45494,Proxh,controller,2026,7416,52,emea,2026-08-12 11:00:00,12694,Gentle Mates,Gentle Mates joined in June 2026,"Gentle Mates May 2025 – October 2025 Inactive from September 2025|2025/05/13 Gentle Mates brings in Veqaj and Proxh, Kada and Click to move to inactive roster",https://www.vlr.gg/player/45494/proxh,2026-10-06T16:02:33+00:00,unverified,unverified,statistical_candidate_requires_availability_check
45696,vita,duelist,2026,7416,42,americas,2026-07-11 16:00:00,13920,SaD Esports,,,,,unverified,unverified,statistical_candidate_requires_availability_check
45699,solada,duelist,2026,7416,51,americas,2026-06-24 18:50:00,21838,FlyQuest,,,,,unverified,unverified,statistical_candidate_requires_availability_check
45706,Roses,controller,2026,7416,11,americas,2026-06-29 18:00:00,22732,Stray Cats,,,,,unverified,unverified,statistical_candidate_requires_availability_check
45769,Waddles,initiator,2026,7416,39,emea,2026-06-05 09:00:00,18054,BONK,,,,,unverified,unverified,statistical_candidate_requires_availability_check
45834,aidan,duelist,2026,7416,10,emea,2026-03-28 10:00:00,4141,WLGaming Esports,,,,,unverified,unverified,statistical_candidate_requires_availability_check
45836,Corsa,sentinel,2026,7416,32,emea,2026-06-04 13:30:00,18054,BONK,,,,,unverified,unverified,statistical_candidate_requires_availability_check
45864,Bruxo,duelist,2026,7416,42,americas,2026-07-03 18:00:00,17094,FURIA Academy,,,,,unverified,unverified,statistical_candidate_requires_availability_check
45918,clutchz,duelist,2026,7416,40,americas,2026-06-25 18:00:00,2131,Chivas Esports,,,,,unverified,unverified,statistical_candidate_requires_availability_check
45922,Sitolui,duelist,2026,7416,16,americas,2026-03-25 20:00:00,7269,FUSION,,,,,unverified,unverified,statistical_candidate_requires_availability_check
45962,KEN,sentinel,2026,7416,41,pacific,2026-07-05 07:15:00,294,CREST GAMING Zst,,,https://www.vlr.gg/player/45962/ken,2026-10-06T16:02:33+00:00,unverified,unverified,statistical_candidate_requires_availability_check
46011,haeyoday,duelist,2026,7416,25,americas,2026-07-10 18:05:00,21049,NRG Academy,,,,,unverified,unverified,statistical_candidate_requires_availability_check
46042,Youjun,unknown,2026,7416,10,china,2026-04-26 07:00:00,19531,Any Questions Gaming,,,,,unverified,unverified,statistical_candidate_requires_availability_check
46046,Iceyyy,duelist,2026,7416,24,pacific,2026-03-20 11:30:00,17139,Rival Esports,,,,,unverified,unverified,statistical_candidate_requires_availability_check
46048,R0meo,duelist,2026,7416,22,pacific,2026-05-31 05:30:00,21627,Leosun Esports,,,,,unverified,unverified,statistical_candidate_requires_availability_check
46051,Yuvi,duelist,2026,7416,51,pacific,2026-06-28 02:30:00,3713,S8UL Esports,,,,,unverified,unverified,statistical_candidate_requires_availability_check
46056,Jaggi,initiator,2026,7416,30,pacific,2026-05-05 05:30:00,19165,Mumbai Demons,,,,,unverified,unverified,statistical_candidate_requires_availability_check
46059,Decroit,sentinel,2026,7416,13,pacific,2026-03-09 09:30:00,20595,NWA,,,,,unverified,unverified,statistical_candidate_requires_availability_check
46060,luc1d,initiator,2026,7416,21,pacific,2026-06-05 05:30:00,21627,Leosun Esports,,,,,unverified,unverified,statistical_candidate_requires_availability_check
46082,jcz,initiator,2026,7416,27,americas,2026-04-21 15:00:00,9427,OXEN,,,,,unverified,unverified,statistical_candidate_requires_availability_check
46098,Layman,initiator,2026,7416,10,pacific,2026-05-17 07:00:00,849,Armory Gaming,,,,,unverified,unverified,statistical_candidate_requires_availability_check
46104,Envy2K,duelist,2026,7416,60,pacific,2026-06-04 05:30:00,20596,SIGN Esports,,,,,unverified,unverified,statistical_candidate_requires_availability_check
46126,Mighty,duelist,2026,7416,19,pacific,2026-03-30 05:30:00,16939,xCrew,,,,,unverified,unverified,statistical_candidate_requires_availability_check
46182,FLAMEE,controller,2026,7416,12,pacific,2026-06-05 05:30:00,21627,Leosun Esports,,,,,unverified,unverified,statistical_candidate_requires_availability_check
46360,foreign,controller,2026,7416,48,americas,2026-06-28 16:00:00,21714,Division One,,,,,unverified,unverified,statistical_candidate_requires_availability_check
46440,Helas,duelist,2026,7416,19,emea,2026-06-05 13:00:00,2290,Gamax Esports,,,,,unverified,unverified,statistical_candidate_requires_availability_check
46441,k9lyos,sentinel,2026,7416,40,emea,2026-05-13 11:00:00,21715,Natus Vincere Junior,,,,,unverified,unverified,statistical_candidate_requires_availability_check
46446,TITOUNE,duelist,2026,7416,27,emea,2026-06-05 13:00:00,2290,Gamax Esports,La Masia Gamax Esports,,https://www.vlr.gg/player/46446/titoune,2026-10-06T16:02:35+00:00,unverified,unverified,statistical_candidate_requires_availability_check
46456,shed3rik,controller,2026,7416,34,emea,2026-06-05 09:00:00,22600,RB Corp,,,,,unverified,unverified,statistical_candidate_requires_availability_check
46463,twilight,initiator,2026,7416,38,pacific,2026-07-10 04:00:00,4330,Fancy United Esports,,,,,unverified,unverified,statistical_candidate_requires_availability_check
46568,above,controller,2026,7416,40,americas,2026-07-16 16:00:00,22657,ABACATUDOS,,,,,unverified,unverified,statistical_candidate_requires_availability_check
46901,maxhinh9,controller,2026,7416,21,americas,2026-06-01 15:00:00,9427,OXEN,,,,,unverified,unverified,statistical_candidate_requires_availability_check
47259,Shaimon,sentinel,2026,7416,30,emea,2026-06-06 09:00:00,8924,Ramboot Club,,,,,unverified,unverified,statistical_candidate_requires_availability_check
47467,Ady,controller,2026,7416,52,pacific,2026-06-28 03:00:00,5148,Insomnia,,,,,unverified,unverified,statistical_candidate_requires_availability_check
47472,r4bbit,initiator,2026,7416,10,pacific,2026-02-04 02:30:00,17882,NORTHEPTION Youth,,,,,unverified,unverified,statistical_candidate_requires_availability_check
47474,Russeyll,initiator,2026,7416,12,pacific,2026-05-13 05:55:00,16244,PARON,,,,,unverified,unverified,statistical_candidate_requires_availability_check
47481,Frxeez,sentinel,2026,7416,42,pacific,2026-07-24 23:30:00,6869,IGZIST,,,,,unverified,unverified,statistical_candidate_requires_availability_check
47482,flora,duelist,2026,7416,45,pacific,2026-06-28 03:00:00,5148,Insomnia,,,,,unverified,unverified,statistical_candidate_requires_availability_check
47522,Kaaru,controller,2026,7416,10,emea,2026-03-28 10:00:00,4141,WLGaming Esports,,,,,unverified,unverified,statistical_candidate_requires_availability_check
47523,Raz,duelist,2026,7416,61,emea,2026-07-09 11:00:00,17945,MIR,,,,,unverified,unverified,statistical_candidate_requires_availability_check
47551,sanoj,duelist,2026,7416,36,americas,2026-07-03 16:00:00,16606,MIBR Academy,,,,,unverified,unverified,statistical_candidate_requires_availability_check
47754,masterz,controller,2026,7416,10,pacific,2026-03-09 06:30:00,20595,NWA,,,,,unverified,unverified,statistical_candidate_requires_availability_check
47756,CLowNx,duelist,2026,7416,19,pacific,2026-03-09 06:30:00,21624,RR Paglus,,,,,unverified,unverified,statistical_candidate_requires_availability_check
47773,MasK,duelist,2026,7416,16,pacific,2026-05-14 07:40:00,17664,DOT EXE,,,,,unverified,unverified,statistical_candidate_requires_availability_check
47804,sAmar,controller,2026,7416,21,pacific,2026-05-15 05:30:00,21594,KRYON ESPORTS,,,,,unverified,unverified,statistical_candidate_requires_availability_check
47815,devashhessh,controller,2026,7416,12,pacific,2026-05-05 05:30:00,20582,Clutch Core Esports,,,,,unverified,unverified,statistical_candidate_requires_availability_check
47835,xeon,sentinel,2026,7416,42,pacific,2026-06-04 05:30:00,20596,SIGN Esports,,,,,unverified,unverified,statistical_candidate_requires_availability_check
47837,gioØ2x,controller,2026,7416,55,americas,2026-06-25 21:00:00,7269,FUSION,,,,,unverified,unverified,statistical_candidate_requires_availability_check
47852,Boomy,duelist,2026,7416,48,americas,2026-06-28 16:00:00,21714,Division One,,,,,unverified,unverified,statistical_candidate_requires_availability_check
47858,Leo,duelist,2026,7416,44,americas,2026-06-24 18:50:00,21838,FlyQuest,,"2026/06/17 FlyQuest bench neT, promote Leo and slow",https://www.vlr.gg/player/47858/leo,2026-10-06T16:02:40+00:00,unverified,unverified,statistical_candidate_requires_availability_check
47861,calamity,duelist,2026,7416,48,americas,2026-06-28 16:00:00,21714,Division One,,,,,unverified,unverified,statistical_candidate_requires_availability_check
47958,resistance,sentinel,2026,7416,13,emea,2026-04-19 12:00:00,8945,One More Esports,,,,,unverified,unverified,statistical_candidate_requires_availability_check
47982,sorex,controller,2026,7416,51,americas,2026-06-24 18:50:00,21838,FlyQuest,,,,,unverified,unverified,statistical_candidate_requires_availability_check
48012,Hada,sentinel,2026,7416,27,americas,2026-07-11 18:00:00,17252,FUEGO,,,,,unverified,unverified,statistical_candidate_requires_availability_check
48017,traded,duelist,2026,7416,28,americas,2026-03-30 16:00:00,19914,Evictix,,,,,unverified,unverified,statistical_candidate_requires_availability_check
48171,Nana,unknown,2026,7416,12,china,2026-04-26 07:00:00,20082,Victory No Limits Gaming GC,,,,,unverified,unverified,statistical_candidate_requires_availability_check
48226,Ayu,unknown,2026,7416,12,china,2026-04-26 07:00:00,20082,Victory No Limits Gaming GC,,,,,unverified,unverified,statistical_candidate_requires_availability_check
48227,p1katong,unknown,2026,7416,12,china,2026-04-26 07:00:00,20082,Victory No Limits Gaming GC,,,,,unverified,unverified,statistical_candidate_requires_availability_check
48431,Kippei,controller,2026,7416,47,pacific,2026-08-20 04:00:00,18299,QT DIG∞,,,,,unverified,unverified,statistical_candidate_requires_availability_check
48502,loley,duelist,2026,7416,10,pacific,2026-05-17 07:00:00,849,Armory Gaming,,,,,unverified,unverified,statistical_candidate_requires_availability_check
48516,doffy,duelist,2026,7416,55,pacific,2026-08-20 07:00:00,17167,Xipto Esports,,,,,unverified,unverified,statistical_candidate_requires_availability_check
48553,Yarwiz,sentinel,2026,7416,21,americas,2026-07-04 21:00:00,21459,STREAMER ARENA,,,,,unverified,unverified,statistical_candidate_requires_availability_check
48574,Nia,duelist,2026,7416,38,pacific,2026-07-10 04:00:00,4330,Fancy United Esports,,,,,unverified,unverified,statistical_candidate_requires_availability_check
48575,bucute,controller,2026,7416,38,pacific,2026-07-10 04:00:00,4330,Fancy United Esports,,,,,unverified,unverified,statistical_candidate_requires_availability_check
48577,gyen,sentinel,2026,7416,49,pacific,2026-07-05 03:00:00,14375,RIDDLE ORDER,,,,,unverified,unverified,statistical_candidate_requires_availability_check
48592,ada,duelist,2026,7416,14,emea,2026-06-23 11:00:00,16598,AlQadsiah Esports,,,,,unverified,unverified,statistical_candidate_requires_availability_check
48705,Chaza,duelist,2026,7416,22,emea,2026-04-14 11:00:00,17177,Pixel Lumina,,,,,unverified,unverified,statistical_candidate_requires_availability_check
48800,strongtallguy62,duelist,2026,7416,20,americas,2026-03-12 16:00:00,10448,Winthrop University,,,,,unverified,unverified,statistical_candidate_requires_availability_check
48802,Dragon,duelist,2026,7416,33,americas,2026-07-09 18:00:00,20784,LYON,,,,,unverified,unverified,statistical_candidate_requires_availability_check
48808,cai,sentinel,2026,7416,11,emea,2026-03-28 10:00:00,20138,Marine Region,,,,,unverified,unverified,statistical_candidate_requires_availability_check
48809,Jake,sentinel,2026,7416,10,emea,2026-03-28 10:00:00,19477,Enisorail,,,,,unverified,unverified,statistical_candidate_requires_availability_check
48863,Mystizip,controller,2026,7416,51,americas,2026-07-05 17:30:00,20209,University War,,,,,unverified,unverified,statistical_candidate_requires_availability_check
48864,mrtnssj,controller,2026,7416,47,americas,2026-06-24 18:00:00,9425,LEVIATÁN Academy,,,,,unverified,unverified,statistical_candidate_requires_availability_check
48869,Iggy,duelist,2026,7416,11,pacific,2026-05-13 06:30:00,19881,Kirihana Academy,,,,,unverified,unverified,statistical_candidate_requires_availability_check
48908,Xizen,initiator,2026,7416,20,pacific,2026-07-02 06:20:00,22548,So:sweet,,,,,unverified,unverified,statistical_candidate_requires_availability_check
48925,Raxcal,duelist,2026,7416,43,pacific,2026-08-29 07:00:00,17,Gen.G,Gen.G joined in July 2026,,https://www.vlr.gg/player/48925/raxcal,2026-10-06T16:02:42+00:00,unverified,unverified,statistical_candidate_requires_availability_check
48948,clush,sentinel,2026,7416,13,emea,2026-06-04 13:30:00,7940,Melilla Titans,,,,,unverified,unverified,statistical_candidate_requires_availability_check
48950,Zeni,initiator,2026,7416,13,emea,2026-06-04 13:30:00,7940,Melilla Titans,,,,,unverified,unverified,statistical_candidate_requires_availability_check
48951,Hassan,duelist,2026,7416,35,emea,2026-06-06 13:00:00,17979,Otakar Esports,,,,,unverified,unverified,statistical_candidate_requires_availability_check
48964,lowz,duelist,2026,7416,46,americas,2026-07-16 16:00:00,16071,PEEK,,,,,unverified,unverified,statistical_candidate_requires_availability_check
48981,nevoy,sentinel,2026,7416,58,americas,2026-07-10 16:00:00,19265,Team Solid,,,,,unverified,unverified,statistical_candidate_requires_availability_check
48984,Kramz,duelist,2026,7416,22,americas,2026-06-24 18:00:00,9425,LEVIATÁN Academy,,,,,unverified,unverified,statistical_candidate_requires_availability_check
49001,Secre,controller,2026,7416,11,pacific,2026-03-20 07:00:00,7031,NAOS,,,,,unverified,unverified,statistical_candidate_requires_availability_check
49326,mimi,duelist,2026,7416,12,pacific,2026-05-13 06:30:00,22281,KING GUY,,,,,unverified,unverified,statistical_candidate_requires_availability_check
49341,sh0ut,controller,2026,7416,15,emea,2026-04-28 13:30:00,4572,Galatasaray Esports,,,,,unverified,unverified,statistical_candidate_requires_availability_check
49570,Rinsat,sentinel,2026,7416,27,pacific,2026-03-31 05:30:00,16939,xCrew,,,,,unverified,unverified,statistical_candidate_requires_availability_check
49571,paganus,duelist,2026,7416,80,americas,2026-07-28 20:50:00,10376,Contra,,,,,unverified,unverified,statistical_candidate_requires_availability_check
49681,keisu,duelist,2026,7416,11,pacific,2026-02-04 04:30:00,2108,BLUE BEES.ESP,,,,,unverified,unverified,statistical_candidate_requires_availability_check
49728,beNca,duelist,2026,7416,11,emea,2026-03-28 10:00:00,20138,Marine Region,,,,,unverified,unverified,statistical_candidate_requires_availability_check
49876,Mora,controller,2026,7416,26,americas,2026-03-25 20:00:00,7269,FUSION,,,,,unverified,unverified,statistical_candidate_requires_availability_check
49906,HoneyBunny,duelist,2026,7416,34,pacific,2026-05-13 06:30:00,11490,Murash Gaming,,,,,unverified,unverified,statistical_candidate_requires_availability_check
50018,Bosh,duelist,2026,7416,19,emea,2026-06-04 13:30:00,14614,HGE Esport,,,,,unverified,unverified,statistical_candidate_requires_availability_check
50021,vurtex,initiator,2026,7416,19,emea,2026-06-04 13:30:00,14614,HGE Esport,,,,,unverified,unverified,statistical_candidate_requires_availability_check
50070,AleZ,duelist,2026,7416,10,emea,2026-05-04 11:00:00,6313,KPI Gaming,,,,,unverified,unverified,statistical_candidate_requires_availability_check
50075,Movv,sentinel,2026,7416,31,emea,2026-06-06 09:00:00,6313,KPI Gaming,,,,,unverified,unverified,statistical_candidate_requires_availability_check
50186,qu1ckz,initiator,2026,7416,33,emea,2026-07-08 13:30:00,10417,Formulation Gaming,,,,,unverified,unverified,statistical_candidate_requires_availability_check
50206,sulunist,initiator,2026,7416,20,emea,2026-04-13 14:30:00,15027,FULL BOX 200,,,,,unverified,unverified,statistical_candidate_requires_availability_check
50253,Oak,duelist,2026,7416,26,emea,2026-04-14 11:00:00,20871,baigiau,,,,,unverified,unverified,statistical_candidate_requires_availability_check
50270,prevail,controller,2026,7416,31,emea,2026-06-04 13:30:00,19503,FAST LEARNER,,,,,unverified,unverified,statistical_candidate_requires_availability_check
50288,narky,duelist,2026,7416,39,emea,2026-06-05 09:00:00,18054,BONK,,,,,unverified,unverified,statistical_candidate_requires_availability_check
50349,xexxar,duelist,2026,7416,51,pacific,2026-06-28 02:30:00,3713,S8UL Esports,,,,,unverified,unverified,statistical_candidate_requires_availability_check
50423,ExpMoe,controller,2026,7416,14,americas,2026-06-17 19:00:00,19415,Dynamo,,,,,unverified,unverified,statistical_candidate_requires_availability_check
50459,tunaso,duelist,2026,7416,47,americas,2026-06-24 18:00:00,9425,LEVIATÁN Academy,,,,,unverified,unverified,statistical_candidate_requires_availability_check
50461,deev,initiator,2026,7416,27,americas,2026-06-24 18:00:00,9425,LEVIATÁN Academy,,,,,unverified,unverified,statistical_candidate_requires_availability_check
50581,Vecious,duelist,2026,7416,10,americas,2026-02-17 17:00:00,17289,AB3 Esports,,,,,unverified,unverified,statistical_candidate_requires_availability_check
50758,Lroll,controller,2026,7416,12,pacific,2026-05-13 06:30:00,22281,KING GUY,,,,,unverified,unverified,statistical_candidate_requires_availability_check
50759,R14h,controller,2026,7416,10,pacific,2026-02-04 02:30:00,17882,NORTHEPTION Youth,,,,,unverified,unverified,statistical_candidate_requires_availability_check
50762,Acherron,controller,2026,7416,10,pacific,2026-02-04 02:30:00,17882,NORTHEPTION Youth,,,,,unverified,unverified,statistical_candidate_requires_availability_check
50768,spm,duelist,2026,7416,39,americas,2026-06-01 19:00:00,20216,TRIBE,,,,,unverified,unverified,statistical_candidate_requires_availability_check
50776,influx,duelist,2026,7416,41,emea,2026-07-08 13:30:00,2036,Beşiktaş Esports,NKVT Beşiktaş Esports joined in December 2025,,https://www.vlr.gg/player/50776/influx,2026-10-06T16:02:46+00:00,unverified,unverified,statistical_candidate_requires_availability_check
50788,140,controller,2026,7416,40,pacific,2026-06-18 07:00:00,16301,Trinity,,,,,unverified,unverified,statistical_candidate_requires_availability_check
50813,GSR,duelist,2026,7416,55,emea|international,2026-10-03 05:00:00,474,Team Liquid,,,,,unverified,unverified,statistical_candidate_requires_availability_check
50814,Fractioned,duelist,2026,7416,19,emea,2026-06-05 09:00:00,11257,Szach Mat,,,,,unverified,unverified,statistical_candidate_requires_availability_check
50826,Ramgi,duelist,2026,7416,48,pacific,2026-07-13 04:00:00,11348,Dplus Esports,Dplus Esports joined in November 2025,,https://www.vlr.gg/player/50826/ramgi,2026-10-06T16:02:47+00:00,unverified,unverified,statistical_candidate_requires_availability_check
50827,Gnadel,initiator,2026,7416,45,pacific,2026-07-01 07:00:00,15578,T1 Academy,,,,,unverified,unverified,statistical_candidate_requires_availability_check
51094,Falk,initiator,2026,7416,30,pacific,2026-05-13 05:55:00,21367,REIGNITE FOXX,,,,,unverified,unverified,statistical_candidate_requires_availability_check
51100,Flicker,duelist,2026,7416,41,pacific,2026-08-02 04:00:00,8185,KIWOOM DRX,KIWOOM DRX joined in July 2026,,https://www.vlr.gg/player/51100/flicker,2026-10-06T16:02:48+00:00,unverified,unverified,statistical_candidate_requires_availability_check
51142,kuro,controller,2026,7416,11,pacific,2026-02-04 04:30:00,2108,BLUE BEES.ESP,,,,,unverified,unverified,statistical_candidate_requires_availability_check
51474,BSK,controller,2026,7416,10,emea,2026-03-28 10:00:00,19477,Enisorail,,,,,unverified,unverified,statistical_candidate_requires_availability_check
51549,kidnyuh,sentinel,2026,7416,11,pacific,2026-05-13 09:30:00,20843,Dark Kings,,,,,unverified,unverified,statistical_candidate_requires_availability_check
51592,Zaidan,duelist,2026,7416,11,pacific,2026-03-09 06:30:00,20844,Unrivaled,,,,,unverified,unverified,statistical_candidate_requires_availability_check
51599,Zaraki,controller,2026,7416,10,pacific,2026-03-09 06:30:00,20844,Unrivaled,,,,,unverified,unverified,statistical_candidate_requires_availability_check
51601,ScaR,controller,2026,7416,21,pacific,2026-06-05 05:30:00,16411,XØ IND,,,,,unverified,unverified,statistical_candidate_requires_availability_check
51617,ManOp,controller,2026,7416,16,pacific,2026-05-13 09:30:00,20843,Dark Kings,,,,,unverified,unverified,statistical_candidate_requires_availability_check
51628,TERMI,controller,2026,7416,18,pacific,2026-05-14 07:40:00,17664,DOT EXE,,,,,unverified,unverified,statistical_candidate_requires_availability_check
51629,IAMPrasad,sentinel,2026,7416,14,pacific,2026-03-09 09:30:00,17665,SupleXure,,,,,unverified,unverified,statistical_candidate_requires_availability_check
51630,Baaz,initiator,2026,7416,14,pacific,2026-03-09 09:30:00,17665,SupleXure,,,,,unverified,unverified,statistical_candidate_requires_availability_check
51631,Morpheus,controller,2026,7416,14,pacific,2026-03-09 09:30:00,17665,SupleXure,,,,,unverified,unverified,statistical_candidate_requires_availability_check
51632,KonsTanT,duelist,2026,7416,14,pacific,2026-03-09 09:30:00,17665,SupleXure,,,,,unverified,unverified,statistical_candidate_requires_availability_check
51655,Elev3n,duelist,2026,7416,17,pacific,2026-05-05 05:30:00,22258,Venatrix Esports,,,,,unverified,unverified,statistical_candidate_requires_availability_check
51676,prayy,duelist,2026,7416,17,emea,2026-04-26 11:00:00,15491,AKA HERO,,,,,unverified,unverified,statistical_candidate_requires_availability_check
51695,Gambo,initiator,2026,7416,15,pacific,2026-06-03 07:35:00,22341,No Salary Peek,,,,,unverified,unverified,statistical_candidate_requires_availability_check
51696,SynX,initiator,2026,7416,41,pacific,2026-06-04 05:30:00,20596,SIGN Esports,,,,,unverified,unverified,statistical_candidate_requires_availability_check
51893,minh2,duelist,2026,7416,14,pacific,2026-06-02 07:00:00,22131,ROY Esports,,,,,unverified,unverified,statistical_candidate_requires_availability_check
52080,kkoruna,duelist,2026,7416,15,pacific,2026-07-04 04:00:00,22130,Jade Lions,,,,,unverified,unverified,statistical_candidate_requires_availability_check
52356,saranghae,controller,2026,7416,10,pacific,2026-05-17 07:00:00,849,Armory Gaming,,,,,unverified,unverified,statistical_candidate_requires_availability_check
52500,pennywise,duelist,2026,7416,10,pacific,2026-05-17 07:00:00,849,Armory Gaming,,,,,unverified,unverified,statistical_candidate_requires_availability_check
52501,Neft,sentinel,2026,7416,10,pacific,2026-05-17 07:00:00,849,Armory Gaming,,,,,unverified,unverified,statistical_candidate_requires_availability_check
52535,poeth,controller,2026,7416,24,emea,2026-06-04 13:30:00,15477,Nuxeria Esport,,,,,unverified,unverified,statistical_candidate_requires_availability_check
52536,ZeyNo,duelist,2026,7416,20,emea,2026-07-08 13:30:00,18025,La Masia,,,,,unverified,unverified,statistical_candidate_requires_availability_check
52538,yaggert,duelist,2026,7416,13,emea,2026-06-04 13:30:00,7940,Melilla Titans,,,,,unverified,unverified,statistical_candidate_requires_availability_check
52723,yutaro,sentinel,2026,7416,41,pacific,2026-07-05 07:15:00,294,CREST GAMING Zst,,,https://www.vlr.gg/player/52723/yutaro,2026-10-06T16:02:51+00:00,unverified,unverified,statistical_candidate_requires_availability_check
52924,Jawad,sentinel,2026,7416,19,emea,2026-06-05 13:00:00,2290,Gamax Esports,,,,,unverified,unverified,statistical_candidate_requires_availability_check
52930,LALO,initiator,2026,7416,11,emea,2026-03-28 10:00:00,20138,Marine Region,,,,,unverified,unverified,statistical_candidate_requires_availability_check
52931,REZE,controller,2026,7416,25,emea,2026-06-05 09:00:00,17985,BAAM Esports,,,,,unverified,unverified,statistical_candidate_requires_availability_check
52965,oroni,duelist,2026,7416,41,emea,2026-07-08 13:30:00,2036,Beşiktaş Esports,Beşiktaş Esports,Misa Esports November 2025 – December 2025 Inactive from December 2025,https://www.vlr.gg/player/52965/oroni,2026-10-06T16:02:52+00:00,unverified,unverified,statistical_candidate_requires_availability_check
52976,henky,duelist,2026,7416,29,emea,2026-04-28 15:00:00,9071,EVOPLAY,,,,,unverified,unverified,statistical_candidate_requires_availability_check
53124,Suu1tan,controller,2026,7416,12,emea,2026-05-05 12:00:00,21860,Team Spire,,,,,unverified,unverified,statistical_candidate_requires_availability_check
53131,Sabortzz,duelist,2026,7416,50,americas,2026-07-11 18:00:00,17252,FUEGO,,,,,unverified,unverified,statistical_candidate_requires_availability_check
53155,ativik,duelist,2026,7416,15,americas,2026-03-24 15:00:00,16726,AURA,,,,,unverified,unverified,statistical_candidate_requires_availability_check
53196,DarK,controller,2026,7416,45,pacific,2026-07-01 07:00:00,15578,T1 Academy,,,,,unverified,unverified,statistical_candidate_requires_availability_check
53488,CLINTOR,duelist,2026,7416,12,pacific,2026-05-05 05:30:00,19165,Mumbai Demons,,,,,unverified,unverified,statistical_candidate_requires_availability_check
53490,P0WER,duelist,2026,7416,15,pacific,2026-05-05 05:30:00,19801,RedPixel,,,,,unverified,unverified,statistical_candidate_requires_availability_check
53491,introvert,duelist,2026,7416,11,pacific,2026-03-09 06:30:00,20844,Unrivaled,,,,,unverified,unverified,statistical_candidate_requires_availability_check
54016,SmiLe,duelist,2026,7416,11,pacific,2026-05-13 05:15:00,14676,ALESTAR,,,,,unverified,unverified,statistical_candidate_requires_availability_check
54017,yuki,controller,2026,7416,11,pacific,2026-05-24 06:30:00,5148,Insomnia,,,,,unverified,unverified,statistical_candidate_requires_availability_check
54082,Weegle,duelist,2026,7416,45,americas,2026-06-25 21:00:00,7269,FUSION,,,,,unverified,unverified,statistical_candidate_requires_availability_check
54124,Galdex,initiator,2026,7416,13,emea,2026-06-04 13:30:00,7940,Melilla Titans,,,,,unverified,unverified,statistical_candidate_requires_availability_check
54355,maofish,unknown,2026,7416,12,china,2026-04-26 07:00:00,20082,Victory No Limits Gaming GC,,,,,unverified,unverified,statistical_candidate_requires_availability_check
54425,Tr0mA,controller,2026,7416,19,emea,2026-06-05 13:00:00,2290,Gamax Esports,,,,,unverified,unverified,statistical_candidate_requires_availability_check
54431,Lucio,initiator,2026,7416,22,emea,2026-06-04 13:30:00,15477,Nuxeria Esport,,,,,unverified,unverified,statistical_candidate_requires_availability_check
54469,cobra,initiator,2026,7416,15,emea,2026-05-13 12:00:00,18504,VillianArc,,,,,unverified,unverified,statistical_candidate_requires_availability_check
54802,santnas,duelist,2026,7416,40,pacific,2026-06-18 07:00:00,16301,Trinity,,,,,unverified,unverified,statistical_candidate_requires_availability_check
54967,azume,controller,2026,7416,20,emea,2026-07-08 13:30:00,18025,La Masia,,,,,unverified,unverified,statistical_candidate_requires_availability_check
54973,Neptunee,sentinel,2026,7416,23,emea,2026-05-21 13:30:00,13589,Ghools Esports,,,,,unverified,unverified,statistical_candidate_requires_availability_check
55008,Ju4nn,duelist,2026,7416,10,americas,2026-06-22 18:00:00,22732,Stray Cats,,,,,unverified,unverified,statistical_candidate_requires_availability_check
55083,Whiteslow,sentinel,2026,7416,14,emea,2026-04-28 10:30:00,20085,Fire Flux Esports,,,,,unverified,unverified,statistical_candidate_requires_availability_check
55192,chadu,controller,2026,7416,23,americas,2026-04-08 16:00:00,16853,Paysandu Esports,,,,,unverified,unverified,statistical_candidate_requires_availability_check
55371,drakz,duelist,2026,7416,10,americas,2026-02-18 15:00:00,19213,Remo Esports,,,,,unverified,unverified,statistical_candidate_requires_availability_check
55459,SebZz,initiator,2026,7416,31,emea,2026-06-06 09:00:00,6313,KPI Gaming,,,,,unverified,unverified,statistical_candidate_requires_availability_check
55681,kozzy,duelist,2026,7416,68,emea,2026-08-23 10:00:00,876,Enterprise Esports,BRATAN MIX Enterprise Esports joined in February 2026,,https://www.vlr.gg/player/55681/kozzy,2026-10-06T16:02:54+00:00,unverified,unverified,statistical_candidate_requires_availability_check
55690,lowless,duelist,2026,7416,22,emea,2026-06-04 13:30:00,15477,Nuxeria Esport,,,,,unverified,unverified,statistical_candidate_requires_availability_check
55694,hezacoil,controller,2026,7416,58,emea,2026-08-28 12:30:00,20085,Fire Flux Esports,,,,,unverified,unverified,statistical_candidate_requires_availability_check
55741,ScelzeR,duelist,2026,7416,20,emea,2026-06-04 13:30:00,11829,eSports Cologne,,,,,unverified,unverified,statistical_candidate_requires_availability_check
55747,Opex,duelist,2026,7416,28,emea,2026-06-05 09:00:00,5091,RIZON,,,,,unverified,unverified,statistical_candidate_requires_availability_check
55748,verity,duelist,2026,7416,31,emea,2026-06-06 09:00:00,6313,KPI Gaming,,,,,unverified,unverified,statistical_candidate_requires_availability_check
55749,Katuzo,controller,2026,7416,26,emea,2026-06-05 09:00:00,8826,ALTERNATE aTTaX,,,,,unverified,unverified,statistical_candidate_requires_availability_check
55845,13RD,duelist,2026,7416,15,pacific,2026-06-11 07:00:00,22344,Looking For Home,,,,,unverified,unverified,statistical_candidate_requires_availability_check
56064,her,controller,2026,7416,14,pacific,2026-06-02 07:00:00,22131,ROY Esports,,,,,unverified,unverified,statistical_candidate_requires_availability_check
56126,eswell,duelist,2026,7416,10,pacific,2026-02-13 06:00:00,19972,MoonWish Esports,,,,,unverified,unverified,statistical_candidate_requires_availability_check
56127,HarmonY,duelist,2026,7416,10,pacific,2026-02-13 06:00:00,19972,MoonWish Esports,,,,,unverified,unverified,statistical_candidate_requires_availability_check
56665,Kyra,duelist,2026,7416,42,pacific,2026-07-01 04:00:00,9749,DRX Academy,,,,,unverified,unverified,statistical_candidate_requires_availability_check
56785,Darky,controller,2026,7416,25,americas,2026-06-18 18:00:00,9425,LEVIATÁN Academy,,,,,unverified,unverified,statistical_candidate_requires_availability_check
56788,tdr,controller,2026,7416,12,americas,2026-03-12 17:25:00,9427,OXEN,,,,,unverified,unverified,statistical_candidate_requires_availability_check
56935,znajder,duelist,2026,7416,49,americas,2026-06-28 16:00:00,16068,F4TALITY,,,,,unverified,unverified,statistical_candidate_requires_availability_check
57171,whitecat,duelist,2026,7416,28,pacific,2026-06-18 09:50:00,3136,Oasis Gaming,,,,,unverified,unverified,statistical_candidate_requires_availability_check
57175,jzn,duelist,2026,7416,19,americas,2026-04-09 16:00:00,19213,Remo Esports,,,,,unverified,unverified,statistical_candidate_requires_availability_check
57188,tonza,duelist,2026,7416,51,americas,2026-06-24 18:50:00,21838,FlyQuest,,,,,unverified,unverified,statistical_candidate_requires_availability_check
57211,onrazor,sentinel,2026,7416,35,emea,2026-06-05 13:00:00,16397,LEO Esports,,,,,unverified,unverified,statistical_candidate_requires_availability_check
57336,Jamelinho213,duelist,2026,7416,48,emea,2026-08-22 10:00:00,14478,Eintracht Frankfurt,,,,,unverified,unverified,statistical_candidate_requires_availability_check
57377,noryy,initiator,2026,7416,10,emea,2026-05-06 14:30:00,2290,Gamax Esports,,,,,unverified,unverified,statistical_candidate_requires_availability_check
57477,Levi,initiator,2026,7416,30,americas,2026-06-29 18:00:00,21459,STREAMER ARENA,,,,,unverified,unverified,statistical_candidate_requires_availability_check
57479,Muz,controller,2026,7416,16,americas,2026-04-20 18:00:00,21459,STREAMER ARENA,,,,,unverified,unverified,statistical_candidate_requires_availability_check
57920,kospa1n,duelist,2026,7416,61,emea,2026-07-09 11:00:00,17945,MIR,,,,,unverified,unverified,statistical_candidate_requires_availability_check
57990,bense,controller,2026,7416,31,emea,2026-06-05 09:00:00,20871,baigiau,,,,,unverified,unverified,statistical_candidate_requires_availability_check
57992,zetaisha,duelist,2026,7416,29,emea,2026-06-04 13:30:00,20871,baigiau,,,,,unverified,unverified,statistical_candidate_requires_availability_check
57995,Duz,initiator,2026,7416,33,emea,2026-06-05 09:00:00,20871,baigiau,,,,,unverified,unverified,statistical_candidate_requires_availability_check
58018,mont1,sentinel,2026,7416,56,americas,2026-07-12 15:00:00,19791,KRÜ SPARK,,,,,unverified,unverified,statistical_candidate_requires_availability_check
58162,Sayu,duelist,2026,7416,48,pacific,2026-06-27 03:00:00,21338,AGELITE,,,,,unverified,unverified,statistical_candidate_requires_availability_check
58193,Soa,controller,2026,7416,11,pacific,2026-05-13 05:15:00,14676,ALESTAR,,,,,unverified,unverified,statistical_candidate_requires_availability_check
58194,gan,initiator,2026,7416,11,pacific,2026-05-13 05:15:00,14676,ALESTAR,,,,,unverified,unverified,statistical_candidate_requires_availability_check
58195,yuta,sentinel,2026,7416,11,pacific,2026-05-13 05:15:00,14676,ALESTAR,,,,,unverified,unverified,statistical_candidate_requires_availability_check
58220,Ralack,duelist,2026,7416,13,pacific,2026-03-09 09:30:00,20595,NWA,,,,,unverified,unverified,statistical_candidate_requires_availability_check
58290,77even,duelist,2026,7416,58,emea,2026-07-09 11:00:00,16629,Twisted Saints Esports,,,,,unverified,unverified,statistical_candidate_requires_availability_check
58292,metroneo,duelist,2026,7416,16,emea,2026-04-14 11:00:00,21715,Natus Vincere Junior,,,,,unverified,unverified,statistical_candidate_requires_availability_check
58373,krish,controller,2026,7416,18,emea,2026-06-05 13:00:00,20961,Bushido Wildcats,,,,,unverified,unverified,statistical_candidate_requires_availability_check
58374,ef1sS,controller,2026,7416,40,emea,2026-07-10 11:00:00,20085,Fire Flux Esports,,,,,unverified,unverified,statistical_candidate_requires_availability_check
58496,Kachoww,duelist,2026,7416,58,emea,2026-08-28 12:30:00,20085,Fire Flux Esports,,,,,unverified,unverified,statistical_candidate_requires_availability_check
58522,reblyik,controller,2026,7416,61,emea,2026-07-09 11:00:00,17945,MIR,,,,,unverified,unverified,statistical_candidate_requires_availability_check
58532,Flux,initiator,2026,7416,11,pacific,2026-05-13 06:30:00,19881,Kirihana Academy,,,,,unverified,unverified,statistical_candidate_requires_availability_check
58533,Chocolatte,controller,2026,7416,11,pacific,2026-05-13 06:30:00,19881,Kirihana Academy,,,,,unverified,unverified,statistical_candidate_requires_availability_check
58534,kaspas,duelist,2026,7416,11,pacific,2026-05-13 06:30:00,19881,Kirihana Academy,,,,,unverified,unverified,statistical_candidate_requires_availability_check
58538,RONY,sentinel,2026,7416,34,pacific,2026-05-13 06:30:00,21339,WEC C,,,,,unverified,unverified,statistical_candidate_requires_availability_check
58540,Kennosuke,duelist,2026,7416,10,pacific,2026-02-04 02:30:00,17882,NORTHEPTION Youth,,,,,unverified,unverified,statistical_candidate_requires_availability_check
58542,Milk,duelist,2026,7416,10,pacific,2026-02-04 02:30:00,17882,NORTHEPTION Youth,,,,,unverified,unverified,statistical_candidate_requires_availability_check
58547,gray9,duelist,2026,7416,12,pacific,2026-05-13 05:15:00,282,SCARZ,,,,,unverified,unverified,statistical_candidate_requires_availability_check
58631,innersavage,duelist,2026,7416,34,emea,2026-06-05 09:00:00,22600,RB Corp,,,,,unverified,unverified,statistical_candidate_requires_availability_check
58707,b3zginn,controller,2026,7416,19,emea,2026-06-05 13:00:00,1981,Dark Passage,,,,,unverified,unverified,statistical_candidate_requires_availability_check
58750,Frostt,sentinel,2026,7416,19,emea,2026-06-05 13:00:00,1981,Dark Passage,,,,,unverified,unverified,statistical_candidate_requires_availability_check
58751,Ro0t,initiator,2026,7416,11,emea,2026-04-26 13:30:00,1981,Dark Passage,,,,,unverified,unverified,statistical_candidate_requires_availability_check
58919,Yunni,unknown,2026,7416,12,china,2026-04-26 07:00:00,20082,Victory No Limits Gaming GC,,,,,unverified,unverified,statistical_candidate_requires_availability_check
58960,nnono,unknown,2026,7416,10,china,2026-04-25 04:00:00,11985,Rare Atom,,,,,unverified,unverified,statistical_candidate_requires_availability_check
59034,GhostaS,controller,2026,7416,33,emea,2026-06-05 09:00:00,20871,baigiau,,,,,unverified,unverified,statistical_candidate_requires_availability_check
59057,lucki,duelist,2026,7416,28,emea,2026-06-04 13:30:00,19503,FAST LEARNER,,,,,unverified,unverified,statistical_candidate_requires_availability_check
59062,foe,duelist,2026,7416,38,emea,2026-05-06 11:00:00,12355,Bitfix Gaming,,,,,unverified,unverified,statistical_candidate_requires_availability_check
59095,leadssj,duelist,2026,7416,45,americas,2026-06-24 15:00:00,16971,ShindeN,,,,,unverified,unverified,statistical_candidate_requires_availability_check
59166,caioziN,duelist,2026,7416,10,americas,2026-07-16 16:00:00,22657,ABACATUDOS,,,,,unverified,unverified,statistical_candidate_requires_availability_check
59179,SykTap,controller,2026,7416,17,americas,2026-03-27 15:00:00,9425,LEVIATÁN Academy,,,,,unverified,unverified,statistical_candidate_requires_availability_check
59265,mazeofmemory,sentinel,2026,7416,15,emea,2026-06-05 09:00:00,22600,RB Corp,,,,,unverified,unverified,statistical_candidate_requires_availability_check
59376,b00nrealcul,duelist,2026,7416,32,pacific,2026-04-08 07:50:00,10147,Gods Reign,,,,,unverified,unverified,statistical_candidate_requires_availability_check
59559,HZBY,duelist,2026,7416,11,pacific,2026-02-13 06:00:00,21104,ANTASENA,,,,,unverified,unverified,statistical_candidate_requires_availability_check
60217,051,initiator,2026,7416,21,pacific,2026-05-08 01:00:00,21437,Mir Gaming,,,,,unverified,unverified,statistical_candidate_requires_availability_check
60220,Midro,sentinel,2026,7416,20,pacific,2026-05-08 01:00:00,21437,Mir Gaming,,,,,unverified,unverified,statistical_candidate_requires_availability_check
60346,sora,initiator,2026,7416,34,emea,2026-06-05 09:00:00,22600,RB Corp,,,,,unverified,unverified,statistical_candidate_requires_availability_check
60536,dragneel,controller,2026,7416,34,emea,2026-06-05 09:00:00,22600,RB Corp,,,,,unverified,unverified,statistical_candidate_requires_availability_check
60537,exie,duelist,2026,7416,30,emea,2026-04-14 11:00:00,15837,UNIWAY,,,,,unverified,unverified,statistical_candidate_requires_availability_check
60541,VIPEX,duelist,2026,7416,13,emea,2026-06-06 09:00:00,6313,KPI Gaming,,,,,unverified,unverified,statistical_candidate_requires_availability_check
60576,Ray,controller,2026,7416,52,pacific,2026-08-28 04:00:00,19189,ONSIDE GAMING,,,https://www.vlr.gg/player/60576/ray,2026-10-06T16:02:59+00:00,unverified,unverified,statistical_candidate_requires_availability_check
60577,Faither,duelist,2026,7416,13,pacific,2026-03-20 03:00:00,19189,ONSIDE GAMING,,,,,unverified,unverified,statistical_candidate_requires_availability_check
60650,Satoru,duelist,2026,7416,45,pacific,2026-07-01 07:00:00,15578,T1 Academy,,,,,unverified,unverified,statistical_candidate_requires_availability_check
60705,Ilaxo,duelist,2026,7416,10,emea,2026-03-29 09:00:00,21715,Natus Vincere Junior,,,,,unverified,unverified,statistical_candidate_requires_availability_check
60718,jacoblofi,duelist,2026,7416,11,emea,2026-03-28 10:00:00,20138,Marine Region,,,,,unverified,unverified,statistical_candidate_requires_availability_check
60739,ado enjoyer,initiator,2026,7416,21,pacific,2026-05-05 05:30:00,21624,RR Paglus,,,,,unverified,unverified,statistical_candidate_requires_availability_check
60897,Susano,duelist,2026,7416,11,emea,2026-05-12 12:00:00,18120,Stallions Esports,,,,,unverified,unverified,statistical_candidate_requires_availability_check
60900,Senor,sentinel,2026,7416,15,emea,2026-05-13 12:00:00,18504,VillianArc,,,,,unverified,unverified,statistical_candidate_requires_availability_check
60901,yellowflash,duelist,2026,7416,15,emea,2026-05-13 12:00:00,18504,VillianArc,,,,,unverified,unverified,statistical_candidate_requires_availability_check
60903,Facade,sentinel,2026,7416,15,emea,2026-05-13 12:00:00,18504,VillianArc,,,,,unverified,unverified,statistical_candidate_requires_availability_check
60907,soufy,controller,2026,7416,15,emea,2026-05-13 12:00:00,18504,VillianArc,,,,,unverified,unverified,statistical_candidate_requires_availability_check
61043,Corte,controller,2026,7416,11,emea,2026-03-28 10:00:00,20138,Marine Region,,,,,unverified,unverified,statistical_candidate_requires_availability_check
61079,xiongdi,initiator,2026,7416,15,pacific,2026-03-13 03:00:00,20978,ARETE,,,,,unverified,unverified,statistical_candidate_requires_availability_check
61081,XIV,duelist,2026,7416,51,pacific,2026-07-15 04:00:00,20978,ARETE,,,,,unverified,unverified,statistical_candidate_requires_availability_check
61318,fang,initiator,2026,7416,31,emea,2026-06-04 13:30:00,19503,FAST LEARNER,,,,,unverified,unverified,statistical_candidate_requires_availability_check
61428,Tron,duelist,2026,7416,11,americas,2026-02-23 20:00:00,17289,AB3 Esports,,,,,unverified,unverified,statistical_candidate_requires_availability_check
61846,vynz,duelist,2026,7416,24,emea,2026-04-13 14:30:00,15027,FULL BOX 200,,,,,unverified,unverified,statistical_candidate_requires_availability_check
61968,Kellan,duelist,2026,7416,19,pacific,2026-05-08 01:00:00,21437,Mir Gaming,,,,,unverified,unverified,statistical_candidate_requires_availability_check
61985,Zoltraak,duelist,2026,7416,22,pacific,2026-07-02 06:20:00,22548,So:sweet,,,,,unverified,unverified,statistical_candidate_requires_availability_check
62029,Cazkla,duelist,2026,7416,34,pacific,2026-05-13 06:30:00,21339,WEC C,,,,,unverified,unverified,statistical_candidate_requires_availability_check
62030,distinct,controller,2026,7416,34,pacific,2026-05-13 06:30:00,21339,WEC C,,,,,unverified,unverified,statistical_candidate_requires_availability_check
62031,Jinbay,initiator,2026,7416,20,pacific,2026-04-07 06:50:00,21339,WEC C,,,,,unverified,unverified,statistical_candidate_requires_availability_check
62032,tarkun,sentinel,2026,7416,34,pacific,2026-05-13 06:30:00,21339,WEC C,,,,,unverified,unverified,statistical_candidate_requires_availability_check
62034,Karaage,controller,2026,7416,52,pacific,2026-06-28 03:00:00,5148,Insomnia,,,,,unverified,unverified,statistical_candidate_requires_availability_check
62287,Lolo,duelist,2026,7416,34,americas,2026-06-24 18:00:00,9425,LEVIATÁN Academy,,,,,unverified,unverified,statistical_candidate_requires_availability_check
62291,Xiesta,duelist,2026,7416,39,pacific,2026-08-28 04:00:00,19189,ONSIDE GAMING,Gen.G joined in February 2026,,https://www.vlr.gg/player/62291/xiesta,2026-10-06T16:03:00+00:00,unverified,unverified,statistical_candidate_requires_availability_check
62402,KiTae,initiator,2026,7416,45,pacific,2026-07-02 04:00:00,17392,Gen.G Global Academy,,,,,unverified,unverified,statistical_candidate_requires_availability_check
62403,Fric,sentinel,2026,7416,45,pacific,2026-07-02 04:00:00,17392,Gen.G Global Academy,,,,,unverified,unverified,statistical_candidate_requires_availability_check
62404,Sovereign,duelist,2026,7416,45,pacific,2026-07-02 04:00:00,17392,Gen.G Global Academy,,,,,unverified,unverified,statistical_candidate_requires_availability_check
62405,RgoN,controller,2026,7416,45,pacific,2026-07-02 04:00:00,17392,Gen.G Global Academy,,,,,unverified,unverified,statistical_candidate_requires_availability_check
62406,Day1,duelist,2026,7416,18,pacific,2026-05-08 04:00:00,15744,FEARX,,,,,unverified,unverified,statistical_candidate_requires_availability_check
62407,Zayn,controller,2026,7416,16,pacific,2026-03-25 04:00:00,15744,FEARX,,,,,unverified,unverified,statistical_candidate_requires_availability_check
62764,killua,controller,2026,7416,10,pacific,2026-03-08 03:30:00,21578,GXA Null Order,GXA Null Order,,https://www.vlr.gg/player/62764/killua,2026-10-06T16:03:01+00:00,unverified,unverified,statistical_candidate_requires_availability_check
62765,Trippie,sentinel,2026,7416,10,pacific,2026-03-08 03:30:00,21578,GXA Null Order,,,,,unverified,unverified,statistical_candidate_requires_availability_check
62766,Ark,initiator,2026,7416,10,pacific,2026-03-08 03:30:00,21578,GXA Null Order,,,,,unverified,unverified,statistical_candidate_requires_availability_check
62767,BratZ,duelist,2026,7416,10,pacific,2026-03-08 03:30:00,21578,GXA Null Order,,,,,unverified,unverified,statistical_candidate_requires_availability_check
62768,S one,duelist,2026,7416,10,pacific,2026-03-08 03:30:00,21578,GXA Null Order,,,,,unverified,unverified,statistical_candidate_requires_availability_check
62775,Trident,controller,2026,7416,10,pacific,2026-03-09 06:30:00,21582,Vison Esports,,,,,unverified,unverified,statistical_candidate_requires_availability_check
62776,Cau7ion,sentinel,2026,7416,10,pacific,2026-03-09 06:30:00,21582,Vison Esports,,,,,unverified,unverified,statistical_candidate_requires_availability_check
62777,HopSta,duelist,2026,7416,12,pacific,2026-05-05 05:30:00,22260,TeamSS (REDv2),,,,,unverified,unverified,statistical_candidate_requires_availability_check
62780,BADSHAH,duelist,2026,7416,14,pacific,2026-03-09 09:30:00,17665,SupleXure,,,,,unverified,unverified,statistical_candidate_requires_availability_check
62798,Mr Cyberx,duelist,2026,7416,15,pacific,2026-05-15 05:30:00,21594,KRYON ESPORTS,,,,,unverified,unverified,statistical_candidate_requires_availability_check
62851,Zipline,controller,2026,7416,21,pacific,2026-05-05 05:30:00,21624,RR Paglus,,,,,unverified,unverified,statistical_candidate_requires_availability_check
62852,V1Ren,controller,2026,7416,21,pacific,2026-05-05 05:30:00,21624,RR Paglus,,,,,unverified,unverified,statistical_candidate_requires_availability_check
62853,DhruvxBot,duelist,2026,7416,21,pacific,2026-05-05 05:30:00,21624,RR Paglus,,,,,unverified,unverified,statistical_candidate_requires_availability_check
62854,Raptor,initiator,2026,7416,16,pacific,2026-05-13 09:30:00,20843,Dark Kings,,,,,unverified,unverified,statistical_candidate_requires_availability_check
62945,A n x i e t y,controller,2026,7416,11,pacific,2026-03-10 09:30:00,21626,Full on Tp,,,,,unverified,unverified,statistical_candidate_requires_availability_check
63154,XoNs,duelist,2026,7416,30,pacific,2026-07-01 04:00:00,9749,DRX Academy,,,,,unverified,unverified,statistical_candidate_requires_availability_check
63512,kztnotrui,duelist,2026,7416,17,emea,2026-04-26 11:00:00,15477,Nuxeria Esport,,,,,unverified,unverified,statistical_candidate_requires_availability_check
63666,Matkazeta,duelist,2026,7416,25,americas,2026-07-04 21:00:00,21459,STREAMER ARENA,,,,,unverified,unverified,statistical_candidate_requires_availability_check
64694,YΛSH,controller,2026,7416,11,pacific,2026-05-13 09:30:00,20843,Dark Kings,,,,,unverified,unverified,statistical_candidate_requires_availability_check
64735,YzaE,duelist,2026,7416,20,pacific,2026-07-02 06:20:00,22548,So:sweet,,,,,unverified,unverified,statistical_candidate_requires_availability_check
64736,Kitsch,controller,2026,7416,20,pacific,2026-07-02 06:20:00,22548,So:sweet,,,,,unverified,unverified,statistical_candidate_requires_availability_check
64739,rsd,sentinel,2026,7416,23,pacific,2026-07-09 07:00:00,22549,X-CAST,,,,,unverified,unverified,statistical_candidate_requires_availability_check
64740,Taegeuk,controller,2026,7416,23,pacific,2026-07-09 07:00:00,22549,X-CAST,,,,,unverified,unverified,statistical_candidate_requires_availability_check
64741,Beom,duelist,2026,7416,23,pacific,2026-07-09 07:00:00,22549,X-CAST,,,,,unverified,unverified,statistical_candidate_requires_availability_check
64742,YJ,duelist,2026,7416,23,pacific,2026-07-09 07:00:00,22549,X-CAST,,,,,unverified,unverified,statistical_candidate_requires_availability_check
64747,Kylerr,duelist,2026,7416,12,pacific,2026-05-13 05:55:00,16244,PARON,,,,,unverified,unverified,statistical_candidate_requires_availability_check
64748,Hisuy,duelist,2026,7416,12,pacific,2026-05-13 05:55:00,16244,PARON,,,,,unverified,unverified,statistical_candidate_requires_availability_check
64749,Yota,sentinel,2026,7416,12,pacific,2026-05-13 06:30:00,22281,KING GUY,,,,,unverified,unverified,statistical_candidate_requires_availability_check
64752,ショットガン脇田,duelist,2026,7416,12,pacific,2026-05-13 06:30:00,22281,KING GUY,,,,,unverified,unverified,statistical_candidate_requires_availability_check
64753,Shimons,initiator,2026,7416,14,pacific,2026-05-13 06:30:00,21339,WEC C,,,,,unverified,unverified,statistical_candidate_requires_availability_check
64755,Aho,sentinel,2026,7416,11,pacific,2026-05-13 05:15:00,14676,ALESTAR,,,,,unverified,unverified,statistical_candidate_requires_availability_check
65389,skuzy,sentinel,2026,7416,12,pacific,2026-07-02 06:20:00,22548,So:sweet,,,,,unverified,unverified,statistical_candidate_requires_availability_check
