vlr_player_id,source_url,source_sha256,retrieved_at_utc,news_published_date,headline,article_url,effective_change_date,verification_status
4,https://www.vlr.gg/player/4/crashies,1166d5ec96dc970491b5885c359c21b393a627cd4ad438739d4b5283730b43d6,2026-10-06T15:58:23+00:00,2024-12-11,crashies joins FNATIC,https://www.vlr.gg/428832/crashies-joins-fnatic,,headline_index_from_profile_article_not_verified
4,https://www.vlr.gg/player/4/crashies,1166d5ec96dc970491b5885c359c21b393a627cd4ad438739d4b5283730b43d6,2026-10-06T15:58:23+00:00,2024-09-03,crashies departs NRG as free agent,https://www.vlr.gg/400944/crashies-departs-nrg-as-free-agent,,headline_index_from_profile_article_not_verified
9,https://www.vlr.gg/player/9/tenz,78882b15bd22eef57c9f0cede2c1b9e4b01b6bc3a97dd4225a2dc85425c98cd0,2026-10-06T15:58:23+00:00,2024-09-14,TenZ retires from competitive play,https://www.vlr.gg/403757/tenz-retires-from-competitive-play,,headline_index_from_profile_article_not_verified
11,https://www.vlr.gg/player/11/zyppan,1d48a1678dac7f34d906b452dced04bdd952a0edcd505b7e30d18cfa7367539f,2026-10-06T15:58:24+00:00,2024-12-04,Gentle Mates announces 2025 roster,https://www.vlr.gg/426899/gentle-mates-announces-2025-roster,,headline_index_from_profile_article_not_verified
46,https://www.vlr.gg/player/46/shahzeb-khan,6d7c7c22a2280a661c924c0b653dc2b85106a63ecd31c700ab5856ce650ae682,2026-10-06T15:58:25+00:00,2024-06-22,"MIBR complete rebuild, ShahZam and Pa1nt to stand-in",https://www.vlr.gg/363656/mibr-complete-rebuild-shahzam-and-pa1nt-to-stand-in,,headline_index_from_profile_article_not_verified
53,https://www.vlr.gg/player/53/inspire,cd3be31011872b14e88cf0be76d8cd81bf82dda2ba358bbe74473522d4e5690e,2026-10-06T15:58:26+00:00,2026-02-05,ENVY benches Inspire,https://www.vlr.gg/617384/envy-benches-inspire,,headline_index_from_profile_article_not_verified
53,https://www.vlr.gg/player/53/inspire,cd3be31011872b14e88cf0be76d8cd81bf82dda2ba358bbe74473522d4e5690e,2026-10-06T15:58:26+00:00,2025-03-08,"ENVY returns to Valorant, signs RANKERS roster",https://www.vlr.gg/459993/envy-returns-to-valorant-signs-rankers-roster,,headline_index_from_profile_article_not_verified
98,https://www.vlr.gg/player/98/ardiis,abf209026bdbd992a4cc134d646be24df319e9a07d90c2d0708f98b4928e82b2,2026-10-06T15:58:29+00:00,2025-01-17,ardiis joins Team Vitality,https://www.vlr.gg/435603/ardiis-joins-team-vitality,,headline_index_from_profile_article_not_verified
109,https://www.vlr.gg/player/109/ange1,c43ece8ab26fd155e442d7eb36e36886230a8519589202b4c8beaf17cde8e6e2,2026-10-06T15:58:30+00:00,2025-12-03,NAVI unveils 2026 roster coached by ANGE1,https://www.vlr.gg/591818/navi-unveils-2026-roster-coached-by-ange1,,headline_index_from_profile_article_not_verified
109,https://www.vlr.gg/player/109/ange1,c43ece8ab26fd155e442d7eb36e36886230a8519589202b4c8beaf17cde8e6e2,2026-10-06T15:58:30+00:00,2025-09-05,"ANGE1 retires as a player, looks to coaching roles",https://www.vlr.gg/543939/ange1-retires-as-a-player-looks-to-coaching-roles,,headline_index_from_profile_article_not_verified
261,https://www.vlr.gg/player/261/victor,643533261d06295606434a196519c0b71828beaf311602d2591a228b19ea6cb6,2026-10-06T15:58:32+00:00,2026-04-09,Sentinels bring on Victor as stand-in for Jerrwin,https://www.vlr.gg/652853/sentinels-bring-on-victor-as-stand-in-for-jerrwin,,headline_index_from_profile_article_not_verified
261,https://www.vlr.gg/player/261/victor,643533261d06295606434a196519c0b71828beaf311602d2591a228b19ea6cb6,2026-10-06T15:58:32+00:00,2024-07-15,"NRG release Victor and Chet, Demon1 returns as starter",https://www.vlr.gg/374535/nrg-release-victor-and-chet-demon1-returns-as-starter,,headline_index_from_profile_article_not_verified
263,https://www.vlr.gg/player/263/marved,f6c2fe399d47feaef0cdb9b9a78130717faf21798cd57c8b062b208e67c831f9,2026-10-06T15:58:32+00:00,2026-07-15,Iceman returns: Marved to stand in for Sentinels,https://www.vlr.gg/715810/iceman-returns-marved-to-stand-in-for-sentinels,,headline_index_from_profile_article_not_verified
263,https://www.vlr.gg/player/263/marved,f6c2fe399d47feaef0cdb9b9a78130717faf21798cd57c8b062b208e67c831f9,2026-10-06T15:58:32+00:00,2024-05-25,"NRG bench Demon1, release Marved",https://www.vlr.gg/352708/nrg-bench-demon1-release-marved,,headline_index_from_profile_article_not_verified
321,https://www.vlr.gg/player/321/chiwa,8488701a47ce0b54ee4509ab1b860aab6294a6280dc69b8e8ace8df5aa473eea,2026-10-06T15:58:33+00:00,2025-11-08,chiwa departs BBL after year of visa-related issues,https://www.vlr.gg/583649/chiwa-departs-bbl-after-year-of-visa-related-issues,,headline_index_from_profile_article_not_verified
321,https://www.vlr.gg/player/321/chiwa,8488701a47ce0b54ee4509ab1b860aab6294a6280dc69b8e8ace8df5aa473eea,2026-10-06T15:58:33+00:00,2025-03-21,"BBL replaces chiwa with MAGNUM, drops vakk",https://www.vlr.gg/462248/bbl-replaces-chiwa-with-magnum-drops-vakk,,headline_index_from_profile_article_not_verified
321,https://www.vlr.gg/player/321/chiwa,8488701a47ce0b54ee4509ab1b860aab6294a6280dc69b8e8ace8df5aa473eea,2026-10-06T15:58:33+00:00,2025-01-10,vakk to stand in for BBL chiwa at Kickoff,https://www.vlr.gg/433114/vakk-to-stand-in-for-bbl-chiwa-at-kickoff,,headline_index_from_profile_article_not_verified
321,https://www.vlr.gg/player/321/chiwa,8488701a47ce0b54ee4509ab1b860aab6294a6280dc69b8e8ace8df5aa473eea,2026-10-06T15:58:33+00:00,2024-10-21,BBL Esports completes 2025 roster,https://www.vlr.gg/416051/bbl-esports-completes-2025-roster,,headline_index_from_profile_article_not_verified
384,https://www.vlr.gg/player/384/shao,3216f1932c58b1caa0af01164237cb4cc9245ae7526941b272a307e17b2b698b,2026-10-06T15:58:33+00:00,2026-03-17,"Natus Vincere begins rebuild, parts with longtime player Shao",https://www.vlr.gg/644749/natus-vincere-begins-rebuild-parts-with-longtime-player-shao,,headline_index_from_profile_article_not_verified
384,https://www.vlr.gg/player/384/shao,3216f1932c58b1caa0af01164237cb4cc9245ae7526941b272a307e17b2b698b,2026-10-06T15:58:33+00:00,2025-12-03,NAVI unveils 2026 roster coached by ANGE1,https://www.vlr.gg/591818/navi-unveils-2026-roster-coached-by-ange1,,headline_index_from_profile_article_not_verified
424,https://www.vlr.gg/player/424/dep,28997d50f575238eed41391466d25523c860e51e96e9ccd3c0bc3e7b946ce4cf,2026-10-06T15:58:34+00:00,2025-12-13,"Dep departs ZETA DIVISION, returns to REJECT",https://www.vlr.gg/595366/dep-departs-zeta-division-returns-to-reject,,headline_index_from_profile_article_not_verified
424,https://www.vlr.gg/player/424/dep,28997d50f575238eed41391466d25523c860e51e96e9ccd3c0bc3e7b946ce4cf,2026-10-06T15:58:34+00:00,2025-04-13,ZETA signs TenTen from T1 Academy to replace Dep,https://www.vlr.gg/472620/zeta-signs-tenten-from-t1-academy-to-replace-dep,,headline_index_from_profile_article_not_verified
438,https://www.vlr.gg/player/438/boaster,062ffb15c5e314cde8f76f030da564688c81d0c3c7f2d72ddd51eaca84a9f89b,2026-10-06T15:58:35+00:00,2025-11-14,"Boaster at RBHG: ""I will retire when I feel like I am a big detriment to my team""",https://www.vlr.gg/585732/boaster-at-rbhg-i-will-retire-when-i-feel-like-i-am-a-big-detriment-to-my-team,,headline_index_from_profile_article_not_verified
454,https://www.vlr.gg/player/454/dapr,f678e3f5ebfd8e522a144926cbea95ce3c67e70f11fd15762dd310b68b5ff3e3,2026-10-06T15:58:35+00:00,2025-01-24,Sentinels' Cubert Academy announces roster,https://www.vlr.gg/439283/sentinels-cubert-academy-announces-roster,,headline_index_from_profile_article_not_verified
454,https://www.vlr.gg/player/454/dapr,f678e3f5ebfd8e522a144926cbea95ce3c67e70f11fd15762dd310b68b5ff3e3,2026-10-06T15:58:35+00:00,2024-08-30,Oxygen Esports disbands Valorant roster,https://www.vlr.gg/387878/oxygen-esports-disbands-valorant-roster,,headline_index_from_profile_article_not_verified
457,https://www.vlr.gg/player/457/nats,4c54ab91baaf9ab7df8214da703c5429e48999f8bb5c753ae47f85135965c328,2026-10-06T15:58:36+00:00,2025-05-29,Team Liquid signs penny,https://www.vlr.gg/494073/team-liquid-signs-penny,,headline_index_from_profile_article_not_verified
485,https://www.vlr.gg/player/485/stax,a26ab4e312aa2b424ec8ac48763db5b594bf281d5af47123655f19a7c57d8ef6,2026-10-06T15:58:37+00:00,2024-05-26,DRX benches stax ahead of VCT Pacific Stage 2,https://www.vlr.gg/353236/drx-benches-stax-ahead-of-vct-pacific-stage-2,,headline_index_from_profile_article_not_verified
573,https://www.vlr.gg/player/573/cned,c30b8ad93567d9ecd547c538b86f4e2fb966712bef10b4319193ec5aeddc7a2e,2026-10-06T15:58:40+00:00,2026-07-14,"PCIFIC releases cNed, signs waddle",https://www.vlr.gg/715355/pcific-releases-cned-signs-waddle,,headline_index_from_profile_article_not_verified
573,https://www.vlr.gg/player/573/cned,c30b8ad93567d9ecd547c538b86f4e2fb966712bef10b4319193ec5aeddc7a2e,2026-10-06T15:58:40+00:00,2026-01-20,PCIFIC unveils full roster ahead of Kickoff clash against BBL,https://www.vlr.gg/606164/pcific-unveils-full-roster-ahead-of-kickoff-clash-against-bbl,,headline_index_from_profile_article_not_verified
601,https://www.vlr.gg/player/601/asuna,f37c263c8e0c6b39bdd71bf58c02997c80286e48d4dcd4ac3c37ce8f6344fc85,2026-10-06T15:58:40+00:00,2025-11-04,zander departs 100 Thieves after one season,https://www.vlr.gg/549441/zander-departs-100-thieves-after-one-season,,headline_index_from_profile_article_not_verified
604,https://www.vlr.gg/player/604/boostio,18cc657126fef1dc955ee0016bb009e45a99a272a458a747c2d66d3498ef94f4,2026-10-06T15:58:41+00:00,2025-11-04,zander departs 100 Thieves after one season,https://www.vlr.gg/549441/zander-departs-100-thieves-after-one-season,,headline_index_from_profile_article_not_verified
604,https://www.vlr.gg/player/604/boostio,18cc657126fef1dc955ee0016bb009e45a99a272a458a747c2d66d3498ef94f4,2026-10-06T15:58:41+00:00,2025-07-19,100 Thieves benches Boostio for Kess,https://www.vlr.gg/519489/100-thieves-benches-boostio-for-kess,,headline_index_from_profile_article_not_verified
604,https://www.vlr.gg/player/604/boostio,18cc657126fef1dc955ee0016bb009e45a99a272a458a747c2d66d3498ef94f4,2026-10-06T15:58:41+00:00,2024-01-09,"Evil Geniuses announce departure of Boostio, C0M, ScrewFace",https://www.vlr.gg/294418/evil-geniuses-announce-departure-of-boostio-c0m-screwface,,headline_index_from_profile_article_not_verified
619,https://www.vlr.gg/player/619/c0m,87836fd7a9b6b6f4b421189911ec11d64174b5e7f688b0a1a664821b31598f97,2026-10-06T15:58:42+00:00,2026-07-19,C0M replaces eeiu on FURIA's active lineup,https://www.vlr.gg/719697/c0m-replaces-eeiu-on-furias-active-lineup,,headline_index_from_profile_article_not_verified
619,https://www.vlr.gg/player/619/c0m,87836fd7a9b6b6f4b421189911ec11d64174b5e7f688b0a1a664821b31598f97,2026-10-06T15:58:42+00:00,2026-07-06,"C0M, Okeanos released from Evil Geniuses",https://www.vlr.gg/711261/c0m-okeanos-released-from-evil-geniuses,,headline_index_from_profile_article_not_verified
619,https://www.vlr.gg/player/619/c0m,87836fd7a9b6b6f4b421189911ec11d64174b5e7f688b0a1a664821b31598f97,2026-10-06T15:58:42+00:00,2026-05-07,"Evil Geniuses overhaul roster, bench three in favor of fresh faces",https://www.vlr.gg/670232/evil-geniuses-overhaul-roster-bench-three-in-favor-of-fresh-faces,,headline_index_from_profile_article_not_verified
619,https://www.vlr.gg/player/619/c0m,87836fd7a9b6b6f4b421189911ec11d64174b5e7f688b0a1a664821b31598f97,2026-10-06T15:58:42+00:00,2025-11-21,Evil Geniuses unveils 2026 roster,https://www.vlr.gg/588025/evil-geniuses-unveils-2026-roster,,headline_index_from_profile_article_not_verified
619,https://www.vlr.gg/player/619/c0m,87836fd7a9b6b6f4b421189911ec11d64174b5e7f688b0a1a664821b31598f97,2026-10-06T15:58:42+00:00,2025-10-22,"LEVIATÁN releases C0M, Okeanos, tex, Desmo, and meco1e to explore options",https://www.vlr.gg/543683/leviat-n-releases-c0m-okeanos-tex-desmo-and-meco1e-to-explore-options,,headline_index_from_profile_article_not_verified
619,https://www.vlr.gg/player/619/c0m,87836fd7a9b6b6f4b421189911ec11d64174b5e7f688b0a1a664821b31598f97,2026-10-06T15:58:42+00:00,2024-01-09,C0M completes Leviatán roster,https://www.vlr.gg/294417/c0m-completes-leviat-n-roster,,headline_index_from_profile_article_not_verified
651,https://www.vlr.gg/player/651/frz,2acd6ffaabdc3928c67c48fbd966324cf06aef4d8c4d30c5d5353e200f5d12fa,2026-10-06T15:58:42+00:00,2024-05-24,MIBR hit the midseason rebuild button,https://www.vlr.gg/351880/mibr-hit-the-midseason-rebuild-button,,headline_index_from_profile_article_not_verified
659,https://www.vlr.gg/player/659/sacy,c2393e0a5eff67bd558a907140dda6aeb6a1bf1b0281cfe422e9d03dcedd4829,2026-10-06T15:58:43+00:00,2024-09-15,Sacy announces retirement,https://www.vlr.gg/404342/sacy-announces-retirement,,headline_index_from_profile_article_not_verified
727,https://www.vlr.gg/player/727/saadhak,9ad68de5f9c7d4b073eeebb2378784ebbade933ffdaa99dc78707e99fb395bb3,2026-10-06T15:58:44+00:00,2024-11-09,"Karmine Corp completes roster rebuild, sign four",https://www.vlr.gg/401786/karmine-corp-completes-roster-rebuild-sign-four,,headline_index_from_profile_article_not_verified
733,https://www.vlr.gg/player/733/stellar,473a7be521ea59ee835cbb9d3a6e33656b626a135f1ab133b6dd0127430107d1,2026-10-06T15:58:45+00:00,2025-01-16,FURIA to field North American sub roster,https://www.vlr.gg/435279/furia-to-field-north-american-sub-roster,,headline_index_from_profile_article_not_verified
733,https://www.vlr.gg/player/733/stellar,473a7be521ea59ee835cbb9d3a6e33656b626a135f1ab133b6dd0127430107d1,2026-10-06T15:58:45+00:00,2024-08-08,DarkZero part ways with former Turtle Troop roster,https://www.vlr.gg/387178/darkzero-part-ways-with-former-turtle-troop-roster,,headline_index_from_profile_article_not_verified
773,https://www.vlr.gg/player/773/lakia,5996ae06aacd50e690bddc4e2b34b7f94ad62051a487ac5e07edfce301839efe,2026-10-06T15:58:46+00:00,2025-12-01,Lakia re-signs with Gen.G,https://www.vlr.gg/580769/lakia-re-signs-with-gen-g,,headline_index_from_profile_article_not_verified
773,https://www.vlr.gg/player/773/lakia,5996ae06aacd50e690bddc4e2b34b7f94ad62051a487ac5e07edfce301839efe,2026-10-06T15:58:46+00:00,2025-10-20,Munchkin and others released from Gen.G after contract expiration,https://www.vlr.gg/574710/munchkin-and-others-released-from-gen-g-after-contract-expiration,,headline_index_from_profile_article_not_verified
796,https://www.vlr.gg/player/796/eeiu,ff5e804c2bfa79e6badfaa9c1f398cf1cbef69dc665baa853cbeaed2e7215f85,2026-10-06T15:58:47+00:00,2026-07-19,C0M replaces eeiu on FURIA's active lineup,https://www.vlr.gg/719697/c0m-replaces-eeiu-on-furias-active-lineup,,headline_index_from_profile_article_not_verified
817,https://www.vlr.gg/player/817/fns,3ce4e7ac60d3bdfb17dee71b2e88d65886ce3ead7f1f5f0dada2a7455764a092,2026-10-06T15:37:32+00:00,2025-05-09,FNS retires,https://www.vlr.gg/486399/fns-retires,,headline_index_from_profile_article_not_verified
826,https://www.vlr.gg/player/826/supamen,5998eefc2e7d192e985e212d10a31c4aceeb67cf64d820a2f4e0843994aa6a00,2026-10-06T15:58:48+00:00,2025-11-21,Evil Geniuses unveils 2026 roster,https://www.vlr.gg/588025/evil-geniuses-unveils-2026-roster,,headline_index_from_profile_article_not_verified
826,https://www.vlr.gg/player/826/supamen,5998eefc2e7d192e985e212d10a31c4aceeb67cf64d820a2f4e0843994aa6a00,2026-10-06T15:58:48+00:00,2024-01-27,Evil Geniuses complete 2024 rebuild,https://www.vlr.gg/296898/evil-geniuses-complete-2024-rebuild,,headline_index_from_profile_article_not_verified
872,https://www.vlr.gg/player/872/autumn,d2cbe690b2ac1c316e9fab8690eb3ff70c6729066c69f6ccf57cb06a1ee26d34,2026-10-06T15:58:49+00:00,2026-06-03,How FrosT and a re-tooled roster made Global truly global,https://www.vlr.gg/688408/how-frost-and-a-re-tooled-roster-made-global-truly-global,,headline_index_from_profile_article_not_verified
881,https://www.vlr.gg/player/881/yay,766af03d20562649041a4052ca5dd4a43c6a1cdb04d3b0454bb5f7af63fff7ec,2026-10-06T15:58:50+00:00,2024-08-13,"BLEED announce roster overhaul, bench four players",https://www.vlr.gg/390246/bleed-announce-roster-overhaul-bench-four-players,,headline_index_from_profile_article_not_verified
1129,https://www.vlr.gg/player/1129/rossy,0ced0a4e0008720529fc3ebf3d7e25ee910c167efc49d1add9adf71970663e8c,2026-10-06T15:58:52+00:00,2025-08-14,LEVIATÁN releases Rossy as unrestricted free agent,https://www.vlr.gg/531786/leviat-n-releases-rossy-as-unrestricted-free-agent,,headline_index_from_profile_article_not_verified
1129,https://www.vlr.gg/player/1129/rossy,0ced0a4e0008720529fc3ebf3d7e25ee910c167efc49d1add9adf71970663e8c,2026-10-06T15:58:52+00:00,2025-03-04,Rossy joins LEVIATÁN,https://www.vlr.gg/458741/rossy-joins-leviat-n,,headline_index_from_profile_article_not_verified
1129,https://www.vlr.gg/player/1129/rossy,0ced0a4e0008720529fc3ebf3d7e25ee910c167efc49d1add9adf71970663e8c,2026-10-06T15:58:52+00:00,2024-12-02,Cloud9 replaces Rossy with mitch,https://www.vlr.gg/426803/cloud9-replaces-rossy-with-mitch,,headline_index_from_profile_article_not_verified
1129,https://www.vlr.gg/player/1129/rossy,0ced0a4e0008720529fc3ebf3d7e25ee910c167efc49d1add9adf71970663e8c,2026-10-06T15:58:52+00:00,2024-10-08,Cloud9 signs Rossy and v1c,https://www.vlr.gg/411862/cloud9-signs-rossy-and-v1c,,headline_index_from_profile_article_not_verified
1265,https://www.vlr.gg/player/1265/johnqt,50d37aed87bc86382fab27329bdad641d768a02b9ad55fe1fc537cbbc0c474f4,2026-10-06T15:58:54+00:00,2026-07-15,Iceman returns: Marved to stand in for Sentinels,https://www.vlr.gg/715810/iceman-returns-marved-to-stand-in-for-sentinels,,headline_index_from_profile_article_not_verified
1265,https://www.vlr.gg/player/1265/johnqt,50d37aed87bc86382fab27329bdad641d768a02b9ad55fe1fc537cbbc0c474f4,2026-10-06T15:58:54+00:00,2025-11-01,Sentinels begin anew with 2026 roster,https://www.vlr.gg/580992/sentinels-begin-anew-with-2026-roster,,headline_index_from_profile_article_not_verified
1311,https://www.vlr.gg/player/1311/melser,6cc3658e8fcaa0c76539021b7b8a152a6e9dce848ecfaeea36ee18290ba9f77c,2026-10-06T15:58:55+00:00,2024-11-06,KRU reveals roster,https://www.vlr.gg/420219/kru-reveals-roster,,headline_index_from_profile_article_not_verified
1311,https://www.vlr.gg/player/1311/melser,6cc3658e8fcaa0c76539021b7b8a152a6e9dce848ecfaeea36ee18290ba9f77c,2026-10-06T15:58:55+00:00,2024-07-02,"KRÜ bench Klaus, mta returns to starting lineup",https://www.vlr.gg/368210/kr-bench-klaus-mta-returns-to-starting-lineup,,headline_index_from_profile_article_not_verified
1427,https://www.vlr.gg/player/1427/redgar,fdf7df4ae2fb201158ac433fb2a76d04b0f5b0fdf0c7e2e8619885fa7ac3b80e,2026-10-06T15:58:58+00:00,2024-06-30,"GIANTX bench Redgar, Famsii to step in",https://www.vlr.gg/367185/giantx-bench-redgar-famsii-to-step-in,,headline_index_from_profile_article_not_verified
1428,https://www.vlr.gg/player/1428/sheydos,bfcad217bdf1884a9e516e4fb73c3acae3556c1f91cfa97ad18e5bbb88321690,2026-10-06T15:58:59+00:00,2026-01-07,Karmine Corp officially announces 2026 roster,https://www.vlr.gg/591599/karmine-corp-officially-announces-2026-roster,,headline_index_from_profile_article_not_verified
1428,https://www.vlr.gg/player/1428/sheydos,bfcad217bdf1884a9e516e4fb73c3acae3556c1f91cfa97ad18e5bbb88321690,2026-10-06T15:58:59+00:00,2025-05-15,"KOI overhauls roster with nataNk, MONSTEERR, baddyG, and Simoz",https://www.vlr.gg/488535/koi-overhauls-roster-with-natank-monsteerr-baddyg-and-simoz,,headline_index_from_profile_article_not_verified
1428,https://www.vlr.gg/player/1428/sheydos,bfcad217bdf1884a9e516e4fb73c3acae3556c1f91cfa97ad18e5bbb88321690,2026-10-06T15:58:59+00:00,2024-11-07,KOI announces 2025 roster,https://www.vlr.gg/420586/koi-announces-2025-roster,,headline_index_from_profile_article_not_verified
1430,https://www.vlr.gg/player/1430/crazyguy,fde54bbe02538a43dd6a198a0b0eea9f1c614925c4567d2651afa5ce4ef1c4e2,2026-10-06T15:58:59+00:00,2025-03-16,Sources: Rex Regum Qeon to sign crazyguy in place of Estrella,https://www.vlr.gg/461223/sources-rex-regum-qeon-to-sign-crazyguy-in-place-of-estrella,,headline_index_from_profile_article_not_verified
1430,https://www.vlr.gg/player/1430/crazyguy,fde54bbe02538a43dd6a198a0b0eea9f1c614925c4567d2651afa5ce4ef1c4e2,2026-10-06T15:58:59+00:00,2024-05-26,crazyguy returns to BLEED active roster,https://www.vlr.gg/352797/crazyguy-returns-to-bleed-active-roster,,headline_index_from_profile_article_not_verified
1430,https://www.vlr.gg/player/1430/crazyguy,fde54bbe02538a43dd6a198a0b0eea9f1c614925c4567d2651afa5ce4ef1c4e2,2026-10-06T15:58:59+00:00,2024-03-07,BLEED replace crazyguy and Egoist with Zest and Retla,https://www.vlr.gg/313504/bleed-replace-crazyguy-and-egoist-with-zest-and-retla,,headline_index_from_profile_article_not_verified
1475,https://www.vlr.gg/player/1475/kamyk,ce30528fcc32b544cd71e19f5e8021538dff952eb36923af0246fedbd48dbf38,2026-10-06T15:59:00+00:00,2025-10-24,Gentle Mates parts ways with 2025 roster,https://www.vlr.gg/576806/gentle-mates-parts-ways-with-2025-roster,,headline_index_from_profile_article_not_verified
1475,https://www.vlr.gg/player/1475/kamyk,ce30528fcc32b544cd71e19f5e8021538dff952eb36923af0246fedbd48dbf38,2026-10-06T15:59:00+00:00,2025-03-19,kamyk becomes a Gentle Mate as RobbieBK moves to the bench,https://www.vlr.gg/461162/kamyk-becomes-a-gentle-mate-as-robbiebk-moves-to-the-bench,,headline_index_from_profile_article_not_verified
1475,https://www.vlr.gg/player/1475/kamyk,ce30528fcc32b544cd71e19f5e8021538dff952eb36923af0246fedbd48dbf38,2026-10-06T15:59:00+00:00,2024-11-29,Team Liquid rounds out roster with paTiTek and kamyk,https://www.vlr.gg/425071/team-liquid-rounds-out-roster-with-patitek-and-kamyk,,headline_index_from_profile_article_not_verified
1533,https://www.vlr.gg/player/1533/derrek,4881ace80ba79227a63ff5806246f09d6d82d0053cce01f4d5c5dd1ad0053db1,2026-10-06T15:59:01+00:00,2026-03-20,"M80 reunites kaplan and Kyu, signs Spaz",https://www.vlr.gg/644767/m80-reunites-kaplan-and-kyu-signs-spaz,,headline_index_from_profile_article_not_verified
1533,https://www.vlr.gg/player/1533/derrek,4881ace80ba79227a63ff5806246f09d6d82d0053cce01f4d5c5dd1ad0053db1,2026-10-06T15:59:01+00:00,2025-10-06,Evil Geniuses allows Derrek to explore options ahead of 2026 rebuild,https://www.vlr.gg/568991/evil-geniuses-allows-derrek-to-explore-options-ahead-of-2026-rebuild,,headline_index_from_profile_article_not_verified
1533,https://www.vlr.gg/player/1533/derrek,4881ace80ba79227a63ff5806246f09d6d82d0053cce01f4d5c5dd1ad0053db1,2026-10-06T15:59:01+00:00,2024-01-27,Evil Geniuses complete 2024 rebuild,https://www.vlr.gg/296898/evil-geniuses-complete-2024-rebuild,,headline_index_from_profile_article_not_verified
1743,https://www.vlr.gg/player/1743/blazek1ng,b5f1159add3c25074ff0e100b7b531d7e247249d8558d7cd65c1301aa8264778,2026-10-06T15:59:03+00:00,2024-10-29,blaZek1ng announces retirement,https://www.vlr.gg/417873/blazek1ng-announces-retirement,,headline_index_from_profile_article_not_verified
1743,https://www.vlr.gg/player/1743/blazek1ng,b5f1159add3c25074ff0e100b7b531d7e247249d8558d7cd65c1301aa8264778,2026-10-06T15:59:03+00:00,2024-08-21,Global Esports roster become Restricted Free Agents,https://www.vlr.gg/394818/global-esports-roster-become-restricted-free-agents,,headline_index_from_profile_article_not_verified
1818,https://www.vlr.gg/player/1818/tex,18434e97779c32cb4153bf600f420cca649715d22ccffaba4bbc4e9d746f2634,2026-10-06T15:59:04+00:00,2025-10-22,"LEVIATÁN releases C0M, Okeanos, tex, Desmo, and meco1e to explore options",https://www.vlr.gg/543683/leviat-n-releases-c0m-okeanos-tex-desmo-and-meco1e-to-explore-options,,headline_index_from_profile_article_not_verified
1885,https://www.vlr.gg/player/1885/purp0,439d3b77065c6e90cac7e745f7dbac9dbe08b4486c9708340d58d10cd109c244,2026-10-06T15:59:05+00:00,2026-09-18,purp0 searching for new team following Team Liquid benching,https://www.vlr.gg/757200/purp0-searching-for-new-team-following-team-liquid-benching,,headline_index_from_profile_article_not_verified
1885,https://www.vlr.gg/player/1885/purp0,439d3b77065c6e90cac7e745f7dbac9dbe08b4486c9708340d58d10cd109c244,2026-10-06T15:59:05+00:00,2026-09-09,Team Liquid benches purp0 for GSR ahead of Champions Shanghai,https://www.vlr.gg/754540/team-liquid-benches-purp0-for-gsr-ahead-of-champions-shanghai,,headline_index_from_profile_article_not_verified
1885,https://www.vlr.gg/player/1885/purp0,439d3b77065c6e90cac7e745f7dbac9dbe08b4486c9708340d58d10cd109c244,2026-10-06T15:59:05+00:00,2024-04-02,GIANTX finalize their roster with purp0,https://www.vlr.gg/324693/giantx-finalize-their-roster-with-purp0,,headline_index_from_profile_article_not_verified
1916,https://www.vlr.gg/player/1916/free1ng,e3cdc53b945c7a98992b505cbdd0ce39a450409181f3c9b3cf25da8c2c4e8376,2026-10-06T15:59:05+00:00,2024-10-07,DRX signs HYUNMIN and freeing,https://www.vlr.gg/411375/drx-signs-hyunmin-and-freeing,,headline_index_from_profile_article_not_verified
1960,https://www.vlr.gg/player/1960/eko,762bd3cb4d76456ab4d51844e566c4e375b52a8e92efa05c87a253ce71d86943,2026-10-06T15:59:06+00:00,2025-11-28,ZETA DIVISION picks up eKo and coach ryota,https://www.vlr.gg/590054/zeta-division-picks-up-eko-and-coach-ryota,,headline_index_from_profile_article_not_verified
1960,https://www.vlr.gg/player/1960/eko,762bd3cb4d76456ab4d51844e566c4e375b52a8e92efa05c87a253ce71d86943,2026-10-06T15:59:06+00:00,2025-11-13,"ZETA DIVISION adds stand-ins eKo, Absol, and HoneyBunny for Red Bull Home Ground",https://www.vlr.gg/585317/zeta-division-adds-stand-ins-eko-absol-and-honeybunny-for-red-bull-home-ground,,headline_index_from_profile_article_not_verified
1970,https://www.vlr.gg/player/1970/neth,b2613a73d39a1019347850dfe10878498eae059b29d555043b9ba76b9b7674a7,2026-10-06T15:59:06+00:00,2025-12-08,"neth leaves FENNEL, retires in Crazy Raccoon colors",https://www.vlr.gg/593939/neth-leaves-fennel-retires-in-crazy-raccoon-colors,,headline_index_from_profile_article_not_verified
1970,https://www.vlr.gg/player/1970/neth,b2613a73d39a1019347850dfe10878498eae059b29d555043b9ba76b9b7674a7,2026-10-06T15:59:06+00:00,2024-10-07,"DetonatioN FocusMe releases Medusa, Anthem, neth, Astell",https://www.vlr.gg/411367/detonation-focusme-releases-medusa-anthem-neth-astell,,headline_index_from_profile_article_not_verified
2164,https://www.vlr.gg/player/2164/paincakes,b961f08fb9657a25c7588f74b9355d4585dfa35dcf4c890faf471157e6c5ef56,2026-10-06T15:59:08+00:00,2026-05-07,"Evil Geniuses overhaul roster, bench three in favor of fresh faces",https://www.vlr.gg/670232/evil-geniuses-overhaul-roster-bench-three-in-favor-of-fresh-faces,,headline_index_from_profile_article_not_verified
2164,https://www.vlr.gg/player/2164/paincakes,b961f08fb9657a25c7588f74b9355d4585dfa35dcf4c890faf471157e6c5ef56,2026-10-06T15:59:08+00:00,2025-09-13,Shopify Rebellion Black releases roster,https://www.vlr.gg/547647/shopify-rebellion-black-releases-roster,,headline_index_from_profile_article_not_verified
2164,https://www.vlr.gg/player/2164/paincakes,b961f08fb9657a25c7588f74b9355d4585dfa35dcf4c890faf471157e6c5ef56,2026-10-06T15:59:08+00:00,2024-11-20,Moist X Shopify to debut new roster,https://www.vlr.gg/423641/moist-x-shopify-to-debut-new-roster,,headline_index_from_profile_article_not_verified
2168,https://www.vlr.gg/player/2168/trexx,e7fb86c9564cf6d836f1528341dc932511a0f247171d2bda3f851b5165f380aa,2026-10-06T15:59:08+00:00,2025-03-18,"Team Vitality benches trexx, signs CyvOph and Sayonara",https://www.vlr.gg/461746/team-vitality-benches-trexx-signs-cyvoph-and-sayonara,,headline_index_from_profile_article_not_verified
2168,https://www.vlr.gg/player/2168/trexx,e7fb86c9564cf6d836f1528341dc932511a0f247171d2bda3f851b5165f380aa,2026-10-06T15:59:08+00:00,2024-01-30,"trexx joins Vitality bench, Destrian to start at Kickoff",https://www.vlr.gg/297558/trexx-joins-vitality-bench-destrian-to-start-at-kickoff,,headline_index_from_profile_article_not_verified
2170,https://www.vlr.gg/player/2170/babybay,8dfef296e64ab068d6fe24182c101c96ba36821aa8809484f4fbceb09d13d12a,2026-10-06T15:59:09+00:00,2025-11-14,G2 Esports promotes BABYBAY to starting roster,https://www.vlr.gg/585728/g2-esports-promotes-babybay-to-starting-roster,,headline_index_from_profile_article_not_verified
2172,https://www.vlr.gg/player/2172/brawk,8f7fcb0838e2b3f3c3df5239a8ae9cbc2416885acb621e589f750a8ef5748d08,2026-10-06T15:59:09+00:00,2025-02-16,"NRG benches Verno and bonkar, adds brawk and Mikes",https://www.vlr.gg/450165/nrg-benches-verno-and-bonkar-adds-brawk-and-mikes,,headline_index_from_profile_article_not_verified
2172,https://www.vlr.gg/player/2172/brawk,8f7fcb0838e2b3f3c3df5239a8ae9cbc2416885acb621e589f750a8ef5748d08,2026-10-06T15:59:09+00:00,2024-11-20,Moist X Shopify to debut new roster,https://www.vlr.gg/423641/moist-x-shopify-to-debut-new-roster,,headline_index_from_profile_article_not_verified
2172,https://www.vlr.gg/player/2172/brawk,8f7fcb0838e2b3f3c3df5239a8ae9cbc2416885acb621e589f750a8ef5748d08,2026-10-06T15:59:09+00:00,2024-09-06,Moist x Shopify roster to explore options,https://www.vlr.gg/401708/moist-x-shopify-roster-to-explore-options,,headline_index_from_profile_article_not_verified
2173,https://www.vlr.gg/player/2173/magnum,9fe87705bf4940ea3e2448c9a8043196294dd861a9079152aa890a9d69607756,2026-10-06T15:59:10+00:00,2025-03-21,"BBL replaces chiwa with MAGNUM, drops vakk",https://www.vlr.gg/462248/bbl-replaces-chiwa-with-magnum-drops-vakk,,headline_index_from_profile_article_not_verified
2190,https://www.vlr.gg/player/2190/baddyg,f98a6d294b7e53aa99b3e8e95b9d366984409066abf7f5c401a676cdf3ec6ca0,2026-10-06T15:59:11+00:00,2025-05-15,"KOI overhauls roster with nataNk, MONSTEERR, baddyG, and Simoz",https://www.vlr.gg/488535/koi-overhauls-roster-with-natank-monsteerr-baddyg-and-simoz,,headline_index_from_profile_article_not_verified
2408,https://www.vlr.gg/player/2408/tuyz,3b40b74a420569175e34ed406c54401efed01e0e45ad9b7b2578294b1ad7361f,2026-10-06T15:59:11+00:00,2025-09-27,tuyz set to depart FURIA,https://www.vlr.gg/559208/tuyz-set-to-depart-furia,,headline_index_from_profile_article_not_verified
2408,https://www.vlr.gg/player/2408/tuyz,3b40b74a420569175e34ed406c54401efed01e0e45ad9b7b2578294b1ad7361f,2026-10-06T15:59:11+00:00,2025-05-16,FURIA announces new five-man roster ahead of EWC qualifiers,https://www.vlr.gg/489025/furia-announces-new-five-man-roster-ahead-of-ewc-qualifiers,,headline_index_from_profile_article_not_verified
2408,https://www.vlr.gg/player/2408/tuyz,3b40b74a420569175e34ed406c54401efed01e0e45ad9b7b2578294b1ad7361f,2026-10-06T15:59:11+00:00,2025-05-15,LOUD releases tuyz,https://www.vlr.gg/488549/loud-releases-tuyz,,headline_index_from_profile_article_not_verified
2462,https://www.vlr.gg/player/2462/keznit,06ec0320fcc2ee1b931744bd80478a9454623f445815575b07328e27d5ff2072,2026-10-06T15:59:12+00:00,2026-09-09,"ENVY allows keznit, Demon1, GLYPH, and assistant coach WKN to explore options",https://www.vlr.gg/754554/envy-allows-keznit-demon1-glyph-and-assistant-coach-wkn-to-explore-options,,headline_index_from_profile_article_not_verified
2462,https://www.vlr.gg/player/2462/keznit,06ec0320fcc2ee1b931744bd80478a9454623f445815575b07328e27d5ff2072,2026-10-06T15:59:12+00:00,2025-09-25,keznit to depart KRÜ Esports,https://www.vlr.gg/562388/keznit-to-depart-kr-esports,,headline_index_from_profile_article_not_verified
2462,https://www.vlr.gg/player/2462/keznit,06ec0320fcc2ee1b931744bd80478a9454623f445815575b07328e27d5ff2072,2026-10-06T15:59:12+00:00,2024-11-06,KRU reveals roster,https://www.vlr.gg/420219/kru-reveals-roster,,headline_index_from_profile_article_not_verified
2489,https://www.vlr.gg/player/2489/munchkin,cb4d52ee871e8ff6b406b62c1d12a78d19f0323720391ba05b471d07be1041bd,2026-10-06T15:59:13+00:00,2025-10-20,Munchkin and others released from Gen.G after contract expiration,https://www.vlr.gg/574710/munchkin-and-others-released-from-gen-g-after-contract-expiration,,headline_index_from_profile_article_not_verified
2489,https://www.vlr.gg/player/2489/munchkin,cb4d52ee871e8ff6b406b62c1d12a78d19f0323720391ba05b471d07be1041bd,2026-10-06T15:59:13+00:00,2024-10-15,Gen.G re-signs Munchkin,https://www.vlr.gg/413991/gen-g-re-signs-munchkin,,headline_index_from_profile_article_not_verified
2610,https://www.vlr.gg/player/2610/klaus,d799754661464855784cb9154613b5dca48b7875bb58bd20b8fa38e05b857cc4,2026-10-06T15:59:13+00:00,2024-07-02,"KRÜ bench Klaus, mta returns to starting lineup",https://www.vlr.gg/368210/kr-bench-klaus-mta-returns-to-starting-lineup,,headline_index_from_profile_article_not_verified
2615,https://www.vlr.gg/player/2615/clz,ffb9ac1420576b64e6ccfb2f55bff5b27d2d04ed37ac692be37b8482b23be1c4,2026-10-06T15:59:14+00:00,2024-10-16,ZETA Division unveils full roster,https://www.vlr.gg/411378/zeta-division-unveils-full-roster,,headline_index_from_profile_article_not_verified
2653,https://www.vlr.gg/player/2653/jesse,3c579b3ceaf27e9cc39b2a67bba2caa2496ea4bf3b573ca9cc08f5fcccaba1c3,2026-10-06T15:59:14+00:00,2026-07-25,Jesse permanently replaces musz3kk on GIANTX after visa issues,https://www.vlr.gg/723145/jesse-permanently-replaces-musz3kk-on-giantx-after-visa-issues,,headline_index_from_profile_article_not_verified
2653,https://www.vlr.gg/player/2653/jesse,3c579b3ceaf27e9cc39b2a67bba2caa2496ea4bf3b573ca9cc08f5fcccaba1c3,2026-10-06T15:59:14+00:00,2026-07-15,GIANTX brings on Jesse to stand in for musz3kk,https://www.vlr.gg/715868/giantx-brings-on-jesse-to-stand-in-for-musz3kk,,headline_index_from_profile_article_not_verified
2858,https://www.vlr.gg/player/2858/suygetsu,ad2db40f84d1a428d682118aa8cf7a2730c1afec996a5caa062973c5053a5c05,2026-10-06T15:59:15+00:00,2026-01-07,Karmine Corp officially announces 2026 roster,https://www.vlr.gg/591599/karmine-corp-officially-announces-2026-roster,,headline_index_from_profile_article_not_verified
2858,https://www.vlr.gg/player/2858/suygetsu,ad2db40f84d1a428d682118aa8cf7a2730c1afec996a5caa062973c5053a5c05,2026-10-06T15:59:15+00:00,2024-11-09,"Karmine Corp completes roster rebuild, sign four",https://www.vlr.gg/401786/karmine-corp-completes-roster-rebuild-sign-four,,headline_index_from_profile_article_not_verified
3007,https://www.vlr.gg/player/3007/tdawgg,e6d72d04dd61c08e2aa037eb49f09db1a5d2f0ef0b3faf7dcf70100f3aa25a53,2026-10-06T15:59:16+00:00,2025-01-24,Sentinels' Cubert Academy announces roster,https://www.vlr.gg/439283/sentinels-cubert-academy-announces-roster,,headline_index_from_profile_article_not_verified
3007,https://www.vlr.gg/player/3007/tdawgg,e6d72d04dd61c08e2aa037eb49f09db1a5d2f0ef0b3faf7dcf70100f3aa25a53,2026-10-06T15:59:16+00:00,2024-11-18,TSM rebuilds ahead of Split 3,https://www.vlr.gg/423153/tsm-rebuilds-ahead-of-split-3,,headline_index_from_profile_article_not_verified
3028,https://www.vlr.gg/player/3028/life,a9008e30d3c4448a5b9f377c1ddce798ebc386476d9d800144ced851bb15b681,2026-10-06T15:59:17+00:00,2026-03-23,"FPX announces sScary departure, Life's move to DRG",https://www.vlr.gg/646319/fpx-announces-sscary-departure-lifes-move-to-drg,,headline_index_from_profile_article_not_verified
3031,https://www.vlr.gg/player/3031/septem7,59e382f90e68930ca897ec698777d14d7cf20cfc61009ab6e81277156e5d6e43,2026-10-06T15:59:17+00:00,2026-06-17,Assistant coach-turned-player Septem7 leaves All Gamers,https://www.vlr.gg/700759/assistant-coach-turned-player-septem7-leaves-all-gamers,,headline_index_from_profile_article_not_verified
3031,https://www.vlr.gg/player/3031/septem7,59e382f90e68930ca897ec698777d14d7cf20cfc61009ab6e81277156e5d6e43,2026-10-06T15:59:17+00:00,2026-03-24,All Gamers brings Septem7 from coaching booth to the stage,https://www.vlr.gg/646573/all-gamers-brings-septem7-from-coaching-booth-to-the-stage,,headline_index_from_profile_article_not_verified
3031,https://www.vlr.gg/player/3031/septem7,59e382f90e68930ca897ec698777d14d7cf20cfc61009ab6e81277156e5d6e43,2026-10-06T15:59:17+00:00,2025-01-02,All Gamers finalizes roster ahead of China Kickoff,https://www.vlr.gg/432208/all-gamers-finalizes-roster-ahead-of-china-kickoff,,headline_index_from_profile_article_not_verified
3045,https://www.vlr.gg/player/3045/luok1ng,e50901b260d2844e83d299d85bcbe8efdf6a96a7b517c0717c1006864940dedd,2026-10-06T15:59:18+00:00,2024-03-27,"Trace pick up LuoK1ng, coach Yiyee",https://www.vlr.gg/323241/trace-pick-up-luok1ng-coach-yiyee,,headline_index_from_profile_article_not_verified
3045,https://www.vlr.gg/player/3045/luok1ng,e50901b260d2844e83d299d85bcbe8efdf6a96a7b517c0717c1006864940dedd,2026-10-06T15:59:18+00:00,2024-03-25,"LuoK1ng, coach Yiyee leave TYLOO",https://www.vlr.gg/322779/luok1ng-coach-yiyee-leave-tyloo,,headline_index_from_profile_article_not_verified
3519,https://www.vlr.gg/player/3519/jkuro,57948acd4241a13cc78c7396df3f6bb0a09c8d183eef5332426749ae629e6304,2026-10-06T15:59:20+00:00,2024-01-16,"JDG sign Rare Atom core, jkuro",https://www.vlr.gg/295310/jdg-sign-rare-atom-core-jkuro,,headline_index_from_profile_article_not_verified
3547,https://www.vlr.gg/player/3547/ninebody,232017e0a5640f054f499e69e1d04f879301798d2df170c1810f12cf6924823b,2026-10-06T15:59:21+00:00,2025-10-16,TYLOO releases Ninebody,https://www.vlr.gg/573024/tyloo-releases-ninebody,,headline_index_from_profile_article_not_verified
3685,https://www.vlr.gg/player/3685/flyuh,33ffb819f7cacd184f552b93a40cd13b1f380f2d1f647471a3e6af9ccfa5c6fc,2026-10-06T15:59:22+00:00,2025-09-19,flyuh the last to announce departure from KOI,https://www.vlr.gg/551817/flyuh-the-last-to-announce-departure-from-koi,,headline_index_from_profile_article_not_verified
3685,https://www.vlr.gg/player/3685/flyuh,33ffb819f7cacd184f552b93a40cd13b1f380f2d1f647471a3e6af9ccfa5c6fc,2026-10-06T15:59:22+00:00,2024-11-07,KOI announces 2025 roster,https://www.vlr.gg/420586/koi-announces-2025-roster,,headline_index_from_profile_article_not_verified
3685,https://www.vlr.gg/player/3685/flyuh,33ffb819f7cacd184f552b93a40cd13b1f380f2d1f647471a3e6af9ccfa5c6fc,2026-10-06T15:59:22+00:00,2024-09-06,Moist x Shopify roster to explore options,https://www.vlr.gg/401708/moist-x-shopify-roster-to-explore-options,,headline_index_from_profile_article_not_verified
3722,https://www.vlr.gg/player/3722/koalanoob,f2e54554f4feeff40ba2d46304e70cf19e36fbafc99b56cd74a9615298106541,2026-10-06T15:59:23+00:00,2025-06-26,"NAVI adds alexiiik, releases koalanoob",https://www.vlr.gg/509510/navi-adds-alexiiik-releases-koalanoob,,headline_index_from_profile_article_not_verified
3722,https://www.vlr.gg/player/3722/koalanoob,f2e54554f4feeff40ba2d46304e70cf19e36fbafc99b56cd74a9615298106541,2026-10-06T15:59:23+00:00,2025-06-02,"NAVI benches koalanoob, allows him to explore options",https://www.vlr.gg/494566/navi-benches-koalanoob-allows-him-to-explore-options,,headline_index_from_profile_article_not_verified
3722,https://www.vlr.gg/player/3722/koalanoob,f2e54554f4feeff40ba2d46304e70cf19e36fbafc99b56cd74a9615298106541,2026-10-06T15:59:23+00:00,2024-12-03,"NAVI picks up hiro, koalanoob, and Ruxic, Happy as head coach",https://www.vlr.gg/426882/navi-picks-up-hiro-koalanoob-and-ruxic-happy-as-head-coach,,headline_index_from_profile_article_not_verified
3722,https://www.vlr.gg/player/3722/koalanoob,f2e54554f4feeff40ba2d46304e70cf19e36fbafc99b56cd74a9615298106541,2026-10-06T15:59:23+00:00,2024-09-23,M80 parts ways with entire Valorant roster,https://www.vlr.gg/407356/m80-parts-ways-with-entire-valorant-roster,,headline_index_from_profile_article_not_verified
3880,https://www.vlr.gg/player/3880/bang,cbfa6527e3e3ab46f9f117d8ab49966598978aa082d51ba0199e35dc614ae15d,2026-10-06T15:59:25+00:00,2025-10-22,Sentinels' offseason kicks off with bang's release,https://www.vlr.gg/575624/sentinels-offseason-kicks-off-with-bangs-release,,headline_index_from_profile_article_not_verified
3977,https://www.vlr.gg/player/3977/crws,91be5d74c014c509550186b40dd60262514ce9dced1a35554f2f6ee93beb6b58,2026-10-06T15:59:26+00:00,2026-08-22,Crws retires from competitive play,https://www.vlr.gg/741958/crws-retires-from-competitive-play,,headline_index_from_profile_article_not_verified
3977,https://www.vlr.gg/player/3977/crws,91be5d74c014c509550186b40dd60262514ce9dced1a35554f2f6ee93beb6b58,2026-10-06T15:59:26+00:00,2025-12-08,FULL SENSE joins VCT Pacific,https://www.vlr.gg/593642/full-sense-joins-vct-pacific,,headline_index_from_profile_article_not_verified
3993,https://www.vlr.gg/player/3993/jawgemo,77759340c25f65ce11812f895b837a2d34239f0515c2e4ebd0f7e6da0ce69878,2026-10-06T15:59:27+00:00,2024-10-07,jawgemo signs with G2 Esports,https://www.vlr.gg/411475/jawgemo-signs-with-g2-esports,,headline_index_from_profile_article_not_verified
4004,https://www.vlr.gg/player/4004/zekken,d10c3860dc6d21524afc853c9e27cb6552a07b1ce8f68f3d0f4acfa5ccb7efb3,2026-10-06T15:59:28+00:00,2025-11-01,zekken departs Sentinels after three years of service,https://www.vlr.gg/580915/zekken-departs-sentinels-after-three-years-of-service,,headline_index_from_profile_article_not_verified
4056,https://www.vlr.gg/player/4056/sylvan,970907d89224f6c93b32db01332bee794cc0effb9967b2f8eaa56a65b39cade2,2026-10-06T15:59:29+00:00,2024-10-09,"T1 signs Sylvan, Indigo, and CheongGak",https://www.vlr.gg/411373/t1-signs-sylvan-indigo-and-cheonggak,,headline_index_from_profile_article_not_verified
4122,https://www.vlr.gg/player/4122/persia,d7e69f01cc3e81244516421d6fd1f9568159ee6e4672478543e268bdf0932b3c,2026-10-06T15:59:30+00:00,2025-10-31,Persia departs Nongshim RedForce,https://www.vlr.gg/580686/persia-departs-nongshim-redforce,,headline_index_from_profile_article_not_verified
4147,https://www.vlr.gg/player/4147/cryocells,fa14f866fcb825a9a6ecb81919177950a0b9f468116714ffe824fa37bfaf9db6,2026-10-06T15:59:30+00:00,2025-11-04,zander departs 100 Thieves after one season,https://www.vlr.gg/549441/zander-departs-100-thieves-after-one-season,,headline_index_from_profile_article_not_verified
4181,https://www.vlr.gg/player/4181/cloud,422c0ba86291e8f936364680a9a61d00b6cfee513bfcc39922c4b30b50b36422,2026-10-06T15:59:31+00:00,2026-06-17,FNATIC signs Cloud on three-year contract,https://www.vlr.gg/700899/fnatic-signs-cloud-on-three-year-contract,,headline_index_from_profile_article_not_verified
4382,https://www.vlr.gg/player/4382/sscary,a0dbf5180c0135ef93137785c05f389e9b8797ed9142e776274682485fc15b04,2026-10-06T15:59:33+00:00,2026-03-23,"FPX announces sScary departure, Life's move to DRG",https://www.vlr.gg/646319/fpx-announces-sscary-departure-lifes-move-to-drg,,headline_index_from_profile_article_not_verified
4382,https://www.vlr.gg/player/4382/sscary,a0dbf5180c0135ef93137785c05f389e9b8797ed9142e776274682485fc15b04,2026-10-06T15:59:33+00:00,2025-01-11,sScary announces retirement from Valorant,https://www.vlr.gg/433339/sscary-announces-retirement-from-valorant,,headline_index_from_profile_article_not_verified
4521,https://www.vlr.gg/player/4521/unfake,8d450d9ea141c1411c6626e183366a4b3dd3a4ea22df89b61f72578def4e8b41,2026-10-06T15:59:35+00:00,2026-03-09,UNFAKE leaves Team Vitality following stand-in stint,https://www.vlr.gg/637703/unfake-leaves-team-vitality-following-stand-in-stint,,headline_index_from_profile_article_not_verified
4521,https://www.vlr.gg/player/4521/unfake,8d450d9ea141c1411c6626e183366a4b3dd3a4ea22df89b61f72578def4e8b41,2026-10-06T15:59:35+00:00,2026-01-07,UNFAKE to stand in for Sayonara in Kickoff,https://www.vlr.gg/600922/unfake-to-stand-in-for-sayonara-in-kickoff,,headline_index_from_profile_article_not_verified
4521,https://www.vlr.gg/player/4521/unfake,8d450d9ea141c1411c6626e183366a4b3dd3a4ea22df89b61f72578def4e8b41,2026-10-06T15:59:35+00:00,2025-06-16,Team Vitality adds UNFAKE and KovaQ in roster shakeup,https://www.vlr.gg/502969/team-vitality-adds-unfake-and-kovaq-in-roster-shakeup,,headline_index_from_profile_article_not_verified
4544,https://www.vlr.gg/player/4544/filu,b097a9b6ea53be56a3476b620b4ba9ea602f750f5b52a5917740d6a4efdae470,2026-10-06T15:59:36+00:00,2026-06-24,Filu benched from Natus Vincere ahead of Stage 2,https://www.vlr.gg/705813/filu-benched-from-natus-vincere-ahead-of-stage-2,,headline_index_from_profile_article_not_verified
4544,https://www.vlr.gg/player/4544/filu,b097a9b6ea53be56a3476b620b4ba9ea602f750f5b52a5917740d6a4efdae470,2026-10-06T15:59:36+00:00,2025-12-03,NAVI unveils 2026 roster coached by ANGE1,https://www.vlr.gg/591818/navi-unveils-2026-roster-coached-by-ange1,,headline_index_from_profile_article_not_verified
4581,https://www.vlr.gg/player/4581/jonahp,128512282a7a1c45f377176e200282f6689228ed43f5c2534e81693f493c5dcc,2026-10-06T15:59:36+00:00,2025-11-12,G2 Esports moves JonahP to inactive roster,https://www.vlr.gg/585091/g2-esports-moves-jonahp-to-inactive-roster,,headline_index_from_profile_article_not_verified
4678,https://www.vlr.gg/player/4678/beyn,b3ac74d3923d90f62a986fab80b4f86c043d021cf32e74380f415263efa5c975,2026-10-06T15:59:37+00:00,2024-03-27,"DRX sign BeYN, release coach before Stage 1",https://www.vlr.gg/323278/drx-sign-beyn-release-coach-before-stage-1,,headline_index_from_profile_article_not_verified
4712,https://www.vlr.gg/player/4712/heybay,f54392fa0b1cd40d441ff927b3d370189fc6b1ccd4834e1579abe5609a9be326,2026-10-06T15:59:38+00:00,2026-06-28,OBONE retires and heybay departs Nova Esports,https://www.vlr.gg/707510/obone-retires-and-heybay-departs-nova-esports,,headline_index_from_profile_article_not_verified
4712,https://www.vlr.gg/player/4712/heybay,f54392fa0b1cd40d441ff927b3d370189fc6b1ccd4834e1579abe5609a9be326,2026-10-06T15:59:38+00:00,2025-11-09,Nova Esports brings on heybay and GREEN in offseason rebuild,https://www.vlr.gg/584394/nova-esports-brings-on-heybay-and-green-in-offseason-rebuild,,headline_index_from_profile_article_not_verified
4720,https://www.vlr.gg/player/4720/haodong,8e8a62fcd5dd11d74c2636ad97f18a34a8445ff64d39d8861ca6b68806630dea,2026-10-06T15:59:39+00:00,2024-10-19,Titan Esports Club signs Haodong and AfteR,https://www.vlr.gg/411347/titan-esports-club-signs-haodong-and-after,,headline_index_from_profile_article_not_verified
4742,https://www.vlr.gg/player/4742/smoggy,e952826b2abca0ed243b88b861692b4de78ff4dad046bc26b56806b6e6b25630,2026-10-06T15:59:39+00:00,2026-06-30,"Smoggy to miss EWC, coach signed to step in",https://www.vlr.gg/707876/smoggy-to-miss-ewc-coach-signed-to-step-in,,headline_index_from_profile_article_not_verified
4828,https://www.vlr.gg/player/4828/nismo,44b4fba2b65a1578d0ca10cd7bc4202e3c7c68c419e947f81a7ae88d2bec3072,2026-10-06T15:59:42+00:00,2026-03-20,"M80 reunites kaplan and Kyu, signs Spaz",https://www.vlr.gg/644767/m80-reunites-kaplan-and-kyu-signs-spaz,,headline_index_from_profile_article_not_verified
4828,https://www.vlr.gg/player/4828/nismo,44b4fba2b65a1578d0ca10cd7bc4202e3c7c68c419e947f81a7ae88d2bec3072,2026-10-06T15:59:42+00:00,2026-01-13,"M80 returns to Valorant, brings back NiSMO as head coach",https://www.vlr.gg/602481/m80-returns-to-valorant-brings-back-nismo-as-head-coach,,headline_index_from_profile_article_not_verified
4828,https://www.vlr.gg/player/4828/nismo,44b4fba2b65a1578d0ca10cd7bc4202e3c7c68c419e947f81a7ae88d2bec3072,2026-10-06T15:59:42+00:00,2025-01-24,Sentinels' Cubert Academy announces roster,https://www.vlr.gg/439283/sentinels-cubert-academy-announces-roster,,headline_index_from_profile_article_not_verified
4828,https://www.vlr.gg/player/4828/nismo,44b4fba2b65a1578d0ca10cd7bc4202e3c7c68c419e947f81a7ae88d2bec3072,2026-10-06T15:59:42+00:00,2024-09-23,M80 parts ways with entire Valorant roster,https://www.vlr.gg/407356/m80-parts-ways-with-entire-valorant-roster,,headline_index_from_profile_article_not_verified
4866,https://www.vlr.gg/player/4866/kushy,67cf8faedc27acd7deaf5d35a3f9f23d712fd302c0eefd52e7b51a6556ac7d80,2026-10-06T15:59:42+00:00,2024-10-10,RRQ round off roster with Kush and Warbirds,https://www.vlr.gg/412369/rrq-round-off-roster-with-kush-and-warbirds,,headline_index_from_profile_article_not_verified
4874,https://www.vlr.gg/player/4874/berserx,7d73c0923d5253326b83a0a1925d7de5aaa4dc55f5ebc46db9cca53cade1fd3a,2026-10-06T15:59:44+00:00,2026-07-13,Team Secret releases BerserX and Rimuru,https://www.vlr.gg/715064/team-secret-releases-berserx-and-rimuru,,headline_index_from_profile_article_not_verified
4874,https://www.vlr.gg/player/4874/berserx,7d73c0923d5253326b83a0a1925d7de5aaa4dc55f5ebc46db9cca53cade1fd3a,2026-10-06T15:59:44+00:00,2025-12-24,Team Secret adds BerserX to complete multi-national rebuild,https://www.vlr.gg/598185/team-secret-adds-berserx-to-complete-multi-national-rebuild,,headline_index_from_profile_article_not_verified
4927,https://www.vlr.gg/player/4927/nature,1da7c1b5be65fe9d3065106ef40b7000277070814dd2f33aaacbf92b56e90cfe,2026-10-06T15:59:46+00:00,2025-12-08,NaturE departs Evil Geniuses,https://www.vlr.gg/587912/nature-departs-evil-geniuses,,headline_index_from_profile_article_not_verified
4927,https://www.vlr.gg/player/4927/nature,1da7c1b5be65fe9d3065106ef40b7000277070814dd2f33aaacbf92b56e90cfe,2026-10-06T15:59:46+00:00,2024-01-27,Evil Geniuses complete 2024 rebuild,https://www.vlr.gg/296898/evil-geniuses-complete-2024-rebuild,,headline_index_from_profile_article_not_verified
5004,https://www.vlr.gg/player/5004/natank,e6ac5b583f3a54f53e9df551cc224125cf5fd79bb7e6e93d6e81d51c5bc5ea36,2026-10-06T15:59:47+00:00,2025-05-15,"KOI overhauls roster with nataNk, MONSTEERR, baddyG, and Simoz",https://www.vlr.gg/488535/koi-overhauls-roster-with-natank-monsteerr-baddyg-and-simoz,,headline_index_from_profile_article_not_verified
5004,https://www.vlr.gg/player/5004/natank,e6ac5b583f3a54f53e9df551cc224125cf5fd79bb7e6e93d6e81d51c5bc5ea36,2026-10-06T15:59:47+00:00,2024-12-07,nataNk completes Leviatán roster,https://www.vlr.gg/416814/natank-completes-leviat-n-roster,,headline_index_from_profile_article_not_verified
5004,https://www.vlr.gg/player/5004/natank,e6ac5b583f3a54f53e9df551cc224125cf5fd79bb7e6e93d6e81d51c5bc5ea36,2026-10-06T15:59:47+00:00,2024-10-22,Gentle Mates parts with five players and full coaching staff,https://www.vlr.gg/416247/gentle-mates-parts-with-five-players-and-full-coaching-staff,,headline_index_from_profile_article_not_verified
5011,https://www.vlr.gg/player/5011/abo,9d9b93df3e9f509d9abdebdebc632544d4d1ca597119ad1b7b9cca0c34a45edc,2026-10-06T15:59:47+00:00,2026-03-25,"Abo departs Titan Esports Club, joins Trace Esports",https://www.vlr.gg/646773/abo-departs-titan-esports-club-joins-trace-esports,,headline_index_from_profile_article_not_verified
5132,https://www.vlr.gg/player/5132/mada,9a6c9d4e64fda8b28cac2043851b9d379c58ad1b244a5c94ac6050b4cf34ea35,2026-10-06T15:59:49+00:00,2024-10-10,"NRG completes roster, signs mada, Verno, and bonkar",https://www.vlr.gg/412487/nrg-completes-roster-signs-mada-verno-and-bonkar,,headline_index_from_profile_article_not_verified
5132,https://www.vlr.gg/player/5132/mada,9a6c9d4e64fda8b28cac2043851b9d379c58ad1b244a5c94ac6050b4cf34ea35,2026-10-06T15:59:49+00:00,2024-09-06,Moist x Shopify roster to explore options,https://www.vlr.gg/401708/moist-x-shopify-roster-to-explore-options,,headline_index_from_profile_article_not_verified
5292,https://www.vlr.gg/player/5292/al0rante,3a82783e5807a0e99e556c0e89267d9027c2af3b4e8f9c9fccd29cccc15da891,2026-10-06T15:59:50+00:00,2026-01-20,PCIFIC unveils full roster ahead of Kickoff clash against BBL,https://www.vlr.gg/606164/pcific-unveils-full-roster-ahead-of-kickoff-clash-against-bbl,,headline_index_from_profile_article_not_verified
5351,https://www.vlr.gg/player/5351/rglmeister,69ae274a7c4dea437de6ae1fc9cb9520e9e992e5d9120a64712feaf96e1d2e27,2026-10-06T15:59:51+00:00,2024-05-24,MIBR hit the midseason rebuild button,https://www.vlr.gg/351880/mibr-hit-the-midseason-rebuild-button,,headline_index_from_profile_article_not_verified
5395,https://www.vlr.gg/player/5395/cortezia,49b0b7512c88d66dc053bae1f0de8363dcc0bc24852e3fdab4aa565c177ef62d,2026-10-06T15:59:51+00:00,2025-11-14,"Boaster at RBHG: ""I will retire when I feel like I am a big detriment to my team""",https://www.vlr.gg/585732/boaster-at-rbhg-i-will-retire-when-i-feel-like-i-am-a-big-detriment-to-my-team,,headline_index_from_profile_article_not_verified
5395,https://www.vlr.gg/player/5395/cortezia,49b0b7512c88d66dc053bae1f0de8363dcc0bc24852e3fdab4aa565c177ef62d,2026-10-06T15:59:51+00:00,2025-11-01,Sentinels begin anew with 2026 roster,https://www.vlr.gg/580992/sentinels-begin-anew-with-2026-roster,,headline_index_from_profile_article_not_verified
5550,https://www.vlr.gg/player/5550/grubinho,fa25baa97ee2c048e2888bf58dcafe1a825393f9977f7b9373a1d1515cffd01f,2026-10-06T15:59:53+00:00,2024-11-07,KOI announces 2025 roster,https://www.vlr.gg/420586/koi-announces-2025-roster,,headline_index_from_profile_article_not_verified
5550,https://www.vlr.gg/player/5550/grubinho,fa25baa97ee2c048e2888bf58dcafe1a825393f9977f7b9373a1d1515cffd01f,2026-10-06T15:59:53+00:00,2024-02-09,"KOI finalize 2024 roster, grubinho joins",https://www.vlr.gg/299341/koi-finalize-2024-roster-grubinho-joins,,headline_index_from_profile_article_not_verified
5554,https://www.vlr.gg/player/5554/profek,309728120a45919a8af7c5eb07d0b215720e71d3fe59ab66b5a0ca61be7163c0,2026-10-06T15:59:53+00:00,2024-10-21,BBL Esports completes 2025 roster,https://www.vlr.gg/416051/bbl-esports-completes-2025-roster,,headline_index_from_profile_article_not_verified
5568,https://www.vlr.gg/player/5568/sociablee,69016b50255dbd306e6026247d74bac2a793e06fc1324eef53a9613b1bdc38ae,2026-10-06T15:59:55+00:00,2026-04-01,FUT signs sociablEE from NAVI to round out five-man roster,https://www.vlr.gg/649273/fut-signs-sociablee-from-navi-to-round-out-five-man-roster,,headline_index_from_profile_article_not_verified
5568,https://www.vlr.gg/player/5568/sociablee,69016b50255dbd306e6026247d74bac2a793e06fc1324eef53a9613b1bdc38ae,2026-10-06T15:59:55+00:00,2025-12-03,NAVI unveils 2026 roster coached by ANGE1,https://www.vlr.gg/591818/navi-unveils-2026-roster-coached-by-ange1,,headline_index_from_profile_article_not_verified
5568,https://www.vlr.gg/player/5568/sociablee,69016b50255dbd306e6026247d74bac2a793e06fc1324eef53a9613b1bdc38ae,2026-10-06T15:59:55+00:00,2024-10-21,BBL Esports completes 2025 roster,https://www.vlr.gg/416051/bbl-esports-completes-2025-roster,,headline_index_from_profile_article_not_verified
5654,https://www.vlr.gg/player/5654/avez,eb2645f2e667079fc7a9a26b635b7608d5c424934a264744c08a608c234281e8,2026-10-06T15:59:55+00:00,2026-01-07,Karmine Corp officially announces 2026 roster,https://www.vlr.gg/591599/karmine-corp-officially-announces-2026-roster,,headline_index_from_profile_article_not_verified
5654,https://www.vlr.gg/player/5654/avez,eb2645f2e667079fc7a9a26b635b7608d5c424934a264744c08a608c234281e8,2026-10-06T15:59:55+00:00,2024-11-09,"Karmine Corp completes roster rebuild, sign four",https://www.vlr.gg/401786/karmine-corp-completes-roster-rebuild-sign-four,,headline_index_from_profile_article_not_verified
5796,https://www.vlr.gg/player/5796/kr1stal,66e121c32c22032f114f93f34802866bf5b85b7de381bf9c984f598c29c19fc2,2026-10-06T15:59:58+00:00,2024-10-31,Global Esports announces full roster for 2025,https://www.vlr.gg/414826/global-esports-announces-full-roster-for-2025,,headline_index_from_profile_article_not_verified
5796,https://www.vlr.gg/player/5796/kr1stal,66e121c32c22032f114f93f34802866bf5b85b7de381bf9c984f598c29c19fc2,2026-10-06T15:59:58+00:00,2024-09-23,Kr1stal departs Xi Lai Gaming,https://www.vlr.gg/407249/kr1stal-departs-xi-lai-gaming,,headline_index_from_profile_article_not_verified
6022,https://www.vlr.gg/player/6022/yosemite,5e33cd4ae3a54a2182de21a50826ddb05bc2d78a09fa0d8550c9352b85e4cdab,2026-10-06T15:59:59+00:00,2024-10-30,"FunPlus Phoenix signs yosemite, York as assistant coach",https://www.vlr.gg/417974/funplus-phoenix-signs-yosemite-york-as-assistant-coach,,headline_index_from_profile_article_not_verified
6238,https://www.vlr.gg/player/6238/urango,9a7f3142344150bcc1bd59d2601e05e04bdca1a5aa5323f68067da853d399ddf,2026-10-06T16:00:01+00:00,2025-05-16,FURIA announces new five-man roster ahead of EWC qualifiers,https://www.vlr.gg/489025/furia-announces-new-five-man-roster-ahead-of-ewc-qualifiers,,headline_index_from_profile_article_not_verified
6672,https://www.vlr.gg/player/6672/meiy,df0a3eac7b11ca6e8b440263a30ea1f921fd772530fe3d26762bdff55bce97f2,2026-10-06T16:00:02+00:00,2026-01-01,DFM ushers in the new year with a new roster,https://www.vlr.gg/599361/dfm-ushers-in-the-new-year-with-a-new-roster,,headline_index_from_profile_article_not_verified
7049,https://www.vlr.gg/player/7049/natz,5a9f3fa1b0c1fc6e0018f121f66b208eadd4e208a49e170fad188100ec497a0f,2026-10-06T16:00:06+00:00,2026-07-15,"Team Secret rounds out roster with Spin, natz, STYRON",https://www.vlr.gg/715801/team-secret-rounds-out-roster-with-spin-natz-styron,,headline_index_from_profile_article_not_verified
7105,https://www.vlr.gg/player/7105/qpert,94d588a66e43dd460c240bbaf5b0acfe860b4a2e706bf6243122a35cdcacb396,2026-10-06T16:00:06+00:00,2026-01-20,PCIFIC unveils full roster ahead of Kickoff clash against BBL,https://www.vlr.gg/606164/pcific-unveils-full-roster-ahead-of-kickoff-clash-against-bbl,,headline_index_from_profile_article_not_verified
7378,https://www.vlr.gg/player/7378/jinggg,55e4755cae56c1e6b76756a3ddd0753658630efcdbac046d336337fe4cd34ef2,2026-10-06T16:00:07+00:00,2024-03-29,Jinggg returns to active PRX roster,https://www.vlr.gg/323713/jinggg-returns-to-active-prx-roster,,headline_index_from_profile_article_not_verified
7405,https://www.vlr.gg/player/7405/jremy,0163a4f33886cfb2e593f63dcea648a68201192ff8e0715a11fbb11674442ba3,2026-10-06T16:00:08+00:00,2025-08-10,Jremy departs Team Secret after three seasons,https://www.vlr.gg/530684/jremy-departs-team-secret-after-three-seasons,,headline_index_from_profile_article_not_verified
7405,https://www.vlr.gg/player/7405/jremy,0163a4f33886cfb2e593f63dcea648a68201192ff8e0715a11fbb11674442ba3,2026-10-06T16:00:08+00:00,2025-05-14,Team Secret benches Jremy,https://www.vlr.gg/488343/team-secret-benches-jremy,,headline_index_from_profile_article_not_verified
7426,https://www.vlr.gg/player/7426/juicy,0d2afc890eb203aa32ff4b874a468162b0bc6e552a8cd104ff2dc6638aa9754a,2026-10-06T16:00:09+00:00,2024-11-25,Wolves sign Juicy,https://www.vlr.gg/424988/wolves-sign-juicy,,headline_index_from_profile_article_not_verified
7437,https://www.vlr.gg/player/7437/kellys,21a3515170d9c9ea27aac6f4e03584875bdd4e79cdcdaeaa8c7a767bb59798ed,2026-10-06T16:00:09+00:00,2025-05-15,"Team Secret signs kellyS, ZesBeeW, and n1zzy",https://www.vlr.gg/488520/team-secret-signs-kellys-zesbeew-and-n1zzy,,headline_index_from_profile_article_not_verified
7437,https://www.vlr.gg/player/7437/kellys,21a3515170d9c9ea27aac6f4e03584875bdd4e79cdcdaeaa8c7a767bb59798ed,2026-10-06T16:00:09+00:00,2024-10-31,Global Esports announces full roster for 2025,https://www.vlr.gg/414826/global-esports-announces-full-roster-for-2025,,headline_index_from_profile_article_not_verified
7603,https://www.vlr.gg/player/7603/mazino,28aef25647b2012aa5ad0998f36775d4a1a0c177b5b6f9f0e57ced5f80f99e25,2026-10-06T16:00:10+00:00,2025-11-22,Mazino departs KRÜ,https://www.vlr.gg/563679/mazino-departs-kr,,headline_index_from_profile_article_not_verified
7603,https://www.vlr.gg/player/7603/mazino,28aef25647b2012aa5ad0998f36775d4a1a0c177b5b6f9f0e57ced5f80f99e25,2026-10-06T16:00:10+00:00,2024-11-06,KRU reveals roster,https://www.vlr.gg/420219/kru-reveals-roster,,headline_index_from_profile_article_not_verified
7754,https://www.vlr.gg/player/7754/xavi8k,7edd58c3813e32e361d9a6ed84923ebb1933d40ca53e46b475bd1b2e247e9b1e,2026-10-06T16:00:12+00:00,2026-06-03,How FrosT and a re-tooled roster made Global truly global,https://www.vlr.gg/688408/how-frost-and-a-re-tooled-roster-made-global-truly-global,,headline_index_from_profile_article_not_verified
7857,https://www.vlr.gg/player/7857/berlin,76a873d74275441bfb1486737ef1b9f27779915f8ae6dbecd5ba930f1fbc075d,2026-10-06T16:00:13+00:00,2025-04-28,"FunPlus Phoenix announces return of BerLIN, Shr1mp departure",https://www.vlr.gg/481272/funplus-phoenix-announces-return-of-berlin-shr1mp-departure,,headline_index_from_profile_article_not_verified
7857,https://www.vlr.gg/player/7857/berlin,76a873d74275441bfb1486737ef1b9f27779915f8ae6dbecd5ba930f1fbc075d,2026-10-06T16:00:13+00:00,2025-03-04,BerLIN retires from competitive play,https://www.vlr.gg/458717/berlin-retires-from-competitive-play,,headline_index_from_profile_article_not_verified
7866,https://www.vlr.gg/player/7866/click,9aa1e9f5584e1b4041a7f126df26194c5091f6e695d7c3c8c7a1612460cf43af,2026-10-06T16:00:14+00:00,2025-10-24,Gentle Mates parts ways with 2025 roster,https://www.vlr.gg/576806/gentle-mates-parts-ways-with-2025-roster,,headline_index_from_profile_article_not_verified
7866,https://www.vlr.gg/player/7866/click,9aa1e9f5584e1b4041a7f126df26194c5091f6e695d7c3c8c7a1612460cf43af,2026-10-06T16:00:14+00:00,2025-05-13,"Gentle Mates brings in Veqaj and Proxh, Kada and Click to move to inactive roster",https://www.vlr.gg/488105/gentle-mates-brings-in-veqaj-and-proxh-kada-and-click-to-move-to-inactive-roster,,headline_index_from_profile_article_not_verified
7866,https://www.vlr.gg/player/7866/click,9aa1e9f5584e1b4041a7f126df26194c5091f6e695d7c3c8c7a1612460cf43af,2026-10-06T16:00:14+00:00,2024-12-04,Gentle Mates announces 2025 roster,https://www.vlr.gg/426899/gentle-mates-announces-2025-roster,,headline_index_from_profile_article_not_verified
7987,https://www.vlr.gg/player/7987/kovaq,c8947ff39cf0b31aa80afbac543cbefd2ed02e6202bf1602a0f82884a11f20ca,2026-10-06T16:00:15+00:00,2026-03-13,FunPlus Phoenix signs KovaQ,https://www.vlr.gg/641447/funplus-phoenix-signs-kovaq,,headline_index_from_profile_article_not_verified
7987,https://www.vlr.gg/player/7987/kovaq,c8947ff39cf0b31aa80afbac543cbefd2ed02e6202bf1602a0f82884a11f20ca,2026-10-06T16:00:15+00:00,2025-06-16,Team Vitality adds UNFAKE and KovaQ in roster shakeup,https://www.vlr.gg/502969/team-vitality-adds-unfake-and-kovaq-in-roster-shakeup,,headline_index_from_profile_article_not_verified
8082,https://www.vlr.gg/player/8082/zander,2278ecdc218c3ab882286132f1e63c267927428f2b4f6f89d77a10fdaf59812a,2026-10-06T16:00:16+00:00,2025-11-04,zander departs 100 Thieves after one season,https://www.vlr.gg/549441/zander-departs-100-thieves-after-one-season,,headline_index_from_profile_article_not_verified
8082,https://www.vlr.gg/player/8082/zander,2278ecdc218c3ab882286132f1e63c267927428f2b4f6f89d77a10fdaf59812a,2026-10-06T16:00:16+00:00,2024-09-23,M80 parts ways with entire Valorant roster,https://www.vlr.gg/407356/m80-parts-ways-with-entire-valorant-roster,,headline_index_from_profile_article_not_verified
8286,https://www.vlr.gg/player/8286/glyph,67413233f52ddc69fac8887621db8aa1d94dd89aa34984a24625a63f8d8e3717,2026-10-06T16:00:16+00:00,2026-09-09,"ENVY allows keznit, Demon1, GLYPH, and assistant coach WKN to explore options",https://www.vlr.gg/754554/envy-allows-keznit-demon1-glyph-and-assistant-coach-wkn-to-explore-options,,headline_index_from_profile_article_not_verified
8286,https://www.vlr.gg/player/8286/glyph,67413233f52ddc69fac8887621db8aa1d94dd89aa34984a24625a63f8d8e3717,2026-10-06T16:00:16+00:00,2026-06-30,"GLYPH signs with Envy, P0PPIN benched",https://www.vlr.gg/708077/glyph-signs-with-envy-p0ppin-benched,,headline_index_from_profile_article_not_verified
8373,https://www.vlr.gg/player/8373/okeanos,d091f8cd820b9a9b551ce11ac6fb3741ecae80c3f8a6604562676d3fccd75d0b,2026-10-06T16:00:18+00:00,2026-07-06,"C0M, Okeanos released from Evil Geniuses",https://www.vlr.gg/711261/c0m-okeanos-released-from-evil-geniuses,,headline_index_from_profile_article_not_verified
8373,https://www.vlr.gg/player/8373/okeanos,d091f8cd820b9a9b551ce11ac6fb3741ecae80c3f8a6604562676d3fccd75d0b,2026-10-06T16:00:18+00:00,2026-05-07,"Evil Geniuses overhaul roster, bench three in favor of fresh faces",https://www.vlr.gg/670232/evil-geniuses-overhaul-roster-bench-three-in-favor-of-fresh-faces,,headline_index_from_profile_article_not_verified
8373,https://www.vlr.gg/player/8373/okeanos,d091f8cd820b9a9b551ce11ac6fb3741ecae80c3f8a6604562676d3fccd75d0b,2026-10-06T16:00:18+00:00,2025-11-21,Evil Geniuses unveils 2026 roster,https://www.vlr.gg/588025/evil-geniuses-unveils-2026-roster,,headline_index_from_profile_article_not_verified
8373,https://www.vlr.gg/player/8373/okeanos,d091f8cd820b9a9b551ce11ac6fb3741ecae80c3f8a6604562676d3fccd75d0b,2026-10-06T16:00:18+00:00,2025-10-22,"LEVIATÁN releases C0M, Okeanos, tex, Desmo, and meco1e to explore options",https://www.vlr.gg/543683/leviat-n-releases-c0m-okeanos-tex-desmo-and-meco1e-to-explore-options,,headline_index_from_profile_article_not_verified
8376,https://www.vlr.gg/player/8376/seven,15c48e342b8bea9e138850e2a94737993e02fef14f5b2fe323a41ffb47d74532,2026-10-06T16:00:18+00:00,2026-01-20,PCIFIC unveils full roster ahead of Kickoff clash against BBL,https://www.vlr.gg/606164/pcific-unveils-full-roster-ahead-of-kickoff-clash-against-bbl,,headline_index_from_profile_article_not_verified
8419,https://www.vlr.gg/player/8419/reduxx,4c0c27b3f617f07f57d16cc9dc502558ec8ac1d3f5e9206044ae2b5dc9e03119,2026-10-06T16:00:19+00:00,2025-11-01,Sentinels begin anew with 2026 roster,https://www.vlr.gg/580992/sentinels-begin-anew-with-2026-roster,,headline_index_from_profile_article_not_verified
8419,https://www.vlr.gg/player/8419/reduxx,4c0c27b3f617f07f57d16cc9dc502558ec8ac1d3f5e9206044ae2b5dc9e03119,2026-10-06T16:00:19+00:00,2025-01-24,Sentinels' Cubert Academy announces roster,https://www.vlr.gg/439283/sentinels-cubert-academy-announces-roster,,headline_index_from_profile_article_not_verified
8419,https://www.vlr.gg/player/8419/reduxx,4c0c27b3f617f07f57d16cc9dc502558ec8ac1d3f5e9206044ae2b5dc9e03119,2026-10-06T16:00:19+00:00,2024-08-30,Oxygen Esports disbands Valorant roster,https://www.vlr.gg/387878/oxygen-esports-disbands-valorant-roster,,headline_index_from_profile_article_not_verified
8422,https://www.vlr.gg/player/8422/spaz,f71082a1690fe8d2f1934c87dbf40265df1362cbe3e3363285dfe400ff5aac32,2026-10-06T16:00:20+00:00,2026-03-20,"M80 reunites kaplan and Kyu, signs Spaz",https://www.vlr.gg/644767/m80-reunites-kaplan-and-kyu-signs-spaz,,headline_index_from_profile_article_not_verified
8422,https://www.vlr.gg/player/8422/spaz,f71082a1690fe8d2f1934c87dbf40265df1362cbe3e3363285dfe400ff5aac32,2026-10-06T16:00:20+00:00,2025-09-13,Shopify Rebellion Black releases roster,https://www.vlr.gg/547647/shopify-rebellion-black-releases-roster,,headline_index_from_profile_article_not_verified
8422,https://www.vlr.gg/player/8422/spaz,f71082a1690fe8d2f1934c87dbf40265df1362cbe3e3363285dfe400ff5aac32,2026-10-06T16:00:20+00:00,2024-11-20,Moist X Shopify to debut new roster,https://www.vlr.gg/423641/moist-x-shopify-to-debut-new-roster,,headline_index_from_profile_article_not_verified
8447,https://www.vlr.gg/player/8447/less,82fb1f21bf6e8dd74681c489cd4804b827a00598d7e71bb155578dcbcb1fa06c,2026-10-06T16:00:21+00:00,2024-10-16,Less joins Team Vitality,https://www.vlr.gg/414492/less-joins-team-vitality,,headline_index_from_profile_article_not_verified
8480,https://www.vlr.gg/player/8480/aspas,6b650b609f019debd452b481c004a578bd5d5f966db39c42ab68fb554d35ebbe,2026-10-06T16:00:21+00:00,2024-11-27,MIBR completes roster with aspas,https://www.vlr.gg/425547/mibr-completes-roster-with-aspas,,headline_index_from_profile_article_not_verified
8504,https://www.vlr.gg/player/8504/invy,19757f32ce07e500f2068ec46379b71cf4fd5f1f87560afc3eca44bc33698467,2026-10-06T16:00:22+00:00,2025-12-15,Paper Rex adds invy to replace PatMen,https://www.vlr.gg/595094/paper-rex-adds-invy-to-replace-patmen,,headline_index_from_profile_article_not_verified
8504,https://www.vlr.gg/player/8504/invy,19757f32ce07e500f2068ec46379b71cf4fd5f1f87560afc3eca44bc33698467,2026-10-06T16:00:22+00:00,2025-12-15,invy departs Team Secret after three years of service,https://www.vlr.gg/595678/invy-departs-team-secret-after-three-years-of-service,,headline_index_from_profile_article_not_verified
8549,https://www.vlr.gg/player/8549/kingg,2839c96099900161c60f299dc579ebf7ff0abc305d22b771b5a81e0e33e6eed2,2026-10-06T16:00:23+00:00,2025-11-22,LEVIATÁN promotes academy members for 2026 roster,https://www.vlr.gg/588465/leviat-n-promotes-academy-members-for-2026-roster,,headline_index_from_profile_article_not_verified
8706,https://www.vlr.gg/player/8706/havoc,74e4a8a2476cef76f901288eb4073b2a1a268e079062392f55a665bedc12173a,2026-10-06T16:00:25+00:00,2025-05-15,"FURIA announces restricted free agency, release for five",https://www.vlr.gg/488539/furia-announces-restricted-free-agency-release-for-five,,headline_index_from_profile_article_not_verified
8808,https://www.vlr.gg/player/8808/pyrolll,62377faadacdfd53e8ee986fe040778e4f5b05f3c302b3759aff02daddf74ecc,2026-10-06T16:00:25+00:00,2025-08-14,pyrolll replaces Elite in Karmine Corp's starting lineup,https://www.vlr.gg/531771/pyrolll-replaces-elite-in-karmine-corps-starting-lineup,,headline_index_from_profile_article_not_verified
8873,https://www.vlr.gg/player/8873/dgzin,957bbda398380427b9ac1a7e0584874167ef9398c68a376c84a04f1e0ad91d34,2026-10-06T16:00:26+00:00,2025-11-21,Evil Geniuses unveils 2026 roster,https://www.vlr.gg/588025/evil-geniuses-unveils-2026-roster,,headline_index_from_profile_article_not_verified
8873,https://www.vlr.gg/player/8873/dgzin,957bbda398380427b9ac1a7e0584874167ef9398c68a376c84a04f1e0ad91d34,2026-10-06T16:00:26+00:00,2025-05-17,LOUD releases dgzin,https://www.vlr.gg/490574/loud-releases-dgzin,,headline_index_from_profile_article_not_verified
8873,https://www.vlr.gg/player/8873/dgzin,957bbda398380427b9ac1a7e0584874167ef9398c68a376c84a04f1e0ad91d34,2026-10-06T16:00:26+00:00,2024-11-16,LOUD signs dgzin and v1nny,https://www.vlr.gg/422704/loud-signs-dgzin-and-v1nny,,headline_index_from_profile_article_not_verified
9063,https://www.vlr.gg/player/9063/infiltrator,b682c0b61d9ede6116d8cd4d85f5a12f8602a139ab408e0d951355cc66d2e45f,2026-10-06T16:00:27+00:00,2026-01-15,KRÜ to field substitute roster for Kickoff debut due to visa delays,https://www.vlr.gg/603046/kr-to-field-substitute-roster-for-kickoff-debut-due-to-visa-delays,,headline_index_from_profile_article_not_verified
9152,https://www.vlr.gg/player/9152/deryeon,7426cc35c42183e1abbaaa096b950a734cd6d60e136df131d7207de94fe87591,2026-10-06T16:00:27+00:00,2026-07-05,Wolves completes its roster with Deryeon,https://www.vlr.gg/710940/wolves-completes-its-roster-with-deryeon,,headline_index_from_profile_article_not_verified
9152,https://www.vlr.gg/player/9152/deryeon,7426cc35c42183e1abbaaa096b950a734cd6d60e136df131d7207de94fe87591,2026-10-06T16:00:27+00:00,2026-02-28,"Deryeon leaves Global Esports, joins Motiv Esports",https://www.vlr.gg/622806/deryeon-leaves-global-esports-joins-motiv-esports,,headline_index_from_profile_article_not_verified
9152,https://www.vlr.gg/player/9152/deryeon,7426cc35c42183e1abbaaa096b950a734cd6d60e136df131d7207de94fe87591,2026-10-06T16:00:27+00:00,2024-08-13,"BLEED announce roster overhaul, bench four players",https://www.vlr.gg/390246/bleed-announce-roster-overhaul-bench-four-players,,headline_index_from_profile_article_not_verified
9196,https://www.vlr.gg/player/9196/t3xture,305da6387ba544d192709fdc4c27cadc100ab4fbb9deb862b26c1c64a6350d1b,2026-10-06T16:00:29+00:00,2025-10-25,Going nowh3re: t3xture re-signs with Gen.G,https://www.vlr.gg/575730/going-nowh3re-t3xture-re-signs-with-gen-g,,headline_index_from_profile_article_not_verified
9196,https://www.vlr.gg/player/9196/t3xture,305da6387ba544d192709fdc4c27cadc100ab4fbb9deb862b26c1c64a6350d1b,2026-10-06T16:00:29+00:00,2025-10-20,Munchkin and others released from Gen.G after contract expiration,https://www.vlr.gg/574710/munchkin-and-others-released-from-gen-g-after-contract-expiration,,headline_index_from_profile_article_not_verified
9554,https://www.vlr.gg/player/9554/kaajak,e7a937e80c69c21373226c8c049152de384a58d5939c04f1b0f34fd5dd746a45,2026-10-06T16:00:29+00:00,2024-10-31,kaajak joins FNATIC,https://www.vlr.gg/411328/kaajak-joins-fnatic,,headline_index_from_profile_article_not_verified
9780,https://www.vlr.gg/player/9780/jamppi,b8d0bef9e568ee2396f9a4e227c7d759a7b704b09f884ffa2e2205853698ed21,2026-10-06T16:00:30+00:00,2024-10-21,BBL Esports completes 2025 roster,https://www.vlr.gg/416051/bbl-esports-completes-2025-roster,,headline_index_from_profile_article_not_verified
9800,https://www.vlr.gg/player/9800/mindfreak,e6e02b17ba01515949837884de3228a950cd34ceb35562047733c09ad010fc3f,2026-10-06T16:00:30+00:00,2025-10-20,mindfreak officially departs Paper Rex,https://www.vlr.gg/574446/mindfreak-officially-departs-paper-rex,,headline_index_from_profile_article_not_verified
9800,https://www.vlr.gg/player/9800/mindfreak,e6e02b17ba01515949837884de3228a950cd34ceb35562047733c09ad010fc3f,2026-10-06T16:00:30+00:00,2025-07-14,mindfreak begins departure from Paper Rex,https://www.vlr.gg/516889/mindfreak-begins-departure-from-paper-rex,,headline_index_from_profile_article_not_verified
10053,https://www.vlr.gg/player/10053/fireballops,e48f462feaf274fcf03aa6b43321e6bf690cf3c42669c637e423cc92cf49b2cb,2026-10-06T16:00:33+00:00,2026-05-29,Hot off the press: Cloud9 signs FireBallOps,https://www.vlr.gg/686650/hot-off-the-press-cloud9-signs-fireballops,,headline_index_from_profile_article_not_verified
10160,https://www.vlr.gg/player/10160/izzy,c8f33d3a204d8037599cc073bc421ef888f5879ed6664deb7696dbd542427329,2026-10-06T16:00:34+00:00,2026-07-22,"Izzy benched from Eternal Fire, Spear to debut against Team Heretics",https://www.vlr.gg/720827/izzy-benched-from-eternal-fire-spear-to-debut-against-team-heretics,,headline_index_from_profile_article_not_verified
10557,https://www.vlr.gg/player/10557/darker,29f894968458c7201db69560928174e9d562e2927a7e93ebd477005e809a6869,2026-10-06T16:00:35+00:00,2025-12-05,"Darker joins LOUD, looks to bring on brighter 2026",https://www.vlr.gg/592778/darker-joins-loud-looks-to-bring-on-brighter-2026,,headline_index_from_profile_article_not_verified
10769,https://www.vlr.gg/player/10769/nobita,080f46125470f33503e995684a7c0484436db7bbcb6d9354a6a8389f0b7e12fb,2026-10-06T16:00:37+00:00,2026-01-20,Crest Gaming Zst loans Flicker from DRX and signs Nobita,https://www.vlr.gg/605779/crest-gaming-zst-loans-flicker-from-drx-and-signs-nobita,,headline_index_from_profile_article_not_verified
10821,https://www.vlr.gg/player/10821/delb,f131609142fd505bc9c15378b8ad1b7b4f2b5cc2cf396b6703ac2eb5f9d75b8e,2026-10-06T16:00:38+00:00,2025-11-12,Trace Esports signs Viva and deLb,https://www.vlr.gg/584987/trace-esports-signs-viva-and-delb,,headline_index_from_profile_article_not_verified
10971,https://www.vlr.gg/player/10971/riens,4118deaeb8a5f05c6df6b9ba989f732ed88a1ce281f624b4ad39f6ab560b3868,2026-10-06T16:00:38+00:00,2024-02-19,"paTiTek confirmed Heretics stand-in, RieNs to play from Istanbul",https://www.vlr.gg/303721/patitek-confirmed-heretics-stand-in-riens-to-play-from-istanbul,,headline_index_from_profile_article_not_verified
11118,https://www.vlr.gg/player/11118/skuba,7ebfe94d8021743e0f1e2b193e5f7d1b0519d51b23afcbdd82a713df7a0dfc5e,2026-10-06T16:00:39+00:00,2025-01-24,Sentinels' Cubert Academy announces roster,https://www.vlr.gg/439283/sentinels-cubert-academy-announces-roster,,headline_index_from_profile_article_not_verified
11118,https://www.vlr.gg/player/11118/skuba,7ebfe94d8021743e0f1e2b193e5f7d1b0519d51b23afcbdd82a713df7a0dfc5e,2026-10-06T16:00:39+00:00,2024-08-30,Oxygen Esports disbands Valorant roster,https://www.vlr.gg/387878/oxygen-esports-disbands-valorant-roster,,headline_index_from_profile_article_not_verified
11134,https://www.vlr.gg/player/11134/kicks,60a79e82fc5e4ff822b82fa13c9dbe2188b4f713dd4e7cd2899e35b74aca3fb5,2026-10-06T16:00:39+00:00,2026-01-22,Kicks to stand in for wayne for Team Liquid’s first Kickoff match,https://www.vlr.gg/607102/kicks-to-stand-in-for-wayne-for-team-liquid-s-first-kickoff-match,,headline_index_from_profile_article_not_verified
11218,https://www.vlr.gg/player/11218/yuicaw,f2a16662f56bde934c804cc07d586814fc48eeea9eefe00ccb66e88a2336a215,2026-10-06T16:00:40+00:00,2025-11-07,"JDG Esports makes statement signings with head coach bail, zhe, Yuicaw",https://www.vlr.gg/579556/jdg-esports-makes-statement-signings-with-head-coach-bail-zhe-yuicaw,,headline_index_from_profile_article_not_verified
11218,https://www.vlr.gg/player/11218/yuicaw,f2a16662f56bde934c804cc07d586814fc48eeea9eefe00ccb66e88a2336a215,2026-10-06T16:00:40+00:00,2024-01-18,Wolves Esports sign eight players,https://www.vlr.gg/295644/wolves-esports-sign-eight-players,,headline_index_from_profile_article_not_verified
11225,https://www.vlr.gg/player/11225/ethan,8a0409d0126eed972e5f8f1a5a3b77804cc86acb0f3f9549ee9abec9355fe020,2026-10-06T16:00:42+00:00,2025-11-14,"Boaster at RBHG: ""I will retire when I feel like I am a big detriment to my team""",https://www.vlr.gg/585732/boaster-at-rbhg-i-will-retire-when-i-feel-like-i-am-a-big-detriment-to-my-team,,headline_index_from_profile_article_not_verified
11494,https://www.vlr.gg/player/11494/keiko,73a04fb04b663348199a03a25581cbc48129592ce10dab527d0cbaef1e562cf7,2026-10-06T16:00:43+00:00,2025-11-11,keiko departs Team Liquid after two years,https://www.vlr.gg/584749/keiko-departs-team-liquid-after-two-years,,headline_index_from_profile_article_not_verified
11527,https://www.vlr.gg/player/11527/noman,005ae083e6d42998b1213ede02a4e7c23ba46cc2f4b856517d62a4c6f3c79a48,2026-10-06T16:00:45+00:00,2025-06-27,Xi Lai replaces Midi with NoMan,https://www.vlr.gg/509625/xi-lai-replaces-midi-with-noman,,headline_index_from_profile_article_not_verified
11600,https://www.vlr.gg/player/11600/foxy9,b92242d599faa45a773388c4d27f489d4f07ac54d15bc99e4a7bc4a76fb4f1f2,2026-10-06T16:00:45+00:00,2024-10-23,Foxy9 joins Gen.G,https://www.vlr.gg/416488/foxy9-joins-gen-g,,headline_index_from_profile_article_not_verified
11704,https://www.vlr.gg/player/11704/styron,2d13a92a19e9f761d5f34212f10c54f072be5e363d030afc021e34fb6d6ab7d6,2026-10-06T16:00:46+00:00,2026-07-15,"Team Secret rounds out roster with Spin, natz, STYRON",https://www.vlr.gg/715801/team-secret-rounds-out-roster-with-spin-natz-styron,,headline_index_from_profile_article_not_verified
11843,https://www.vlr.gg/player/11843/yoyo,c1346d9b3db25f975d46e36a796af7ea4a6f1bb353cfd449907fbb2071f2157a,2026-10-06T16:00:47+00:00,2025-06-24,TYLOO completes roster restructure with Yoyo,https://www.vlr.gg/508677/tyloo-completes-roster-restructure-with-yoyo,,headline_index_from_profile_article_not_verified
11917,https://www.vlr.gg/player/11917/exit,832c56e855f5c0532970adda7d937bb3eb6cde32c57b434c8946b6b8045f2a8d,2026-10-06T16:00:48+00:00,2026-04-15,Natus Vincere adds ComeBack as stand-in for ExiT,https://www.vlr.gg/657123/natus-vincere-adds-comeback-as-stand-in-for-exit,,headline_index_from_profile_article_not_verified
12365,https://www.vlr.gg/player/12365/coconut,f0f86ac206855806d4b164724103ac59277605292a1fe2edb386656aa375b133,2026-10-06T16:00:49+00:00,2026-06-24,"JDG Esports releases coconut, signs crownfisher",https://www.vlr.gg/705869/jdg-esports-releases-coconut-signs-crownfisher,,headline_index_from_profile_article_not_verified
12793,https://www.vlr.gg/player/12793/xeus,7b21d0c8f63218f15242b49e70cd35ed9fd8020e8e32f3d97b1ec636cee6def2,2026-10-06T16:00:50+00:00,2024-10-19,FUT Esports finalizes roster with xeus,https://www.vlr.gg/415286/fut-esports-finalizes-roster-with-xeus,,headline_index_from_profile_article_not_verified
12990,https://www.vlr.gg/player/12990/syouta,511f05417ec9803683003b4ee32aae1762221bd295627684121848c0c291a2d3,2026-10-06T16:00:52+00:00,2025-06-13,ZETA's SyouTa moves to Murash Gaming,https://www.vlr.gg/499937/zetas-syouta-moves-to-murash-gaming,,headline_index_from_profile_article_not_verified
12990,https://www.vlr.gg/player/12990/syouta,511f05417ec9803683003b4ee32aae1762221bd295627684121848c0c291a2d3,2026-10-06T16:00:52+00:00,2024-10-16,ZETA Division unveils full roster,https://www.vlr.gg/411378/zeta-division-unveils-full-roster,,headline_index_from_profile_article_not_verified
13002,https://www.vlr.gg/player/13002/akame,f4eb0eb9002b521fe72f853e3cfb8e1a6b4d10b48164df36bb9c1aa2f360a81a,2026-10-06T16:00:53+00:00,2026-01-01,DFM ushers in the new year with a new roster,https://www.vlr.gg/599361/dfm-ushers-in-the-new-year-with-a-new-roster,,headline_index_from_profile_article_not_verified
13002,https://www.vlr.gg/player/13002/akame,f4eb0eb9002b521fe72f853e3cfb8e1a6b4d10b48164df36bb9c1aa2f360a81a,2026-10-06T16:00:53+00:00,2024-10-15,DFM announce full 2025 roster,https://www.vlr.gg/414039/dfm-announce-full-2025-roster,,headline_index_from_profile_article_not_verified
13258,https://www.vlr.gg/player/13258/cyvoph,a85a00cd484b570d90b839f214c95fae6bdcd3fd185b258ecb118292d7b7e1c4,2026-10-06T16:00:54+00:00,2026-06-25,"NAVI completes roster with CyvOph, assistant coach salah",https://www.vlr.gg/706086/navi-completes-roster-with-cyvoph-assistant-coach-salah,,headline_index_from_profile_article_not_verified
13258,https://www.vlr.gg/player/13258/cyvoph,a85a00cd484b570d90b839f214c95fae6bdcd3fd185b258ecb118292d7b7e1c4,2026-10-06T16:00:54+00:00,2026-06-09,FNATIC releases CyvOph,https://www.vlr.gg/692801/fnatic-releases-cyvoph,,headline_index_from_profile_article_not_verified
13258,https://www.vlr.gg/player/13258/cyvoph,a85a00cd484b570d90b839f214c95fae6bdcd3fd185b258ecb118292d7b7e1c4,2026-10-06T16:00:54+00:00,2025-06-16,Team Vitality adds UNFAKE and KovaQ in roster shakeup,https://www.vlr.gg/502969/team-vitality-adds-unfake-and-kovaq-in-roster-shakeup,,headline_index_from_profile_article_not_verified
13258,https://www.vlr.gg/player/13258/cyvoph,a85a00cd484b570d90b839f214c95fae6bdcd3fd185b258ecb118292d7b7e1c4,2026-10-06T16:00:54+00:00,2025-03-18,"Team Vitality benches trexx, signs CyvOph and Sayonara",https://www.vlr.gg/461746/team-vitality-benches-trexx-signs-cyvoph-and-sayonara,,headline_index_from_profile_article_not_verified
13744,https://www.vlr.gg/player/13744/patmen,39cd4258cd7696ceaf2bc2e49e049be9e46187685e3a4bc3a53553d6c356ec7a,2026-10-06T16:00:54+00:00,2026-06-03,How FrosT and a re-tooled roster made Global truly global,https://www.vlr.gg/688408/how-frost-and-a-re-tooled-roster-made-global-truly-global,,headline_index_from_profile_article_not_verified
13744,https://www.vlr.gg/player/13744/patmen,39cd4258cd7696ceaf2bc2e49e049be9e46187685e3a4bc3a53553d6c356ec7a,2026-10-06T16:00:54+00:00,2025-12-14,PatMen joins Global Esports after Paper Rex release,https://www.vlr.gg/595547/patmen-joins-global-esports-after-paper-rex-release,,headline_index_from_profile_article_not_verified
13744,https://www.vlr.gg/player/13744/patmen,39cd4258cd7696ceaf2bc2e49e049be9e46187685e3a4bc3a53553d6c356ec7a,2026-10-06T16:00:54+00:00,2025-03-04,Paper Rex signs PatMen,https://www.vlr.gg/458629/paper-rex-signs-patmen,,headline_index_from_profile_article_not_verified
13768,https://www.vlr.gg/player/13768/s1mon,bf44c157cbdd3ab85c91c10b4aef4ab7578d752edbd475c03bc0518df828114b,2026-10-06T16:00:55+00:00,2024-06-25,S1Mon joins EDG,https://www.vlr.gg/365306/s1mon-joins-edg,,headline_index_from_profile_article_not_verified
13784,https://www.vlr.gg/player/13784/killua,5c9c0fadee002effedcc4acb0d51f6443e73cd71f6a8489101207bea1c62bdc4,2026-10-06T16:00:56+00:00,2025-12-08,FULL SENSE joins VCT Pacific,https://www.vlr.gg/593642/full-sense-joins-vct-pacific,,headline_index_from_profile_article_not_verified
13784,https://www.vlr.gg/player/13784/killua,5c9c0fadee002effedcc4acb0d51f6443e73cd71f6a8489101207bea1c62bdc4,2026-10-06T16:00:56+00:00,2025-02-28,TALON signs Killua to complete return to all-Thai roster,https://www.vlr.gg/452179/talon-signs-killua-to-complete-return-to-all-thai-roster,,headline_index_from_profile_article_not_verified
13788,https://www.vlr.gg/player/13788/jitboys,696845ac5b88151db315340c9c929e01792e35e1441fade52f07495e0c047441,2026-10-06T16:00:56+00:00,2025-12-08,FULL SENSE joins VCT Pacific,https://www.vlr.gg/593642/full-sense-joins-vct-pacific,,headline_index_from_profile_article_not_verified
14048,https://www.vlr.gg/player/14048/zerona,2d38f9c078048ac37a343952d50cfad74b59bacf90c9acfb093ff1e3ce140e2f,2026-10-06T16:00:57+00:00,2026-05-07,"Evil Geniuses overhaul roster, bench three in favor of fresh faces",https://www.vlr.gg/670232/evil-geniuses-overhaul-roster-bench-three-in-favor-of-fresh-faces,,headline_index_from_profile_article_not_verified
14125,https://www.vlr.gg/player/14125/spring,4fe55ae9434487270eb506c8ad69890789874d951088597fc366b541ac856484,2026-10-06T16:00:58+00:00,2024-01-18,Wolves Esports sign eight players,https://www.vlr.gg/295644/wolves-esports-sign-eight-players,,headline_index_from_profile_article_not_verified
14439,https://www.vlr.gg/player/14439/ffs,3dc5113011e848c2888fd015698abf63e94476df46926c61139a018438069df4,2026-10-06T16:00:59+00:00,2024-01-18,Wolves Esports sign eight players,https://www.vlr.gg/295644/wolves-esports-sign-eight-players,,headline_index_from_profile_article_not_verified
14441,https://www.vlr.gg/player/14441/aluba,f9083f9a6a869f6d561f738bcefc495ee73c0d5750d41e0d107b76dc092aaaf7,2026-10-06T16:00:59+00:00,2024-01-18,Wolves Esports sign eight players,https://www.vlr.gg/295644/wolves-esports-sign-eight-players,,headline_index_from_profile_article_not_verified
14681,https://www.vlr.gg/player/14681/kamo,09ed9d2db2f86bfb7d19af46edc283afc13dcfa28c9ea3f53f385098666f8c99,2026-10-06T16:01:00+00:00,2024-02-09,"KOI finalize 2024 roster, grubinho joins",https://www.vlr.gg/299341/koi-finalize-2024-roster-grubinho-joins,,headline_index_from_profile_article_not_verified
14950,https://www.vlr.gg/player/14950/gobera,63fc4e83922d5484bce9de1db7000a429055ef939db45931354633fb2b0bf75d,2026-10-06T16:01:00+00:00,2025-10-21,2Game Esports says goodbye to 2025 roster,https://www.vlr.gg/575135/2game-esports-says-goodbye-to-2025-roster,,headline_index_from_profile_article_not_verified
14950,https://www.vlr.gg/player/14950/gobera,63fc4e83922d5484bce9de1db7000a429055ef939db45931354633fb2b0bf75d,2026-10-06T16:01:00+00:00,2024-11-11,2Game Esports completes roster with gobera,https://www.vlr.gg/421540/2game-esports-completes-roster-with-gobera,,headline_index_from_profile_article_not_verified
15735,https://www.vlr.gg/player/15735/krostaly,67b19ada8128a30631a1531a5fe7e9dd6f5d25147b9f41df8083081a4089746f,2026-10-06T16:01:03+00:00,2025-11-19,"FUT Esports signs KROSTALY, baha, and assistant coach Bambino",https://www.vlr.gg/587383/fut-esports-signs-krostaly-baha-and-assistant-coach-bambino,,headline_index_from_profile_article_not_verified
16209,https://www.vlr.gg/player/16209/famsii,58af9e828650a1c3ef489daec23aea44588875a6ee71bc33f06df6632aeed68e,2026-10-06T16:01:05+00:00,2024-09-06,"GIANTX Fit1nho, hoody, Famsii become free agents",https://www.vlr.gg/401711/giantx-fit1nho-hoody-famsii-become-free-agents,,headline_index_from_profile_article_not_verified
16209,https://www.vlr.gg/player/16209/famsii,58af9e828650a1c3ef489daec23aea44588875a6ee71bc33f06df6632aeed68e,2026-10-06T16:01:05+00:00,2024-06-30,"GIANTX bench Redgar, Famsii to step in",https://www.vlr.gg/367185/giantx-bench-redgar-famsii-to-step-in,,headline_index_from_profile_article_not_verified
16215,https://www.vlr.gg/player/16215/dos9,5d5b2d27a18ac8d6225924dfbfe95304308a090a76db53618bf3b5724e1cd763,2026-10-06T16:01:06+00:00,2026-01-07,Karmine Corp officially announces 2026 roster,https://www.vlr.gg/591599/karmine-corp-officially-announces-2026-roster,,headline_index_from_profile_article_not_verified
16215,https://www.vlr.gg/player/16215/dos9,5d5b2d27a18ac8d6225924dfbfe95304308a090a76db53618bf3b5724e1cd763,2026-10-06T16:01:06+00:00,2025-10-19,dos9 leaves BOOM Esports as free agent,https://www.vlr.gg/574253/dos9-leaves-boom-esports-as-free-agent,,headline_index_from_profile_article_not_verified
17049,https://www.vlr.gg/player/17049/hermes,03d081a77527955d1f2e2bdef75311d18520f44f746f5daac3a689b9e3b9c76a,2026-10-06T16:01:07+00:00,2026-08-03,Hermes joins ONSIDE GAMING for Stage 2 Play-Ins as Awayk departs,https://www.vlr.gg/730243/hermes-joins-onside-gaming-for-stage-2-play-ins-as-awayk-departs,,headline_index_from_profile_article_not_verified
17049,https://www.vlr.gg/player/17049/hermes,03d081a77527955d1f2e2bdef75311d18520f44f746f5daac3a689b9e3b9c76a,2026-10-06T16:01:07+00:00,2026-06-17,Kiwoom DRX releases rookie Hermes,https://www.vlr.gg/700755/kiwoom-drx-releases-rookie-hermes,,headline_index_from_profile_article_not_verified
17049,https://www.vlr.gg/player/17049/hermes,03d081a77527955d1f2e2bdef75311d18520f44f746f5daac3a689b9e3b9c76a,2026-10-06T16:01:07+00:00,2026-01-08,DRX signs former FEARX player Hermes to replace Flashback,https://www.vlr.gg/600996/drx-signs-former-fearx-player-hermes-to-replace-flashback,,headline_index_from_profile_article_not_verified
17976,https://www.vlr.gg/player/17976/florescent,32fb6685a8b7c6eec8875024791b14bbfb363500112a1f1b6fde1b263ca44283,2026-10-06T16:01:09+00:00,2026-05-22,Azure Dragon revamps ahead of Stage 3 with stacked roster,https://www.vlr.gg/682503/azure-dragon-revamps-ahead-of-stage-3-with-stacked-roster,,headline_index_from_profile_article_not_verified
18350,https://www.vlr.gg/player/18350/miniboo,5b204b9d5307ad487655c7387801a653fc6d4ac9c408c2eac61a90e9080517fd,2026-10-06T16:01:10+00:00,2026-06-25,MiniBoo moves to Team Liquid's bench by request,https://www.vlr.gg/706074/miniboo-moves-to-team-liquids-bench-by-request,,headline_index_from_profile_article_not_verified
18400,https://www.vlr.gg/player/18400/bipo,33e2c7cf40d8f6b7f8100f7f644c839211475d923484bdc9a90627f607cefc4f,2026-10-06T16:01:11+00:00,2026-08-05,Gentle Mates adds H1ber to replace bipo,https://www.vlr.gg/730687/gentle-mates-adds-h1ber-to-replace-bipo,,headline_index_from_profile_article_not_verified
18677,https://www.vlr.gg/player/18677/ruxic,3af25bb09d03e994eb3f681b8f9295e4f047a102239f70057d3ff03905c46bfe,2026-10-06T16:01:11+00:00,2026-02-18,Kolosha to stand in for NAVI's Ruxic at EMEA Clash,https://www.vlr.gg/626256/kolosha-to-stand-in-for-navis-ruxic-at-emea-clash,,headline_index_from_profile_article_not_verified
18677,https://www.vlr.gg/player/18677/ruxic,3af25bb09d03e994eb3f681b8f9295e4f047a102239f70057d3ff03905c46bfe,2026-10-06T16:01:11+00:00,2025-12-03,NAVI unveils 2026 roster coached by ANGE1,https://www.vlr.gg/591818/navi-unveils-2026-roster-coached-by-ange1,,headline_index_from_profile_article_not_verified
18677,https://www.vlr.gg/player/18677/ruxic,3af25bb09d03e994eb3f681b8f9295e4f047a102239f70057d3ff03905c46bfe,2026-10-06T16:01:11+00:00,2024-12-03,"NAVI picks up hiro, koalanoob, and Ruxic, Happy as head coach",https://www.vlr.gg/426882/navi-picks-up-hiro-koalanoob-and-ruxic-happy-as-head-coach,,headline_index_from_profile_article_not_verified
20144,https://www.vlr.gg/player/20144/lewn,c4dd7fa27dee553dba1a62702b54c2e7f68558d2eb0dbf1ae86449fccf5a0c4e,2026-10-06T16:01:15+00:00,2026-01-07,Karmine Corp officially announces 2026 roster,https://www.vlr.gg/591599/karmine-corp-officially-announces-2026-roster,,headline_index_from_profile_article_not_verified
20144,https://www.vlr.gg/player/20144/lewn,c4dd7fa27dee553dba1a62702b54c2e7f68558d2eb0dbf1ae86449fccf5a0c4e,2026-10-06T16:01:15+00:00,2024-10-10,BBL Esports signs LewN,https://www.vlr.gg/412375/bbl-esports-signs-lewn,,headline_index_from_profile_article_not_verified
20240,https://www.vlr.gg/player/20240/xenom,c2cf9f583828863994f94b5d5a903ff07a7740ed3609bcd310428e29aba13c88,2026-10-06T16:01:16+00:00,2026-05-03,2Game Esports signs former MIBR player xenom,https://www.vlr.gg/668469/2game-esports-signs-former-mibr-player-xenom,,headline_index_from_profile_article_not_verified
20240,https://www.vlr.gg/player/20240/xenom,c2cf9f583828863994f94b5d5a903ff07a7740ed3609bcd310428e29aba13c88,2026-10-06T16:01:16+00:00,2025-12-12,MIBR releases xenom,https://www.vlr.gg/594964/mibr-releases-xenom,,headline_index_from_profile_article_not_verified
21251,https://www.vlr.gg/player/21251/blowz,70d1fe938043133478adafe36d91e13bdc4b14d953a04b9275c48d4b20a862e4,2026-10-06T16:01:18+00:00,2025-11-22,LEVIATÁN promotes academy members for 2026 roster,https://www.vlr.gg/588465/leviat-n-promotes-academy-members-for-2026-roster,,headline_index_from_profile_article_not_verified
21438,https://www.vlr.gg/player/21438/ssees,0028ab268783c649a53a529ea702b7204ad56d0a837e05e99d0cbcd8b40cd301,2026-10-06T16:01:19+00:00,2026-01-01,DFM ushers in the new year with a new roster,https://www.vlr.gg/599361/dfm-ushers-in-the-new-year-with-a-new-roster,,headline_index_from_profile_article_not_verified
21438,https://www.vlr.gg/player/21438/ssees,0028ab268783c649a53a529ea702b7204ad56d0a837e05e99d0cbcd8b40cd301,2026-10-06T16:01:19+00:00,2025-07-16,"DFM benches Art, brings in SSeeS",https://www.vlr.gg/517986/dfm-benches-art-brings-in-ssees,,headline_index_from_profile_article_not_verified
21659,https://www.vlr.gg/player/21659/sato,7b2271ee7045385516b6b1b099c401656b7cf2123e5a30d7efbe60e5c35a93e5,2026-10-06T16:01:21+00:00,2025-11-22,LEVIATÁN promotes academy members for 2026 roster,https://www.vlr.gg/588465/leviat-n-promotes-academy-members-for-2026-roster,,headline_index_from_profile_article_not_verified
21661,https://www.vlr.gg/player/21661/spike,4e7d6ec519afbddd6ec64ada486bbf0779a7babb0a2377a67ac66bbe6c683654,2026-10-06T16:01:21+00:00,2025-11-22,LEVIATÁN promotes academy members for 2026 roster,https://www.vlr.gg/588465/leviat-n-promotes-academy-members-for-2026-roster,,headline_index_from_profile_article_not_verified
21661,https://www.vlr.gg/player/21661/spike,4e7d6ec519afbddd6ec64ada486bbf0779a7babb0a2377a67ac66bbe6c683654,2026-10-06T16:01:21+00:00,2025-10-21,2Game Esports says goodbye to 2025 roster,https://www.vlr.gg/575135/2game-esports-says-goodbye-to-2025-roster,,headline_index_from_profile_article_not_verified
21668,https://www.vlr.gg/player/21668/verno,a42f2f797d2edd41084852bfc760b53d46d9066929bc181cad78c36da9ced63f,2026-10-06T16:01:22+00:00,2025-02-16,"NRG benches Verno and bonkar, adds brawk and Mikes",https://www.vlr.gg/450165/nrg-benches-verno-and-bonkar-adds-brawk-and-mikes,,headline_index_from_profile_article_not_verified
21668,https://www.vlr.gg/player/21668/verno,a42f2f797d2edd41084852bfc760b53d46d9066929bc181cad78c36da9ced63f,2026-10-06T16:01:22+00:00,2024-10-10,"NRG completes roster, signs mada, Verno, and bonkar",https://www.vlr.gg/412487/nrg-completes-roster-signs-mada-verno-and-bonkar,,headline_index_from_profile_article_not_verified
21668,https://www.vlr.gg/player/21668/verno,a42f2f797d2edd41084852bfc760b53d46d9066929bc181cad78c36da9ced63f,2026-10-06T16:01:22+00:00,2024-08-30,Oxygen Esports disbands Valorant roster,https://www.vlr.gg/387878/oxygen-esports-disbands-valorant-roster,,headline_index_from_profile_article_not_verified
21778,https://www.vlr.gg/player/21778/p0ppin,383475891c2e587243babb9643aab96871c63ef632c712abcceb0eff3d7efbf1,2026-10-06T16:01:22+00:00,2026-06-30,"GLYPH signs with Envy, P0PPIN benched",https://www.vlr.gg/708077/glyph-signs-with-envy-p0ppin-benched,,headline_index_from_profile_article_not_verified
21778,https://www.vlr.gg/player/21778/p0ppin,383475891c2e587243babb9643aab96871c63ef632c712abcceb0eff3d7efbf1,2026-10-06T16:01:22+00:00,2025-03-08,"ENVY returns to Valorant, signs RANKERS roster",https://www.vlr.gg/459993/envy-returns-to-valorant-signs-rankers-roster,,headline_index_from_profile_article_not_verified
23062,https://www.vlr.gg/player/23062/surf,eafac61cf1858c93adc924a185891e705bcd51b05f7250dc04916d18cd8808cf,2026-10-06T16:01:24+00:00,2026-07-16,Xipto Esports signs 555 core ahead of Pacific Stage 2 Play-Ins,https://www.vlr.gg/715984/xipto-esports-signs-555-core-ahead-of-pacific-stage-2-play-ins,,headline_index_from_profile_article_not_verified
23169,https://www.vlr.gg/player/23169/minny,3abb6356555172683c930689876904ac8d852d2e1d4d9319d68850a06847c7ef,2026-10-06T16:01:25+00:00,2024-12-04,Gentle Mates announces 2025 roster,https://www.vlr.gg/426899/gentle-mates-announces-2025-roster,,headline_index_from_profile_article_not_verified
23365,https://www.vlr.gg/player/23365/koshmaras,0a2193069f007460eb802b8044bf82ead0eefe98d8572aac4ca6d5d7e8e3e678,2026-10-06T16:01:25+00:00,2026-09-04,Team Heretics releases koshmaras,https://www.vlr.gg/750541/team-heretics-releases-koshmaras,,headline_index_from_profile_article_not_verified
24007,https://www.vlr.gg/player/24007/shyy,dc418e78088a6f82321f2a461b8d9746e19e54f912314783eb3032c4f6f8e289,2026-10-06T16:01:27+00:00,2026-07-02,FURIA completes Stage 2 roster with Shyy,https://www.vlr.gg/708786/furia-completes-stage-2-roster-with-shyy,,headline_index_from_profile_article_not_verified
24007,https://www.vlr.gg/player/24007/shyy,dc418e78088a6f82321f2a461b8d9746e19e54f912314783eb3032c4f6f8e289,2026-10-06T16:01:27+00:00,2025-09-21,Shyy set to depart KRÜ Esports ahead of offseason rebuild,https://www.vlr.gg/553789/shyy-set-to-depart-kr-esports-ahead-of-offseason-rebuild,,headline_index_from_profile_article_not_verified
24007,https://www.vlr.gg/player/24007/shyy,dc418e78088a6f82321f2a461b8d9746e19e54f912314783eb3032c4f6f8e289,2026-10-06T16:01:27+00:00,2024-11-06,KRU reveals roster,https://www.vlr.gg/420219/kru-reveals-roster,,headline_index_from_profile_article_not_verified
24228,https://www.vlr.gg/player/24228/smoke,3647c4d77ac2e82b632411f38b4d2c7915c6acf1002816ee1076e90f24ac65c8,2026-10-06T16:01:28+00:00,2026-03-18,Shopify Rebellion Black picks up QoR's Smoke to replace ion,https://www.vlr.gg/645012/shopify-rebellion-black-picks-up-qors-smoke-to-replace-ion,,headline_index_from_profile_article_not_verified
24308,https://www.vlr.gg/player/24308/wsleo,71970c8eadcd0f2450e83324f030aa2d418c352ea82dd59944d2553b739396ee,2026-10-06T16:01:29+00:00,2025-12-02,Xi Lai Gaming signs WsLeo,https://www.vlr.gg/591595/xi-lai-gaming-signs-wsleo,,headline_index_from_profile_article_not_verified
25221,https://www.vlr.gg/player/25221/xdll,25fd7eac26eff0cd769dc5a355275e693c44bae91f83c75503717ee277dd2ec5,2026-10-06T16:01:34+00:00,2024-10-16,ZETA Division unveils full roster,https://www.vlr.gg/411378/zeta-division-unveils-full-roster,,headline_index_from_profile_article_not_verified
25255,https://www.vlr.gg/player/25255/primmie,7e5c3806a513d2995c29dd1ce349b7988245d4ef65f501447c73fe10fbab8b9f,2026-10-06T16:01:34+00:00,2025-12-08,FULL SENSE joins VCT Pacific,https://www.vlr.gg/593642/full-sense-joins-vct-pacific,,headline_index_from_profile_article_not_verified
25494,https://www.vlr.gg/player/25494/shr1mp,4a4de7d2c92210cede2e0d110b441f41f550cd62c318b5342d46627e241c14cb,2026-10-06T16:01:35+00:00,2025-06-28,All Gamers makes coaching change and adds another gamer,https://www.vlr.gg/509920/all-gamers-makes-coaching-change-and-adds-another-gamer,,headline_index_from_profile_article_not_verified
25494,https://www.vlr.gg/player/25494/shr1mp,4a4de7d2c92210cede2e0d110b441f41f550cd62c318b5342d46627e241c14cb,2026-10-06T16:01:35+00:00,2025-04-28,"FunPlus Phoenix announces return of BerLIN, Shr1mp departure",https://www.vlr.gg/481272/funplus-phoenix-announces-return-of-berlin-shr1mp-departure,,headline_index_from_profile_article_not_verified
25743,https://www.vlr.gg/player/25743/raafa,0fb662142b217417b5c83ebd0abb1c11eaf94703d8b0ee3b05ef749f6f500c0b,2026-10-06T16:01:36+00:00,2025-05-15,"FURIA announces restricted free agency, release for five",https://www.vlr.gg/488539/furia-announces-restricted-free-agency-release-for-five,,headline_index_from_profile_article_not_verified
26171,https://www.vlr.gg/player/26171/demon1,395dc6ab0ef0d3aef556841cdefd124cd72c93ead14112f6a03cd470f88d5ce6,2026-10-06T16:01:38+00:00,2026-02-05,Demon1 signs with ENVY following substitute run with Cloud9,https://www.vlr.gg/617392/demon1-signs-with-envy-following-substitute-run-with-cloud9,,headline_index_from_profile_article_not_verified
26171,https://www.vlr.gg/player/26171/demon1,395dc6ab0ef0d3aef556841cdefd124cd72c93ead14112f6a03cd470f88d5ce6,2026-10-06T16:01:38+00:00,2025-09-05,Demon1 joins Dragon Ranger Gaming,https://www.vlr.gg/543862/demon1-joins-dragon-ranger-gaming,,headline_index_from_profile_article_not_verified
26171,https://www.vlr.gg/player/26171/demon1,395dc6ab0ef0d3aef556841cdefd124cd72c93ead14112f6a03cd470f88d5ce6,2026-10-06T16:01:38+00:00,2025-08-08,Demon1 officially LFT after LEVIATÁN release,https://www.vlr.gg/529441/demon1-officially-lft-after-leviat-n-release,,headline_index_from_profile_article_not_verified
27244,https://www.vlr.gg/player/27244/seph1roth,8b016c9fda4413c58ad2647807504c59aea7253cc43ff903a3484d1bfba88e9b,2026-10-06T16:01:40+00:00,2026-07-03,"FULL SENSE benches Leviathan, calls seph1roth into action",https://www.vlr.gg/709234/full-sense-benches-leviathan-calls-seph1roth-into-action,,headline_index_from_profile_article_not_verified
28400,https://www.vlr.gg/player/28400/hyunmin,2e11bd4e1e06a178c2f17d32cac581d9460465bc09e87128f508f177a7398970,2026-10-06T16:01:41+00:00,2024-10-07,DRX signs HYUNMIN and freeing,https://www.vlr.gg/411375/drx-signs-hyunmin-and-freeing,,headline_index_from_profile_article_not_verified
28716,https://www.vlr.gg/player/28716/lukxo,1990da9e2a401552b1178e3c1e39c70104abae2f955b86c93e285a030f78fa48,2026-10-06T16:01:41+00:00,2025-01-15,LOUD signs lukxo as sixth man,https://www.vlr.gg/434618/loud-signs-lukxo-as-sixth-man,,headline_index_from_profile_article_not_verified
28948,https://www.vlr.gg/player/28948/ninja,062c29c44c6068cddfce150ed13eaabcddf786831d8cc95f8d712b7271836af1,2026-10-06T16:01:42+00:00,2026-09-15,NINJA announces departure from PCIFIC,https://www.vlr.gg/756142/ninja-announces-departure-from-pcific,,headline_index_from_profile_article_not_verified
28948,https://www.vlr.gg/player/28948/ninja,062c29c44c6068cddfce150ed13eaabcddf786831d8cc95f8d712b7271836af1,2026-10-06T16:01:42+00:00,2026-01-20,PCIFIC unveils full roster ahead of Kickoff clash against BBL,https://www.vlr.gg/606164/pcific-unveils-full-roster-ahead-of-kickoff-clash-against-bbl,,headline_index_from_profile_article_not_verified
29243,https://www.vlr.gg/player/29243/neon,3d40f4bb487528b871ada7899ec3bfc902a39b53115697b42bcd94fe1f3098e6,2026-10-06T16:01:46+00:00,2025-11-22,LEVIATÁN promotes academy members for 2026 roster,https://www.vlr.gg/588465/leviat-n-promotes-academy-members-for-2026-roster,,headline_index_from_profile_article_not_verified
29839,https://www.vlr.gg/player/29839/tenten,a0efb4dfccd21943a41d19005e52ed7a9fffe59c828a4e88838e8011929c7658,2026-10-06T16:01:47+00:00,2026-05-05,"TenTen returns to Japan, signs with Murash Gaming",https://www.vlr.gg/669190/tenten-returns-to-japan-signs-with-murash-gaming,,headline_index_from_profile_article_not_verified
29839,https://www.vlr.gg/player/29839/tenten,a0efb4dfccd21943a41d19005e52ed7a9fffe59c828a4e88838e8011929c7658,2026-10-06T16:01:47+00:00,2026-04-14,TenTen to join T1 Academy after DH sustains injuries in accident,https://www.vlr.gg/656222/tenten-to-join-t1-academy-after-dh-sustains-injuries-in-accident,,headline_index_from_profile_article_not_verified
29839,https://www.vlr.gg/player/29839/tenten,a0efb4dfccd21943a41d19005e52ed7a9fffe59c828a4e88838e8011929c7658,2026-10-06T16:01:47+00:00,2026-03-24,TenTen departs Team Secret after just three months,https://www.vlr.gg/646577/tenten-departs-team-secret-after-just-three-months,,headline_index_from_profile_article_not_verified
29839,https://www.vlr.gg/player/29839/tenten,a0efb4dfccd21943a41d19005e52ed7a9fffe59c828a4e88838e8011929c7658,2026-10-06T16:01:47+00:00,2025-12-23,TenTen joins Team Secret for sophomore VCT season,https://www.vlr.gg/594730/tenten-joins-team-secret-for-sophomore-vct-season,,headline_index_from_profile_article_not_verified
29839,https://www.vlr.gg/player/29839/tenten,a0efb4dfccd21943a41d19005e52ed7a9fffe59c828a4e88838e8011929c7658,2026-10-06T16:01:47+00:00,2025-04-13,ZETA signs TenTen from T1 Academy to replace Dep,https://www.vlr.gg/472620/zeta-signs-tenten-from-t1-academy-to-replace-dep,,headline_index_from_profile_article_not_verified
29841,https://www.vlr.gg/player/29841/caedye,01daa0982ad439fe1543cd07d8882aac1f20712e923f1e1ea54dc8b9be0270c8,2026-10-06T16:01:48+00:00,2026-01-01,DFM ushers in the new year with a new roster,https://www.vlr.gg/599361/dfm-ushers-in-the-new-year-with-a-new-roster,,headline_index_from_profile_article_not_verified
29843,https://www.vlr.gg/player/29843/yatsuka,9686842282232f2db76b25347d46ad0b1974d61369b77ab279635fd327281493,2026-10-06T16:01:49+00:00,2026-01-01,DFM ushers in the new year with a new roster,https://www.vlr.gg/599361/dfm-ushers-in-the-new-year-with-a-new-roster,,headline_index_from_profile_article_not_verified
29867,https://www.vlr.gg/player/29867/hiro,65aeb6432db841c7131845fa39b2b3cc0c1f2dac149e427c5e10e6e0afe4d3a3,2026-10-06T16:01:49+00:00,2025-12-03,NAVI unveils 2026 roster coached by ANGE1,https://www.vlr.gg/591818/navi-unveils-2026-roster-coached-by-ange1,,headline_index_from_profile_article_not_verified
29867,https://www.vlr.gg/player/29867/hiro,65aeb6432db841c7131845fa39b2b3cc0c1f2dac149e427c5e10e6e0afe4d3a3,2026-10-06T16:01:49+00:00,2024-12-03,"NAVI picks up hiro, koalanoob, and Ruxic, Happy as head coach",https://www.vlr.gg/426882/navi-picks-up-hiro-koalanoob-and-ruxic-happy-as-head-coach,,headline_index_from_profile_article_not_verified
29867,https://www.vlr.gg/player/29867/hiro,65aeb6432db841c7131845fa39b2b3cc0c1f2dac149e427c5e10e6e0afe4d3a3,2026-10-06T16:01:49+00:00,2024-06-15,"Leo steps down as FNATIC starter, hiro to stand-in",https://www.vlr.gg/361620/leo-steps-down-as-fnatic-starter-hiro-to-stand-in,,headline_index_from_profile_article_not_verified
30470,https://www.vlr.gg/player/30470/kyu,2706b43fed9b124e68d60bfcf131f64690a40939f369a8252ceac1dbdf905908,2026-10-06T16:01:51+00:00,2026-03-20,"M80 reunites kaplan and Kyu, signs Spaz",https://www.vlr.gg/644767/m80-reunites-kaplan-and-kyu-signs-spaz,,headline_index_from_profile_article_not_verified
30470,https://www.vlr.gg/player/30470/kyu,2706b43fed9b124e68d60bfcf131f64690a40939f369a8252ceac1dbdf905908,2026-10-06T16:01:51+00:00,2025-11-01,Sentinels begin anew with 2026 roster,https://www.vlr.gg/580992/sentinels-begin-anew-with-2026-roster,,headline_index_from_profile_article_not_verified
33902,https://www.vlr.gg/player/33902/sayonara,e11abfee96bc8ecf1c309536a7927bfc62e04d75ea388f6c3c427c896f8c59a0,2026-10-06T16:02:00+00:00,2026-01-07,UNFAKE to stand in for Sayonara in Kickoff,https://www.vlr.gg/600922/unfake-to-stand-in-for-sayonara-in-kickoff,,headline_index_from_profile_article_not_verified
33902,https://www.vlr.gg/player/33902/sayonara,e11abfee96bc8ecf1c309536a7927bfc62e04d75ea388f6c3c427c896f8c59a0,2026-10-06T16:02:00+00:00,2025-03-18,"Team Vitality benches trexx, signs CyvOph and Sayonara",https://www.vlr.gg/461746/team-vitality-benches-trexx-signs-cyvoph-and-sayonara,,headline_index_from_profile_article_not_verified
34057,https://www.vlr.gg/player/34057/jerrwin,368161b412c81808273913c5d9e68390b92fb369b9cfae262672bd724cdc7fce,2026-10-06T16:02:01+00:00,2026-03-24,Sentinels sign SaD Esports' Jerrwin,https://www.vlr.gg/646727/sentinels-sign-sad-esports-jerrwin,,headline_index_from_profile_article_not_verified
34400,https://www.vlr.gg/player/34400/bao,cc8a6e03beab1738cd8ea081d9597562ed40d0a6585e7a1257782d71e6799592,2026-10-06T16:02:01+00:00,2025-11-21,Evil Geniuses unveils 2026 roster,https://www.vlr.gg/588025/evil-geniuses-unveils-2026-roster,,headline_index_from_profile_article_not_verified
34776,https://www.vlr.gg/player/34776/absol,d0970fd9275dbf0a967c2e25fbb752e3815808d24977d66a43045cff98d251ae,2026-10-06T16:02:03+00:00,2025-11-13,"ZETA DIVISION adds stand-ins eKo, Absol, and HoneyBunny for Red Bull Home Ground",https://www.vlr.gg/585317/zeta-division-adds-stand-ins-eko-absol-and-honeybunny-for-red-bull-home-ground,,headline_index_from_profile_article_not_verified
34974,https://www.vlr.gg/player/34974/karon,54b3764356238408c80d6b8b986ae1caa2d5569dfd346f6f93b9123da6230404,2026-10-06T16:02:05+00:00,2025-10-24,Karon re-signs with Gen.G,https://www.vlr.gg/576567/karon-re-signs-with-gen-g,,headline_index_from_profile_article_not_verified
34974,https://www.vlr.gg/player/34974/karon,54b3764356238408c80d6b8b986ae1caa2d5569dfd346f6f93b9123da6230404,2026-10-06T16:02:05+00:00,2025-10-20,Munchkin and others released from Gen.G after contract expiration,https://www.vlr.gg/574710/munchkin-and-others-released-from-gen-g-after-contract-expiration,,headline_index_from_profile_article_not_verified
36245,https://www.vlr.gg/player/36245/n4rrate,76496e409b0625c1950c02d548f4cfd8bdaa66d3cbdf639858df4bbd27243ee5,2026-10-06T16:02:07+00:00,2025-11-01,Sentinels begin anew with 2026 roster,https://www.vlr.gg/580992/sentinels-begin-anew-with-2026-roster,,headline_index_from_profile_article_not_verified
36670,https://www.vlr.gg/player/36670/obone,586bd23297b8376a14f131349dcf3dfd5f269250731688d54a815a8753dcdd34,2026-10-06T16:02:08+00:00,2026-06-28,OBONE retires and heybay departs Nova Esports,https://www.vlr.gg/707510/obone-retires-and-heybay-departs-nova-esports,,headline_index_from_profile_article_not_verified
36670,https://www.vlr.gg/player/36670/obone,586bd23297b8376a14f131349dcf3dfd5f269250731688d54a815a8753dcdd34,2026-10-06T16:02:08+00:00,2025-03-07,"Nova benches SWERL, moves to all Chinese roster",https://www.vlr.gg/459622/nova-benches-swerl-moves-to-all-chinese-roster,,headline_index_from_profile_article_not_verified
36685,https://www.vlr.gg/player/36685/splash,02ba752f8b9c81a56d9d95c53703ef9fe531250fcc3d4f0e800436b171f2f0cf,2026-10-06T16:02:09+00:00,2025-08-26,TYLOO looking to make splash signing with splash,https://www.vlr.gg/538809/tyloo-looking-to-make-splash-signing-with-splash,,headline_index_from_profile_article_not_verified
37105,https://www.vlr.gg/player/37105/loss,7ee923affced1a2f12c6c1846501862a0005fffa9328a69628bfaee2715c5407,2026-10-06T16:02:10+00:00,2025-05-16,FURIA announces new five-man roster ahead of EWC qualifiers,https://www.vlr.gg/489025/furia-announces-new-five-man-roster-ahead-of-ewc-qualifiers,,headline_index_from_profile_article_not_verified
37354,https://www.vlr.gg/player/37354/basic,9e5e6270787398d0eeeb827ba2db6e5b040fe5890b6cfefc35bd7a8efd1883f4,2026-10-06T16:02:11+00:00,2026-07-01,At long last: basic joins FURIA's active roster,https://www.vlr.gg/708302/at-long-last-basic-joins-furias-active-roster,,headline_index_from_profile_article_not_verified
37354,https://www.vlr.gg/player/37354/basic,9e5e6270787398d0eeeb827ba2db6e5b040fe5890b6cfefc35bd7a8efd1883f4,2026-10-06T16:02:11+00:00,2025-07-15,adverso to stand in for FURIA's basic,https://www.vlr.gg/517478/adverso-to-stand-in-for-furias-basic,,headline_index_from_profile_article_not_verified
37489,https://www.vlr.gg/player/37489/lysoar,44967f58d90f1fe8147935903498a2c880081edd7183b547ed2aff690aeb68cc,2026-10-06T16:02:11+00:00,2025-11-25,Lysoar joins Xi Lai Gaming,https://www.vlr.gg/589143/lysoar-joins-xi-lai-gaming,,headline_index_from_profile_article_not_verified
37489,https://www.vlr.gg/player/37489/lysoar,44967f58d90f1fe8147935903498a2c880081edd7183b547ed2aff690aeb68cc,2026-10-06T16:02:11+00:00,2024-10-15,Wolves Esports signs Lysoar and Fayde,https://www.vlr.gg/414004/wolves-esports-signs-lysoar-and-fayde,,headline_index_from_profile_article_not_verified
37925,https://www.vlr.gg/player/37925/kolosha,4d16728e0c39f77b99d30ca4e6c2ec4629cc17bb37a27ca5ac43f3cf4baeb031,2026-10-06T16:02:13+00:00,2026-02-18,Kolosha to stand in for NAVI's Ruxic at EMEA Clash,https://www.vlr.gg/626256/kolosha-to-stand-in-for-navis-ruxic-at-emea-clash,,headline_index_from_profile_article_not_verified
39357,https://www.vlr.gg/player/39357/s0pp,707acfc322a1c283654494f073819c8084154cda5f9956a5b1fa0f74d702a670,2026-10-06T16:02:16+00:00,2026-03-28,"FUT signs s0pp, moves qRaxs back to reserve roster",https://www.vlr.gg/647859/fut-signs-s0pp-moves-qraxs-back-to-reserve-roster,,headline_index_from_profile_article_not_verified
39485,https://www.vlr.gg/player/39485/scales,4aeff33b6fd7133c835a9565570fad89188c93189f4fcc9bda0a994509c51db0,2026-10-06T16:02:17+00:00,2025-04-09,"TYLOO re-signs Scales, expands to six-man roster",https://www.vlr.gg/470805/tyloo-re-signs-scales-expands-to-six-man-roster,,headline_index_from_profile_article_not_verified
39697,https://www.vlr.gg/player/39697/cb,1d2e829f9b30486bd065309e11dceebc472eaf75b5ca6e4b678cd39ade1e8ab8,2026-10-06T16:02:17+00:00,2026-07-02,EDward Gaming releases cb,https://www.vlr.gg/708454/edward-gaming-releases-cb,,headline_index_from_profile_article_not_verified
39697,https://www.vlr.gg/player/39697/cb,1d2e829f9b30486bd065309e11dceebc472eaf75b5ca6e4b678cd39ade1e8ab8,2026-10-06T16:02:17+00:00,2025-11-22,EDward Gaming signs cb,https://www.vlr.gg/588499/edward-gaming-signs-cb,,headline_index_from_profile_article_not_verified
39697,https://www.vlr.gg/player/39697/cb,1d2e829f9b30486bd065309e11dceebc472eaf75b5ca6e4b678cd39ade1e8ab8,2026-10-06T16:02:17+00:00,2025-11-09,Nova Esports brings on heybay and GREEN in offseason rebuild,https://www.vlr.gg/584394/nova-esports-brings-on-heybay-and-green-in-offseason-rebuild,,headline_index_from_profile_article_not_verified
41054,https://www.vlr.gg/player/41054/guang,7724cef39fd9d672a030b4002bd2c2237d2e11795ddeb612bfa22d12e528eccc,2026-10-06T16:02:21+00:00,2024-01-14,"Nova Esports begin roster rebuild, sign GuanG",https://www.vlr.gg/295042/nova-esports-begin-roster-rebuild-sign-guang,,headline_index_from_profile_article_not_verified
41694,https://www.vlr.gg/player/41694/endoist,44fd54b06204ac7d8ef765b0cc49d1fea09b223349cb51e0771ca39382b3073f,2026-10-06T16:02:22+00:00,2026-07-16,Xipto Esports signs 555 core ahead of Pacific Stage 2 Play-Ins,https://www.vlr.gg/715984/xipto-esports-signs-555-core-ahead-of-pacific-stage-2-play-ins,,headline_index_from_profile_article_not_verified
41739,https://www.vlr.gg/player/41739/slowly,14761160ecc44cf1bd4bf174257097cd338922c7966457e57418f6870bb3e1f7,2026-10-06T16:02:23+00:00,2024-12-21,TYLOO expands roster with slowly and 5cm,https://www.vlr.gg/431265/tyloo-expands-roster-with-slowly-and-5cm,,headline_index_from_profile_article_not_verified
41798,https://www.vlr.gg/player/41798/nightz,df49c22373508d778bfb9b8315a752696be29640cbba570a087674bc386198f8,2026-10-06T16:02:24+00:00,2025-01-24,Sentinels' Cubert Academy announces roster,https://www.vlr.gg/439283/sentinels-cubert-academy-announces-roster,,headline_index_from_profile_article_not_verified
42721,https://www.vlr.gg/player/42721/awayk,d791c3301cc9370a2a7fbf9f43dfb4b85da921df230db4dd707852c6e7799fbc,2026-10-06T16:02:27+00:00,2026-08-03,Hermes joins ONSIDE GAMING for Stage 2 Play-Ins as Awayk departs,https://www.vlr.gg/730243/hermes-joins-onside-gaming-for-stage-2-play-ins-as-awayk-departs,,headline_index_from_profile_article_not_verified
42901,https://www.vlr.gg/player/42901/thyy,4fff940febc8039dcc90926a3c7826453b844a82a4fb21694d913f2c7ff90237,2026-10-06T16:02:30+00:00,2025-12-08,FULL SENSE joins VCT Pacific,https://www.vlr.gg/593642/full-sense-joins-vct-pacific,,headline_index_from_profile_article_not_verified
42901,https://www.vlr.gg/player/42901/thyy,4fff940febc8039dcc90926a3c7826453b844a82a4fb21694d913f2c7ff90237,2026-10-06T16:02:30+00:00,2025-02-28,TALON signs Killua to complete return to all-Thai roster,https://www.vlr.gg/452179/talon-signs-killua-to-complete-return-to-all-thai-roster,,headline_index_from_profile_article_not_verified
43007,https://www.vlr.gg/player/43007/qiutian,1cf71fdc24957166ec6d071c2c93e715dc62b718f8deb9ffff6cae3d51234c34,2026-10-06T16:02:31+00:00,2026-03-23,Wolves Esports signs R1ckLee as qiutiaN leaves for Nova,https://www.vlr.gg/646306/wolves-esports-signs-r1cklee-as-qiutian-leaves-for-nova,,headline_index_from_profile_article_not_verified
44842,https://www.vlr.gg/player/44842/jackk,70c512fee0e7d8dbc125df4b49e1f95d3f7bbe4af3912200ef5a01b413b9622e,2026-10-06T16:02:32+00:00,2026-05-02,Cloud9 signs Jackk,https://www.vlr.gg/667584/cloud9-signs-jackk,,headline_index_from_profile_article_not_verified
45492,https://www.vlr.gg/player/45492/swagzor,2d45309f5ac2b74e613f4f14344a2e141fceb0edf5d5b842fc4c5e522e83ec4b,2026-10-06T16:02:32+00:00,2026-03-28,"Nova completes roster retool with swagzor, head coach alexRr",https://www.vlr.gg/647741/nova-completes-roster-retool-with-swagzor-head-coach-alexrr,,headline_index_from_profile_article_not_verified
45494,https://www.vlr.gg/player/45494/proxh,525c583da197ec05adcbc5aeaaa4092c0ad31bc72c98c55745a2b83daa1fabcc,2026-10-06T16:02:33+00:00,2025-10-24,Gentle Mates parts ways with 2025 roster,https://www.vlr.gg/576806/gentle-mates-parts-ways-with-2025-roster,,headline_index_from_profile_article_not_verified
45494,https://www.vlr.gg/player/45494/proxh,525c583da197ec05adcbc5aeaaa4092c0ad31bc72c98c55745a2b83daa1fabcc,2026-10-06T16:02:33+00:00,2025-05-13,"Gentle Mates brings in Veqaj and Proxh, Kada and Click to move to inactive roster",https://www.vlr.gg/488105/gentle-mates-brings-in-veqaj-and-proxh-kada-and-click-to-move-to-inactive-roster,,headline_index_from_profile_article_not_verified
46135,https://www.vlr.gg/player/46135/zeus,650f0cd36e2ac931ecc6bbe3ab2b60d02333d523f753661ebfbd4c8ce34d1382,2026-10-06T16:02:35+00:00,2026-03-27,Team Secret signs rookie Duelist prospect Zeus,https://www.vlr.gg/647626/team-secret-signs-rookie-duelist-prospect-zeus,,headline_index_from_profile_article_not_verified
46532,https://www.vlr.gg/player/46532/satoshi,7911c2bd583c72d31fda01ea4c95ece5937e448fb3339b415292ed3e987e1ce8,2026-10-06T16:02:36+00:00,2025-11-06,Wolves Esports signs Satoshi from Rare Atom,https://www.vlr.gg/582955/wolves-esports-signs-satoshi-from-rare-atom,,headline_index_from_profile_article_not_verified
47101,https://www.vlr.gg/player/47101/5cm,7f40a884fae9b0ba6462cce9a2dc23cf8e5215e936f7e84e2796b9213b7b6784,2026-10-06T16:02:38+00:00,2025-06-19,TYLOO reduces roster by 5CM's departure,https://www.vlr.gg/504920/tyloo-reduces-roster-by-5cms-departure,,headline_index_from_profile_article_not_verified
47101,https://www.vlr.gg/player/47101/5cm,7f40a884fae9b0ba6462cce9a2dc23cf8e5215e936f7e84e2796b9213b7b6784,2026-10-06T16:02:38+00:00,2024-12-21,TYLOO expands roster with slowly and 5cm,https://www.vlr.gg/431265/tyloo-expands-roster-with-slowly-and-5cm,,headline_index_from_profile_article_not_verified
47858,https://www.vlr.gg/player/47858/leo,a9471965baf1239cb8abdf3f03992feaef124eda68f47100a6e88aff8b54b38c,2026-10-06T16:02:40+00:00,2026-06-17,"FlyQuest bench neT, promote Leo and slow",https://www.vlr.gg/700920/flyquest-bench-net-promote-leo-and-slow,,headline_index_from_profile_article_not_verified
48439,https://www.vlr.gg/player/48439/rimuru,1787acbdaec118a3dd6b4ba2da2ce187c03c81433ae2c1235f99d692d91b3866,2026-10-06T16:02:41+00:00,2026-07-13,Team Secret releases BerserX and Rimuru,https://www.vlr.gg/715064/team-secret-releases-berserx-and-rimuru,,headline_index_from_profile_article_not_verified
48439,https://www.vlr.gg/player/48439/rimuru,1787acbdaec118a3dd6b4ba2da2ce187c03c81433ae2c1235f99d692d91b3866,2026-10-06T16:02:41+00:00,2026-03-28,Team Secret signs Rimuru to round out five-man roster,https://www.vlr.gg/647863/team-secret-signs-rimuru-to-round-out-five-man-roster,,headline_index_from_profile_article_not_verified
48878,https://www.vlr.gg/player/48878/rushia,f9739e6239b4fc4c9fc5d150f694576bc1e48aa4b3246ab7be9f27259e57b4fe,2026-10-06T16:02:42+00:00,2024-10-31,Bilibili Gaming signs rushia,https://www.vlr.gg/418068/bilibili-gaming-signs-rushia,,headline_index_from_profile_article_not_verified
49476,https://www.vlr.gg/player/49476/zhe,f60539a83007d20b4cbc8704920d27f095ab289bc287c9e76b496e3decb9561a,2026-10-06T16:02:43+00:00,2025-11-07,"JDG Esports makes statement signings with head coach bail, zhe, Yuicaw",https://www.vlr.gg/579556/jdg-esports-makes-statement-signings-with-head-coach-bail-zhe-yuicaw,,headline_index_from_profile_article_not_verified
49973,https://www.vlr.gg/player/49973/glacier,a0e3ba1330e5fab20e043bbd45d394673dad348660435df4db04f9eef20941e7,2026-10-06T16:02:44+00:00,2026-03-31,Wolves Esports signs glacier,https://www.vlr.gg/648656/wolves-esports-signs-glacier,,headline_index_from_profile_article_not_verified
50080,https://www.vlr.gg/player/50080/lsn,d8ac97c2c48bffea4440a82ca04551ccfa5346c722029d8685a281363cecb519,2026-10-06T16:02:45+00:00,2025-01-02,All Gamers finalizes roster ahead of China Kickoff,https://www.vlr.gg/432208/all-gamers-finalizes-roster-ahead-of-china-kickoff,,headline_index_from_profile_article_not_verified
51100,https://www.vlr.gg/player/51100/flicker,7ba87e1e45d54e0bd9549fe432fae98206c9b3280df62f6cef6209f04fc95ae3,2026-10-06T16:02:48+00:00,2026-01-20,Crest Gaming Zst loans Flicker from DRX and signs Nobita,https://www.vlr.gg/605779/crest-gaming-zst-loans-flicker-from-drx-and-signs-nobita,,headline_index_from_profile_article_not_verified
51100,https://www.vlr.gg/player/51100/flicker,7ba87e1e45d54e0bd9549fe432fae98206c9b3280df62f6cef6209f04fc95ae3,2026-10-06T16:02:48+00:00,2025-07-07,"A flash, a flick: DRX promotes two to expand to seven-man roster",https://www.vlr.gg/512117/a-flash-a-flick-drx-promotes-two-to-expand-to-seven-man-roster,,headline_index_from_profile_article_not_verified
51244,https://www.vlr.gg/player/51244/jieni7,ce79fa189c9cb0b7810411bbef95c99e133a272241991cf50a33cab0c9ed51c2,2026-10-06T16:02:49+00:00,2025-03-18,EDG signs Jieni7 to expand active roster to six,https://www.vlr.gg/461713/edg-signs-jieni7-to-expand-active-roster-to-six,,headline_index_from_profile_article_not_verified
52904,https://www.vlr.gg/player/52904/akeman,eae3e6fa21990604fa9943c916f8db2fb33a05c5849c12e24cdc38eeeddc3280,2026-10-06T16:02:51+00:00,2026-06-29,"Akeman leaves Dragon Ranger Gaming, joins KeepBest",https://www.vlr.gg/707785/akeman-leaves-dragon-ranger-gaming-joins-keepbest,,headline_index_from_profile_article_not_verified
52904,https://www.vlr.gg/player/52904/akeman,eae3e6fa21990604fa9943c916f8db2fb33a05c5849c12e24cdc38eeeddc3280,2026-10-06T16:02:51+00:00,2025-05-07,Dragon Ranger Gaming signs Akeman,https://www.vlr.gg/485513/dragon-ranger-gaming-signs-akeman,,headline_index_from_profile_article_not_verified
55085,https://www.vlr.gg/player/55085/erv,9935e143e81ad48247b5e2c7f4ed4219ed2784c7f2050d999720bbf1e5418b49,2026-10-06T16:02:53+00:00,2025-12-29,Erv joins TYLOO,https://www.vlr.gg/598891/erv-joins-tyloo,,headline_index_from_profile_article_not_verified
55823,https://www.vlr.gg/player/55823/ben1ley,ecaba4318bd23a1f485744667b9134e947c1b19c0c4ea96eb0e144ee84471a44,2026-10-06T16:02:56+00:00,2026-03-25,FunPlus Phoenix rounds out five-man roster with Ben1Ley,https://www.vlr.gg/646784/funplus-phoenix-rounds-out-five-man-roster-with-ben1ley,,headline_index_from_profile_article_not_verified
62291,https://www.vlr.gg/player/62291/xiesta,f9246fc940dd41ff4ce9a58d4280a141994cfd998382a33b7830c5f5023165cf,2026-10-06T16:03:00+00:00,2026-09-16,ONSIDE Gaming parts ways with 2026 roster,https://www.vlr.gg/756630/onside-gaming-parts-ways-with-2026-roster,,headline_index_from_profile_article_not_verified
64969,https://www.vlr.gg/player/64969/crownfisher,c67fc2cd838545e5384f70fa79f27c0956064162fae371e751af82d50c77d098,2026-10-06T16:03:03+00:00,2026-06-24,"JDG Esports releases coconut, signs crownfisher",https://www.vlr.gg/705869/jdg-esports-releases-coconut-signs-crownfisher,,headline_index_from_profile_article_not_verified
