match_id,map_id,event_id,observed_player_rows,lineup_model_eligible,reason,source_url
602706,247893,2783,10,True,ten_identified_players,https://www.vlr.gg/602706/nrg-academy-vs-alliance-guardians-challengers-2026-north-america-ace-stage-1-r1
602706,247894,2783,10,True,ten_identified_players,https://www.vlr.gg/602706/nrg-academy-vs-alliance-guardians-challengers-2026-north-america-ace-stage-1-r1
602707,247896,2783,10,True,ten_identified_players,https://www.vlr.gg/602707/azure-dragon-gaming-vs-sad-esports-challengers-2026-north-america-ace-stage-1-r1
602707,247897,2783,10,True,ten_identified_players,https://www.vlr.gg/602707/azure-dragon-gaming-vs-sad-esports-challengers-2026-north-america-ace-stage-1-r1
602708,247899,2783,10,True,ten_identified_players,https://www.vlr.gg/602708/nightblood-gaming-vs-evil-geniuses-academy-challengers-2026-north-america-ace-stage-1-r1
602708,247900,2783,10,True,ten_identified_players,https://www.vlr.gg/602708/nightblood-gaming-vs-evil-geniuses-academy-challengers-2026-north-america-ace-stage-1-r1
602708,247901,2783,10,True,ten_identified_players,https://www.vlr.gg/602708/nightblood-gaming-vs-evil-geniuses-academy-challengers-2026-north-america-ace-stage-1-r1
602709,247902,2783,10,True,ten_identified_players,https://www.vlr.gg/602709/qor-vs-sleepers-challengers-2026-north-america-ace-stage-1-r1
602709,247903,2783,10,True,ten_identified_players,https://www.vlr.gg/602709/qor-vs-sleepers-challengers-2026-north-america-ace-stage-1-r1
602710,247905,2783,10,True,ten_identified_players,https://www.vlr.gg/602710/m80-vs-evictix-challengers-2026-north-america-ace-stage-1-r1
602710,247906,2783,10,True,ten_identified_players,https://www.vlr.gg/602710/m80-vs-evictix-challengers-2026-north-america-ace-stage-1-r1
602711,247908,2783,10,True,ten_identified_players,https://www.vlr.gg/602711/winthrop-university-vs-pigeons-challengers-2026-north-america-ace-stage-1-r1
602711,247909,2783,10,True,ten_identified_players,https://www.vlr.gg/602711/winthrop-university-vs-pigeons-challengers-2026-north-america-ace-stage-1-r1
602712,247911,2783,10,True,ten_identified_players,https://www.vlr.gg/602712/blue-otter-vs-shopify-rebellion-black-challengers-2026-north-america-ace-stage-1-r1
602712,247912,2783,10,True,ten_identified_players,https://www.vlr.gg/602712/blue-otter-vs-shopify-rebellion-black-challengers-2026-north-america-ace-stage-1-r1
602713,247914,2783,10,True,ten_identified_players,https://www.vlr.gg/602713/rose-vs-yfp-challengers-2026-north-america-ace-stage-1-r1
602713,247915,2783,10,True,ten_identified_players,https://www.vlr.gg/602713/rose-vs-yfp-challengers-2026-north-america-ace-stage-1-r1
606532,248810,2783,10,True,ten_identified_players,https://www.vlr.gg/606532/nrg-academy-vs-m80-challengers-2026-north-america-ace-stage-1-r2-1-0
606532,248811,2783,10,True,ten_identified_players,https://www.vlr.gg/606532/nrg-academy-vs-m80-challengers-2026-north-america-ace-stage-1-r2-1-0
606533,248813,2783,10,True,ten_identified_players,https://www.vlr.gg/606533/blue-otter-vs-nightblood-gaming-challengers-2026-north-america-ace-stage-1-r2-0-1
606533,248814,2783,10,True,ten_identified_players,https://www.vlr.gg/606533/blue-otter-vs-nightblood-gaming-challengers-2026-north-america-ace-stage-1-r2-0-1
606533,248815,2783,10,True,ten_identified_players,https://www.vlr.gg/606533/blue-otter-vs-nightblood-gaming-challengers-2026-north-america-ace-stage-1-r2-0-1
606534,248816,2783,10,True,ten_identified_players,https://www.vlr.gg/606534/azure-dragon-gaming-vs-rose-challengers-2026-north-america-ace-stage-1-r2-0-1
606534,248817,2783,10,True,ten_identified_players,https://www.vlr.gg/606534/azure-dragon-gaming-vs-rose-challengers-2026-north-america-ace-stage-1-r2-0-1
606535,248819,2783,10,True,ten_identified_players,https://www.vlr.gg/606535/qor-vs-evictix-challengers-2026-north-america-ace-stage-1-r2-0-1
606535,248834,2783,10,True,ten_identified_players,https://www.vlr.gg/606535/qor-vs-evictix-challengers-2026-north-america-ace-stage-1-r2-0-1
606536,248822,2783,10,True,ten_identified_players,https://www.vlr.gg/606536/winthrop-university-vs-sad-esports-challengers-2026-north-america-ace-stage-1-r2-1-0
606536,248823,2783,10,True,ten_identified_players,https://www.vlr.gg/606536/winthrop-university-vs-sad-esports-challengers-2026-north-america-ace-stage-1-r2-1-0
606537,248825,2783,10,True,ten_identified_players,https://www.vlr.gg/606537/alliance-guardians-vs-pigeons-challengers-2026-north-america-ace-stage-1-r2-0-1
606537,248826,2783,10,True,ten_identified_players,https://www.vlr.gg/606537/alliance-guardians-vs-pigeons-challengers-2026-north-america-ace-stage-1-r2-0-1
606538,248828,2783,10,True,ten_identified_players,https://www.vlr.gg/606538/sleepers-vs-shopify-rebellion-black-challengers-2026-north-america-ace-stage-1-r2-1-0
606538,248829,2783,10,True,ten_identified_players,https://www.vlr.gg/606538/sleepers-vs-shopify-rebellion-black-challengers-2026-north-america-ace-stage-1-r2-1-0
606538,248830,2783,10,True,ten_identified_players,https://www.vlr.gg/606538/sleepers-vs-shopify-rebellion-black-challengers-2026-north-america-ace-stage-1-r2-1-0
606539,248831,2783,10,True,ten_identified_players,https://www.vlr.gg/606539/evil-geniuses-academy-vs-yfp-challengers-2026-north-america-ace-stage-1-r2-1-0
606539,248832,2783,10,True,ten_identified_players,https://www.vlr.gg/606539/evil-geniuses-academy-vs-yfp-challengers-2026-north-america-ace-stage-1-r2-1-0
606539,248833,2783,10,True,ten_identified_players,https://www.vlr.gg/606539/evil-geniuses-academy-vs-yfp-challengers-2026-north-america-ace-stage-1-r2-1-0
609055,249682,2783,10,True,ten_identified_players,https://www.vlr.gg/609055/blue-otter-vs-pigeons-challengers-2026-north-america-ace-stage-1-r3-0-2
609055,249683,2783,10,True,ten_identified_players,https://www.vlr.gg/609055/blue-otter-vs-pigeons-challengers-2026-north-america-ace-stage-1-r3-0-2
609055,249684,2783,10,True,ten_identified_players,https://www.vlr.gg/609055/blue-otter-vs-pigeons-challengers-2026-north-america-ace-stage-1-r3-0-2
609056,249685,2783,10,True,ten_identified_players,https://www.vlr.gg/609056/evictix-vs-azure-dragon-gaming-challengers-2026-north-america-ace-stage-1-r3-0-2
609056,249686,2783,10,True,ten_identified_players,https://www.vlr.gg/609056/evictix-vs-azure-dragon-gaming-challengers-2026-north-america-ace-stage-1-r3-0-2
609056,249687,2783,10,True,ten_identified_players,https://www.vlr.gg/609056/evictix-vs-azure-dragon-gaming-challengers-2026-north-america-ace-stage-1-r3-0-2
609057,249688,2783,10,True,ten_identified_players,https://www.vlr.gg/609057/nightblood-gaming-vs-yfp-challengers-2026-north-america-ace-stage-1-r3-1-1
609057,249689,2783,10,True,ten_identified_players,https://www.vlr.gg/609057/nightblood-gaming-vs-yfp-challengers-2026-north-america-ace-stage-1-r3-1-1
609057,249690,2783,10,True,ten_identified_players,https://www.vlr.gg/609057/nightblood-gaming-vs-yfp-challengers-2026-north-america-ace-stage-1-r3-1-1
609059,249691,2783,10,True,ten_identified_players,https://www.vlr.gg/609059/shopify-rebellion-black-vs-winthrop-university-challengers-2026-north-america-ace-stage-1-r3-1
609059,249692,2783,10,True,ten_identified_players,https://www.vlr.gg/609059/shopify-rebellion-black-vs-winthrop-university-challengers-2026-north-america-ace-stage-1-r3-1
609059,249693,2783,10,True,ten_identified_players,https://www.vlr.gg/609059/shopify-rebellion-black-vs-winthrop-university-challengers-2026-north-america-ace-stage-1-r3-1
609053,249676,2783,10,True,ten_identified_players,https://www.vlr.gg/609053/nrg-academy-vs-evil-geniuses-academy-challengers-2026-north-america-ace-stage-1-r3-2-0
609053,249677,2783,10,True,ten_identified_players,https://www.vlr.gg/609053/nrg-academy-vs-evil-geniuses-academy-challengers-2026-north-america-ace-stage-1-r3-2-0
609053,249678,2783,10,True,ten_identified_players,https://www.vlr.gg/609053/nrg-academy-vs-evil-geniuses-academy-challengers-2026-north-america-ace-stage-1-r3-2-0
609060,249694,2783,10,True,ten_identified_players,https://www.vlr.gg/609060/alliance-guardians-vs-rose-challengers-2026-north-america-ace-stage-1-r3-1-1
609060,249695,2783,10,True,ten_identified_players,https://www.vlr.gg/609060/alliance-guardians-vs-rose-challengers-2026-north-america-ace-stage-1-r3-1-1
609060,249696,2783,10,True,ten_identified_players,https://www.vlr.gg/609060/alliance-guardians-vs-rose-challengers-2026-north-america-ace-stage-1-r3-1-1
609054,249679,2783,10,True,ten_identified_players,https://www.vlr.gg/609054/sad-esports-vs-sleepers-challengers-2026-north-america-ace-stage-1-r3-2-0
609054,249680,2783,10,True,ten_identified_players,https://www.vlr.gg/609054/sad-esports-vs-sleepers-challengers-2026-north-america-ace-stage-1-r3-2-0
609054,249681,2783,10,True,ten_identified_players,https://www.vlr.gg/609054/sad-esports-vs-sleepers-challengers-2026-north-america-ace-stage-1-r3-2-0
609061,249697,2783,10,True,ten_identified_players,https://www.vlr.gg/609061/m80-vs-qor-challengers-2026-north-america-ace-stage-1-r3-1-1
609061,249698,2783,10,True,ten_identified_players,https://www.vlr.gg/609061/m80-vs-qor-challengers-2026-north-america-ace-stage-1-r3-1-1
611874,251228,2783,10,True,ten_identified_players,https://www.vlr.gg/611874/blue-otter-vs-azure-dragon-gaming-challengers-2026-north-america-ace-stage-1-r4-0-3
611874,251229,2783,10,True,ten_identified_players,https://www.vlr.gg/611874/blue-otter-vs-azure-dragon-gaming-challengers-2026-north-america-ace-stage-1-r4-0-3
611875,251231,2783,10,True,ten_identified_players,https://www.vlr.gg/611875/nightblood-gaming-vs-pigeons-challengers-2026-north-america-ace-stage-1-r4-1-2
611875,251232,2783,10,True,ten_identified_players,https://www.vlr.gg/611875/nightblood-gaming-vs-pigeons-challengers-2026-north-america-ace-stage-1-r4-1-2
611875,251233,2783,10,True,ten_identified_players,https://www.vlr.gg/611875/nightblood-gaming-vs-pigeons-challengers-2026-north-america-ace-stage-1-r4-1-2
611876,251234,2783,10,True,ten_identified_players,https://www.vlr.gg/611876/winthrop-university-vs-m80-challengers-2026-north-america-ace-stage-1-r4-1-2
611876,251235,2783,10,True,ten_identified_players,https://www.vlr.gg/611876/winthrop-university-vs-m80-challengers-2026-north-america-ace-stage-1-r4-1-2
611877,251237,2783,10,True,ten_identified_players,https://www.vlr.gg/611877/evictix-vs-rose-challengers-2026-north-america-ace-stage-1-r4-1-2
611877,251238,2783,10,True,ten_identified_players,https://www.vlr.gg/611877/evictix-vs-rose-challengers-2026-north-america-ace-stage-1-r4-1-2
611877,251239,2783,10,True,ten_identified_players,https://www.vlr.gg/611877/evictix-vs-rose-challengers-2026-north-america-ace-stage-1-r4-1-2
611878,251240,2783,10,True,ten_identified_players,https://www.vlr.gg/611878/nrg-academy-vs-sad-esports-challengers-2026-north-america-ace-stage-1-r4-3-0
611878,251241,2783,10,True,ten_identified_players,https://www.vlr.gg/611878/nrg-academy-vs-sad-esports-challengers-2026-north-america-ace-stage-1-r4-3-0
611878,251242,2783,10,True,ten_identified_players,https://www.vlr.gg/611878/nrg-academy-vs-sad-esports-challengers-2026-north-america-ace-stage-1-r4-3-0
611879,251243,2783,10,True,ten_identified_players,https://www.vlr.gg/611879/evil-geniuses-academy-vs-shopify-rebellion-black-challengers-2026-north-america-ace-stage-1-r4
611879,251244,2783,10,True,ten_identified_players,https://www.vlr.gg/611879/evil-geniuses-academy-vs-shopify-rebellion-black-challengers-2026-north-america-ace-stage-1-r4
611881,251249,2783,10,True,ten_identified_players,https://www.vlr.gg/611881/sleepers-vs-alliance-guardians-challengers-2026-north-america-ace-stage-1-r4-2-1
611881,251250,2783,10,True,ten_identified_players,https://www.vlr.gg/611881/sleepers-vs-alliance-guardians-challengers-2026-north-america-ace-stage-1-r4-2-1
611880,251246,2783,10,True,ten_identified_players,https://www.vlr.gg/611880/qor-vs-yfp-challengers-2026-north-america-ace-stage-1-r4-2-1
611880,251247,2783,10,True,ten_identified_players,https://www.vlr.gg/611880/qor-vs-yfp-challengers-2026-north-america-ace-stage-1-r4-2-1
611880,251248,2783,10,True,ten_identified_players,https://www.vlr.gg/611880/qor-vs-yfp-challengers-2026-north-america-ace-stage-1-r4-2-1
612643,251438,2783,10,True,ten_identified_players,https://www.vlr.gg/612643/azure-dragon-gaming-vs-winthrop-university-challengers-2026-north-america-ace-stage-1-r5-1-3
612643,251439,2783,10,True,ten_identified_players,https://www.vlr.gg/612643/azure-dragon-gaming-vs-winthrop-university-challengers-2026-north-america-ace-stage-1-r5-1-3
612644,251441,2783,10,True,ten_identified_players,https://www.vlr.gg/612644/nightblood-gaming-vs-rose-challengers-2026-north-america-ace-stage-1-r5-1-3
612644,251442,2783,10,True,ten_identified_players,https://www.vlr.gg/612644/nightblood-gaming-vs-rose-challengers-2026-north-america-ace-stage-1-r5-1-3
612646,251447,2783,10,True,ten_identified_players,https://www.vlr.gg/612646/evictix-vs-yfp-challengers-2026-north-america-ace-stage-1-r5-2-2
612646,251448,2783,10,True,ten_identified_players,https://www.vlr.gg/612646/evictix-vs-yfp-challengers-2026-north-america-ace-stage-1-r5-2-2
612646,251449,2783,10,True,ten_identified_players,https://www.vlr.gg/612646/evictix-vs-yfp-challengers-2026-north-america-ace-stage-1-r5-2-2
612645,251444,2783,10,True,ten_identified_players,https://www.vlr.gg/612645/evil-geniuses-academy-vs-alliance-guardians-challengers-2026-north-america-ace-stage-1-r5-2-2
612645,251445,2783,10,True,ten_identified_players,https://www.vlr.gg/612645/evil-geniuses-academy-vs-alliance-guardians-challengers-2026-north-america-ace-stage-1-r5-2-2
612647,251450,2783,10,True,ten_identified_players,https://www.vlr.gg/612647/sleepers-vs-nrg-academy-challengers-2026-north-america-ace-stage-1-r5-3-1
612647,251451,2783,10,True,ten_identified_players,https://www.vlr.gg/612647/sleepers-vs-nrg-academy-challengers-2026-north-america-ace-stage-1-r5-3-1
612648,251453,2783,10,True,ten_identified_players,https://www.vlr.gg/612648/qor-vs-shopify-rebellion-black-challengers-2026-north-america-ace-stage-1-r5-3-1
612648,251454,2783,10,True,ten_identified_players,https://www.vlr.gg/612648/qor-vs-shopify-rebellion-black-challengers-2026-north-america-ace-stage-1-r5-3-1
612648,251455,2783,10,True,ten_identified_players,https://www.vlr.gg/612648/qor-vs-shopify-rebellion-black-challengers-2026-north-america-ace-stage-1-r5-3-1
612649,251456,2783,10,True,ten_identified_players,https://www.vlr.gg/612649/pigeons-vs-m80-challengers-2026-north-america-ace-stage-1-r5-2-2
612649,251457,2783,10,True,ten_identified_players,https://www.vlr.gg/612649/pigeons-vs-m80-challengers-2026-north-america-ace-stage-1-r5-2-2
616089,252434,2783,10,True,ten_identified_players,https://www.vlr.gg/616089/azure-dragon-gaming-vs-nightblood-gaming-challengers-2026-north-america-ace-stage-1-r6-2-3
616089,252435,2783,10,True,ten_identified_players,https://www.vlr.gg/616089/azure-dragon-gaming-vs-nightblood-gaming-challengers-2026-north-america-ace-stage-1-r6-2-3
616090,252437,2783,10,True,ten_identified_players,https://www.vlr.gg/616090/shopify-rebellion-black-vs-pigeons-challengers-2026-north-america-ace-stage-1-r6-3-2-vs-2-3
616090,252438,2783,10,True,ten_identified_players,https://www.vlr.gg/616090/shopify-rebellion-black-vs-pigeons-challengers-2026-north-america-ace-stage-1-r6-3-2-vs-2-3
616091,252440,2783,10,True,ten_identified_players,https://www.vlr.gg/616091/yfp-vs-alliance-guardians-challengers-2026-north-america-ace-stage-1-r6-2-3
616091,252441,2783,10,True,ten_identified_players,https://www.vlr.gg/616091/yfp-vs-alliance-guardians-challengers-2026-north-america-ace-stage-1-r6-2-3
616092,252443,2783,10,True,ten_identified_players,https://www.vlr.gg/616092/evictix-vs-nrg-academy-challengers-2026-north-america-ace-stage-1-r6-3-2
616092,252444,2783,10,True,ten_identified_players,https://www.vlr.gg/616092/evictix-vs-nrg-academy-challengers-2026-north-america-ace-stage-1-r6-3-2
616093,252446,2783,10,True,ten_identified_players,https://www.vlr.gg/616093/evil-geniuses-academy-vs-m80-challengers-2026-north-america-ace-stage-1-r6-3-2
616093,252447,2783,10,True,ten_identified_players,https://www.vlr.gg/616093/evil-geniuses-academy-vs-m80-challengers-2026-north-america-ace-stage-1-r6-3-2
616093,252448,2783,10,True,ten_identified_players,https://www.vlr.gg/616093/evil-geniuses-academy-vs-m80-challengers-2026-north-america-ace-stage-1-r6-3-2
620672,253894,2783,10,True,ten_identified_players,https://www.vlr.gg/620672/nrg-academy-vs-azure-dragon-gaming-challengers-2026-north-america-ace-stage-1-r7-3-3
620672,253895,2783,10,True,ten_identified_players,https://www.vlr.gg/620672/nrg-academy-vs-azure-dragon-gaming-challengers-2026-north-america-ace-stage-1-r7-3-3
620672,253896,2783,10,True,ten_identified_players,https://www.vlr.gg/620672/nrg-academy-vs-azure-dragon-gaming-challengers-2026-north-america-ace-stage-1-r7-3-3
620673,253897,2783,10,True,ten_identified_players,https://www.vlr.gg/620673/yfp-vs-m80-challengers-2026-north-america-ace-stage-1-r7-3-3
620673,253898,2783,10,True,ten_identified_players,https://www.vlr.gg/620673/yfp-vs-m80-challengers-2026-north-america-ace-stage-1-r7-3-3
622053,253988,2783,10,True,ten_identified_players,https://www.vlr.gg/622053/sad-esports-vs-m80-challengers-2026-north-america-ace-stage-1-ubqf
622053,253989,2783,10,True,ten_identified_players,https://www.vlr.gg/622053/sad-esports-vs-m80-challengers-2026-north-america-ace-stage-1-ubqf
622053,253990,2783,10,True,ten_identified_players,https://www.vlr.gg/622053/sad-esports-vs-m80-challengers-2026-north-america-ace-stage-1-ubqf
622054,253991,2783,10,True,ten_identified_players,https://www.vlr.gg/622054/qor-vs-evictix-challengers-2026-north-america-ace-stage-1-ubqf
622054,253992,2783,10,True,ten_identified_players,https://www.vlr.gg/622054/qor-vs-evictix-challengers-2026-north-america-ace-stage-1-ubqf
622054,253993,2783,10,True,ten_identified_players,https://www.vlr.gg/622054/qor-vs-evictix-challengers-2026-north-america-ace-stage-1-ubqf
622056,253997,2783,10,True,ten_identified_players,https://www.vlr.gg/622056/shopify-rebellion-black-vs-evil-geniuses-academy-challengers-2026-north-america-ace-stage-1-ubqf
622056,253998,2783,10,True,ten_identified_players,https://www.vlr.gg/622056/shopify-rebellion-black-vs-evil-geniuses-academy-challengers-2026-north-america-ace-stage-1-ubqf
622056,253999,2783,10,True,ten_identified_players,https://www.vlr.gg/622056/shopify-rebellion-black-vs-evil-geniuses-academy-challengers-2026-north-america-ace-stage-1-ubqf
622055,253994,2783,10,True,ten_identified_players,https://www.vlr.gg/622055/sleepers-vs-nrg-academy-challengers-2026-north-america-ace-stage-1-ubqf
622055,253995,2783,10,True,ten_identified_players,https://www.vlr.gg/622055/sleepers-vs-nrg-academy-challengers-2026-north-america-ace-stage-1-ubqf
622061,254014,2783,10,True,ten_identified_players,https://www.vlr.gg/622061/m80-vs-evictix-challengers-2026-north-america-ace-stage-1-lr1
622061,254015,2783,10,True,ten_identified_players,https://www.vlr.gg/622061/m80-vs-evictix-challengers-2026-north-america-ace-stage-1-lr1
622062,254017,2783,10,True,ten_identified_players,https://www.vlr.gg/622062/nrg-academy-vs-evil-geniuses-academy-challengers-2026-north-america-ace-stage-1-lr1
622062,254018,2783,10,True,ten_identified_players,https://www.vlr.gg/622062/nrg-academy-vs-evil-geniuses-academy-challengers-2026-north-america-ace-stage-1-lr1
622062,254019,2783,10,True,ten_identified_players,https://www.vlr.gg/622062/nrg-academy-vs-evil-geniuses-academy-challengers-2026-north-america-ace-stage-1-lr1
622058,254003,2783,10,True,ten_identified_players,https://www.vlr.gg/622058/sleepers-vs-shopify-rebellion-black-challengers-2026-north-america-ace-stage-1-ubsf
622058,254004,2783,10,True,ten_identified_players,https://www.vlr.gg/622058/sleepers-vs-shopify-rebellion-black-challengers-2026-north-america-ace-stage-1-ubsf
622057,254000,2783,10,True,ten_identified_players,https://www.vlr.gg/622057/sad-esports-vs-qor-challengers-2026-north-america-ace-stage-1-ubsf
622057,254001,2783,10,True,ten_identified_players,https://www.vlr.gg/622057/sad-esports-vs-qor-challengers-2026-north-america-ace-stage-1-ubsf
622064,254023,2783,10,True,ten_identified_players,https://www.vlr.gg/622064/sad-esports-vs-nrg-academy-challengers-2026-north-america-ace-stage-1-lr2
622064,254024,2783,10,True,ten_identified_players,https://www.vlr.gg/622064/sad-esports-vs-nrg-academy-challengers-2026-north-america-ace-stage-1-lr2
622063,254020,2783,10,True,ten_identified_players,https://www.vlr.gg/622063/sleepers-vs-m80-challengers-2026-north-america-ace-stage-1-lr2
622063,254021,2783,10,True,ten_identified_players,https://www.vlr.gg/622063/sleepers-vs-m80-challengers-2026-north-america-ace-stage-1-lr2
622065,254026,2783,10,True,ten_identified_players,https://www.vlr.gg/622065/sleepers-vs-sad-esports-challengers-2026-north-america-ace-stage-1-lr3
622065,254027,2783,10,True,ten_identified_players,https://www.vlr.gg/622065/sleepers-vs-sad-esports-challengers-2026-north-america-ace-stage-1-lr3
622059,254006,2783,10,True,ten_identified_players,https://www.vlr.gg/622059/qor-vs-shopify-rebellion-black-challengers-2026-north-america-ace-stage-1-ubf
622059,254007,2783,10,True,ten_identified_players,https://www.vlr.gg/622059/qor-vs-shopify-rebellion-black-challengers-2026-north-america-ace-stage-1-ubf
622066,254029,2783,10,True,ten_identified_players,https://www.vlr.gg/622066/qor-vs-sad-esports-challengers-2026-north-america-ace-stage-1-lbf
622066,254030,2783,10,True,ten_identified_players,https://www.vlr.gg/622066/qor-vs-sad-esports-challengers-2026-north-america-ace-stage-1-lbf
622066,254031,2783,10,True,ten_identified_players,https://www.vlr.gg/622066/qor-vs-sad-esports-challengers-2026-north-america-ace-stage-1-lbf
622066,254032,2783,10,True,ten_identified_players,https://www.vlr.gg/622066/qor-vs-sad-esports-challengers-2026-north-america-ace-stage-1-lbf
622066,254033,2783,10,True,ten_identified_players,https://www.vlr.gg/622066/qor-vs-sad-esports-challengers-2026-north-america-ace-stage-1-lbf
622060,254009,2783,10,True,ten_identified_players,https://www.vlr.gg/622060/shopify-rebellion-black-vs-qor-challengers-2026-north-america-ace-stage-1-gf
622060,254010,2783,10,True,ten_identified_players,https://www.vlr.gg/622060/shopify-rebellion-black-vs-qor-challengers-2026-north-america-ace-stage-1-gf
622060,254011,2783,10,True,ten_identified_players,https://www.vlr.gg/622060/shopify-rebellion-black-vs-qor-challengers-2026-north-america-ace-stage-1-gf
625788,254143,2760,10,True,ten_identified_players,https://www.vlr.gg/625788/gentle-mates-vs-edward-gaming-valorant-masters-santiago-2026-r1
625788,254144,2760,10,True,ten_identified_players,https://www.vlr.gg/625788/gentle-mates-vs-edward-gaming-valorant-masters-santiago-2026-r1
625791,254152,2760,10,True,ten_identified_players,https://www.vlr.gg/625791/xi-lai-gaming-vs-nrg-valorant-masters-santiago-2026-r1
625791,254153,2760,10,True,ten_identified_players,https://www.vlr.gg/625791/xi-lai-gaming-vs-nrg-valorant-masters-santiago-2026-r1
625790,254149,2760,10,True,ten_identified_players,https://www.vlr.gg/625790/g2-esports-vs-paper-rex-valorant-masters-santiago-2026-r1
625790,254150,2760,10,True,ten_identified_players,https://www.vlr.gg/625790/g2-esports-vs-paper-rex-valorant-masters-santiago-2026-r1
625789,254146,2760,10,True,ten_identified_players,https://www.vlr.gg/625789/t1-vs-team-liquid-valorant-masters-santiago-2026-r1
625789,254147,2760,10,True,ten_identified_players,https://www.vlr.gg/625789/t1-vs-team-liquid-valorant-masters-santiago-2026-r1
626529,254342,2760,10,True,ten_identified_players,https://www.vlr.gg/626529/paper-rex-vs-nrg-valorant-masters-santiago-2026-r2-1-0
626529,254343,2760,10,True,ten_identified_players,https://www.vlr.gg/626529/paper-rex-vs-nrg-valorant-masters-santiago-2026-r2-1-0
626529,254344,2760,10,True,ten_identified_players,https://www.vlr.gg/626529/paper-rex-vs-nrg-valorant-masters-santiago-2026-r2-1-0
626530,254345,2760,10,True,ten_identified_players,https://www.vlr.gg/626530/gentle-mates-vs-team-liquid-valorant-masters-santiago-2026-r2-1-0
626530,254346,2760,10,True,ten_identified_players,https://www.vlr.gg/626530/gentle-mates-vs-team-liquid-valorant-masters-santiago-2026-r2-1-0
626532,254348,2760,10,True,ten_identified_players,https://www.vlr.gg/626532/edward-gaming-vs-t1-valorant-masters-santiago-2026-r2-0-1
626532,254349,2760,10,True,ten_identified_players,https://www.vlr.gg/626532/edward-gaming-vs-t1-valorant-masters-santiago-2026-r2-0-1
626533,254351,2760,10,True,ten_identified_players,https://www.vlr.gg/626533/xi-lai-gaming-vs-g2-esports-valorant-masters-santiago-2026-r2-0-1
626533,254352,2760,10,True,ten_identified_players,https://www.vlr.gg/626533/xi-lai-gaming-vs-g2-esports-valorant-masters-santiago-2026-r2-0-1
626535,254357,2760,10,True,ten_identified_players,https://www.vlr.gg/626535/nrg-vs-team-liquid-valorant-masters-santiago-2026-r3
626535,254358,2760,10,True,ten_identified_players,https://www.vlr.gg/626535/nrg-vs-team-liquid-valorant-masters-santiago-2026-r3
626534,254354,2760,10,True,ten_identified_players,https://www.vlr.gg/626534/g2-esports-vs-t1-valorant-masters-santiago-2026-r3
626534,254355,2760,10,True,ten_identified_players,https://www.vlr.gg/626534/g2-esports-vs-t1-valorant-masters-santiago-2026-r3
626539,254366,2760,10,True,ten_identified_players,https://www.vlr.gg/626539/furia-vs-paper-rex-valorant-masters-santiago-2026-ubqf
626539,254367,2760,10,True,ten_identified_players,https://www.vlr.gg/626539/furia-vs-paper-rex-valorant-masters-santiago-2026-ubqf
626539,254368,2760,10,True,ten_identified_players,https://www.vlr.gg/626539/furia-vs-paper-rex-valorant-masters-santiago-2026-ubqf
626537,254360,2760,10,True,ten_identified_players,https://www.vlr.gg/626537/nongshim-redforce-vs-gentle-mates-valorant-masters-santiago-2026-ubqf
626537,254361,2760,10,True,ten_identified_players,https://www.vlr.gg/626537/nongshim-redforce-vs-gentle-mates-valorant-masters-santiago-2026-ubqf
626540,254369,2760,10,True,ten_identified_players,https://www.vlr.gg/626540/bbl-esports-vs-nrg-valorant-masters-santiago-2026-ubqf
626540,254370,2760,10,True,ten_identified_players,https://www.vlr.gg/626540/bbl-esports-vs-nrg-valorant-masters-santiago-2026-ubqf
626540,254371,2760,10,True,ten_identified_players,https://www.vlr.gg/626540/bbl-esports-vs-nrg-valorant-masters-santiago-2026-ubqf
626538,254363,2760,10,True,ten_identified_players,https://www.vlr.gg/626538/all-gamers-vs-g2-esports-valorant-masters-santiago-2026-ubqf
626538,254364,2760,10,True,ten_identified_players,https://www.vlr.gg/626538/all-gamers-vs-g2-esports-valorant-masters-santiago-2026-ubqf
626546,254389,2760,10,True,ten_identified_players,https://www.vlr.gg/626546/furia-vs-bbl-esports-valorant-masters-santiago-2026-lr1
626546,254390,2760,10,True,ten_identified_players,https://www.vlr.gg/626546/furia-vs-bbl-esports-valorant-masters-santiago-2026-lr1
626546,254391,2760,10,True,ten_identified_players,https://www.vlr.gg/626546/furia-vs-bbl-esports-valorant-masters-santiago-2026-lr1
626545,254386,2760,10,True,ten_identified_players,https://www.vlr.gg/626545/gentle-mates-vs-all-gamers-valorant-masters-santiago-2026-lr1
626545,254387,2760,10,True,ten_identified_players,https://www.vlr.gg/626545/gentle-mates-vs-all-gamers-valorant-masters-santiago-2026-lr1
626545,254388,2760,10,True,ten_identified_players,https://www.vlr.gg/626545/gentle-mates-vs-all-gamers-valorant-masters-santiago-2026-lr1
626541,254373,2760,10,True,ten_identified_players,https://www.vlr.gg/626541/nongshim-redforce-vs-g2-esports-valorant-masters-santiago-2026-ubsf
626541,254374,2760,10,True,ten_identified_players,https://www.vlr.gg/626541/nongshim-redforce-vs-g2-esports-valorant-masters-santiago-2026-ubsf
626541,256753,2760,10,True,ten_identified_players,https://www.vlr.gg/626541/nongshim-redforce-vs-g2-esports-valorant-masters-santiago-2026-ubsf
638459,256782,2783,10,True,ten_identified_players,https://www.vlr.gg/638459/rose-vs-winthrop-university-challengers-2026-north-america-ace-stage-1-gs
638459,256783,2783,10,True,ten_identified_players,https://www.vlr.gg/638459/rose-vs-winthrop-university-challengers-2026-north-america-ace-stage-1-gs
626542,254375,2760,10,True,ten_identified_players,https://www.vlr.gg/626542/paper-rex-vs-nrg-valorant-masters-santiago-2026-ubsf
626542,254376,2760,10,True,ten_identified_players,https://www.vlr.gg/626542/paper-rex-vs-nrg-valorant-masters-santiago-2026-ubsf
626548,254395,2760,10,True,ten_identified_players,https://www.vlr.gg/626548/g2-esports-vs-bbl-esports-valorant-masters-santiago-2026-lr2
626548,256892,2760,10,True,ten_identified_players,https://www.vlr.gg/626548/g2-esports-vs-bbl-esports-valorant-masters-santiago-2026-lr2
638460,256785,2783,10,True,ten_identified_players,https://www.vlr.gg/638460/blue-otter-vs-rose-challengers-2026-north-america-ace-stage-1-gs
638460,256786,2783,10,True,ten_identified_players,https://www.vlr.gg/638460/blue-otter-vs-rose-challengers-2026-north-america-ace-stage-1-gs
626547,254392,2760,10,True,ten_identified_players,https://www.vlr.gg/626547/paper-rex-vs-all-gamers-valorant-masters-santiago-2026-lr2
626547,254393,2760,10,True,ten_identified_players,https://www.vlr.gg/626547/paper-rex-vs-all-gamers-valorant-masters-santiago-2026-lr2
626547,254394,2760,10,True,ten_identified_players,https://www.vlr.gg/626547/paper-rex-vs-all-gamers-valorant-masters-santiago-2026-lr2
638439,256760,2783,10,True,ten_identified_players,https://www.vlr.gg/638439/winthrop-university-vs-blue-otter-challengers-2026-north-america-ace-stage-1-gs
638439,256761,2783,10,True,ten_identified_players,https://www.vlr.gg/638439/winthrop-university-vs-blue-otter-challengers-2026-north-america-ace-stage-1-gs
638452,256766,2783,10,True,ten_identified_players,https://www.vlr.gg/638452/team-pulsar-vs-rose-challengers-2026-north-america-ace-stage-1-pm
638452,256767,2783,10,True,ten_identified_players,https://www.vlr.gg/638452/team-pulsar-vs-rose-challengers-2026-north-america-ace-stage-1-pm
638452,256768,2783,10,True,ten_identified_players,https://www.vlr.gg/638452/team-pulsar-vs-rose-challengers-2026-north-america-ace-stage-1-pm
638452,256769,2783,10,True,ten_identified_players,https://www.vlr.gg/638452/team-pulsar-vs-rose-challengers-2026-north-america-ace-stage-1-pm
638452,256770,2783,10,True,ten_identified_players,https://www.vlr.gg/638452/team-pulsar-vs-rose-challengers-2026-north-america-ace-stage-1-pm
638453,256771,2783,10,True,ten_identified_players,https://www.vlr.gg/638453/shopify-rebellion-gold-vs-winthrop-university-challengers-2026-north-america-ace-stage-1-pm
638453,256772,2783,10,True,ten_identified_players,https://www.vlr.gg/638453/shopify-rebellion-gold-vs-winthrop-university-challengers-2026-north-america-ace-stage-1-pm
638453,256773,2783,10,True,ten_identified_players,https://www.vlr.gg/638453/shopify-rebellion-gold-vs-winthrop-university-challengers-2026-north-america-ace-stage-1-pm
638453,256774,2783,10,True,ten_identified_players,https://www.vlr.gg/638453/shopify-rebellion-gold-vs-winthrop-university-challengers-2026-north-america-ace-stage-1-pm
638453,256775,2783,10,True,ten_identified_players,https://www.vlr.gg/638453/shopify-rebellion-gold-vs-winthrop-university-challengers-2026-north-america-ace-stage-1-pm
626543,254378,2760,10,True,ten_identified_players,https://www.vlr.gg/626543/nongshim-redforce-vs-nrg-valorant-masters-santiago-2026-ubf
626543,254379,2760,10,True,ten_identified_players,https://www.vlr.gg/626543/nongshim-redforce-vs-nrg-valorant-masters-santiago-2026-ubf
626549,254398,2760,10,True,ten_identified_players,https://www.vlr.gg/626549/paper-rex-vs-g2-esports-valorant-masters-santiago-2026-lr3
626549,254399,2760,10,True,ten_identified_players,https://www.vlr.gg/626549/paper-rex-vs-g2-esports-valorant-masters-santiago-2026-lr3
626549,254400,2760,10,True,ten_identified_players,https://www.vlr.gg/626549/paper-rex-vs-g2-esports-valorant-masters-santiago-2026-lr3
626550,254401,2760,10,True,ten_identified_players,https://www.vlr.gg/626550/nrg-vs-paper-rex-valorant-masters-santiago-2026-lbf
626550,254402,2760,10,True,ten_identified_players,https://www.vlr.gg/626550/nrg-vs-paper-rex-valorant-masters-santiago-2026-lbf
626550,254403,2760,10,True,ten_identified_players,https://www.vlr.gg/626550/nrg-vs-paper-rex-valorant-masters-santiago-2026-lbf
626550,254404,2760,10,True,ten_identified_players,https://www.vlr.gg/626550/nrg-vs-paper-rex-valorant-masters-santiago-2026-lbf
626544,254381,2760,10,True,ten_identified_players,https://www.vlr.gg/626544/nongshim-redforce-vs-paper-rex-valorant-masters-santiago-2026-gf
626544,254382,2760,10,True,ten_identified_players,https://www.vlr.gg/626544/nongshim-redforce-vs-paper-rex-valorant-masters-santiago-2026-gf
626544,254383,2760,10,True,ten_identified_players,https://www.vlr.gg/626544/nongshim-redforce-vs-paper-rex-valorant-masters-santiago-2026-gf
642128,257665,2782,10,True,ten_identified_players,https://www.vlr.gg/642128/enterprise-esports-vs-bar-a-esports-challengers-2026-emea-stage-1-b
642128,257666,2782,10,True,ten_identified_players,https://www.vlr.gg/642128/enterprise-esports-vs-bar-a-esports-challengers-2026-emea-stage-1-b
642140,257692,2782,10,True,ten_identified_players,https://www.vlr.gg/642140/mandatory-vs-mir-challengers-2026-emea-stage-1-d
642140,257693,2782,10,True,ten_identified_players,https://www.vlr.gg/642140/mandatory-vs-mir-challengers-2026-emea-stage-1-d
642123,257656,2782,10,True,ten_identified_players,https://www.vlr.gg/642123/misa-esports-vs-eintracht-frankfurt-challengers-2026-emea-stage-1-a
642123,257657,2782,10,True,ten_identified_players,https://www.vlr.gg/642123/misa-esports-vs-eintracht-frankfurt-challengers-2026-emea-stage-1-a
642132,257674,2782,10,True,ten_identified_players,https://www.vlr.gg/642132/ucam-esports-club-vs-pixel-lumina-challengers-2026-emea-stage-1-c
642132,257675,2782,10,True,ten_identified_players,https://www.vlr.gg/642132/ucam-esports-club-vs-pixel-lumina-challengers-2026-emea-stage-1-c
642124,257659,2782,10,True,ten_identified_players,https://www.vlr.gg/642124/misa-esports-vs-team-liquid-academy-challengers-2026-emea-stage-1-a
642124,257660,2782,10,True,ten_identified_players,https://www.vlr.gg/642124/misa-esports-vs-team-liquid-academy-challengers-2026-emea-stage-1-a
642129,257668,2782,10,True,ten_identified_players,https://www.vlr.gg/642129/enterprise-esports-vs-fokus-challengers-2026-emea-stage-1-b
642129,257669,2782,10,True,ten_identified_players,https://www.vlr.gg/642129/enterprise-esports-vs-fokus-challengers-2026-emea-stage-1-b
642129,257670,2782,10,True,ten_identified_players,https://www.vlr.gg/642129/enterprise-esports-vs-fokus-challengers-2026-emea-stage-1-b
642141,257695,2782,10,True,ten_identified_players,https://www.vlr.gg/642141/s2g-esports-vs-mir-challengers-2026-emea-stage-1-d
642141,257696,2782,10,True,ten_identified_players,https://www.vlr.gg/642141/s2g-esports-vs-mir-challengers-2026-emea-stage-1-d
642125,257662,2782,10,True,ten_identified_players,https://www.vlr.gg/642125/eintracht-frankfurt-vs-team-liquid-academy-challengers-2026-emea-stage-1-a
642125,257663,2782,10,True,ten_identified_players,https://www.vlr.gg/642125/eintracht-frankfurt-vs-team-liquid-academy-challengers-2026-emea-stage-1-a
642125,257664,2782,10,True,ten_identified_players,https://www.vlr.gg/642125/eintracht-frankfurt-vs-team-liquid-academy-challengers-2026-emea-stage-1-a
642134,257680,2782,10,True,ten_identified_players,https://www.vlr.gg/642134/joblife-vs-pixel-lumina-challengers-2026-emea-stage-1-c
642134,257681,2782,10,True,ten_identified_players,https://www.vlr.gg/642134/joblife-vs-pixel-lumina-challengers-2026-emea-stage-1-c
642134,257682,2782,10,True,ten_identified_players,https://www.vlr.gg/642134/joblife-vs-pixel-lumina-challengers-2026-emea-stage-1-c
642130,257671,2782,10,True,ten_identified_players,https://www.vlr.gg/642130/bar-a-esports-vs-fokus-challengers-2026-emea-stage-1-b
642130,257672,2782,10,True,ten_identified_players,https://www.vlr.gg/642130/bar-a-esports-vs-fokus-challengers-2026-emea-stage-1-b
642130,257673,2782,10,True,ten_identified_players,https://www.vlr.gg/642130/bar-a-esports-vs-fokus-challengers-2026-emea-stage-1-b
642142,257698,2782,10,True,ten_identified_players,https://www.vlr.gg/642142/mandatory-vs-gng-esports-challengers-2026-emea-stage-1-d
642142,257699,2782,10,True,ten_identified_players,https://www.vlr.gg/642142/mandatory-vs-gng-esports-challengers-2026-emea-stage-1-d
642143,257701,2782,10,True,ten_identified_players,https://www.vlr.gg/642143/s2g-esports-vs-mandatory-challengers-2026-emea-stage-1-d
642143,257702,2782,10,True,ten_identified_players,https://www.vlr.gg/642143/s2g-esports-vs-mandatory-challengers-2026-emea-stage-1-d
642136,257686,2782,10,True,ten_identified_players,https://www.vlr.gg/642136/ucam-esports-club-vs-joblife-challengers-2026-emea-stage-1-c
642136,257687,2782,10,True,ten_identified_players,https://www.vlr.gg/642136/ucam-esports-club-vs-joblife-challengers-2026-emea-stage-1-c
642144,257704,2782,10,True,ten_identified_players,https://www.vlr.gg/642144/gng-esports-vs-mir-challengers-2026-emea-stage-1-d
642144,257705,2782,10,True,ten_identified_players,https://www.vlr.gg/642144/gng-esports-vs-mir-challengers-2026-emea-stage-1-d
642144,257706,2782,10,True,ten_identified_players,https://www.vlr.gg/642144/gng-esports-vs-mir-challengers-2026-emea-stage-1-d
642145,257707,2782,10,True,ten_identified_players,https://www.vlr.gg/642145/s2g-esports-vs-gng-esports-challengers-2026-emea-stage-1-d
642145,257708,2782,10,True,ten_identified_players,https://www.vlr.gg/642145/s2g-esports-vs-gng-esports-challengers-2026-emea-stage-1-d
645242,258547,2857,10,True,ten_identified_players,https://www.vlr.gg/645242/shopify-rebellion-black-vs-rose-challengers-2026-north-america-ace-stage-2-r1
645242,258548,2857,10,True,ten_identified_players,https://www.vlr.gg/645242/shopify-rebellion-black-vs-rose-challengers-2026-north-america-ace-stage-2-r1
645243,258550,2857,10,True,ten_identified_players,https://www.vlr.gg/645243/m80-vs-pigeons-challengers-2026-north-america-ace-stage-2-r1
645243,258551,2857,10,True,ten_identified_players,https://www.vlr.gg/645243/m80-vs-pigeons-challengers-2026-north-america-ace-stage-2-r1
645243,258552,2857,10,True,ten_identified_players,https://www.vlr.gg/645243/m80-vs-pigeons-challengers-2026-north-america-ace-stage-2-r1
645244,258553,2857,10,True,ten_identified_players,https://www.vlr.gg/645244/sad-esports-vs-division-one-challengers-2026-north-america-ace-stage-2-r1
645244,258554,2857,10,True,ten_identified_players,https://www.vlr.gg/645244/sad-esports-vs-division-one-challengers-2026-north-america-ace-stage-2-r1
645244,258555,2857,10,True,ten_identified_players,https://www.vlr.gg/645244/sad-esports-vs-division-one-challengers-2026-north-america-ace-stage-2-r1
645245,258556,2857,10,True,ten_identified_players,https://www.vlr.gg/645245/sleepers-vs-nightblood-gaming-challengers-2026-north-america-ace-stage-2-r1
645245,258557,2857,10,True,ten_identified_players,https://www.vlr.gg/645245/sleepers-vs-nightblood-gaming-challengers-2026-north-america-ace-stage-2-r1
645246,258559,2857,10,True,ten_identified_players,https://www.vlr.gg/645246/nrg-academy-vs-alliance-guardians-challengers-2026-north-america-ace-stage-2-r1
645246,258560,2857,10,True,ten_identified_players,https://www.vlr.gg/645246/nrg-academy-vs-alliance-guardians-challengers-2026-north-america-ace-stage-2-r1
645246,258561,2857,10,True,ten_identified_players,https://www.vlr.gg/645246/nrg-academy-vs-alliance-guardians-challengers-2026-north-america-ace-stage-2-r1
645247,258562,2857,10,True,ten_identified_players,https://www.vlr.gg/645247/evil-geniuses-academy-vs-azure-dragon-gaming-challengers-2026-north-america-ace-stage-2-r1
645247,258563,2857,10,True,ten_identified_players,https://www.vlr.gg/645247/evil-geniuses-academy-vs-azure-dragon-gaming-challengers-2026-north-america-ace-stage-2-r1
645249,258568,2857,10,True,ten_identified_players,https://www.vlr.gg/645249/evictix-vs-yfp-challengers-2026-north-america-ace-stage-2-r1
645249,258569,2857,10,True,ten_identified_players,https://www.vlr.gg/645249/evictix-vs-yfp-challengers-2026-north-america-ace-stage-2-r1
645249,258570,2857,10,True,ten_identified_players,https://www.vlr.gg/645249/evictix-vs-yfp-challengers-2026-north-america-ace-stage-2-r1
645248,258565,2857,10,True,ten_identified_players,https://www.vlr.gg/645248/qor-vs-shopify-rebellion-gold-challengers-2026-north-america-ace-stage-2-r1
645248,258566,2857,10,True,ten_identified_players,https://www.vlr.gg/645248/qor-vs-shopify-rebellion-gold-challengers-2026-north-america-ace-stage-2-r1
646734,259538,2857,10,True,ten_identified_players,https://www.vlr.gg/646734/sad-esports-vs-sleepers-challengers-2026-north-america-ace-stage-2-r2-0-1
646734,259539,2857,10,True,ten_identified_players,https://www.vlr.gg/646734/sad-esports-vs-sleepers-challengers-2026-north-america-ace-stage-2-r2-0-1
646735,259541,2857,10,True,ten_identified_players,https://www.vlr.gg/646735/yfp-vs-division-one-challengers-2026-north-america-ace-stage-2-r2-1-0
646735,259542,2857,10,True,ten_identified_players,https://www.vlr.gg/646735/yfp-vs-division-one-challengers-2026-north-america-ace-stage-2-r2-1-0
646737,259547,2857,10,True,ten_identified_players,https://www.vlr.gg/646737/rose-vs-alliance-guardians-challengers-2026-north-america-ace-stage-2-r2-0-1
646737,259548,2857,10,True,ten_identified_players,https://www.vlr.gg/646737/rose-vs-alliance-guardians-challengers-2026-north-america-ace-stage-2-r2-0-1
646736,259544,2857,10,True,ten_identified_players,https://www.vlr.gg/646736/evictix-vs-evil-geniuses-academy-challengers-2026-north-america-ace-stage-2-r2-0-1
646736,259545,2857,10,True,ten_identified_players,https://www.vlr.gg/646736/evictix-vs-evil-geniuses-academy-challengers-2026-north-america-ace-stage-2-r2-0-1
646736,259546,2857,10,True,ten_identified_players,https://www.vlr.gg/646736/evictix-vs-evil-geniuses-academy-challengers-2026-north-america-ace-stage-2-r2-0-1
642147,257710,2782,10,True,ten_identified_players,https://www.vlr.gg/642147/ucam-esports-club-vs-mandatory-challengers-2026-emea-stage-1-ubsf
642147,257711,2782,10,True,ten_identified_players,https://www.vlr.gg/642147/ucam-esports-club-vs-mandatory-challengers-2026-emea-stage-1-ubsf
642147,257712,2782,10,True,ten_identified_players,https://www.vlr.gg/642147/ucam-esports-club-vs-mandatory-challengers-2026-emea-stage-1-ubsf
642148,257713,2782,10,True,ten_identified_players,https://www.vlr.gg/642148/enterprise-esports-vs-misa-esports-challengers-2026-emea-stage-1-ubsf
642148,257714,2782,10,True,ten_identified_players,https://www.vlr.gg/642148/enterprise-esports-vs-misa-esports-challengers-2026-emea-stage-1-ubsf
642148,257715,2782,10,True,ten_identified_players,https://www.vlr.gg/642148/enterprise-esports-vs-misa-esports-challengers-2026-emea-stage-1-ubsf
646738,259550,2857,10,True,ten_identified_players,https://www.vlr.gg/646738/m80-vs-shopify-rebellion-black-challengers-2026-north-america-ace-stage-2-r2-1-0
646738,259551,2857,10,True,ten_identified_players,https://www.vlr.gg/646738/m80-vs-shopify-rebellion-black-challengers-2026-north-america-ace-stage-2-r2-1-0
646739,259553,2857,10,True,ten_identified_players,https://www.vlr.gg/646739/pigeons-vs-shopify-rebellion-gold-challengers-2026-north-america-ace-stage-2-r2-0-1
646739,259554,2857,10,True,ten_identified_players,https://www.vlr.gg/646739/pigeons-vs-shopify-rebellion-gold-challengers-2026-north-america-ace-stage-2-r2-0-1
646741,259559,2857,10,True,ten_identified_players,https://www.vlr.gg/646741/qor-vs-nrg-academy-challengers-2026-north-america-ace-stage-2-r2-1-0
646741,259560,2857,10,True,ten_identified_players,https://www.vlr.gg/646741/qor-vs-nrg-academy-challengers-2026-north-america-ace-stage-2-r2-1-0
646741,259561,2857,10,True,ten_identified_players,https://www.vlr.gg/646741/qor-vs-nrg-academy-challengers-2026-north-america-ace-stage-2-r2-1-0
646740,259556,2857,10,True,ten_identified_players,https://www.vlr.gg/646740/nightblood-gaming-vs-azure-dragon-gaming-challengers-2026-north-america-ace-stage-2-r2-1-0
646740,259558,2857,10,True,ten_identified_players,https://www.vlr.gg/646740/nightblood-gaming-vs-azure-dragon-gaming-challengers-2026-north-america-ace-stage-2-r2-1-0
646740,259843,2857,10,True,ten_identified_players,https://www.vlr.gg/646740/nightblood-gaming-vs-azure-dragon-gaming-challengers-2026-north-america-ace-stage-2-r2-1-0
642151,257724,2782,10,True,ten_identified_players,https://www.vlr.gg/642151/mandatory-vs-misa-esports-challengers-2026-emea-stage-1-lr1
642151,257725,2782,10,True,ten_identified_players,https://www.vlr.gg/642151/mandatory-vs-misa-esports-challengers-2026-emea-stage-1-lr1
642151,257726,2782,10,True,ten_identified_players,https://www.vlr.gg/642151/mandatory-vs-misa-esports-challengers-2026-emea-stage-1-lr1
642149,257716,2782,10,True,ten_identified_players,https://www.vlr.gg/642149/ucam-esports-club-vs-enterprise-esports-challengers-2026-emea-stage-1-ubf
642149,257717,2782,10,True,ten_identified_players,https://www.vlr.gg/642149/ucam-esports-club-vs-enterprise-esports-challengers-2026-emea-stage-1-ubf
642152,257727,2782,10,True,ten_identified_players,https://www.vlr.gg/642152/ucam-esports-club-vs-mandatory-challengers-2026-emea-stage-1-lbf
642152,257728,2782,10,True,ten_identified_players,https://www.vlr.gg/642152/ucam-esports-club-vs-mandatory-challengers-2026-emea-stage-1-lbf
642152,257729,2782,10,True,ten_identified_players,https://www.vlr.gg/642152/ucam-esports-club-vs-mandatory-challengers-2026-emea-stage-1-lbf
642152,257730,2782,10,True,ten_identified_players,https://www.vlr.gg/642152/ucam-esports-club-vs-mandatory-challengers-2026-emea-stage-1-lbf
642152,257731,2782,10,True,ten_identified_players,https://www.vlr.gg/642152/ucam-esports-club-vs-mandatory-challengers-2026-emea-stage-1-lbf
642150,257719,2782,10,True,ten_identified_players,https://www.vlr.gg/642150/enterprise-esports-vs-mandatory-challengers-2026-emea-stage-1-gf
642150,257720,2782,10,True,ten_identified_players,https://www.vlr.gg/642150/enterprise-esports-vs-mandatory-challengers-2026-emea-stage-1-gf
642150,257721,2782,10,True,ten_identified_players,https://www.vlr.gg/642150/enterprise-esports-vs-mandatory-challengers-2026-emea-stage-1-gf
647255,259819,2857,10,True,ten_identified_players,https://www.vlr.gg/647255/shopify-rebellion-gold-vs-sad-esports-challengers-2026-north-america-ace-stage-2-r3-0-2
647255,259820,2857,10,True,ten_identified_players,https://www.vlr.gg/647255/shopify-rebellion-gold-vs-sad-esports-challengers-2026-north-america-ace-stage-2-r3-0-2
647256,259822,2857,10,True,ten_identified_players,https://www.vlr.gg/647256/rose-vs-evictix-challengers-2026-north-america-ace-stage-2-r3-0-2
647256,259823,2857,10,True,ten_identified_players,https://www.vlr.gg/647256/rose-vs-evictix-challengers-2026-north-america-ace-stage-2-r3-0-2
647258,259828,2857,10,True,ten_identified_players,https://www.vlr.gg/647258/flyquest-vs-division-one-challengers-2026-north-america-ace-stage-2-r3-1-1
647258,259829,2857,10,True,ten_identified_players,https://www.vlr.gg/647258/flyquest-vs-division-one-challengers-2026-north-america-ace-stage-2-r3-1-1
647257,259825,2857,10,True,ten_identified_players,https://www.vlr.gg/647257/qor-vs-pigeons-challengers-2026-north-america-ace-stage-2-r3-1-1
647257,259826,2857,10,True,ten_identified_players,https://www.vlr.gg/647257/qor-vs-pigeons-challengers-2026-north-america-ace-stage-2-r3-1-1
647257,259827,2857,10,True,ten_identified_players,https://www.vlr.gg/647257/qor-vs-pigeons-challengers-2026-north-america-ace-stage-2-r3-1-1
642914,257925,2864,10,True,ten_identified_players,https://www.vlr.gg/642914/titan-esports-club-vs-all-gamers-vct-2026-china-stage-1-w1
642914,257926,2864,10,True,ten_identified_players,https://www.vlr.gg/642914/titan-esports-club-vs-all-gamers-vct-2026-china-stage-1-w1
642914,257927,2864,10,True,ten_identified_players,https://www.vlr.gg/642914/titan-esports-club-vs-all-gamers-vct-2026-china-stage-1-w1
642915,257928,2864,10,True,ten_identified_players,https://www.vlr.gg/642915/nova-esports-vs-edward-gaming-vct-2026-china-stage-1-w1
642915,257929,2864,10,True,ten_identified_players,https://www.vlr.gg/642915/nova-esports-vs-edward-gaming-vct-2026-china-stage-1-w1
647259,259831,2857,10,True,ten_identified_players,https://www.vlr.gg/647259/evil-geniuses-academy-vs-m80-challengers-2026-north-america-ace-stage-2-r3-1-1
647259,259832,2857,10,True,ten_identified_players,https://www.vlr.gg/647259/evil-geniuses-academy-vs-m80-challengers-2026-north-america-ace-stage-2-r3-1-1
647259,259833,2857,10,True,ten_identified_players,https://www.vlr.gg/647259/evil-geniuses-academy-vs-m80-challengers-2026-north-america-ace-stage-2-r3-1-1
647260,259834,2857,10,True,ten_identified_players,https://www.vlr.gg/647260/azure-dragon-gaming-vs-shopify-rebellion-black-challengers-2026-north-america-ace-stage-2-r3-2
647260,259835,2857,10,True,ten_identified_players,https://www.vlr.gg/647260/azure-dragon-gaming-vs-shopify-rebellion-black-challengers-2026-north-america-ace-stage-2-r3-2
647262,259840,2857,10,True,ten_identified_players,https://www.vlr.gg/647262/nightblood-gaming-vs-alliance-guardians-challengers-2026-north-america-ace-stage-2-r3-1-1
647262,259841,2857,10,True,ten_identified_players,https://www.vlr.gg/647262/nightblood-gaming-vs-alliance-guardians-challengers-2026-north-america-ace-stage-2-r3-1-1
647262,259842,2857,10,True,ten_identified_players,https://www.vlr.gg/647262/nightblood-gaming-vs-alliance-guardians-challengers-2026-north-america-ace-stage-2-r3-1-1
647261,259837,2857,10,True,ten_identified_players,https://www.vlr.gg/647261/yfp-vs-nrg-academy-challengers-2026-north-america-ace-stage-2-r3-2-0
647261,259838,2857,10,True,ten_identified_players,https://www.vlr.gg/647261/yfp-vs-nrg-academy-challengers-2026-north-america-ace-stage-2-r3-2-0
647261,259839,2857,10,True,ten_identified_players,https://www.vlr.gg/647261/yfp-vs-nrg-academy-challengers-2026-north-america-ace-stage-2-r3-2-0
653018,262427,2934,5,False,incomplete_source_lineup,https://www.vlr.gg/653018/ace-vs-octagonal-disposition-gaming-china-national-tournament-2026-split-alpha-pro-division-w1
653018,262428,2934,5,False,incomplete_source_lineup,https://www.vlr.gg/653018/ace-vs-octagonal-disposition-gaming-china-national-tournament-2026-split-alpha-pro-division-w1
653018,262429,2934,5,False,incomplete_source_lineup,https://www.vlr.gg/653018/ace-vs-octagonal-disposition-gaming-china-national-tournament-2026-split-alpha-pro-division-w1
653019,262430,2934,4,False,incomplete_source_lineup,https://www.vlr.gg/653019/ever-growing-gaming-vs-keepbest-gaming-china-national-tournament-2026-split-alpha-pro-division-w
653019,262431,2934,4,False,incomplete_source_lineup,https://www.vlr.gg/653019/ever-growing-gaming-vs-keepbest-gaming-china-national-tournament-2026-split-alpha-pro-division-w
653019,262432,2934,4,False,incomplete_source_lineup,https://www.vlr.gg/653019/ever-growing-gaming-vs-keepbest-gaming-china-national-tournament-2026-split-alpha-pro-division-w
642916,257931,2864,10,True,ten_identified_players,https://www.vlr.gg/642916/jdg-esports-vs-funplus-phoenix-vct-2026-china-stage-1-w1
642916,257933,2864,10,True,ten_identified_players,https://www.vlr.gg/642916/jdg-esports-vs-funplus-phoenix-vct-2026-china-stage-1-w1
642916,260852,2864,10,True,ten_identified_players,https://www.vlr.gg/642916/jdg-esports-vs-funplus-phoenix-vct-2026-china-stage-1-w1
653020,262433,2934,5,False,incomplete_source_lineup,https://www.vlr.gg/653020/ambitious-legend-gaming-vs-havoc-yonder-china-national-tournament-2026-split-alpha-pro-divisio
653020,262434,2934,5,False,incomplete_source_lineup,https://www.vlr.gg/653020/ambitious-legend-gaming-vs-havoc-yonder-china-national-tournament-2026-split-alpha-pro-divisio
653020,262435,2934,5,False,incomplete_source_lineup,https://www.vlr.gg/653020/ambitious-legend-gaming-vs-havoc-yonder-china-national-tournament-2026-split-alpha-pro-divisio
642917,257934,2864,10,True,ten_identified_players,https://www.vlr.gg/642917/dragon-ranger-gaming-vs-xi-lai-gaming-vct-2026-china-stage-1-w1
642917,257935,2864,10,True,ten_identified_players,https://www.vlr.gg/642917/dragon-ranger-gaming-vs-xi-lai-gaming-vct-2026-china-stage-1-w1
644709,258339,2863,10,True,ten_identified_players,https://www.vlr.gg/644709/fnatic-vs-eternal-fire-vct-2026-emea-stage-1-w1
644709,258340,2863,10,True,ten_identified_players,https://www.vlr.gg/644709/fnatic-vs-eternal-fire-vct-2026-emea-stage-1-w1
644709,258341,2863,10,True,ten_identified_players,https://www.vlr.gg/644709/fnatic-vs-eternal-fire-vct-2026-emea-stage-1-w1
644710,258342,2863,10,True,ten_identified_players,https://www.vlr.gg/644710/team-liquid-vs-karmine-corp-vct-2026-emea-stage-1-w1
644710,258343,2863,10,True,ten_identified_players,https://www.vlr.gg/644710/team-liquid-vs-karmine-corp-vct-2026-emea-stage-1-w1
653021,262436,2934,5,False,incomplete_source_lineup,https://www.vlr.gg/653021/weibo-gaming-vs-valenix-china-national-tournament-2026-split-alpha-pro-division-w1
653021,262437,2934,5,False,incomplete_source_lineup,https://www.vlr.gg/653021/weibo-gaming-vs-valenix-china-national-tournament-2026-split-alpha-pro-division-w1
653022,262439,2934,5,False,incomplete_source_lineup,https://www.vlr.gg/653022/any-questions-gaming-vs-a-team-china-national-tournament-2026-split-alpha-pro-division-w1
653022,262440,2934,5,False,incomplete_source_lineup,https://www.vlr.gg/653022/any-questions-gaming-vs-a-team-china-national-tournament-2026-split-alpha-pro-division-w1
642918,257937,2864,10,True,ten_identified_players,https://www.vlr.gg/642918/wolves-esports-vs-trace-esports-vct-2026-china-stage-1-w1
642918,257938,2864,10,True,ten_identified_players,https://www.vlr.gg/642918/wolves-esports-vs-trace-esports-vct-2026-china-stage-1-w1
653023,262442,2934,5,False,incomplete_source_lineup,https://www.vlr.gg/653023/rare-atom-vs-unsettled-resentment-china-national-tournament-2026-split-alpha-pro-division-w1
653023,262443,2934,5,False,incomplete_source_lineup,https://www.vlr.gg/653023/rare-atom-vs-unsettled-resentment-china-national-tournament-2026-split-alpha-pro-division-w1
653023,262444,2934,5,False,incomplete_source_lineup,https://www.vlr.gg/653023/rare-atom-vs-unsettled-resentment-china-national-tournament-2026-split-alpha-pro-division-w1
642919,257940,2864,10,True,ten_identified_players,https://www.vlr.gg/642919/bilibili-gaming-vs-tyloo-vct-2026-china-stage-1-w1
642919,257941,2864,10,True,ten_identified_players,https://www.vlr.gg/642919/bilibili-gaming-vs-tyloo-vct-2026-china-stage-1-w1
642919,257942,2864,10,True,ten_identified_players,https://www.vlr.gg/642919/bilibili-gaming-vs-tyloo-vct-2026-china-stage-1-w1
644711,258345,2863,10,True,ten_identified_players,https://www.vlr.gg/644711/team-vitality-vs-giantx-vct-2026-emea-stage-1-w1
644711,258346,2863,10,True,ten_identified_players,https://www.vlr.gg/644711/team-vitality-vs-giantx-vct-2026-emea-stage-1-w1
644712,258348,2863,10,True,ten_identified_players,https://www.vlr.gg/644712/gentle-mates-vs-fut-esports-vct-2026-emea-stage-1-w1
644712,258349,2863,10,True,ten_identified_players,https://www.vlr.gg/644712/gentle-mates-vs-fut-esports-vct-2026-emea-stage-1-w1
644712,258350,2863,10,True,ten_identified_players,https://www.vlr.gg/644712/gentle-mates-vs-fut-esports-vct-2026-emea-stage-1-w1
653024,262445,2934,5,False,incomplete_source_lineup,https://www.vlr.gg/653024/victory-no-limits-gaming-vs-ace-china-national-tournament-2026-split-alpha-pro-division-w1
653024,262446,2934,5,False,incomplete_source_lineup,https://www.vlr.gg/653024/victory-no-limits-gaming-vs-ace-china-national-tournament-2026-split-alpha-pro-division-w1
653024,262447,2934,5,False,incomplete_source_lineup,https://www.vlr.gg/653024/victory-no-limits-gaming-vs-ace-china-national-tournament-2026-split-alpha-pro-division-w1
644652,258249,2775,10,True,ten_identified_players,https://www.vlr.gg/644652/gen-g-vs-global-esports-vct-2026-pacific-stage-1-w1
644652,258250,2775,10,True,ten_identified_players,https://www.vlr.gg/644652/gen-g-vs-global-esports-vct-2026-pacific-stage-1-w1
653025,262448,2934,6,False,incomplete_source_lineup,https://www.vlr.gg/653025/world-sports-invictus-gaming-vs-ever-growing-gaming-china-national-tournament-2026-split-alpha-p
653025,262449,2934,6,False,incomplete_source_lineup,https://www.vlr.gg/653025/world-sports-invictus-gaming-vs-ever-growing-gaming-china-national-tournament-2026-split-alpha-p
642920,257943,2864,10,True,ten_identified_players,https://www.vlr.gg/642920/dragon-ranger-gaming-vs-nova-esports-vct-2026-china-stage-1-w1
642920,257944,2864,10,True,ten_identified_players,https://www.vlr.gg/642920/dragon-ranger-gaming-vs-nova-esports-vct-2026-china-stage-1-w1
644653,258252,2775,10,True,ten_identified_players,https://www.vlr.gg/644653/t1-vs-varrel-vct-2026-pacific-stage-1-w1
644653,258253,2775,10,True,ten_identified_players,https://www.vlr.gg/644653/t1-vs-varrel-vct-2026-pacific-stage-1-w1
653026,262451,2934,10,True,ten_identified_players,https://www.vlr.gg/653026/ambitious-legend-gaming-vs-octagonal-disposition-gaming-china-national-tournament-2026-split-alph
653026,262452,2934,10,True,ten_identified_players,https://www.vlr.gg/653026/ambitious-legend-gaming-vs-octagonal-disposition-gaming-china-national-tournament-2026-split-alph
653026,262453,2934,10,True,ten_identified_players,https://www.vlr.gg/653026/ambitious-legend-gaming-vs-octagonal-disposition-gaming-china-national-tournament-2026-split-alph
642921,257946,2864,10,True,ten_identified_players,https://www.vlr.gg/642921/funplus-phoenix-vs-all-gamers-vct-2026-china-stage-1-w1
642921,257947,2864,10,True,ten_identified_players,https://www.vlr.gg/642921/funplus-phoenix-vs-all-gamers-vct-2026-china-stage-1-w1
644713,258351,2863,10,True,ten_identified_players,https://www.vlr.gg/644713/team-heretics-vs-natus-vincere-vct-2026-emea-stage-1-w1
644713,258352,2863,10,True,ten_identified_players,https://www.vlr.gg/644713/team-heretics-vs-natus-vincere-vct-2026-emea-stage-1-w1
644713,258353,2863,10,True,ten_identified_players,https://www.vlr.gg/644713/team-heretics-vs-natus-vincere-vct-2026-emea-stage-1-w1
644714,258354,2863,10,True,ten_identified_players,https://www.vlr.gg/644714/bbl-esports-vs-pcific-esports-vct-2026-emea-stage-1-w1
644714,258355,2863,10,True,ten_identified_players,https://www.vlr.gg/644714/bbl-esports-vs-pcific-esports-vct-2026-emea-stage-1-w1
653027,262454,2934,8,False,incomplete_source_lineup,https://www.vlr.gg/653027/weibo-gaming-vs-keepbest-gaming-china-national-tournament-2026-split-alpha-pro-division-w1
653027,262455,2934,8,False,incomplete_source_lineup,https://www.vlr.gg/653027/weibo-gaming-vs-keepbest-gaming-china-national-tournament-2026-split-alpha-pro-division-w1
653027,262456,2934,8,False,incomplete_source_lineup,https://www.vlr.gg/653027/weibo-gaming-vs-keepbest-gaming-china-national-tournament-2026-split-alpha-pro-division-w1
644654,258255,2775,10,True,ten_identified_players,https://www.vlr.gg/644654/nongshim-redforce-vs-paper-rex-vct-2026-pacific-stage-1-w1
644654,258256,2775,10,True,ten_identified_players,https://www.vlr.gg/644654/nongshim-redforce-vs-paper-rex-vct-2026-pacific-stage-1-w1
644654,258257,2775,10,True,ten_identified_players,https://www.vlr.gg/644654/nongshim-redforce-vs-paper-rex-vct-2026-pacific-stage-1-w1
653028,262457,2934,5,False,incomplete_source_lineup,https://www.vlr.gg/653028/any-questions-gaming-vs-havoc-yonder-china-national-tournament-2026-split-alpha-pro-division-w
653028,262458,2934,5,False,incomplete_source_lineup,https://www.vlr.gg/653028/any-questions-gaming-vs-havoc-yonder-china-national-tournament-2026-split-alpha-pro-division-w
642922,257949,2864,10,True,ten_identified_players,https://www.vlr.gg/642922/tyloo-vs-titan-esports-club-vct-2026-china-stage-1-w1
642922,257950,2864,10,True,ten_identified_players,https://www.vlr.gg/642922/tyloo-vs-titan-esports-club-vct-2026-china-stage-1-w1
653029,262460,2934,5,False,incomplete_source_lineup,https://www.vlr.gg/653029/rare-atom-vs-valenix-china-national-tournament-2026-split-alpha-pro-division-w1
653029,262461,2934,5,False,incomplete_source_lineup,https://www.vlr.gg/653029/rare-atom-vs-valenix-china-national-tournament-2026-split-alpha-pro-division-w1
644655,258258,2775,10,True,ten_identified_players,https://www.vlr.gg/644655/full-sense-vs-detonation-focusme-vct-2026-pacific-stage-1-w1
644655,258259,2775,10,True,ten_identified_players,https://www.vlr.gg/644655/full-sense-vs-detonation-focusme-vct-2026-pacific-stage-1-w1
642923,257952,2864,10,True,ten_identified_players,https://www.vlr.gg/642923/wolves-esports-vs-edward-gaming-vct-2026-china-stage-1-w1
642923,257953,2864,10,True,ten_identified_players,https://www.vlr.gg/642923/wolves-esports-vs-edward-gaming-vct-2026-china-stage-1-w1
644656,258261,2775,10,True,ten_identified_players,https://www.vlr.gg/644656/team-secret-vs-drx-vct-2026-pacific-stage-1-w1
644656,258262,2775,10,True,ten_identified_players,https://www.vlr.gg/644656/team-secret-vs-drx-vct-2026-pacific-stage-1-w1
642924,257955,2864,10,True,ten_identified_players,https://www.vlr.gg/642924/trace-esports-vs-xi-lai-gaming-vct-2026-china-stage-1-w1
642924,257956,2864,10,True,ten_identified_players,https://www.vlr.gg/642924/trace-esports-vs-xi-lai-gaming-vct-2026-china-stage-1-w1
642924,257957,2864,10,True,ten_identified_players,https://www.vlr.gg/642924/trace-esports-vs-xi-lai-gaming-vct-2026-china-stage-1-w1
644657,258264,2775,10,True,ten_identified_players,https://www.vlr.gg/644657/rex-regum-qeon-vs-zeta-division-vct-2026-pacific-stage-1-w1
644657,258265,2775,10,True,ten_identified_players,https://www.vlr.gg/644657/rex-regum-qeon-vs-zeta-division-vct-2026-pacific-stage-1-w1
644657,258266,2775,10,True,ten_identified_players,https://www.vlr.gg/644657/rex-regum-qeon-vs-zeta-division-vct-2026-pacific-stage-1-w1
642925,257958,2864,10,True,ten_identified_players,https://www.vlr.gg/642925/bilibili-gaming-vs-jdg-esports-vct-2026-china-stage-1-w1
642925,257959,2864,10,True,ten_identified_players,https://www.vlr.gg/642925/bilibili-gaming-vs-jdg-esports-vct-2026-china-stage-1-w1
653303,262516,2934,5,False,incomplete_source_lineup,https://www.vlr.gg/653303/victory-no-limits-gaming-vs-a-team-china-national-tournament-2026-split-alpha-pro-division-w2
653303,262517,2934,5,False,incomplete_source_lineup,https://www.vlr.gg/653303/victory-no-limits-gaming-vs-a-team-china-national-tournament-2026-split-alpha-pro-division-w2
653304,262519,2934,5,False,incomplete_source_lineup,https://www.vlr.gg/653304/world-sports-invictus-gaming-vs-unsettled-resentment-china-national-tournament-2026-split-alpha
653304,262520,2934,5,False,incomplete_source_lineup,https://www.vlr.gg/653304/world-sports-invictus-gaming-vs-unsettled-resentment-china-national-tournament-2026-split-alpha
653305,262522,2934,0,False,incomplete_source_lineup,https://www.vlr.gg/653305/havoc-yonder-vs-ace-china-national-tournament-2026-split-alpha-pro-division-w2
653305,262523,2934,0,False,incomplete_source_lineup,https://www.vlr.gg/653305/havoc-yonder-vs-ace-china-national-tournament-2026-split-alpha-pro-division-w2
648747,260828,2857,10,True,ten_identified_players,https://www.vlr.gg/648747/shopify-rebellion-gold-vs-rose-challengers-2026-north-america-ace-stage-2-r4-0-3
648747,260829,2857,10,True,ten_identified_players,https://www.vlr.gg/648747/shopify-rebellion-gold-vs-rose-challengers-2026-north-america-ace-stage-2-r4-0-3
648747,260830,2857,10,True,ten_identified_players,https://www.vlr.gg/648747/shopify-rebellion-gold-vs-rose-challengers-2026-north-america-ace-stage-2-r4-0-3
648748,260831,2857,10,True,ten_identified_players,https://www.vlr.gg/648748/evil-geniuses-academy-vs-division-one-challengers-2026-north-america-ace-stage-2-r4-1-2
648748,260832,2857,10,True,ten_identified_players,https://www.vlr.gg/648748/evil-geniuses-academy-vs-division-one-challengers-2026-north-america-ace-stage-2-r4-1-2
648750,260837,2857,10,True,ten_identified_players,https://www.vlr.gg/648750/nightblood-gaming-vs-pigeons-challengers-2026-north-america-ace-stage-2-r4-1-2
648750,260838,2857,10,True,ten_identified_players,https://www.vlr.gg/648750/nightblood-gaming-vs-pigeons-challengers-2026-north-america-ace-stage-2-r4-1-2
648750,260839,2857,10,True,ten_identified_players,https://www.vlr.gg/648750/nightblood-gaming-vs-pigeons-challengers-2026-north-america-ace-stage-2-r4-1-2
648749,260834,2857,10,True,ten_identified_players,https://www.vlr.gg/648749/shopify-rebellion-black-vs-qor-challengers-2026-north-america-ace-stage-2-r4-2-1
648749,260835,2857,10,True,ten_identified_players,https://www.vlr.gg/648749/shopify-rebellion-black-vs-qor-challengers-2026-north-america-ace-stage-2-r4-2-1
653306,262525,2934,1,False,incomplete_source_lineup,https://www.vlr.gg/653306/valenix-vs-ever-growing-gaming-china-national-tournament-2026-split-alpha-pro-division-w2
653306,262526,2934,1,False,incomplete_source_lineup,https://www.vlr.gg/653306/valenix-vs-ever-growing-gaming-china-national-tournament-2026-split-alpha-pro-division-w2
653307,262528,2934,10,True,ten_identified_players,https://www.vlr.gg/653307/any-questions-gaming-vs-ambitious-legend-gaming-china-national-tournament-2026-split-alpha-pro-d
653307,262529,2934,10,True,ten_identified_players,https://www.vlr.gg/653307/any-questions-gaming-vs-ambitious-legend-gaming-china-national-tournament-2026-split-alpha-pro-d
642927,257961,2864,10,True,ten_identified_players,https://www.vlr.gg/642927/funplus-phoenix-vs-tyloo-vct-2026-china-stage-1-w2
642927,257963,2864,10,True,ten_identified_players,https://www.vlr.gg/642927/funplus-phoenix-vs-tyloo-vct-2026-china-stage-1-w2
642927,262074,2864,10,True,ten_identified_players,https://www.vlr.gg/642927/funplus-phoenix-vs-tyloo-vct-2026-china-stage-1-w2
653308,262531,2934,10,True,ten_identified_players,https://www.vlr.gg/653308/rare-atom-vs-weibo-gaming-china-national-tournament-2026-split-alpha-pro-division-w2
653308,262532,2934,10,True,ten_identified_players,https://www.vlr.gg/653308/rare-atom-vs-weibo-gaming-china-national-tournament-2026-split-alpha-pro-division-w2
642928,257964,2864,10,True,ten_identified_players,https://www.vlr.gg/642928/titan-esports-club-vs-bilibili-gaming-vct-2026-china-stage-1-w2
642928,257965,2864,10,True,ten_identified_players,https://www.vlr.gg/642928/titan-esports-club-vs-bilibili-gaming-vct-2026-china-stage-1-w2
648751,260840,2857,10,True,ten_identified_players,https://www.vlr.gg/648751/m80-vs-nrg-academy-challengers-2026-north-america-ace-stage-2-r4-2-1
648751,260841,2857,10,True,ten_identified_players,https://www.vlr.gg/648751/m80-vs-nrg-academy-challengers-2026-north-america-ace-stage-2-r4-2-1
648751,260842,2857,10,True,ten_identified_players,https://www.vlr.gg/648751/m80-vs-nrg-academy-challengers-2026-north-america-ace-stage-2-r4-2-1
648752,260843,2857,10,True,ten_identified_players,https://www.vlr.gg/648752/sad-esports-vs-evictix-challengers-2026-north-america-ace-stage-2-r4-1-2
648752,260844,2857,10,True,ten_identified_players,https://www.vlr.gg/648752/sad-esports-vs-evictix-challengers-2026-north-america-ace-stage-2-r4-1-2
648754,260849,2857,10,True,ten_identified_players,https://www.vlr.gg/648754/flyquest-vs-alliance-guardians-challengers-2026-north-america-ace-stage-2-r4-2-1
648754,260850,2857,10,True,ten_identified_players,https://www.vlr.gg/648754/flyquest-vs-alliance-guardians-challengers-2026-north-america-ace-stage-2-r4-2-1
648753,260846,2857,10,True,ten_identified_players,https://www.vlr.gg/648753/azure-dragon-gaming-vs-yfp-challengers-2026-north-america-ace-stage-2-r4-3-0
648753,260847,2857,10,True,ten_identified_players,https://www.vlr.gg/648753/azure-dragon-gaming-vs-yfp-challengers-2026-north-america-ace-stage-2-r4-3-0
653309,262534,2934,0,False,incomplete_source_lineup,https://www.vlr.gg/653309/a-team-vs-havoc-yonder-china-national-tournament-2026-split-alpha-pro-division-w2
653309,262535,2934,0,False,incomplete_source_lineup,https://www.vlr.gg/653309/a-team-vs-havoc-yonder-china-national-tournament-2026-split-alpha-pro-division-w2
653311,262537,2934,8,False,incomplete_source_lineup,https://www.vlr.gg/653311/world-sports-invictus-gaming-vs-keepbest-gaming-china-national-tournament-2026-split-alpha-pro-d
653311,262538,2934,8,False,incomplete_source_lineup,https://www.vlr.gg/653311/world-sports-invictus-gaming-vs-keepbest-gaming-china-national-tournament-2026-split-alpha-pro-d
642929,257967,2864,10,True,ten_identified_players,https://www.vlr.gg/642929/xi-lai-gaming-vs-nova-esports-vct-2026-china-stage-1-w2
642929,257968,2864,10,True,ten_identified_players,https://www.vlr.gg/642929/xi-lai-gaming-vs-nova-esports-vct-2026-china-stage-1-w2
653312,262540,2934,10,True,ten_identified_players,https://www.vlr.gg/653312/victory-no-limits-gaming-vs-octagonal-disposition-gaming-china-national-tournament-2026-split-alp
653312,262541,2934,10,True,ten_identified_players,https://www.vlr.gg/653312/victory-no-limits-gaming-vs-octagonal-disposition-gaming-china-national-tournament-2026-split-alp
642930,257970,2864,10,True,ten_identified_players,https://www.vlr.gg/642930/edward-gaming-vs-trace-esports-vct-2026-china-stage-1-w2
642930,257971,2864,10,True,ten_identified_players,https://www.vlr.gg/642930/edward-gaming-vs-trace-esports-vct-2026-china-stage-1-w2
644716,258357,2863,10,True,ten_identified_players,https://www.vlr.gg/644716/pcific-esports-vs-giantx-vct-2026-emea-stage-1-w2
644716,258358,2863,10,True,ten_identified_players,https://www.vlr.gg/644716/pcific-esports-vs-giantx-vct-2026-emea-stage-1-w2
644716,258359,2863,10,True,ten_identified_players,https://www.vlr.gg/644716/pcific-esports-vs-giantx-vct-2026-emea-stage-1-w2
644717,258360,2863,10,True,ten_identified_players,https://www.vlr.gg/644717/bbl-esports-vs-eternal-fire-vct-2026-emea-stage-1-w2
644717,258361,2863,10,True,ten_identified_players,https://www.vlr.gg/644717/bbl-esports-vs-eternal-fire-vct-2026-emea-stage-1-w2
653313,262543,2934,6,False,incomplete_source_lineup,https://www.vlr.gg/653313/rare-atom-vs-ever-growing-gaming-china-national-tournament-2026-split-alpha-pro-division-w2
653313,262544,2934,6,False,incomplete_source_lineup,https://www.vlr.gg/653313/rare-atom-vs-ever-growing-gaming-china-national-tournament-2026-split-alpha-pro-division-w2
653314,262546,2934,5,False,incomplete_source_lineup,https://www.vlr.gg/653314/any-questions-gaming-vs-ace-china-national-tournament-2026-split-alpha-pro-division-w2
653314,262547,2934,5,False,incomplete_source_lineup,https://www.vlr.gg/653314/any-questions-gaming-vs-ace-china-national-tournament-2026-split-alpha-pro-division-w2
642931,257973,2864,10,True,ten_identified_players,https://www.vlr.gg/642931/jdg-esports-vs-all-gamers-vct-2026-china-stage-1-w2
642931,257974,2864,10,True,ten_identified_players,https://www.vlr.gg/642931/jdg-esports-vs-all-gamers-vct-2026-china-stage-1-w2
653315,262549,2934,0,False,incomplete_source_lineup,https://www.vlr.gg/653315/unsettled-resentment-vs-valenix-china-national-tournament-2026-split-alpha-pro-division-w2
653315,262550,2934,0,False,incomplete_source_lineup,https://www.vlr.gg/653315/unsettled-resentment-vs-valenix-china-national-tournament-2026-split-alpha-pro-division-w2
642932,257976,2864,10,True,ten_identified_players,https://www.vlr.gg/642932/dragon-ranger-gaming-vs-wolves-esports-vct-2026-china-stage-1-w2
642932,257977,2864,10,True,ten_identified_players,https://www.vlr.gg/642932/dragon-ranger-gaming-vs-wolves-esports-vct-2026-china-stage-1-w2
642932,257978,2864,10,True,ten_identified_players,https://www.vlr.gg/642932/dragon-ranger-gaming-vs-wolves-esports-vct-2026-china-stage-1-w2
644718,258363,2863,10,True,ten_identified_players,https://www.vlr.gg/644718/fnatic-vs-team-vitality-vct-2026-emea-stage-1-w2
644718,258364,2863,10,True,ten_identified_players,https://www.vlr.gg/644718/fnatic-vs-team-vitality-vct-2026-emea-stage-1-w2
644719,258366,2863,10,True,ten_identified_players,https://www.vlr.gg/644719/team-liquid-vs-team-heretics-vct-2026-emea-stage-1-w2
644719,258367,2863,10,True,ten_identified_players,https://www.vlr.gg/644719/team-liquid-vs-team-heretics-vct-2026-emea-stage-1-w2
644658,258267,2775,10,True,ten_identified_players,https://www.vlr.gg/644658/detonation-focusme-vs-t1-vct-2026-pacific-stage-1-w2
644658,258268,2775,10,True,ten_identified_players,https://www.vlr.gg/644658/detonation-focusme-vs-t1-vct-2026-pacific-stage-1-w2
642933,257979,2864,10,True,ten_identified_players,https://www.vlr.gg/642933/nova-esports-vs-trace-esports-vct-2026-china-stage-1-w2
642933,257980,2864,10,True,ten_identified_players,https://www.vlr.gg/642933/nova-esports-vs-trace-esports-vct-2026-china-stage-1-w2
644659,258270,2775,10,True,ten_identified_players,https://www.vlr.gg/644659/nongshim-redforce-vs-drx-vct-2026-pacific-stage-1-w2
644659,258271,2775,10,True,ten_identified_players,https://www.vlr.gg/644659/nongshim-redforce-vs-drx-vct-2026-pacific-stage-1-w2
644659,258272,2775,10,True,ten_identified_players,https://www.vlr.gg/644659/nongshim-redforce-vs-drx-vct-2026-pacific-stage-1-w2
642934,257982,2864,10,True,ten_identified_players,https://www.vlr.gg/642934/funplus-phoenix-vs-bilibili-gaming-vct-2026-china-stage-1-w2
642934,257983,2864,10,True,ten_identified_players,https://www.vlr.gg/642934/funplus-phoenix-vs-bilibili-gaming-vct-2026-china-stage-1-w2
642934,257984,2864,10,True,ten_identified_players,https://www.vlr.gg/642934/funplus-phoenix-vs-bilibili-gaming-vct-2026-china-stage-1-w2
644720,258369,2863,10,True,ten_identified_players,https://www.vlr.gg/644720/fut-esports-vs-natus-vincere-vct-2026-emea-stage-1-w2
644720,258370,2863,10,True,ten_identified_players,https://www.vlr.gg/644720/fut-esports-vs-natus-vincere-vct-2026-emea-stage-1-w2
644720,258371,2863,10,True,ten_identified_players,https://www.vlr.gg/644720/fut-esports-vs-natus-vincere-vct-2026-emea-stage-1-w2
644721,258372,2863,10,True,ten_identified_players,https://www.vlr.gg/644721/gentle-mates-vs-karmine-corp-vct-2026-emea-stage-1-w2
644721,258373,2863,10,True,ten_identified_players,https://www.vlr.gg/644721/gentle-mates-vs-karmine-corp-vct-2026-emea-stage-1-w2
644721,258374,2863,10,True,ten_identified_players,https://www.vlr.gg/644721/gentle-mates-vs-karmine-corp-vct-2026-emea-stage-1-w2
645474,258575,2860,10,True,ten_identified_players,https://www.vlr.gg/645474/sentinels-vs-kr-esports-vct-2026-americas-stage-1-w1
645474,258576,2860,10,True,ten_identified_players,https://www.vlr.gg/645474/sentinels-vs-kr-esports-vct-2026-americas-stage-1-w1
645475,258578,2860,10,True,ten_identified_players,https://www.vlr.gg/645475/g2-esports-vs-mibr-vct-2026-americas-stage-1-w1
645475,258579,2860,10,True,ten_identified_players,https://www.vlr.gg/645475/g2-esports-vs-mibr-vct-2026-americas-stage-1-w1
656274,263614,2934,10,True,ten_identified_players,https://www.vlr.gg/656274/victory-no-limits-gaming-vs-ambitious-legend-gaming-china-national-tournament-2026-split-alpha-p
656274,263616,2934,10,True,ten_identified_players,https://www.vlr.gg/656274/victory-no-limits-gaming-vs-ambitious-legend-gaming-china-national-tournament-2026-split-alpha-p
644660,258273,2775,10,True,ten_identified_players,https://www.vlr.gg/644660/team-secret-vs-global-esports-vct-2026-pacific-stage-1-w2
644660,258274,2775,10,True,ten_identified_players,https://www.vlr.gg/644660/team-secret-vs-global-esports-vct-2026-pacific-stage-1-w2
656276,263620,2934,0,False,incomplete_source_lineup,https://www.vlr.gg/656276/unsettled-resentment-vs-ever-growing-gaming-china-national-tournament-2026-split-alpha-pro-divis
656276,263622,2934,0,False,incomplete_source_lineup,https://www.vlr.gg/656276/unsettled-resentment-vs-ever-growing-gaming-china-national-tournament-2026-split-alpha-pro-divis
642935,257985,2864,10,True,ten_identified_players,https://www.vlr.gg/642935/all-gamers-vs-tyloo-vct-2026-china-stage-1-w2
642935,257986,2864,10,True,ten_identified_players,https://www.vlr.gg/642935/all-gamers-vs-tyloo-vct-2026-china-stage-1-w2
642935,257987,2864,10,True,ten_identified_players,https://www.vlr.gg/642935/all-gamers-vs-tyloo-vct-2026-china-stage-1-w2
656278,263626,2934,0,False,incomplete_source_lineup,https://www.vlr.gg/656278/a-team-vs-ace-china-national-tournament-2026-split-alpha-pro-division-w3
656278,263628,2934,0,False,incomplete_source_lineup,https://www.vlr.gg/656278/a-team-vs-ace-china-national-tournament-2026-split-alpha-pro-division-w3
656278,263630,2934,0,False,incomplete_source_lineup,https://www.vlr.gg/656278/a-team-vs-ace-china-national-tournament-2026-split-alpha-pro-division-w3
644661,258276,2775,10,True,ten_identified_players,https://www.vlr.gg/644661/rex-regum-qeon-vs-varrel-vct-2026-pacific-stage-1-w2
644661,258277,2775,10,True,ten_identified_players,https://www.vlr.gg/644661/rex-regum-qeon-vs-varrel-vct-2026-pacific-stage-1-w2
642936,257988,2864,10,True,ten_identified_players,https://www.vlr.gg/642936/edward-gaming-vs-dragon-ranger-gaming-vct-2026-china-stage-1-w2
642936,257989,2864,10,True,ten_identified_players,https://www.vlr.gg/642936/edward-gaming-vs-dragon-ranger-gaming-vct-2026-china-stage-1-w2
642936,257990,2864,10,True,ten_identified_players,https://www.vlr.gg/642936/edward-gaming-vs-dragon-ranger-gaming-vct-2026-china-stage-1-w2
645476,258581,2860,10,True,ten_identified_players,https://www.vlr.gg/645476/100-thieves-vs-evil-geniuses-vct-2026-americas-stage-1-w1
645476,258582,2860,10,True,ten_identified_players,https://www.vlr.gg/645476/100-thieves-vs-evil-geniuses-vct-2026-americas-stage-1-w1
645477,258584,2860,10,True,ten_identified_players,https://www.vlr.gg/645477/envy-vs-loud-vct-2026-americas-stage-1-w1
645477,258585,2860,10,True,ten_identified_players,https://www.vlr.gg/645477/envy-vs-loud-vct-2026-americas-stage-1-w1
645477,258586,2860,10,True,ten_identified_players,https://www.vlr.gg/645477/envy-vs-loud-vct-2026-americas-stage-1-w1
656280,263632,2934,10,True,ten_identified_players,https://www.vlr.gg/656280/world-sports-invictus-gaming-vs-weibo-gaming-china-national-tournament-2026-split-alpha-pro-divi
656280,263634,2934,10,True,ten_identified_players,https://www.vlr.gg/656280/world-sports-invictus-gaming-vs-weibo-gaming-china-national-tournament-2026-split-alpha-pro-divi
644662,258279,2775,10,True,ten_identified_players,https://www.vlr.gg/644662/full-sense-vs-zeta-division-vct-2026-pacific-stage-1-w2
644662,258280,2775,10,True,ten_identified_players,https://www.vlr.gg/644662/full-sense-vs-zeta-division-vct-2026-pacific-stage-1-w2
656282,263638,2934,10,True,ten_identified_players,https://www.vlr.gg/656282/any-questions-gaming-vs-octagonal-disposition-gaming-china-national-tournament-2026-split-alpha
656282,263640,2934,10,True,ten_identified_players,https://www.vlr.gg/656282/any-questions-gaming-vs-octagonal-disposition-gaming-china-national-tournament-2026-split-alpha
656282,263642,2934,10,True,ten_identified_players,https://www.vlr.gg/656282/any-questions-gaming-vs-octagonal-disposition-gaming-china-national-tournament-2026-split-alpha
642937,257991,2864,10,True,ten_identified_players,https://www.vlr.gg/642937/jdg-esports-vs-titan-esports-club-vct-2026-china-stage-1-w2
642937,257992,2864,10,True,ten_identified_players,https://www.vlr.gg/642937/jdg-esports-vs-titan-esports-club-vct-2026-china-stage-1-w2
644663,258282,2775,10,True,ten_identified_players,https://www.vlr.gg/644663/gen-g-vs-paper-rex-vct-2026-pacific-stage-1-w2
644663,258283,2775,10,True,ten_identified_players,https://www.vlr.gg/644663/gen-g-vs-paper-rex-vct-2026-pacific-stage-1-w2
644663,258284,2775,10,True,ten_identified_players,https://www.vlr.gg/644663/gen-g-vs-paper-rex-vct-2026-pacific-stage-1-w2
656284,263644,2934,8,False,incomplete_source_lineup,https://www.vlr.gg/656284/rare-atom-vs-keepbest-gaming-china-national-tournament-2026-split-alpha-pro-division-w3
656284,263646,2934,8,False,incomplete_source_lineup,https://www.vlr.gg/656284/rare-atom-vs-keepbest-gaming-china-national-tournament-2026-split-alpha-pro-division-w3
656284,263648,2934,8,False,incomplete_source_lineup,https://www.vlr.gg/656284/rare-atom-vs-keepbest-gaming-china-national-tournament-2026-split-alpha-pro-division-w3
642938,257994,2864,10,True,ten_identified_players,https://www.vlr.gg/642938/xi-lai-gaming-vs-wolves-esports-vct-2026-china-stage-1-w2
642938,257995,2864,10,True,ten_identified_players,https://www.vlr.gg/642938/xi-lai-gaming-vs-wolves-esports-vct-2026-china-stage-1-w2
642938,257996,2864,10,True,ten_identified_players,https://www.vlr.gg/642938/xi-lai-gaming-vs-wolves-esports-vct-2026-china-stage-1-w2
645478,258587,2860,10,True,ten_identified_players,https://www.vlr.gg/645478/cloud9-vs-leviat-n-vct-2026-americas-stage-1-w1
645478,258588,2860,10,True,ten_identified_players,https://www.vlr.gg/645478/cloud9-vs-leviat-n-vct-2026-americas-stage-1-w1
645479,258590,2860,10,True,ten_identified_players,https://www.vlr.gg/645479/furia-vs-nrg-vct-2026-americas-stage-1-w1
645479,258591,2860,10,True,ten_identified_players,https://www.vlr.gg/645479/furia-vs-nrg-vct-2026-americas-stage-1-w1
656286,263650,2934,5,False,incomplete_source_lineup,https://www.vlr.gg/656286/ambitious-legend-gaming-vs-ace-china-national-tournament-2026-split-alpha-pro-division-w3
656286,263652,2934,5,False,incomplete_source_lineup,https://www.vlr.gg/656286/ambitious-legend-gaming-vs-ace-china-national-tournament-2026-split-alpha-pro-division-w3
656286,263654,2934,5,False,incomplete_source_lineup,https://www.vlr.gg/656286/ambitious-legend-gaming-vs-ace-china-national-tournament-2026-split-alpha-pro-division-w3
656288,263656,2934,5,False,incomplete_source_lineup,https://www.vlr.gg/656288/world-sports-invictus-gaming-vs-valenix-china-national-tournament-2026-split-alpha-pro-division
656288,263658,2934,5,False,incomplete_source_lineup,https://www.vlr.gg/656288/world-sports-invictus-gaming-vs-valenix-china-national-tournament-2026-split-alpha-pro-division
656290,263662,2934,5,False,incomplete_source_lineup,https://www.vlr.gg/656290/victory-no-limits-gaming-vs-havoc-yonder-china-national-tournament-2026-split-alpha-pro-divisi
656290,263664,2934,5,False,incomplete_source_lineup,https://www.vlr.gg/656290/victory-no-limits-gaming-vs-havoc-yonder-china-national-tournament-2026-split-alpha-pro-divisi
651755,262122,2857,10,True,ten_identified_players,https://www.vlr.gg/651755/division-one-vs-rose-challengers-2026-north-america-ace-stage-2-r5-1-3
651755,262123,2857,10,True,ten_identified_players,https://www.vlr.gg/651755/division-one-vs-rose-challengers-2026-north-america-ace-stage-2-r5-1-3
651756,262125,2857,10,True,ten_identified_players,https://www.vlr.gg/651756/evil-geniuses-academy-vs-nrg-academy-challengers-2026-north-america-ace-stage-2-r5-2-2
651756,262126,2857,10,True,ten_identified_players,https://www.vlr.gg/651756/evil-geniuses-academy-vs-nrg-academy-challengers-2026-north-america-ace-stage-2-r5-2-2
651757,262128,2857,10,True,ten_identified_players,https://www.vlr.gg/651757/evictix-vs-pigeons-challengers-2026-north-america-ace-stage-2-r5-1-3
651757,262129,2857,10,True,ten_identified_players,https://www.vlr.gg/651757/evictix-vs-pigeons-challengers-2026-north-america-ace-stage-2-r5-1-3
651757,262130,2857,10,True,ten_identified_players,https://www.vlr.gg/651757/evictix-vs-pigeons-challengers-2026-north-america-ace-stage-2-r5-1-3
651758,262131,2857,10,True,ten_identified_players,https://www.vlr.gg/651758/alliance-guardians-vs-qor-challengers-2026-north-america-ace-stage-2-r5-2-2
651758,262132,2857,10,True,ten_identified_players,https://www.vlr.gg/651758/alliance-guardians-vs-qor-challengers-2026-north-america-ace-stage-2-r5-2-2
656292,263668,2934,10,True,ten_identified_players,https://www.vlr.gg/656292/unsettled-resentment-vs-keepbest-gaming-china-national-tournament-2026-split-alpha-pro-division
656292,263670,2934,10,True,ten_identified_players,https://www.vlr.gg/656292/unsettled-resentment-vs-keepbest-gaming-china-national-tournament-2026-split-alpha-pro-division
656292,263672,2934,10,True,ten_identified_players,https://www.vlr.gg/656292/unsettled-resentment-vs-keepbest-gaming-china-national-tournament-2026-split-alpha-pro-division
656294,263674,2934,10,True,ten_identified_players,https://www.vlr.gg/656294/a-team-vs-octagonal-disposition-gaming-china-national-tournament-2026-split-alpha-pro-division-w
656294,263676,2934,10,True,ten_identified_players,https://www.vlr.gg/656294/a-team-vs-octagonal-disposition-gaming-china-national-tournament-2026-split-alpha-pro-division-w
656294,263678,2934,10,True,ten_identified_players,https://www.vlr.gg/656294/a-team-vs-octagonal-disposition-gaming-china-national-tournament-2026-split-alpha-pro-division-w
642939,257997,2864,10,True,ten_identified_players,https://www.vlr.gg/642939/tyloo-vs-jdg-esports-vct-2026-china-stage-1-w3
642939,257998,2864,10,True,ten_identified_players,https://www.vlr.gg/642939/tyloo-vs-jdg-esports-vct-2026-china-stage-1-w3
656296,263680,2934,10,True,ten_identified_players,https://www.vlr.gg/656296/weibo-gaming-vs-ever-growing-gaming-china-national-tournament-2026-split-alpha-pro-division-w3
656296,263682,2934,10,True,ten_identified_players,https://www.vlr.gg/656296/weibo-gaming-vs-ever-growing-gaming-china-national-tournament-2026-split-alpha-pro-division-w3
642940,258000,2864,10,True,ten_identified_players,https://www.vlr.gg/642940/trace-esports-vs-dragon-ranger-gaming-vct-2026-china-stage-1-w3
642940,258001,2864,10,True,ten_identified_players,https://www.vlr.gg/642940/trace-esports-vs-dragon-ranger-gaming-vct-2026-china-stage-1-w3
642940,258002,2864,10,True,ten_identified_players,https://www.vlr.gg/642940/trace-esports-vs-dragon-ranger-gaming-vct-2026-china-stage-1-w3
651759,262134,2857,10,True,ten_identified_players,https://www.vlr.gg/651759/nightblood-gaming-vs-sad-esports-challengers-2026-north-america-ace-stage-2-r5-2-2
651759,262135,2857,10,True,ten_identified_players,https://www.vlr.gg/651759/nightblood-gaming-vs-sad-esports-challengers-2026-north-america-ace-stage-2-r5-2-2
651759,262136,2857,10,True,ten_identified_players,https://www.vlr.gg/651759/nightblood-gaming-vs-sad-esports-challengers-2026-north-america-ace-stage-2-r5-2-2
651760,262137,2857,10,True,ten_identified_players,https://www.vlr.gg/651760/m80-vs-azure-dragon-gaming-challengers-2026-north-america-ace-stage-2-r5-3-1
651760,262138,2857,10,True,ten_identified_players,https://www.vlr.gg/651760/m80-vs-azure-dragon-gaming-challengers-2026-north-america-ace-stage-2-r5-3-1
651761,262140,2857,10,True,ten_identified_players,https://www.vlr.gg/651761/shopify-rebellion-black-vs-flyquest-challengers-2026-north-america-ace-stage-2-r5-3-1
651761,262141,2857,10,True,ten_identified_players,https://www.vlr.gg/651761/shopify-rebellion-black-vs-flyquest-challengers-2026-north-america-ace-stage-2-r5-3-1
642941,258003,2864,10,True,ten_identified_players,https://www.vlr.gg/642941/titan-esports-club-vs-funplus-phoenix-vct-2026-china-stage-1-w3
642941,258004,2864,10,True,ten_identified_players,https://www.vlr.gg/642941/titan-esports-club-vs-funplus-phoenix-vct-2026-china-stage-1-w3
642942,258006,2864,10,True,ten_identified_players,https://www.vlr.gg/642942/all-gamers-vs-bilibili-gaming-vct-2026-china-stage-1-w3
642942,258007,2864,10,True,ten_identified_players,https://www.vlr.gg/642942/all-gamers-vs-bilibili-gaming-vct-2026-china-stage-1-w3
642942,258008,2864,10,True,ten_identified_players,https://www.vlr.gg/642942/all-gamers-vs-bilibili-gaming-vct-2026-china-stage-1-w3
644722,258375,2863,10,True,ten_identified_players,https://www.vlr.gg/644722/bbl-esports-vs-giantx-vct-2026-emea-stage-1-w3
644722,258376,2863,10,True,ten_identified_players,https://www.vlr.gg/644722/bbl-esports-vs-giantx-vct-2026-emea-stage-1-w3
644722,264326,2863,10,True,ten_identified_players,https://www.vlr.gg/644722/bbl-esports-vs-giantx-vct-2026-emea-stage-1-w3
644723,258378,2863,10,True,ten_identified_players,https://www.vlr.gg/644723/gentle-mates-vs-natus-vincere-vct-2026-emea-stage-1-w3
644723,258379,2863,10,True,ten_identified_players,https://www.vlr.gg/644723/gentle-mates-vs-natus-vincere-vct-2026-emea-stage-1-w3
656317,263745,2934,5,False,incomplete_source_lineup,https://www.vlr.gg/656317/havoc-yonder-vs-octagonal-disposition-gaming-china-national-tournament-2026-split-alpha-pro-di
656317,263746,2934,5,False,incomplete_source_lineup,https://www.vlr.gg/656317/havoc-yonder-vs-octagonal-disposition-gaming-china-national-tournament-2026-split-alpha-pro-di
656317,263747,2934,5,False,incomplete_source_lineup,https://www.vlr.gg/656317/havoc-yonder-vs-octagonal-disposition-gaming-china-national-tournament-2026-split-alpha-pro-di
656318,263748,2934,10,True,ten_identified_players,https://www.vlr.gg/656318/world-sports-invictus-gaming-vs-rare-atom-china-national-tournament-2026-split-alpha-pro-divisio
656318,263749,2934,10,True,ten_identified_players,https://www.vlr.gg/656318/world-sports-invictus-gaming-vs-rare-atom-china-national-tournament-2026-split-alpha-pro-divisio
642943,258009,2864,10,True,ten_identified_players,https://www.vlr.gg/642943/nova-esports-vs-wolves-esports-vct-2026-china-stage-1-w3
642943,258010,2864,10,True,ten_identified_players,https://www.vlr.gg/642943/nova-esports-vs-wolves-esports-vct-2026-china-stage-1-w3
656319,263751,2934,10,True,ten_identified_players,https://www.vlr.gg/656319/victory-no-limits-gaming-vs-any-questions-gaming-china-national-tournament-2026-split-alpha-pro
656319,263752,2934,10,True,ten_identified_players,https://www.vlr.gg/656319/victory-no-limits-gaming-vs-any-questions-gaming-china-national-tournament-2026-split-alpha-pro
656319,263753,2934,10,True,ten_identified_players,https://www.vlr.gg/656319/victory-no-limits-gaming-vs-any-questions-gaming-china-national-tournament-2026-split-alpha-pro
642944,258012,2864,10,True,ten_identified_players,https://www.vlr.gg/642944/edward-gaming-vs-xi-lai-gaming-vct-2026-china-stage-1-w3
642944,258013,2864,10,True,ten_identified_players,https://www.vlr.gg/642944/edward-gaming-vs-xi-lai-gaming-vct-2026-china-stage-1-w3
642944,258014,2864,10,True,ten_identified_players,https://www.vlr.gg/642944/edward-gaming-vs-xi-lai-gaming-vct-2026-china-stage-1-w3
644724,258381,2863,10,True,ten_identified_players,https://www.vlr.gg/644724/eternal-fire-vs-team-vitality-vct-2026-emea-stage-1-w3
644724,258382,2863,10,True,ten_identified_players,https://www.vlr.gg/644724/eternal-fire-vs-team-vitality-vct-2026-emea-stage-1-w3
644725,258384,2863,10,True,ten_identified_players,https://www.vlr.gg/644725/karmine-corp-vs-team-heretics-vct-2026-emea-stage-1-w3
644725,258385,2863,10,True,ten_identified_players,https://www.vlr.gg/644725/karmine-corp-vs-team-heretics-vct-2026-emea-stage-1-w3
644725,258386,2863,10,True,ten_identified_players,https://www.vlr.gg/644725/karmine-corp-vs-team-heretics-vct-2026-emea-stage-1-w3
656320,263754,2934,3,False,incomplete_source_lineup,https://www.vlr.gg/656320/valenix-vs-keepbest-gaming-china-national-tournament-2026-split-alpha-pro-division-w4
656320,263755,2934,3,False,incomplete_source_lineup,https://www.vlr.gg/656320/valenix-vs-keepbest-gaming-china-national-tournament-2026-split-alpha-pro-division-w4
644665,258285,2775,10,True,ten_identified_players,https://www.vlr.gg/644665/full-sense-vs-varrel-vct-2026-pacific-stage-1-w3
644665,265130,2775,10,True,ten_identified_players,https://www.vlr.gg/644665/full-sense-vs-varrel-vct-2026-pacific-stage-1-w3
656321,263757,2934,5,False,incomplete_source_lineup,https://www.vlr.gg/656321/a-team-vs-ambitious-legend-gaming-china-national-tournament-2026-split-alpha-pro-division-w4
656321,263758,2934,5,False,incomplete_source_lineup,https://www.vlr.gg/656321/a-team-vs-ambitious-legend-gaming-china-national-tournament-2026-split-alpha-pro-division-w4
656322,263760,2934,5,False,incomplete_source_lineup,https://www.vlr.gg/656322/unsettled-resentment-vs-weibo-gaming-china-national-tournament-2026-split-alpha-pro-division-w4
656322,263761,2934,5,False,incomplete_source_lineup,https://www.vlr.gg/656322/unsettled-resentment-vs-weibo-gaming-china-national-tournament-2026-split-alpha-pro-division-w4
656322,263762,2934,5,False,incomplete_source_lineup,https://www.vlr.gg/656322/unsettled-resentment-vs-weibo-gaming-china-national-tournament-2026-split-alpha-pro-division-w4
644666,258288,2775,10,True,ten_identified_players,https://www.vlr.gg/644666/team-secret-vs-paper-rex-vct-2026-pacific-stage-1-w3
644666,258289,2775,10,True,ten_identified_players,https://www.vlr.gg/644666/team-secret-vs-paper-rex-vct-2026-pacific-stage-1-w3
644726,258387,2863,10,True,ten_identified_players,https://www.vlr.gg/644726/fut-esports-vs-team-liquid-vct-2026-emea-stage-1-w3
644726,258388,2863,10,True,ten_identified_players,https://www.vlr.gg/644726/fut-esports-vs-team-liquid-vct-2026-emea-stage-1-w3
644727,258390,2863,10,True,ten_identified_players,https://www.vlr.gg/644727/pcific-esports-vs-fnatic-vct-2026-emea-stage-1-w3
644727,258391,2863,10,True,ten_identified_players,https://www.vlr.gg/644727/pcific-esports-vs-fnatic-vct-2026-emea-stage-1-w3
645480,258593,2860,10,True,ten_identified_players,https://www.vlr.gg/645480/cloud9-vs-envy-vct-2026-americas-stage-1-w2
645480,258594,2860,10,True,ten_identified_players,https://www.vlr.gg/645480/cloud9-vs-envy-vct-2026-americas-stage-1-w2
645480,258595,2860,10,True,ten_identified_players,https://www.vlr.gg/645480/cloud9-vs-envy-vct-2026-americas-stage-1-w2
645481,258596,2860,10,True,ten_identified_players,https://www.vlr.gg/645481/furia-vs-evil-geniuses-vct-2026-americas-stage-1-w2
645481,258597,2860,10,True,ten_identified_players,https://www.vlr.gg/645481/furia-vs-evil-geniuses-vct-2026-americas-stage-1-w2
645481,258598,2860,10,True,ten_identified_players,https://www.vlr.gg/645481/furia-vs-evil-geniuses-vct-2026-americas-stage-1-w2
644667,258291,2775,10,True,ten_identified_players,https://www.vlr.gg/644667/kiwoom-drx-vs-global-esports-vct-2026-pacific-stage-1-w3
644667,258292,2775,10,True,ten_identified_players,https://www.vlr.gg/644667/kiwoom-drx-vs-global-esports-vct-2026-pacific-stage-1-w3
642947,258021,2864,10,True,ten_identified_players,https://www.vlr.gg/642947/tyloo-vs-dragon-ranger-gaming-vct-2026-china-stage-1-seeding
642947,258022,2864,10,True,ten_identified_players,https://www.vlr.gg/642947/tyloo-vs-dragon-ranger-gaming-vct-2026-china-stage-1-seeding
644668,258294,2775,10,True,ten_identified_players,https://www.vlr.gg/644668/zeta-division-vs-detonation-focusme-vct-2026-pacific-stage-1-w3
644668,258295,2775,10,True,ten_identified_players,https://www.vlr.gg/644668/zeta-division-vs-detonation-focusme-vct-2026-pacific-stage-1-w3
644668,258296,2775,10,True,ten_identified_players,https://www.vlr.gg/644668/zeta-division-vs-detonation-focusme-vct-2026-pacific-stage-1-w3
642946,258018,2864,10,True,ten_identified_players,https://www.vlr.gg/642946/jdg-esports-vs-edward-gaming-vct-2026-china-stage-1-seeding
642946,258019,2864,10,True,ten_identified_players,https://www.vlr.gg/642946/jdg-esports-vs-edward-gaming-vct-2026-china-stage-1-seeding
642946,258020,2864,10,True,ten_identified_players,https://www.vlr.gg/642946/jdg-esports-vs-edward-gaming-vct-2026-china-stage-1-seeding
645482,258599,2860,10,True,ten_identified_players,https://www.vlr.gg/645482/g2-esports-vs-leviat-n-vct-2026-americas-stage-1-w2
645482,258600,2860,10,True,ten_identified_players,https://www.vlr.gg/645482/g2-esports-vs-leviat-n-vct-2026-americas-stage-1-w2
645482,258601,2860,10,True,ten_identified_players,https://www.vlr.gg/645482/g2-esports-vs-leviat-n-vct-2026-americas-stage-1-w2
645483,258602,2860,10,True,ten_identified_players,https://www.vlr.gg/645483/mibr-vs-loud-vct-2026-americas-stage-1-w2
645483,258603,2860,10,True,ten_identified_players,https://www.vlr.gg/645483/mibr-vs-loud-vct-2026-americas-stage-1-w2
644669,258297,2775,10,True,ten_identified_players,https://www.vlr.gg/644669/rex-regum-qeon-vs-t1-vct-2026-pacific-stage-1-w3
644669,258298,2775,10,True,ten_identified_players,https://www.vlr.gg/644669/rex-regum-qeon-vs-t1-vct-2026-pacific-stage-1-w3
642948,258024,2864,10,True,ten_identified_players,https://www.vlr.gg/642948/titan-esports-club-vs-trace-esports-vct-2026-china-stage-1-seeding
642948,258025,2864,10,True,ten_identified_players,https://www.vlr.gg/642948/titan-esports-club-vs-trace-esports-vct-2026-china-stage-1-seeding
642948,258026,2864,10,True,ten_identified_players,https://www.vlr.gg/642948/titan-esports-club-vs-trace-esports-vct-2026-china-stage-1-seeding
644670,258300,2775,10,True,ten_identified_players,https://www.vlr.gg/644670/nongshim-redforce-vs-gen-g-vct-2026-pacific-stage-1-w3
644670,258301,2775,10,True,ten_identified_players,https://www.vlr.gg/644670/nongshim-redforce-vs-gen-g-vct-2026-pacific-stage-1-w3
642945,258015,2864,10,True,ten_identified_players,https://www.vlr.gg/642945/all-gamers-vs-xi-lai-gaming-vct-2026-china-stage-1-seeding
642945,258016,2864,10,True,ten_identified_players,https://www.vlr.gg/642945/all-gamers-vs-xi-lai-gaming-vct-2026-china-stage-1-seeding
642945,258017,2864,10,True,ten_identified_players,https://www.vlr.gg/642945/all-gamers-vs-xi-lai-gaming-vct-2026-china-stage-1-seeding
645484,258605,2860,10,True,ten_identified_players,https://www.vlr.gg/645484/nrg-vs-kr-esports-vct-2026-americas-stage-1-w2
645484,258606,2860,10,True,ten_identified_players,https://www.vlr.gg/645484/nrg-vs-kr-esports-vct-2026-americas-stage-1-w2
645485,258608,2860,10,True,ten_identified_players,https://www.vlr.gg/645485/100-thieves-vs-sentinels-vct-2026-americas-stage-1-w2
645485,258609,2860,10,True,ten_identified_players,https://www.vlr.gg/645485/100-thieves-vs-sentinels-vct-2026-americas-stage-1-w2
681032,269362,2934,8,False,incomplete_source_lineup,https://www.vlr.gg/681032/octagonal-disposition-gaming-vs-keepbest-gaming-china-national-tournament-2026-split-alpha-pro-d
681032,269363,2934,8,False,incomplete_source_lineup,https://www.vlr.gg/681032/octagonal-disposition-gaming-vs-keepbest-gaming-china-national-tournament-2026-split-alpha-pro-d
681032,269364,2934,8,False,incomplete_source_lineup,https://www.vlr.gg/681032/octagonal-disposition-gaming-vs-keepbest-gaming-china-national-tournament-2026-split-alpha-pro-d
681033,269365,2934,10,True,ten_identified_players,https://www.vlr.gg/681033/victory-no-limits-gaming-vs-rare-atom-china-national-tournament-2026-split-alpha-pro-division-ub
681033,269366,2934,10,True,ten_identified_players,https://www.vlr.gg/681033/victory-no-limits-gaming-vs-rare-atom-china-national-tournament-2026-split-alpha-pro-division-ub
681033,269367,2934,10,True,ten_identified_players,https://www.vlr.gg/681033/victory-no-limits-gaming-vs-rare-atom-china-national-tournament-2026-split-alpha-pro-division-ub
656692,263966,2857,10,True,ten_identified_players,https://www.vlr.gg/656692/nightblood-gaming-vs-division-one-challengers-2026-north-america-ace-stage-2-r6-3-2-vs-2-3
656692,263967,2857,10,True,ten_identified_players,https://www.vlr.gg/656692/nightblood-gaming-vs-division-one-challengers-2026-north-america-ace-stage-2-r6-3-2-vs-2-3
656692,263968,2857,10,True,ten_identified_players,https://www.vlr.gg/656692/nightblood-gaming-vs-division-one-challengers-2026-north-america-ace-stage-2-r6-3-2-vs-2-3
656693,263969,2857,10,True,ten_identified_players,https://www.vlr.gg/656693/nrg-academy-vs-sad-esports-challengers-2026-north-america-ace-stage-2-r6-2-3
656693,263970,2857,10,True,ten_identified_players,https://www.vlr.gg/656693/nrg-academy-vs-sad-esports-challengers-2026-north-america-ace-stage-2-r6-2-3
656694,263972,2857,10,True,ten_identified_players,https://www.vlr.gg/656694/alliance-guardians-vs-pigeons-challengers-2026-north-america-ace-stage-2-r6-2-3
656694,263973,2857,10,True,ten_identified_players,https://www.vlr.gg/656694/alliance-guardians-vs-pigeons-challengers-2026-north-america-ace-stage-2-r6-2-3
656694,263974,2857,10,True,ten_identified_players,https://www.vlr.gg/656694/alliance-guardians-vs-pigeons-challengers-2026-north-america-ace-stage-2-r6-2-3
681034,269368,2934,5,False,incomplete_source_lineup,https://www.vlr.gg/681034/any-questions-gaming-vs-unsettled-resentment-china-national-tournament-2026-split-alpha-pro-divi
681034,269369,2934,5,False,incomplete_source_lineup,https://www.vlr.gg/681034/any-questions-gaming-vs-unsettled-resentment-china-national-tournament-2026-split-alpha-pro-divi
681035,269371,2934,5,False,incomplete_source_lineup,https://www.vlr.gg/681035/ace-vs-weibo-gaming-china-national-tournament-2026-split-alpha-pro-division-ubqf
681035,269372,2934,5,False,incomplete_source_lineup,https://www.vlr.gg/681035/ace-vs-weibo-gaming-china-national-tournament-2026-split-alpha-pro-division-ubqf
656695,263975,2857,10,True,ten_identified_players,https://www.vlr.gg/656695/qor-vs-azure-dragon-gaming-challengers-2026-north-america-ace-stage-2-r6-3-2
656695,263976,2857,10,True,ten_identified_players,https://www.vlr.gg/656695/qor-vs-azure-dragon-gaming-challengers-2026-north-america-ace-stage-2-r6-3-2
656695,263977,2857,10,True,ten_identified_players,https://www.vlr.gg/656695/qor-vs-azure-dragon-gaming-challengers-2026-north-america-ace-stage-2-r6-3-2
656696,263978,2857,10,True,ten_identified_players,https://www.vlr.gg/656696/evil-geniuses-academy-vs-shopify-rebellion-black-challengers-2026-north-america-ace-stage-2-r6
656696,263979,2857,10,True,ten_identified_players,https://www.vlr.gg/656696/evil-geniuses-academy-vs-shopify-rebellion-black-challengers-2026-north-america-ace-stage-2-r6
681036,269374,2934,8,False,incomplete_source_lineup,https://www.vlr.gg/681036/keepbest-gaming-vs-victory-no-limits-gaming-china-national-tournament-2026-split-alpha-pro-divis
681036,269375,2934,8,False,incomplete_source_lineup,https://www.vlr.gg/681036/keepbest-gaming-vs-victory-no-limits-gaming-china-national-tournament-2026-split-alpha-pro-divis
681037,269377,2934,5,False,incomplete_source_lineup,https://www.vlr.gg/681037/unsettled-resentment-vs-weibo-gaming-china-national-tournament-2026-split-alpha-pro-division-ubs
681037,269378,2934,5,False,incomplete_source_lineup,https://www.vlr.gg/681037/unsettled-resentment-vs-weibo-gaming-china-national-tournament-2026-split-alpha-pro-division-ubs
644728,258393,2863,10,True,ten_identified_players,https://www.vlr.gg/644728/eternal-fire-vs-pcific-esports-vct-2026-emea-stage-1-w4
644728,258394,2863,10,True,ten_identified_players,https://www.vlr.gg/644728/eternal-fire-vs-pcific-esports-vct-2026-emea-stage-1-w4
644728,258395,2863,10,True,ten_identified_players,https://www.vlr.gg/644728/eternal-fire-vs-pcific-esports-vct-2026-emea-stage-1-w4
644729,258396,2863,10,True,ten_identified_players,https://www.vlr.gg/644729/natus-vincere-vs-team-liquid-vct-2026-emea-stage-1-w4
644729,258397,2863,10,True,ten_identified_players,https://www.vlr.gg/644729/natus-vincere-vs-team-liquid-vct-2026-emea-stage-1-w4
644729,258398,2863,10,True,ten_identified_players,https://www.vlr.gg/644729/natus-vincere-vs-team-liquid-vct-2026-emea-stage-1-w4
661041,265749,2857,10,True,ten_identified_players,https://www.vlr.gg/661041/azure-dragon-gaming-vs-pigeons-challengers-2026-north-america-ace-stage-2-r7-3-3
661041,265750,2857,10,True,ten_identified_players,https://www.vlr.gg/661041/azure-dragon-gaming-vs-pigeons-challengers-2026-north-america-ace-stage-2-r7-3-3
661042,265752,2857,10,True,ten_identified_players,https://www.vlr.gg/661042/shopify-rebellion-black-vs-nightblood-gaming-challengers-2026-north-america-ace-stage-2-r7-3-3
661042,265753,2857,10,True,ten_identified_players,https://www.vlr.gg/661042/shopify-rebellion-black-vs-nightblood-gaming-challengers-2026-north-america-ace-stage-2-r7-3-3
661043,265755,2857,10,True,ten_identified_players,https://www.vlr.gg/661043/nrg-academy-vs-division-one-challengers-2026-north-america-ace-stage-2-r7-3-3
661043,265756,2857,10,True,ten_identified_players,https://www.vlr.gg/661043/nrg-academy-vs-division-one-challengers-2026-north-america-ace-stage-2-r7-3-3
644730,258399,2863,10,True,ten_identified_players,https://www.vlr.gg/644730/giantx-vs-fnatic-vct-2026-emea-stage-1-w4
644730,258400,2863,10,True,ten_identified_players,https://www.vlr.gg/644730/giantx-vs-fnatic-vct-2026-emea-stage-1-w4
644730,258401,2863,10,True,ten_identified_players,https://www.vlr.gg/644730/giantx-vs-fnatic-vct-2026-emea-stage-1-w4
644731,258402,2863,10,True,ten_identified_players,https://www.vlr.gg/644731/karmine-corp-vs-fut-esports-vct-2026-emea-stage-1-w4
644731,258403,2863,10,True,ten_identified_players,https://www.vlr.gg/644731/karmine-corp-vs-fut-esports-vct-2026-emea-stage-1-w4
644731,258404,2863,10,True,ten_identified_players,https://www.vlr.gg/644731/karmine-corp-vs-fut-esports-vct-2026-emea-stage-1-w4
644671,258303,2775,10,True,ten_identified_players,https://www.vlr.gg/644671/rex-regum-qeon-vs-full-sense-vct-2026-pacific-stage-1-w4
644671,258304,2775,10,True,ten_identified_players,https://www.vlr.gg/644671/rex-regum-qeon-vs-full-sense-vct-2026-pacific-stage-1-w4
644671,258305,2775,10,True,ten_identified_players,https://www.vlr.gg/644671/rex-regum-qeon-vs-full-sense-vct-2026-pacific-stage-1-w4
644672,258306,2775,10,True,ten_identified_players,https://www.vlr.gg/644672/paper-rex-vs-global-esports-vct-2026-pacific-stage-1-w4
644672,258307,2775,10,True,ten_identified_players,https://www.vlr.gg/644672/paper-rex-vs-global-esports-vct-2026-pacific-stage-1-w4
644732,258405,2863,10,True,ten_identified_players,https://www.vlr.gg/644732/gentle-mates-vs-team-heretics-vct-2026-emea-stage-1-w4
644732,258406,2863,10,True,ten_identified_players,https://www.vlr.gg/644732/gentle-mates-vs-team-heretics-vct-2026-emea-stage-1-w4
644733,258408,2863,10,True,ten_identified_players,https://www.vlr.gg/644733/bbl-esports-vs-team-vitality-vct-2026-emea-stage-1-w4
644733,258409,2863,10,True,ten_identified_players,https://www.vlr.gg/644733/bbl-esports-vs-team-vitality-vct-2026-emea-stage-1-w4
644733,258410,2863,10,True,ten_identified_players,https://www.vlr.gg/644733/bbl-esports-vs-team-vitality-vct-2026-emea-stage-1-w4
645486,258611,2860,10,True,ten_identified_players,https://www.vlr.gg/645486/leviat-n-vs-envy-vct-2026-americas-stage-1-w3
645486,258612,2860,10,True,ten_identified_players,https://www.vlr.gg/645486/leviat-n-vs-envy-vct-2026-americas-stage-1-w3
645487,258614,2860,10,True,ten_identified_players,https://www.vlr.gg/645487/g2-esports-vs-loud-vct-2026-americas-stage-1-w3
645487,258615,2860,10,True,ten_identified_players,https://www.vlr.gg/645487/g2-esports-vs-loud-vct-2026-americas-stage-1-w3
644673,258309,2775,10,True,ten_identified_players,https://www.vlr.gg/644673/gen-g-vs-kiwoom-drx-vct-2026-pacific-stage-1-w4
644673,258310,2775,10,True,ten_identified_players,https://www.vlr.gg/644673/gen-g-vs-kiwoom-drx-vct-2026-pacific-stage-1-w4
644673,258311,2775,10,True,ten_identified_players,https://www.vlr.gg/644673/gen-g-vs-kiwoom-drx-vct-2026-pacific-stage-1-w4
681040,269388,2934,10,True,ten_identified_players,https://www.vlr.gg/681040/octagonal-disposition-gaming-vs-rare-atom-china-national-tournament-2026-split-alpha-pro-divisio
681040,269389,2934,10,True,ten_identified_players,https://www.vlr.gg/681040/octagonal-disposition-gaming-vs-rare-atom-china-national-tournament-2026-split-alpha-pro-divisio
681040,269390,2934,10,True,ten_identified_players,https://www.vlr.gg/681040/octagonal-disposition-gaming-vs-rare-atom-china-national-tournament-2026-split-alpha-pro-divisio
644674,258312,2775,10,True,ten_identified_players,https://www.vlr.gg/644674/detonation-focusme-vs-varrel-vct-2026-pacific-stage-1-w4
644674,258313,2775,10,True,ten_identified_players,https://www.vlr.gg/644674/detonation-focusme-vs-varrel-vct-2026-pacific-stage-1-w4
644674,258314,2775,10,True,ten_identified_players,https://www.vlr.gg/644674/detonation-focusme-vs-varrel-vct-2026-pacific-stage-1-w4
645488,258617,2860,10,True,ten_identified_players,https://www.vlr.gg/645488/furia-vs-kr-esports-vct-2026-americas-stage-1-w3
645488,258618,2860,10,True,ten_identified_players,https://www.vlr.gg/645488/furia-vs-kr-esports-vct-2026-americas-stage-1-w3
645489,258620,2860,10,True,ten_identified_players,https://www.vlr.gg/645489/nrg-vs-100-thieves-vct-2026-americas-stage-1-w3
645489,258621,2860,10,True,ten_identified_players,https://www.vlr.gg/645489/nrg-vs-100-thieves-vct-2026-americas-stage-1-w3
645489,258622,2860,10,True,ten_identified_players,https://www.vlr.gg/645489/nrg-vs-100-thieves-vct-2026-americas-stage-1-w3
644675,258315,2775,10,True,ten_identified_players,https://www.vlr.gg/644675/t1-vs-zeta-division-vct-2026-pacific-stage-1-w4
644675,258316,2775,10,True,ten_identified_players,https://www.vlr.gg/644675/t1-vs-zeta-division-vct-2026-pacific-stage-1-w4
681042,269394,2934,5,False,incomplete_source_lineup,https://www.vlr.gg/681042/unsettled-resentment-vs-rare-atom-china-national-tournament-2026-split-alpha-pro-division-lr2
681042,269395,2934,5,False,incomplete_source_lineup,https://www.vlr.gg/681042/unsettled-resentment-vs-rare-atom-china-national-tournament-2026-split-alpha-pro-division-lr2
644676,258318,2775,10,True,ten_identified_players,https://www.vlr.gg/644676/nongshim-redforce-vs-team-secret-vct-2026-pacific-stage-1-w4
644676,258319,2775,10,True,ten_identified_players,https://www.vlr.gg/644676/nongshim-redforce-vs-team-secret-vct-2026-pacific-stage-1-w4
644676,258320,2775,10,True,ten_identified_players,https://www.vlr.gg/644676/nongshim-redforce-vs-team-secret-vct-2026-pacific-stage-1-w4
681043,269397,2934,10,True,ten_identified_players,https://www.vlr.gg/681043/victory-no-limits-gaming-vs-any-questions-gaming-china-national-tournament-2026-split-alpha-pro
681043,269398,2934,10,True,ten_identified_players,https://www.vlr.gg/681043/victory-no-limits-gaming-vs-any-questions-gaming-china-national-tournament-2026-split-alpha-pro
645490,258623,2860,10,True,ten_identified_players,https://www.vlr.gg/645490/evil-geniuses-vs-sentinels-vct-2026-americas-stage-1-w3
645490,258624,2860,10,True,ten_identified_players,https://www.vlr.gg/645490/evil-geniuses-vs-sentinels-vct-2026-americas-stage-1-w3
645491,258626,2860,10,True,ten_identified_players,https://www.vlr.gg/645491/mibr-vs-cloud9-vct-2026-americas-stage-1-w3
645491,258627,2860,10,True,ten_identified_players,https://www.vlr.gg/645491/mibr-vs-cloud9-vct-2026-americas-stage-1-w3
681038,269380,2934,8,False,incomplete_source_lineup,https://www.vlr.gg/681038/keepbest-gaming-vs-weibo-gaming-china-national-tournament-2026-split-alpha-pro-division-ubf
681038,269381,2934,8,False,incomplete_source_lineup,https://www.vlr.gg/681038/keepbest-gaming-vs-weibo-gaming-china-national-tournament-2026-split-alpha-pro-division-ubf
681038,269382,2934,8,False,incomplete_source_lineup,https://www.vlr.gg/681038/keepbest-gaming-vs-weibo-gaming-china-national-tournament-2026-split-alpha-pro-division-ubf
661106,265801,2857,10,True,ten_identified_players,https://www.vlr.gg/661106/m80-vs-azure-dragon-gaming-challengers-2026-north-america-ace-stage-2-ubqf
661106,265802,2857,10,True,ten_identified_players,https://www.vlr.gg/661106/m80-vs-azure-dragon-gaming-challengers-2026-north-america-ace-stage-2-ubqf
661105,265798,2857,10,True,ten_identified_players,https://www.vlr.gg/661105/yfp-vs-division-one-challengers-2026-north-america-ace-stage-2-ubqf
661105,265799,2857,10,True,ten_identified_players,https://www.vlr.gg/661105/yfp-vs-division-one-challengers-2026-north-america-ace-stage-2-ubqf
681044,269400,2934,5,False,incomplete_source_lineup,https://www.vlr.gg/681044/unsettled-resentment-vs-any-questions-gaming-china-national-tournament-2026-split-alpha-pro-divi
681044,269401,2934,5,False,incomplete_source_lineup,https://www.vlr.gg/681044/unsettled-resentment-vs-any-questions-gaming-china-national-tournament-2026-split-alpha-pro-divi
661107,265804,2857,10,True,ten_identified_players,https://www.vlr.gg/661107/evil-geniuses-academy-vs-qor-challengers-2026-north-america-ace-stage-2-ubqf
661107,265805,2857,10,True,ten_identified_players,https://www.vlr.gg/661107/evil-geniuses-academy-vs-qor-challengers-2026-north-america-ace-stage-2-ubqf
661108,265807,2857,10,True,ten_identified_players,https://www.vlr.gg/661108/flyquest-vs-shopify-rebellion-black-challengers-2026-north-america-ace-stage-2-ubqf
661108,265808,2857,10,True,ten_identified_players,https://www.vlr.gg/661108/flyquest-vs-shopify-rebellion-black-challengers-2026-north-america-ace-stage-2-ubqf
681045,269403,2934,5,False,incomplete_source_lineup,https://www.vlr.gg/681045/weibo-gaming-vs-unsettled-resentment-china-national-tournament-2026-split-alpha-pro-division-lbf
681045,269404,2934,5,False,incomplete_source_lineup,https://www.vlr.gg/681045/weibo-gaming-vs-unsettled-resentment-china-national-tournament-2026-split-alpha-pro-division-lbf
681045,269405,2934,5,False,incomplete_source_lineup,https://www.vlr.gg/681045/weibo-gaming-vs-unsettled-resentment-china-national-tournament-2026-split-alpha-pro-division-lbf
644734,258411,2863,10,True,ten_identified_players,https://www.vlr.gg/644734/team-heretics-vs-fut-esports-vct-2026-emea-stage-1-w5
644734,258412,2863,10,True,ten_identified_players,https://www.vlr.gg/644734/team-heretics-vs-fut-esports-vct-2026-emea-stage-1-w5
644735,258414,2863,10,True,ten_identified_players,https://www.vlr.gg/644735/team-vitality-vs-pcific-esports-vct-2026-emea-stage-1-w5
644735,258415,2863,10,True,ten_identified_players,https://www.vlr.gg/644735/team-vitality-vs-pcific-esports-vct-2026-emea-stage-1-w5
661113,265824,2857,10,True,ten_identified_players,https://www.vlr.gg/661113/division-one-vs-azure-dragon-gaming-challengers-2026-north-america-ace-stage-2-lr1
661113,265825,2857,10,True,ten_identified_players,https://www.vlr.gg/661113/division-one-vs-azure-dragon-gaming-challengers-2026-north-america-ace-stage-2-lr1
661114,265827,2857,10,True,ten_identified_players,https://www.vlr.gg/661114/qor-vs-flyquest-challengers-2026-north-america-ace-stage-2-lr1
661114,265828,2857,10,True,ten_identified_players,https://www.vlr.gg/661114/qor-vs-flyquest-challengers-2026-north-america-ace-stage-2-lr1
661114,265829,2857,10,True,ten_identified_players,https://www.vlr.gg/661114/qor-vs-flyquest-challengers-2026-north-america-ace-stage-2-lr1
644736,258417,2863,10,True,ten_identified_players,https://www.vlr.gg/644736/natus-vincere-vs-karmine-corp-vct-2026-emea-stage-1-w5
644736,258418,2863,10,True,ten_identified_players,https://www.vlr.gg/644736/natus-vincere-vs-karmine-corp-vct-2026-emea-stage-1-w5
644737,258420,2863,10,True,ten_identified_players,https://www.vlr.gg/644737/bbl-esports-vs-fnatic-vct-2026-emea-stage-1-w5
644737,258421,2863,10,True,ten_identified_players,https://www.vlr.gg/644737/bbl-esports-vs-fnatic-vct-2026-emea-stage-1-w5
661110,265813,2857,10,True,ten_identified_players,https://www.vlr.gg/661110/evil-geniuses-academy-vs-shopify-rebellion-black-challengers-2026-north-america-ace-stage-2-ubsf
661110,265814,2857,10,True,ten_identified_players,https://www.vlr.gg/661110/evil-geniuses-academy-vs-shopify-rebellion-black-challengers-2026-north-america-ace-stage-2-ubsf
661110,265815,2857,10,True,ten_identified_players,https://www.vlr.gg/661110/evil-geniuses-academy-vs-shopify-rebellion-black-challengers-2026-north-america-ace-stage-2-ubsf
661109,265810,2857,10,True,ten_identified_players,https://www.vlr.gg/661109/yfp-vs-m80-challengers-2026-north-america-ace-stage-2-ubsf
661109,265811,2857,10,True,ten_identified_players,https://www.vlr.gg/661109/yfp-vs-m80-challengers-2026-north-america-ace-stage-2-ubsf
644677,258321,2775,10,True,ten_identified_players,https://www.vlr.gg/644677/gen-g-vs-team-secret-vct-2026-pacific-stage-1-w5
644677,258322,2775,10,True,ten_identified_players,https://www.vlr.gg/644677/gen-g-vs-team-secret-vct-2026-pacific-stage-1-w5
644677,258323,2775,10,True,ten_identified_players,https://www.vlr.gg/644677/gen-g-vs-team-secret-vct-2026-pacific-stage-1-w5
659474,265283,2864,10,True,ten_identified_players,https://www.vlr.gg/659474/xi-lai-gaming-vs-titan-esports-club-vct-2026-china-stage-1-ubqf
659474,265284,2864,10,True,ten_identified_players,https://www.vlr.gg/659474/xi-lai-gaming-vs-titan-esports-club-vct-2026-china-stage-1-ubqf
644678,258324,2775,10,True,ten_identified_players,https://www.vlr.gg/644678/varrel-vs-zeta-division-vct-2026-pacific-stage-1-w5
644678,258325,2775,10,True,ten_identified_players,https://www.vlr.gg/644678/varrel-vs-zeta-division-vct-2026-pacific-stage-1-w5
644678,258326,2775,10,True,ten_identified_players,https://www.vlr.gg/644678/varrel-vs-zeta-division-vct-2026-pacific-stage-1-w5
659475,265286,2864,10,True,ten_identified_players,https://www.vlr.gg/659475/jdg-esports-vs-tyloo-vct-2026-china-stage-1-ubqf
659475,265287,2864,10,True,ten_identified_players,https://www.vlr.gg/659475/jdg-esports-vs-tyloo-vct-2026-china-stage-1-ubqf
659475,265288,2864,10,True,ten_identified_players,https://www.vlr.gg/659475/jdg-esports-vs-tyloo-vct-2026-china-stage-1-ubqf
644738,258423,2863,10,True,ten_identified_players,https://www.vlr.gg/644738/giantx-vs-eternal-fire-vct-2026-emea-stage-1-w5
644738,258424,2863,10,True,ten_identified_players,https://www.vlr.gg/644738/giantx-vs-eternal-fire-vct-2026-emea-stage-1-w5
644739,258426,2863,10,True,ten_identified_players,https://www.vlr.gg/644739/gentle-mates-vs-team-liquid-vct-2026-emea-stage-1-w5
644739,258427,2863,10,True,ten_identified_players,https://www.vlr.gg/644739/gentle-mates-vs-team-liquid-vct-2026-emea-stage-1-w5
645492,258629,2860,10,True,ten_identified_players,https://www.vlr.gg/645492/evil-geniuses-vs-nrg-vct-2026-americas-stage-1-w4
645492,258630,2860,10,True,ten_identified_players,https://www.vlr.gg/645492/evil-geniuses-vs-nrg-vct-2026-americas-stage-1-w4
645493,258632,2860,10,True,ten_identified_players,https://www.vlr.gg/645493/leviat-n-vs-mibr-vct-2026-americas-stage-1-w4
645493,258633,2860,10,True,ten_identified_players,https://www.vlr.gg/645493/leviat-n-vs-mibr-vct-2026-americas-stage-1-w4
644679,258327,2775,10,True,ten_identified_players,https://www.vlr.gg/644679/t1-vs-full-sense-vct-2026-pacific-stage-1-w5
644679,258328,2775,10,True,ten_identified_players,https://www.vlr.gg/644679/t1-vs-full-sense-vct-2026-pacific-stage-1-w5
644679,258329,2775,10,True,ten_identified_players,https://www.vlr.gg/644679/t1-vs-full-sense-vct-2026-pacific-stage-1-w5
659476,265289,2864,10,True,ten_identified_players,https://www.vlr.gg/659476/all-gamers-vs-trace-esports-vct-2026-china-stage-1-ubqf
659476,265290,2864,10,True,ten_identified_players,https://www.vlr.gg/659476/all-gamers-vs-trace-esports-vct-2026-china-stage-1-ubqf
644680,258330,2775,10,True,ten_identified_players,https://www.vlr.gg/644680/nongshim-redforce-vs-global-esports-vct-2026-pacific-stage-1-w5
644680,258331,2775,10,True,ten_identified_players,https://www.vlr.gg/644680/nongshim-redforce-vs-global-esports-vct-2026-pacific-stage-1-w5
644680,258332,2775,10,True,ten_identified_players,https://www.vlr.gg/644680/nongshim-redforce-vs-global-esports-vct-2026-pacific-stage-1-w5
659477,265292,2864,10,True,ten_identified_players,https://www.vlr.gg/659477/edward-gaming-vs-dragon-ranger-gaming-vct-2026-china-stage-1-ubqf
659477,265293,2864,10,True,ten_identified_players,https://www.vlr.gg/659477/edward-gaming-vs-dragon-ranger-gaming-vct-2026-china-stage-1-ubqf
659477,265294,2864,10,True,ten_identified_players,https://www.vlr.gg/659477/edward-gaming-vs-dragon-ranger-gaming-vct-2026-china-stage-1-ubqf
645494,258635,2860,10,True,ten_identified_players,https://www.vlr.gg/645494/kr-esports-vs-100-thieves-vct-2026-americas-stage-1-w4
645494,258636,2860,10,True,ten_identified_players,https://www.vlr.gg/645494/kr-esports-vs-100-thieves-vct-2026-americas-stage-1-w4
645494,258637,2860,10,True,ten_identified_players,https://www.vlr.gg/645494/kr-esports-vs-100-thieves-vct-2026-americas-stage-1-w4
645495,258638,2860,10,True,ten_identified_players,https://www.vlr.gg/645495/furia-vs-sentinels-vct-2026-americas-stage-1-w4
645495,258639,2860,10,True,ten_identified_players,https://www.vlr.gg/645495/furia-vs-sentinels-vct-2026-americas-stage-1-w4
645495,258640,2860,10,True,ten_identified_players,https://www.vlr.gg/645495/furia-vs-sentinels-vct-2026-americas-stage-1-w4
644681,258333,2775,10,True,ten_identified_players,https://www.vlr.gg/644681/paper-rex-vs-kiwoom-drx-vct-2026-pacific-stage-1-w5
644681,258334,2775,10,True,ten_identified_players,https://www.vlr.gg/644681/paper-rex-vs-kiwoom-drx-vct-2026-pacific-stage-1-w5
659482,265309,2864,10,True,ten_identified_players,https://www.vlr.gg/659482/titan-esports-club-vs-tyloo-vct-2026-china-stage-1-lr1
659482,265310,2864,10,True,ten_identified_players,https://www.vlr.gg/659482/titan-esports-club-vs-tyloo-vct-2026-china-stage-1-lr1
659482,265311,2864,10,True,ten_identified_players,https://www.vlr.gg/659482/titan-esports-club-vs-tyloo-vct-2026-china-stage-1-lr1
644682,258336,2775,10,True,ten_identified_players,https://www.vlr.gg/644682/rex-regum-qeon-vs-detonation-focusme-vct-2026-pacific-stage-1-w5
644682,258337,2775,10,True,ten_identified_players,https://www.vlr.gg/644682/rex-regum-qeon-vs-detonation-focusme-vct-2026-pacific-stage-1-w5
644682,258338,2775,10,True,ten_identified_players,https://www.vlr.gg/644682/rex-regum-qeon-vs-detonation-focusme-vct-2026-pacific-stage-1-w5
659483,265312,2864,10,True,ten_identified_players,https://www.vlr.gg/659483/trace-esports-vs-dragon-ranger-gaming-vct-2026-china-stage-1-lr1
659483,265313,2864,10,True,ten_identified_players,https://www.vlr.gg/659483/trace-esports-vs-dragon-ranger-gaming-vct-2026-china-stage-1-lr1
645496,258641,2860,10,True,ten_identified_players,https://www.vlr.gg/645496/loud-vs-cloud9-vct-2026-americas-stage-1-w4
645496,258642,2860,10,True,ten_identified_players,https://www.vlr.gg/645496/loud-vs-cloud9-vct-2026-americas-stage-1-w4
645496,258643,2860,10,True,ten_identified_players,https://www.vlr.gg/645496/loud-vs-cloud9-vct-2026-americas-stage-1-w4
645497,258644,2860,10,True,ten_identified_players,https://www.vlr.gg/645497/g2-esports-vs-envy-vct-2026-americas-stage-1-w4
645497,258645,2860,10,True,ten_identified_players,https://www.vlr.gg/645497/g2-esports-vs-envy-vct-2026-americas-stage-1-w4
681039,269383,2934,3,False,incomplete_source_lineup,https://www.vlr.gg/681039/keepbest-gaming-vs-unsettled-resentment-china-national-tournament-2026-split-alpha-pro-division
681039,269384,2934,3,False,incomplete_source_lineup,https://www.vlr.gg/681039/keepbest-gaming-vs-unsettled-resentment-china-national-tournament-2026-split-alpha-pro-division
681039,269385,2934,3,False,incomplete_source_lineup,https://www.vlr.gg/681039/keepbest-gaming-vs-unsettled-resentment-china-national-tournament-2026-split-alpha-pro-division
681039,269386,2934,3,False,incomplete_source_lineup,https://www.vlr.gg/681039/keepbest-gaming-vs-unsettled-resentment-china-national-tournament-2026-split-alpha-pro-division
681039,269387,2934,3,False,incomplete_source_lineup,https://www.vlr.gg/681039/keepbest-gaming-vs-unsettled-resentment-china-national-tournament-2026-split-alpha-pro-division
659478,265295,2864,10,True,ten_identified_players,https://www.vlr.gg/659478/xi-lai-gaming-vs-jdg-esports-vct-2026-china-stage-1-ubsf
659478,265296,2864,10,True,ten_identified_players,https://www.vlr.gg/659478/xi-lai-gaming-vs-jdg-esports-vct-2026-china-stage-1-ubsf
659479,265298,2864,10,True,ten_identified_players,https://www.vlr.gg/659479/all-gamers-vs-edward-gaming-vct-2026-china-stage-1-ubsf
659479,265299,2864,10,True,ten_identified_players,https://www.vlr.gg/659479/all-gamers-vs-edward-gaming-vct-2026-china-stage-1-ubsf
661115,265830,2857,10,True,ten_identified_players,https://www.vlr.gg/661115/evil-geniuses-academy-vs-division-one-challengers-2026-north-america-ace-stage-2-lr2
661115,265831,2857,10,True,ten_identified_players,https://www.vlr.gg/661115/evil-geniuses-academy-vs-division-one-challengers-2026-north-america-ace-stage-2-lr2
661115,265832,2857,10,True,ten_identified_players,https://www.vlr.gg/661115/evil-geniuses-academy-vs-division-one-challengers-2026-north-america-ace-stage-2-lr2
661116,265833,2857,10,True,ten_identified_players,https://www.vlr.gg/661116/yfp-vs-flyquest-challengers-2026-north-america-ace-stage-2-lr2
661116,265834,2857,10,True,ten_identified_players,https://www.vlr.gg/661116/yfp-vs-flyquest-challengers-2026-north-america-ace-stage-2-lr2
659485,265318,2864,10,True,ten_identified_players,https://www.vlr.gg/659485/jdg-esports-vs-dragon-ranger-gaming-vct-2026-china-stage-1-lr2
659485,265319,2864,10,True,ten_identified_players,https://www.vlr.gg/659485/jdg-esports-vs-dragon-ranger-gaming-vct-2026-china-stage-1-lr2
659484,265315,2864,10,True,ten_identified_players,https://www.vlr.gg/659484/all-gamers-vs-tyloo-vct-2026-china-stage-1-lr2
659484,265316,2864,10,True,ten_identified_players,https://www.vlr.gg/659484/all-gamers-vs-tyloo-vct-2026-china-stage-1-lr2
659484,265317,2864,10,True,ten_identified_players,https://www.vlr.gg/659484/all-gamers-vs-tyloo-vct-2026-china-stage-1-lr2
661111,265816,2857,10,True,ten_identified_players,https://www.vlr.gg/661111/m80-vs-shopify-rebellion-black-challengers-2026-north-america-ace-stage-2-ubf
661111,265817,2857,10,True,ten_identified_players,https://www.vlr.gg/661111/m80-vs-shopify-rebellion-black-challengers-2026-north-america-ace-stage-2-ubf
668470,267072,2962,10,True,ten_identified_players,https://www.vlr.gg/668470/team-solid-vs-tbk-esports-challengers-2026-brazil-gamers-club-stage-2-w1
668470,267073,2962,10,True,ten_identified_players,https://www.vlr.gg/668470/team-solid-vs-tbk-esports-challengers-2026-brazil-gamers-club-stage-2-w1
668470,267074,2962,10,True,ten_identified_players,https://www.vlr.gg/668470/team-solid-vs-tbk-esports-challengers-2026-brazil-gamers-club-stage-2-w1
668471,267075,2962,10,True,ten_identified_players,https://www.vlr.gg/668471/peek-vs-abacatudos-challengers-2026-brazil-gamers-club-stage-2-w1
668471,267076,2962,10,True,ten_identified_players,https://www.vlr.gg/668471/peek-vs-abacatudos-challengers-2026-brazil-gamers-club-stage-2-w1
661117,265836,2857,10,True,ten_identified_players,https://www.vlr.gg/661117/division-one-vs-flyquest-challengers-2026-north-america-ace-stage-2-lr3
661117,265837,2857,10,True,ten_identified_players,https://www.vlr.gg/661117/division-one-vs-flyquest-challengers-2026-north-america-ace-stage-2-lr3
661117,265838,2857,10,True,ten_identified_players,https://www.vlr.gg/661117/division-one-vs-flyquest-challengers-2026-north-america-ace-stage-2-lr3
668472,267078,2962,10,True,ten_identified_players,https://www.vlr.gg/668472/furia-academy-vs-f4tality-challengers-2026-brazil-gamers-club-stage-2-w1
668472,267079,2962,10,True,ten_identified_players,https://www.vlr.gg/668472/furia-academy-vs-f4tality-challengers-2026-brazil-gamers-club-stage-2-w1
668472,267080,2962,10,True,ten_identified_players,https://www.vlr.gg/668472/furia-academy-vs-f4tality-challengers-2026-brazil-gamers-club-stage-2-w1
661118,265839,2857,10,True,ten_identified_players,https://www.vlr.gg/661118/shopify-rebellion-black-vs-division-one-challengers-2026-north-america-ace-stage-2-lbf
661118,265840,2857,10,True,ten_identified_players,https://www.vlr.gg/661118/shopify-rebellion-black-vs-division-one-challengers-2026-north-america-ace-stage-2-lbf
661118,265841,2857,10,True,ten_identified_players,https://www.vlr.gg/661118/shopify-rebellion-black-vs-division-one-challengers-2026-north-america-ace-stage-2-lbf
661118,265842,2857,10,True,ten_identified_players,https://www.vlr.gg/661118/shopify-rebellion-black-vs-division-one-challengers-2026-north-america-ace-stage-2-lbf
668473,267081,2962,10,True,ten_identified_players,https://www.vlr.gg/668473/2game-esports-vs-elevate-challengers-2026-brazil-gamers-club-stage-2-w1
668473,267082,2962,10,True,ten_identified_players,https://www.vlr.gg/668473/2game-esports-vs-elevate-challengers-2026-brazil-gamers-club-stage-2-w1
668473,267083,2962,10,True,ten_identified_players,https://www.vlr.gg/668473/2game-esports-vs-elevate-challengers-2026-brazil-gamers-club-stage-2-w1
668474,267084,2962,10,True,ten_identified_players,https://www.vlr.gg/668474/red-canids-vs-team-liquid-brazil-challengers-2026-brazil-gamers-club-stage-2-w1
668474,267085,2962,10,True,ten_identified_players,https://www.vlr.gg/668474/red-canids-vs-team-liquid-brazil-challengers-2026-brazil-gamers-club-stage-2-w1
668475,267087,2962,10,True,ten_identified_players,https://www.vlr.gg/668475/la-masia-vs-team-ego-challengers-2026-brazil-gamers-club-stage-2-w1
668475,267088,2962,10,True,ten_identified_players,https://www.vlr.gg/668475/la-masia-vs-team-ego-challengers-2026-brazil-gamers-club-stage-2-w1
666488,266840,2775,10,True,ten_identified_players,https://www.vlr.gg/666488/rex-regum-qeon-vs-global-esports-vct-2026-pacific-stage-1-ur1
666488,266841,2775,10,True,ten_identified_players,https://www.vlr.gg/666488/rex-regum-qeon-vs-global-esports-vct-2026-pacific-stage-1-ur1
666489,266843,2775,10,True,ten_identified_players,https://www.vlr.gg/666489/kiwoom-drx-vs-full-sense-vct-2026-pacific-stage-1-ur1
666489,266844,2775,10,True,ten_identified_players,https://www.vlr.gg/666489/kiwoom-drx-vs-full-sense-vct-2026-pacific-stage-1-ur1
660381,265462,2863,10,True,ten_identified_players,https://www.vlr.gg/660381/eternal-fire-vs-team-heretics-vct-2026-emea-stage-1-ur1
660381,265463,2863,10,True,ten_identified_players,https://www.vlr.gg/660381/eternal-fire-vs-team-heretics-vct-2026-emea-stage-1-ur1
660381,265464,2863,10,True,ten_identified_players,https://www.vlr.gg/660381/eternal-fire-vs-team-heretics-vct-2026-emea-stage-1-ur1
660382,265465,2863,10,True,ten_identified_players,https://www.vlr.gg/660382/team-liquid-vs-team-vitality-vct-2026-emea-stage-1-ur1
660382,265466,2863,10,True,ten_identified_players,https://www.vlr.gg/660382/team-liquid-vs-team-vitality-vct-2026-emea-stage-1-ur1
660382,265467,2863,10,True,ten_identified_players,https://www.vlr.gg/660382/team-liquid-vs-team-vitality-vct-2026-emea-stage-1-ur1
661112,265819,2857,10,True,ten_identified_players,https://www.vlr.gg/661112/m80-vs-shopify-rebellion-black-challengers-2026-north-america-ace-stage-2-gf
661112,265820,2857,10,True,ten_identified_players,https://www.vlr.gg/661112/m80-vs-shopify-rebellion-black-challengers-2026-north-america-ace-stage-2-gf
661112,265821,2857,10,True,ten_identified_players,https://www.vlr.gg/661112/m80-vs-shopify-rebellion-black-challengers-2026-north-america-ace-stage-2-gf
661112,265822,2857,10,True,ten_identified_players,https://www.vlr.gg/661112/m80-vs-shopify-rebellion-black-challengers-2026-north-america-ace-stage-2-gf
661112,265823,2857,10,True,ten_identified_players,https://www.vlr.gg/661112/m80-vs-shopify-rebellion-black-challengers-2026-north-america-ace-stage-2-gf
666490,266846,2775,10,True,ten_identified_players,https://www.vlr.gg/666490/paper-rex-vs-global-esports-vct-2026-pacific-stage-1-ubsf
666490,266847,2775,10,True,ten_identified_players,https://www.vlr.gg/666490/paper-rex-vs-global-esports-vct-2026-pacific-stage-1-ubsf
666490,266848,2775,10,True,ten_identified_players,https://www.vlr.gg/666490/paper-rex-vs-global-esports-vct-2026-pacific-stage-1-ubsf
659480,265301,2864,10,True,ten_identified_players,https://www.vlr.gg/659480/xi-lai-gaming-vs-edward-gaming-vct-2026-china-stage-1-ubf
659480,265302,2864,10,True,ten_identified_players,https://www.vlr.gg/659480/xi-lai-gaming-vs-edward-gaming-vct-2026-china-stage-1-ubf
659486,265321,2864,10,True,ten_identified_players,https://www.vlr.gg/659486/all-gamers-vs-dragon-ranger-gaming-vct-2026-china-stage-1-lr3
659486,265322,2864,10,True,ten_identified_players,https://www.vlr.gg/659486/all-gamers-vs-dragon-ranger-gaming-vct-2026-china-stage-1-lr3
659486,265323,2864,10,True,ten_identified_players,https://www.vlr.gg/659486/all-gamers-vs-dragon-ranger-gaming-vct-2026-china-stage-1-lr3
666491,266849,2775,10,True,ten_identified_players,https://www.vlr.gg/666491/t1-vs-full-sense-vct-2026-pacific-stage-1-ubsf
666491,266850,2775,10,True,ten_identified_players,https://www.vlr.gg/666491/t1-vs-full-sense-vct-2026-pacific-stage-1-ubsf
660383,265468,2863,10,True,ten_identified_players,https://www.vlr.gg/660383/fut-esports-vs-eternal-fire-vct-2026-emea-stage-1-ubsf
660383,265469,2863,10,True,ten_identified_players,https://www.vlr.gg/660383/fut-esports-vs-eternal-fire-vct-2026-emea-stage-1-ubsf
660383,265470,2863,10,True,ten_identified_players,https://www.vlr.gg/660383/fut-esports-vs-eternal-fire-vct-2026-emea-stage-1-ubsf
660384,265471,2863,10,True,ten_identified_players,https://www.vlr.gg/660384/fnatic-vs-team-vitality-vct-2026-emea-stage-1-ubsf
660384,265472,2863,10,True,ten_identified_players,https://www.vlr.gg/660384/fnatic-vs-team-vitality-vct-2026-emea-stage-1-ubsf
645498,258647,2860,10,True,ten_identified_players,https://www.vlr.gg/645498/kr-esports-vs-evil-geniuses-vct-2026-americas-stage-1-w5
645498,258648,2860,10,True,ten_identified_players,https://www.vlr.gg/645498/kr-esports-vs-evil-geniuses-vct-2026-americas-stage-1-w5
645498,258649,2860,10,True,ten_identified_players,https://www.vlr.gg/645498/kr-esports-vs-evil-geniuses-vct-2026-americas-stage-1-w5
645499,258650,2860,10,True,ten_identified_players,https://www.vlr.gg/645499/furia-vs-100-thieves-vct-2026-americas-stage-1-w5
645499,258651,2860,10,True,ten_identified_players,https://www.vlr.gg/645499/furia-vs-100-thieves-vct-2026-americas-stage-1-w5
645499,258652,2860,10,True,ten_identified_players,https://www.vlr.gg/645499/furia-vs-100-thieves-vct-2026-americas-stage-1-w5
666494,266860,2775,10,True,ten_identified_players,https://www.vlr.gg/666494/rex-regum-qeon-vs-detonation-focusme-vct-2026-pacific-stage-1-lr1
666494,266861,2775,10,True,ten_identified_players,https://www.vlr.gg/666494/rex-regum-qeon-vs-detonation-focusme-vct-2026-pacific-stage-1-lr1
666494,266862,2775,10,True,ten_identified_players,https://www.vlr.gg/666494/rex-regum-qeon-vs-detonation-focusme-vct-2026-pacific-stage-1-lr1
659487,265324,2864,10,True,ten_identified_players,https://www.vlr.gg/659487/xi-lai-gaming-vs-dragon-ranger-gaming-vct-2026-china-stage-1-lbf
659487,265325,2864,10,True,ten_identified_players,https://www.vlr.gg/659487/xi-lai-gaming-vs-dragon-ranger-gaming-vct-2026-china-stage-1-lbf
659487,265326,2864,10,True,ten_identified_players,https://www.vlr.gg/659487/xi-lai-gaming-vs-dragon-ranger-gaming-vct-2026-china-stage-1-lbf
659487,265327,2864,10,True,ten_identified_players,https://www.vlr.gg/659487/xi-lai-gaming-vs-dragon-ranger-gaming-vct-2026-china-stage-1-lbf
666495,266863,2775,10,True,ten_identified_players,https://www.vlr.gg/666495/kiwoom-drx-vs-nongshim-redforce-vct-2026-pacific-stage-1-lr1
666495,266864,2775,10,True,ten_identified_players,https://www.vlr.gg/666495/kiwoom-drx-vs-nongshim-redforce-vct-2026-pacific-stage-1-lr1
666495,266865,2775,10,True,ten_identified_players,https://www.vlr.gg/666495/kiwoom-drx-vs-nongshim-redforce-vct-2026-pacific-stage-1-lr1
660387,265482,2863,10,True,ten_identified_players,https://www.vlr.gg/660387/team-heretics-vs-bbl-esports-vct-2026-emea-stage-1-lr1
660387,265483,2863,10,True,ten_identified_players,https://www.vlr.gg/660387/team-heretics-vs-bbl-esports-vct-2026-emea-stage-1-lr1
660388,265485,2863,10,True,ten_identified_players,https://www.vlr.gg/660388/team-liquid-vs-gentle-mates-vct-2026-emea-stage-1-lr1
660388,265486,2863,10,True,ten_identified_players,https://www.vlr.gg/660388/team-liquid-vs-gentle-mates-vct-2026-emea-stage-1-lr1
660388,265487,2863,10,True,ten_identified_players,https://www.vlr.gg/660388/team-liquid-vs-gentle-mates-vct-2026-emea-stage-1-lr1
645500,258653,2860,10,True,ten_identified_players,https://www.vlr.gg/645500/g2-esports-vs-cloud9-vct-2026-americas-stage-1-w5
645500,258654,2860,10,True,ten_identified_players,https://www.vlr.gg/645500/g2-esports-vs-cloud9-vct-2026-americas-stage-1-w5
645501,258656,2860,10,True,ten_identified_players,https://www.vlr.gg/645501/envy-vs-mibr-vct-2026-americas-stage-1-w5
645501,258657,2860,10,True,ten_identified_players,https://www.vlr.gg/645501/envy-vs-mibr-vct-2026-americas-stage-1-w5
666496,266866,2775,10,True,ten_identified_players,https://www.vlr.gg/666496/t1-vs-rex-regum-qeon-vct-2026-pacific-stage-1-lr2
666496,266867,2775,10,True,ten_identified_players,https://www.vlr.gg/666496/t1-vs-rex-regum-qeon-vct-2026-pacific-stage-1-lr2
666496,266868,2775,10,True,ten_identified_players,https://www.vlr.gg/666496/t1-vs-rex-regum-qeon-vct-2026-pacific-stage-1-lr2
659481,265304,2864,10,True,ten_identified_players,https://www.vlr.gg/659481/edward-gaming-vs-xi-lai-gaming-vct-2026-china-stage-1-gf
659481,265305,2864,10,True,ten_identified_players,https://www.vlr.gg/659481/edward-gaming-vs-xi-lai-gaming-vct-2026-china-stage-1-gf
659481,265306,2864,10,True,ten_identified_players,https://www.vlr.gg/659481/edward-gaming-vs-xi-lai-gaming-vct-2026-china-stage-1-gf
659481,265307,2864,10,True,ten_identified_players,https://www.vlr.gg/659481/edward-gaming-vs-xi-lai-gaming-vct-2026-china-stage-1-gf
659481,265308,2864,10,True,ten_identified_players,https://www.vlr.gg/659481/edward-gaming-vs-xi-lai-gaming-vct-2026-china-stage-1-gf
666497,266869,2775,10,True,ten_identified_players,https://www.vlr.gg/666497/paper-rex-vs-kiwoom-drx-vct-2026-pacific-stage-1-lr2
666497,266870,2775,10,True,ten_identified_players,https://www.vlr.gg/666497/paper-rex-vs-kiwoom-drx-vct-2026-pacific-stage-1-lr2
666497,266871,2775,10,True,ten_identified_players,https://www.vlr.gg/666497/paper-rex-vs-kiwoom-drx-vct-2026-pacific-stage-1-lr2
660389,265488,2863,10,True,ten_identified_players,https://www.vlr.gg/660389/fnatic-vs-team-heretics-vct-2026-emea-stage-1-lr2
660389,265489,2863,10,True,ten_identified_players,https://www.vlr.gg/660389/fnatic-vs-team-heretics-vct-2026-emea-stage-1-lr2
660389,265490,2863,10,True,ten_identified_players,https://www.vlr.gg/660389/fnatic-vs-team-heretics-vct-2026-emea-stage-1-lr2
660390,265491,2863,10,True,ten_identified_players,https://www.vlr.gg/660390/eternal-fire-vs-gentle-mates-vct-2026-emea-stage-1-lr2
660390,265492,2863,10,True,ten_identified_players,https://www.vlr.gg/660390/eternal-fire-vs-gentle-mates-vct-2026-emea-stage-1-lr2
674149,268083,2857,10,True,ten_identified_players,https://www.vlr.gg/674149/shopify-rebellion-gold-vs-evictix-challengers-2026-north-america-ace-stage-2-promo-relegation-ro
674149,268084,2857,10,True,ten_identified_players,https://www.vlr.gg/674149/shopify-rebellion-gold-vs-evictix-challengers-2026-north-america-ace-stage-2-promo-relegation-ro
645502,258659,2860,10,True,ten_identified_players,https://www.vlr.gg/645502/loud-vs-leviat-n-vct-2026-americas-stage-1-w5
645502,258660,2860,10,True,ten_identified_players,https://www.vlr.gg/645502/loud-vs-leviat-n-vct-2026-americas-stage-1-w5
645502,258661,2860,10,True,ten_identified_players,https://www.vlr.gg/645502/loud-vs-leviat-n-vct-2026-americas-stage-1-w5
645503,258662,2860,10,True,ten_identified_players,https://www.vlr.gg/645503/sentinels-vs-nrg-vct-2026-americas-stage-1-w5
645503,258663,2860,10,True,ten_identified_players,https://www.vlr.gg/645503/sentinels-vs-nrg-vct-2026-americas-stage-1-w5
645503,258664,2860,10,True,ten_identified_players,https://www.vlr.gg/645503/sentinels-vs-nrg-vct-2026-americas-stage-1-w5
674150,268086,2857,10,True,ten_identified_players,https://www.vlr.gg/674150/rose-vs-shopify-rebellion-gold-challengers-2026-north-america-ace-stage-2-promo-relegation-round
674150,268087,2857,10,True,ten_identified_players,https://www.vlr.gg/674150/rose-vs-shopify-rebellion-gold-challengers-2026-north-america-ace-stage-2-promo-relegation-round
668478,267090,2962,10,True,ten_identified_players,https://www.vlr.gg/668478/team-solid-vs-mibr-academy-challengers-2026-brazil-gamers-club-stage-2-w2
668478,267091,2962,10,True,ten_identified_players,https://www.vlr.gg/668478/team-solid-vs-mibr-academy-challengers-2026-brazil-gamers-club-stage-2-w2
668479,267093,2962,10,True,ten_identified_players,https://www.vlr.gg/668479/tbk-esports-vs-peek-challengers-2026-brazil-gamers-club-stage-2-w2
668479,267094,2962,10,True,ten_identified_players,https://www.vlr.gg/668479/tbk-esports-vs-peek-challengers-2026-brazil-gamers-club-stage-2-w2
674151,268089,2857,10,True,ten_identified_players,https://www.vlr.gg/674151/evictix-vs-rose-challengers-2026-north-america-ace-stage-2-promo-relegation-round-robin
674151,268090,2857,10,True,ten_identified_players,https://www.vlr.gg/674151/evictix-vs-rose-challengers-2026-north-america-ace-stage-2-promo-relegation-round-robin
668480,267096,2962,10,True,ten_identified_players,https://www.vlr.gg/668480/f4tality-vs-abacatudos-challengers-2026-brazil-gamers-club-stage-2-w2
668480,267097,2962,10,True,ten_identified_players,https://www.vlr.gg/668480/f4tality-vs-abacatudos-challengers-2026-brazil-gamers-club-stage-2-w2
668480,267098,2962,10,True,ten_identified_players,https://www.vlr.gg/668480/f4tality-vs-abacatudos-challengers-2026-brazil-gamers-club-stage-2-w2
668481,267099,2962,10,True,ten_identified_players,https://www.vlr.gg/668481/2game-esports-vs-intz-challengers-2026-brazil-gamers-club-stage-2-w2
668481,267100,2962,10,True,ten_identified_players,https://www.vlr.gg/668481/2game-esports-vs-intz-challengers-2026-brazil-gamers-club-stage-2-w2
668481,267101,2962,10,True,ten_identified_players,https://www.vlr.gg/668481/2game-esports-vs-intz-challengers-2026-brazil-gamers-club-stage-2-w2
668482,267102,2962,10,True,ten_identified_players,https://www.vlr.gg/668482/elevate-vs-red-canids-challengers-2026-brazil-gamers-club-stage-2-w2
668482,267103,2962,10,True,ten_identified_players,https://www.vlr.gg/668482/elevate-vs-red-canids-challengers-2026-brazil-gamers-club-stage-2-w2
668482,267104,2962,10,True,ten_identified_players,https://www.vlr.gg/668482/elevate-vs-red-canids-challengers-2026-brazil-gamers-club-stage-2-w2
674153,268093,2857,10,True,ten_identified_players,https://www.vlr.gg/674153/jackpot-vs-rose-challengers-2026-north-america-ace-stage-2-promo-relegation-promotion
674153,268094,2857,10,True,ten_identified_players,https://www.vlr.gg/674153/jackpot-vs-rose-challengers-2026-north-america-ace-stage-2-promo-relegation-promotion
674153,268422,2857,10,True,ten_identified_players,https://www.vlr.gg/674153/jackpot-vs-rose-challengers-2026-north-america-ace-stage-2-promo-relegation-promotion
674153,268423,2857,10,True,ten_identified_players,https://www.vlr.gg/674153/jackpot-vs-rose-challengers-2026-north-america-ace-stage-2-promo-relegation-promotion
674153,268424,2857,10,True,ten_identified_players,https://www.vlr.gg/674153/jackpot-vs-rose-challengers-2026-north-america-ace-stage-2-promo-relegation-promotion
674154,268095,2857,10,True,ten_identified_players,https://www.vlr.gg/674154/tempers-vs-evictix-challengers-2026-north-america-ace-stage-2-promo-relegation-promotion
674154,268096,2857,10,True,ten_identified_players,https://www.vlr.gg/674154/tempers-vs-evictix-challengers-2026-north-america-ace-stage-2-promo-relegation-promotion
674154,268097,2857,10,True,ten_identified_players,https://www.vlr.gg/674154/tempers-vs-evictix-challengers-2026-north-america-ace-stage-2-promo-relegation-promotion
668483,267105,2962,10,True,ten_identified_players,https://www.vlr.gg/668483/team-ego-vs-team-liquid-brazil-challengers-2026-brazil-gamers-club-stage-2-w2
668483,267106,2962,10,True,ten_identified_players,https://www.vlr.gg/668483/team-ego-vs-team-liquid-brazil-challengers-2026-brazil-gamers-club-stage-2-w2
660369,265422,2860,10,True,ten_identified_players,https://www.vlr.gg/660369/furia-vs-leviat-n-vct-2026-americas-stage-1-ur1
660369,265423,2860,10,True,ten_identified_players,https://www.vlr.gg/660369/furia-vs-leviat-n-vct-2026-americas-stage-1-ur1
660369,265424,2860,10,True,ten_identified_players,https://www.vlr.gg/660369/furia-vs-leviat-n-vct-2026-americas-stage-1-ur1
660370,265425,2860,10,True,ten_identified_players,https://www.vlr.gg/660370/g2-esports-vs-100-thieves-vct-2026-americas-stage-1-ur1
660370,265426,2860,10,True,ten_identified_players,https://www.vlr.gg/660370/g2-esports-vs-100-thieves-vct-2026-americas-stage-1-ur1
666492,266852,2775,10,True,ten_identified_players,https://www.vlr.gg/666492/global-esports-vs-full-sense-vct-2026-pacific-stage-1-ubf
666492,266853,2775,10,True,ten_identified_players,https://www.vlr.gg/666492/global-esports-vs-full-sense-vct-2026-pacific-stage-1-ubf
666498,266872,2775,10,True,ten_identified_players,https://www.vlr.gg/666498/t1-vs-paper-rex-vct-2026-pacific-stage-1-lr3
666498,266873,2775,10,True,ten_identified_players,https://www.vlr.gg/666498/t1-vs-paper-rex-vct-2026-pacific-stage-1-lr3
666498,266874,2775,10,True,ten_identified_players,https://www.vlr.gg/666498/t1-vs-paper-rex-vct-2026-pacific-stage-1-lr3
660385,265474,2863,10,True,ten_identified_players,https://www.vlr.gg/660385/fut-esports-vs-team-vitality-vct-2026-emea-stage-1-ubf
660385,265475,2863,10,True,ten_identified_players,https://www.vlr.gg/660385/fut-esports-vs-team-vitality-vct-2026-emea-stage-1-ubf
660385,265476,2863,10,True,ten_identified_players,https://www.vlr.gg/660385/fut-esports-vs-team-vitality-vct-2026-emea-stage-1-ubf
660391,265494,2863,10,True,ten_identified_players,https://www.vlr.gg/660391/team-heretics-vs-eternal-fire-vct-2026-emea-stage-1-lr3
660391,265495,2863,10,True,ten_identified_players,https://www.vlr.gg/660391/team-heretics-vs-eternal-fire-vct-2026-emea-stage-1-lr3
660391,265496,2863,10,True,ten_identified_players,https://www.vlr.gg/660391/team-heretics-vs-eternal-fire-vct-2026-emea-stage-1-lr3
660371,265428,2860,10,True,ten_identified_players,https://www.vlr.gg/660371/mibr-vs-leviat-n-vct-2026-americas-stage-1-ubsf
660371,265429,2860,10,True,ten_identified_players,https://www.vlr.gg/660371/mibr-vs-leviat-n-vct-2026-americas-stage-1-ubsf
660371,265430,2860,10,True,ten_identified_players,https://www.vlr.gg/660371/mibr-vs-leviat-n-vct-2026-americas-stage-1-ubsf
660372,265431,2860,10,True,ten_identified_players,https://www.vlr.gg/660372/kr-esports-vs-g2-esports-vct-2026-americas-stage-1-ubsf
660372,265432,2860,10,True,ten_identified_players,https://www.vlr.gg/660372/kr-esports-vs-g2-esports-vct-2026-americas-stage-1-ubsf
666499,266875,2775,10,True,ten_identified_players,https://www.vlr.gg/666499/global-esports-vs-paper-rex-vct-2026-pacific-stage-1-lbf
666499,266876,2775,10,True,ten_identified_players,https://www.vlr.gg/666499/global-esports-vs-paper-rex-vct-2026-pacific-stage-1-lbf
666499,266877,2775,10,True,ten_identified_players,https://www.vlr.gg/666499/global-esports-vs-paper-rex-vct-2026-pacific-stage-1-lbf
660392,265497,2863,10,True,ten_identified_players,https://www.vlr.gg/660392/fut-esports-vs-team-heretics-vct-2026-emea-stage-1-lbf
660392,265498,2863,10,True,ten_identified_players,https://www.vlr.gg/660392/fut-esports-vs-team-heretics-vct-2026-emea-stage-1-lbf
660392,265499,2863,10,True,ten_identified_players,https://www.vlr.gg/660392/fut-esports-vs-team-heretics-vct-2026-emea-stage-1-lbf
660392,265500,2863,10,True,ten_identified_players,https://www.vlr.gg/660392/fut-esports-vs-team-heretics-vct-2026-emea-stage-1-lbf
660375,265442,2860,10,True,ten_identified_players,https://www.vlr.gg/660375/furia-vs-nrg-vct-2026-americas-stage-1-lr1
660375,265443,2860,10,True,ten_identified_players,https://www.vlr.gg/660375/furia-vs-nrg-vct-2026-americas-stage-1-lr1
660376,265445,2860,10,True,ten_identified_players,https://www.vlr.gg/660376/100-thieves-vs-loud-vct-2026-americas-stage-1-lr1
660376,265446,2860,10,True,ten_identified_players,https://www.vlr.gg/660376/100-thieves-vs-loud-vct-2026-americas-stage-1-lr1
666493,266855,2775,10,True,ten_identified_players,https://www.vlr.gg/666493/full-sense-vs-paper-rex-vct-2026-pacific-stage-1-gf
666493,266856,2775,10,True,ten_identified_players,https://www.vlr.gg/666493/full-sense-vs-paper-rex-vct-2026-pacific-stage-1-gf
666493,266857,2775,10,True,ten_identified_players,https://www.vlr.gg/666493/full-sense-vs-paper-rex-vct-2026-pacific-stage-1-gf
660386,265477,2863,10,True,ten_identified_players,https://www.vlr.gg/660386/team-vitality-vs-team-heretics-vct-2026-emea-stage-1-gf
660386,265478,2863,10,True,ten_identified_players,https://www.vlr.gg/660386/team-vitality-vs-team-heretics-vct-2026-emea-stage-1-gf
660386,265480,2863,10,True,ten_identified_players,https://www.vlr.gg/660386/team-vitality-vs-team-heretics-vct-2026-emea-stage-1-gf
660386,265481,2863,10,True,ten_identified_players,https://www.vlr.gg/660386/team-vitality-vs-team-heretics-vct-2026-emea-stage-1-gf
660386,269000,2863,10,True,ten_identified_players,https://www.vlr.gg/660386/team-vitality-vs-team-heretics-vct-2026-emea-stage-1-gf
660377,265448,2860,10,True,ten_identified_players,https://www.vlr.gg/660377/kr-esports-vs-nrg-vct-2026-americas-stage-1-lr2
660377,265449,2860,10,True,ten_identified_players,https://www.vlr.gg/660377/kr-esports-vs-nrg-vct-2026-americas-stage-1-lr2
660378,265451,2860,10,True,ten_identified_players,https://www.vlr.gg/660378/mibr-vs-100-thieves-vct-2026-americas-stage-1-lr2
660378,265452,2860,10,True,ten_identified_players,https://www.vlr.gg/660378/mibr-vs-100-thieves-vct-2026-americas-stage-1-lr2
680274,269121,2925,10,True,ten_identified_players,https://www.vlr.gg/680274/be-ikta-esports-vs-natus-vincere-junior-challengers-2026-emea-stage-2-a
680274,269122,2925,10,True,ten_identified_players,https://www.vlr.gg/680274/be-ikta-esports-vs-natus-vincere-junior-challengers-2026-emea-stage-2-a
680274,269123,2925,10,True,ten_identified_players,https://www.vlr.gg/680274/be-ikta-esports-vs-natus-vincere-junior-challengers-2026-emea-stage-2-a
680280,269139,2925,10,True,ten_identified_players,https://www.vlr.gg/680280/ucam-esports-club-vs-alqadsiah-esports-challengers-2026-emea-stage-2-c
680280,269140,2925,10,True,ten_identified_players,https://www.vlr.gg/680280/ucam-esports-club-vs-alqadsiah-esports-challengers-2026-emea-stage-2-c
680277,269130,2925,10,True,ten_identified_players,https://www.vlr.gg/680277/reborn-vs-enterprise-esports-challengers-2026-emea-stage-2-b
680277,269131,2925,10,True,ten_identified_players,https://www.vlr.gg/680277/reborn-vs-enterprise-esports-challengers-2026-emea-stage-2-b
680287,269157,2925,10,True,ten_identified_players,https://www.vlr.gg/680287/joblife-vs-ghools-esports-challengers-2026-emea-stage-2-d
680287,269158,2925,10,True,ten_identified_players,https://www.vlr.gg/680287/joblife-vs-ghools-esports-challengers-2026-emea-stage-2-d
680278,269133,2925,10,True,ten_identified_players,https://www.vlr.gg/680278/fokus-vs-reborn-challengers-2026-emea-stage-2-b
680278,269134,2925,10,True,ten_identified_players,https://www.vlr.gg/680278/fokus-vs-reborn-challengers-2026-emea-stage-2-b
680278,269135,2925,10,True,ten_identified_players,https://www.vlr.gg/680278/fokus-vs-reborn-challengers-2026-emea-stage-2-b
680281,269142,2925,10,True,ten_identified_players,https://www.vlr.gg/680281/mir-vs-wip-esports-challengers-2026-emea-stage-2-c
680281,269143,2925,10,True,ten_identified_players,https://www.vlr.gg/680281/mir-vs-wip-esports-challengers-2026-emea-stage-2-c
680281,269144,2925,10,True,ten_identified_players,https://www.vlr.gg/680281/mir-vs-wip-esports-challengers-2026-emea-stage-2-c
680275,269124,2925,10,True,ten_identified_players,https://www.vlr.gg/680275/natus-vincere-junior-vs-cgn-esports-challengers-2026-emea-stage-2-a
680275,269125,2925,10,True,ten_identified_players,https://www.vlr.gg/680275/natus-vincere-junior-vs-cgn-esports-challengers-2026-emea-stage-2-a
680275,269126,2925,10,True,ten_identified_players,https://www.vlr.gg/680275/natus-vincere-junior-vs-cgn-esports-challengers-2026-emea-stage-2-a
680288,269160,2925,10,True,ten_identified_players,https://www.vlr.gg/680288/team-liquid-academy-vs-bar-a-esports-challengers-2026-emea-stage-2-d
680288,269161,2925,10,True,ten_identified_players,https://www.vlr.gg/680288/team-liquid-academy-vs-bar-a-esports-challengers-2026-emea-stage-2-d
668487,267108,2962,10,True,ten_identified_players,https://www.vlr.gg/668487/tbk-esports-vs-f4tality-challengers-2026-brazil-gamers-club-stage-2-w3
668487,267109,2962,10,True,ten_identified_players,https://www.vlr.gg/668487/tbk-esports-vs-f4tality-challengers-2026-brazil-gamers-club-stage-2-w3
668488,267111,2962,10,True,ten_identified_players,https://www.vlr.gg/668488/mibr-academy-vs-furia-academy-challengers-2026-brazil-gamers-club-stage-2-w3
668488,267112,2962,10,True,ten_identified_players,https://www.vlr.gg/668488/mibr-academy-vs-furia-academy-challengers-2026-brazil-gamers-club-stage-2-w3
668488,267113,2962,10,True,ten_identified_players,https://www.vlr.gg/668488/mibr-academy-vs-furia-academy-challengers-2026-brazil-gamers-club-stage-2-w3
668489,267114,2962,10,True,ten_identified_players,https://www.vlr.gg/668489/team-solid-vs-peek-challengers-2026-brazil-gamers-club-stage-2-w3
668489,267115,2962,10,True,ten_identified_players,https://www.vlr.gg/668489/team-solid-vs-peek-challengers-2026-brazil-gamers-club-stage-2-w3
680279,269136,2925,10,True,ten_identified_players,https://www.vlr.gg/680279/fokus-vs-enterprise-esports-challengers-2026-emea-stage-2-b
680279,269137,2925,10,True,ten_identified_players,https://www.vlr.gg/680279/fokus-vs-enterprise-esports-challengers-2026-emea-stage-2-b
680289,269163,2925,10,True,ten_identified_players,https://www.vlr.gg/680289/ghools-esports-vs-bar-a-esports-challengers-2026-emea-stage-2-d
680289,269164,2925,10,True,ten_identified_players,https://www.vlr.gg/680289/ghools-esports-vs-bar-a-esports-challengers-2026-emea-stage-2-d
680289,269165,2925,10,True,ten_identified_players,https://www.vlr.gg/680289/ghools-esports-vs-bar-a-esports-challengers-2026-emea-stage-2-d
680276,269127,2925,10,True,ten_identified_players,https://www.vlr.gg/680276/be-ikta-esports-vs-cgn-esports-challengers-2026-emea-stage-2-a
680276,269128,2925,10,True,ten_identified_players,https://www.vlr.gg/680276/be-ikta-esports-vs-cgn-esports-challengers-2026-emea-stage-2-a
680276,269129,2925,10,True,ten_identified_players,https://www.vlr.gg/680276/be-ikta-esports-vs-cgn-esports-challengers-2026-emea-stage-2-a
680282,269145,2925,10,True,ten_identified_players,https://www.vlr.gg/680282/ucam-esports-club-vs-mir-challengers-2026-emea-stage-2-c
680282,269146,2925,10,True,ten_identified_players,https://www.vlr.gg/680282/ucam-esports-club-vs-mir-challengers-2026-emea-stage-2-c
668490,267117,2962,10,True,ten_identified_players,https://www.vlr.gg/668490/elevate-vs-team-ego-challengers-2026-brazil-gamers-club-stage-2-w3
668490,267118,2962,10,True,ten_identified_players,https://www.vlr.gg/668490/elevate-vs-team-ego-challengers-2026-brazil-gamers-club-stage-2-w3
668492,267123,2962,10,True,ten_identified_players,https://www.vlr.gg/668492/2game-esports-vs-red-canids-challengers-2026-brazil-gamers-club-stage-2-w3
668492,267124,2962,10,True,ten_identified_players,https://www.vlr.gg/668492/2game-esports-vs-red-canids-challengers-2026-brazil-gamers-club-stage-2-w3
680283,269148,2925,10,True,ten_identified_players,https://www.vlr.gg/680283/mir-vs-alqadsiah-esports-challengers-2026-emea-stage-2-c
680283,269149,2925,10,True,ten_identified_players,https://www.vlr.gg/680283/mir-vs-alqadsiah-esports-challengers-2026-emea-stage-2-c
680283,269150,2925,10,True,ten_identified_players,https://www.vlr.gg/680283/mir-vs-alqadsiah-esports-challengers-2026-emea-stage-2-c
680284,269151,2925,10,True,ten_identified_players,https://www.vlr.gg/680284/ucam-esports-club-vs-wip-esports-challengers-2026-emea-stage-2-c
680284,269152,2925,10,True,ten_identified_players,https://www.vlr.gg/680284/ucam-esports-club-vs-wip-esports-challengers-2026-emea-stage-2-c
680290,269166,2925,10,True,ten_identified_players,https://www.vlr.gg/680290/team-liquid-academy-vs-ghools-esports-challengers-2026-emea-stage-2-d
680290,269167,2925,10,True,ten_identified_players,https://www.vlr.gg/680290/team-liquid-academy-vs-ghools-esports-challengers-2026-emea-stage-2-d
680291,269169,2925,10,True,ten_identified_players,https://www.vlr.gg/680291/joblife-vs-bar-a-esports-challengers-2026-emea-stage-2-d
680291,269170,2925,10,True,ten_identified_players,https://www.vlr.gg/680291/joblife-vs-bar-a-esports-challengers-2026-emea-stage-2-d
680292,269172,2925,10,True,ten_identified_players,https://www.vlr.gg/680292/joblife-vs-team-liquid-academy-challengers-2026-emea-stage-2-d
680292,269173,2925,10,True,ten_identified_players,https://www.vlr.gg/680292/joblife-vs-team-liquid-academy-challengers-2026-emea-stage-2-d
680285,269154,2925,10,True,ten_identified_players,https://www.vlr.gg/680285/alqadsiah-esports-vs-wip-esports-challengers-2026-emea-stage-2-c
680285,269155,2925,10,True,ten_identified_players,https://www.vlr.gg/680285/alqadsiah-esports-vs-wip-esports-challengers-2026-emea-stage-2-c
660373,265434,2860,10,True,ten_identified_players,https://www.vlr.gg/660373/leviat-n-vs-g2-esports-vct-2026-americas-stage-1-ubf
660373,265435,2860,10,True,ten_identified_players,https://www.vlr.gg/660373/leviat-n-vs-g2-esports-vct-2026-americas-stage-1-ubf
660373,265436,2860,10,True,ten_identified_players,https://www.vlr.gg/660373/leviat-n-vs-g2-esports-vct-2026-americas-stage-1-ubf
660379,265454,2860,10,True,ten_identified_players,https://www.vlr.gg/660379/nrg-vs-100-thieves-vct-2026-americas-stage-1-lr3
660379,265455,2860,10,True,ten_identified_players,https://www.vlr.gg/660379/nrg-vs-100-thieves-vct-2026-americas-stage-1-lr3
660380,265457,2860,10,True,ten_identified_players,https://www.vlr.gg/660380/g2-esports-vs-nrg-vct-2026-americas-stage-1-lbf
660380,265458,2860,10,True,ten_identified_players,https://www.vlr.gg/660380/g2-esports-vs-nrg-vct-2026-americas-stage-1-lbf
660380,265459,2860,10,True,ten_identified_players,https://www.vlr.gg/660380/g2-esports-vs-nrg-vct-2026-americas-stage-1-lbf
660380,265460,2860,10,True,ten_identified_players,https://www.vlr.gg/660380/g2-esports-vs-nrg-vct-2026-americas-stage-1-lbf
660380,265461,2860,10,True,ten_identified_players,https://www.vlr.gg/660380/g2-esports-vs-nrg-vct-2026-americas-stage-1-lbf
660374,265437,2860,10,True,ten_identified_players,https://www.vlr.gg/660374/leviat-n-vs-g2-esports-vct-2026-americas-stage-1-gf
660374,265438,2860,10,True,ten_identified_players,https://www.vlr.gg/660374/leviat-n-vs-g2-esports-vct-2026-americas-stage-1-gf
660374,265439,2860,10,True,ten_identified_players,https://www.vlr.gg/660374/leviat-n-vs-g2-esports-vct-2026-americas-stage-1-gf
660374,265440,2860,10,True,ten_identified_players,https://www.vlr.gg/660374/leviat-n-vs-g2-esports-vct-2026-americas-stage-1-gf
660374,265441,2860,10,True,ten_identified_players,https://www.vlr.gg/660374/leviat-n-vs-g2-esports-vct-2026-americas-stage-1-gf
683765,270719,2925,10,True,ten_identified_players,https://www.vlr.gg/683765/reborn-vs-natus-vincere-junior-challengers-2026-emea-stage-2-ubsf
683765,270720,2925,10,True,ten_identified_players,https://www.vlr.gg/683765/reborn-vs-natus-vincere-junior-challengers-2026-emea-stage-2-ubsf
683766,270722,2925,10,True,ten_identified_players,https://www.vlr.gg/683766/joblife-vs-ucam-esports-club-challengers-2026-emea-stage-2-ubsf
683766,270723,2925,10,True,ten_identified_players,https://www.vlr.gg/683766/joblife-vs-ucam-esports-club-challengers-2026-emea-stage-2-ubsf
681516,269557,2858,10,True,ten_identified_players,https://www.vlr.gg/681516/evil-geniuses-academy-vs-nrg-academy-challengers-2026-north-america-ace-stage-3-r1
681516,269558,2858,10,True,ten_identified_players,https://www.vlr.gg/681516/evil-geniuses-academy-vs-nrg-academy-challengers-2026-north-america-ace-stage-3-r1
681517,269560,2858,10,True,ten_identified_players,https://www.vlr.gg/681517/qor-vs-pigeons-challengers-2026-north-america-ace-stage-3-r1
681517,269561,2858,10,True,ten_identified_players,https://www.vlr.gg/681517/qor-vs-pigeons-challengers-2026-north-america-ace-stage-3-r1
681519,269566,2858,10,True,ten_identified_players,https://www.vlr.gg/681519/shopify-rebellion-black-vs-evictix-challengers-2026-north-america-ace-stage-3-r1
681519,269567,2858,10,True,ten_identified_players,https://www.vlr.gg/681519/shopify-rebellion-black-vs-evictix-challengers-2026-north-america-ace-stage-3-r1
681518,269563,2858,10,True,ten_identified_players,https://www.vlr.gg/681518/m80-vs-rose-challengers-2026-north-america-ace-stage-3-r1
681518,269564,2858,10,True,ten_identified_players,https://www.vlr.gg/681518/m80-vs-rose-challengers-2026-north-america-ace-stage-3-r1
683769,270731,2925,10,True,ten_identified_players,https://www.vlr.gg/683769/reborn-vs-joblife-challengers-2026-emea-stage-2-lr1
683769,270732,2925,10,True,ten_identified_players,https://www.vlr.gg/683769/reborn-vs-joblife-challengers-2026-emea-stage-2-lr1
683767,270725,2925,10,True,ten_identified_players,https://www.vlr.gg/683767/natus-vincere-junior-vs-ucam-esports-club-challengers-2026-emea-stage-2-ubf
683767,270726,2925,10,True,ten_identified_players,https://www.vlr.gg/683767/natus-vincere-junior-vs-ucam-esports-club-challengers-2026-emea-stage-2-ubf
681520,269569,2858,10,True,ten_identified_players,https://www.vlr.gg/681520/division-one-vs-dynamo-challengers-2026-north-america-ace-stage-3-r1
681520,269570,2858,10,True,ten_identified_players,https://www.vlr.gg/681520/division-one-vs-dynamo-challengers-2026-north-america-ace-stage-3-r1
681520,269571,2858,10,True,ten_identified_players,https://www.vlr.gg/681520/division-one-vs-dynamo-challengers-2026-north-america-ace-stage-3-r1
681521,269572,2858,10,True,ten_identified_players,https://www.vlr.gg/681521/nightblood-gaming-vs-azure-dragon-gaming-challengers-2026-north-america-ace-stage-3-r1
681521,269573,2858,10,True,ten_identified_players,https://www.vlr.gg/681521/nightblood-gaming-vs-azure-dragon-gaming-challengers-2026-north-america-ace-stage-3-r1
681521,269574,2858,10,True,ten_identified_players,https://www.vlr.gg/681521/nightblood-gaming-vs-azure-dragon-gaming-challengers-2026-north-america-ace-stage-3-r1
681908,270025,2962,10,True,ten_identified_players,https://www.vlr.gg/681908/team-solid-vs-furia-academy-challengers-2026-brazil-gamers-club-stage-2-w4
681908,270026,2962,10,True,ten_identified_players,https://www.vlr.gg/681908/team-solid-vs-furia-academy-challengers-2026-brazil-gamers-club-stage-2-w4
681909,270028,2962,10,True,ten_identified_players,https://www.vlr.gg/681909/peek-vs-f4tality-challengers-2026-brazil-gamers-club-stage-2-w4
681909,270029,2962,10,True,ten_identified_players,https://www.vlr.gg/681909/peek-vs-f4tality-challengers-2026-brazil-gamers-club-stage-2-w4
681522,269575,2858,10,True,ten_identified_players,https://www.vlr.gg/681522/flyquest-vs-alliance-guardians-challengers-2026-north-america-ace-stage-3-r1
681522,269576,2858,10,True,ten_identified_players,https://www.vlr.gg/681522/flyquest-vs-alliance-guardians-challengers-2026-north-america-ace-stage-3-r1
681522,269577,2858,10,True,ten_identified_players,https://www.vlr.gg/681522/flyquest-vs-alliance-guardians-challengers-2026-north-america-ace-stage-3-r1
681523,269578,2858,10,True,ten_identified_players,https://www.vlr.gg/681523/sad-esports-vs-yfp-challengers-2026-north-america-ace-stage-3-r1
681523,270925,2858,10,True,ten_identified_players,https://www.vlr.gg/681523/sad-esports-vs-yfp-challengers-2026-north-america-ace-stage-3-r1
681910,270031,2962,10,True,ten_identified_players,https://www.vlr.gg/681910/mibr-academy-vs-abacatudos-challengers-2026-brazil-gamers-club-stage-2-w4
681910,270032,2962,10,True,ten_identified_players,https://www.vlr.gg/681910/mibr-academy-vs-abacatudos-challengers-2026-brazil-gamers-club-stage-2-w4
683770,270734,2925,10,True,ten_identified_players,https://www.vlr.gg/683770/ucam-esports-club-vs-reborn-challengers-2026-emea-stage-2-lbf
683770,270735,2925,10,True,ten_identified_players,https://www.vlr.gg/683770/ucam-esports-club-vs-reborn-challengers-2026-emea-stage-2-lbf
683770,270736,2925,10,True,ten_identified_players,https://www.vlr.gg/683770/ucam-esports-club-vs-reborn-challengers-2026-emea-stage-2-lbf
681911,270034,2962,10,True,ten_identified_players,https://www.vlr.gg/681911/2game-esports-vs-la-masia-challengers-2026-brazil-gamers-club-stage-2-w4
681911,270035,2962,10,True,ten_identified_players,https://www.vlr.gg/681911/2game-esports-vs-la-masia-challengers-2026-brazil-gamers-club-stage-2-w4
681912,270037,2962,10,True,ten_identified_players,https://www.vlr.gg/681912/red-canids-vs-team-ego-challengers-2026-brazil-gamers-club-stage-2-w4
681912,270038,2962,10,True,ten_identified_players,https://www.vlr.gg/681912/red-canids-vs-team-ego-challengers-2026-brazil-gamers-club-stage-2-w4
685246,270926,2858,10,True,ten_identified_players,https://www.vlr.gg/685246/pigeons-vs-evil-geniuses-academy-challengers-2026-north-america-ace-stage-3-r2-0-1
685246,270927,2858,10,True,ten_identified_players,https://www.vlr.gg/685246/pigeons-vs-evil-geniuses-academy-challengers-2026-north-america-ace-stage-3-r2-0-1
685246,270928,2858,10,True,ten_identified_players,https://www.vlr.gg/685246/pigeons-vs-evil-geniuses-academy-challengers-2026-north-america-ace-stage-3-r2-0-1
685247,270929,2858,10,True,ten_identified_players,https://www.vlr.gg/685247/evictix-vs-alliance-guardians-challengers-2026-north-america-ace-stage-3-r2-0-1
685247,270930,2858,10,True,ten_identified_players,https://www.vlr.gg/685247/evictix-vs-alliance-guardians-challengers-2026-north-america-ace-stage-3-r2-0-1
685247,270931,2858,10,True,ten_identified_players,https://www.vlr.gg/685247/evictix-vs-alliance-guardians-challengers-2026-north-america-ace-stage-3-r2-0-1
685249,270935,2858,10,True,ten_identified_players,https://www.vlr.gg/685249/nightblood-gaming-vs-dynamo-challengers-2026-north-america-ace-stage-3-r2-0-1
685249,270936,2858,10,True,ten_identified_players,https://www.vlr.gg/685249/nightblood-gaming-vs-dynamo-challengers-2026-north-america-ace-stage-3-r2-0-1
681913,270040,2962,10,True,ten_identified_players,https://www.vlr.gg/681913/intz-vs-team-liquid-brazil-challengers-2026-brazil-gamers-club-stage-2-w4
681913,270041,2962,10,True,ten_identified_players,https://www.vlr.gg/681913/intz-vs-team-liquid-brazil-challengers-2026-brazil-gamers-club-stage-2-w4
685248,270932,2858,10,True,ten_identified_players,https://www.vlr.gg/685248/rose-vs-yfp-challengers-2026-north-america-ace-stage-3-r2-0-1
685248,270933,2858,10,True,ten_identified_players,https://www.vlr.gg/685248/rose-vs-yfp-challengers-2026-north-america-ace-stage-3-r2-0-1
683768,270728,2925,10,True,ten_identified_players,https://www.vlr.gg/683768/natus-vincere-junior-vs-reborn-challengers-2026-emea-stage-2-gf
683768,270729,2925,10,True,ten_identified_players,https://www.vlr.gg/683768/natus-vincere-junior-vs-reborn-challengers-2026-emea-stage-2-gf
683768,270730,2925,10,True,ten_identified_players,https://www.vlr.gg/683768/natus-vincere-junior-vs-reborn-challengers-2026-emea-stage-2-gf
683768,270963,2925,10,True,ten_identified_players,https://www.vlr.gg/683768/natus-vincere-junior-vs-reborn-challengers-2026-emea-stage-2-gf
681915,270043,2962,10,True,ten_identified_players,https://www.vlr.gg/681915/team-solid-vs-f4tality-challengers-2026-brazil-gamers-club-stage-2-w5
681915,270044,2962,10,True,ten_identified_players,https://www.vlr.gg/681915/team-solid-vs-f4tality-challengers-2026-brazil-gamers-club-stage-2-w5
681916,270046,2962,10,True,ten_identified_players,https://www.vlr.gg/681916/furia-academy-vs-tribe-challengers-2026-brazil-gamers-club-stage-2-w5
681916,270047,2962,10,True,ten_identified_players,https://www.vlr.gg/681916/furia-academy-vs-tribe-challengers-2026-brazil-gamers-club-stage-2-w5
685250,270938,2858,10,True,ten_identified_players,https://www.vlr.gg/685250/m80-vs-shopify-rebellion-black-challengers-2026-north-america-ace-stage-3-r2-0-1
685250,270939,2858,10,True,ten_identified_players,https://www.vlr.gg/685250/m80-vs-shopify-rebellion-black-challengers-2026-north-america-ace-stage-3-r2-0-1
685250,270940,2858,10,True,ten_identified_players,https://www.vlr.gg/685250/m80-vs-shopify-rebellion-black-challengers-2026-north-america-ace-stage-3-r2-0-1
685251,270941,2858,10,True,ten_identified_players,https://www.vlr.gg/685251/qor-vs-nrg-academy-challengers-2026-north-america-ace-stage-3-r2-0-1
685251,270942,2858,10,True,ten_identified_players,https://www.vlr.gg/685251/qor-vs-nrg-academy-challengers-2026-north-america-ace-stage-3-r2-0-1
685253,270947,2858,10,True,ten_identified_players,https://www.vlr.gg/685253/sad-esports-vs-flyquest-challengers-2026-north-america-ace-stage-3-r2-0-1
685253,270948,2858,10,True,ten_identified_players,https://www.vlr.gg/685253/sad-esports-vs-flyquest-challengers-2026-north-america-ace-stage-3-r2-0-1
681917,270049,2962,10,True,ten_identified_players,https://www.vlr.gg/681917/tbk-esports-vs-mibr-academy-challengers-2026-brazil-gamers-club-stage-2-w5
681917,270050,2962,10,True,ten_identified_players,https://www.vlr.gg/681917/tbk-esports-vs-mibr-academy-challengers-2026-brazil-gamers-club-stage-2-w5
685252,270944,2858,10,True,ten_identified_players,https://www.vlr.gg/685252/division-one-vs-azure-dragon-gaming-challengers-2026-north-america-ace-stage-3-r2-0-1
685252,270945,2858,10,True,ten_identified_players,https://www.vlr.gg/685252/division-one-vs-azure-dragon-gaming-challengers-2026-north-america-ace-stage-3-r2-0-1
681918,270052,2962,10,True,ten_identified_players,https://www.vlr.gg/681918/2game-esports-vs-team-ego-challengers-2026-brazil-gamers-club-stage-2-w5
681918,270053,2962,10,True,ten_identified_players,https://www.vlr.gg/681918/2game-esports-vs-team-ego-challengers-2026-brazil-gamers-club-stage-2-w5
681918,270054,2962,10,True,ten_identified_players,https://www.vlr.gg/681918/2game-esports-vs-team-ego-challengers-2026-brazil-gamers-club-stage-2-w5
681919,270055,2962,10,True,ten_identified_players,https://www.vlr.gg/681919/la-masia-vs-team-liquid-brazil-challengers-2026-brazil-gamers-club-stage-2-w5
681919,270056,2962,10,True,ten_identified_players,https://www.vlr.gg/681919/la-masia-vs-team-liquid-brazil-challengers-2026-brazil-gamers-club-stage-2-w5
681920,270058,2962,10,True,ten_identified_players,https://www.vlr.gg/681920/elevate-vs-intz-challengers-2026-brazil-gamers-club-stage-2-w5
681920,270060,2962,10,True,ten_identified_players,https://www.vlr.gg/681920/elevate-vs-intz-challengers-2026-brazil-gamers-club-stage-2-w5
681920,271426,2962,10,True,ten_identified_players,https://www.vlr.gg/681920/elevate-vs-intz-challengers-2026-brazil-gamers-club-stage-2-w5
681922,270061,2962,10,True,ten_identified_players,https://www.vlr.gg/681922/mibr-academy-vs-peek-challengers-2026-brazil-gamers-club-stage-2-w6
681922,270062,2962,10,True,ten_identified_players,https://www.vlr.gg/681922/mibr-academy-vs-peek-challengers-2026-brazil-gamers-club-stage-2-w6
681923,270064,2962,10,True,ten_identified_players,https://www.vlr.gg/681923/tbk-esports-vs-furia-academy-challengers-2026-brazil-gamers-club-stage-2-w6
681923,270065,2962,10,True,ten_identified_players,https://www.vlr.gg/681923/tbk-esports-vs-furia-academy-challengers-2026-brazil-gamers-club-stage-2-w6
681923,270066,2962,10,True,ten_identified_players,https://www.vlr.gg/681923/tbk-esports-vs-furia-academy-challengers-2026-brazil-gamers-club-stage-2-w6
685987,270993,2858,10,True,ten_identified_players,https://www.vlr.gg/685987/shopify-rebellion-black-vs-pigeons-challengers-2026-north-america-ace-stage-3-r3-1-1
685987,270994,2858,10,True,ten_identified_players,https://www.vlr.gg/685987/shopify-rebellion-black-vs-pigeons-challengers-2026-north-america-ace-stage-3-r3-1-1
685988,270996,2858,10,True,ten_identified_players,https://www.vlr.gg/685988/dynamo-vs-alliance-guardians-challengers-2026-north-america-ace-stage-3-r3-0-2
685988,270997,2858,10,True,ten_identified_players,https://www.vlr.gg/685988/dynamo-vs-alliance-guardians-challengers-2026-north-america-ace-stage-3-r3-0-2
685989,270999,2858,10,True,ten_identified_players,https://www.vlr.gg/685989/nightblood-gaming-vs-evictix-challengers-2026-north-america-ace-stage-3-r3-1-1
685989,271000,2858,10,True,ten_identified_players,https://www.vlr.gg/685989/nightblood-gaming-vs-evictix-challengers-2026-north-america-ace-stage-3-r3-1-1
685990,271002,2858,10,True,ten_identified_players,https://www.vlr.gg/685990/evil-geniuses-academy-vs-rose-challengers-2026-north-america-ace-stage-3-r3-0-2
685990,271003,2858,10,True,ten_identified_players,https://www.vlr.gg/685990/evil-geniuses-academy-vs-rose-challengers-2026-north-america-ace-stage-3-r3-0-2
681924,270067,2962,10,True,ten_identified_players,https://www.vlr.gg/681924/team-solid-vs-tribe-challengers-2026-brazil-gamers-club-stage-2-w6
681924,270068,2962,10,True,ten_identified_players,https://www.vlr.gg/681924/team-solid-vs-tribe-challengers-2026-brazil-gamers-club-stage-2-w6
681925,270070,2962,10,True,ten_identified_players,https://www.vlr.gg/681925/intz-vs-red-canids-challengers-2026-brazil-gamers-club-stage-2-w6
681925,270071,2962,10,True,ten_identified_players,https://www.vlr.gg/681925/intz-vs-red-canids-challengers-2026-brazil-gamers-club-stage-2-w6
681926,270073,2962,10,True,ten_identified_players,https://www.vlr.gg/681926/elevate-vs-la-masia-challengers-2026-brazil-gamers-club-stage-2-w6
681926,270074,2962,10,True,ten_identified_players,https://www.vlr.gg/681926/elevate-vs-la-masia-challengers-2026-brazil-gamers-club-stage-2-w6
685991,271005,2858,10,True,ten_identified_players,https://www.vlr.gg/685991/sad-esports-vs-nrg-academy-challengers-2026-north-america-ace-stage-3-r3-2-0
685991,271006,2858,10,True,ten_identified_players,https://www.vlr.gg/685991/sad-esports-vs-nrg-academy-challengers-2026-north-america-ace-stage-3-r3-2-0
685991,271007,2858,10,True,ten_identified_players,https://www.vlr.gg/685991/sad-esports-vs-nrg-academy-challengers-2026-north-america-ace-stage-3-r3-2-0
685992,271008,2858,10,True,ten_identified_players,https://www.vlr.gg/685992/azure-dragon-gaming-vs-m80-challengers-2026-north-america-ace-stage-3-r3-2-0
685992,271009,2858,10,True,ten_identified_players,https://www.vlr.gg/685992/azure-dragon-gaming-vs-m80-challengers-2026-north-america-ace-stage-3-r3-2-0
681927,270076,2962,10,True,ten_identified_players,https://www.vlr.gg/681927/2game-esports-vs-team-liquid-brazil-challengers-2026-brazil-gamers-club-stage-2-w6
681927,270077,2962,10,True,ten_identified_players,https://www.vlr.gg/681927/2game-esports-vs-team-liquid-brazil-challengers-2026-brazil-gamers-club-stage-2-w6
685994,271014,2858,10,True,ten_identified_players,https://www.vlr.gg/685994/division-one-vs-yft-challengers-2026-north-america-ace-stage-3-r3-1-1
685994,271015,2858,10,True,ten_identified_players,https://www.vlr.gg/685994/division-one-vs-yft-challengers-2026-north-america-ace-stage-3-r3-1-1
685994,271016,2858,10,True,ten_identified_players,https://www.vlr.gg/685994/division-one-vs-yft-challengers-2026-north-america-ace-stage-3-r3-1-1
685993,271011,2858,10,True,ten_identified_players,https://www.vlr.gg/685993/qor-vs-flyquest-challengers-2026-north-america-ace-stage-3-r3-1-1
685993,271012,2858,10,True,ten_identified_players,https://www.vlr.gg/685993/qor-vs-flyquest-challengers-2026-north-america-ace-stage-3-r3-1-1
684613,270746,2765,10,True,ten_identified_players,https://www.vlr.gg/684613/xi-lai-gaming-vs-nrg-valorant-masters-london-2026-r1
684613,270747,2765,10,True,ten_identified_players,https://www.vlr.gg/684613/xi-lai-gaming-vs-nrg-valorant-masters-london-2026-r1
684610,270737,2765,10,True,ten_identified_players,https://www.vlr.gg/684610/team-vitality-vs-dragon-ranger-gaming-valorant-masters-london-2026-r1
684610,270738,2765,10,True,ten_identified_players,https://www.vlr.gg/684610/team-vitality-vs-dragon-ranger-gaming-valorant-masters-london-2026-r1
684611,270740,2765,10,True,ten_identified_players,https://www.vlr.gg/684611/full-sense-vs-fut-esports-valorant-masters-london-2026-r1
684611,270741,2765,10,True,ten_identified_players,https://www.vlr.gg/684611/full-sense-vs-fut-esports-valorant-masters-london-2026-r1
684612,270743,2765,10,True,ten_identified_players,https://www.vlr.gg/684612/leviat-n-vs-global-esports-valorant-masters-london-2026-r1
684612,270744,2765,10,True,ten_identified_players,https://www.vlr.gg/684612/leviat-n-vs-global-esports-valorant-masters-london-2026-r1
684612,270745,2765,10,True,ten_identified_players,https://www.vlr.gg/684612/leviat-n-vs-global-esports-valorant-masters-london-2026-r1
684614,270749,2765,10,True,ten_identified_players,https://www.vlr.gg/684614/team-vitality-vs-fut-esports-valorant-masters-london-2026-r2-1-0
684614,270750,2765,10,True,ten_identified_players,https://www.vlr.gg/684614/team-vitality-vs-fut-esports-valorant-masters-london-2026-r2-1-0
684614,270751,2765,10,True,ten_identified_players,https://www.vlr.gg/684614/team-vitality-vs-fut-esports-valorant-masters-london-2026-r2-1-0
684615,270752,2765,10,True,ten_identified_players,https://www.vlr.gg/684615/nrg-vs-leviat-n-valorant-masters-london-2026-r2-1-0
684615,270753,2765,10,True,ten_identified_players,https://www.vlr.gg/684615/nrg-vs-leviat-n-valorant-masters-london-2026-r2-1-0
684615,270754,2765,10,True,ten_identified_players,https://www.vlr.gg/684615/nrg-vs-leviat-n-valorant-masters-london-2026-r2-1-0
684616,270755,2765,10,True,ten_identified_players,https://www.vlr.gg/684616/dragon-ranger-gaming-vs-xi-lai-gaming-valorant-masters-london-2026-r2-0-1
684616,270756,2765,10,True,ten_identified_players,https://www.vlr.gg/684616/dragon-ranger-gaming-vs-xi-lai-gaming-valorant-masters-london-2026-r2-0-1
684616,270757,2765,10,True,ten_identified_players,https://www.vlr.gg/684616/dragon-ranger-gaming-vs-xi-lai-gaming-valorant-masters-london-2026-r2-0-1
684617,270758,2765,10,True,ten_identified_players,https://www.vlr.gg/684617/global-esports-vs-full-sense-valorant-masters-london-2026-r2-0-1
684617,270759,2765,10,True,ten_identified_players,https://www.vlr.gg/684617/global-esports-vs-full-sense-valorant-masters-london-2026-r2-0-1
684617,270760,2765,10,True,ten_identified_players,https://www.vlr.gg/684617/global-esports-vs-full-sense-valorant-masters-london-2026-r2-0-1
684619,270764,2765,10,True,ten_identified_players,https://www.vlr.gg/684619/fut-esports-vs-nrg-valorant-masters-london-2026-r3-1-1
684619,270765,2765,10,True,ten_identified_players,https://www.vlr.gg/684619/fut-esports-vs-nrg-valorant-masters-london-2026-r3-1-1
684619,270766,2765,10,True,ten_identified_players,https://www.vlr.gg/684619/fut-esports-vs-nrg-valorant-masters-london-2026-r3-1-1
684618,270761,2765,10,True,ten_identified_players,https://www.vlr.gg/684618/global-esports-vs-xi-lai-gaming-valorant-masters-london-2026-r3-1-1
684618,270762,2765,10,True,ten_identified_players,https://www.vlr.gg/684618/global-esports-vs-xi-lai-gaming-valorant-masters-london-2026-r3-1-1
684618,270763,2765,10,True,ten_identified_players,https://www.vlr.gg/684618/global-esports-vs-xi-lai-gaming-valorant-masters-london-2026-r3-1-1
670466,267804,2765,10,True,ten_identified_players,https://www.vlr.gg/670466/paper-rex-vs-leviat-n-valorant-masters-london-2026-ubqf
670466,267805,2765,10,True,ten_identified_players,https://www.vlr.gg/670466/paper-rex-vs-leviat-n-valorant-masters-london-2026-ubqf
670467,267807,2765,10,True,ten_identified_players,https://www.vlr.gg/670467/team-heretics-vs-team-vitality-valorant-masters-london-2026-ubqf
670467,267808,2765,10,True,ten_identified_players,https://www.vlr.gg/670467/team-heretics-vs-team-vitality-valorant-masters-london-2026-ubqf
670465,267801,2765,10,True,ten_identified_players,https://www.vlr.gg/670465/edward-gaming-vs-fut-esports-valorant-masters-london-2026-ubqf
670465,267802,2765,10,True,ten_identified_players,https://www.vlr.gg/670465/edward-gaming-vs-fut-esports-valorant-masters-london-2026-ubqf
670465,267803,2765,10,True,ten_identified_players,https://www.vlr.gg/670465/edward-gaming-vs-fut-esports-valorant-masters-london-2026-ubqf
670464,267798,2765,10,True,ten_identified_players,https://www.vlr.gg/670464/g2-esports-vs-xi-lai-gaming-valorant-masters-london-2026-ubqf
670464,267799,2765,10,True,ten_identified_players,https://www.vlr.gg/670464/g2-esports-vs-xi-lai-gaming-valorant-masters-london-2026-ubqf
670464,267800,2765,10,True,ten_identified_players,https://www.vlr.gg/670464/g2-esports-vs-xi-lai-gaming-valorant-masters-london-2026-ubqf
670473,267827,2765,10,True,ten_identified_players,https://www.vlr.gg/670473/leviat-n-vs-team-heretics-valorant-masters-london-2026-lr1
670473,267828,2765,10,True,ten_identified_players,https://www.vlr.gg/670473/leviat-n-vs-team-heretics-valorant-masters-london-2026-lr1
670473,273204,2765,10,True,ten_identified_players,https://www.vlr.gg/670473/leviat-n-vs-team-heretics-valorant-masters-london-2026-lr1
670472,267824,2765,10,True,ten_identified_players,https://www.vlr.gg/670472/g2-esports-vs-fut-esports-valorant-masters-london-2026-lr1
670472,267825,2765,10,True,ten_identified_players,https://www.vlr.gg/670472/g2-esports-vs-fut-esports-valorant-masters-london-2026-lr1
670468,267810,2765,10,True,ten_identified_players,https://www.vlr.gg/670468/xi-lai-gaming-vs-edward-gaming-valorant-masters-london-2026-ubsf
670468,267811,2765,10,True,ten_identified_players,https://www.vlr.gg/670468/xi-lai-gaming-vs-edward-gaming-valorant-masters-london-2026-ubsf
670468,267812,2765,10,True,ten_identified_players,https://www.vlr.gg/670468/xi-lai-gaming-vs-edward-gaming-valorant-masters-london-2026-ubsf
670469,267813,2765,10,True,ten_identified_players,https://www.vlr.gg/670469/paper-rex-vs-team-vitality-valorant-masters-london-2026-ubsf
670469,267814,2765,10,True,ten_identified_players,https://www.vlr.gg/670469/paper-rex-vs-team-vitality-valorant-masters-london-2026-ubsf
670469,267815,2765,10,True,ten_identified_players,https://www.vlr.gg/670469/paper-rex-vs-team-vitality-valorant-masters-london-2026-ubsf
670475,267833,2765,10,True,ten_identified_players,https://www.vlr.gg/670475/xi-lai-gaming-vs-leviat-n-valorant-masters-london-2026-lr2
670475,267834,2765,10,True,ten_identified_players,https://www.vlr.gg/670475/xi-lai-gaming-vs-leviat-n-valorant-masters-london-2026-lr2
670474,267830,2765,10,True,ten_identified_players,https://www.vlr.gg/670474/team-vitality-vs-fut-esports-valorant-masters-london-2026-lr2
670474,267831,2765,10,True,ten_identified_players,https://www.vlr.gg/670474/team-vitality-vs-fut-esports-valorant-masters-london-2026-lr2
681928,270079,2962,10,True,ten_identified_players,https://www.vlr.gg/681928/tbk-esports-vs-tribe-challengers-2026-brazil-gamers-club-stage-2-w7
681928,270080,2962,10,True,ten_identified_players,https://www.vlr.gg/681928/tbk-esports-vs-tribe-challengers-2026-brazil-gamers-club-stage-2-w7
681930,270082,2962,10,True,ten_identified_players,https://www.vlr.gg/681930/mibr-academy-vs-f4tality-challengers-2026-brazil-gamers-club-stage-2-w7
681930,273907,2962,10,True,ten_identified_players,https://www.vlr.gg/681930/mibr-academy-vs-f4tality-challengers-2026-brazil-gamers-club-stage-2-w7
688228,271696,2858,10,True,ten_identified_players,https://www.vlr.gg/688228/division-one-vs-evictix-challengers-2026-north-america-ace-stage-3-r4-1-2
688228,271697,2858,10,True,ten_identified_players,https://www.vlr.gg/688228/division-one-vs-evictix-challengers-2026-north-america-ace-stage-3-r4-1-2
688228,271698,2858,10,True,ten_identified_players,https://www.vlr.gg/688228/division-one-vs-evictix-challengers-2026-north-america-ace-stage-3-r4-1-2
688229,271699,2858,10,True,ten_identified_players,https://www.vlr.gg/688229/alliance-guardians-vs-pigeons-challengers-2026-north-america-ace-stage-3-r4-1-2
688229,271700,2858,10,True,ten_identified_players,https://www.vlr.gg/688229/alliance-guardians-vs-pigeons-challengers-2026-north-america-ace-stage-3-r4-1-2
688229,271701,2858,10,True,ten_identified_players,https://www.vlr.gg/688229/alliance-guardians-vs-pigeons-challengers-2026-north-america-ace-stage-3-r4-1-2
681932,270088,2962,10,True,ten_identified_players,https://www.vlr.gg/681932/furia-academy-vs-peek-challengers-2026-brazil-gamers-club-stage-2-w7
681932,270089,2962,10,True,ten_identified_players,https://www.vlr.gg/681932/furia-academy-vs-peek-challengers-2026-brazil-gamers-club-stage-2-w7
688230,271702,2858,10,True,ten_identified_players,https://www.vlr.gg/688230/dynamo-vs-rose-challengers-2026-north-america-ace-stage-3-r4-0-3
688230,271703,2858,10,True,ten_identified_players,https://www.vlr.gg/688230/dynamo-vs-rose-challengers-2026-north-america-ace-stage-3-r4-0-3
688231,271705,2858,10,True,ten_identified_players,https://www.vlr.gg/688231/flyquest-vs-evil-geniuses-academy-challengers-2026-north-america-ace-stage-3-r4-1-2
688231,271706,2858,10,True,ten_identified_players,https://www.vlr.gg/688231/flyquest-vs-evil-geniuses-academy-challengers-2026-north-america-ace-stage-3-r4-1-2
681931,270085,2962,10,True,ten_identified_players,https://www.vlr.gg/681931/intz-vs-team-ego-challengers-2026-brazil-gamers-club-stage-2-w7
681931,270086,2962,10,True,ten_identified_players,https://www.vlr.gg/681931/intz-vs-team-ego-challengers-2026-brazil-gamers-club-stage-2-w7
681933,270091,2962,10,True,ten_identified_players,https://www.vlr.gg/681933/elevate-vs-team-liquid-brazil-challengers-2026-brazil-gamers-club-stage-2-w7
681933,270092,2962,10,True,ten_identified_players,https://www.vlr.gg/681933/elevate-vs-team-liquid-brazil-challengers-2026-brazil-gamers-club-stage-2-w7
688232,271708,2858,10,True,ten_identified_players,https://www.vlr.gg/688232/nightblood-gaming-vs-qor-challengers-2026-north-america-ace-stage-3-r4-2-1
688232,271709,2858,10,True,ten_identified_players,https://www.vlr.gg/688232/nightblood-gaming-vs-qor-challengers-2026-north-america-ace-stage-3-r4-2-1
688233,271711,2858,10,True,ten_identified_players,https://www.vlr.gg/688233/shopify-rebellion-black-vs-azure-dragon-gaming-challengers-2026-north-america-ace-stage-3-r4-2
688233,271712,2858,10,True,ten_identified_players,https://www.vlr.gg/688233/shopify-rebellion-black-vs-azure-dragon-gaming-challengers-2026-north-america-ace-stage-3-r4-2
681934,270094,2962,10,True,ten_identified_players,https://www.vlr.gg/681934/red-canids-vs-la-masia-challengers-2026-brazil-gamers-club-stage-2-w7
681934,270095,2962,10,True,ten_identified_players,https://www.vlr.gg/681934/red-canids-vs-la-masia-challengers-2026-brazil-gamers-club-stage-2-w7
688234,271714,2858,10,True,ten_identified_players,https://www.vlr.gg/688234/m80-vs-sad-esports-challengers-2026-north-america-ace-stage-3-r4-3-0
688234,271715,2858,10,True,ten_identified_players,https://www.vlr.gg/688234/m80-vs-sad-esports-challengers-2026-north-america-ace-stage-3-r4-3-0
688234,271716,2858,10,True,ten_identified_players,https://www.vlr.gg/688234/m80-vs-sad-esports-challengers-2026-north-america-ace-stage-3-r4-3-0
688235,271717,2858,10,True,ten_identified_players,https://www.vlr.gg/688235/yft-vs-nrg-academy-challengers-2026-north-america-ace-stage-3-r4-2-1
688235,271718,2858,10,True,ten_identified_players,https://www.vlr.gg/688235/yft-vs-nrg-academy-challengers-2026-north-america-ace-stage-3-r4-2-1
688235,271719,2858,10,True,ten_identified_players,https://www.vlr.gg/688235/yft-vs-nrg-academy-challengers-2026-north-america-ace-stage-3-r4-2-1
670470,267816,2765,10,True,ten_identified_players,https://www.vlr.gg/670470/edward-gaming-vs-paper-rex-valorant-masters-london-2026-ubf
670470,267817,2765,10,True,ten_identified_players,https://www.vlr.gg/670470/edward-gaming-vs-paper-rex-valorant-masters-london-2026-ubf
670470,267818,2765,10,True,ten_identified_players,https://www.vlr.gg/670470/edward-gaming-vs-paper-rex-valorant-masters-london-2026-ubf
670476,267836,2765,10,True,ten_identified_players,https://www.vlr.gg/670476/team-vitality-vs-leviat-n-valorant-masters-london-2026-lr3
670476,267837,2765,10,True,ten_identified_players,https://www.vlr.gg/670476/team-vitality-vs-leviat-n-valorant-masters-london-2026-lr3
670477,267839,2765,10,True,ten_identified_players,https://www.vlr.gg/670477/edward-gaming-vs-leviat-n-valorant-masters-london-2026-lbf
670477,267840,2765,10,True,ten_identified_players,https://www.vlr.gg/670477/edward-gaming-vs-leviat-n-valorant-masters-london-2026-lbf
670477,267841,2765,10,True,ten_identified_players,https://www.vlr.gg/670477/edward-gaming-vs-leviat-n-valorant-masters-london-2026-lbf
670471,267819,2765,10,True,ten_identified_players,https://www.vlr.gg/670471/paper-rex-vs-leviat-n-valorant-masters-london-2026-gf
670471,267820,2765,10,True,ten_identified_players,https://www.vlr.gg/670471/paper-rex-vs-leviat-n-valorant-masters-london-2026-gf
670471,267821,2765,10,True,ten_identified_players,https://www.vlr.gg/670471/paper-rex-vs-leviat-n-valorant-masters-london-2026-gf
670471,267822,2765,10,True,ten_identified_players,https://www.vlr.gg/670471/paper-rex-vs-leviat-n-valorant-masters-london-2026-gf
670471,267823,2765,10,True,ten_identified_players,https://www.vlr.gg/670471/paper-rex-vs-leviat-n-valorant-masters-london-2026-gf
688432,271816,3016,10,True,ten_identified_players,https://www.vlr.gg/688432/natus-vincere-junior-vs-be-ikta-esports-challengers-2026-emea-stage-3-opening-a
688432,271817,3016,10,True,ten_identified_players,https://www.vlr.gg/688432/natus-vincere-junior-vs-be-ikta-esports-challengers-2026-emea-stage-3-opening-a
688437,271831,3016,10,True,ten_identified_players,https://www.vlr.gg/688437/enterprise-esports-vs-bar-a-esports-challengers-2026-emea-stage-3-opening-b
688437,271832,3016,10,True,ten_identified_players,https://www.vlr.gg/688437/enterprise-esports-vs-bar-a-esports-challengers-2026-emea-stage-3-opening-b
688442,271846,3016,10,True,ten_identified_players,https://www.vlr.gg/688442/ucam-esports-club-vs-pixel-lumina-challengers-2026-emea-stage-3-opening-c
688442,271847,3016,10,True,ten_identified_players,https://www.vlr.gg/688442/ucam-esports-club-vs-pixel-lumina-challengers-2026-emea-stage-3-opening-c
688442,271848,3016,10,True,ten_identified_players,https://www.vlr.gg/688442/ucam-esports-club-vs-pixel-lumina-challengers-2026-emea-stage-3-opening-c
688447,271861,3016,10,True,ten_identified_players,https://www.vlr.gg/688447/reborn-vs-ghools-esports-challengers-2026-emea-stage-3-opening-d
688447,271862,3016,10,True,ten_identified_players,https://www.vlr.gg/688447/reborn-vs-ghools-esports-challengers-2026-emea-stage-3-opening-d
701175,274049,2962,10,True,ten_identified_players,https://www.vlr.gg/701175/elevate-vs-f4tality-challengers-2026-brazil-gamers-club-stage-2-ro6
701175,274050,2962,10,True,ten_identified_players,https://www.vlr.gg/701175/elevate-vs-f4tality-challengers-2026-brazil-gamers-club-stage-2-ro6
701175,274051,2962,10,True,ten_identified_players,https://www.vlr.gg/701175/elevate-vs-f4tality-challengers-2026-brazil-gamers-club-stage-2-ro6
701174,274046,2962,10,True,ten_identified_players,https://www.vlr.gg/701174/team-solid-vs-intz-challengers-2026-brazil-gamers-club-stage-2-ro6
701174,274047,2962,10,True,ten_identified_players,https://www.vlr.gg/701174/team-solid-vs-intz-challengers-2026-brazil-gamers-club-stage-2-ro6
701174,274048,2962,10,True,ten_identified_players,https://www.vlr.gg/701174/team-solid-vs-intz-challengers-2026-brazil-gamers-club-stage-2-ro6
688433,271819,3016,10,True,ten_identified_players,https://www.vlr.gg/688433/mandatory-vs-alqadsiah-esports-challengers-2026-emea-stage-3-opening-a
688433,271820,3016,10,True,ten_identified_players,https://www.vlr.gg/688433/mandatory-vs-alqadsiah-esports-challengers-2026-emea-stage-3-opening-a
688438,271834,3016,10,True,ten_identified_players,https://www.vlr.gg/688438/joblife-vs-cgn-esports-challengers-2026-emea-stage-3-opening-b
688438,271835,3016,10,True,ten_identified_players,https://www.vlr.gg/688438/joblife-vs-cgn-esports-challengers-2026-emea-stage-3-opening-b
688443,271849,3016,10,True,ten_identified_players,https://www.vlr.gg/688443/fokus-vs-mir-challengers-2026-emea-stage-3-opening-c
688443,271850,3016,10,True,ten_identified_players,https://www.vlr.gg/688443/fokus-vs-mir-challengers-2026-emea-stage-3-opening-c
688443,271851,3016,10,True,ten_identified_players,https://www.vlr.gg/688443/fokus-vs-mir-challengers-2026-emea-stage-3-opening-c
688448,271864,3016,10,True,ten_identified_players,https://www.vlr.gg/688448/team-liquid-academy-vs-misa-esports-challengers-2026-emea-stage-3-opening-d
688448,271865,3016,10,True,ten_identified_players,https://www.vlr.gg/688448/team-liquid-academy-vs-misa-esports-challengers-2026-emea-stage-3-opening-d
688448,271866,3016,10,True,ten_identified_players,https://www.vlr.gg/688448/team-liquid-academy-vs-misa-esports-challengers-2026-emea-stage-3-opening-d
701177,274055,2962,10,True,ten_identified_players,https://www.vlr.gg/701177/f4tality-vs-tbk-esports-challengers-2026-brazil-gamers-club-stage-2-ubsf
701177,274056,2962,10,True,ten_identified_players,https://www.vlr.gg/701177/f4tality-vs-tbk-esports-challengers-2026-brazil-gamers-club-stage-2-ubsf
701176,274052,2962,10,True,ten_identified_players,https://www.vlr.gg/701176/la-masia-vs-intz-challengers-2026-brazil-gamers-club-stage-2-ubsf
701176,274053,2962,10,True,ten_identified_players,https://www.vlr.gg/701176/la-masia-vs-intz-challengers-2026-brazil-gamers-club-stage-2-ubsf
701176,274054,2962,10,True,ten_identified_players,https://www.vlr.gg/701176/la-masia-vs-intz-challengers-2026-brazil-gamers-club-stage-2-ubsf
688434,271822,3016,10,True,ten_identified_players,https://www.vlr.gg/688434/natus-vincere-junior-vs-mandatory-challengers-2026-emea-stage-3-winners-a
688434,271823,3016,10,True,ten_identified_players,https://www.vlr.gg/688434/natus-vincere-junior-vs-mandatory-challengers-2026-emea-stage-3-winners-a
688434,271824,3016,10,True,ten_identified_players,https://www.vlr.gg/688434/natus-vincere-junior-vs-mandatory-challengers-2026-emea-stage-3-winners-a
688439,271837,3016,10,True,ten_identified_players,https://www.vlr.gg/688439/enterprise-esports-vs-joblife-challengers-2026-emea-stage-3-winners-b
688439,271838,3016,10,True,ten_identified_players,https://www.vlr.gg/688439/enterprise-esports-vs-joblife-challengers-2026-emea-stage-3-winners-b
688439,271839,3016,10,True,ten_identified_players,https://www.vlr.gg/688439/enterprise-esports-vs-joblife-challengers-2026-emea-stage-3-winners-b
688444,271852,3016,10,True,ten_identified_players,https://www.vlr.gg/688444/ucam-esports-club-vs-mir-challengers-2026-emea-stage-3-winners-c
688444,271854,3016,10,True,ten_identified_players,https://www.vlr.gg/688444/ucam-esports-club-vs-mir-challengers-2026-emea-stage-3-winners-c
688444,274856,3016,10,True,ten_identified_players,https://www.vlr.gg/688444/ucam-esports-club-vs-mir-challengers-2026-emea-stage-3-winners-c
688449,271867,3016,10,True,ten_identified_players,https://www.vlr.gg/688449/reborn-vs-misa-esports-challengers-2026-emea-stage-3-winners-d
688449,271868,3016,10,True,ten_identified_players,https://www.vlr.gg/688449/reborn-vs-misa-esports-challengers-2026-emea-stage-3-winners-d
701226,274075,2858,10,True,ten_identified_players,https://www.vlr.gg/701226/azure-dragon-gaming-vs-alliance-guardians-challengers-2026-north-america-ace-stage-3-r5-2-2
701226,274076,2858,10,True,ten_identified_players,https://www.vlr.gg/701226/azure-dragon-gaming-vs-alliance-guardians-challengers-2026-north-america-ace-stage-3-r5-2-2
701226,274077,2858,10,True,ten_identified_players,https://www.vlr.gg/701226/azure-dragon-gaming-vs-alliance-guardians-challengers-2026-north-america-ace-stage-3-r5-2-2
701227,274078,2858,10,True,ten_identified_players,https://www.vlr.gg/701227/qor-vs-evictix-challengers-2026-north-america-ace-stage-3-r5-2-2
701227,274079,2858,10,True,ten_identified_players,https://www.vlr.gg/701227/qor-vs-evictix-challengers-2026-north-america-ace-stage-3-r5-2-2
701227,274080,2858,10,True,ten_identified_players,https://www.vlr.gg/701227/qor-vs-evictix-challengers-2026-north-america-ace-stage-3-r5-2-2
701228,274081,2858,10,True,ten_identified_players,https://www.vlr.gg/701228/flyquest-vs-division-one-challengers-2026-north-america-ace-stage-3-r5-1-3
701228,274082,2858,10,True,ten_identified_players,https://www.vlr.gg/701228/flyquest-vs-division-one-challengers-2026-north-america-ace-stage-3-r5-1-3
701229,274084,2858,10,True,ten_identified_players,https://www.vlr.gg/701229/rose-vs-pigeons-challengers-2026-north-america-ace-stage-3-r5-1-3
701229,274085,2858,10,True,ten_identified_players,https://www.vlr.gg/701229/rose-vs-pigeons-challengers-2026-north-america-ace-stage-3-r5-1-3
688435,271825,3016,10,True,ten_identified_players,https://www.vlr.gg/688435/be-ikta-esports-vs-alqadsiah-esports-challengers-2026-emea-stage-3-elim-a
688435,271826,3016,10,True,ten_identified_players,https://www.vlr.gg/688435/be-ikta-esports-vs-alqadsiah-esports-challengers-2026-emea-stage-3-elim-a
688435,271827,3016,10,True,ten_identified_players,https://www.vlr.gg/688435/be-ikta-esports-vs-alqadsiah-esports-challengers-2026-emea-stage-3-elim-a
688440,271840,3016,10,True,ten_identified_players,https://www.vlr.gg/688440/bar-a-esports-vs-cgn-esports-challengers-2026-emea-stage-3-elim-b
688440,271841,3016,10,True,ten_identified_players,https://www.vlr.gg/688440/bar-a-esports-vs-cgn-esports-challengers-2026-emea-stage-3-elim-b
688440,271842,3016,10,True,ten_identified_players,https://www.vlr.gg/688440/bar-a-esports-vs-cgn-esports-challengers-2026-emea-stage-3-elim-b
688445,271855,3016,10,True,ten_identified_players,https://www.vlr.gg/688445/pixel-lumina-vs-fokus-challengers-2026-emea-stage-3-elim-c
688445,271856,3016,10,True,ten_identified_players,https://www.vlr.gg/688445/pixel-lumina-vs-fokus-challengers-2026-emea-stage-3-elim-c
688445,271857,3016,10,True,ten_identified_players,https://www.vlr.gg/688445/pixel-lumina-vs-fokus-challengers-2026-emea-stage-3-elim-c
688450,271870,3016,10,True,ten_identified_players,https://www.vlr.gg/688450/ghools-esports-vs-team-liquid-academy-challengers-2026-emea-stage-3-elim-d
688450,271871,3016,10,True,ten_identified_players,https://www.vlr.gg/688450/ghools-esports-vs-team-liquid-academy-challengers-2026-emea-stage-3-elim-d
701180,274064,2962,10,True,ten_identified_players,https://www.vlr.gg/701180/team-solid-vs-tbk-esports-challengers-2026-brazil-gamers-club-stage-2-lr1
701180,274065,2962,10,True,ten_identified_players,https://www.vlr.gg/701180/team-solid-vs-tbk-esports-challengers-2026-brazil-gamers-club-stage-2-lr1
701230,274087,2858,10,True,ten_identified_players,https://www.vlr.gg/701230/nrg-academy-vs-shopify-rebellion-black-challengers-2026-north-america-ace-stage-3-r5-3-1
701230,274088,2858,10,True,ten_identified_players,https://www.vlr.gg/701230/nrg-academy-vs-shopify-rebellion-black-challengers-2026-north-america-ace-stage-3-r5-3-1
701231,274090,2858,10,True,ten_identified_players,https://www.vlr.gg/701231/nightblood-gaming-vs-sad-esports-challengers-2026-north-america-ace-stage-3-r5-3-1
701231,274091,2858,10,True,ten_identified_players,https://www.vlr.gg/701231/nightblood-gaming-vs-sad-esports-challengers-2026-north-america-ace-stage-3-r5-3-1
701231,274092,2858,10,True,ten_identified_players,https://www.vlr.gg/701231/nightblood-gaming-vs-sad-esports-challengers-2026-north-america-ace-stage-3-r5-3-1
701232,274093,2858,10,True,ten_identified_players,https://www.vlr.gg/701232/yft-vs-evil-geniuses-academy-challengers-2026-north-america-ace-stage-3-r5-2-2
701232,274094,2858,10,True,ten_identified_players,https://www.vlr.gg/701232/yft-vs-evil-geniuses-academy-challengers-2026-north-america-ace-stage-3-r5-2-2
701232,274095,2858,10,True,ten_identified_players,https://www.vlr.gg/701232/yft-vs-evil-geniuses-academy-challengers-2026-north-america-ace-stage-3-r5-2-2
701179,274061,2962,10,True,ten_identified_players,https://www.vlr.gg/701179/elevate-vs-intz-challengers-2026-brazil-gamers-club-stage-2-lr1
701179,274062,2962,10,True,ten_identified_players,https://www.vlr.gg/701179/elevate-vs-intz-challengers-2026-brazil-gamers-club-stage-2-lr1
706323,275049,2858,10,True,ten_identified_players,https://www.vlr.gg/706323/sad-esports-vs-evictix-challengers-2026-north-america-ace-stage-3-r6-3-2-vs-2-3
706323,275050,2858,10,True,ten_identified_players,https://www.vlr.gg/706323/sad-esports-vs-evictix-challengers-2026-north-america-ace-stage-3-r6-3-2-vs-2-3
706323,275051,2858,10,True,ten_identified_players,https://www.vlr.gg/706323/sad-esports-vs-evictix-challengers-2026-north-america-ace-stage-3-r6-3-2-vs-2-3
706324,275052,2858,10,True,ten_identified_players,https://www.vlr.gg/706324/azure-dragon-gaming-vs-nrg-academy-challengers-2026-north-america-ace-stage-3-r6-3-2
706324,275053,2858,10,True,ten_identified_players,https://www.vlr.gg/706324/azure-dragon-gaming-vs-nrg-academy-challengers-2026-north-america-ace-stage-3-r6-3-2
706325,275055,2858,10,True,ten_identified_players,https://www.vlr.gg/706325/division-one-vs-pigeons-challengers-2026-north-america-ace-stage-3-r6-2-3
706325,275056,2858,10,True,ten_identified_players,https://www.vlr.gg/706325/division-one-vs-pigeons-challengers-2026-north-america-ace-stage-3-r6-2-3
701181,274067,2962,10,True,ten_identified_players,https://www.vlr.gg/701181/intz-vs-team-solid-challengers-2026-brazil-gamers-club-stage-2-lr2
701181,274068,2962,10,True,ten_identified_players,https://www.vlr.gg/701181/intz-vs-team-solid-challengers-2026-brazil-gamers-club-stage-2-lr2
706326,275058,2858,10,True,ten_identified_players,https://www.vlr.gg/706326/evil-geniuses-academy-vs-alliance-guardians-challengers-2026-north-america-ace-stage-3-r6-2-3
706326,275059,2858,10,True,ten_identified_players,https://www.vlr.gg/706326/evil-geniuses-academy-vs-alliance-guardians-challengers-2026-north-america-ace-stage-3-r6-2-3
706326,275060,2858,10,True,ten_identified_players,https://www.vlr.gg/706326/evil-geniuses-academy-vs-alliance-guardians-challengers-2026-north-america-ace-stage-3-r6-2-3
701178,274058,2962,10,True,ten_identified_players,https://www.vlr.gg/701178/la-masia-vs-f4tality-challengers-2026-brazil-gamers-club-stage-2-ubf
701178,274059,2962,10,True,ten_identified_players,https://www.vlr.gg/701178/la-masia-vs-f4tality-challengers-2026-brazil-gamers-club-stage-2-ubf
706327,275061,2858,10,True,ten_identified_players,https://www.vlr.gg/706327/qor-vs-yft-challengers-2026-north-america-ace-stage-3-r6-3-2
706327,275062,2858,10,True,ten_identified_players,https://www.vlr.gg/706327/qor-vs-yft-challengers-2026-north-america-ace-stage-3-r6-3-2
706327,275063,2858,10,True,ten_identified_players,https://www.vlr.gg/706327/qor-vs-yft-challengers-2026-north-america-ace-stage-3-r6-3-2
701182,274070,2962,10,True,ten_identified_players,https://www.vlr.gg/701182/f4tality-vs-team-solid-challengers-2026-brazil-gamers-club-stage-2-lbf
701182,274071,2962,10,True,ten_identified_players,https://www.vlr.gg/701182/f4tality-vs-team-solid-challengers-2026-brazil-gamers-club-stage-2-lbf
701182,274072,2962,10,True,ten_identified_players,https://www.vlr.gg/701182/f4tality-vs-team-solid-challengers-2026-brazil-gamers-club-stage-2-lbf
701182,274073,2962,10,True,ten_identified_players,https://www.vlr.gg/701182/f4tality-vs-team-solid-challengers-2026-brazil-gamers-club-stage-2-lbf
707127,275448,2858,10,True,ten_identified_players,https://www.vlr.gg/707127/division-one-vs-qor-challengers-2026-north-america-ace-stage-3-r7-3-3
707127,275449,2858,10,True,ten_identified_players,https://www.vlr.gg/707127/division-one-vs-qor-challengers-2026-north-america-ace-stage-3-r7-3-3
707127,275450,2858,10,True,ten_identified_players,https://www.vlr.gg/707127/division-one-vs-qor-challengers-2026-north-america-ace-stage-3-r7-3-3
707128,275451,2858,10,True,ten_identified_players,https://www.vlr.gg/707128/azure-dragon-gaming-vs-evil-geniuses-academy-challengers-2026-north-america-ace-stage-3-r7-3-3
707128,275452,2858,10,True,ten_identified_players,https://www.vlr.gg/707128/azure-dragon-gaming-vs-evil-geniuses-academy-challengers-2026-north-america-ace-stage-3-r7-3-3
707128,275453,2858,10,True,ten_identified_players,https://www.vlr.gg/707128/azure-dragon-gaming-vs-evil-geniuses-academy-challengers-2026-north-america-ace-stage-3-r7-3-3
688436,271828,3016,10,True,ten_identified_players,https://www.vlr.gg/688436/mandatory-vs-be-ikta-esports-challengers-2026-emea-stage-3-decider-a
688436,271829,3016,10,True,ten_identified_players,https://www.vlr.gg/688436/mandatory-vs-be-ikta-esports-challengers-2026-emea-stage-3-decider-a
688441,271843,3016,10,True,ten_identified_players,https://www.vlr.gg/688441/joblife-vs-bar-a-esports-challengers-2026-emea-stage-3-decider-b
688441,271844,3016,10,True,ten_identified_players,https://www.vlr.gg/688441/joblife-vs-bar-a-esports-challengers-2026-emea-stage-3-decider-b
688441,271845,3016,10,True,ten_identified_players,https://www.vlr.gg/688441/joblife-vs-bar-a-esports-challengers-2026-emea-stage-3-decider-b
688446,271858,3016,10,True,ten_identified_players,https://www.vlr.gg/688446/ucam-esports-club-vs-fokus-challengers-2026-emea-stage-3-decider-c
688446,271859,3016,10,True,ten_identified_players,https://www.vlr.gg/688446/ucam-esports-club-vs-fokus-challengers-2026-emea-stage-3-decider-c
688446,271860,3016,10,True,ten_identified_players,https://www.vlr.gg/688446/ucam-esports-club-vs-fokus-challengers-2026-emea-stage-3-decider-c
688451,271873,3016,10,True,ten_identified_players,https://www.vlr.gg/688451/misa-esports-vs-team-liquid-academy-challengers-2026-emea-stage-3-decider-d
688451,271874,3016,10,True,ten_identified_players,https://www.vlr.gg/688451/misa-esports-vs-team-liquid-academy-challengers-2026-emea-stage-3-decider-d
688451,271875,3016,10,True,ten_identified_players,https://www.vlr.gg/688451/misa-esports-vs-team-liquid-academy-challengers-2026-emea-stage-3-decider-d
707697,275559,3016,10,True,ten_identified_players,https://www.vlr.gg/707697/natus-vincere-junior-vs-fokus-challengers-2026-emea-stage-3-ubqf
707697,275560,3016,10,True,ten_identified_players,https://www.vlr.gg/707697/natus-vincere-junior-vs-fokus-challengers-2026-emea-stage-3-ubqf
707697,275561,3016,10,True,ten_identified_players,https://www.vlr.gg/707697/natus-vincere-junior-vs-fokus-challengers-2026-emea-stage-3-ubqf
707698,275562,3016,10,True,ten_identified_players,https://www.vlr.gg/707698/enterprise-esports-vs-mandatory-challengers-2026-emea-stage-3-ubqf
707698,275563,3016,10,True,ten_identified_players,https://www.vlr.gg/707698/enterprise-esports-vs-mandatory-challengers-2026-emea-stage-3-ubqf
707700,275568,3016,10,True,ten_identified_players,https://www.vlr.gg/707700/reborn-vs-joblife-challengers-2026-emea-stage-3-ubqf
707700,275569,3016,10,True,ten_identified_players,https://www.vlr.gg/707700/reborn-vs-joblife-challengers-2026-emea-stage-3-ubqf
707700,275570,3016,10,True,ten_identified_players,https://www.vlr.gg/707700/reborn-vs-joblife-challengers-2026-emea-stage-3-ubqf
707699,275565,3016,10,True,ten_identified_players,https://www.vlr.gg/707699/mir-vs-misa-esports-challengers-2026-emea-stage-3-ubqf
707699,275566,3016,10,True,ten_identified_players,https://www.vlr.gg/707699/mir-vs-misa-esports-challengers-2026-emea-stage-3-ubqf
707701,275571,3016,10,True,ten_identified_players,https://www.vlr.gg/707701/natus-vincere-junior-vs-enterprise-esports-challengers-2026-emea-stage-3-ubsf
707701,275572,3016,10,True,ten_identified_players,https://www.vlr.gg/707701/natus-vincere-junior-vs-enterprise-esports-challengers-2026-emea-stage-3-ubsf
707701,275573,3016,10,True,ten_identified_players,https://www.vlr.gg/707701/natus-vincere-junior-vs-enterprise-esports-challengers-2026-emea-stage-3-ubsf
707702,275574,3016,10,True,ten_identified_players,https://www.vlr.gg/707702/misa-esports-vs-reborn-challengers-2026-emea-stage-3-ubsf
707702,275575,3016,10,True,ten_identified_players,https://www.vlr.gg/707702/misa-esports-vs-reborn-challengers-2026-emea-stage-3-ubsf
707706,275588,3016,10,True,ten_identified_players,https://www.vlr.gg/707706/mir-vs-joblife-challengers-2026-emea-stage-3-lr1
707706,275589,3016,10,True,ten_identified_players,https://www.vlr.gg/707706/mir-vs-joblife-challengers-2026-emea-stage-3-lr1
707706,275590,3016,10,True,ten_identified_players,https://www.vlr.gg/707706/mir-vs-joblife-challengers-2026-emea-stage-3-lr1
707705,275585,3016,10,True,ten_identified_players,https://www.vlr.gg/707705/fokus-vs-mandatory-challengers-2026-emea-stage-3-lr1
707705,275586,3016,10,True,ten_identified_players,https://www.vlr.gg/707705/fokus-vs-mandatory-challengers-2026-emea-stage-3-lr1
707203,275454,2962,10,True,ten_identified_players,https://www.vlr.gg/707203/red-canids-vs-team-solid-challengers-2026-brazil-gamers-club-stage-2-ur1
707203,275455,2962,10,True,ten_identified_players,https://www.vlr.gg/707203/red-canids-vs-team-solid-challengers-2026-brazil-gamers-club-stage-2-ur1
707204,275457,2962,10,True,ten_identified_players,https://www.vlr.gg/707204/furia-academy-vs-la-masia-challengers-2026-brazil-gamers-club-stage-2-ur1
707204,275458,2962,10,True,ten_identified_players,https://www.vlr.gg/707204/furia-academy-vs-la-masia-challengers-2026-brazil-gamers-club-stage-2-ur1
707204,275459,2962,10,True,ten_identified_players,https://www.vlr.gg/707204/furia-academy-vs-la-masia-challengers-2026-brazil-gamers-club-stage-2-ur1
707707,275591,3016,10,True,ten_identified_players,https://www.vlr.gg/707707/misa-esports-vs-fokus-challengers-2026-emea-stage-3-lr2
707707,275592,3016,10,True,ten_identified_players,https://www.vlr.gg/707707/misa-esports-vs-fokus-challengers-2026-emea-stage-3-lr2
707708,275594,3016,10,True,ten_identified_players,https://www.vlr.gg/707708/natus-vincere-junior-vs-joblife-challengers-2026-emea-stage-3-lr2
707708,275595,3016,10,True,ten_identified_players,https://www.vlr.gg/707708/natus-vincere-junior-vs-joblife-challengers-2026-emea-stage-3-lr2
707708,275596,3016,10,True,ten_identified_players,https://www.vlr.gg/707708/natus-vincere-junior-vs-joblife-challengers-2026-emea-stage-3-lr2
707703,275577,3016,10,True,ten_identified_players,https://www.vlr.gg/707703/enterprise-esports-vs-reborn-challengers-2026-emea-stage-3-ubf
707703,275578,3016,10,True,ten_identified_players,https://www.vlr.gg/707703/enterprise-esports-vs-reborn-challengers-2026-emea-stage-3-ubf
707703,275579,3016,10,True,ten_identified_players,https://www.vlr.gg/707703/enterprise-esports-vs-reborn-challengers-2026-emea-stage-3-ubf
707205,275460,2962,10,True,ten_identified_players,https://www.vlr.gg/707205/mibr-academy-vs-team-solid-challengers-2026-brazil-gamers-club-stage-2-ubsf
707205,275461,2962,10,True,ten_identified_players,https://www.vlr.gg/707205/mibr-academy-vs-team-solid-challengers-2026-brazil-gamers-club-stage-2-ubsf
707767,275627,2858,10,True,ten_identified_players,https://www.vlr.gg/707767/m80-vs-qor-challengers-2026-north-america-ace-stage-3-ubqf
707767,275628,2858,10,True,ten_identified_players,https://www.vlr.gg/707767/m80-vs-qor-challengers-2026-north-america-ace-stage-3-ubqf
707768,275630,2858,10,True,ten_identified_players,https://www.vlr.gg/707768/nightblood-gaming-vs-yft-challengers-2026-north-america-ace-stage-3-ubqf
707768,275631,2858,10,True,ten_identified_players,https://www.vlr.gg/707768/nightblood-gaming-vs-yft-challengers-2026-north-america-ace-stage-3-ubqf
707768,275632,2858,10,True,ten_identified_players,https://www.vlr.gg/707768/nightblood-gaming-vs-yft-challengers-2026-north-america-ace-stage-3-ubqf
707206,275463,2962,10,True,ten_identified_players,https://www.vlr.gg/707206/2game-esports-vs-furia-academy-challengers-2026-brazil-gamers-club-stage-2-ubsf
707206,275464,2962,10,True,ten_identified_players,https://www.vlr.gg/707206/2game-esports-vs-furia-academy-challengers-2026-brazil-gamers-club-stage-2-ubsf
707206,275465,2962,10,True,ten_identified_players,https://www.vlr.gg/707206/2game-esports-vs-furia-academy-challengers-2026-brazil-gamers-club-stage-2-ubsf
707709,275597,3016,10,True,ten_identified_players,https://www.vlr.gg/707709/fokus-vs-joblife-challengers-2026-emea-stage-3-lr3
707709,275598,3016,10,True,ten_identified_players,https://www.vlr.gg/707709/fokus-vs-joblife-challengers-2026-emea-stage-3-lr3
707709,275599,3016,10,True,ten_identified_players,https://www.vlr.gg/707709/fokus-vs-joblife-challengers-2026-emea-stage-3-lr3
707211,275477,2962,10,True,ten_identified_players,https://www.vlr.gg/707211/la-masia-vs-mibr-academy-challengers-2026-brazil-gamers-club-stage-2-lr1
707211,275478,2962,10,True,ten_identified_players,https://www.vlr.gg/707211/la-masia-vs-mibr-academy-challengers-2026-brazil-gamers-club-stage-2-lr1
707769,275633,2858,10,True,ten_identified_players,https://www.vlr.gg/707769/sad-esports-vs-nrg-academy-challengers-2026-north-america-ace-stage-3-ubqf
707769,275634,2858,10,True,ten_identified_players,https://www.vlr.gg/707769/sad-esports-vs-nrg-academy-challengers-2026-north-america-ace-stage-3-ubqf
707210,275474,2962,10,True,ten_identified_players,https://www.vlr.gg/707210/furia-academy-vs-red-canids-challengers-2026-brazil-gamers-club-stage-2-lr1
707210,275475,2962,10,True,ten_identified_players,https://www.vlr.gg/707210/furia-academy-vs-red-canids-challengers-2026-brazil-gamers-club-stage-2-lr1
707770,275636,2858,10,True,ten_identified_players,https://www.vlr.gg/707770/shopify-rebellion-black-vs-evil-geniuses-academy-challengers-2026-north-america-ace-stage-3-ubqf
707770,275637,2858,10,True,ten_identified_players,https://www.vlr.gg/707770/shopify-rebellion-black-vs-evil-geniuses-academy-challengers-2026-north-america-ace-stage-3-ubqf
707710,275600,3016,10,True,ten_identified_players,https://www.vlr.gg/707710/reborn-vs-joblife-challengers-2026-emea-stage-3-lbf
707710,275601,3016,10,True,ten_identified_players,https://www.vlr.gg/707710/reborn-vs-joblife-challengers-2026-emea-stage-3-lbf
707710,275602,3016,10,True,ten_identified_players,https://www.vlr.gg/707710/reborn-vs-joblife-challengers-2026-emea-stage-3-lbf
707710,275603,3016,10,True,ten_identified_players,https://www.vlr.gg/707710/reborn-vs-joblife-challengers-2026-emea-stage-3-lbf
707776,275656,2858,10,True,ten_identified_players,https://www.vlr.gg/707776/nrg-academy-vs-evil-geniuses-academy-challengers-2026-north-america-ace-stage-3-lr1
707776,275657,2858,10,True,ten_identified_players,https://www.vlr.gg/707776/nrg-academy-vs-evil-geniuses-academy-challengers-2026-north-america-ace-stage-3-lr1
707776,275658,2858,10,True,ten_identified_players,https://www.vlr.gg/707776/nrg-academy-vs-evil-geniuses-academy-challengers-2026-north-america-ace-stage-3-lr1
707775,275653,2858,10,True,ten_identified_players,https://www.vlr.gg/707775/qor-vs-yft-challengers-2026-north-america-ace-stage-3-lr1
707775,275654,2858,10,True,ten_identified_players,https://www.vlr.gg/707775/qor-vs-yft-challengers-2026-north-america-ace-stage-3-lr1
675268,268328,2991,10,True,ten_identified_players,https://www.vlr.gg/675268/riddle-order-vs-igzist-challengers-2026-japan-season-finals-prelims
675268,268329,2991,10,True,ten_identified_players,https://www.vlr.gg/675268/riddle-order-vs-igzist-challengers-2026-japan-season-finals-prelims
675268,268330,2991,10,True,ten_identified_players,https://www.vlr.gg/675268/riddle-order-vs-igzist-challengers-2026-japan-season-finals-prelims
675269,268331,2991,10,True,ten_identified_players,https://www.vlr.gg/675269/fennel-vs-crest-gaming-zst-challengers-2026-japan-season-finals-prelims
675269,268332,2991,10,True,ten_identified_players,https://www.vlr.gg/675269/fennel-vs-crest-gaming-zst-challengers-2026-japan-season-finals-prelims
675269,268333,2991,10,True,ten_identified_players,https://www.vlr.gg/675269/fennel-vs-crest-gaming-zst-challengers-2026-japan-season-finals-prelims
707704,275580,3016,10,True,ten_identified_players,https://www.vlr.gg/707704/enterprise-esports-vs-reborn-challengers-2026-emea-stage-3-gf
707704,275581,3016,10,True,ten_identified_players,https://www.vlr.gg/707704/enterprise-esports-vs-reborn-challengers-2026-emea-stage-3-gf
707704,275582,3016,10,True,ten_identified_players,https://www.vlr.gg/707704/enterprise-esports-vs-reborn-challengers-2026-emea-stage-3-gf
707771,275639,2858,10,True,ten_identified_players,https://www.vlr.gg/707771/m80-vs-nightblood-gaming-challengers-2026-north-america-ace-stage-3-ubsf
707771,275640,2858,10,True,ten_identified_players,https://www.vlr.gg/707771/m80-vs-nightblood-gaming-challengers-2026-north-america-ace-stage-3-ubsf
707772,275642,2858,10,True,ten_identified_players,https://www.vlr.gg/707772/sad-esports-vs-shopify-rebellion-black-challengers-2026-north-america-ace-stage-3-ubsf
707772,275643,2858,10,True,ten_identified_players,https://www.vlr.gg/707772/sad-esports-vs-shopify-rebellion-black-challengers-2026-north-america-ace-stage-3-ubsf
707772,275644,2858,10,True,ten_identified_players,https://www.vlr.gg/707772/sad-esports-vs-shopify-rebellion-black-challengers-2026-north-america-ace-stage-3-ubsf
711000,276404,3039,10,True,ten_identified_players,https://www.vlr.gg/711000/555-vs-no-salary-peek-challengers-2026-pacific-last-chance-qualifier-ubsf
711000,276405,3039,10,True,ten_identified_players,https://www.vlr.gg/711000/555-vs-no-salary-peek-challengers-2026-pacific-last-chance-qualifier-ubsf
711000,276406,3039,10,True,ten_identified_players,https://www.vlr.gg/711000/555-vs-no-salary-peek-challengers-2026-pacific-last-chance-qualifier-ubsf
711001,276407,3039,10,True,ten_identified_players,https://www.vlr.gg/711001/fancy-united-esports-vs-yi-jing-challengers-2026-pacific-last-chance-qualifier-ubsf
711001,276408,3039,10,True,ten_identified_players,https://www.vlr.gg/711001/fancy-united-esports-vs-yi-jing-challengers-2026-pacific-last-chance-qualifier-ubsf
711001,276409,3039,10,True,ten_identified_players,https://www.vlr.gg/711001/fancy-united-esports-vs-yi-jing-challengers-2026-pacific-last-chance-qualifier-ubsf
707212,275480,2962,10,True,ten_identified_players,https://www.vlr.gg/707212/red-canids-vs-la-masia-challengers-2026-brazil-gamers-club-stage-2-lr2
707212,275481,2962,10,True,ten_identified_players,https://www.vlr.gg/707212/red-canids-vs-la-masia-challengers-2026-brazil-gamers-club-stage-2-lr2
707212,275482,2962,10,True,ten_identified_players,https://www.vlr.gg/707212/red-canids-vs-la-masia-challengers-2026-brazil-gamers-club-stage-2-lr2
707207,275466,2962,10,True,ten_identified_players,https://www.vlr.gg/707207/team-solid-vs-2game-esports-challengers-2026-brazil-gamers-club-stage-2-ubf
707207,275467,2962,10,True,ten_identified_players,https://www.vlr.gg/707207/team-solid-vs-2game-esports-challengers-2026-brazil-gamers-club-stage-2-ubf
711002,276410,3039,10,True,ten_identified_players,https://www.vlr.gg/711002/555-vs-fancy-united-esports-challengers-2026-pacific-last-chance-qualifier-ubf
711002,276411,3039,10,True,ten_identified_players,https://www.vlr.gg/711002/555-vs-fancy-united-esports-challengers-2026-pacific-last-chance-qualifier-ubf
711004,276418,3039,10,True,ten_identified_players,https://www.vlr.gg/711004/no-salary-peek-vs-yi-jing-challengers-2026-pacific-last-chance-qualifier-lr1
711004,276419,3039,10,True,ten_identified_players,https://www.vlr.gg/711004/no-salary-peek-vs-yi-jing-challengers-2026-pacific-last-chance-qualifier-lr1
711005,276421,3039,10,True,ten_identified_players,https://www.vlr.gg/711005/555-vs-yi-jing-challengers-2026-pacific-last-chance-qualifier-lbf
711005,276422,3039,10,True,ten_identified_players,https://www.vlr.gg/711005/555-vs-yi-jing-challengers-2026-pacific-last-chance-qualifier-lbf
711005,276423,3039,10,True,ten_identified_players,https://www.vlr.gg/711005/555-vs-yi-jing-challengers-2026-pacific-last-chance-qualifier-lbf
711005,276424,3039,10,True,ten_identified_players,https://www.vlr.gg/711005/555-vs-yi-jing-challengers-2026-pacific-last-chance-qualifier-lbf
707778,275662,2858,10,True,ten_identified_players,https://www.vlr.gg/707778/nightblood-gaming-vs-nrg-academy-challengers-2026-north-america-ace-stage-3-lr2
707778,275663,2858,10,True,ten_identified_players,https://www.vlr.gg/707778/nightblood-gaming-vs-nrg-academy-challengers-2026-north-america-ace-stage-3-lr2
707778,275664,2858,10,True,ten_identified_players,https://www.vlr.gg/707778/nightblood-gaming-vs-nrg-academy-challengers-2026-north-america-ace-stage-3-lr2
707777,275659,2858,10,True,ten_identified_players,https://www.vlr.gg/707777/shopify-rebellion-black-vs-qor-challengers-2026-north-america-ace-stage-3-lr2
707777,275660,2858,10,True,ten_identified_players,https://www.vlr.gg/707777/shopify-rebellion-black-vs-qor-challengers-2026-north-america-ace-stage-3-lr2
707777,275661,2858,10,True,ten_identified_players,https://www.vlr.gg/707777/shopify-rebellion-black-vs-qor-challengers-2026-north-america-ace-stage-3-lr2
711003,276413,3039,10,True,ten_identified_players,https://www.vlr.gg/711003/fancy-united-esports-vs-555-challengers-2026-pacific-last-chance-qualifier-gf
711003,276414,3039,10,True,ten_identified_players,https://www.vlr.gg/711003/fancy-united-esports-vs-555-challengers-2026-pacific-last-chance-qualifier-gf
711003,276415,3039,10,True,ten_identified_players,https://www.vlr.gg/711003/fancy-united-esports-vs-555-challengers-2026-pacific-last-chance-qualifier-gf
707213,275485,2962,10,True,ten_identified_players,https://www.vlr.gg/707213/team-solid-vs-la-masia-challengers-2026-brazil-gamers-club-stage-2-lbf
707213,275486,2962,10,True,ten_identified_players,https://www.vlr.gg/707213/team-solid-vs-la-masia-challengers-2026-brazil-gamers-club-stage-2-lbf
707213,276771,2962,10,True,ten_identified_players,https://www.vlr.gg/707213/team-solid-vs-la-masia-challengers-2026-brazil-gamers-club-stage-2-lbf
707213,276772,2962,10,True,ten_identified_players,https://www.vlr.gg/707213/team-solid-vs-la-masia-challengers-2026-brazil-gamers-club-stage-2-lbf
707773,275645,2858,10,True,ten_identified_players,https://www.vlr.gg/707773/m80-vs-sad-esports-challengers-2026-north-america-ace-stage-3-ubf
707773,275646,2858,10,True,ten_identified_players,https://www.vlr.gg/707773/m80-vs-sad-esports-challengers-2026-north-america-ace-stage-3-ubf
707779,275665,2858,10,True,ten_identified_players,https://www.vlr.gg/707779/shopify-rebellion-black-vs-nrg-academy-challengers-2026-north-america-ace-stage-3-lr3
707779,275666,2858,10,True,ten_identified_players,https://www.vlr.gg/707779/shopify-rebellion-black-vs-nrg-academy-challengers-2026-north-america-ace-stage-3-lr3
707779,275667,2858,10,True,ten_identified_players,https://www.vlr.gg/707779/shopify-rebellion-black-vs-nrg-academy-challengers-2026-north-america-ace-stage-3-lr3
707780,275668,2858,10,True,ten_identified_players,https://www.vlr.gg/707780/sad-esports-vs-shopify-rebellion-black-challengers-2026-north-america-ace-stage-3-lbf
707780,275669,2858,10,True,ten_identified_players,https://www.vlr.gg/707780/sad-esports-vs-shopify-rebellion-black-challengers-2026-north-america-ace-stage-3-lbf
707780,275670,2858,10,True,ten_identified_players,https://www.vlr.gg/707780/sad-esports-vs-shopify-rebellion-black-challengers-2026-north-america-ace-stage-3-lbf
707209,275469,2962,10,True,ten_identified_players,https://www.vlr.gg/707209/2game-esports-vs-la-masia-challengers-2026-brazil-gamers-club-stage-2-gf
707209,275470,2962,10,True,ten_identified_players,https://www.vlr.gg/707209/2game-esports-vs-la-masia-challengers-2026-brazil-gamers-club-stage-2-gf
707209,275471,2962,10,True,ten_identified_players,https://www.vlr.gg/707209/2game-esports-vs-la-masia-challengers-2026-brazil-gamers-club-stage-2-gf
707209,275472,2962,10,True,ten_identified_players,https://www.vlr.gg/707209/2game-esports-vs-la-masia-challengers-2026-brazil-gamers-club-stage-2-gf
707209,275473,2962,10,True,ten_identified_players,https://www.vlr.gg/707209/2game-esports-vs-la-masia-challengers-2026-brazil-gamers-club-stage-2-gf
707774,275648,2858,10,True,ten_identified_players,https://www.vlr.gg/707774/m80-vs-shopify-rebellion-black-challengers-2026-north-america-ace-stage-3-gf
707774,275649,2858,10,True,ten_identified_players,https://www.vlr.gg/707774/m80-vs-shopify-rebellion-black-challengers-2026-north-america-ace-stage-3-gf
707774,275650,2858,10,True,ten_identified_players,https://www.vlr.gg/707774/m80-vs-shopify-rebellion-black-challengers-2026-north-america-ace-stage-3-gf
707774,275651,2858,10,True,ten_identified_players,https://www.vlr.gg/707774/m80-vs-shopify-rebellion-black-challengers-2026-north-america-ace-stage-3-gf
707486,275542,2962,10,True,ten_identified_players,https://www.vlr.gg/707486/abacatudos-vs-team-liquid-brazil-challengers-2026-brazil-gamers-club-stage-2-opening
707486,275543,2962,10,True,ten_identified_players,https://www.vlr.gg/707486/abacatudos-vs-team-liquid-brazil-challengers-2026-brazil-gamers-club-stage-2-opening
707486,275544,2962,10,True,ten_identified_players,https://www.vlr.gg/707486/abacatudos-vs-team-liquid-brazil-challengers-2026-brazil-gamers-club-stage-2-opening
707487,275545,2962,10,True,ten_identified_players,https://www.vlr.gg/707487/team-ego-vs-peek-challengers-2026-brazil-gamers-club-stage-2-opening
707487,275546,2962,10,True,ten_identified_players,https://www.vlr.gg/707487/team-ego-vs-peek-challengers-2026-brazil-gamers-club-stage-2-opening
707487,275547,2962,10,True,ten_identified_players,https://www.vlr.gg/707487/team-ego-vs-peek-challengers-2026-brazil-gamers-club-stage-2-opening
707489,275551,2962,10,True,ten_identified_players,https://www.vlr.gg/707489/team-liquid-brazil-vs-peek-challengers-2026-brazil-gamers-club-stage-2-elim
707489,275552,2962,10,True,ten_identified_players,https://www.vlr.gg/707489/team-liquid-brazil-vs-peek-challengers-2026-brazil-gamers-club-stage-2-elim
707488,275548,2962,10,True,ten_identified_players,https://www.vlr.gg/707488/abacatudos-vs-team-ego-challengers-2026-brazil-gamers-club-stage-2-winners
707488,275549,2962,10,True,ten_identified_players,https://www.vlr.gg/707488/abacatudos-vs-team-ego-challengers-2026-brazil-gamers-club-stage-2-winners
707490,275554,2962,10,True,ten_identified_players,https://www.vlr.gg/707490/abacatudos-vs-peek-challengers-2026-brazil-gamers-club-stage-2-decider
707490,275555,2962,10,True,ten_identified_players,https://www.vlr.gg/707490/abacatudos-vs-peek-challengers-2026-brazil-gamers-club-stage-2-decider
707490,275556,2962,10,True,ten_identified_players,https://www.vlr.gg/707490/abacatudos-vs-peek-challengers-2026-brazil-gamers-club-stage-2-decider
675270,268334,2991,10,True,ten_identified_players,https://www.vlr.gg/675270/reject-vs-igzist-challengers-2026-japan-season-finals-sf
675270,268335,2991,10,True,ten_identified_players,https://www.vlr.gg/675270/reject-vs-igzist-challengers-2026-japan-season-finals-sf
675271,268337,2991,10,True,ten_identified_players,https://www.vlr.gg/675271/qt-dig-vs-fennel-challengers-2026-japan-season-finals-sf
675271,268338,2991,10,True,ten_identified_players,https://www.vlr.gg/675271/qt-dig-vs-fennel-challengers-2026-japan-season-finals-sf
675272,268340,2991,10,True,ten_identified_players,https://www.vlr.gg/675272/reject-vs-qt-dig-challengers-2026-japan-season-finals-gf
675272,268341,2991,10,True,ten_identified_players,https://www.vlr.gg/675272/reject-vs-qt-dig-challengers-2026-japan-season-finals-gf
675272,268342,2991,10,True,ten_identified_players,https://www.vlr.gg/675272/reject-vs-qt-dig-challengers-2026-japan-season-finals-gf
675272,268343,2991,10,True,ten_identified_players,https://www.vlr.gg/675272/reject-vs-qt-dig-challengers-2026-japan-season-finals-gf
675272,268344,2991,10,True,ten_identified_players,https://www.vlr.gg/675272/reject-vs-qt-dig-challengers-2026-japan-season-finals-gf
