event_id,match_id,competition_tier,region,played_at_utc,patch,source_url,source_sha256,retrieved_at_utc,map_id,map_name,team1_id,team1_name,team2_id,team2_name,team1_rounds,team2_rounds,rounds,winner_team_id
2783,602706,2,americas,2026-01-19 16:00:00,12.0,https://www.vlr.gg/602706/nrg-academy-vs-alliance-guardians-challengers-2026-north-america-ace-stage-1-r1,b8695763656bc5565390c1e9c5d3e1a60e8a33579430a63c0d073c75da1fd854,2026-10-06T15:36:38+00:00,247893,Haven,21049,NRG Academy,16440,Alliance Guardians,13,7,20,21049
2783,602706,2,americas,2026-01-19 16:00:00,12.0,https://www.vlr.gg/602706/nrg-academy-vs-alliance-guardians-challengers-2026-north-america-ace-stage-1-r1,b8695763656bc5565390c1e9c5d3e1a60e8a33579430a63c0d073c75da1fd854,2026-10-06T15:36:38+00:00,247894,Split,21049,NRG Academy,16440,Alliance Guardians,13,5,18,21049
2783,602707,2,americas,2026-01-19 16:00:00,12.0,https://www.vlr.gg/602707/azure-dragon-gaming-vs-sad-esports-challengers-2026-north-america-ace-stage-1-r1,233a9fd718109d14c9942929658d03ca008b399013771fdcedd12c35839bf4e6,2026-10-06T15:36:39+00:00,247896,Haven,21053,Azure Dragon Gaming,13920,SaD Esports,9,13,22,13920
2783,602707,2,americas,2026-01-19 16:00:00,12.0,https://www.vlr.gg/602707/azure-dragon-gaming-vs-sad-esports-challengers-2026-north-america-ace-stage-1-r1,233a9fd718109d14c9942929658d03ca008b399013771fdcedd12c35839bf4e6,2026-10-06T15:36:39+00:00,247897,Split,21053,Azure Dragon Gaming,13920,SaD Esports,11,13,24,13920
2783,602708,2,americas,2026-01-19 18:00:00,12.0,https://www.vlr.gg/602708/nightblood-gaming-vs-evil-geniuses-academy-challengers-2026-north-america-ace-stage-1-r1,116ec900f7a4e6017c761a7e930943aba1de1ab2d0ac675389eb605031cfc727,2026-10-06T15:36:41+00:00,247899,Corrode,5601,Nightblood Gaming,21054,Evil Geniuses Academy,14,12,26,5601
2783,602708,2,americas,2026-01-19 18:00:00,12.0,https://www.vlr.gg/602708/nightblood-gaming-vs-evil-geniuses-academy-challengers-2026-north-america-ace-stage-1-r1,116ec900f7a4e6017c761a7e930943aba1de1ab2d0ac675389eb605031cfc727,2026-10-06T15:36:41+00:00,247900,Abyss,5601,Nightblood Gaming,21054,Evil Geniuses Academy,10,13,23,21054
2783,602708,2,americas,2026-01-19 18:00:00,12.0,https://www.vlr.gg/602708/nightblood-gaming-vs-evil-geniuses-academy-challengers-2026-north-america-ace-stage-1-r1,116ec900f7a4e6017c761a7e930943aba1de1ab2d0ac675389eb605031cfc727,2026-10-06T15:36:41+00:00,247901,Split,5601,Nightblood Gaming,21054,Evil Geniuses Academy,7,13,20,21054
2783,602709,2,americas,2026-01-19 18:00:00,12.0,https://www.vlr.gg/602709/qor-vs-sleepers-challengers-2026-north-america-ace-stage-1-r1,904bcd9c29288007897bf5c9511bc75782a36843ba8aea6534a42291e4f662ad,2026-10-06T15:36:41+00:00,247902,Abyss,6985,QoR,21055,sleepers,1,13,14,21055
2783,602709,2,americas,2026-01-19 18:00:00,12.0,https://www.vlr.gg/602709/qor-vs-sleepers-challengers-2026-north-america-ace-stage-1-r1,904bcd9c29288007897bf5c9511bc75782a36843ba8aea6534a42291e4f662ad,2026-10-06T15:36:41+00:00,247903,Corrode,6985,QoR,21055,sleepers,12,14,26,21055
2783,602710,2,americas,2026-01-20 16:00:00,12.0,https://www.vlr.gg/602710/m80-vs-evictix-challengers-2026-north-america-ace-stage-1-r1,e2726b779855e0ea9772c226de43741f8ea0b23124a0e0e52f1d3daae9d29249,2026-10-06T15:36:42+00:00,247905,Pearl,11001,M80,19914,Evictix,13,7,20,11001
2783,602710,2,americas,2026-01-20 16:00:00,12.0,https://www.vlr.gg/602710/m80-vs-evictix-challengers-2026-north-america-ace-stage-1-r1,e2726b779855e0ea9772c226de43741f8ea0b23124a0e0e52f1d3daae9d29249,2026-10-06T15:36:42+00:00,247906,Split,11001,M80,19914,Evictix,13,10,23,11001
2783,602711,2,americas,2026-01-20 16:00:00,12.0,https://www.vlr.gg/602711/winthrop-university-vs-pigeons-challengers-2026-north-america-ace-stage-1-r1,fbe29df9145df304491dd28bf0695a378d3714797bc06a739c9529fdb3e17304,2026-10-06T15:36:43+00:00,247908,Abyss,10448,Winthrop University,16910,Pigeons,13,10,23,10448
2783,602711,2,americas,2026-01-20 16:00:00,12.0,https://www.vlr.gg/602711/winthrop-university-vs-pigeons-challengers-2026-north-america-ace-stage-1-r1,fbe29df9145df304491dd28bf0695a378d3714797bc06a739c9529fdb3e17304,2026-10-06T15:36:43+00:00,247909,Corrode,10448,Winthrop University,16910,Pigeons,13,11,24,10448
2783,602712,2,americas,2026-01-20 18:00:00,12.0,https://www.vlr.gg/602712/blue-otter-vs-shopify-rebellion-black-challengers-2026-north-america-ace-stage-1-r1,91c05a617f34918a8a33505e2cd6fe6bdd4076096dccf03d9fc301addfe9e74d,2026-10-06T15:36:43+00:00,247911,Split,16278,Blue Otter,9353,Shopify Rebellion Black,13,15,28,9353
2783,602712,2,americas,2026-01-20 18:00:00,12.0,https://www.vlr.gg/602712/blue-otter-vs-shopify-rebellion-black-challengers-2026-north-america-ace-stage-1-r1,91c05a617f34918a8a33505e2cd6fe6bdd4076096dccf03d9fc301addfe9e74d,2026-10-06T15:36:43+00:00,247912,Bind,16278,Blue Otter,9353,Shopify Rebellion Black,12,14,26,9353
2783,602713,2,americas,2026-01-20 18:00:00,12.0,https://www.vlr.gg/602713/rose-vs-yfp-challengers-2026-north-america-ace-stage-1-r1,48ea42dc7e3a8376358bd7403937f9715fe3a6e2e4673d62b4fbfb71f334aeba,2026-10-06T15:36:44+00:00,247914,Bind,11648,ROSE,5038,YFP,2,13,15,5038
2783,602713,2,americas,2026-01-20 18:00:00,12.0,https://www.vlr.gg/602713/rose-vs-yfp-challengers-2026-north-america-ace-stage-1-r1,48ea42dc7e3a8376358bd7403937f9715fe3a6e2e4673d62b4fbfb71f334aeba,2026-10-06T15:36:44+00:00,247915,Split,11648,ROSE,5038,YFP,5,13,18,5038
2783,606532,2,americas,2026-01-21 16:00:00,12.0,https://www.vlr.gg/606532/nrg-academy-vs-m80-challengers-2026-north-america-ace-stage-1-r2-1-0,c8057ab096c51cfd53b6b9313f9ffd8006ccf1f10d3e2b98998d5fdbbd4f605e,2026-10-06T15:36:45+00:00,248810,Haven,21049,NRG Academy,11001,M80,13,8,21,21049
2783,606532,2,americas,2026-01-21 16:00:00,12.0,https://www.vlr.gg/606532/nrg-academy-vs-m80-challengers-2026-north-america-ace-stage-1-r2-1-0,c8057ab096c51cfd53b6b9313f9ffd8006ccf1f10d3e2b98998d5fdbbd4f605e,2026-10-06T15:36:45+00:00,248811,Split,21049,NRG Academy,11001,M80,13,2,15,21049
2783,606533,2,americas,2026-01-21 16:00:00,12.0,https://www.vlr.gg/606533/blue-otter-vs-nightblood-gaming-challengers-2026-north-america-ace-stage-1-r2-0-1,592964aaa44dc010bd53d7e7f46116ec4a5baf600b456f2abf77e8b6acd58a93,2026-10-06T15:36:45+00:00,248813,Abyss,16278,Blue Otter,5601,Nightblood Gaming,13,3,16,16278
2783,606533,2,americas,2026-01-21 16:00:00,12.0,https://www.vlr.gg/606533/blue-otter-vs-nightblood-gaming-challengers-2026-north-america-ace-stage-1-r2-0-1,592964aaa44dc010bd53d7e7f46116ec4a5baf600b456f2abf77e8b6acd58a93,2026-10-06T15:36:45+00:00,248814,Split,16278,Blue Otter,5601,Nightblood Gaming,0,13,13,5601
2783,606533,2,americas,2026-01-21 16:00:00,12.0,https://www.vlr.gg/606533/blue-otter-vs-nightblood-gaming-challengers-2026-north-america-ace-stage-1-r2-0-1,592964aaa44dc010bd53d7e7f46116ec4a5baf600b456f2abf77e8b6acd58a93,2026-10-06T15:36:45+00:00,248815,Haven,16278,Blue Otter,5601,Nightblood Gaming,5,13,18,5601
2783,606534,2,americas,2026-01-21 18:00:00,12.0,https://www.vlr.gg/606534/azure-dragon-gaming-vs-rose-challengers-2026-north-america-ace-stage-1-r2-0-1,82a8937d7c0175fd9f281169604a138bfd332f9b2f8eb144d44ad1bc769b1549,2026-10-06T15:36:46+00:00,248816,Haven,21053,Azure Dragon Gaming,11648,ROSE,10,13,23,11648
2783,606534,2,americas,2026-01-21 18:00:00,12.0,https://www.vlr.gg/606534/azure-dragon-gaming-vs-rose-challengers-2026-north-america-ace-stage-1-r2-0-1,82a8937d7c0175fd9f281169604a138bfd332f9b2f8eb144d44ad1bc769b1549,2026-10-06T15:36:46+00:00,248817,Breeze,21053,Azure Dragon Gaming,11648,ROSE,5,13,18,11648
2783,606535,2,americas,2026-01-21 18:25:00,12.0,https://www.vlr.gg/606535/qor-vs-evictix-challengers-2026-north-america-ace-stage-1-r2-0-1,2cc89ca1ed4c72055f11f0e6a7999a65539a71f8e2d40e2a7837feb1fe3ea888,2026-10-06T15:36:47+00:00,248819,Split,6985,QoR,19914,Evictix,14,12,26,6985
2783,606535,2,americas,2026-01-21 18:25:00,12.0,https://www.vlr.gg/606535/qor-vs-evictix-challengers-2026-north-america-ace-stage-1-r2-0-1,2cc89ca1ed4c72055f11f0e6a7999a65539a71f8e2d40e2a7837feb1fe3ea888,2026-10-06T15:36:47+00:00,248834,Pearl,6985,QoR,19914,Evictix,13,8,21,6985
2783,606536,2,americas,2026-01-22 16:00:00,12.0,https://www.vlr.gg/606536/winthrop-university-vs-sad-esports-challengers-2026-north-america-ace-stage-1-r2-1-0,c749d4cdd244a0d5dbf4e7ab4b6be1513822b07f00bf66fbb551535b66dff86b,2026-10-06T15:36:47+00:00,248822,Abyss,10448,Winthrop University,13920,SaD Esports,12,14,26,13920
2783,606536,2,americas,2026-01-22 16:00:00,12.0,https://www.vlr.gg/606536/winthrop-university-vs-sad-esports-challengers-2026-north-america-ace-stage-1-r2-1-0,c749d4cdd244a0d5dbf4e7ab4b6be1513822b07f00bf66fbb551535b66dff86b,2026-10-06T15:36:47+00:00,248823,Bind,10448,Winthrop University,13920,SaD Esports,4,13,17,13920
2783,606537,2,americas,2026-01-22 16:00:00,12.0,https://www.vlr.gg/606537/alliance-guardians-vs-pigeons-challengers-2026-north-america-ace-stage-1-r2-0-1,0b521961ccd67290274c5b649a5c32859b26824414ee9d5bbce60dfee8137b87,2026-10-06T15:36:48+00:00,248825,Haven,16440,Alliance Guardians,16910,Pigeons,13,8,21,16440
2783,606537,2,americas,2026-01-22 16:00:00,12.0,https://www.vlr.gg/606537/alliance-guardians-vs-pigeons-challengers-2026-north-america-ace-stage-1-r2-0-1,0b521961ccd67290274c5b649a5c32859b26824414ee9d5bbce60dfee8137b87,2026-10-06T15:36:48+00:00,248826,Corrode,16440,Alliance Guardians,16910,Pigeons,13,11,24,16440
2783,606538,2,americas,2026-01-22 18:00:00,12.0,https://www.vlr.gg/606538/sleepers-vs-shopify-rebellion-black-challengers-2026-north-america-ace-stage-1-r2-1-0,75a3380c048e07245db9bafe98b14939f6293cb0b208c0ec996cf91d3127658e,2026-10-06T15:36:49+00:00,248828,Corrode,21055,sleepers,9353,Shopify Rebellion Black,13,6,19,21055
2783,606538,2,americas,2026-01-22 18:00:00,12.0,https://www.vlr.gg/606538/sleepers-vs-shopify-rebellion-black-challengers-2026-north-america-ace-stage-1-r2-1-0,75a3380c048e07245db9bafe98b14939f6293cb0b208c0ec996cf91d3127658e,2026-10-06T15:36:49+00:00,248829,Split,21055,sleepers,9353,Shopify Rebellion Black,7,13,20,9353
2783,606538,2,americas,2026-01-22 18:00:00,12.0,https://www.vlr.gg/606538/sleepers-vs-shopify-rebellion-black-challengers-2026-north-america-ace-stage-1-r2-1-0,75a3380c048e07245db9bafe98b14939f6293cb0b208c0ec996cf91d3127658e,2026-10-06T15:36:49+00:00,248830,Bind,21055,sleepers,9353,Shopify Rebellion Black,13,7,20,21055
2783,606539,2,americas,2026-01-22 18:00:00,12.0,https://www.vlr.gg/606539/evil-geniuses-academy-vs-yfp-challengers-2026-north-america-ace-stage-1-r2-1-0,ad8673620a85d1f21891e194d8785320263f23141e1f537a6a562f64efd33b89,2026-10-06T15:36:49+00:00,248831,Split,21054,Evil Geniuses Academy,5038,YFP,4,13,17,5038
2783,606539,2,americas,2026-01-22 18:00:00,12.0,https://www.vlr.gg/606539/evil-geniuses-academy-vs-yfp-challengers-2026-north-america-ace-stage-1-r2-1-0,ad8673620a85d1f21891e194d8785320263f23141e1f537a6a562f64efd33b89,2026-10-06T15:36:49+00:00,248832,Pearl,21054,Evil Geniuses Academy,5038,YFP,14,12,26,21054
2783,606539,2,americas,2026-01-22 18:00:00,12.0,https://www.vlr.gg/606539/evil-geniuses-academy-vs-yfp-challengers-2026-north-america-ace-stage-1-r2-1-0,ad8673620a85d1f21891e194d8785320263f23141e1f537a6a562f64efd33b89,2026-10-06T15:36:49+00:00,248833,Haven,21054,Evil Geniuses Academy,5038,YFP,16,14,30,21054
2783,609055,2,americas,2026-01-26 16:00:00,12.01,https://www.vlr.gg/609055/blue-otter-vs-pigeons-challengers-2026-north-america-ace-stage-1-r3-0-2,2f634c453528cea586d881d0139df75d44e4c0f5ebdc2c6707b94848e361c916,2026-10-06T15:36:50+00:00,249682,Breeze,16278,Blue Otter,16910,Pigeons,5,13,18,16910
2783,609055,2,americas,2026-01-26 16:00:00,12.01,https://www.vlr.gg/609055/blue-otter-vs-pigeons-challengers-2026-north-america-ace-stage-1-r3-0-2,2f634c453528cea586d881d0139df75d44e4c0f5ebdc2c6707b94848e361c916,2026-10-06T15:36:50+00:00,249683,Haven,16278,Blue Otter,16910,Pigeons,13,3,16,16278
2783,609055,2,americas,2026-01-26 16:00:00,12.01,https://www.vlr.gg/609055/blue-otter-vs-pigeons-challengers-2026-north-america-ace-stage-1-r3-0-2,2f634c453528cea586d881d0139df75d44e4c0f5ebdc2c6707b94848e361c916,2026-10-06T15:36:50+00:00,249684,Abyss,16278,Blue Otter,16910,Pigeons,9,13,22,16910
2783,609056,2,americas,2026-01-26 16:00:00,12.01,https://www.vlr.gg/609056/evictix-vs-azure-dragon-gaming-challengers-2026-north-america-ace-stage-1-r3-0-2,444e46372e2d3a3d2e34a7c6c5f3dc4e12d4394cfe396aa346aa1dbc7cdeadf7,2026-10-06T15:36:51+00:00,249685,Corrode,19914,Evictix,21053,Azure Dragon Gaming,13,5,18,19914
2783,609056,2,americas,2026-01-26 16:00:00,12.01,https://www.vlr.gg/609056/evictix-vs-azure-dragon-gaming-challengers-2026-north-america-ace-stage-1-r3-0-2,444e46372e2d3a3d2e34a7c6c5f3dc4e12d4394cfe396aa346aa1dbc7cdeadf7,2026-10-06T15:36:51+00:00,249686,Split,19914,Evictix,21053,Azure Dragon Gaming,10,13,23,21053
2783,609056,2,americas,2026-01-26 16:00:00,12.01,https://www.vlr.gg/609056/evictix-vs-azure-dragon-gaming-challengers-2026-north-america-ace-stage-1-r3-0-2,444e46372e2d3a3d2e34a7c6c5f3dc4e12d4394cfe396aa346aa1dbc7cdeadf7,2026-10-06T15:36:51+00:00,249687,Haven,19914,Evictix,21053,Azure Dragon Gaming,13,8,21,19914
2783,609057,2,americas,2026-01-26 18:55:00,12.01,https://www.vlr.gg/609057/nightblood-gaming-vs-yfp-challengers-2026-north-america-ace-stage-1-r3-1-1,d3d8f9b85c5d457f6330cf4bd723f66d434ae28abead54b2772e14e6a204fd2a,2026-10-06T15:36:51+00:00,249688,Haven,5601,Nightblood Gaming,5038,YFP,11,13,24,5038
2783,609057,2,americas,2026-01-26 18:55:00,12.01,https://www.vlr.gg/609057/nightblood-gaming-vs-yfp-challengers-2026-north-america-ace-stage-1-r3-1-1,d3d8f9b85c5d457f6330cf4bd723f66d434ae28abead54b2772e14e6a204fd2a,2026-10-06T15:36:51+00:00,249689,Split,5601,Nightblood Gaming,5038,YFP,13,10,23,5601
2783,609057,2,americas,2026-01-26 18:55:00,12.01,https://www.vlr.gg/609057/nightblood-gaming-vs-yfp-challengers-2026-north-america-ace-stage-1-r3-1-1,d3d8f9b85c5d457f6330cf4bd723f66d434ae28abead54b2772e14e6a204fd2a,2026-10-06T15:36:51+00:00,249690,Breeze,5601,Nightblood Gaming,5038,YFP,10,13,23,5038
2783,609059,2,americas,2026-01-26 18:55:00,12.01,https://www.vlr.gg/609059/shopify-rebellion-black-vs-winthrop-university-challengers-2026-north-america-ace-stage-1-r3-1,04b692c8e0f0e919d79d56879087db865cc5b7dd5b68e2301d053c16cc35037c,2026-10-06T15:36:52+00:00,249691,Corrode,9353,Shopify Rebellion Black,10448,Winthrop University,7,13,20,10448
2783,609059,2,americas,2026-01-26 18:55:00,12.01,https://www.vlr.gg/609059/shopify-rebellion-black-vs-winthrop-university-challengers-2026-north-america-ace-stage-1-r3-1,04b692c8e0f0e919d79d56879087db865cc5b7dd5b68e2301d053c16cc35037c,2026-10-06T15:36:52+00:00,249692,Abyss,9353,Shopify Rebellion Black,10448,Winthrop University,13,7,20,9353
2783,609059,2,americas,2026-01-26 18:55:00,12.01,https://www.vlr.gg/609059/shopify-rebellion-black-vs-winthrop-university-challengers-2026-north-america-ace-stage-1-r3-1,04b692c8e0f0e919d79d56879087db865cc5b7dd5b68e2301d053c16cc35037c,2026-10-06T15:36:52+00:00,249693,Pearl,9353,Shopify Rebellion Black,10448,Winthrop University,13,9,22,9353
2783,609053,2,americas,2026-01-27 16:00:00,12.01,https://www.vlr.gg/609053/nrg-academy-vs-evil-geniuses-academy-challengers-2026-north-america-ace-stage-1-r3-2-0,c0e3e40f063577fae10e0e5d1fde303036e15b2ce44e0dfdcf8a1a229eaf5367,2026-10-06T15:36:53+00:00,249676,Corrode,21049,NRG Academy,21054,Evil Geniuses Academy,7,13,20,21054
2783,609053,2,americas,2026-01-27 16:00:00,12.01,https://www.vlr.gg/609053/nrg-academy-vs-evil-geniuses-academy-challengers-2026-north-america-ace-stage-1-r3-2-0,c0e3e40f063577fae10e0e5d1fde303036e15b2ce44e0dfdcf8a1a229eaf5367,2026-10-06T15:36:53+00:00,249677,Bind,21049,NRG Academy,21054,Evil Geniuses Academy,13,6,19,21049
2783,609053,2,americas,2026-01-27 16:00:00,12.01,https://www.vlr.gg/609053/nrg-academy-vs-evil-geniuses-academy-challengers-2026-north-america-ace-stage-1-r3-2-0,c0e3e40f063577fae10e0e5d1fde303036e15b2ce44e0dfdcf8a1a229eaf5367,2026-10-06T15:36:53+00:00,249678,Split,21049,NRG Academy,21054,Evil Geniuses Academy,13,4,17,21049
2783,609060,2,americas,2026-01-27 16:00:00,12.01,https://www.vlr.gg/609060/alliance-guardians-vs-rose-challengers-2026-north-america-ace-stage-1-r3-1-1,857c509bb0349fa1ad1c5bc197300f1d8c2fef535f08d1b15c5bb057a8057a2f,2026-10-06T15:36:54+00:00,249694,Abyss,16440,Alliance Guardians,11648,ROSE,10,13,23,11648
2783,609060,2,americas,2026-01-27 16:00:00,12.01,https://www.vlr.gg/609060/alliance-guardians-vs-rose-challengers-2026-north-america-ace-stage-1-r3-1-1,857c509bb0349fa1ad1c5bc197300f1d8c2fef535f08d1b15c5bb057a8057a2f,2026-10-06T15:36:54+00:00,249695,Corrode,16440,Alliance Guardians,11648,ROSE,13,10,23,16440
2783,609060,2,americas,2026-01-27 16:00:00,12.01,https://www.vlr.gg/609060/alliance-guardians-vs-rose-challengers-2026-north-america-ace-stage-1-r3-1-1,857c509bb0349fa1ad1c5bc197300f1d8c2fef535f08d1b15c5bb057a8057a2f,2026-10-06T15:36:54+00:00,249696,Haven,16440,Alliance Guardians,11648,ROSE,13,7,20,16440
2783,609054,2,americas,2026-01-27 19:00:00,12.01,https://www.vlr.gg/609054/sad-esports-vs-sleepers-challengers-2026-north-america-ace-stage-1-r3-2-0,2f2642f5f7f3a3dd66f9102fb564e920153114ad54f922b25e4335d604e6c176,2026-10-06T15:36:55+00:00,249679,Corrode,13920,SaD Esports,21055,sleepers,15,13,28,13920
2783,609054,2,americas,2026-01-27 19:00:00,12.01,https://www.vlr.gg/609054/sad-esports-vs-sleepers-challengers-2026-north-america-ace-stage-1-r3-2-0,2f2642f5f7f3a3dd66f9102fb564e920153114ad54f922b25e4335d604e6c176,2026-10-06T15:36:55+00:00,249680,Split,13920,SaD Esports,21055,sleepers,7,13,20,21055
2783,609054,2,americas,2026-01-27 19:00:00,12.01,https://www.vlr.gg/609054/sad-esports-vs-sleepers-challengers-2026-north-america-ace-stage-1-r3-2-0,2f2642f5f7f3a3dd66f9102fb564e920153114ad54f922b25e4335d604e6c176,2026-10-06T15:36:55+00:00,249681,Haven,13920,SaD Esports,21055,sleepers,13,7,20,13920
2783,609061,2,americas,2026-01-27 19:00:00,12.01,https://www.vlr.gg/609061/m80-vs-qor-challengers-2026-north-america-ace-stage-1-r3-1-1,448fa21d6b742b2994289a733e406c6a4d1aeb156883ed1e6076fb9488b1514e,2026-10-06T15:36:56+00:00,249697,Corrode,11001,M80,6985,QoR,11,13,24,6985
2783,609061,2,americas,2026-01-27 19:00:00,12.01,https://www.vlr.gg/609061/m80-vs-qor-challengers-2026-north-america-ace-stage-1-r3-1-1,448fa21d6b742b2994289a733e406c6a4d1aeb156883ed1e6076fb9488b1514e,2026-10-06T15:36:56+00:00,249698,Pearl,11001,M80,6985,QoR,7,13,20,6985
2783,611874,2,americas,2026-01-28 16:00:00,12.01,https://www.vlr.gg/611874/blue-otter-vs-azure-dragon-gaming-challengers-2026-north-america-ace-stage-1-r4-0-3,657c1d232ad1d3b5fbdb33980f58276ea9464c0f2ef6d27d4a9ba2b54b6414dd,2026-10-06T15:36:57+00:00,251228,Haven,16278,Blue Otter,21053,Azure Dragon Gaming,9,13,22,21053
2783,611874,2,americas,2026-01-28 16:00:00,12.01,https://www.vlr.gg/611874/blue-otter-vs-azure-dragon-gaming-challengers-2026-north-america-ace-stage-1-r4-0-3,657c1d232ad1d3b5fbdb33980f58276ea9464c0f2ef6d27d4a9ba2b54b6414dd,2026-10-06T15:36:57+00:00,251229,Breeze,16278,Blue Otter,21053,Azure Dragon Gaming,12,14,26,21053
2783,611875,2,americas,2026-01-28 16:00:00,12.01,https://www.vlr.gg/611875/nightblood-gaming-vs-pigeons-challengers-2026-north-america-ace-stage-1-r4-1-2,190b81c3212dd4fc09d4bf3c450dfd9a32a1894434ee043e998d19288de2588d,2026-10-06T15:36:58+00:00,251231,Breeze,5601,Nightblood Gaming,16910,Pigeons,14,12,26,5601
2783,611875,2,americas,2026-01-28 16:00:00,12.01,https://www.vlr.gg/611875/nightblood-gaming-vs-pigeons-challengers-2026-north-america-ace-stage-1-r4-1-2,190b81c3212dd4fc09d4bf3c450dfd9a32a1894434ee043e998d19288de2588d,2026-10-06T15:36:58+00:00,251232,Split,5601,Nightblood Gaming,16910,Pigeons,8,13,21,16910
2783,611875,2,americas,2026-01-28 16:00:00,12.01,https://www.vlr.gg/611875/nightblood-gaming-vs-pigeons-challengers-2026-north-america-ace-stage-1-r4-1-2,190b81c3212dd4fc09d4bf3c450dfd9a32a1894434ee043e998d19288de2588d,2026-10-06T15:36:58+00:00,251233,Haven,5601,Nightblood Gaming,16910,Pigeons,11,13,24,16910
2783,611876,2,americas,2026-01-28 18:10:00,12.01,https://www.vlr.gg/611876/winthrop-university-vs-m80-challengers-2026-north-america-ace-stage-1-r4-1-2,fad53e35c699561918245b00653bcc21e10f10c050d3ed6604dfcf70024975da,2026-10-06T15:36:59+00:00,251234,Abyss,10448,Winthrop University,11001,M80,6,13,19,11001
2783,611876,2,americas,2026-01-28 18:10:00,12.01,https://www.vlr.gg/611876/winthrop-university-vs-m80-challengers-2026-north-america-ace-stage-1-r4-1-2,fad53e35c699561918245b00653bcc21e10f10c050d3ed6604dfcf70024975da,2026-10-06T15:36:59+00:00,251235,Breeze,10448,Winthrop University,11001,M80,6,13,19,11001
2783,611877,2,americas,2026-01-28 19:00:00,12.01,https://www.vlr.gg/611877/evictix-vs-rose-challengers-2026-north-america-ace-stage-1-r4-1-2,0fc9971aa59725cf66ed8609ed58cbfbcd871e3cb14aebe271ef88b82dbf8b03,2026-10-06T15:37:00+00:00,251237,Breeze,19914,Evictix,11648,ROSE,10,13,23,11648
2783,611877,2,americas,2026-01-28 19:00:00,12.01,https://www.vlr.gg/611877/evictix-vs-rose-challengers-2026-north-america-ace-stage-1-r4-1-2,0fc9971aa59725cf66ed8609ed58cbfbcd871e3cb14aebe271ef88b82dbf8b03,2026-10-06T15:37:00+00:00,251238,Split,19914,Evictix,11648,ROSE,13,9,22,19914
2783,611877,2,americas,2026-01-28 19:00:00,12.01,https://www.vlr.gg/611877/evictix-vs-rose-challengers-2026-north-america-ace-stage-1-r4-1-2,0fc9971aa59725cf66ed8609ed58cbfbcd871e3cb14aebe271ef88b82dbf8b03,2026-10-06T15:37:00+00:00,251239,Haven,19914,Evictix,11648,ROSE,13,11,24,19914
2783,611878,2,americas,2026-01-29 16:00:00,12.01,https://www.vlr.gg/611878/nrg-academy-vs-sad-esports-challengers-2026-north-america-ace-stage-1-r4-3-0,9ef634d9b6f02643c6368b4bffff1a197999ec41da1eb342a3d8664b5c6de5a6,2026-10-06T15:37:02+00:00,251240,Haven,21049,NRG Academy,13920,SaD Esports,13,11,24,21049
2783,611878,2,americas,2026-01-29 16:00:00,12.01,https://www.vlr.gg/611878/nrg-academy-vs-sad-esports-challengers-2026-north-america-ace-stage-1-r4-3-0,9ef634d9b6f02643c6368b4bffff1a197999ec41da1eb342a3d8664b5c6de5a6,2026-10-06T15:37:02+00:00,251241,Bind,21049,NRG Academy,13920,SaD Esports,11,13,24,13920
2783,611878,2,americas,2026-01-29 16:00:00,12.01,https://www.vlr.gg/611878/nrg-academy-vs-sad-esports-challengers-2026-north-america-ace-stage-1-r4-3-0,9ef634d9b6f02643c6368b4bffff1a197999ec41da1eb342a3d8664b5c6de5a6,2026-10-06T15:37:02+00:00,251242,Breeze,21049,NRG Academy,13920,SaD Esports,10,13,23,13920
2783,611879,2,americas,2026-01-29 16:00:00,12.01,https://www.vlr.gg/611879/evil-geniuses-academy-vs-shopify-rebellion-black-challengers-2026-north-america-ace-stage-1-r4,cfb7dfe542121680d7e07679ba0779c6f53e415ad6d685966f740b630eff4250,2026-10-06T15:37:02+00:00,251243,Abyss,21054,Evil Geniuses Academy,9353,Shopify Rebellion Black,12,14,26,9353
2783,611879,2,americas,2026-01-29 16:00:00,12.01,https://www.vlr.gg/611879/evil-geniuses-academy-vs-shopify-rebellion-black-challengers-2026-north-america-ace-stage-1-r4,cfb7dfe542121680d7e07679ba0779c6f53e415ad6d685966f740b630eff4250,2026-10-06T15:37:02+00:00,251244,Haven,21054,Evil Geniuses Academy,9353,Shopify Rebellion Black,7,13,20,9353
2783,611881,2,americas,2026-01-29 18:20:00,12.01,https://www.vlr.gg/611881/sleepers-vs-alliance-guardians-challengers-2026-north-america-ace-stage-1-r4-2-1,72874d7955781e9140020217945c712e745b44b140eadee642e8a0a546eda48f,2026-10-06T15:37:03+00:00,251249,Bind,21055,sleepers,16440,Alliance Guardians,13,7,20,21055
2783,611881,2,americas,2026-01-29 18:20:00,12.01,https://www.vlr.gg/611881/sleepers-vs-alliance-guardians-challengers-2026-north-america-ace-stage-1-r4-2-1,72874d7955781e9140020217945c712e745b44b140eadee642e8a0a546eda48f,2026-10-06T15:37:03+00:00,251250,Corrode,21055,sleepers,16440,Alliance Guardians,13,3,16,21055
2783,611880,2,americas,2026-01-29 19:00:00,12.01,https://www.vlr.gg/611880/qor-vs-yfp-challengers-2026-north-america-ace-stage-1-r4-2-1,8beb893e8a6e6d6d6431f0071307421174ac2bb8250818b05fe51ad290cde235,2026-10-06T15:37:04+00:00,251246,Pearl,6985,QoR,5038,YFP,5,13,18,5038
2783,611880,2,americas,2026-01-29 19:00:00,12.01,https://www.vlr.gg/611880/qor-vs-yfp-challengers-2026-north-america-ace-stage-1-r4-2-1,8beb893e8a6e6d6d6431f0071307421174ac2bb8250818b05fe51ad290cde235,2026-10-06T15:37:04+00:00,251247,Bind,6985,QoR,5038,YFP,13,9,22,6985
2783,611880,2,americas,2026-01-29 19:00:00,12.01,https://www.vlr.gg/611880/qor-vs-yfp-challengers-2026-north-america-ace-stage-1-r4-2-1,8beb893e8a6e6d6d6431f0071307421174ac2bb8250818b05fe51ad290cde235,2026-10-06T15:37:04+00:00,251248,Breeze,6985,QoR,5038,YFP,13,3,16,6985
2783,612643,2,americas,2026-02-02 16:00:00,12.01,https://www.vlr.gg/612643/azure-dragon-gaming-vs-winthrop-university-challengers-2026-north-america-ace-stage-1-r5-1-3,21ef87f1046f0cea1dd6f4a6d75b8c6b4553bd4fd9e8cc30cf42946e8dab1341,2026-10-06T15:37:05+00:00,251438,Haven,21053,Azure Dragon Gaming,10448,Winthrop University,13,7,20,21053
2783,612643,2,americas,2026-02-02 16:00:00,12.01,https://www.vlr.gg/612643/azure-dragon-gaming-vs-winthrop-university-challengers-2026-north-america-ace-stage-1-r5-1-3,21ef87f1046f0cea1dd6f4a6d75b8c6b4553bd4fd9e8cc30cf42946e8dab1341,2026-10-06T15:37:05+00:00,251439,Corrode,21053,Azure Dragon Gaming,10448,Winthrop University,14,12,26,21053
2783,612644,2,americas,2026-02-02 16:00:00,12.01,https://www.vlr.gg/612644/nightblood-gaming-vs-rose-challengers-2026-north-america-ace-stage-1-r5-1-3,7c49ed3af51404acb0b5fda9c9aae9aac75b633aa7a70ebd48d36d0320b432dd,2026-10-06T15:37:05+00:00,251441,Corrode,5601,Nightblood Gaming,11648,ROSE,13,11,24,5601
2783,612644,2,americas,2026-02-02 16:00:00,12.01,https://www.vlr.gg/612644/nightblood-gaming-vs-rose-challengers-2026-north-america-ace-stage-1-r5-1-3,7c49ed3af51404acb0b5fda9c9aae9aac75b633aa7a70ebd48d36d0320b432dd,2026-10-06T15:37:05+00:00,251442,Breeze,5601,Nightblood Gaming,11648,ROSE,13,6,19,5601
2783,612646,2,americas,2026-02-02 18:15:00,12.01,https://www.vlr.gg/612646/evictix-vs-yfp-challengers-2026-north-america-ace-stage-1-r5-2-2,7c03e74f322c46f1f9d0447f0d2311a9826ed00925e06f59d0935dbc086f035f,2026-10-06T15:37:06+00:00,251447,Haven,19914,Evictix,5038,YFP,4,13,17,5038
2783,612646,2,americas,2026-02-02 18:15:00,12.01,https://www.vlr.gg/612646/evictix-vs-yfp-challengers-2026-north-america-ace-stage-1-r5-2-2,7c03e74f322c46f1f9d0447f0d2311a9826ed00925e06f59d0935dbc086f035f,2026-10-06T15:37:06+00:00,251448,Corrode,19914,Evictix,5038,YFP,14,12,26,19914
2783,612646,2,americas,2026-02-02 18:15:00,12.01,https://www.vlr.gg/612646/evictix-vs-yfp-challengers-2026-north-america-ace-stage-1-r5-2-2,7c03e74f322c46f1f9d0447f0d2311a9826ed00925e06f59d0935dbc086f035f,2026-10-06T15:37:06+00:00,251449,Bind,19914,Evictix,5038,YFP,13,10,23,19914
2783,612645,2,americas,2026-02-02 18:35:00,12.01,https://www.vlr.gg/612645/evil-geniuses-academy-vs-alliance-guardians-challengers-2026-north-america-ace-stage-1-r5-2-2,75f553ffb232334e9d1e556812e58dedfb344c5154e4d47d47110c8457a4378a,2026-10-06T15:37:08+00:00,251444,Abyss,21054,Evil Geniuses Academy,16440,Alliance Guardians,15,13,28,21054
2783,612645,2,americas,2026-02-02 18:35:00,12.01,https://www.vlr.gg/612645/evil-geniuses-academy-vs-alliance-guardians-challengers-2026-north-america-ace-stage-1-r5-2-2,75f553ffb232334e9d1e556812e58dedfb344c5154e4d47d47110c8457a4378a,2026-10-06T15:37:08+00:00,251445,Corrode,21054,Evil Geniuses Academy,16440,Alliance Guardians,13,9,22,21054
2783,612647,2,americas,2026-02-03 16:00:00,12.01,https://www.vlr.gg/612647/sleepers-vs-nrg-academy-challengers-2026-north-america-ace-stage-1-r5-3-1,4d69eef9b08386b46c2d0c6fe44e4f049b277e6c7961e290969b15568b24feb4,2026-10-06T15:37:09+00:00,251450,Haven,21055,sleepers,21049,NRG Academy,13,9,22,21055
2783,612647,2,americas,2026-02-03 16:00:00,12.01,https://www.vlr.gg/612647/sleepers-vs-nrg-academy-challengers-2026-north-america-ace-stage-1-r5-3-1,4d69eef9b08386b46c2d0c6fe44e4f049b277e6c7961e290969b15568b24feb4,2026-10-06T15:37:09+00:00,251451,Bind,21055,sleepers,21049,NRG Academy,13,7,20,21055
2783,612648,2,americas,2026-02-03 16:00:00,12.01,https://www.vlr.gg/612648/qor-vs-shopify-rebellion-black-challengers-2026-north-america-ace-stage-1-r5-3-1,515750c0cd66fdcffe7fa45289e929de1273efd290c8b3aea3d4e152a69f6d31,2026-10-06T15:37:09+00:00,251453,Corrode,6985,QoR,9353,Shopify Rebellion Black,15,17,32,9353
2783,612648,2,americas,2026-02-03 16:00:00,12.01,https://www.vlr.gg/612648/qor-vs-shopify-rebellion-black-challengers-2026-north-america-ace-stage-1-r5-3-1,515750c0cd66fdcffe7fa45289e929de1273efd290c8b3aea3d4e152a69f6d31,2026-10-06T15:37:09+00:00,251454,Split,6985,QoR,9353,Shopify Rebellion Black,13,9,22,6985
2783,612648,2,americas,2026-02-03 16:00:00,12.01,https://www.vlr.gg/612648/qor-vs-shopify-rebellion-black-challengers-2026-north-america-ace-stage-1-r5-3-1,515750c0cd66fdcffe7fa45289e929de1273efd290c8b3aea3d4e152a69f6d31,2026-10-06T15:37:09+00:00,251455,Pearl,6985,QoR,9353,Shopify Rebellion Black,13,8,21,6985
2783,612649,2,americas,2026-02-03 18:15:00,12.01,https://www.vlr.gg/612649/pigeons-vs-m80-challengers-2026-north-america-ace-stage-1-r5-2-2,bfe540764ee2ee5680884674aed3f8dffb8ec9770ae1ad6fcec2ab61be17de9b,2026-10-06T15:37:11+00:00,251456,Haven,16910,Pigeons,11001,M80,13,15,28,11001
2783,612649,2,americas,2026-02-03 18:15:00,12.01,https://www.vlr.gg/612649/pigeons-vs-m80-challengers-2026-north-america-ace-stage-1-r5-2-2,bfe540764ee2ee5680884674aed3f8dffb8ec9770ae1ad6fcec2ab61be17de9b,2026-10-06T15:37:11+00:00,251457,Abyss,16910,Pigeons,11001,M80,11,13,24,11001
2783,616089,2,americas,2026-02-09 16:00:00,12.02,https://www.vlr.gg/616089/azure-dragon-gaming-vs-nightblood-gaming-challengers-2026-north-america-ace-stage-1-r6-2-3,0d5bf6d77095607fa00d104f83d3fcfa087b99cb36b5f6a2159499b6fa5ecaa4,2026-10-06T15:37:11+00:00,252434,Abyss,21053,Azure Dragon Gaming,5601,Nightblood Gaming,13,11,24,21053
2783,616089,2,americas,2026-02-09 16:00:00,12.02,https://www.vlr.gg/616089/azure-dragon-gaming-vs-nightblood-gaming-challengers-2026-north-america-ace-stage-1-r6-2-3,0d5bf6d77095607fa00d104f83d3fcfa087b99cb36b5f6a2159499b6fa5ecaa4,2026-10-06T15:37:11+00:00,252435,Split,21053,Azure Dragon Gaming,5601,Nightblood Gaming,13,9,22,21053
2783,616090,2,americas,2026-02-09 16:00:00,12.02,https://www.vlr.gg/616090/shopify-rebellion-black-vs-pigeons-challengers-2026-north-america-ace-stage-1-r6-3-2-vs-2-3,de53981bc96343109ac27ab5ab6d89b954de0f0e79573d24821858c70c865ea3,2026-10-06T15:37:12+00:00,252437,Haven,9353,Shopify Rebellion Black,16910,Pigeons,15,13,28,9353
2783,616090,2,americas,2026-02-09 16:00:00,12.02,https://www.vlr.gg/616090/shopify-rebellion-black-vs-pigeons-challengers-2026-north-america-ace-stage-1-r6-3-2-vs-2-3,de53981bc96343109ac27ab5ab6d89b954de0f0e79573d24821858c70c865ea3,2026-10-06T15:37:12+00:00,252438,Abyss,9353,Shopify Rebellion Black,16910,Pigeons,13,4,17,9353
2783,616091,2,americas,2026-02-09 18:20:00,12.02,https://www.vlr.gg/616091/yfp-vs-alliance-guardians-challengers-2026-north-america-ace-stage-1-r6-2-3,e95fd8c463261bb091913ef038ddee2cda7c25f7b20f6caee90e986995be14ba,2026-10-06T15:37:12+00:00,252440,Pearl,5038,YFP,16440,Alliance Guardians,13,7,20,5038
2783,616091,2,americas,2026-02-09 18:20:00,12.02,https://www.vlr.gg/616091/yfp-vs-alliance-guardians-challengers-2026-north-america-ace-stage-1-r6-2-3,e95fd8c463261bb091913ef038ddee2cda7c25f7b20f6caee90e986995be14ba,2026-10-06T15:37:12+00:00,252441,Corrode,5038,YFP,16440,Alliance Guardians,13,3,16,5038
2783,616092,2,americas,2026-02-10 16:00:00,12.02,https://www.vlr.gg/616092/evictix-vs-nrg-academy-challengers-2026-north-america-ace-stage-1-r6-3-2,3fc15ade62119ed1501cd6e2d747493465cc1a8bfd4a78d7408d34e01ec4c5e4,2026-10-06T15:37:14+00:00,252443,Bind,19914,Evictix,21049,NRG Academy,18,16,34,19914
2783,616092,2,americas,2026-02-10 16:00:00,12.02,https://www.vlr.gg/616092/evictix-vs-nrg-academy-challengers-2026-north-america-ace-stage-1-r6-3-2,3fc15ade62119ed1501cd6e2d747493465cc1a8bfd4a78d7408d34e01ec4c5e4,2026-10-06T15:37:14+00:00,252444,Haven,19914,Evictix,21049,NRG Academy,13,11,24,19914
2783,616093,2,americas,2026-02-10 19:00:00,12.02,https://www.vlr.gg/616093/evil-geniuses-academy-vs-m80-challengers-2026-north-america-ace-stage-1-r6-3-2,b8fec24d6f9ee1df0b23e61c7d4d03e088165c882bddf28e83850c005c08889d,2026-10-06T15:37:14+00:00,252446,Abyss,21054,Evil Geniuses Academy,11001,M80,13,8,21,21054
2783,616093,2,americas,2026-02-10 19:00:00,12.02,https://www.vlr.gg/616093/evil-geniuses-academy-vs-m80-challengers-2026-north-america-ace-stage-1-r6-3-2,b8fec24d6f9ee1df0b23e61c7d4d03e088165c882bddf28e83850c005c08889d,2026-10-06T15:37:14+00:00,252447,Pearl,21054,Evil Geniuses Academy,11001,M80,8,13,21,11001
2783,616093,2,americas,2026-02-10 19:00:00,12.02,https://www.vlr.gg/616093/evil-geniuses-academy-vs-m80-challengers-2026-north-america-ace-stage-1-r6-3-2,b8fec24d6f9ee1df0b23e61c7d4d03e088165c882bddf28e83850c005c08889d,2026-10-06T15:37:14+00:00,252448,Corrode,21054,Evil Geniuses Academy,11001,M80,13,8,21,21054
2783,620672,2,americas,2026-02-11 16:00:00,12.02,https://www.vlr.gg/620672/nrg-academy-vs-azure-dragon-gaming-challengers-2026-north-america-ace-stage-1-r7-3-3,99b919689b8f2307d750dd2e1b7eb8faa0ea1de341c9b756645a029028077914,2026-10-06T15:37:15+00:00,253894,Breeze,21049,NRG Academy,21053,Azure Dragon Gaming,13,11,24,21049
2783,620672,2,americas,2026-02-11 16:00:00,12.02,https://www.vlr.gg/620672/nrg-academy-vs-azure-dragon-gaming-challengers-2026-north-america-ace-stage-1-r7-3-3,99b919689b8f2307d750dd2e1b7eb8faa0ea1de341c9b756645a029028077914,2026-10-06T15:37:15+00:00,253895,Haven,21049,NRG Academy,21053,Azure Dragon Gaming,3,13,16,21053
2783,620672,2,americas,2026-02-11 16:00:00,12.02,https://www.vlr.gg/620672/nrg-academy-vs-azure-dragon-gaming-challengers-2026-north-america-ace-stage-1-r7-3-3,99b919689b8f2307d750dd2e1b7eb8faa0ea1de341c9b756645a029028077914,2026-10-06T15:37:15+00:00,253896,Split,21049,NRG Academy,21053,Azure Dragon Gaming,13,11,24,21049
2783,620673,2,americas,2026-02-11 19:05:00,12.02,https://www.vlr.gg/620673/yfp-vs-m80-challengers-2026-north-america-ace-stage-1-r7-3-3,638a7583ffbd4b71b9eda38a465a51f90974ecc7f405cc8fe55cb18c25d7a462,2026-10-06T15:37:16+00:00,253897,Haven,5038,YFP,11001,M80,13,15,28,11001
2783,620673,2,americas,2026-02-11 19:05:00,12.02,https://www.vlr.gg/620673/yfp-vs-m80-challengers-2026-north-america-ace-stage-1-r7-3-3,638a7583ffbd4b71b9eda38a465a51f90974ecc7f405cc8fe55cb18c25d7a462,2026-10-06T15:37:16+00:00,253898,Pearl,5038,YFP,11001,M80,14,16,30,11001
2783,622053,2,americas,2026-02-16 16:00:00,12.02,https://www.vlr.gg/622053/sad-esports-vs-m80-challengers-2026-north-america-ace-stage-1-ubqf,962a6419f16ea6537de42ad14b8911ebe4251c2e347368aa89df981128f83e93,2026-10-06T15:37:16+00:00,253988,Corrode,13920,SaD Esports,11001,M80,6,13,19,11001
2783,622053,2,americas,2026-02-16 16:00:00,12.02,https://www.vlr.gg/622053/sad-esports-vs-m80-challengers-2026-north-america-ace-stage-1-ubqf,962a6419f16ea6537de42ad14b8911ebe4251c2e347368aa89df981128f83e93,2026-10-06T15:37:16+00:00,253989,Split,13920,SaD Esports,11001,M80,13,11,24,13920
2783,622053,2,americas,2026-02-16 16:00:00,12.02,https://www.vlr.gg/622053/sad-esports-vs-m80-challengers-2026-north-america-ace-stage-1-ubqf,962a6419f16ea6537de42ad14b8911ebe4251c2e347368aa89df981128f83e93,2026-10-06T15:37:16+00:00,253990,Bind,13920,SaD Esports,11001,M80,13,11,24,13920
2783,622054,2,americas,2026-02-16 19:15:00,12.02,https://www.vlr.gg/622054/qor-vs-evictix-challengers-2026-north-america-ace-stage-1-ubqf,09ed89c2c2eec3e6242d311f34a31a6a2be7b14d72a6a0d3f91a7d0de5e71400,2026-10-06T15:37:17+00:00,253991,Pearl,6985,QoR,19914,Evictix,20,18,38,6985
2783,622054,2,americas,2026-02-16 19:15:00,12.02,https://www.vlr.gg/622054/qor-vs-evictix-challengers-2026-north-america-ace-stage-1-ubqf,09ed89c2c2eec3e6242d311f34a31a6a2be7b14d72a6a0d3f91a7d0de5e71400,2026-10-06T15:37:17+00:00,253992,Bind,6985,QoR,19914,Evictix,5,13,18,19914
2783,622054,2,americas,2026-02-16 19:15:00,12.02,https://www.vlr.gg/622054/qor-vs-evictix-challengers-2026-north-america-ace-stage-1-ubqf,09ed89c2c2eec3e6242d311f34a31a6a2be7b14d72a6a0d3f91a7d0de5e71400,2026-10-06T15:37:17+00:00,253993,Split,6985,QoR,19914,Evictix,13,5,18,6985
2783,622056,2,americas,2026-02-17 16:00:00,12.02,https://www.vlr.gg/622056/shopify-rebellion-black-vs-evil-geniuses-academy-challengers-2026-north-america-ace-stage-1-ubqf,f30c958870cd80c4bfdc548070a8cbede84e6e40905524e97976137dae5b5036,2026-10-06T15:37:18+00:00,253997,Corrode,9353,Shopify Rebellion Black,21054,Evil Geniuses Academy,9,13,22,21054
2783,622056,2,americas,2026-02-17 16:00:00,12.02,https://www.vlr.gg/622056/shopify-rebellion-black-vs-evil-geniuses-academy-challengers-2026-north-america-ace-stage-1-ubqf,f30c958870cd80c4bfdc548070a8cbede84e6e40905524e97976137dae5b5036,2026-10-06T15:37:18+00:00,253998,Bind,9353,Shopify Rebellion Black,21054,Evil Geniuses Academy,13,6,19,9353
2783,622056,2,americas,2026-02-17 16:00:00,12.02,https://www.vlr.gg/622056/shopify-rebellion-black-vs-evil-geniuses-academy-challengers-2026-north-america-ace-stage-1-ubqf,f30c958870cd80c4bfdc548070a8cbede84e6e40905524e97976137dae5b5036,2026-10-06T15:37:18+00:00,253999,Abyss,9353,Shopify Rebellion Black,21054,Evil Geniuses Academy,13,8,21,9353
2783,622055,2,americas,2026-02-17 19:10:00,12.02,https://www.vlr.gg/622055/sleepers-vs-nrg-academy-challengers-2026-north-america-ace-stage-1-ubqf,99554cca4f845763821d25d09de64e38837d25dff581fa87e410e5e58333c423,2026-10-06T15:37:19+00:00,253994,Split,21055,sleepers,21049,NRG Academy,13,7,20,21055
2783,622055,2,americas,2026-02-17 19:10:00,12.02,https://www.vlr.gg/622055/sleepers-vs-nrg-academy-challengers-2026-north-america-ace-stage-1-ubqf,99554cca4f845763821d25d09de64e38837d25dff581fa87e410e5e58333c423,2026-10-06T15:37:19+00:00,253995,Bind,21055,sleepers,21049,NRG Academy,13,10,23,21055
2783,622061,2,americas,2026-02-18 16:00:00,12.02,https://www.vlr.gg/622061/m80-vs-evictix-challengers-2026-north-america-ace-stage-1-lr1,995677562eb213d4d123e0385fd61d3ebf20a199170ba89221b67bfe7139b8ca,2026-10-06T15:37:19+00:00,254014,Pearl,11001,M80,19914,Evictix,13,6,19,11001
2783,622061,2,americas,2026-02-18 16:00:00,12.02,https://www.vlr.gg/622061/m80-vs-evictix-challengers-2026-north-america-ace-stage-1-lr1,995677562eb213d4d123e0385fd61d3ebf20a199170ba89221b67bfe7139b8ca,2026-10-06T15:37:19+00:00,254015,Haven,11001,M80,19914,Evictix,13,7,20,11001
2783,622062,2,americas,2026-02-18 18:10:00,12.02,https://www.vlr.gg/622062/nrg-academy-vs-evil-geniuses-academy-challengers-2026-north-america-ace-stage-1-lr1,434da5e136998698572093ba8aeb4c372cc8d6cb7547802c83fc4f1c9dc24d34,2026-10-06T15:37:20+00:00,254017,Haven,21049,NRG Academy,21054,Evil Geniuses Academy,13,10,23,21049
2783,622062,2,americas,2026-02-18 18:10:00,12.02,https://www.vlr.gg/622062/nrg-academy-vs-evil-geniuses-academy-challengers-2026-north-america-ace-stage-1-lr1,434da5e136998698572093ba8aeb4c372cc8d6cb7547802c83fc4f1c9dc24d34,2026-10-06T15:37:20+00:00,254018,Abyss,21049,NRG Academy,21054,Evil Geniuses Academy,4,13,17,21054
2783,622062,2,americas,2026-02-18 18:10:00,12.02,https://www.vlr.gg/622062/nrg-academy-vs-evil-geniuses-academy-challengers-2026-north-america-ace-stage-1-lr1,434da5e136998698572093ba8aeb4c372cc8d6cb7547802c83fc4f1c9dc24d34,2026-10-06T15:37:20+00:00,254019,Breeze,21049,NRG Academy,21054,Evil Geniuses Academy,13,8,21,21049
2783,622058,2,americas,2026-02-19 16:00:00,12.02,https://www.vlr.gg/622058/sleepers-vs-shopify-rebellion-black-challengers-2026-north-america-ace-stage-1-ubsf,0ebbaea4c2ffad80e1b52027481a4846009190aa11ee77c5605ac699f1d93a85,2026-10-06T15:37:21+00:00,254003,Haven,21055,sleepers,9353,Shopify Rebellion Black,9,13,22,9353
2783,622058,2,americas,2026-02-19 16:00:00,12.02,https://www.vlr.gg/622058/sleepers-vs-shopify-rebellion-black-challengers-2026-north-america-ace-stage-1-ubsf,0ebbaea4c2ffad80e1b52027481a4846009190aa11ee77c5605ac699f1d93a85,2026-10-06T15:37:21+00:00,254004,Corrode,21055,sleepers,9353,Shopify Rebellion Black,9,13,22,9353
2783,622057,2,americas,2026-02-19 18:25:00,12.02,https://www.vlr.gg/622057/sad-esports-vs-qor-challengers-2026-north-america-ace-stage-1-ubsf,6ae2788c655a9c91952f641319a864d678bd67bf192df05fc9047b9d39873f8b,2026-10-06T15:37:22+00:00,254000,Breeze,13920,SaD Esports,6985,QoR,12,14,26,6985
2783,622057,2,americas,2026-02-19 18:25:00,12.02,https://www.vlr.gg/622057/sad-esports-vs-qor-challengers-2026-north-america-ace-stage-1-ubsf,6ae2788c655a9c91952f641319a864d678bd67bf192df05fc9047b9d39873f8b,2026-10-06T15:37:22+00:00,254001,Split,13920,SaD Esports,6985,QoR,11,13,24,6985
2783,622064,2,americas,2026-02-23 16:00:00,12.02,https://www.vlr.gg/622064/sad-esports-vs-nrg-academy-challengers-2026-north-america-ace-stage-1-lr2,477c5d2fc9d6140cce4d011102ee85bd2e9ed5a5c9654dbeff2eba5479307cbf,2026-10-06T15:37:22+00:00,254023,Breeze,13920,SaD Esports,21049,NRG Academy,13,5,18,13920
2783,622064,2,americas,2026-02-23 16:00:00,12.02,https://www.vlr.gg/622064/sad-esports-vs-nrg-academy-challengers-2026-north-america-ace-stage-1-lr2,477c5d2fc9d6140cce4d011102ee85bd2e9ed5a5c9654dbeff2eba5479307cbf,2026-10-06T15:37:22+00:00,254024,Corrode,13920,SaD Esports,21049,NRG Academy,13,11,24,13920
2783,622063,2,americas,2026-02-23 18:20:00,12.02,https://www.vlr.gg/622063/sleepers-vs-m80-challengers-2026-north-america-ace-stage-1-lr2,fc4cab885039529777a0b6fc2bd738083e6dcfc49da96a4992425ca3864c567e,2026-10-06T15:37:23+00:00,254020,Abyss,21055,sleepers,11001,M80,13,7,20,21055
2783,622063,2,americas,2026-02-23 18:20:00,12.02,https://www.vlr.gg/622063/sleepers-vs-m80-challengers-2026-north-america-ace-stage-1-lr2,fc4cab885039529777a0b6fc2bd738083e6dcfc49da96a4992425ca3864c567e,2026-10-06T15:37:23+00:00,254021,Split,21055,sleepers,11001,M80,13,6,19,21055
2783,622065,2,americas,2026-02-24 16:00:00,12.02,https://www.vlr.gg/622065/sleepers-vs-sad-esports-challengers-2026-north-america-ace-stage-1-lr3,f3de6fa6c6d2087f3074a7b664d39b4982eb7dd9b2daec988e8d2d4054bbff4e,2026-10-06T15:37:24+00:00,254026,Breeze,21055,sleepers,13920,SaD Esports,10,13,23,13920
2783,622065,2,americas,2026-02-24 16:00:00,12.02,https://www.vlr.gg/622065/sleepers-vs-sad-esports-challengers-2026-north-america-ace-stage-1-lr3,f3de6fa6c6d2087f3074a7b664d39b4982eb7dd9b2daec988e8d2d4054bbff4e,2026-10-06T15:37:24+00:00,254027,Bind,21055,sleepers,13920,SaD Esports,10,13,23,13920
2783,622059,2,americas,2026-02-24 18:25:00,12.02,https://www.vlr.gg/622059/qor-vs-shopify-rebellion-black-challengers-2026-north-america-ace-stage-1-ubf,f05a5b89dfb85958b4f83c272ba6ecd11f6bda9c48ccf486f3b593e92a9aaf03,2026-10-06T15:37:24+00:00,254006,Split,6985,QoR,9353,Shopify Rebellion Black,13,15,28,9353
2783,622059,2,americas,2026-02-24 18:25:00,12.02,https://www.vlr.gg/622059/qor-vs-shopify-rebellion-black-challengers-2026-north-america-ace-stage-1-ubf,f05a5b89dfb85958b4f83c272ba6ecd11f6bda9c48ccf486f3b593e92a9aaf03,2026-10-06T15:37:24+00:00,254007,Abyss,6985,QoR,9353,Shopify Rebellion Black,7,13,20,9353
2783,622066,2,americas,2026-02-25 16:00:00,12.02,https://www.vlr.gg/622066/qor-vs-sad-esports-challengers-2026-north-america-ace-stage-1-lbf,cc5e830bd9670b387b17e05604c8fcf809390f9484b70a4ce5a8528e75579f07,2026-10-06T15:37:25+00:00,254029,Bind,6985,QoR,13920,SaD Esports,5,13,18,13920
2783,622066,2,americas,2026-02-25 16:00:00,12.02,https://www.vlr.gg/622066/qor-vs-sad-esports-challengers-2026-north-america-ace-stage-1-lbf,cc5e830bd9670b387b17e05604c8fcf809390f9484b70a4ce5a8528e75579f07,2026-10-06T15:37:25+00:00,254030,Split,6985,QoR,13920,SaD Esports,13,11,24,6985
2783,622066,2,americas,2026-02-25 16:00:00,12.02,https://www.vlr.gg/622066/qor-vs-sad-esports-challengers-2026-north-america-ace-stage-1-lbf,cc5e830bd9670b387b17e05604c8fcf809390f9484b70a4ce5a8528e75579f07,2026-10-06T15:37:25+00:00,254031,Breeze,6985,QoR,13920,SaD Esports,13,10,23,6985
2783,622066,2,americas,2026-02-25 16:00:00,12.02,https://www.vlr.gg/622066/qor-vs-sad-esports-challengers-2026-north-america-ace-stage-1-lbf,cc5e830bd9670b387b17e05604c8fcf809390f9484b70a4ce5a8528e75579f07,2026-10-06T15:37:25+00:00,254032,Corrode,6985,QoR,13920,SaD Esports,7,13,20,13920
2783,622066,2,americas,2026-02-25 16:00:00,12.02,https://www.vlr.gg/622066/qor-vs-sad-esports-challengers-2026-north-america-ace-stage-1-lbf,cc5e830bd9670b387b17e05604c8fcf809390f9484b70a4ce5a8528e75579f07,2026-10-06T15:37:25+00:00,254033,Abyss,6985,QoR,13920,SaD Esports,13,5,18,6985
2783,622060,2,americas,2026-02-26 16:00:00,12.02,https://www.vlr.gg/622060/shopify-rebellion-black-vs-qor-challengers-2026-north-america-ace-stage-1-gf,2b685cb4389c09c8a87cf858b1f18188035e7d51b89a5810cb50e2f9ea5cfc81,2026-10-06T15:37:26+00:00,254009,Abyss,9353,Shopify Rebellion Black,6985,QoR,15,17,32,6985
2783,622060,2,americas,2026-02-26 16:00:00,12.02,https://www.vlr.gg/622060/shopify-rebellion-black-vs-qor-challengers-2026-north-america-ace-stage-1-gf,2b685cb4389c09c8a87cf858b1f18188035e7d51b89a5810cb50e2f9ea5cfc81,2026-10-06T15:37:26+00:00,254010,Split,9353,Shopify Rebellion Black,6985,QoR,10,13,23,6985
2783,622060,2,americas,2026-02-26 16:00:00,12.02,https://www.vlr.gg/622060/shopify-rebellion-black-vs-qor-challengers-2026-north-america-ace-stage-1-gf,2b685cb4389c09c8a87cf858b1f18188035e7d51b89a5810cb50e2f9ea5cfc81,2026-10-06T15:37:26+00:00,254011,Haven,9353,Shopify Rebellion Black,6985,QoR,10,13,23,6985
2760,625788,1,international,2026-02-28 12:00:00,12.03,https://www.vlr.gg/625788/gentle-mates-vs-edward-gaming-valorant-masters-santiago-2026-r1,53ca563878c91e21e4ff279cb8faccded47bc3602c9afe1771a2091bfe45fb35,2026-10-06T15:34:32+00:00,254143,Haven,12694,Gentle Mates,1120,EDward Gaming,13,11,24,12694
2760,625788,1,international,2026-02-28 12:00:00,12.03,https://www.vlr.gg/625788/gentle-mates-vs-edward-gaming-valorant-masters-santiago-2026-r1,53ca563878c91e21e4ff279cb8faccded47bc3602c9afe1771a2091bfe45fb35,2026-10-06T15:34:32+00:00,254144,Pearl,12694,Gentle Mates,1120,EDward Gaming,13,7,20,12694
2760,625791,1,international,2026-02-28 14:30:00,12.03,https://www.vlr.gg/625791/xi-lai-gaming-vs-nrg-valorant-masters-santiago-2026-r1,ed03fa0e19aa540be4f68c32318e1819604529dbcb841656aba193338f1a3c88,2026-10-06T15:34:33+00:00,254152,Haven,13581,Xi Lai Gaming,1034,NRG,2,13,15,1034
2760,625791,1,international,2026-02-28 14:30:00,12.03,https://www.vlr.gg/625791/xi-lai-gaming-vs-nrg-valorant-masters-santiago-2026-r1,ed03fa0e19aa540be4f68c32318e1819604529dbcb841656aba193338f1a3c88,2026-10-06T15:34:33+00:00,254153,Abyss,13581,Xi Lai Gaming,1034,NRG,10,13,23,1034
2760,625790,1,international,2026-03-01 12:00:00,12.03,https://www.vlr.gg/625790/g2-esports-vs-paper-rex-valorant-masters-santiago-2026-r1,9e0fb37e8dd3d3958ecb84d5ba72444cf2dd4d37ddf6a3a45db058ebcf99ca6b,2026-10-06T15:34:34+00:00,254149,Split,11058,G2 Esports,624,Paper Rex,9,13,22,624
2760,625790,1,international,2026-03-01 12:00:00,12.03,https://www.vlr.gg/625790/g2-esports-vs-paper-rex-valorant-masters-santiago-2026-r1,9e0fb37e8dd3d3958ecb84d5ba72444cf2dd4d37ddf6a3a45db058ebcf99ca6b,2026-10-06T15:34:34+00:00,254150,Corrode,11058,G2 Esports,624,Paper Rex,5,13,18,624
2760,625789,1,international,2026-03-01 14:05:00,12.03,https://www.vlr.gg/625789/t1-vs-team-liquid-valorant-masters-santiago-2026-r1,4a946e9f9983c04aff1797ba4d34b89df658dd6fe85ccd819f2a9211a9ffe503,2026-10-06T15:34:35+00:00,254146,Breeze,14,T1,474,Team Liquid,8,13,21,474
2760,625789,1,international,2026-03-01 14:05:00,12.03,https://www.vlr.gg/625789/t1-vs-team-liquid-valorant-masters-santiago-2026-r1,4a946e9f9983c04aff1797ba4d34b89df658dd6fe85ccd819f2a9211a9ffe503,2026-10-06T15:34:35+00:00,254147,Split,14,T1,474,Team Liquid,13,15,28,474
2760,626529,1,international,2026-03-02 13:00:00,12.03,https://www.vlr.gg/626529/paper-rex-vs-nrg-valorant-masters-santiago-2026-r2-1-0,09bf3520cca049ab2d63af80c904c190dc2a5e4451211a7fd25ba485e1dc0475,2026-10-06T15:34:36+00:00,254342,Split,624,Paper Rex,1034,NRG,13,10,23,624
2760,626529,1,international,2026-03-02 13:00:00,12.03,https://www.vlr.gg/626529/paper-rex-vs-nrg-valorant-masters-santiago-2026-r2-1-0,09bf3520cca049ab2d63af80c904c190dc2a5e4451211a7fd25ba485e1dc0475,2026-10-06T15:34:36+00:00,254343,Pearl,624,Paper Rex,1034,NRG,10,13,23,1034
2760,626529,1,international,2026-03-02 13:00:00,12.03,https://www.vlr.gg/626529/paper-rex-vs-nrg-valorant-masters-santiago-2026-r2-1-0,09bf3520cca049ab2d63af80c904c190dc2a5e4451211a7fd25ba485e1dc0475,2026-10-06T15:34:36+00:00,254344,Haven,624,Paper Rex,1034,NRG,13,11,24,624
2760,626530,1,international,2026-03-02 16:30:00,12.03,https://www.vlr.gg/626530/gentle-mates-vs-team-liquid-valorant-masters-santiago-2026-r2-1-0,dc5c30e2affa16d94dd2b6b7600f94ba71377a616237788abe186724d9874625,2026-10-06T15:34:38+00:00,254345,Pearl,12694,Gentle Mates,474,Team Liquid,13,11,24,12694
2760,626530,1,international,2026-03-02 16:30:00,12.03,https://www.vlr.gg/626530/gentle-mates-vs-team-liquid-valorant-masters-santiago-2026-r2-1-0,dc5c30e2affa16d94dd2b6b7600f94ba71377a616237788abe186724d9874625,2026-10-06T15:34:38+00:00,254346,Bind,12694,Gentle Mates,474,Team Liquid,13,3,16,12694
2760,626532,1,international,2026-03-03 13:00:00,12.03,https://www.vlr.gg/626532/edward-gaming-vs-t1-valorant-masters-santiago-2026-r2-0-1,fecfd23c72aa30a47668856af8e35adaca7d0b0b07912d7ccb08362dfd169eb6,2026-10-06T15:34:39+00:00,254348,Bind,1120,EDward Gaming,14,T1,1,13,14,14
2760,626532,1,international,2026-03-03 13:00:00,12.03,https://www.vlr.gg/626532/edward-gaming-vs-t1-valorant-masters-santiago-2026-r2-0-1,fecfd23c72aa30a47668856af8e35adaca7d0b0b07912d7ccb08362dfd169eb6,2026-10-06T15:34:39+00:00,254349,Haven,1120,EDward Gaming,14,T1,10,13,23,14
2760,626533,1,international,2026-03-03 15:10:00,12.03,https://www.vlr.gg/626533/xi-lai-gaming-vs-g2-esports-valorant-masters-santiago-2026-r2-0-1,fff699ca18769ba0d204dba6aebf422dcafaf41f1f69e0b26a3dc289daa2b16b,2026-10-06T15:34:41+00:00,254351,Abyss,13581,Xi Lai Gaming,11058,G2 Esports,8,13,21,11058
2760,626533,1,international,2026-03-03 15:10:00,12.03,https://www.vlr.gg/626533/xi-lai-gaming-vs-g2-esports-valorant-masters-santiago-2026-r2-0-1,fff699ca18769ba0d204dba6aebf422dcafaf41f1f69e0b26a3dc289daa2b16b,2026-10-06T15:34:41+00:00,254352,Haven,13581,Xi Lai Gaming,11058,G2 Esports,3,13,16,11058
2760,626535,1,international,2026-03-04 13:00:00,12.03,https://www.vlr.gg/626535/nrg-vs-team-liquid-valorant-masters-santiago-2026-r3,5a0acba35c2cd8076494a7ca8fb5417c2040be798ee09cda4947e7e3e541e921,2026-10-06T15:34:41+00:00,254357,Breeze,1034,NRG,474,Team Liquid,13,11,24,1034
2760,626535,1,international,2026-03-04 13:00:00,12.03,https://www.vlr.gg/626535/nrg-vs-team-liquid-valorant-masters-santiago-2026-r3,5a0acba35c2cd8076494a7ca8fb5417c2040be798ee09cda4947e7e3e541e921,2026-10-06T15:34:41+00:00,254358,Abyss,1034,NRG,474,Team Liquid,13,4,17,1034
2760,626534,1,international,2026-03-04 15:20:00,12.03,https://www.vlr.gg/626534/g2-esports-vs-t1-valorant-masters-santiago-2026-r3,4a745ef0542643e2be59f85884f7e0a41ecc7001b552e8bdf4c8e8dd8ee25469,2026-10-06T15:34:42+00:00,254354,Breeze,11058,G2 Esports,14,T1,13,6,19,11058
2760,626534,1,international,2026-03-04 15:20:00,12.03,https://www.vlr.gg/626534/g2-esports-vs-t1-valorant-masters-santiago-2026-r3,4a745ef0542643e2be59f85884f7e0a41ecc7001b552e8bdf4c8e8dd8ee25469,2026-10-06T15:34:42+00:00,254355,Haven,11058,G2 Esports,14,T1,16,14,30,11058
2760,626539,1,international,2026-03-06 13:00:00,12.03,https://www.vlr.gg/626539/furia-vs-paper-rex-valorant-masters-santiago-2026-ubqf,0b1f749d79f0e591ace9a6aa81e25f4a716c1d966527a12ec16b092c2f772a39,2026-10-06T15:34:43+00:00,254366,Haven,2406,FURIA,624,Paper Rex,13,9,22,2406
2760,626539,1,international,2026-03-06 13:00:00,12.03,https://www.vlr.gg/626539/furia-vs-paper-rex-valorant-masters-santiago-2026-ubqf,0b1f749d79f0e591ace9a6aa81e25f4a716c1d966527a12ec16b092c2f772a39,2026-10-06T15:34:43+00:00,254367,Breeze,2406,FURIA,624,Paper Rex,4,13,17,624
2760,626539,1,international,2026-03-06 13:00:00,12.03,https://www.vlr.gg/626539/furia-vs-paper-rex-valorant-masters-santiago-2026-ubqf,0b1f749d79f0e591ace9a6aa81e25f4a716c1d966527a12ec16b092c2f772a39,2026-10-06T15:34:43+00:00,254368,Split,2406,FURIA,624,Paper Rex,7,13,20,624
2760,626537,1,international,2026-03-06 16:00:00,12.03,https://www.vlr.gg/626537/nongshim-redforce-vs-gentle-mates-valorant-masters-santiago-2026-ubqf,0fd636f0cca750f62cce9e4692d74c4c464ce2e5b9b0077c1bcb72312f3fc556,2026-10-06T15:34:45+00:00,254360,Haven,11060,Nongshim RedForce,12694,Gentle Mates,13,10,23,11060
2760,626537,1,international,2026-03-06 16:00:00,12.03,https://www.vlr.gg/626537/nongshim-redforce-vs-gentle-mates-valorant-masters-santiago-2026-ubqf,0fd636f0cca750f62cce9e4692d74c4c464ce2e5b9b0077c1bcb72312f3fc556,2026-10-06T15:34:45+00:00,254361,Corrode,11060,Nongshim RedForce,12694,Gentle Mates,13,10,23,11060
2760,626540,1,international,2026-03-07 12:00:00,12.03,https://www.vlr.gg/626540/bbl-esports-vs-nrg-valorant-masters-santiago-2026-ubqf,4667c7a68fee9c6525d471268881e8d5d6fe0bf63d91819e0f9454bf660bf5c6,2026-10-06T15:34:46+00:00,254369,Pearl,397,BBL Esports,1034,NRG,6,13,19,1034
2760,626540,1,international,2026-03-07 12:00:00,12.03,https://www.vlr.gg/626540/bbl-esports-vs-nrg-valorant-masters-santiago-2026-ubqf,4667c7a68fee9c6525d471268881e8d5d6fe0bf63d91819e0f9454bf660bf5c6,2026-10-06T15:34:46+00:00,254370,Abyss,397,BBL Esports,1034,NRG,13,6,19,397
2760,626540,1,international,2026-03-07 12:00:00,12.03,https://www.vlr.gg/626540/bbl-esports-vs-nrg-valorant-masters-santiago-2026-ubqf,4667c7a68fee9c6525d471268881e8d5d6fe0bf63d91819e0f9454bf660bf5c6,2026-10-06T15:34:46+00:00,254371,Split,397,BBL Esports,1034,NRG,15,17,32,1034
2760,626538,1,international,2026-03-07 15:30:00,12.03,https://www.vlr.gg/626538/all-gamers-vs-g2-esports-valorant-masters-santiago-2026-ubqf,4e529bf3aaccd7f2633281368f7c14be2f264ca6fdc8d06448952ab28fa2e13e,2026-10-06T15:34:47+00:00,254363,Split,1119,All Gamers,11058,G2 Esports,6,13,19,11058
2760,626538,1,international,2026-03-07 15:30:00,12.03,https://www.vlr.gg/626538/all-gamers-vs-g2-esports-valorant-masters-santiago-2026-ubqf,4e529bf3aaccd7f2633281368f7c14be2f264ca6fdc8d06448952ab28fa2e13e,2026-10-06T15:34:47+00:00,254364,Abyss,1119,All Gamers,11058,G2 Esports,4,13,17,11058
2760,626546,1,international,2026-03-08 13:00:00,12.03,https://www.vlr.gg/626546/furia-vs-bbl-esports-valorant-masters-santiago-2026-lr1,1449495a0b6798de07b7f9f5b3f56f6b36ca298911e7e6b25dd560a1a9bb08af,2026-10-06T15:34:48+00:00,254389,Haven,2406,FURIA,397,BBL Esports,7,13,20,397
2760,626546,1,international,2026-03-08 13:00:00,12.03,https://www.vlr.gg/626546/furia-vs-bbl-esports-valorant-masters-santiago-2026-lr1,1449495a0b6798de07b7f9f5b3f56f6b36ca298911e7e6b25dd560a1a9bb08af,2026-10-06T15:34:48+00:00,254390,Breeze,2406,FURIA,397,BBL Esports,13,10,23,2406
2760,626546,1,international,2026-03-08 13:00:00,12.03,https://www.vlr.gg/626546/furia-vs-bbl-esports-valorant-masters-santiago-2026-lr1,1449495a0b6798de07b7f9f5b3f56f6b36ca298911e7e6b25dd560a1a9bb08af,2026-10-06T15:34:48+00:00,254391,Abyss,2406,FURIA,397,BBL Esports,11,13,24,397
2760,626545,1,international,2026-03-08 16:30:00,12.03,https://www.vlr.gg/626545/gentle-mates-vs-all-gamers-valorant-masters-santiago-2026-lr1,f48086043a8d98915a5896a9a7800fff2b5446374dd896a9f2aeea542a2bb222,2026-10-06T15:34:50+00:00,254386,Pearl,12694,Gentle Mates,1119,All Gamers,13,5,18,12694
2760,626545,1,international,2026-03-08 16:30:00,12.03,https://www.vlr.gg/626545/gentle-mates-vs-all-gamers-valorant-masters-santiago-2026-lr1,f48086043a8d98915a5896a9a7800fff2b5446374dd896a9f2aeea542a2bb222,2026-10-06T15:34:50+00:00,254387,Split,12694,Gentle Mates,1119,All Gamers,4,13,17,1119
2760,626545,1,international,2026-03-08 16:30:00,12.03,https://www.vlr.gg/626545/gentle-mates-vs-all-gamers-valorant-masters-santiago-2026-lr1,f48086043a8d98915a5896a9a7800fff2b5446374dd896a9f2aeea542a2bb222,2026-10-06T15:34:50+00:00,254388,Bind,12694,Gentle Mates,1119,All Gamers,8,13,21,1119
2760,626541,1,international,2026-03-09 14:00:00,12.03,https://www.vlr.gg/626541/nongshim-redforce-vs-g2-esports-valorant-masters-santiago-2026-ubsf,5abd613947a884b4865fb8a6a0b28723335b26784e4d002d3602fe364644cd7b,2026-10-06T15:34:52+00:00,254373,Corrode,11060,Nongshim RedForce,11058,G2 Esports,13,7,20,11060
2760,626541,1,international,2026-03-09 14:00:00,12.03,https://www.vlr.gg/626541/nongshim-redforce-vs-g2-esports-valorant-masters-santiago-2026-ubsf,5abd613947a884b4865fb8a6a0b28723335b26784e4d002d3602fe364644cd7b,2026-10-06T15:34:52+00:00,254374,Split,11060,Nongshim RedForce,11058,G2 Esports,14,12,26,11060
2760,626541,1,international,2026-03-09 14:00:00,12.03,https://www.vlr.gg/626541/nongshim-redforce-vs-g2-esports-valorant-masters-santiago-2026-ubsf,5abd613947a884b4865fb8a6a0b28723335b26784e4d002d3602fe364644cd7b,2026-10-06T15:34:52+00:00,256753,Abyss,11060,Nongshim RedForce,11058,G2 Esports,7,13,20,11058
2783,638459,2,americas,2026-03-09 16:00:00,12.04,https://www.vlr.gg/638459/rose-vs-winthrop-university-challengers-2026-north-america-ace-stage-1-gs,86baa1c0d095d4a9d07031da0dade2cea04ff221491d14bd2ed37266e9d69157,2026-10-06T15:37:27+00:00,256782,Pearl,11648,ROSE,10448,Winthrop University,13,6,19,11648
2783,638459,2,americas,2026-03-09 16:00:00,12.04,https://www.vlr.gg/638459/rose-vs-winthrop-university-challengers-2026-north-america-ace-stage-1-gs,86baa1c0d095d4a9d07031da0dade2cea04ff221491d14bd2ed37266e9d69157,2026-10-06T15:37:27+00:00,256783,Corrode,11648,ROSE,10448,Winthrop University,13,11,24,11648
2760,626542,1,international,2026-03-09 17:20:00,12.03,https://www.vlr.gg/626542/paper-rex-vs-nrg-valorant-masters-santiago-2026-ubsf,861151788357e1ad0f810b4a38cfa5198008ba17b3507910bae4c2522a466d94,2026-10-06T15:34:53+00:00,254375,Pearl,624,Paper Rex,1034,NRG,12,14,26,1034
2760,626542,1,international,2026-03-09 17:20:00,12.03,https://www.vlr.gg/626542/paper-rex-vs-nrg-valorant-masters-santiago-2026-ubsf,861151788357e1ad0f810b4a38cfa5198008ba17b3507910bae4c2522a466d94,2026-10-06T15:34:53+00:00,254376,Bind,624,Paper Rex,1034,NRG,11,13,24,1034
2760,626548,1,international,2026-03-10 14:00:00,12.03,https://www.vlr.gg/626548/g2-esports-vs-bbl-esports-valorant-masters-santiago-2026-lr2,661643e48e8c4f93d92944ba761d8c2948cb6f02558d8937160da44a56319ddd,2026-10-06T15:34:54+00:00,254395,Haven,11058,G2 Esports,397,BBL Esports,13,5,18,11058
2760,626548,1,international,2026-03-10 14:00:00,12.03,https://www.vlr.gg/626548/g2-esports-vs-bbl-esports-valorant-masters-santiago-2026-lr2,661643e48e8c4f93d92944ba761d8c2948cb6f02558d8937160da44a56319ddd,2026-10-06T15:34:54+00:00,256892,Breeze,11058,G2 Esports,397,BBL Esports,13,8,21,11058
2783,638460,2,americas,2026-03-10 16:00:00,12.04,https://www.vlr.gg/638460/blue-otter-vs-rose-challengers-2026-north-america-ace-stage-1-gs,cf710dd02378e52cecd423bbf024f015802899678dbfc24888ad6275f131c554,2026-10-06T15:37:27+00:00,256785,Haven,16278,Blue Otter,11648,ROSE,13,6,19,16278
2783,638460,2,americas,2026-03-10 16:00:00,12.04,https://www.vlr.gg/638460/blue-otter-vs-rose-challengers-2026-north-america-ace-stage-1-gs,cf710dd02378e52cecd423bbf024f015802899678dbfc24888ad6275f131c554,2026-10-06T15:37:27+00:00,256786,Breeze,16278,Blue Otter,11648,ROSE,13,11,24,16278
2760,626547,1,international,2026-03-10 16:10:00,12.03,https://www.vlr.gg/626547/paper-rex-vs-all-gamers-valorant-masters-santiago-2026-lr2,63972e60f8291823a40a31f9a063f0c01fb8b19545c558daab9c2c4eb1ca0e90,2026-10-06T15:34:54+00:00,254392,Corrode,624,Paper Rex,1119,All Gamers,10,13,23,1119
2760,626547,1,international,2026-03-10 16:10:00,12.03,https://www.vlr.gg/626547/paper-rex-vs-all-gamers-valorant-masters-santiago-2026-lr2,63972e60f8291823a40a31f9a063f0c01fb8b19545c558daab9c2c4eb1ca0e90,2026-10-06T15:34:54+00:00,254393,Pearl,624,Paper Rex,1119,All Gamers,13,7,20,624
2760,626547,1,international,2026-03-10 16:10:00,12.03,https://www.vlr.gg/626547/paper-rex-vs-all-gamers-valorant-masters-santiago-2026-lr2,63972e60f8291823a40a31f9a063f0c01fb8b19545c558daab9c2c4eb1ca0e90,2026-10-06T15:34:54+00:00,254394,Split,624,Paper Rex,1119,All Gamers,13,4,17,624
2783,638439,2,americas,2026-03-11 16:00:00,12.04,https://www.vlr.gg/638439/winthrop-university-vs-blue-otter-challengers-2026-north-america-ace-stage-1-gs,adbcc878fe9516c2688cc22673fd61c8b71645c5cd0ea6a3adb5eb66af055d3a,2026-10-06T15:37:28+00:00,256760,Abyss,10448,Winthrop University,16278,Blue Otter,13,11,24,10448
2783,638439,2,americas,2026-03-11 16:00:00,12.04,https://www.vlr.gg/638439/winthrop-university-vs-blue-otter-challengers-2026-north-america-ace-stage-1-gs,adbcc878fe9516c2688cc22673fd61c8b71645c5cd0ea6a3adb5eb66af055d3a,2026-10-06T15:37:28+00:00,256761,Bind,10448,Winthrop University,16278,Blue Otter,13,5,18,10448
2783,638452,2,americas,2026-03-12 16:00:00,12.04,https://www.vlr.gg/638452/team-pulsar-vs-rose-challengers-2026-north-america-ace-stage-1-pm,faca73cb5d9d08f904398b35a1072caa2f60fd48f935dd4781f50d36893af7b1,2026-10-06T15:37:29+00:00,256766,Breeze,6169,Team Pulsar,11648,ROSE,8,13,21,11648
2783,638452,2,americas,2026-03-12 16:00:00,12.04,https://www.vlr.gg/638452/team-pulsar-vs-rose-challengers-2026-north-america-ace-stage-1-pm,faca73cb5d9d08f904398b35a1072caa2f60fd48f935dd4781f50d36893af7b1,2026-10-06T15:37:29+00:00,256767,Abyss,6169,Team Pulsar,11648,ROSE,13,3,16,6169
2783,638452,2,americas,2026-03-12 16:00:00,12.04,https://www.vlr.gg/638452/team-pulsar-vs-rose-challengers-2026-north-america-ace-stage-1-pm,faca73cb5d9d08f904398b35a1072caa2f60fd48f935dd4781f50d36893af7b1,2026-10-06T15:37:29+00:00,256768,Pearl,6169,Team Pulsar,11648,ROSE,13,7,20,6169
2783,638452,2,americas,2026-03-12 16:00:00,12.04,https://www.vlr.gg/638452/team-pulsar-vs-rose-challengers-2026-north-america-ace-stage-1-pm,faca73cb5d9d08f904398b35a1072caa2f60fd48f935dd4781f50d36893af7b1,2026-10-06T15:37:29+00:00,256769,Haven,6169,Team Pulsar,11648,ROSE,10,13,23,11648
2783,638452,2,americas,2026-03-12 16:00:00,12.04,https://www.vlr.gg/638452/team-pulsar-vs-rose-challengers-2026-north-america-ace-stage-1-pm,faca73cb5d9d08f904398b35a1072caa2f60fd48f935dd4781f50d36893af7b1,2026-10-06T15:37:29+00:00,256770,Bind,6169,Team Pulsar,11648,ROSE,10,13,23,11648
2783,638453,2,americas,2026-03-12 16:00:00,12.04,https://www.vlr.gg/638453/shopify-rebellion-gold-vs-winthrop-university-challengers-2026-north-america-ace-stage-1-pm,9fed3c2c2b7402db13a1197cf2c11eb2efcf85ddb66aae80acd5e4cd17178a51,2026-10-06T15:37:30+00:00,256771,Pearl,14278,Shopify Rebellion Gold,10448,Winthrop University,13,4,17,14278
2783,638453,2,americas,2026-03-12 16:00:00,12.04,https://www.vlr.gg/638453/shopify-rebellion-gold-vs-winthrop-university-challengers-2026-north-america-ace-stage-1-pm,9fed3c2c2b7402db13a1197cf2c11eb2efcf85ddb66aae80acd5e4cd17178a51,2026-10-06T15:37:30+00:00,256772,Bind,14278,Shopify Rebellion Gold,10448,Winthrop University,9,13,22,10448
2783,638453,2,americas,2026-03-12 16:00:00,12.04,https://www.vlr.gg/638453/shopify-rebellion-gold-vs-winthrop-university-challengers-2026-north-america-ace-stage-1-pm,9fed3c2c2b7402db13a1197cf2c11eb2efcf85ddb66aae80acd5e4cd17178a51,2026-10-06T15:37:30+00:00,256773,Corrode,14278,Shopify Rebellion Gold,10448,Winthrop University,6,13,19,10448
2783,638453,2,americas,2026-03-12 16:00:00,12.04,https://www.vlr.gg/638453/shopify-rebellion-gold-vs-winthrop-university-challengers-2026-north-america-ace-stage-1-pm,9fed3c2c2b7402db13a1197cf2c11eb2efcf85ddb66aae80acd5e4cd17178a51,2026-10-06T15:37:30+00:00,256774,Abyss,14278,Shopify Rebellion Gold,10448,Winthrop University,13,4,17,14278
2783,638453,2,americas,2026-03-12 16:00:00,12.04,https://www.vlr.gg/638453/shopify-rebellion-gold-vs-winthrop-university-challengers-2026-north-america-ace-stage-1-pm,9fed3c2c2b7402db13a1197cf2c11eb2efcf85ddb66aae80acd5e4cd17178a51,2026-10-06T15:37:30+00:00,256775,Haven,14278,Shopify Rebellion Gold,10448,Winthrop University,13,7,20,14278
2760,626543,1,international,2026-03-13 13:00:00,12.03,https://www.vlr.gg/626543/nongshim-redforce-vs-nrg-valorant-masters-santiago-2026-ubf,85d7fa78caaf9832f3cb1d2af0fcc2a703e66d8ba14079d4bcbfb1f16e7024ef,2026-10-06T15:34:56+00:00,254378,Bind,11060,Nongshim RedForce,1034,NRG,13,9,22,11060
2760,626543,1,international,2026-03-13 13:00:00,12.03,https://www.vlr.gg/626543/nongshim-redforce-vs-nrg-valorant-masters-santiago-2026-ubf,85d7fa78caaf9832f3cb1d2af0fcc2a703e66d8ba14079d4bcbfb1f16e7024ef,2026-10-06T15:34:56+00:00,254379,Abyss,11060,Nongshim RedForce,1034,NRG,13,11,24,11060
2760,626549,1,international,2026-03-13 15:25:00,12.03,https://www.vlr.gg/626549/paper-rex-vs-g2-esports-valorant-masters-santiago-2026-lr3,d7cf206acdd8112228d51432559093cf97b7b4722e4395daab45648a0656c1a9,2026-10-06T15:34:57+00:00,254398,Haven,624,Paper Rex,11058,G2 Esports,11,13,24,11058
2760,626549,1,international,2026-03-13 15:25:00,12.03,https://www.vlr.gg/626549/paper-rex-vs-g2-esports-valorant-masters-santiago-2026-lr3,d7cf206acdd8112228d51432559093cf97b7b4722e4395daab45648a0656c1a9,2026-10-06T15:34:57+00:00,254399,Breeze,624,Paper Rex,11058,G2 Esports,13,9,22,624
2760,626549,1,international,2026-03-13 15:25:00,12.03,https://www.vlr.gg/626549/paper-rex-vs-g2-esports-valorant-masters-santiago-2026-lr3,d7cf206acdd8112228d51432559093cf97b7b4722e4395daab45648a0656c1a9,2026-10-06T15:34:57+00:00,254400,Corrode,624,Paper Rex,11058,G2 Esports,13,4,17,624
2760,626550,1,international,2026-03-14 13:00:00,12.03,https://www.vlr.gg/626550/nrg-vs-paper-rex-valorant-masters-santiago-2026-lbf,6213ffac8748c69378278ba8a8bee18226335ffa2334598aeb4d250a2da6e88b,2026-10-06T15:34:58+00:00,254401,Pearl,1034,NRG,624,Paper Rex,13,8,21,1034
2760,626550,1,international,2026-03-14 13:00:00,12.03,https://www.vlr.gg/626550/nrg-vs-paper-rex-valorant-masters-santiago-2026-lbf,6213ffac8748c69378278ba8a8bee18226335ffa2334598aeb4d250a2da6e88b,2026-10-06T15:34:58+00:00,254402,Split,1034,NRG,624,Paper Rex,7,13,20,624
2760,626550,1,international,2026-03-14 13:00:00,12.03,https://www.vlr.gg/626550/nrg-vs-paper-rex-valorant-masters-santiago-2026-lbf,6213ffac8748c69378278ba8a8bee18226335ffa2334598aeb4d250a2da6e88b,2026-10-06T15:34:58+00:00,254403,Corrode,1034,NRG,624,Paper Rex,6,13,19,624
2760,626550,1,international,2026-03-14 13:00:00,12.03,https://www.vlr.gg/626550/nrg-vs-paper-rex-valorant-masters-santiago-2026-lbf,6213ffac8748c69378278ba8a8bee18226335ffa2334598aeb4d250a2da6e88b,2026-10-06T15:34:58+00:00,254404,Breeze,1034,NRG,624,Paper Rex,9,13,22,624
2760,626544,1,international,2026-03-15 14:00:00,12.03,https://www.vlr.gg/626544/nongshim-redforce-vs-paper-rex-valorant-masters-santiago-2026-gf,9f09a724b022ae35ca77b8dcbf4403980ec3c2ce076ce0e0310d0dc05a06afe9,2026-10-06T15:34:59+00:00,254381,Corrode,11060,Nongshim RedForce,624,Paper Rex,13,11,24,11060
2760,626544,1,international,2026-03-15 14:00:00,12.03,https://www.vlr.gg/626544/nongshim-redforce-vs-paper-rex-valorant-masters-santiago-2026-gf,9f09a724b022ae35ca77b8dcbf4403980ec3c2ce076ce0e0310d0dc05a06afe9,2026-10-06T15:34:59+00:00,254382,Split,11060,Nongshim RedForce,624,Paper Rex,13,4,17,11060
2760,626544,1,international,2026-03-15 14:00:00,12.03,https://www.vlr.gg/626544/nongshim-redforce-vs-paper-rex-valorant-masters-santiago-2026-gf,9f09a724b022ae35ca77b8dcbf4403980ec3c2ce076ce0e0310d0dc05a06afe9,2026-10-06T15:34:59+00:00,254383,Abyss,11060,Nongshim RedForce,624,Paper Rex,13,3,16,11060
2782,642128,2,emea,2026-03-19 12:00:00,12.04,https://www.vlr.gg/642128/enterprise-esports-vs-bar-a-esports-challengers-2026-emea-stage-1-b,4ecbef2d671c0831eafebeda8702488d33396525f1b693566b2ead9eb257be5c,2026-10-06T15:36:14+00:00,257665,Pearl,876,Enterprise Esports,14461,Barça eSports,14,12,26,876
2782,642128,2,emea,2026-03-19 12:00:00,12.04,https://www.vlr.gg/642128/enterprise-esports-vs-bar-a-esports-challengers-2026-emea-stage-1-b,4ecbef2d671c0831eafebeda8702488d33396525f1b693566b2ead9eb257be5c,2026-10-06T15:36:14+00:00,257666,Bind,876,Enterprise Esports,14461,Barça eSports,13,2,15,876
2782,642140,2,emea,2026-03-19 12:00:00,12.04,https://www.vlr.gg/642140/mandatory-vs-mir-challengers-2026-emea-stage-1-d,0b4bb00239f71e8a927d9b3664b03d096dfbf25d53b0156da31b91156d509b9b,2026-10-06T15:36:15+00:00,257692,Haven,7967,Mandatory,17945,MIR,13,1,14,7967
2782,642140,2,emea,2026-03-19 12:00:00,12.04,https://www.vlr.gg/642140/mandatory-vs-mir-challengers-2026-emea-stage-1-d,0b4bb00239f71e8a927d9b3664b03d096dfbf25d53b0156da31b91156d509b9b,2026-10-06T15:36:15+00:00,257693,Abyss,7967,Mandatory,17945,MIR,13,7,20,7967
2782,642123,2,emea,2026-03-19 13:50:00,12.04,https://www.vlr.gg/642123/misa-esports-vs-eintracht-frankfurt-challengers-2026-emea-stage-1-a,4e7768c7d570acc934e0a4dfeca6e67ed9c5cb272347825c9852c0d01ab73f75,2026-10-06T15:36:16+00:00,257656,Split,19218,Misa Esports,14478,Eintracht Frankfurt,13,8,21,19218
2782,642123,2,emea,2026-03-19 13:50:00,12.04,https://www.vlr.gg/642123/misa-esports-vs-eintracht-frankfurt-challengers-2026-emea-stage-1-a,4e7768c7d570acc934e0a4dfeca6e67ed9c5cb272347825c9852c0d01ab73f75,2026-10-06T15:36:16+00:00,257657,Haven,19218,Misa Esports,14478,Eintracht Frankfurt,18,16,34,19218
2782,642132,2,emea,2026-03-19 14:00:00,12.04,https://www.vlr.gg/642132/ucam-esports-club-vs-pixel-lumina-challengers-2026-emea-stage-1-c,b87b71a21af1038528a862b8d6f5730c8fe984492df40139887a293dcc7128d7,2026-10-06T15:36:17+00:00,257674,Split,4616,UCAM Esports Club,17177,Pixel Lumina,13,2,15,4616
2782,642132,2,emea,2026-03-19 14:00:00,12.04,https://www.vlr.gg/642132/ucam-esports-club-vs-pixel-lumina-challengers-2026-emea-stage-1-c,b87b71a21af1038528a862b8d6f5730c8fe984492df40139887a293dcc7128d7,2026-10-06T15:36:17+00:00,257675,Corrode,4616,UCAM Esports Club,17177,Pixel Lumina,13,8,21,4616
2782,642124,2,emea,2026-03-20 12:00:00,12.04,https://www.vlr.gg/642124/misa-esports-vs-team-liquid-academy-challengers-2026-emea-stage-1-a,64c3a2bbb403675834b204de12c39e51f846e84d18e40a1071f8412aeaffede7,2026-10-06T15:36:17+00:00,257659,Split,19218,Misa Esports,17297,Team Liquid Academy,13,6,19,19218
2782,642124,2,emea,2026-03-20 12:00:00,12.04,https://www.vlr.gg/642124/misa-esports-vs-team-liquid-academy-challengers-2026-emea-stage-1-a,64c3a2bbb403675834b204de12c39e51f846e84d18e40a1071f8412aeaffede7,2026-10-06T15:36:17+00:00,257660,Pearl,19218,Misa Esports,17297,Team Liquid Academy,13,11,24,19218
2782,642129,2,emea,2026-03-20 14:00:00,12.04,https://www.vlr.gg/642129/enterprise-esports-vs-fokus-challengers-2026-emea-stage-1-b,a81c32557b5d1650a742cb208442f6d7cff7b1ab109c108fbe9780ab9085809b,2026-10-06T15:36:19+00:00,257668,Bind,876,Enterprise Esports,6882,FOKUS,13,2,15,876
2782,642129,2,emea,2026-03-20 14:00:00,12.04,https://www.vlr.gg/642129/enterprise-esports-vs-fokus-challengers-2026-emea-stage-1-b,a81c32557b5d1650a742cb208442f6d7cff7b1ab109c108fbe9780ab9085809b,2026-10-06T15:36:19+00:00,257669,Pearl,876,Enterprise Esports,6882,FOKUS,9,13,22,6882
2782,642129,2,emea,2026-03-20 14:00:00,12.04,https://www.vlr.gg/642129/enterprise-esports-vs-fokus-challengers-2026-emea-stage-1-b,a81c32557b5d1650a742cb208442f6d7cff7b1ab109c108fbe9780ab9085809b,2026-10-06T15:36:19+00:00,257670,Split,876,Enterprise Esports,6882,FOKUS,13,3,16,876
2782,642141,2,emea,2026-03-20 14:30:00,12.04,https://www.vlr.gg/642141/s2g-esports-vs-mir-challengers-2026-emea-stage-1-d,15ff45f16485efcca8b819ee8adbf268a0490ab3c33f31e85df1f59121dd29d5,2026-10-06T15:36:20+00:00,257695,Split,9077,S2G Esports,17945,MIR,13,0,13,9077
2782,642141,2,emea,2026-03-20 14:30:00,12.04,https://www.vlr.gg/642141/s2g-esports-vs-mir-challengers-2026-emea-stage-1-d,15ff45f16485efcca8b819ee8adbf268a0490ab3c33f31e85df1f59121dd29d5,2026-10-06T15:36:20+00:00,257696,Bind,9077,S2G Esports,17945,MIR,13,7,20,9077
2782,642125,2,emea,2026-03-21 12:00:00,12.04,https://www.vlr.gg/642125/eintracht-frankfurt-vs-team-liquid-academy-challengers-2026-emea-stage-1-a,001c1e3bd4b3a7b8c61fae928adc2c67f9e691017d7e6cc34dd3452a74df4c29,2026-10-06T15:36:21+00:00,257662,Haven,14478,Eintracht Frankfurt,17297,Team Liquid Academy,7,13,20,17297
2782,642125,2,emea,2026-03-21 12:00:00,12.04,https://www.vlr.gg/642125/eintracht-frankfurt-vs-team-liquid-academy-challengers-2026-emea-stage-1-a,001c1e3bd4b3a7b8c61fae928adc2c67f9e691017d7e6cc34dd3452a74df4c29,2026-10-06T15:36:21+00:00,257663,Pearl,14478,Eintracht Frankfurt,17297,Team Liquid Academy,13,5,18,14478
2782,642125,2,emea,2026-03-21 12:00:00,12.04,https://www.vlr.gg/642125/eintracht-frankfurt-vs-team-liquid-academy-challengers-2026-emea-stage-1-a,001c1e3bd4b3a7b8c61fae928adc2c67f9e691017d7e6cc34dd3452a74df4c29,2026-10-06T15:36:21+00:00,257664,Split,14478,Eintracht Frankfurt,17297,Team Liquid Academy,4,13,17,17297
2782,642134,2,emea,2026-03-21 12:00:00,12.04,https://www.vlr.gg/642134/joblife-vs-pixel-lumina-challengers-2026-emea-stage-1-c,ee74a322e91860dd1422f4557d2c0e228984e8cd1bd122dbfd09a549bba55a43,2026-10-06T15:36:21+00:00,257680,Pearl,11232,Joblife,17177,Pixel Lumina,9,13,22,17177
2782,642134,2,emea,2026-03-21 12:00:00,12.04,https://www.vlr.gg/642134/joblife-vs-pixel-lumina-challengers-2026-emea-stage-1-c,ee74a322e91860dd1422f4557d2c0e228984e8cd1bd122dbfd09a549bba55a43,2026-10-06T15:36:21+00:00,257681,Bind,11232,Joblife,17177,Pixel Lumina,13,9,22,11232
2782,642134,2,emea,2026-03-21 12:00:00,12.04,https://www.vlr.gg/642134/joblife-vs-pixel-lumina-challengers-2026-emea-stage-1-c,ee74a322e91860dd1422f4557d2c0e228984e8cd1bd122dbfd09a549bba55a43,2026-10-06T15:36:21+00:00,257682,Corrode,11232,Joblife,17177,Pixel Lumina,12,14,26,17177
2782,642130,2,emea,2026-03-21 14:30:00,12.04,https://www.vlr.gg/642130/bar-a-esports-vs-fokus-challengers-2026-emea-stage-1-b,0778a7357ad74182b0a8b96600c98e51884c76dace8674be6546a92cf73c342e,2026-10-06T15:36:22+00:00,257671,Bind,14461,Barça eSports,6882,FOKUS,13,11,24,14461
2782,642130,2,emea,2026-03-21 14:30:00,12.04,https://www.vlr.gg/642130/bar-a-esports-vs-fokus-challengers-2026-emea-stage-1-b,0778a7357ad74182b0a8b96600c98e51884c76dace8674be6546a92cf73c342e,2026-10-06T15:36:22+00:00,257672,Pearl,14461,Barça eSports,6882,FOKUS,12,14,26,6882
2782,642130,2,emea,2026-03-21 14:30:00,12.04,https://www.vlr.gg/642130/bar-a-esports-vs-fokus-challengers-2026-emea-stage-1-b,0778a7357ad74182b0a8b96600c98e51884c76dace8674be6546a92cf73c342e,2026-10-06T15:36:22+00:00,257673,Split,14461,Barça eSports,6882,FOKUS,8,13,21,6882
2782,642142,2,emea,2026-03-21 14:30:00,12.04,https://www.vlr.gg/642142/mandatory-vs-gng-esports-challengers-2026-emea-stage-1-d,0478c27aa2474b2b2b6683b0c38cf1449c09f37231ff29bd5d5ad5a9108fb269,2026-10-06T15:36:23+00:00,257698,Haven,7967,Mandatory,11856,GnG Esports,13,4,17,7967
2782,642142,2,emea,2026-03-21 14:30:00,12.04,https://www.vlr.gg/642142/mandatory-vs-gng-esports-challengers-2026-emea-stage-1-d,0478c27aa2474b2b2b6683b0c38cf1449c09f37231ff29bd5d5ad5a9108fb269,2026-10-06T15:36:23+00:00,257699,Corrode,7967,Mandatory,11856,GnG Esports,13,2,15,7967
2782,642143,2,emea,2026-03-22 12:00:00,12.04,https://www.vlr.gg/642143/s2g-esports-vs-mandatory-challengers-2026-emea-stage-1-d,31372f36c7d3b6bd3001d88791e8c859122cce198371353fe960cb87c33566e7,2026-10-06T15:36:24+00:00,257701,Breeze,9077,S2G Esports,7967,Mandatory,8,13,21,7967
2782,642143,2,emea,2026-03-22 12:00:00,12.04,https://www.vlr.gg/642143/s2g-esports-vs-mandatory-challengers-2026-emea-stage-1-d,31372f36c7d3b6bd3001d88791e8c859122cce198371353fe960cb87c33566e7,2026-10-06T15:36:24+00:00,257702,Pearl,9077,S2G Esports,7967,Mandatory,10,13,23,7967
2782,642136,2,emea,2026-03-22 12:30:00,12.04,https://www.vlr.gg/642136/ucam-esports-club-vs-joblife-challengers-2026-emea-stage-1-c,7bf21c7208a2a37fc226c67bd4025a17eb8c572cb61d47b205e611af56d43fe2,2026-10-06T15:36:25+00:00,257686,Abyss,4616,UCAM Esports Club,11232,Joblife,13,4,17,4616
2782,642136,2,emea,2026-03-22 12:30:00,12.04,https://www.vlr.gg/642136/ucam-esports-club-vs-joblife-challengers-2026-emea-stage-1-c,7bf21c7208a2a37fc226c67bd4025a17eb8c572cb61d47b205e611af56d43fe2,2026-10-06T15:36:25+00:00,257687,Haven,4616,UCAM Esports Club,11232,Joblife,13,9,22,4616
2782,642144,2,emea,2026-03-22 14:30:00,12.04,https://www.vlr.gg/642144/gng-esports-vs-mir-challengers-2026-emea-stage-1-d,95cd6df561d8c2a08a0fba4c91448d4e2dfe05d883c44a790ecff0e2607ac2c2,2026-10-06T15:36:27+00:00,257704,Bind,11856,GnG Esports,17945,MIR,13,9,22,11856
2782,642144,2,emea,2026-03-22 14:30:00,12.04,https://www.vlr.gg/642144/gng-esports-vs-mir-challengers-2026-emea-stage-1-d,95cd6df561d8c2a08a0fba4c91448d4e2dfe05d883c44a790ecff0e2607ac2c2,2026-10-06T15:36:27+00:00,257705,Abyss,11856,GnG Esports,17945,MIR,6,13,19,17945
2782,642144,2,emea,2026-03-22 14:30:00,12.04,https://www.vlr.gg/642144/gng-esports-vs-mir-challengers-2026-emea-stage-1-d,95cd6df561d8c2a08a0fba4c91448d4e2dfe05d883c44a790ecff0e2607ac2c2,2026-10-06T15:36:27+00:00,257706,Split,11856,GnG Esports,17945,MIR,13,10,23,11856
2782,642145,2,emea,2026-03-23 12:00:00,12.04,https://www.vlr.gg/642145/s2g-esports-vs-gng-esports-challengers-2026-emea-stage-1-d,858aa3815f3d60267bbd69129b7baaeeb08e0901a437fef97726d8e062fca362,2026-10-06T15:36:28+00:00,257707,Split,9077,S2G Esports,11856,GnG Esports,13,7,20,9077
2782,642145,2,emea,2026-03-23 12:00:00,12.04,https://www.vlr.gg/642145/s2g-esports-vs-gng-esports-challengers-2026-emea-stage-1-d,858aa3815f3d60267bbd69129b7baaeeb08e0901a437fef97726d8e062fca362,2026-10-06T15:36:28+00:00,257708,Haven,9077,S2G Esports,11856,GnG Esports,13,6,19,9077
2857,645242,2,americas,2026-03-23 16:00:00,12.05,https://www.vlr.gg/645242/shopify-rebellion-black-vs-rose-challengers-2026-north-america-ace-stage-2-r1,5dca7ae53b2c814994b4c8dd2b88ba21b8201c780733a80884b3b0c7cc3344e5,2026-10-06T15:37:32+00:00,258547,Breeze,9353,Shopify Rebellion Black,11648,ROSE,13,7,20,9353
2857,645242,2,americas,2026-03-23 16:00:00,12.05,https://www.vlr.gg/645242/shopify-rebellion-black-vs-rose-challengers-2026-north-america-ace-stage-2-r1,5dca7ae53b2c814994b4c8dd2b88ba21b8201c780733a80884b3b0c7cc3344e5,2026-10-06T15:37:32+00:00,258548,Split,9353,Shopify Rebellion Black,11648,ROSE,13,6,19,9353
2857,645243,2,americas,2026-03-23 16:00:00,12.05,https://www.vlr.gg/645243/m80-vs-pigeons-challengers-2026-north-america-ace-stage-2-r1,7b8e1d8a281b328fb51b6583d26588b0e4db79f7f53c400280a54efb8456add5,2026-10-06T15:37:33+00:00,258550,Fracture,11001,M80,16910,Pigeons,13,9,22,11001
2857,645243,2,americas,2026-03-23 16:00:00,12.05,https://www.vlr.gg/645243/m80-vs-pigeons-challengers-2026-north-america-ace-stage-2-r1,7b8e1d8a281b328fb51b6583d26588b0e4db79f7f53c400280a54efb8456add5,2026-10-06T15:37:33+00:00,258551,Pearl,11001,M80,16910,Pigeons,10,13,23,16910
2857,645243,2,americas,2026-03-23 16:00:00,12.05,https://www.vlr.gg/645243/m80-vs-pigeons-challengers-2026-north-america-ace-stage-2-r1,7b8e1d8a281b328fb51b6583d26588b0e4db79f7f53c400280a54efb8456add5,2026-10-06T15:37:33+00:00,258552,Lotus,11001,M80,16910,Pigeons,13,3,16,11001
2857,645244,2,americas,2026-03-23 18:10:00,12.05,https://www.vlr.gg/645244/sad-esports-vs-division-one-challengers-2026-north-america-ace-stage-2-r1,e2336ada5060e8d29750acea0b10f9d4aae058af1059a88d293f4e4dc30fe01a,2026-10-06T15:37:34+00:00,258553,Split,13920,SaD Esports,21714,Division One,13,7,20,13920
2857,645244,2,americas,2026-03-23 18:10:00,12.05,https://www.vlr.gg/645244/sad-esports-vs-division-one-challengers-2026-north-america-ace-stage-2-r1,e2336ada5060e8d29750acea0b10f9d4aae058af1059a88d293f4e4dc30fe01a,2026-10-06T15:37:34+00:00,258554,Lotus,13920,SaD Esports,21714,Division One,10,13,23,21714
2857,645244,2,americas,2026-03-23 18:10:00,12.05,https://www.vlr.gg/645244/sad-esports-vs-division-one-challengers-2026-north-america-ace-stage-2-r1,e2336ada5060e8d29750acea0b10f9d4aae058af1059a88d293f4e4dc30fe01a,2026-10-06T15:37:34+00:00,258555,Bind,13920,SaD Esports,21714,Division One,12,14,26,21714
2857,645245,2,americas,2026-03-23 18:50:00,12.05,https://www.vlr.gg/645245/sleepers-vs-nightblood-gaming-challengers-2026-north-america-ace-stage-2-r1,91d1184512f66aa39092e6a938827a9d5b26fe58ef59b989a1dd3045ea86de7a,2026-10-06T15:37:35+00:00,258556,Haven,21055,sleepers,5601,Nightblood Gaming,6,13,19,5601
2857,645245,2,americas,2026-03-23 18:50:00,12.05,https://www.vlr.gg/645245/sleepers-vs-nightblood-gaming-challengers-2026-north-america-ace-stage-2-r1,91d1184512f66aa39092e6a938827a9d5b26fe58ef59b989a1dd3045ea86de7a,2026-10-06T15:37:35+00:00,258557,Lotus,21055,sleepers,5601,Nightblood Gaming,7,13,20,5601
2857,645246,2,americas,2026-03-24 16:00:00,12.05,https://www.vlr.gg/645246/nrg-academy-vs-alliance-guardians-challengers-2026-north-america-ace-stage-2-r1,0b8a5462352dad72cbfd57bf7b3585568b6c1d0224906b4d2ba6fa2cfbe0dbf9,2026-10-06T15:37:36+00:00,258559,Fracture,21049,NRG Academy,16440,Alliance Guardians,13,1,14,21049
2857,645246,2,americas,2026-03-24 16:00:00,12.05,https://www.vlr.gg/645246/nrg-academy-vs-alliance-guardians-challengers-2026-north-america-ace-stage-2-r1,0b8a5462352dad72cbfd57bf7b3585568b6c1d0224906b4d2ba6fa2cfbe0dbf9,2026-10-06T15:37:36+00:00,258560,Bind,21049,NRG Academy,16440,Alliance Guardians,9,13,22,16440
2857,645246,2,americas,2026-03-24 16:00:00,12.05,https://www.vlr.gg/645246/nrg-academy-vs-alliance-guardians-challengers-2026-north-america-ace-stage-2-r1,0b8a5462352dad72cbfd57bf7b3585568b6c1d0224906b4d2ba6fa2cfbe0dbf9,2026-10-06T15:37:36+00:00,258561,Split,21049,NRG Academy,16440,Alliance Guardians,17,15,32,21049
2857,645247,2,americas,2026-03-24 16:00:00,12.05,https://www.vlr.gg/645247/evil-geniuses-academy-vs-azure-dragon-gaming-challengers-2026-north-america-ace-stage-2-r1,147e8e069547665f0fc442ce43d91f6c4f803c5d9d132d5c1816a3e87ea0048b,2026-10-06T15:37:36+00:00,258562,Lotus,21054,Evil Geniuses Academy,21053,Azure Dragon Gaming,10,13,23,21053
2857,645247,2,americas,2026-03-24 16:00:00,12.05,https://www.vlr.gg/645247/evil-geniuses-academy-vs-azure-dragon-gaming-challengers-2026-north-america-ace-stage-2-r1,147e8e069547665f0fc442ce43d91f6c4f803c5d9d132d5c1816a3e87ea0048b,2026-10-06T15:37:36+00:00,258563,Bind,21054,Evil Geniuses Academy,21053,Azure Dragon Gaming,9,13,22,21053
2857,645249,2,americas,2026-03-24 18:00:00,12.05,https://www.vlr.gg/645249/evictix-vs-yfp-challengers-2026-north-america-ace-stage-2-r1,cac4c530299aea352880849c6ba45a5e70dad80e91e2554b343bfa69f9b174d7,2026-10-06T15:37:37+00:00,258568,Split,19914,Evictix,5038,YFP,14,12,26,19914
2857,645249,2,americas,2026-03-24 18:00:00,12.05,https://www.vlr.gg/645249/evictix-vs-yfp-challengers-2026-north-america-ace-stage-2-r1,cac4c530299aea352880849c6ba45a5e70dad80e91e2554b343bfa69f9b174d7,2026-10-06T15:37:37+00:00,258569,Lotus,19914,Evictix,5038,YFP,8,13,21,5038
2857,645249,2,americas,2026-03-24 18:00:00,12.05,https://www.vlr.gg/645249/evictix-vs-yfp-challengers-2026-north-america-ace-stage-2-r1,cac4c530299aea352880849c6ba45a5e70dad80e91e2554b343bfa69f9b174d7,2026-10-06T15:37:37+00:00,258570,Haven,19914,Evictix,5038,YFP,6,13,19,5038
2857,645248,2,americas,2026-03-24 19:10:00,12.05,https://www.vlr.gg/645248/qor-vs-shopify-rebellion-gold-challengers-2026-north-america-ace-stage-2-r1,5085d2110b00175f072044b17b42209e0b51a46f6a2e7edc726ac96dbd0f4d10,2026-10-06T15:37:38+00:00,258565,Bind,6985,QoR,14278,Shopify Rebellion Gold,13,6,19,6985
2857,645248,2,americas,2026-03-24 19:10:00,12.05,https://www.vlr.gg/645248/qor-vs-shopify-rebellion-gold-challengers-2026-north-america-ace-stage-2-r1,5085d2110b00175f072044b17b42209e0b51a46f6a2e7edc726ac96dbd0f4d10,2026-10-06T15:37:38+00:00,258566,Haven,6985,QoR,14278,Shopify Rebellion Gold,13,9,22,6985
2857,646734,2,americas,2026-03-25 16:00:00,12.05,https://www.vlr.gg/646734/sad-esports-vs-sleepers-challengers-2026-north-america-ace-stage-2-r2-0-1,bec035ae4d0bf4b8dfca621547c1515959d5d0316763f374fefa208cdcb784a2,2026-10-06T15:37:39+00:00,259538,Split,13920,SaD Esports,21055,sleepers,4,13,17,21055
2857,646734,2,americas,2026-03-25 16:00:00,12.05,https://www.vlr.gg/646734/sad-esports-vs-sleepers-challengers-2026-north-america-ace-stage-2-r2-0-1,bec035ae4d0bf4b8dfca621547c1515959d5d0316763f374fefa208cdcb784a2,2026-10-06T15:37:39+00:00,259539,Bind,13920,SaD Esports,21055,sleepers,9,13,22,21055
2857,646735,2,americas,2026-03-25 16:00:00,12.05,https://www.vlr.gg/646735/yfp-vs-division-one-challengers-2026-north-america-ace-stage-2-r2-1-0,b6b6015e96253df1154212f88ce0ee125c990b4203aab437b3f203dd07306905,2026-10-06T15:37:40+00:00,259541,Lotus,5038,YFP,21714,Division One,13,6,19,5038
2857,646735,2,americas,2026-03-25 16:00:00,12.05,https://www.vlr.gg/646735/yfp-vs-division-one-challengers-2026-north-america-ace-stage-2-r2-1-0,b6b6015e96253df1154212f88ce0ee125c990b4203aab437b3f203dd07306905,2026-10-06T15:37:40+00:00,259542,Haven,5038,YFP,21714,Division One,13,8,21,5038
2857,646737,2,americas,2026-03-25 17:40:00,12.05,https://www.vlr.gg/646737/rose-vs-alliance-guardians-challengers-2026-north-america-ace-stage-2-r2-0-1,db860b9907594183e5174207891d2a14534eb82b7cb00aff548c9cfae76ffb15,2026-10-06T15:37:40+00:00,259547,Breeze,11648,ROSE,16440,Alliance Guardians,5,13,18,16440
2857,646737,2,americas,2026-03-25 17:40:00,12.05,https://www.vlr.gg/646737/rose-vs-alliance-guardians-challengers-2026-north-america-ace-stage-2-r2-0-1,db860b9907594183e5174207891d2a14534eb82b7cb00aff548c9cfae76ffb15,2026-10-06T15:37:40+00:00,259548,Bind,11648,ROSE,16440,Alliance Guardians,7,13,20,16440
2857,646736,2,americas,2026-03-25 18:10:00,12.05,https://www.vlr.gg/646736/evictix-vs-evil-geniuses-academy-challengers-2026-north-america-ace-stage-2-r2-0-1,759e7ec9a5b191f5f92933c43c353d8ccb2b325d107d11cb3471ecbfcf1aa7de,2026-10-06T15:37:41+00:00,259544,Haven,19914,Evictix,21054,Evil Geniuses Academy,6,13,19,21054
2857,646736,2,americas,2026-03-25 18:10:00,12.05,https://www.vlr.gg/646736/evictix-vs-evil-geniuses-academy-challengers-2026-north-america-ace-stage-2-r2-0-1,759e7ec9a5b191f5f92933c43c353d8ccb2b325d107d11cb3471ecbfcf1aa7de,2026-10-06T15:37:41+00:00,259545,Split,19914,Evictix,21054,Evil Geniuses Academy,13,10,23,19914
2857,646736,2,americas,2026-03-25 18:10:00,12.05,https://www.vlr.gg/646736/evictix-vs-evil-geniuses-academy-challengers-2026-north-america-ace-stage-2-r2-0-1,759e7ec9a5b191f5f92933c43c353d8ccb2b325d107d11cb3471ecbfcf1aa7de,2026-10-06T15:37:41+00:00,259546,Lotus,19914,Evictix,21054,Evil Geniuses Academy,11,13,24,21054
2782,642147,2,emea,2026-03-26 12:00:00,12.04,https://www.vlr.gg/642147/ucam-esports-club-vs-mandatory-challengers-2026-emea-stage-1-ubsf,6e463893ef6a43e69d6317ca6206a246835032383a8ff1c03f07580c0fd16e9e,2026-10-06T15:36:30+00:00,257710,Corrode,4616,UCAM Esports Club,7967,Mandatory,11,13,24,7967
2782,642147,2,emea,2026-03-26 12:00:00,12.04,https://www.vlr.gg/642147/ucam-esports-club-vs-mandatory-challengers-2026-emea-stage-1-ubsf,6e463893ef6a43e69d6317ca6206a246835032383a8ff1c03f07580c0fd16e9e,2026-10-06T15:36:30+00:00,257711,Bind,4616,UCAM Esports Club,7967,Mandatory,13,4,17,4616
2782,642147,2,emea,2026-03-26 12:00:00,12.04,https://www.vlr.gg/642147/ucam-esports-club-vs-mandatory-challengers-2026-emea-stage-1-ubsf,6e463893ef6a43e69d6317ca6206a246835032383a8ff1c03f07580c0fd16e9e,2026-10-06T15:36:30+00:00,257712,Pearl,4616,UCAM Esports Club,7967,Mandatory,13,11,24,4616
2782,642148,2,emea,2026-03-26 15:15:00,12.04,https://www.vlr.gg/642148/enterprise-esports-vs-misa-esports-challengers-2026-emea-stage-1-ubsf,cf0dcef558b2acddcd8f3395bffcc1be66c567c5cb585371491dbbd4221fc80d,2026-10-06T15:36:31+00:00,257713,Abyss,876,Enterprise Esports,19218,Misa Esports,15,13,28,876
2782,642148,2,emea,2026-03-26 15:15:00,12.04,https://www.vlr.gg/642148/enterprise-esports-vs-misa-esports-challengers-2026-emea-stage-1-ubsf,cf0dcef558b2acddcd8f3395bffcc1be66c567c5cb585371491dbbd4221fc80d,2026-10-06T15:36:31+00:00,257714,Haven,876,Enterprise Esports,19218,Misa Esports,9,13,22,19218
2782,642148,2,emea,2026-03-26 15:15:00,12.04,https://www.vlr.gg/642148/enterprise-esports-vs-misa-esports-challengers-2026-emea-stage-1-ubsf,cf0dcef558b2acddcd8f3395bffcc1be66c567c5cb585371491dbbd4221fc80d,2026-10-06T15:36:31+00:00,257715,Split,876,Enterprise Esports,19218,Misa Esports,13,8,21,876
2857,646738,2,americas,2026-03-26 16:00:00,12.05,https://www.vlr.gg/646738/m80-vs-shopify-rebellion-black-challengers-2026-north-america-ace-stage-2-r2-1-0,d4feefd9e87ddd8477e0cd77f2bbed01b006ace72e69dcb48d7cde4e44f45b0d,2026-10-06T15:37:42+00:00,259550,Lotus,11001,M80,9353,Shopify Rebellion Black,6,13,19,9353
2857,646738,2,americas,2026-03-26 16:00:00,12.05,https://www.vlr.gg/646738/m80-vs-shopify-rebellion-black-challengers-2026-north-america-ace-stage-2-r2-1-0,d4feefd9e87ddd8477e0cd77f2bbed01b006ace72e69dcb48d7cde4e44f45b0d,2026-10-06T15:37:42+00:00,259551,Breeze,11001,M80,9353,Shopify Rebellion Black,11,13,24,9353
2857,646739,2,americas,2026-03-26 16:00:00,12.05,https://www.vlr.gg/646739/pigeons-vs-shopify-rebellion-gold-challengers-2026-north-america-ace-stage-2-r2-0-1,1a2b429d63ecae250d37cf77e34daf2fd9b16dde4910d0215b5b7e342e07bd3e,2026-10-06T15:37:42+00:00,259553,Split,16910,Pigeons,14278,Shopify Rebellion Gold,13,7,20,16910
2857,646739,2,americas,2026-03-26 16:00:00,12.05,https://www.vlr.gg/646739/pigeons-vs-shopify-rebellion-gold-challengers-2026-north-america-ace-stage-2-r2-0-1,1a2b429d63ecae250d37cf77e34daf2fd9b16dde4910d0215b5b7e342e07bd3e,2026-10-06T15:37:42+00:00,259554,Fracture,16910,Pigeons,14278,Shopify Rebellion Gold,13,3,16,16910
2857,646741,2,americas,2026-03-26 17:40:00,12.05,https://www.vlr.gg/646741/qor-vs-nrg-academy-challengers-2026-north-america-ace-stage-2-r2-1-0,1aea643614cce1ae695937cec4811c52fc43963db7134e287324daa20867447c,2026-10-06T15:37:43+00:00,259559,Lotus,6985,QoR,21049,NRG Academy,13,11,24,6985
2857,646741,2,americas,2026-03-26 17:40:00,12.05,https://www.vlr.gg/646741/qor-vs-nrg-academy-challengers-2026-north-america-ace-stage-2-r2-1-0,1aea643614cce1ae695937cec4811c52fc43963db7134e287324daa20867447c,2026-10-06T15:37:43+00:00,259560,Bind,6985,QoR,21049,NRG Academy,10,13,23,21049
2857,646741,2,americas,2026-03-26 17:40:00,12.05,https://www.vlr.gg/646741/qor-vs-nrg-academy-challengers-2026-north-america-ace-stage-2-r2-1-0,1aea643614cce1ae695937cec4811c52fc43963db7134e287324daa20867447c,2026-10-06T15:37:43+00:00,259561,Haven,6985,QoR,21049,NRG Academy,11,13,24,21049
2857,646740,2,americas,2026-03-26 18:20:00,12.05,https://www.vlr.gg/646740/nightblood-gaming-vs-azure-dragon-gaming-challengers-2026-north-america-ace-stage-2-r2-1-0,eaaec3a902bc4ef56855b56b7f751c71c6c08a3f514827fc358f23d438acfc46,2026-10-06T15:37:44+00:00,259556,Haven,5601,Nightblood Gaming,21053,Azure Dragon Gaming,13,5,18,5601
2857,646740,2,americas,2026-03-26 18:20:00,12.05,https://www.vlr.gg/646740/nightblood-gaming-vs-azure-dragon-gaming-challengers-2026-north-america-ace-stage-2-r2-1-0,eaaec3a902bc4ef56855b56b7f751c71c6c08a3f514827fc358f23d438acfc46,2026-10-06T15:37:44+00:00,259558,Bind,5601,Nightblood Gaming,21053,Azure Dragon Gaming,7,13,20,21053
2857,646740,2,americas,2026-03-26 18:20:00,12.05,https://www.vlr.gg/646740/nightblood-gaming-vs-azure-dragon-gaming-challengers-2026-north-america-ace-stage-2-r2-1-0,eaaec3a902bc4ef56855b56b7f751c71c6c08a3f514827fc358f23d438acfc46,2026-10-06T15:37:44+00:00,259843,Lotus,5601,Nightblood Gaming,21053,Azure Dragon Gaming,6,13,19,21053
2782,642151,2,emea,2026-03-27 12:00:00,12.04,https://www.vlr.gg/642151/mandatory-vs-misa-esports-challengers-2026-emea-stage-1-lr1,75d3f6269b7dad63911bd9613f3a870752b8788035cb04dd57d57a0874a9ed76,2026-10-06T15:36:32+00:00,257724,Haven,7967,Mandatory,19218,Misa Esports,10,13,23,19218
2782,642151,2,emea,2026-03-27 12:00:00,12.04,https://www.vlr.gg/642151/mandatory-vs-misa-esports-challengers-2026-emea-stage-1-lr1,75d3f6269b7dad63911bd9613f3a870752b8788035cb04dd57d57a0874a9ed76,2026-10-06T15:36:32+00:00,257725,Breeze,7967,Mandatory,19218,Misa Esports,13,10,23,7967
2782,642151,2,emea,2026-03-27 12:00:00,12.04,https://www.vlr.gg/642151/mandatory-vs-misa-esports-challengers-2026-emea-stage-1-lr1,75d3f6269b7dad63911bd9613f3a870752b8788035cb04dd57d57a0874a9ed76,2026-10-06T15:36:32+00:00,257726,Pearl,7967,Mandatory,19218,Misa Esports,13,2,15,7967
2782,642149,2,emea,2026-03-27 15:10:00,12.04,https://www.vlr.gg/642149/ucam-esports-club-vs-enterprise-esports-challengers-2026-emea-stage-1-ubf,3e7b7350339b1534ccf20ef0cba5ddb5ed8e74c2d010e6d755d5726e8ffa3657,2026-10-06T15:36:33+00:00,257716,Split,4616,UCAM Esports Club,876,Enterprise Esports,15,17,32,876
2782,642149,2,emea,2026-03-27 15:10:00,12.04,https://www.vlr.gg/642149/ucam-esports-club-vs-enterprise-esports-challengers-2026-emea-stage-1-ubf,3e7b7350339b1534ccf20ef0cba5ddb5ed8e74c2d010e6d755d5726e8ffa3657,2026-10-06T15:36:33+00:00,257717,Abyss,4616,UCAM Esports Club,876,Enterprise Esports,17,19,36,876
2782,642152,2,emea,2026-03-28 12:00:00,12.04,https://www.vlr.gg/642152/ucam-esports-club-vs-mandatory-challengers-2026-emea-stage-1-lbf,65b6043fa4bcb8b3de42982b707f8262f008cf927de03bca1eaf864150675bf6,2026-10-06T15:36:34+00:00,257727,Abyss,4616,UCAM Esports Club,7967,Mandatory,13,11,24,4616
2782,642152,2,emea,2026-03-28 12:00:00,12.04,https://www.vlr.gg/642152/ucam-esports-club-vs-mandatory-challengers-2026-emea-stage-1-lbf,65b6043fa4bcb8b3de42982b707f8262f008cf927de03bca1eaf864150675bf6,2026-10-06T15:36:34+00:00,257728,Haven,4616,UCAM Esports Club,7967,Mandatory,7,13,20,7967
2782,642152,2,emea,2026-03-28 12:00:00,12.04,https://www.vlr.gg/642152/ucam-esports-club-vs-mandatory-challengers-2026-emea-stage-1-lbf,65b6043fa4bcb8b3de42982b707f8262f008cf927de03bca1eaf864150675bf6,2026-10-06T15:36:34+00:00,257729,Split,4616,UCAM Esports Club,7967,Mandatory,13,3,16,4616
2782,642152,2,emea,2026-03-28 12:00:00,12.04,https://www.vlr.gg/642152/ucam-esports-club-vs-mandatory-challengers-2026-emea-stage-1-lbf,65b6043fa4bcb8b3de42982b707f8262f008cf927de03bca1eaf864150675bf6,2026-10-06T15:36:34+00:00,257730,Corrode,4616,UCAM Esports Club,7967,Mandatory,13,15,28,7967
2782,642152,2,emea,2026-03-28 12:00:00,12.04,https://www.vlr.gg/642152/ucam-esports-club-vs-mandatory-challengers-2026-emea-stage-1-lbf,65b6043fa4bcb8b3de42982b707f8262f008cf927de03bca1eaf864150675bf6,2026-10-06T15:36:34+00:00,257731,Pearl,4616,UCAM Esports Club,7967,Mandatory,4,13,17,7967
2782,642150,2,emea,2026-03-29 11:00:00,12.04,https://www.vlr.gg/642150/enterprise-esports-vs-mandatory-challengers-2026-emea-stage-1-gf,04f14a6bdf162db0efeb6c66002151a527b05ebbbc2686586ff73901e87673db,2026-10-06T15:36:35+00:00,257719,Split,876,Enterprise Esports,7967,Mandatory,13,8,21,876
2782,642150,2,emea,2026-03-29 11:00:00,12.04,https://www.vlr.gg/642150/enterprise-esports-vs-mandatory-challengers-2026-emea-stage-1-gf,04f14a6bdf162db0efeb6c66002151a527b05ebbbc2686586ff73901e87673db,2026-10-06T15:36:35+00:00,257720,Haven,876,Enterprise Esports,7967,Mandatory,13,7,20,876
2782,642150,2,emea,2026-03-29 11:00:00,12.04,https://www.vlr.gg/642150/enterprise-esports-vs-mandatory-challengers-2026-emea-stage-1-gf,04f14a6bdf162db0efeb6c66002151a527b05ebbbc2686586ff73901e87673db,2026-10-06T15:36:35+00:00,257721,Bind,876,Enterprise Esports,7967,Mandatory,13,7,20,876
2857,647255,2,americas,2026-03-30 16:00:00,12.05,https://www.vlr.gg/647255/shopify-rebellion-gold-vs-sad-esports-challengers-2026-north-america-ace-stage-2-r3-0-2,1f5c4f6923faf50c74e55481d8d31dd3d656f463f79072382c6d471ecd99bf8c,2026-10-06T15:37:44+00:00,259819,Bind,14278,Shopify Rebellion Gold,13920,SaD Esports,10,13,23,13920
2857,647255,2,americas,2026-03-30 16:00:00,12.05,https://www.vlr.gg/647255/shopify-rebellion-gold-vs-sad-esports-challengers-2026-north-america-ace-stage-2-r3-0-2,1f5c4f6923faf50c74e55481d8d31dd3d656f463f79072382c6d471ecd99bf8c,2026-10-06T15:37:44+00:00,259820,Haven,14278,Shopify Rebellion Gold,13920,SaD Esports,10,13,23,13920
2857,647256,2,americas,2026-03-30 16:00:00,12.05,https://www.vlr.gg/647256/rose-vs-evictix-challengers-2026-north-america-ace-stage-2-r3-0-2,ee4a3475f8204ebc71e9d8b277806aa9a6e54175c5a24533623a22ef4cd315dd,2026-10-06T15:37:45+00:00,259822,Lotus,11648,ROSE,19914,Evictix,7,13,20,19914
2857,647256,2,americas,2026-03-30 16:00:00,12.05,https://www.vlr.gg/647256/rose-vs-evictix-challengers-2026-north-america-ace-stage-2-r3-0-2,ee4a3475f8204ebc71e9d8b277806aa9a6e54175c5a24533623a22ef4cd315dd,2026-10-06T15:37:45+00:00,259823,Bind,11648,ROSE,19914,Evictix,6,13,19,19914
2857,647258,2,americas,2026-03-30 18:05:00,12.05,https://www.vlr.gg/647258/flyquest-vs-division-one-challengers-2026-north-america-ace-stage-2-r3-1-1,a13bdb4ca26802902a6949db06e5faf8cc6c48912660f85748f34c5d166972fd,2026-10-06T15:37:46+00:00,259828,Pearl,21838,FlyQuest,21714,Division One,13,7,20,21838
2857,647258,2,americas,2026-03-30 18:05:00,12.05,https://www.vlr.gg/647258/flyquest-vs-division-one-challengers-2026-north-america-ace-stage-2-r3-1-1,a13bdb4ca26802902a6949db06e5faf8cc6c48912660f85748f34c5d166972fd,2026-10-06T15:37:46+00:00,259829,Haven,21838,FlyQuest,21714,Division One,13,10,23,21838
2857,647257,2,americas,2026-03-30 18:35:00,12.05,https://www.vlr.gg/647257/qor-vs-pigeons-challengers-2026-north-america-ace-stage-2-r3-1-1,8b186ef365de7b67227dd253017078b445d22dcd0fe3198b89a6a1c984930d2f,2026-10-06T15:37:47+00:00,259825,Lotus,6985,QoR,16910,Pigeons,15,13,28,6985
2857,647257,2,americas,2026-03-30 18:35:00,12.05,https://www.vlr.gg/647257/qor-vs-pigeons-challengers-2026-north-america-ace-stage-2-r3-1-1,8b186ef365de7b67227dd253017078b445d22dcd0fe3198b89a6a1c984930d2f,2026-10-06T15:37:47+00:00,259826,Haven,6985,QoR,16910,Pigeons,12,14,26,16910
2857,647257,2,americas,2026-03-30 18:35:00,12.05,https://www.vlr.gg/647257/qor-vs-pigeons-challengers-2026-north-america-ace-stage-2-r3-1-1,8b186ef365de7b67227dd253017078b445d22dcd0fe3198b89a6a1c984930d2f,2026-10-06T15:37:47+00:00,259827,Breeze,6985,QoR,16910,Pigeons,13,2,15,6985
2864,642914,1,china,2026-03-31 05:00:00,,https://www.vlr.gg/642914/titan-esports-club-vs-all-gamers-vct-2026-china-stage-1-w1,0aec9444a1cb6109f0065b85b63a44c0821b114b9a03823d24c9accb6fc9aefb,2026-10-06T15:40:23+00:00,257925,Lotus,14137,Wuxi Titan Esports Club (Titan Esports Club),1119,All Gamers,7,13,20,1119
2864,642914,1,china,2026-03-31 05:00:00,,https://www.vlr.gg/642914/titan-esports-club-vs-all-gamers-vct-2026-china-stage-1-w1,0aec9444a1cb6109f0065b85b63a44c0821b114b9a03823d24c9accb6fc9aefb,2026-10-06T15:40:23+00:00,257926,Bind,14137,Wuxi Titan Esports Club (Titan Esports Club),1119,All Gamers,13,8,21,14137
2864,642914,1,china,2026-03-31 05:00:00,,https://www.vlr.gg/642914/titan-esports-club-vs-all-gamers-vct-2026-china-stage-1-w1,0aec9444a1cb6109f0065b85b63a44c0821b114b9a03823d24c9accb6fc9aefb,2026-10-06T15:40:23+00:00,257927,Breeze,14137,Wuxi Titan Esports Club (Titan Esports Club),1119,All Gamers,13,15,28,1119
2864,642915,1,china,2026-03-31 08:30:00,,https://www.vlr.gg/642915/nova-esports-vs-edward-gaming-vct-2026-china-stage-1-w1,f31d7579dc6fe21a326e24ee953255c2e1f11fda8cd584941bf0d108040b3001,2026-10-06T15:40:24+00:00,257928,Fracture,12064,Nova Esports,1120,EDward Gaming,2,13,15,1120
2864,642915,1,china,2026-03-31 08:30:00,,https://www.vlr.gg/642915/nova-esports-vs-edward-gaming-vct-2026-china-stage-1-w1,f31d7579dc6fe21a326e24ee953255c2e1f11fda8cd584941bf0d108040b3001,2026-10-06T15:40:24+00:00,257929,Breeze,12064,Nova Esports,1120,EDward Gaming,3,13,16,1120
2857,647259,2,americas,2026-03-31 16:00:00,12.05,https://www.vlr.gg/647259/evil-geniuses-academy-vs-m80-challengers-2026-north-america-ace-stage-2-r3-1-1,e456dfaaf4f6f47f72b9e5ed33a4382527792a76a2ff9ff4cbf7cebbd8f1a500,2026-10-06T15:37:48+00:00,259831,Haven,21054,Evil Geniuses Academy,11001,M80,8,13,21,11001
2857,647259,2,americas,2026-03-31 16:00:00,12.05,https://www.vlr.gg/647259/evil-geniuses-academy-vs-m80-challengers-2026-north-america-ace-stage-2-r3-1-1,e456dfaaf4f6f47f72b9e5ed33a4382527792a76a2ff9ff4cbf7cebbd8f1a500,2026-10-06T15:37:48+00:00,259832,Lotus,21054,Evil Geniuses Academy,11001,M80,13,8,21,21054
2857,647259,2,americas,2026-03-31 16:00:00,12.05,https://www.vlr.gg/647259/evil-geniuses-academy-vs-m80-challengers-2026-north-america-ace-stage-2-r3-1-1,e456dfaaf4f6f47f72b9e5ed33a4382527792a76a2ff9ff4cbf7cebbd8f1a500,2026-10-06T15:37:48+00:00,259833,Pearl,21054,Evil Geniuses Academy,11001,M80,9,13,22,11001
2857,647260,2,americas,2026-03-31 16:00:00,12.05,https://www.vlr.gg/647260/azure-dragon-gaming-vs-shopify-rebellion-black-challengers-2026-north-america-ace-stage-2-r3-2,7bd2007ed7f991ff70011cdaa58c57139435d061113f33ff6709e29cf404368b,2026-10-06T15:37:48+00:00,259834,Lotus,21053,Azure Dragon Gaming,9353,Shopify Rebellion Black,14,12,26,21053
2857,647260,2,americas,2026-03-31 16:00:00,12.05,https://www.vlr.gg/647260/azure-dragon-gaming-vs-shopify-rebellion-black-challengers-2026-north-america-ace-stage-2-r3-2,7bd2007ed7f991ff70011cdaa58c57139435d061113f33ff6709e29cf404368b,2026-10-06T15:37:48+00:00,259835,Haven,21053,Azure Dragon Gaming,9353,Shopify Rebellion Black,13,7,20,21053
2857,647262,2,americas,2026-03-31 18:00:00,12.05,https://www.vlr.gg/647262/nightblood-gaming-vs-alliance-guardians-challengers-2026-north-america-ace-stage-2-r3-1-1,e9ee72d5204d08eef285a5234d05670b08a5ddd0bfca665135fce7750ae5961a,2026-10-06T15:37:49+00:00,259840,Bind,5601,Nightblood Gaming,16440,Alliance Guardians,11,13,24,16440
2857,647262,2,americas,2026-03-31 18:00:00,12.05,https://www.vlr.gg/647262/nightblood-gaming-vs-alliance-guardians-challengers-2026-north-america-ace-stage-2-r3-1-1,e9ee72d5204d08eef285a5234d05670b08a5ddd0bfca665135fce7750ae5961a,2026-10-06T15:37:49+00:00,259841,Pearl,5601,Nightblood Gaming,16440,Alliance Guardians,13,6,19,5601
2857,647262,2,americas,2026-03-31 18:00:00,12.05,https://www.vlr.gg/647262/nightblood-gaming-vs-alliance-guardians-challengers-2026-north-america-ace-stage-2-r3-1-1,e9ee72d5204d08eef285a5234d05670b08a5ddd0bfca665135fce7750ae5961a,2026-10-06T15:37:49+00:00,259842,Split,5601,Nightblood Gaming,16440,Alliance Guardians,10,13,23,16440
2857,647261,2,americas,2026-03-31 19:15:00,12.05,https://www.vlr.gg/647261/yfp-vs-nrg-academy-challengers-2026-north-america-ace-stage-2-r3-2-0,a9e9f52f3df04d8609a72ceaafa706a49dd16aaf13a3fdf59ba01af0ab7c3e84,2026-10-06T15:37:50+00:00,259837,Bind,5038,YFP,21049,NRG Academy,12,14,26,21049
2857,647261,2,americas,2026-03-31 19:15:00,12.05,https://www.vlr.gg/647261/yfp-vs-nrg-academy-challengers-2026-north-america-ace-stage-2-r3-2-0,a9e9f52f3df04d8609a72ceaafa706a49dd16aaf13a3fdf59ba01af0ab7c3e84,2026-10-06T15:37:50+00:00,259838,Lotus,5038,YFP,21049,NRG Academy,13,2,15,5038
2857,647261,2,americas,2026-03-31 19:15:00,12.05,https://www.vlr.gg/647261/yfp-vs-nrg-academy-challengers-2026-north-america-ace-stage-2-r3-2-0,a9e9f52f3df04d8609a72ceaafa706a49dd16aaf13a3fdf59ba01af0ab7c3e84,2026-10-06T15:37:50+00:00,259839,Haven,5038,YFP,21049,NRG Academy,13,11,24,5038
2934,653018,2,china,2026-04-01 02:00:00,,https://www.vlr.gg/653018/ace-vs-octagonal-disposition-gaming-china-national-tournament-2026-split-alpha-pro-division-w1,1099999d8eb812275a50e3d9560787fde0e664ee458c6feb6c56e5b43c7d4768,2026-10-06T15:41:26+00:00,262427,Pearl,21918,ACE,12785,Octagonal Disposition Gaming,13,10,23,21918
2934,653018,2,china,2026-04-01 02:00:00,,https://www.vlr.gg/653018/ace-vs-octagonal-disposition-gaming-china-national-tournament-2026-split-alpha-pro-division-w1,1099999d8eb812275a50e3d9560787fde0e664ee458c6feb6c56e5b43c7d4768,2026-10-06T15:41:26+00:00,262428,Haven,21918,ACE,12785,Octagonal Disposition Gaming,2,13,15,12785
2934,653018,2,china,2026-04-01 02:00:00,,https://www.vlr.gg/653018/ace-vs-octagonal-disposition-gaming-china-national-tournament-2026-split-alpha-pro-division-w1,1099999d8eb812275a50e3d9560787fde0e664ee458c6feb6c56e5b43c7d4768,2026-10-06T15:41:26+00:00,262429,Bind,21918,ACE,12785,Octagonal Disposition Gaming,9,13,22,12785
2934,653019,2,china,2026-04-01 04:00:00,,https://www.vlr.gg/653019/ever-growing-gaming-vs-keepbest-gaming-china-national-tournament-2026-split-alpha-pro-division-w,7f85bef0db17eba52c118138188907366fc91fa356341b0da817e103e30609a5,2026-10-06T15:41:27+00:00,262430,Haven,20604,Ever Growing Gaming,12784,KeepBest Gaming,6,13,19,12784
2934,653019,2,china,2026-04-01 04:00:00,,https://www.vlr.gg/653019/ever-growing-gaming-vs-keepbest-gaming-china-national-tournament-2026-split-alpha-pro-division-w,7f85bef0db17eba52c118138188907366fc91fa356341b0da817e103e30609a5,2026-10-06T15:41:27+00:00,262431,Fracture,20604,Ever Growing Gaming,12784,KeepBest Gaming,13,11,24,20604
2934,653019,2,china,2026-04-01 04:00:00,,https://www.vlr.gg/653019/ever-growing-gaming-vs-keepbest-gaming-china-national-tournament-2026-split-alpha-pro-division-w,7f85bef0db17eba52c118138188907366fc91fa356341b0da817e103e30609a5,2026-10-06T15:41:27+00:00,262432,Lotus,20604,Ever Growing Gaming,12784,KeepBest Gaming,5,13,18,12784
2864,642916,1,china,2026-04-01 05:00:00,,https://www.vlr.gg/642916/jdg-esports-vs-funplus-phoenix-vct-2026-china-stage-1-w1,ddcd880cb560bf821393c79d1fb4787ba3d9a64851d645c05ca7c5a6cdea5d6d,2026-10-06T15:40:25+00:00,257931,Lotus,13576,JD Mall JDG Esports (JD Gaming),11328,FunPlus Phoenix,13,8,21,13576
2864,642916,1,china,2026-04-01 05:00:00,,https://www.vlr.gg/642916/jdg-esports-vs-funplus-phoenix-vct-2026-china-stage-1-w1,ddcd880cb560bf821393c79d1fb4787ba3d9a64851d645c05ca7c5a6cdea5d6d,2026-10-06T15:40:25+00:00,257933,Split,13576,JD Mall JDG Esports (JD Gaming),11328,FunPlus Phoenix,13,7,20,13576
2864,642916,1,china,2026-04-01 05:00:00,,https://www.vlr.gg/642916/jdg-esports-vs-funplus-phoenix-vct-2026-china-stage-1-w1,ddcd880cb560bf821393c79d1fb4787ba3d9a64851d645c05ca7c5a6cdea5d6d,2026-10-06T15:40:25+00:00,260852,Pearl,13576,JD Mall JDG Esports (JD Gaming),11328,FunPlus Phoenix,7,13,20,11328
2934,653020,2,china,2026-04-01 07:00:00,,https://www.vlr.gg/653020/ambitious-legend-gaming-vs-havoc-yonder-china-national-tournament-2026-split-alpha-pro-divisio,e5deb0a3313044b608c55db636d5ceba38e3a3514aeff10c984eeed85bceb767,2026-10-06T15:41:27+00:00,262433,Split,15893,Ambitious Legend Gaming,21917,Havoc & Yonder Gaming,13,11,24,15893
2934,653020,2,china,2026-04-01 07:00:00,,https://www.vlr.gg/653020/ambitious-legend-gaming-vs-havoc-yonder-china-national-tournament-2026-split-alpha-pro-divisio,e5deb0a3313044b608c55db636d5ceba38e3a3514aeff10c984eeed85bceb767,2026-10-06T15:41:27+00:00,262434,Fracture,15893,Ambitious Legend Gaming,21917,Havoc & Yonder Gaming,1,13,14,21917
2934,653020,2,china,2026-04-01 07:00:00,,https://www.vlr.gg/653020/ambitious-legend-gaming-vs-havoc-yonder-china-national-tournament-2026-split-alpha-pro-divisio,e5deb0a3313044b608c55db636d5ceba38e3a3514aeff10c984eeed85bceb767,2026-10-06T15:41:27+00:00,262435,Bind,15893,Ambitious Legend Gaming,21917,Havoc & Yonder Gaming,13,11,24,15893
2864,642917,1,china,2026-04-01 08:10:00,,https://www.vlr.gg/642917/dragon-ranger-gaming-vs-xi-lai-gaming-vct-2026-china-stage-1-w1,1ab39b5075fd4e35ad95617c88fc8c0c3ea2904c6edeae9c39f798faf2a89a4d,2026-10-06T15:40:26+00:00,257934,Lotus,11981,Dragon Ranger Gaming,13581,Xi Lai Gaming,4,13,17,13581
2864,642917,1,china,2026-04-01 08:10:00,,https://www.vlr.gg/642917/dragon-ranger-gaming-vs-xi-lai-gaming-vct-2026-china-stage-1-w1,1ab39b5075fd4e35ad95617c88fc8c0c3ea2904c6edeae9c39f798faf2a89a4d,2026-10-06T15:40:26+00:00,257935,Bind,11981,Dragon Ranger Gaming,13581,Xi Lai Gaming,11,13,24,13581
2863,644709,1,emea,2026-04-01 11:00:00,12.05,https://www.vlr.gg/644709/fnatic-vs-eternal-fire-vct-2026-emea-stage-1-w1,8454b625d34385388e63313350149f77d31a5649309ad8e67a70508457cb8ade,2026-10-06T15:39:44+00:00,258339,Breeze,2593,FNATIC,6392,Eternal Fire,14,12,26,2593
2863,644709,1,emea,2026-04-01 11:00:00,12.05,https://www.vlr.gg/644709/fnatic-vs-eternal-fire-vct-2026-emea-stage-1-w1,8454b625d34385388e63313350149f77d31a5649309ad8e67a70508457cb8ade,2026-10-06T15:39:44+00:00,258340,Bind,2593,FNATIC,6392,Eternal Fire,15,17,32,6392
2863,644709,1,emea,2026-04-01 11:00:00,12.05,https://www.vlr.gg/644709/fnatic-vs-eternal-fire-vct-2026-emea-stage-1-w1,8454b625d34385388e63313350149f77d31a5649309ad8e67a70508457cb8ade,2026-10-06T15:39:44+00:00,258341,Lotus,2593,FNATIC,6392,Eternal Fire,13,2,15,2593
2863,644710,1,emea,2026-04-01 14:35:00,12.05,https://www.vlr.gg/644710/team-liquid-vs-karmine-corp-vct-2026-emea-stage-1-w1,034fd3ce11b82185d3363353c65fecd96f7f4c2e2b427def1399ddc488a5f108,2026-10-06T15:39:45+00:00,258342,Haven,474,Team Liquid,8877,Karmine Corp,13,10,23,474
2863,644710,1,emea,2026-04-01 14:35:00,12.05,https://www.vlr.gg/644710/team-liquid-vs-karmine-corp-vct-2026-emea-stage-1-w1,034fd3ce11b82185d3363353c65fecd96f7f4c2e2b427def1399ddc488a5f108,2026-10-06T15:39:45+00:00,258343,Pearl,474,Team Liquid,8877,Karmine Corp,13,7,20,474
2934,653021,2,china,2026-04-02 02:00:00,,https://www.vlr.gg/653021/weibo-gaming-vs-valenix-china-national-tournament-2026-split-alpha-pro-division-w1,6c6050b783fab2b246b5e2c698bf722cb1b45e6f1efac0d49f8f263fa09a50a6,2026-10-06T15:41:28+00:00,262436,Lotus,1224,Weibo Gaming,21920,Valenix,13,3,16,1224
2934,653021,2,china,2026-04-02 02:00:00,,https://www.vlr.gg/653021/weibo-gaming-vs-valenix-china-national-tournament-2026-split-alpha-pro-division-w1,6c6050b783fab2b246b5e2c698bf722cb1b45e6f1efac0d49f8f263fa09a50a6,2026-10-06T15:41:28+00:00,262437,Pearl,1224,Weibo Gaming,21920,Valenix,13,9,22,1224
2934,653022,2,china,2026-04-02 04:00:00,,https://www.vlr.gg/653022/any-questions-gaming-vs-a-team-china-national-tournament-2026-split-alpha-pro-division-w1,21bbcf8b5dfc155ad4b9559d84700aad4cd823c6d7807a229729928182c6a53c,2026-10-06T15:41:29+00:00,262439,Lotus,19531,Any Questions Gaming,20603,A Team,5,13,18,20603
2934,653022,2,china,2026-04-02 04:00:00,,https://www.vlr.gg/653022/any-questions-gaming-vs-a-team-china-national-tournament-2026-split-alpha-pro-division-w1,21bbcf8b5dfc155ad4b9559d84700aad4cd823c6d7807a229729928182c6a53c,2026-10-06T15:41:29+00:00,262440,Bind,19531,Any Questions Gaming,20603,A Team,13,4,17,19531
2864,642918,1,china,2026-04-02 05:00:00,,https://www.vlr.gg/642918/wolves-esports-vs-trace-esports-vct-2026-china-stage-1-w1,b4344aa9e99d872a62289cd02c7460036af9ba1df91648ab40e4dfbc3b3050eb,2026-10-06T15:40:27+00:00,257937,Lotus,13790,Wolves Esports,12685,Trace Esports,9,13,22,12685
2864,642918,1,china,2026-04-02 05:00:00,,https://www.vlr.gg/642918/wolves-esports-vs-trace-esports-vct-2026-china-stage-1-w1,b4344aa9e99d872a62289cd02c7460036af9ba1df91648ab40e4dfbc3b3050eb,2026-10-06T15:40:27+00:00,257938,Bind,13790,Wolves Esports,12685,Trace Esports,8,13,21,12685
2934,653023,2,china,2026-04-02 07:00:00,,https://www.vlr.gg/653023/rare-atom-vs-unsettled-resentment-china-national-tournament-2026-split-alpha-pro-division-w1,293e8b198f62361f8d935f2511974b24ead783a06fb78d4eb3d6d3f6b6443b0c,2026-10-06T15:41:29+00:00,262442,Split,11985,Rare Atom,21919,Unsettled Resentment,9,13,22,21919
2934,653023,2,china,2026-04-02 07:00:00,,https://www.vlr.gg/653023/rare-atom-vs-unsettled-resentment-china-national-tournament-2026-split-alpha-pro-division-w1,293e8b198f62361f8d935f2511974b24ead783a06fb78d4eb3d6d3f6b6443b0c,2026-10-06T15:41:29+00:00,262443,Lotus,11985,Rare Atom,21919,Unsettled Resentment,13,5,18,11985
2934,653023,2,china,2026-04-02 07:00:00,,https://www.vlr.gg/653023/rare-atom-vs-unsettled-resentment-china-national-tournament-2026-split-alpha-pro-division-w1,293e8b198f62361f8d935f2511974b24ead783a06fb78d4eb3d6d3f6b6443b0c,2026-10-06T15:41:29+00:00,262444,Fracture,11985,Rare Atom,21919,Unsettled Resentment,13,9,22,11985
2864,642919,1,china,2026-04-02 07:30:00,,https://www.vlr.gg/642919/bilibili-gaming-vs-tyloo-vct-2026-china-stage-1-w1,dc20dc8e7fafae91f82db0bc0d7db114a33ec7998377b4186cf55054d9a78ea7,2026-10-06T15:40:28+00:00,257940,Bind,12010,Guangzhou Huadu Bilibili Gaming (Bilibili Gaming),731,TYLOO,7,13,20,731
2864,642919,1,china,2026-04-02 07:30:00,,https://www.vlr.gg/642919/bilibili-gaming-vs-tyloo-vct-2026-china-stage-1-w1,dc20dc8e7fafae91f82db0bc0d7db114a33ec7998377b4186cf55054d9a78ea7,2026-10-06T15:40:28+00:00,257941,Pearl,12010,Guangzhou Huadu Bilibili Gaming (Bilibili Gaming),731,TYLOO,13,3,16,12010
2864,642919,1,china,2026-04-02 07:30:00,,https://www.vlr.gg/642919/bilibili-gaming-vs-tyloo-vct-2026-china-stage-1-w1,dc20dc8e7fafae91f82db0bc0d7db114a33ec7998377b4186cf55054d9a78ea7,2026-10-06T15:40:28+00:00,257942,Breeze,12010,Guangzhou Huadu Bilibili Gaming (Bilibili Gaming),731,TYLOO,8,13,21,731
2863,644711,1,emea,2026-04-02 11:00:00,12.05,https://www.vlr.gg/644711/team-vitality-vs-giantx-vct-2026-emea-stage-1-w1,063189214adf75f261861a3b0db5959254521bb92b454a4dc0ccb3b251475042,2026-10-06T15:39:46+00:00,258345,Haven,2059,Team Vitality,14419,GIANTX,13,8,21,2059
2863,644711,1,emea,2026-04-02 11:00:00,12.05,https://www.vlr.gg/644711/team-vitality-vs-giantx-vct-2026-emea-stage-1-w1,063189214adf75f261861a3b0db5959254521bb92b454a4dc0ccb3b251475042,2026-10-06T15:39:46+00:00,258346,Pearl,2059,Team Vitality,14419,GIANTX,13,3,16,2059
2863,644712,1,emea,2026-04-02 13:05:00,12.05,https://www.vlr.gg/644712/gentle-mates-vs-fut-esports-vct-2026-emea-stage-1-w1,8c2b986cc58608ccac8c930d34c54ced0028ca4e7b1fa26f7617cdc82cd12375,2026-10-06T15:39:47+00:00,258348,Pearl,12694,Gentle Mates,1184,FUT Esports,13,10,23,12694
2863,644712,1,emea,2026-04-02 13:05:00,12.05,https://www.vlr.gg/644712/gentle-mates-vs-fut-esports-vct-2026-emea-stage-1-w1,8c2b986cc58608ccac8c930d34c54ced0028ca4e7b1fa26f7617cdc82cd12375,2026-10-06T15:39:47+00:00,258349,Bind,12694,Gentle Mates,1184,FUT Esports,8,13,21,1184
2863,644712,1,emea,2026-04-02 13:05:00,12.05,https://www.vlr.gg/644712/gentle-mates-vs-fut-esports-vct-2026-emea-stage-1-w1,8c2b986cc58608ccac8c930d34c54ced0028ca4e7b1fa26f7617cdc82cd12375,2026-10-06T15:39:47+00:00,258350,Haven,12694,Gentle Mates,1184,FUT Esports,6,13,19,1184
2934,653024,2,china,2026-04-03 02:00:00,,https://www.vlr.gg/653024/victory-no-limits-gaming-vs-ace-china-national-tournament-2026-split-alpha-pro-division-w1,b747346a9a42901366efc17609c2fc37c0bdf4803ed91e241ef449bd15a0e011,2026-10-06T15:41:30+00:00,262445,Lotus,20082,Victory No Limits Gaming GC,21918,ACE,12,14,26,21918
2934,653024,2,china,2026-04-03 02:00:00,,https://www.vlr.gg/653024/victory-no-limits-gaming-vs-ace-china-national-tournament-2026-split-alpha-pro-division-w1,b747346a9a42901366efc17609c2fc37c0bdf4803ed91e241ef449bd15a0e011,2026-10-06T15:41:30+00:00,262446,Bind,20082,Victory No Limits Gaming GC,21918,ACE,13,7,20,20082
2934,653024,2,china,2026-04-03 02:00:00,,https://www.vlr.gg/653024/victory-no-limits-gaming-vs-ace-china-national-tournament-2026-split-alpha-pro-division-w1,b747346a9a42901366efc17609c2fc37c0bdf4803ed91e241ef449bd15a0e011,2026-10-06T15:41:30+00:00,262447,Split,20082,Victory No Limits Gaming GC,21918,ACE,13,8,21,20082
2775,644652,1,pacific,2026-04-03 04:00:00,12.05,https://www.vlr.gg/644652/gen-g-vs-global-esports-vct-2026-pacific-stage-1-w1,5e0121d2143800ec953d0cd73c5bdabe354fa065540990d8626c1685a8e8c201,2026-10-06T15:35:32+00:00,258249,Bind,17,Gen.G,918,Global Esports,8,13,21,918
2775,644652,1,pacific,2026-04-03 04:00:00,12.05,https://www.vlr.gg/644652/gen-g-vs-global-esports-vct-2026-pacific-stage-1-w1,5e0121d2143800ec953d0cd73c5bdabe354fa065540990d8626c1685a8e8c201,2026-10-06T15:35:32+00:00,258250,Split,17,Gen.G,918,Global Esports,4,13,17,918
2934,653025,2,china,2026-04-03 04:00:00,,https://www.vlr.gg/653025/world-sports-invictus-gaming-vs-ever-growing-gaming-china-national-tournament-2026-split-alpha-p,ec175c0d7ee750fe0f9aca897c05808bee64b440d328c08c041296fe93069680,2026-10-06T15:41:31+00:00,262448,Fracture,21699,World Sports Invictus Gaming,20604,Ever Growing Gaming,9,13,22,20604
2934,653025,2,china,2026-04-03 04:00:00,,https://www.vlr.gg/653025/world-sports-invictus-gaming-vs-ever-growing-gaming-china-national-tournament-2026-split-alpha-p,ec175c0d7ee750fe0f9aca897c05808bee64b440d328c08c041296fe93069680,2026-10-06T15:41:31+00:00,262449,Haven,21699,World Sports Invictus Gaming,20604,Ever Growing Gaming,9,13,22,20604
2864,642920,1,china,2026-04-03 05:00:00,,https://www.vlr.gg/642920/dragon-ranger-gaming-vs-nova-esports-vct-2026-china-stage-1-w1,f4610c741ff21ca85559d7c886fe03b65c8b6200754431ffeb0a6e04f5ba995a,2026-10-06T15:40:29+00:00,257943,Breeze,11981,Dragon Ranger Gaming,12064,Nova Esports,13,5,18,11981
2864,642920,1,china,2026-04-03 05:00:00,,https://www.vlr.gg/642920/dragon-ranger-gaming-vs-nova-esports-vct-2026-china-stage-1-w1,f4610c741ff21ca85559d7c886fe03b65c8b6200754431ffeb0a6e04f5ba995a,2026-10-06T15:40:29+00:00,257944,Haven,11981,Dragon Ranger Gaming,12064,Nova Esports,13,7,20,11981
2775,644653,1,pacific,2026-04-03 06:15:00,12.05,https://www.vlr.gg/644653/t1-vs-varrel-vct-2026-pacific-stage-1-w1,816d4b42c596efd6c481f767bbd3fef52089fc675fa25b172444740cb22cbba1,2026-10-06T15:35:33+00:00,258252,Haven,14,T1,11229,VARREL,13,11,24,14
2775,644653,1,pacific,2026-04-03 06:15:00,12.05,https://www.vlr.gg/644653/t1-vs-varrel-vct-2026-pacific-stage-1-w1,816d4b42c596efd6c481f767bbd3fef52089fc675fa25b172444740cb22cbba1,2026-10-06T15:35:33+00:00,258253,Pearl,14,T1,11229,VARREL,13,4,17,14
2934,653026,2,china,2026-04-03 07:00:00,,https://www.vlr.gg/653026/ambitious-legend-gaming-vs-octagonal-disposition-gaming-china-national-tournament-2026-split-alph,8be06f85fda35aef1941413d849e6e4528acfa60ae6a47fe75b3701421b94545,2026-10-06T15:41:31+00:00,262451,Pearl,15893,Ambitious Legend Gaming,12785,Octagonal Disposition Gaming,13,11,24,15893
2934,653026,2,china,2026-04-03 07:00:00,,https://www.vlr.gg/653026/ambitious-legend-gaming-vs-octagonal-disposition-gaming-china-national-tournament-2026-split-alph,8be06f85fda35aef1941413d849e6e4528acfa60ae6a47fe75b3701421b94545,2026-10-06T15:41:31+00:00,262452,Breeze,15893,Ambitious Legend Gaming,12785,Octagonal Disposition Gaming,12,14,26,12785
2934,653026,2,china,2026-04-03 07:00:00,,https://www.vlr.gg/653026/ambitious-legend-gaming-vs-octagonal-disposition-gaming-china-national-tournament-2026-split-alph,8be06f85fda35aef1941413d849e6e4528acfa60ae6a47fe75b3701421b94545,2026-10-06T15:41:31+00:00,262453,Split,15893,Ambitious Legend Gaming,12785,Octagonal Disposition Gaming,10,13,23,12785
2864,642921,1,china,2026-04-03 07:10:00,,https://www.vlr.gg/642921/funplus-phoenix-vs-all-gamers-vct-2026-china-stage-1-w1,00b3994de8cb8f1eb75e166cb3d417d4fd07128516b01546a64b58f46f2963a6,2026-10-06T15:40:29+00:00,257946,Split,11328,FunPlus Phoenix,1119,All Gamers,13,5,18,11328
2864,642921,1,china,2026-04-03 07:10:00,,https://www.vlr.gg/642921/funplus-phoenix-vs-all-gamers-vct-2026-china-stage-1-w1,00b3994de8cb8f1eb75e166cb3d417d4fd07128516b01546a64b58f46f2963a6,2026-10-06T15:40:29+00:00,257947,Pearl,11328,FunPlus Phoenix,1119,All Gamers,13,6,19,11328
2863,644713,1,emea,2026-04-03 11:00:00,12.05,https://www.vlr.gg/644713/team-heretics-vs-natus-vincere-vct-2026-emea-stage-1-w1,3f33d0175490bbf2bb8fdf8b21a065606491af6b45e7a164592a51f146dcbc8b,2026-10-06T15:39:48+00:00,258351,Pearl,1001,Team Heretics,4915,Natus Vincere,13,9,22,1001
2863,644713,1,emea,2026-04-03 11:00:00,12.05,https://www.vlr.gg/644713/team-heretics-vs-natus-vincere-vct-2026-emea-stage-1-w1,3f33d0175490bbf2bb8fdf8b21a065606491af6b45e7a164592a51f146dcbc8b,2026-10-06T15:39:48+00:00,258352,Lotus,1001,Team Heretics,4915,Natus Vincere,9,13,22,4915
2863,644713,1,emea,2026-04-03 11:00:00,12.05,https://www.vlr.gg/644713/team-heretics-vs-natus-vincere-vct-2026-emea-stage-1-w1,3f33d0175490bbf2bb8fdf8b21a065606491af6b45e7a164592a51f146dcbc8b,2026-10-06T15:39:48+00:00,258353,Bind,1001,Team Heretics,4915,Natus Vincere,9,13,22,4915
2863,644714,1,emea,2026-04-03 14:55:00,12.05,https://www.vlr.gg/644714/bbl-esports-vs-pcific-esports-vct-2026-emea-stage-1-w1,1befdb109cbead09ef67a9e792dc3eec18607c84846546b92ae941dbdfb2a727,2026-10-06T15:39:49+00:00,258354,Split,397,BBL Esports,3478,PCIFIC Esports,13,11,24,397
2863,644714,1,emea,2026-04-03 14:55:00,12.05,https://www.vlr.gg/644714/bbl-esports-vs-pcific-esports-vct-2026-emea-stage-1-w1,1befdb109cbead09ef67a9e792dc3eec18607c84846546b92ae941dbdfb2a727,2026-10-06T15:39:49+00:00,258355,Breeze,397,BBL Esports,3478,PCIFIC Esports,13,8,21,397
2934,653027,2,china,2026-04-04 02:00:00,,https://www.vlr.gg/653027/weibo-gaming-vs-keepbest-gaming-china-national-tournament-2026-split-alpha-pro-division-w1,2ccf551682702b0bfe759fd2625a1c475802af392b1f239c0171670539d95c21,2026-10-06T15:41:32+00:00,262454,Haven,1224,Weibo Gaming,12784,KeepBest Gaming,13,10,23,1224
2934,653027,2,china,2026-04-04 02:00:00,,https://www.vlr.gg/653027/weibo-gaming-vs-keepbest-gaming-china-national-tournament-2026-split-alpha-pro-division-w1,2ccf551682702b0bfe759fd2625a1c475802af392b1f239c0171670539d95c21,2026-10-06T15:41:32+00:00,262455,Fracture,1224,Weibo Gaming,12784,KeepBest Gaming,7,13,20,12784
2934,653027,2,china,2026-04-04 02:00:00,,https://www.vlr.gg/653027/weibo-gaming-vs-keepbest-gaming-china-national-tournament-2026-split-alpha-pro-division-w1,2ccf551682702b0bfe759fd2625a1c475802af392b1f239c0171670539d95c21,2026-10-06T15:41:32+00:00,262456,Split,1224,Weibo Gaming,12784,KeepBest Gaming,10,13,23,12784
2775,644654,1,pacific,2026-04-04 04:00:00,12.05,https://www.vlr.gg/644654/nongshim-redforce-vs-paper-rex-vct-2026-pacific-stage-1-w1,3771d9b42963b89bb047965819b0ed6cb87b7c6ae0d5a1fc06ca927458087408,2026-10-06T15:35:34+00:00,258255,Fracture,11060,Nongshim RedForce,624,Paper Rex,15,13,28,11060
2775,644654,1,pacific,2026-04-04 04:00:00,12.05,https://www.vlr.gg/644654/nongshim-redforce-vs-paper-rex-vct-2026-pacific-stage-1-w1,3771d9b42963b89bb047965819b0ed6cb87b7c6ae0d5a1fc06ca927458087408,2026-10-06T15:35:34+00:00,258256,Split,11060,Nongshim RedForce,624,Paper Rex,10,13,23,624
2775,644654,1,pacific,2026-04-04 04:00:00,12.05,https://www.vlr.gg/644654/nongshim-redforce-vs-paper-rex-vct-2026-pacific-stage-1-w1,3771d9b42963b89bb047965819b0ed6cb87b7c6ae0d5a1fc06ca927458087408,2026-10-06T15:35:34+00:00,258257,Lotus,11060,Nongshim RedForce,624,Paper Rex,6,13,19,624
2934,653028,2,china,2026-04-04 04:00:00,,https://www.vlr.gg/653028/any-questions-gaming-vs-havoc-yonder-china-national-tournament-2026-split-alpha-pro-division-w,a49b53c161f1840a481a61ad9d27f527dc43986948110d12137f9771c9fd98f4,2026-10-06T15:41:33+00:00,262457,Split,19531,Any Questions Gaming,21917,Havoc & Yonder Gaming,13,11,24,19531
2934,653028,2,china,2026-04-04 04:00:00,,https://www.vlr.gg/653028/any-questions-gaming-vs-havoc-yonder-china-national-tournament-2026-split-alpha-pro-division-w,a49b53c161f1840a481a61ad9d27f527dc43986948110d12137f9771c9fd98f4,2026-10-06T15:41:33+00:00,262458,Pearl,19531,Any Questions Gaming,21917,Havoc & Yonder Gaming,13,3,16,19531
2864,642922,1,china,2026-04-04 05:00:00,,https://www.vlr.gg/642922/tyloo-vs-titan-esports-club-vct-2026-china-stage-1-w1,f308912ea3560d13c5633d9dda634338b9ec7bc99b9ce06b8d2ca0f038ed1e12,2026-10-06T15:40:32+00:00,257949,Split,731,TYLOO,14137,Wuxi Titan Esports Club (Titan Esports Club),15,13,28,731
2864,642922,1,china,2026-04-04 05:00:00,,https://www.vlr.gg/642922/tyloo-vs-titan-esports-club-vct-2026-china-stage-1-w1,f308912ea3560d13c5633d9dda634338b9ec7bc99b9ce06b8d2ca0f038ed1e12,2026-10-06T15:40:32+00:00,257950,Fracture,731,TYLOO,14137,Wuxi Titan Esports Club (Titan Esports Club),13,5,18,731
2934,653029,2,china,2026-04-04 07:00:00,,https://www.vlr.gg/653029/rare-atom-vs-valenix-china-national-tournament-2026-split-alpha-pro-division-w1,0ad65bd63e2799c1e9b8858dcab0360f2a7dbec1bdff1cd3e18e26f768923a63,2026-10-06T15:41:33+00:00,262460,Lotus,11985,Rare Atom,21920,Valenix,14,12,26,11985
2934,653029,2,china,2026-04-04 07:00:00,,https://www.vlr.gg/653029/rare-atom-vs-valenix-china-national-tournament-2026-split-alpha-pro-division-w1,0ad65bd63e2799c1e9b8858dcab0360f2a7dbec1bdff1cd3e18e26f768923a63,2026-10-06T15:41:33+00:00,262461,Pearl,11985,Rare Atom,21920,Valenix,15,13,28,11985
2775,644655,1,pacific,2026-04-04 07:10:00,12.05,https://www.vlr.gg/644655/full-sense-vs-detonation-focusme-vct-2026-pacific-stage-1-w1,369f7dc9a812273d6e10c38066487eef881ca56fc225c9d924f388df351e7f66,2026-10-06T15:35:35+00:00,258258,Pearl,4050,FULL SENSE,278,DetonatioN FocusMe,13,6,19,4050
2775,644655,1,pacific,2026-04-04 07:10:00,12.05,https://www.vlr.gg/644655/full-sense-vs-detonation-focusme-vct-2026-pacific-stage-1-w1,369f7dc9a812273d6e10c38066487eef881ca56fc225c9d924f388df351e7f66,2026-10-06T15:35:35+00:00,258259,Bind,4050,FULL SENSE,278,DetonatioN FocusMe,13,8,21,4050
2864,642923,1,china,2026-04-04 07:30:00,,https://www.vlr.gg/642923/wolves-esports-vs-edward-gaming-vct-2026-china-stage-1-w1,bab03ac7b76ebf9ddf273fa62ea06c706051078fda88e7d72f56a92813910581,2026-10-06T15:40:32+00:00,257952,Fracture,13790,Wolves Esports,1120,EDward Gaming,9,13,22,1120
2864,642923,1,china,2026-04-04 07:30:00,,https://www.vlr.gg/642923/wolves-esports-vs-edward-gaming-vct-2026-china-stage-1-w1,bab03ac7b76ebf9ddf273fa62ea06c706051078fda88e7d72f56a92813910581,2026-10-06T15:40:32+00:00,257953,Lotus,13790,Wolves Esports,1120,EDward Gaming,10,13,23,1120
2775,644656,1,pacific,2026-04-05 04:00:00,12.05,https://www.vlr.gg/644656/team-secret-vs-drx-vct-2026-pacific-stage-1-w1,8426f09ff12429c1cd24c84f16684a94cc883dcb4a259dde959dd3b3db1467cb,2026-10-06T15:35:36+00:00,258261,Pearl,6199,Team Secret,8185,KIWOOM DRX,5,13,18,8185
2775,644656,1,pacific,2026-04-05 04:00:00,12.05,https://www.vlr.gg/644656/team-secret-vs-drx-vct-2026-pacific-stage-1-w1,8426f09ff12429c1cd24c84f16684a94cc883dcb4a259dde959dd3b3db1467cb,2026-10-06T15:35:36+00:00,258262,Fracture,6199,Team Secret,8185,KIWOOM DRX,13,15,28,8185
2864,642924,1,china,2026-04-05 05:00:00,,https://www.vlr.gg/642924/trace-esports-vs-xi-lai-gaming-vct-2026-china-stage-1-w1,5242b6120286dc5597298040556af90db91e7508111276a599387c98ee29cb97,2026-10-06T15:40:33+00:00,257955,Breeze,12685,Trace Esports,13581,Xi Lai Gaming,13,9,22,12685
2864,642924,1,china,2026-04-05 05:00:00,,https://www.vlr.gg/642924/trace-esports-vs-xi-lai-gaming-vct-2026-china-stage-1-w1,5242b6120286dc5597298040556af90db91e7508111276a599387c98ee29cb97,2026-10-06T15:40:33+00:00,257956,Lotus,12685,Trace Esports,13581,Xi Lai Gaming,7,13,20,13581
2864,642924,1,china,2026-04-05 05:00:00,,https://www.vlr.gg/642924/trace-esports-vs-xi-lai-gaming-vct-2026-china-stage-1-w1,5242b6120286dc5597298040556af90db91e7508111276a599387c98ee29cb97,2026-10-06T15:40:33+00:00,257957,Bind,12685,Trace Esports,13581,Xi Lai Gaming,10,13,23,13581
2775,644657,1,pacific,2026-04-05 06:30:00,12.05,https://www.vlr.gg/644657/rex-regum-qeon-vs-zeta-division-vct-2026-pacific-stage-1-w1,a2f3e810a81079177c43c6774d290b4ad8030a0281cae7ecf0ccc3c75cf4547f,2026-10-06T15:35:36+00:00,258264,Split,878,Rex Regum Qeon,5448,ZETA DIVISION,7,13,20,5448
2775,644657,1,pacific,2026-04-05 06:30:00,12.05,https://www.vlr.gg/644657/rex-regum-qeon-vs-zeta-division-vct-2026-pacific-stage-1-w1,a2f3e810a81079177c43c6774d290b4ad8030a0281cae7ecf0ccc3c75cf4547f,2026-10-06T15:35:36+00:00,258265,Fracture,878,Rex Regum Qeon,5448,ZETA DIVISION,13,6,19,878
2775,644657,1,pacific,2026-04-05 06:30:00,12.05,https://www.vlr.gg/644657/rex-regum-qeon-vs-zeta-division-vct-2026-pacific-stage-1-w1,a2f3e810a81079177c43c6774d290b4ad8030a0281cae7ecf0ccc3c75cf4547f,2026-10-06T15:35:36+00:00,258266,Haven,878,Rex Regum Qeon,5448,ZETA DIVISION,13,11,24,878
2864,642925,1,china,2026-04-05 08:25:00,,https://www.vlr.gg/642925/bilibili-gaming-vs-jdg-esports-vct-2026-china-stage-1-w1,0aaaadde4b9b97850f964b9aa317da4ddc542406f9fa859677069fb29b495d85,2026-10-06T15:40:34+00:00,257958,Haven,12010,Guangzhou Huadu Bilibili Gaming (Bilibili Gaming),13576,JD Mall JDG Esports (JD Gaming),13,4,17,12010
2864,642925,1,china,2026-04-05 08:25:00,,https://www.vlr.gg/642925/bilibili-gaming-vs-jdg-esports-vct-2026-china-stage-1-w1,0aaaadde4b9b97850f964b9aa317da4ddc542406f9fa859677069fb29b495d85,2026-10-06T15:40:34+00:00,257959,Fracture,12010,Guangzhou Huadu Bilibili Gaming (Bilibili Gaming),13576,JD Mall JDG Esports (JD Gaming),13,6,19,12010
2934,653303,2,china,2026-04-06 02:00:00,,https://www.vlr.gg/653303/victory-no-limits-gaming-vs-a-team-china-national-tournament-2026-split-alpha-pro-division-w2,7539070839398cfb12d17b0d62c6e5a624c1c029f326ac68e78c85d2639b3c12,2026-10-06T15:41:34+00:00,262516,Pearl,20082,Victory No Limits Gaming GC,20603,A Team,13,10,23,20082
2934,653303,2,china,2026-04-06 02:00:00,,https://www.vlr.gg/653303/victory-no-limits-gaming-vs-a-team-china-national-tournament-2026-split-alpha-pro-division-w2,7539070839398cfb12d17b0d62c6e5a624c1c029f326ac68e78c85d2639b3c12,2026-10-06T15:41:34+00:00,262517,Haven,20082,Victory No Limits Gaming GC,20603,A Team,13,3,16,20082
2934,653304,2,china,2026-04-06 04:00:00,,https://www.vlr.gg/653304/world-sports-invictus-gaming-vs-unsettled-resentment-china-national-tournament-2026-split-alpha,34af84340af2f7444a2728a7c040ac9f9f36d5555ee3f01ecb57fa4a3373090a,2026-10-06T15:41:34+00:00,262519,Split,21699,World Sports Invictus Gaming,21919,Unsettled Resentment,6,13,19,21919
2934,653304,2,china,2026-04-06 04:00:00,,https://www.vlr.gg/653304/world-sports-invictus-gaming-vs-unsettled-resentment-china-national-tournament-2026-split-alpha,34af84340af2f7444a2728a7c040ac9f9f36d5555ee3f01ecb57fa4a3373090a,2026-10-06T15:41:34+00:00,262520,Fracture,21699,World Sports Invictus Gaming,21919,Unsettled Resentment,4,13,17,21919
2934,653305,2,china,2026-04-06 07:00:00,,https://www.vlr.gg/653305/havoc-yonder-vs-ace-china-national-tournament-2026-split-alpha-pro-division-w2,bcfd3bf4c95941edd58642fe3b67aeea90147bd4f8d690d91520ca27e88ed217,2026-10-06T15:41:35+00:00,262522,Lotus,21917,Havoc & Yonder Gaming,21918,ACE,7,13,20,21918
2934,653305,2,china,2026-04-06 07:00:00,,https://www.vlr.gg/653305/havoc-yonder-vs-ace-china-national-tournament-2026-split-alpha-pro-division-w2,bcfd3bf4c95941edd58642fe3b67aeea90147bd4f8d690d91520ca27e88ed217,2026-10-06T15:41:35+00:00,262523,Split,21917,Havoc & Yonder Gaming,21918,ACE,5,13,18,21918
2857,648747,2,americas,2026-04-06 16:00:00,12.06,https://www.vlr.gg/648747/shopify-rebellion-gold-vs-rose-challengers-2026-north-america-ace-stage-2-r4-0-3,856e2be6d168f9ef20adfc17b3e5c20e17c16c95b1f53796bd0e801b64a5843c,2026-10-06T15:37:51+00:00,260828,Pearl,14278,Shopify Rebellion Gold,11648,ROSE,13,9,22,14278
2857,648747,2,americas,2026-04-06 16:00:00,12.06,https://www.vlr.gg/648747/shopify-rebellion-gold-vs-rose-challengers-2026-north-america-ace-stage-2-r4-0-3,856e2be6d168f9ef20adfc17b3e5c20e17c16c95b1f53796bd0e801b64a5843c,2026-10-06T15:37:51+00:00,260829,Haven,14278,Shopify Rebellion Gold,11648,ROSE,10,13,23,11648
2857,648747,2,americas,2026-04-06 16:00:00,12.06,https://www.vlr.gg/648747/shopify-rebellion-gold-vs-rose-challengers-2026-north-america-ace-stage-2-r4-0-3,856e2be6d168f9ef20adfc17b3e5c20e17c16c95b1f53796bd0e801b64a5843c,2026-10-06T15:37:51+00:00,260830,Lotus,14278,Shopify Rebellion Gold,11648,ROSE,5,13,18,11648
2857,648748,2,americas,2026-04-06 16:00:00,12.06,https://www.vlr.gg/648748/evil-geniuses-academy-vs-division-one-challengers-2026-north-america-ace-stage-2-r4-1-2,ccecf31eda7f92f0021a4939bed06b81d87f14a4c29c3020e62904a432dcf230,2026-10-06T15:37:51+00:00,260831,Haven,21054,Evil Geniuses Academy,21714,Division One,13,9,22,21054
2857,648748,2,americas,2026-04-06 16:00:00,12.06,https://www.vlr.gg/648748/evil-geniuses-academy-vs-division-one-challengers-2026-north-america-ace-stage-2-r4-1-2,ccecf31eda7f92f0021a4939bed06b81d87f14a4c29c3020e62904a432dcf230,2026-10-06T15:37:51+00:00,260832,Lotus,21054,Evil Geniuses Academy,21714,Division One,13,9,22,21054
2857,648750,2,americas,2026-04-06 18:20:00,12.06,https://www.vlr.gg/648750/nightblood-gaming-vs-pigeons-challengers-2026-north-america-ace-stage-2-r4-1-2,fc61d475a9cbd7a98cfcd2db22935717dd9ee27ce0527ece7ae09d6325016280,2026-10-06T15:37:52+00:00,260837,Lotus,5601,Nightblood Gaming,16910,Pigeons,13,11,24,5601
2857,648750,2,americas,2026-04-06 18:20:00,12.06,https://www.vlr.gg/648750/nightblood-gaming-vs-pigeons-challengers-2026-north-america-ace-stage-2-r4-1-2,fc61d475a9cbd7a98cfcd2db22935717dd9ee27ce0527ece7ae09d6325016280,2026-10-06T15:37:52+00:00,260838,Haven,5601,Nightblood Gaming,16910,Pigeons,8,13,21,16910
2857,648750,2,americas,2026-04-06 18:20:00,12.06,https://www.vlr.gg/648750/nightblood-gaming-vs-pigeons-challengers-2026-north-america-ace-stage-2-r4-1-2,fc61d475a9cbd7a98cfcd2db22935717dd9ee27ce0527ece7ae09d6325016280,2026-10-06T15:37:52+00:00,260839,Split,5601,Nightblood Gaming,16910,Pigeons,13,1,14,5601
2857,648749,2,americas,2026-04-06 19:10:00,12.06,https://www.vlr.gg/648749/shopify-rebellion-black-vs-qor-challengers-2026-north-america-ace-stage-2-r4-2-1,9a4a412ef813c03469057653f597a559a0e202cd8267db0720291586963ea02b,2026-10-06T15:37:53+00:00,260834,Bind,9353,Shopify Rebellion Black,6985,QoR,13,8,21,9353
2857,648749,2,americas,2026-04-06 19:10:00,12.06,https://www.vlr.gg/648749/shopify-rebellion-black-vs-qor-challengers-2026-north-america-ace-stage-2-r4-2-1,9a4a412ef813c03469057653f597a559a0e202cd8267db0720291586963ea02b,2026-10-06T15:37:53+00:00,260835,Breeze,9353,Shopify Rebellion Black,6985,QoR,13,4,17,9353
2934,653306,2,china,2026-04-07 02:00:00,,https://www.vlr.gg/653306/valenix-vs-ever-growing-gaming-china-national-tournament-2026-split-alpha-pro-division-w2,bcc111f3db5c49a84c009988d840a5807ce21ac503e93ec156d47ce0488283d7,2026-10-06T15:41:36+00:00,262525,Haven,21920,Valenix,20604,Ever Growing Gaming,3,13,16,20604
2934,653306,2,china,2026-04-07 02:00:00,,https://www.vlr.gg/653306/valenix-vs-ever-growing-gaming-china-national-tournament-2026-split-alpha-pro-division-w2,bcc111f3db5c49a84c009988d840a5807ce21ac503e93ec156d47ce0488283d7,2026-10-06T15:41:36+00:00,262526,Lotus,21920,Valenix,20604,Ever Growing Gaming,9,13,22,20604
2934,653307,2,china,2026-04-07 04:00:00,,https://www.vlr.gg/653307/any-questions-gaming-vs-ambitious-legend-gaming-china-national-tournament-2026-split-alpha-pro-d,c953d2e4a6b2071ce010045aedfe20618d436fcd03fb8158b971b645a7e4dee8,2026-10-06T15:41:36+00:00,262528,Bind,19531,Any Questions Gaming,15893,Ambitious Legend Gaming,13,10,23,19531
2934,653307,2,china,2026-04-07 04:00:00,,https://www.vlr.gg/653307/any-questions-gaming-vs-ambitious-legend-gaming-china-national-tournament-2026-split-alpha-pro-d,c953d2e4a6b2071ce010045aedfe20618d436fcd03fb8158b971b645a7e4dee8,2026-10-06T15:41:36+00:00,262529,Breeze,19531,Any Questions Gaming,15893,Ambitious Legend Gaming,13,11,24,19531
2864,642927,1,china,2026-04-07 05:00:00,,https://www.vlr.gg/642927/funplus-phoenix-vs-tyloo-vct-2026-china-stage-1-w2,873403ae6ba83ed183d1918cf40f000703a8fd867af8dd713e0d94b6d0921306,2026-10-06T15:40:35+00:00,257961,Bind,11328,FunPlus Phoenix,731,TYLOO,5,13,18,731
2864,642927,1,china,2026-04-07 05:00:00,,https://www.vlr.gg/642927/funplus-phoenix-vs-tyloo-vct-2026-china-stage-1-w2,873403ae6ba83ed183d1918cf40f000703a8fd867af8dd713e0d94b6d0921306,2026-10-06T15:40:35+00:00,257963,Split,11328,FunPlus Phoenix,731,TYLOO,14,12,26,11328
2864,642927,1,china,2026-04-07 05:00:00,,https://www.vlr.gg/642927/funplus-phoenix-vs-tyloo-vct-2026-china-stage-1-w2,873403ae6ba83ed183d1918cf40f000703a8fd867af8dd713e0d94b6d0921306,2026-10-06T15:40:35+00:00,262074,Pearl,11328,FunPlus Phoenix,731,TYLOO,13,11,24,11328
2934,653308,2,china,2026-04-07 07:00:00,,https://www.vlr.gg/653308/rare-atom-vs-weibo-gaming-china-national-tournament-2026-split-alpha-pro-division-w2,c555225b911af3013c9a526f9e616aa228f4aeeb042c78db938382655ca2fdd6,2026-10-06T15:41:38+00:00,262531,Fracture,11985,Rare Atom,1224,Weibo Gaming,6,13,19,1224
2934,653308,2,china,2026-04-07 07:00:00,,https://www.vlr.gg/653308/rare-atom-vs-weibo-gaming-china-national-tournament-2026-split-alpha-pro-division-w2,c555225b911af3013c9a526f9e616aa228f4aeeb042c78db938382655ca2fdd6,2026-10-06T15:41:38+00:00,262532,Pearl,11985,Rare Atom,1224,Weibo Gaming,2,13,15,1224
2864,642928,1,china,2026-04-07 08:30:00,,https://www.vlr.gg/642928/titan-esports-club-vs-bilibili-gaming-vct-2026-china-stage-1-w2,7a9cdae2656499627316c620c0acebf7309f0d2030567df6785dfab98131faaf,2026-10-06T15:40:35+00:00,257964,Fracture,14137,Wuxi Titan Esports Club (Titan Esports Club),12010,Guangzhou Huadu Bilibili Gaming (Bilibili Gaming),13,10,23,14137
2864,642928,1,china,2026-04-07 08:30:00,,https://www.vlr.gg/642928/titan-esports-club-vs-bilibili-gaming-vct-2026-china-stage-1-w2,7a9cdae2656499627316c620c0acebf7309f0d2030567df6785dfab98131faaf,2026-10-06T15:40:35+00:00,257965,Breeze,14137,Wuxi Titan Esports Club (Titan Esports Club),12010,Guangzhou Huadu Bilibili Gaming (Bilibili Gaming),15,13,28,14137
2857,648751,2,americas,2026-04-07 16:00:00,12.06,https://www.vlr.gg/648751/m80-vs-nrg-academy-challengers-2026-north-america-ace-stage-2-r4-2-1,2a45794f56b142aa9523875101208bd21cb77446ae67ddcfda58fad9ff5b4027,2026-10-06T15:37:54+00:00,260840,Fracture,11001,M80,21049,NRG Academy,13,9,22,11001
2857,648751,2,americas,2026-04-07 16:00:00,12.06,https://www.vlr.gg/648751/m80-vs-nrg-academy-challengers-2026-north-america-ace-stage-2-r4-2-1,2a45794f56b142aa9523875101208bd21cb77446ae67ddcfda58fad9ff5b4027,2026-10-06T15:37:54+00:00,260841,Breeze,11001,M80,21049,NRG Academy,5,13,18,21049
2857,648751,2,americas,2026-04-07 16:00:00,12.06,https://www.vlr.gg/648751/m80-vs-nrg-academy-challengers-2026-north-america-ace-stage-2-r4-2-1,2a45794f56b142aa9523875101208bd21cb77446ae67ddcfda58fad9ff5b4027,2026-10-06T15:37:54+00:00,260842,Haven,11001,M80,21049,NRG Academy,13,3,16,11001
2857,648752,2,americas,2026-04-07 16:00:00,12.06,https://www.vlr.gg/648752/sad-esports-vs-evictix-challengers-2026-north-america-ace-stage-2-r4-1-2,833aff3e23632fb7af2087e1965a7585ab55a60ca2f24a0bdfa9dbd5ecbfac58,2026-10-06T15:37:54+00:00,260843,Lotus,13920,SaD Esports,19914,Evictix,13,10,23,13920
2857,648752,2,americas,2026-04-07 16:00:00,12.06,https://www.vlr.gg/648752/sad-esports-vs-evictix-challengers-2026-north-america-ace-stage-2-r4-1-2,833aff3e23632fb7af2087e1965a7585ab55a60ca2f24a0bdfa9dbd5ecbfac58,2026-10-06T15:37:54+00:00,260844,Bind,13920,SaD Esports,19914,Evictix,13,8,21,13920
2857,648754,2,americas,2026-04-07 18:10:00,12.06,https://www.vlr.gg/648754/flyquest-vs-alliance-guardians-challengers-2026-north-america-ace-stage-2-r4-2-1,a3dd5f9f7a27822151fffe86f0dd2a7f851442ba22c128fdd048e34b6f8868a9,2026-10-06T15:37:55+00:00,260849,Bind,21838,FlyQuest,16440,Alliance Guardians,13,9,22,21838
2857,648754,2,americas,2026-04-07 18:10:00,12.06,https://www.vlr.gg/648754/flyquest-vs-alliance-guardians-challengers-2026-north-america-ace-stage-2-r4-2-1,a3dd5f9f7a27822151fffe86f0dd2a7f851442ba22c128fdd048e34b6f8868a9,2026-10-06T15:37:55+00:00,260850,Haven,21838,FlyQuest,16440,Alliance Guardians,13,2,15,21838
2857,648753,2,americas,2026-04-07 19:00:00,12.06,https://www.vlr.gg/648753/azure-dragon-gaming-vs-yfp-challengers-2026-north-america-ace-stage-2-r4-3-0,19c1395f941fbbe67db4f75ad6cea904dfe8946b5f4dd9957ff382fbf14a4f83,2026-10-06T15:37:56+00:00,260846,Haven,21053,Azure Dragon Gaming,5038,YFP,4,13,17,5038
2857,648753,2,americas,2026-04-07 19:00:00,12.06,https://www.vlr.gg/648753/azure-dragon-gaming-vs-yfp-challengers-2026-north-america-ace-stage-2-r4-3-0,19c1395f941fbbe67db4f75ad6cea904dfe8946b5f4dd9957ff382fbf14a4f83,2026-10-06T15:37:56+00:00,260847,Fracture,21053,Azure Dragon Gaming,5038,YFP,10,13,23,5038
2934,653309,2,china,2026-04-08 02:00:00,,https://www.vlr.gg/653309/a-team-vs-havoc-yonder-china-national-tournament-2026-split-alpha-pro-division-w2,b94ec1ea8f90aae14003f31cacc4d70f416075e5003a65486449f267a80a61e7,2026-10-06T15:41:38+00:00,262534,Fracture,20603,A Team,21917,Havoc & Yonder Gaming,10,13,23,21917
2934,653309,2,china,2026-04-08 02:00:00,,https://www.vlr.gg/653309/a-team-vs-havoc-yonder-china-national-tournament-2026-split-alpha-pro-division-w2,b94ec1ea8f90aae14003f31cacc4d70f416075e5003a65486449f267a80a61e7,2026-10-06T15:41:38+00:00,262535,Bind,20603,A Team,21917,Havoc & Yonder Gaming,13,15,28,21917
2934,653311,2,china,2026-04-08 04:00:00,,https://www.vlr.gg/653311/world-sports-invictus-gaming-vs-keepbest-gaming-china-national-tournament-2026-split-alpha-pro-d,5c51d5ed4fe3e6f88219a747173aa302416d5cc213354f6989213e1721a65552,2026-10-06T15:41:39+00:00,262537,Haven,21699,World Sports Invictus Gaming,12784,KeepBest Gaming,9,13,22,12784
2934,653311,2,china,2026-04-08 04:00:00,,https://www.vlr.gg/653311/world-sports-invictus-gaming-vs-keepbest-gaming-china-national-tournament-2026-split-alpha-pro-d,5c51d5ed4fe3e6f88219a747173aa302416d5cc213354f6989213e1721a65552,2026-10-06T15:41:39+00:00,262538,Split,21699,World Sports Invictus Gaming,12784,KeepBest Gaming,9,13,22,12784
2864,642929,1,china,2026-04-08 05:00:00,,https://www.vlr.gg/642929/xi-lai-gaming-vs-nova-esports-vct-2026-china-stage-1-w2,8d56c7fc1aaea85f08106f37b5715bc9734e3ac4ee72bf4dc7df9a26f0558b2c,2026-10-06T15:40:36+00:00,257967,Haven,13581,Xi Lai Gaming,12064,Nova Esports,13,8,21,13581
2864,642929,1,china,2026-04-08 05:00:00,,https://www.vlr.gg/642929/xi-lai-gaming-vs-nova-esports-vct-2026-china-stage-1-w2,8d56c7fc1aaea85f08106f37b5715bc9734e3ac4ee72bf4dc7df9a26f0558b2c,2026-10-06T15:40:36+00:00,257968,Bind,13581,Xi Lai Gaming,12064,Nova Esports,13,11,24,13581
2934,653312,2,china,2026-04-08 07:00:00,,https://www.vlr.gg/653312/victory-no-limits-gaming-vs-octagonal-disposition-gaming-china-national-tournament-2026-split-alp,f653b9c6454bce5c742ebf98f7d83aa463554ecfeea69d52add7df35ee8c16db,2026-10-06T15:41:39+00:00,262540,Split,20082,Victory No Limits Gaming GC,12785,Octagonal Disposition Gaming,13,10,23,20082
2934,653312,2,china,2026-04-08 07:00:00,,https://www.vlr.gg/653312/victory-no-limits-gaming-vs-octagonal-disposition-gaming-china-national-tournament-2026-split-alp,f653b9c6454bce5c742ebf98f7d83aa463554ecfeea69d52add7df35ee8c16db,2026-10-06T15:41:39+00:00,262541,Pearl,20082,Victory No Limits Gaming GC,12785,Octagonal Disposition Gaming,13,7,20,20082
2864,642930,1,china,2026-04-08 07:30:00,,https://www.vlr.gg/642930/edward-gaming-vs-trace-esports-vct-2026-china-stage-1-w2,fa307564a2bcb2fbda94a1842e3e3a3d943fbca7be5fd842a7605388af641318,2026-10-06T15:40:37+00:00,257970,Lotus,1120,EDward Gaming,12685,Trace Esports,13,4,17,1120
2864,642930,1,china,2026-04-08 07:30:00,,https://www.vlr.gg/642930/edward-gaming-vs-trace-esports-vct-2026-china-stage-1-w2,fa307564a2bcb2fbda94a1842e3e3a3d943fbca7be5fd842a7605388af641318,2026-10-06T15:40:37+00:00,257971,Haven,1120,EDward Gaming,12685,Trace Esports,14,12,26,1120
2863,644716,1,emea,2026-04-08 11:00:00,12.06,https://www.vlr.gg/644716/pcific-esports-vs-giantx-vct-2026-emea-stage-1-w2,a7e93e52c6462b3bcaa7f1553fb3df84a75c149571188aaca13af0332137e35d,2026-10-06T15:39:49+00:00,258357,Haven,3478,PCIFIC Esports,14419,GIANTX,8,13,21,14419
2863,644716,1,emea,2026-04-08 11:00:00,12.06,https://www.vlr.gg/644716/pcific-esports-vs-giantx-vct-2026-emea-stage-1-w2,a7e93e52c6462b3bcaa7f1553fb3df84a75c149571188aaca13af0332137e35d,2026-10-06T15:39:49+00:00,258358,Pearl,3478,PCIFIC Esports,14419,GIANTX,14,12,26,3478
2863,644716,1,emea,2026-04-08 11:00:00,12.06,https://www.vlr.gg/644716/pcific-esports-vs-giantx-vct-2026-emea-stage-1-w2,a7e93e52c6462b3bcaa7f1553fb3df84a75c149571188aaca13af0332137e35d,2026-10-06T15:39:49+00:00,258359,Split,3478,PCIFIC Esports,14419,GIANTX,10,13,23,14419
2863,644717,1,emea,2026-04-08 14:25:00,12.06,https://www.vlr.gg/644717/bbl-esports-vs-eternal-fire-vct-2026-emea-stage-1-w2,00b02204100fc97bf39640bd0dd30cbb6006f660f47e0d3061f3eeea4ce41709,2026-10-06T15:39:50+00:00,258360,Pearl,397,BBL Esports,6392,Eternal Fire,6,13,19,6392
2863,644717,1,emea,2026-04-08 14:25:00,12.06,https://www.vlr.gg/644717/bbl-esports-vs-eternal-fire-vct-2026-emea-stage-1-w2,00b02204100fc97bf39640bd0dd30cbb6006f660f47e0d3061f3eeea4ce41709,2026-10-06T15:39:50+00:00,258361,Split,397,BBL Esports,6392,Eternal Fire,10,13,23,6392
2934,653313,2,china,2026-04-09 02:00:00,,https://www.vlr.gg/653313/rare-atom-vs-ever-growing-gaming-china-national-tournament-2026-split-alpha-pro-division-w2,87ebfa6a7d01498711cd577087f63ef0df294e1acc576bd0830d438912bf313a,2026-10-06T15:41:40+00:00,262543,Fracture,11985,Rare Atom,20604,Ever Growing Gaming,13,8,21,11985
2934,653313,2,china,2026-04-09 02:00:00,,https://www.vlr.gg/653313/rare-atom-vs-ever-growing-gaming-china-national-tournament-2026-split-alpha-pro-division-w2,87ebfa6a7d01498711cd577087f63ef0df294e1acc576bd0830d438912bf313a,2026-10-06T15:41:40+00:00,262544,Lotus,11985,Rare Atom,20604,Ever Growing Gaming,15,13,28,11985
2934,653314,2,china,2026-04-09 04:00:00,,https://www.vlr.gg/653314/any-questions-gaming-vs-ace-china-national-tournament-2026-split-alpha-pro-division-w2,53f475035fdd1d9685685a092ce14f4e6dc7f039f2556240482c1e4bd6e28f47,2026-10-06T15:41:41+00:00,262546,Breeze,19531,Any Questions Gaming,21918,ACE,13,5,18,19531
2934,653314,2,china,2026-04-09 04:00:00,,https://www.vlr.gg/653314/any-questions-gaming-vs-ace-china-national-tournament-2026-split-alpha-pro-division-w2,53f475035fdd1d9685685a092ce14f4e6dc7f039f2556240482c1e4bd6e28f47,2026-10-06T15:41:41+00:00,262547,Haven,19531,Any Questions Gaming,21918,ACE,13,5,18,19531
2864,642931,1,china,2026-04-09 05:00:00,,https://www.vlr.gg/642931/jdg-esports-vs-all-gamers-vct-2026-china-stage-1-w2,f4b0eca06e5a72e032ef1d082e98ba8574711b89ba4f2df3646c58d66d01ac45,2026-10-06T15:40:38+00:00,257973,Lotus,13576,JD Mall JDG Esports (JD Gaming),1119,All Gamers,5,13,18,1119
2864,642931,1,china,2026-04-09 05:00:00,,https://www.vlr.gg/642931/jdg-esports-vs-all-gamers-vct-2026-china-stage-1-w2,f4b0eca06e5a72e032ef1d082e98ba8574711b89ba4f2df3646c58d66d01ac45,2026-10-06T15:40:38+00:00,257974,Haven,13576,JD Mall JDG Esports (JD Gaming),1119,All Gamers,10,13,23,1119
2934,653315,2,china,2026-04-09 07:00:00,,https://www.vlr.gg/653315/unsettled-resentment-vs-valenix-china-national-tournament-2026-split-alpha-pro-division-w2,5ff129b6c34abe7e371e9bce518b5869104029ff39118f55e3e381b441acfaa8,2026-10-06T15:41:41+00:00,262549,Split,21919,Unsettled Resentment,21920,Valenix,13,7,20,21919
2934,653315,2,china,2026-04-09 07:00:00,,https://www.vlr.gg/653315/unsettled-resentment-vs-valenix-china-national-tournament-2026-split-alpha-pro-division-w2,5ff129b6c34abe7e371e9bce518b5869104029ff39118f55e3e381b441acfaa8,2026-10-06T15:41:41+00:00,262550,Bind,21919,Unsettled Resentment,21920,Valenix,13,11,24,21919
2864,642932,1,china,2026-04-09 07:25:00,,https://www.vlr.gg/642932/dragon-ranger-gaming-vs-wolves-esports-vct-2026-china-stage-1-w2,7846458dfc6315363b3bbbdc1b4700127615034c4606a1f972bdddf0f00cf503,2026-10-06T15:40:38+00:00,257976,Breeze,11981,Dragon Ranger Gaming,13790,Wolves Esports,13,1,14,11981
2864,642932,1,china,2026-04-09 07:25:00,,https://www.vlr.gg/642932/dragon-ranger-gaming-vs-wolves-esports-vct-2026-china-stage-1-w2,7846458dfc6315363b3bbbdc1b4700127615034c4606a1f972bdddf0f00cf503,2026-10-06T15:40:38+00:00,257977,Pearl,11981,Dragon Ranger Gaming,13790,Wolves Esports,6,13,19,13790
2864,642932,1,china,2026-04-09 07:25:00,,https://www.vlr.gg/642932/dragon-ranger-gaming-vs-wolves-esports-vct-2026-china-stage-1-w2,7846458dfc6315363b3bbbdc1b4700127615034c4606a1f972bdddf0f00cf503,2026-10-06T15:40:38+00:00,257978,Lotus,11981,Dragon Ranger Gaming,13790,Wolves Esports,13,9,22,11981
2863,644718,1,emea,2026-04-09 11:00:00,12.06,https://www.vlr.gg/644718/fnatic-vs-team-vitality-vct-2026-emea-stage-1-w2,f96f2b205a03a76d1699e3f4a400f15d112c819fab7e52096d5f82e52e67d954,2026-10-06T15:39:51+00:00,258363,Split,2593,FNATIC,2059,Team Vitality,13,11,24,2593
2863,644718,1,emea,2026-04-09 11:00:00,12.06,https://www.vlr.gg/644718/fnatic-vs-team-vitality-vct-2026-emea-stage-1-w2,f96f2b205a03a76d1699e3f4a400f15d112c819fab7e52096d5f82e52e67d954,2026-10-06T15:39:51+00:00,258364,Breeze,2593,FNATIC,2059,Team Vitality,13,10,23,2593
2863,644719,1,emea,2026-04-09 13:30:00,12.06,https://www.vlr.gg/644719/team-liquid-vs-team-heretics-vct-2026-emea-stage-1-w2,c458a450e5874b22e1d7a36dba0e48971e390691aa316db368ee9d9be3867086,2026-10-06T15:39:52+00:00,258366,Pearl,474,Team Liquid,1001,Team Heretics,13,10,23,474
2863,644719,1,emea,2026-04-09 13:30:00,12.06,https://www.vlr.gg/644719/team-liquid-vs-team-heretics-vct-2026-emea-stage-1-w2,c458a450e5874b22e1d7a36dba0e48971e390691aa316db368ee9d9be3867086,2026-10-06T15:39:52+00:00,258367,Bind,474,Team Liquid,1001,Team Heretics,13,8,21,474
2775,644658,1,pacific,2026-04-10 04:00:00,12.05,https://www.vlr.gg/644658/detonation-focusme-vs-t1-vct-2026-pacific-stage-1-w2,c90902fb203453620a6599002cbe1d5ce6805d0d6377c693c002bab1b2915397,2026-10-06T15:35:37+00:00,258267,Pearl,278,DetonatioN FocusMe,14,T1,13,15,28,14
2775,644658,1,pacific,2026-04-10 04:00:00,12.05,https://www.vlr.gg/644658/detonation-focusme-vs-t1-vct-2026-pacific-stage-1-w2,c90902fb203453620a6599002cbe1d5ce6805d0d6377c693c002bab1b2915397,2026-10-06T15:35:37+00:00,258268,Lotus,278,DetonatioN FocusMe,14,T1,6,13,19,14
2864,642933,1,china,2026-04-10 05:00:00,,https://www.vlr.gg/642933/nova-esports-vs-trace-esports-vct-2026-china-stage-1-w2,e4f080fa8bb1f4a95e7088e2900f5a0538ecfad74290e46fcb8bc5aaa688a3d9,2026-10-06T15:40:39+00:00,257979,Lotus,12064,Nova Esports,12685,Trace Esports,12,14,26,12685
2864,642933,1,china,2026-04-10 05:00:00,,https://www.vlr.gg/642933/nova-esports-vs-trace-esports-vct-2026-china-stage-1-w2,e4f080fa8bb1f4a95e7088e2900f5a0538ecfad74290e46fcb8bc5aaa688a3d9,2026-10-06T15:40:39+00:00,257980,Split,12064,Nova Esports,12685,Trace Esports,10,13,23,12685
2775,644659,1,pacific,2026-04-10 06:35:00,12.05,https://www.vlr.gg/644659/nongshim-redforce-vs-drx-vct-2026-pacific-stage-1-w2,3fc1ef37dc1c4d4fa96ec25cb6758ccfe6b05b7a4d035b3658072bff96db327f,2026-10-06T15:35:38+00:00,258270,Haven,11060,Nongshim RedForce,8185,KIWOOM DRX,11,13,24,8185
2775,644659,1,pacific,2026-04-10 06:35:00,12.05,https://www.vlr.gg/644659/nongshim-redforce-vs-drx-vct-2026-pacific-stage-1-w2,3fc1ef37dc1c4d4fa96ec25cb6758ccfe6b05b7a4d035b3658072bff96db327f,2026-10-06T15:35:38+00:00,258271,Fracture,11060,Nongshim RedForce,8185,KIWOOM DRX,15,13,28,11060
2775,644659,1,pacific,2026-04-10 06:35:00,12.05,https://www.vlr.gg/644659/nongshim-redforce-vs-drx-vct-2026-pacific-stage-1-w2,3fc1ef37dc1c4d4fa96ec25cb6758ccfe6b05b7a4d035b3658072bff96db327f,2026-10-06T15:35:38+00:00,258272,Lotus,11060,Nongshim RedForce,8185,KIWOOM DRX,10,13,23,8185
2864,642934,1,china,2026-04-10 07:30:00,,https://www.vlr.gg/642934/funplus-phoenix-vs-bilibili-gaming-vct-2026-china-stage-1-w2,f20499393632685ab8c6ab070a280325f8dffe39c6f1ebf092bc847bc9b56462,2026-10-06T15:40:40+00:00,257982,Lotus,11328,FunPlus Phoenix,12010,Guangzhou Huadu Bilibili Gaming (Bilibili Gaming),8,13,21,12010
2864,642934,1,china,2026-04-10 07:30:00,,https://www.vlr.gg/642934/funplus-phoenix-vs-bilibili-gaming-vct-2026-china-stage-1-w2,f20499393632685ab8c6ab070a280325f8dffe39c6f1ebf092bc847bc9b56462,2026-10-06T15:40:40+00:00,257983,Fracture,11328,FunPlus Phoenix,12010,Guangzhou Huadu Bilibili Gaming (Bilibili Gaming),13,9,22,11328
2864,642934,1,china,2026-04-10 07:30:00,,https://www.vlr.gg/642934/funplus-phoenix-vs-bilibili-gaming-vct-2026-china-stage-1-w2,f20499393632685ab8c6ab070a280325f8dffe39c6f1ebf092bc847bc9b56462,2026-10-06T15:40:40+00:00,257984,Pearl,11328,FunPlus Phoenix,12010,Guangzhou Huadu Bilibili Gaming (Bilibili Gaming),2,13,15,12010
2863,644720,1,emea,2026-04-10 11:00:00,12.06,https://www.vlr.gg/644720/fut-esports-vs-natus-vincere-vct-2026-emea-stage-1-w2,1a83e3e6ae5510d51eb2a2dd3a2e9b07622774abd254abb636f8130542e92f80,2026-10-06T15:39:53+00:00,258369,Fracture,1184,FUT Esports,4915,Natus Vincere,9,13,22,4915
2863,644720,1,emea,2026-04-10 11:00:00,12.06,https://www.vlr.gg/644720/fut-esports-vs-natus-vincere-vct-2026-emea-stage-1-w2,1a83e3e6ae5510d51eb2a2dd3a2e9b07622774abd254abb636f8130542e92f80,2026-10-06T15:39:53+00:00,258370,Bind,1184,FUT Esports,4915,Natus Vincere,13,9,22,1184
2863,644720,1,emea,2026-04-10 11:00:00,12.06,https://www.vlr.gg/644720/fut-esports-vs-natus-vincere-vct-2026-emea-stage-1-w2,1a83e3e6ae5510d51eb2a2dd3a2e9b07622774abd254abb636f8130542e92f80,2026-10-06T15:39:53+00:00,258371,Split,1184,FUT Esports,4915,Natus Vincere,13,6,19,1184
2863,644721,1,emea,2026-04-10 14:20:00,12.06,https://www.vlr.gg/644721/gentle-mates-vs-karmine-corp-vct-2026-emea-stage-1-w2,5004b9ce81f126e43f6e59af65ad239077e69097deda8db2c9e6c7c250b4f3f0,2026-10-06T15:39:53+00:00,258372,Fracture,12694,Gentle Mates,8877,Karmine Corp,13,9,22,12694
2863,644721,1,emea,2026-04-10 14:20:00,12.06,https://www.vlr.gg/644721/gentle-mates-vs-karmine-corp-vct-2026-emea-stage-1-w2,5004b9ce81f126e43f6e59af65ad239077e69097deda8db2c9e6c7c250b4f3f0,2026-10-06T15:39:53+00:00,258373,Haven,12694,Gentle Mates,8877,Karmine Corp,9,13,22,8877
2863,644721,1,emea,2026-04-10 14:20:00,12.06,https://www.vlr.gg/644721/gentle-mates-vs-karmine-corp-vct-2026-emea-stage-1-w2,5004b9ce81f126e43f6e59af65ad239077e69097deda8db2c9e6c7c250b4f3f0,2026-10-06T15:39:53+00:00,258374,Pearl,12694,Gentle Mates,8877,Karmine Corp,13,9,22,12694
2860,645474,1,americas,2026-04-10 17:00:00,12.06,https://www.vlr.gg/645474/sentinels-vs-kr-esports-vct-2026-americas-stage-1-w1,f80aa91841bae95fb0c8118891fab1d58fc57ee172b5a40f0f19a24c89ee7447,2026-10-06T15:39:09+00:00,258575,Lotus,2,Sentinels,2355,KRÜ Esports,8,13,21,2355
2860,645474,1,americas,2026-04-10 17:00:00,12.06,https://www.vlr.gg/645474/sentinels-vs-kr-esports-vct-2026-americas-stage-1-w1,f80aa91841bae95fb0c8118891fab1d58fc57ee172b5a40f0f19a24c89ee7447,2026-10-06T15:39:09+00:00,258576,Breeze,2,Sentinels,2355,KRÜ Esports,9,13,22,2355
2860,645475,1,americas,2026-04-10 19:40:00,12.06,https://www.vlr.gg/645475/g2-esports-vs-mibr-vct-2026-americas-stage-1-w1,a522c362abbaab9b4febb552d933f3a95632e3addcd2db168a5c3dc4e09cf37b,2026-10-06T15:39:10+00:00,258578,Lotus,11058,G2 Esports,7386,MIBR,8,13,21,7386
2860,645475,1,americas,2026-04-10 19:40:00,12.06,https://www.vlr.gg/645475/g2-esports-vs-mibr-vct-2026-americas-stage-1-w1,a522c362abbaab9b4febb552d933f3a95632e3addcd2db168a5c3dc4e09cf37b,2026-10-06T15:39:10+00:00,258579,Split,11058,G2 Esports,7386,MIBR,14,16,30,7386
2934,656274,2,china,2026-04-11 02:00:00,,https://www.vlr.gg/656274/victory-no-limits-gaming-vs-ambitious-legend-gaming-china-national-tournament-2026-split-alpha-p,3abb9f0ff3fec43cee8d611dc1fc1276036f017d6f52363682c5c4971c1cbea2,2026-10-06T15:41:42+00:00,263614,Pearl,20082,Victory No Limits Gaming GC,15893,Ambitious Legend Gaming,13,9,22,20082
2934,656274,2,china,2026-04-11 02:00:00,,https://www.vlr.gg/656274/victory-no-limits-gaming-vs-ambitious-legend-gaming-china-national-tournament-2026-split-alpha-p,3abb9f0ff3fec43cee8d611dc1fc1276036f017d6f52363682c5c4971c1cbea2,2026-10-06T15:41:42+00:00,263616,Fracture,20082,Victory No Limits Gaming GC,15893,Ambitious Legend Gaming,13,2,15,20082
2775,644660,1,pacific,2026-04-11 04:00:00,12.05,https://www.vlr.gg/644660/team-secret-vs-global-esports-vct-2026-pacific-stage-1-w2,d9aa92a63a2cc584107dc53132893dd21de5f25961a771319f178763858ee31c,2026-10-06T15:35:39+00:00,258273,Split,6199,Team Secret,918,Global Esports,9,13,22,918
2775,644660,1,pacific,2026-04-11 04:00:00,12.05,https://www.vlr.gg/644660/team-secret-vs-global-esports-vct-2026-pacific-stage-1-w2,d9aa92a63a2cc584107dc53132893dd21de5f25961a771319f178763858ee31c,2026-10-06T15:35:39+00:00,258274,Lotus,6199,Team Secret,918,Global Esports,9,13,22,918
2934,656276,2,china,2026-04-11 04:00:00,,https://www.vlr.gg/656276/unsettled-resentment-vs-ever-growing-gaming-china-national-tournament-2026-split-alpha-pro-divis,677eada319b08a17e331aea931430aebd73cb63455f18ae03a2be2b8fdfb3937,2026-10-06T15:41:42+00:00,263620,Bind,21919,Unsettled Resentment,20604,Ever Growing Gaming,13,7,20,21919
2934,656276,2,china,2026-04-11 04:00:00,,https://www.vlr.gg/656276/unsettled-resentment-vs-ever-growing-gaming-china-national-tournament-2026-split-alpha-pro-divis,677eada319b08a17e331aea931430aebd73cb63455f18ae03a2be2b8fdfb3937,2026-10-06T15:41:42+00:00,263622,Haven,21919,Unsettled Resentment,20604,Ever Growing Gaming,13,6,19,21919
2864,642935,1,china,2026-04-11 05:00:00,,https://www.vlr.gg/642935/all-gamers-vs-tyloo-vct-2026-china-stage-1-w2,2300438b17c44aeb7120b7430daf7c508cc6a05d5f8f88b846c77ba9a011ca5f,2026-10-06T15:40:41+00:00,257985,Bind,1119,All Gamers,731,TYLOO,5,13,18,731
2864,642935,1,china,2026-04-11 05:00:00,,https://www.vlr.gg/642935/all-gamers-vs-tyloo-vct-2026-china-stage-1-w2,2300438b17c44aeb7120b7430daf7c508cc6a05d5f8f88b846c77ba9a011ca5f,2026-10-06T15:40:41+00:00,257986,Haven,1119,All Gamers,731,TYLOO,13,9,22,1119
2864,642935,1,china,2026-04-11 05:00:00,,https://www.vlr.gg/642935/all-gamers-vs-tyloo-vct-2026-china-stage-1-w2,2300438b17c44aeb7120b7430daf7c508cc6a05d5f8f88b846c77ba9a011ca5f,2026-10-06T15:40:41+00:00,257987,Breeze,1119,All Gamers,731,TYLOO,6,13,19,731
2934,656278,2,china,2026-04-11 06:00:00,,https://www.vlr.gg/656278/a-team-vs-ace-china-national-tournament-2026-split-alpha-pro-division-w3,e69f118ae6087c2bf6706c02fb5e27684fd78269efcba5e3763f232b9021fe3d,2026-10-06T15:41:43+00:00,263626,Haven,20603,A Team,21918,ACE,12,14,26,21918
2934,656278,2,china,2026-04-11 06:00:00,,https://www.vlr.gg/656278/a-team-vs-ace-china-national-tournament-2026-split-alpha-pro-division-w3,e69f118ae6087c2bf6706c02fb5e27684fd78269efcba5e3763f232b9021fe3d,2026-10-06T15:41:43+00:00,263628,Split,20603,A Team,21918,ACE,13,7,20,20603
2934,656278,2,china,2026-04-11 06:00:00,,https://www.vlr.gg/656278/a-team-vs-ace-china-national-tournament-2026-split-alpha-pro-division-w3,e69f118ae6087c2bf6706c02fb5e27684fd78269efcba5e3763f232b9021fe3d,2026-10-06T15:41:43+00:00,263630,Bind,20603,A Team,21918,ACE,13,7,20,20603
2775,644661,1,pacific,2026-04-11 06:25:00,12.05,https://www.vlr.gg/644661/rex-regum-qeon-vs-varrel-vct-2026-pacific-stage-1-w2,0f34664839c4972a33a107e1369f2726d8d57d69ab8871b5828c5d9820912edb,2026-10-06T15:35:40+00:00,258276,Bind,878,Rex Regum Qeon,11229,VARREL,13,11,24,878
2775,644661,1,pacific,2026-04-11 06:25:00,12.05,https://www.vlr.gg/644661/rex-regum-qeon-vs-varrel-vct-2026-pacific-stage-1-w2,0f34664839c4972a33a107e1369f2726d8d57d69ab8871b5828c5d9820912edb,2026-10-06T15:35:40+00:00,258277,Split,878,Rex Regum Qeon,11229,VARREL,16,14,30,878
2864,642936,1,china,2026-04-11 08:15:00,,https://www.vlr.gg/642936/edward-gaming-vs-dragon-ranger-gaming-vct-2026-china-stage-1-w2,aeb8ad699c59cd9aa259d641418d34f0e3cdcc01d06a79ace114df7c13dc6e1b,2026-10-06T15:40:42+00:00,257988,Breeze,1120,EDward Gaming,11981,Dragon Ranger Gaming,13,5,18,1120
2864,642936,1,china,2026-04-11 08:15:00,,https://www.vlr.gg/642936/edward-gaming-vs-dragon-ranger-gaming-vct-2026-china-stage-1-w2,aeb8ad699c59cd9aa259d641418d34f0e3cdcc01d06a79ace114df7c13dc6e1b,2026-10-06T15:40:42+00:00,257989,Lotus,1120,EDward Gaming,11981,Dragon Ranger Gaming,6,13,19,11981
2864,642936,1,china,2026-04-11 08:15:00,,https://www.vlr.gg/642936/edward-gaming-vs-dragon-ranger-gaming-vct-2026-china-stage-1-w2,aeb8ad699c59cd9aa259d641418d34f0e3cdcc01d06a79ace114df7c13dc6e1b,2026-10-06T15:40:42+00:00,257990,Split,1120,EDward Gaming,11981,Dragon Ranger Gaming,13,9,22,1120
2860,645476,1,americas,2026-04-11 17:00:00,12.06,https://www.vlr.gg/645476/100-thieves-vs-evil-geniuses-vct-2026-americas-stage-1-w1,ed859edad23a4e2ea6a569d4a3b5c3324de95e98d8c006d9ea75fe1e6066fc72,2026-10-06T15:39:11+00:00,258581,Haven,120,100 Thieves,5248,Evil Geniuses,13,8,21,120
2860,645476,1,americas,2026-04-11 17:00:00,12.06,https://www.vlr.gg/645476/100-thieves-vs-evil-geniuses-vct-2026-americas-stage-1-w1,ed859edad23a4e2ea6a569d4a3b5c3324de95e98d8c006d9ea75fe1e6066fc72,2026-10-06T15:39:11+00:00,258582,Breeze,120,100 Thieves,5248,Evil Geniuses,13,4,17,120
2860,645477,1,americas,2026-04-11 20:35:00,12.06,https://www.vlr.gg/645477/envy-vs-loud-vct-2026-americas-stage-1-w1,4b8add0b8b36d7ec1d6be45d47e30474653de0c031c7561831fb88488f36e005,2026-10-06T15:39:11+00:00,258584,Lotus,427,ENVY,6961,LOUD,13,9,22,427
2860,645477,1,americas,2026-04-11 20:35:00,12.06,https://www.vlr.gg/645477/envy-vs-loud-vct-2026-americas-stage-1-w1,4b8add0b8b36d7ec1d6be45d47e30474653de0c031c7561831fb88488f36e005,2026-10-06T15:39:11+00:00,258585,Pearl,427,ENVY,6961,LOUD,11,13,24,6961
2860,645477,1,americas,2026-04-11 20:35:00,12.06,https://www.vlr.gg/645477/envy-vs-loud-vct-2026-americas-stage-1-w1,4b8add0b8b36d7ec1d6be45d47e30474653de0c031c7561831fb88488f36e005,2026-10-06T15:39:11+00:00,258586,Breeze,427,ENVY,6961,LOUD,8,13,21,6961
2934,656280,2,china,2026-04-12 02:00:00,,https://www.vlr.gg/656280/world-sports-invictus-gaming-vs-weibo-gaming-china-national-tournament-2026-split-alpha-pro-divi,0296cf666fd7ac686d39d9022efbed585926af20f9276bfb25c3bb785a5b8ef0,2026-10-06T15:41:44+00:00,263632,Fracture,21699,World Sports Invictus Gaming,1224,Weibo Gaming,12,14,26,1224
2934,656280,2,china,2026-04-12 02:00:00,,https://www.vlr.gg/656280/world-sports-invictus-gaming-vs-weibo-gaming-china-national-tournament-2026-split-alpha-pro-divi,0296cf666fd7ac686d39d9022efbed585926af20f9276bfb25c3bb785a5b8ef0,2026-10-06T15:41:44+00:00,263634,Pearl,21699,World Sports Invictus Gaming,1224,Weibo Gaming,5,13,18,1224
2775,644662,1,pacific,2026-04-12 04:00:00,12.05,https://www.vlr.gg/644662/full-sense-vs-zeta-division-vct-2026-pacific-stage-1-w2,da5444ddf284cbcb1ae6bdf0b046623d87b827134b8fd49a56ea20adc3cf139f,2026-10-06T15:35:40+00:00,258279,Fracture,4050,FULL SENSE,5448,ZETA DIVISION,13,6,19,4050
2775,644662,1,pacific,2026-04-12 04:00:00,12.05,https://www.vlr.gg/644662/full-sense-vs-zeta-division-vct-2026-pacific-stage-1-w2,da5444ddf284cbcb1ae6bdf0b046623d87b827134b8fd49a56ea20adc3cf139f,2026-10-06T15:35:40+00:00,258280,Split,4050,FULL SENSE,5448,ZETA DIVISION,13,7,20,4050
2934,656282,2,china,2026-04-12 04:00:00,,https://www.vlr.gg/656282/any-questions-gaming-vs-octagonal-disposition-gaming-china-national-tournament-2026-split-alpha,785a8313948eba98f05baf58475672a6be9774382365eee871db7c2d5155f63f,2026-10-06T15:41:44+00:00,263638,Breeze,19531,Any Questions Gaming,12785,Octagonal Disposition Gaming,14,12,26,19531
2934,656282,2,china,2026-04-12 04:00:00,,https://www.vlr.gg/656282/any-questions-gaming-vs-octagonal-disposition-gaming-china-national-tournament-2026-split-alpha,785a8313948eba98f05baf58475672a6be9774382365eee871db7c2d5155f63f,2026-10-06T15:41:44+00:00,263640,Lotus,19531,Any Questions Gaming,12785,Octagonal Disposition Gaming,9,13,22,12785
2934,656282,2,china,2026-04-12 04:00:00,,https://www.vlr.gg/656282/any-questions-gaming-vs-octagonal-disposition-gaming-china-national-tournament-2026-split-alpha,785a8313948eba98f05baf58475672a6be9774382365eee871db7c2d5155f63f,2026-10-06T15:41:44+00:00,263642,Split,19531,Any Questions Gaming,12785,Octagonal Disposition Gaming,14,16,30,12785
2864,642937,1,china,2026-04-12 05:00:00,,https://www.vlr.gg/642937/jdg-esports-vs-titan-esports-club-vct-2026-china-stage-1-w2,dfffab7d981491f057acbcfe42b687db3ba2d5929bb751dae2c3c8bc76bfb1f0,2026-10-06T15:40:42+00:00,257991,Fracture,13576,JD Mall JDG Esports (JD Gaming),14137,Wuxi Titan Esports Club (Titan Esports Club),14,12,26,13576
2864,642937,1,china,2026-04-12 05:00:00,,https://www.vlr.gg/642937/jdg-esports-vs-titan-esports-club-vct-2026-china-stage-1-w2,dfffab7d981491f057acbcfe42b687db3ba2d5929bb751dae2c3c8bc76bfb1f0,2026-10-06T15:40:42+00:00,257992,Haven,13576,JD Mall JDG Esports (JD Gaming),14137,Wuxi Titan Esports Club (Titan Esports Club),13,9,22,13576
2775,644663,1,pacific,2026-04-12 05:50:00,12.05,https://www.vlr.gg/644663/gen-g-vs-paper-rex-vct-2026-pacific-stage-1-w2,9edefd13ff477dfdc92cfdf1c55dd03d14e3c841340f50d03148575ab272911d,2026-10-06T15:35:41+00:00,258282,Haven,17,Gen.G,624,Paper Rex,17,15,32,17
2775,644663,1,pacific,2026-04-12 05:50:00,12.05,https://www.vlr.gg/644663/gen-g-vs-paper-rex-vct-2026-pacific-stage-1-w2,9edefd13ff477dfdc92cfdf1c55dd03d14e3c841340f50d03148575ab272911d,2026-10-06T15:35:41+00:00,258283,Fracture,17,Gen.G,624,Paper Rex,3,13,16,624
2775,644663,1,pacific,2026-04-12 05:50:00,12.05,https://www.vlr.gg/644663/gen-g-vs-paper-rex-vct-2026-pacific-stage-1-w2,9edefd13ff477dfdc92cfdf1c55dd03d14e3c841340f50d03148575ab272911d,2026-10-06T15:35:41+00:00,258284,Lotus,17,Gen.G,624,Paper Rex,13,3,16,17
2934,656284,2,china,2026-04-12 06:00:00,,https://www.vlr.gg/656284/rare-atom-vs-keepbest-gaming-china-national-tournament-2026-split-alpha-pro-division-w3,52ccfd4298781d0398e0f10e4e1db223948fb3fc4e844de671a3fc8307f43801,2026-10-06T15:41:45+00:00,263644,Breeze,11985,Rare Atom,12784,KeepBest Gaming,1,13,14,12784
2934,656284,2,china,2026-04-12 06:00:00,,https://www.vlr.gg/656284/rare-atom-vs-keepbest-gaming-china-national-tournament-2026-split-alpha-pro-division-w3,52ccfd4298781d0398e0f10e4e1db223948fb3fc4e844de671a3fc8307f43801,2026-10-06T15:41:45+00:00,263646,Lotus,11985,Rare Atom,12784,KeepBest Gaming,13,9,22,11985
2934,656284,2,china,2026-04-12 06:00:00,,https://www.vlr.gg/656284/rare-atom-vs-keepbest-gaming-china-national-tournament-2026-split-alpha-pro-division-w3,52ccfd4298781d0398e0f10e4e1db223948fb3fc4e844de671a3fc8307f43801,2026-10-06T15:41:45+00:00,263648,Split,11985,Rare Atom,12784,KeepBest Gaming,13,9,22,11985
2864,642938,1,china,2026-04-12 07:35:00,,https://www.vlr.gg/642938/xi-lai-gaming-vs-wolves-esports-vct-2026-china-stage-1-w2,bae40bfa316caa08c37646834874c1652e1acd5ecf77908c7c120a8db72f77e2,2026-10-06T15:40:43+00:00,257994,Fracture,13581,Xi Lai Gaming,13790,Wolves Esports,10,13,23,13790
2864,642938,1,china,2026-04-12 07:35:00,,https://www.vlr.gg/642938/xi-lai-gaming-vs-wolves-esports-vct-2026-china-stage-1-w2,bae40bfa316caa08c37646834874c1652e1acd5ecf77908c7c120a8db72f77e2,2026-10-06T15:40:43+00:00,257995,Bind,13581,Xi Lai Gaming,13790,Wolves Esports,13,10,23,13581
2864,642938,1,china,2026-04-12 07:35:00,,https://www.vlr.gg/642938/xi-lai-gaming-vs-wolves-esports-vct-2026-china-stage-1-w2,bae40bfa316caa08c37646834874c1652e1acd5ecf77908c7c120a8db72f77e2,2026-10-06T15:40:43+00:00,257996,Lotus,13581,Xi Lai Gaming,13790,Wolves Esports,13,7,20,13581
2860,645478,1,americas,2026-04-12 17:00:00,12.06,https://www.vlr.gg/645478/cloud9-vs-leviat-n-vct-2026-americas-stage-1-w1,23e173f4f8587b4c0a699af50c9a3164c49dc5728bfe574c5ec60866cc312412,2026-10-06T15:39:12+00:00,258587,Pearl,188,Cloud9,2359,LEVIATÁN,6,13,19,2359
2860,645478,1,americas,2026-04-12 17:00:00,12.06,https://www.vlr.gg/645478/cloud9-vs-leviat-n-vct-2026-americas-stage-1-w1,23e173f4f8587b4c0a699af50c9a3164c49dc5728bfe574c5ec60866cc312412,2026-10-06T15:39:12+00:00,258588,Haven,188,Cloud9,2359,LEVIATÁN,5,13,18,2359
2860,645479,1,americas,2026-04-12 19:05:00,12.06,https://www.vlr.gg/645479/furia-vs-nrg-vct-2026-americas-stage-1-w1,e834b514452b92712e1d8cbf5ebd76105857c8053929d89efeb58326dd35718f,2026-10-06T15:39:13+00:00,258590,Pearl,2406,FURIA,1034,NRG,13,7,20,2406
2860,645479,1,americas,2026-04-12 19:05:00,12.06,https://www.vlr.gg/645479/furia-vs-nrg-vct-2026-americas-stage-1-w1,e834b514452b92712e1d8cbf5ebd76105857c8053929d89efeb58326dd35718f,2026-10-06T15:39:13+00:00,258591,Split,2406,FURIA,1034,NRG,13,10,23,2406
2934,656286,2,china,2026-04-13 02:00:00,,https://www.vlr.gg/656286/ambitious-legend-gaming-vs-ace-china-national-tournament-2026-split-alpha-pro-division-w3,e9e5cab54fdee69b9f2511e11d9372e0ced3e3c0ea9e59a6dfb578482b4cee22,2026-10-06T15:41:46+00:00,263650,Pearl,15893,Ambitious Legend Gaming,21918,ACE,13,9,22,15893
2934,656286,2,china,2026-04-13 02:00:00,,https://www.vlr.gg/656286/ambitious-legend-gaming-vs-ace-china-national-tournament-2026-split-alpha-pro-division-w3,e9e5cab54fdee69b9f2511e11d9372e0ced3e3c0ea9e59a6dfb578482b4cee22,2026-10-06T15:41:46+00:00,263652,Split,15893,Ambitious Legend Gaming,21918,ACE,5,13,18,21918
2934,656286,2,china,2026-04-13 02:00:00,,https://www.vlr.gg/656286/ambitious-legend-gaming-vs-ace-china-national-tournament-2026-split-alpha-pro-division-w3,e9e5cab54fdee69b9f2511e11d9372e0ced3e3c0ea9e59a6dfb578482b4cee22,2026-10-06T15:41:46+00:00,263654,Lotus,15893,Ambitious Legend Gaming,21918,ACE,9,13,22,21918
2934,656288,2,china,2026-04-13 04:00:00,,https://www.vlr.gg/656288/world-sports-invictus-gaming-vs-valenix-china-national-tournament-2026-split-alpha-pro-division,0474d398bcf39cc77ff7cb45abd20d8fd7ca4a2a9e9b7deae98edf079107c16b,2026-10-06T15:41:47+00:00,263656,Haven,21699,World Sports Invictus Gaming,21920,Valenix,13,4,17,21699
2934,656288,2,china,2026-04-13 04:00:00,,https://www.vlr.gg/656288/world-sports-invictus-gaming-vs-valenix-china-national-tournament-2026-split-alpha-pro-division,0474d398bcf39cc77ff7cb45abd20d8fd7ca4a2a9e9b7deae98edf079107c16b,2026-10-06T15:41:47+00:00,263658,Pearl,21699,World Sports Invictus Gaming,21920,Valenix,13,4,17,21699
2934,656290,2,china,2026-04-13 06:00:00,,https://www.vlr.gg/656290/victory-no-limits-gaming-vs-havoc-yonder-china-national-tournament-2026-split-alpha-pro-divisi,db1d67d2ccc038395a980d8243edb70149a76e6f0eb285292f4db7c62a6fd941,2026-10-06T15:41:47+00:00,263662,Fracture,20082,Victory No Limits Gaming GC,21917,Havoc & Yonder Gaming,13,5,18,20082
2934,656290,2,china,2026-04-13 06:00:00,,https://www.vlr.gg/656290/victory-no-limits-gaming-vs-havoc-yonder-china-national-tournament-2026-split-alpha-pro-divisi,db1d67d2ccc038395a980d8243edb70149a76e6f0eb285292f4db7c62a6fd941,2026-10-06T15:41:47+00:00,263664,Pearl,20082,Victory No Limits Gaming GC,21917,Havoc & Yonder Gaming,13,6,19,20082
2857,651755,2,americas,2026-04-13 16:00:00,12.06,https://www.vlr.gg/651755/division-one-vs-rose-challengers-2026-north-america-ace-stage-2-r5-1-3,7afdb479cb03d237b57cf5bbba758724081afa053d2c274798c7f35c3b0cc86c,2026-10-06T15:37:56+00:00,262122,Lotus,21714,Division One,11648,ROSE,13,4,17,21714
2857,651755,2,americas,2026-04-13 16:00:00,12.06,https://www.vlr.gg/651755/division-one-vs-rose-challengers-2026-north-america-ace-stage-2-r5-1-3,7afdb479cb03d237b57cf5bbba758724081afa053d2c274798c7f35c3b0cc86c,2026-10-06T15:37:56+00:00,262123,Haven,21714,Division One,11648,ROSE,13,8,21,21714
2857,651756,2,americas,2026-04-13 16:00:00,12.06,https://www.vlr.gg/651756/evil-geniuses-academy-vs-nrg-academy-challengers-2026-north-america-ace-stage-2-r5-2-2,69e5a8e2a3b8c76d6e7c9d36152322b9d41984a11a0cd0c7a1fefb9cf8712fb2,2026-10-06T15:37:57+00:00,262125,Bind,21054,Evil Geniuses Academy,21049,NRG Academy,13,10,23,21054
2857,651756,2,americas,2026-04-13 16:00:00,12.06,https://www.vlr.gg/651756/evil-geniuses-academy-vs-nrg-academy-challengers-2026-north-america-ace-stage-2-r5-2-2,69e5a8e2a3b8c76d6e7c9d36152322b9d41984a11a0cd0c7a1fefb9cf8712fb2,2026-10-06T15:37:57+00:00,262126,Lotus,21054,Evil Geniuses Academy,21049,NRG Academy,13,10,23,21054
2857,651757,2,americas,2026-04-13 18:10:00,12.06,https://www.vlr.gg/651757/evictix-vs-pigeons-challengers-2026-north-america-ace-stage-2-r5-1-3,b2cb3c126851faedbf9d91e91b12cb5944a8a38a355c6ff7f9d5f47a8410aff0,2026-10-06T15:37:58+00:00,262128,Fracture,19914,Evictix,16910,Pigeons,4,13,17,16910
2857,651757,2,americas,2026-04-13 18:10:00,12.06,https://www.vlr.gg/651757/evictix-vs-pigeons-challengers-2026-north-america-ace-stage-2-r5-1-3,b2cb3c126851faedbf9d91e91b12cb5944a8a38a355c6ff7f9d5f47a8410aff0,2026-10-06T15:37:58+00:00,262129,Lotus,19914,Evictix,16910,Pigeons,13,8,21,19914
2857,651757,2,americas,2026-04-13 18:10:00,12.06,https://www.vlr.gg/651757/evictix-vs-pigeons-challengers-2026-north-america-ace-stage-2-r5-1-3,b2cb3c126851faedbf9d91e91b12cb5944a8a38a355c6ff7f9d5f47a8410aff0,2026-10-06T15:37:58+00:00,262130,Breeze,19914,Evictix,16910,Pigeons,11,13,24,16910
2857,651758,2,americas,2026-04-13 18:15:00,12.06,https://www.vlr.gg/651758/alliance-guardians-vs-qor-challengers-2026-north-america-ace-stage-2-r5-2-2,08fb884e4030c8994e51422d93a76ff3747e187bd7eeab836d6ac49430fbc032,2026-10-06T15:37:58+00:00,262131,Lotus,16440,Alliance Guardians,6985,QoR,8,13,21,6985
2857,651758,2,americas,2026-04-13 18:15:00,12.06,https://www.vlr.gg/651758/alliance-guardians-vs-qor-challengers-2026-north-america-ace-stage-2-r5-2-2,08fb884e4030c8994e51422d93a76ff3747e187bd7eeab836d6ac49430fbc032,2026-10-06T15:37:58+00:00,262132,Split,16440,Alliance Guardians,6985,QoR,10,13,23,6985
2934,656292,2,china,2026-04-14 02:00:00,,https://www.vlr.gg/656292/unsettled-resentment-vs-keepbest-gaming-china-national-tournament-2026-split-alpha-pro-division,98f5a0c2f8afac5aab71a2e7dcafd5c02de7f4518892ff67148906e94c6c52f6,2026-10-06T15:41:48+00:00,263668,Split,21919,Unsettled Resentment,12784,KeepBest Gaming,16,18,34,12784
2934,656292,2,china,2026-04-14 02:00:00,,https://www.vlr.gg/656292/unsettled-resentment-vs-keepbest-gaming-china-national-tournament-2026-split-alpha-pro-division,98f5a0c2f8afac5aab71a2e7dcafd5c02de7f4518892ff67148906e94c6c52f6,2026-10-06T15:41:48+00:00,263670,Breeze,21919,Unsettled Resentment,12784,KeepBest Gaming,17,15,32,21919
2934,656292,2,china,2026-04-14 02:00:00,,https://www.vlr.gg/656292/unsettled-resentment-vs-keepbest-gaming-china-national-tournament-2026-split-alpha-pro-division,98f5a0c2f8afac5aab71a2e7dcafd5c02de7f4518892ff67148906e94c6c52f6,2026-10-06T15:41:48+00:00,263672,Haven,21919,Unsettled Resentment,12784,KeepBest Gaming,13,11,24,21919
2934,656294,2,china,2026-04-14 04:00:00,,https://www.vlr.gg/656294/a-team-vs-octagonal-disposition-gaming-china-national-tournament-2026-split-alpha-pro-division-w,11f6a40a344f0123b5118baa5feb8268105f19e31c10a17eb75b32f26088c840,2026-10-06T15:41:48+00:00,263674,Pearl,20603,A Team,12785,Octagonal Disposition Gaming,13,6,19,20603
2934,656294,2,china,2026-04-14 04:00:00,,https://www.vlr.gg/656294/a-team-vs-octagonal-disposition-gaming-china-national-tournament-2026-split-alpha-pro-division-w,11f6a40a344f0123b5118baa5feb8268105f19e31c10a17eb75b32f26088c840,2026-10-06T15:41:48+00:00,263676,Lotus,20603,A Team,12785,Octagonal Disposition Gaming,16,18,34,12785
2934,656294,2,china,2026-04-14 04:00:00,,https://www.vlr.gg/656294/a-team-vs-octagonal-disposition-gaming-china-national-tournament-2026-split-alpha-pro-division-w,11f6a40a344f0123b5118baa5feb8268105f19e31c10a17eb75b32f26088c840,2026-10-06T15:41:48+00:00,263678,Fracture,20603,A Team,12785,Octagonal Disposition Gaming,11,13,24,12785
2864,642939,1,china,2026-04-14 05:00:00,,https://www.vlr.gg/642939/tyloo-vs-jdg-esports-vct-2026-china-stage-1-w3,75dc95517bbd2d14c798c39323cf69fa53ed804c88e7bfad2fff423e771ae3c8,2026-10-06T15:40:44+00:00,257997,Bind,731,TYLOO,13576,JD Mall JDG Esports (JD Gaming),15,17,32,13576
2864,642939,1,china,2026-04-14 05:00:00,,https://www.vlr.gg/642939/tyloo-vs-jdg-esports-vct-2026-china-stage-1-w3,75dc95517bbd2d14c798c39323cf69fa53ed804c88e7bfad2fff423e771ae3c8,2026-10-06T15:40:44+00:00,257998,Haven,731,TYLOO,13576,JD Mall JDG Esports (JD Gaming),8,13,21,13576
2934,656296,2,china,2026-04-14 06:00:00,,https://www.vlr.gg/656296/weibo-gaming-vs-ever-growing-gaming-china-national-tournament-2026-split-alpha-pro-division-w3,af50f9d2dd1f9140c9db91ebc096ca99891957cf8518a2709450e3e4197a806b,2026-10-06T15:41:49+00:00,263680,Pearl,1224,Weibo Gaming,20604,Ever Growing Gaming,17,15,32,1224
2934,656296,2,china,2026-04-14 06:00:00,,https://www.vlr.gg/656296/weibo-gaming-vs-ever-growing-gaming-china-national-tournament-2026-split-alpha-pro-division-w3,af50f9d2dd1f9140c9db91ebc096ca99891957cf8518a2709450e3e4197a806b,2026-10-06T15:41:49+00:00,263682,Fracture,1224,Weibo Gaming,20604,Ever Growing Gaming,13,5,18,1224
2864,642940,1,china,2026-04-14 07:55:00,,https://www.vlr.gg/642940/trace-esports-vs-dragon-ranger-gaming-vct-2026-china-stage-1-w3,1bc05218c49bce01d247f35b751fd2ba8207bb1c06ce333deac1b563c57b9dff,2026-10-06T15:40:45+00:00,258000,Lotus,12685,Trace Esports,11981,Dragon Ranger Gaming,13,5,18,12685
2864,642940,1,china,2026-04-14 07:55:00,,https://www.vlr.gg/642940/trace-esports-vs-dragon-ranger-gaming-vct-2026-china-stage-1-w3,1bc05218c49bce01d247f35b751fd2ba8207bb1c06ce333deac1b563c57b9dff,2026-10-06T15:40:45+00:00,258001,Bind,12685,Trace Esports,11981,Dragon Ranger Gaming,11,13,24,11981
2864,642940,1,china,2026-04-14 07:55:00,,https://www.vlr.gg/642940/trace-esports-vs-dragon-ranger-gaming-vct-2026-china-stage-1-w3,1bc05218c49bce01d247f35b751fd2ba8207bb1c06ce333deac1b563c57b9dff,2026-10-06T15:40:45+00:00,258002,Breeze,12685,Trace Esports,11981,Dragon Ranger Gaming,10,13,23,11981
2857,651759,2,americas,2026-04-14 16:00:00,12.06,https://www.vlr.gg/651759/nightblood-gaming-vs-sad-esports-challengers-2026-north-america-ace-stage-2-r5-2-2,5560b25083aab5e61107fa8661c049d9f681786ba54a345ba50b385f266beff4,2026-10-06T15:37:59+00:00,262134,Bind,5601,Nightblood Gaming,13920,SaD Esports,13,6,19,5601
2857,651759,2,americas,2026-04-14 16:00:00,12.06,https://www.vlr.gg/651759/nightblood-gaming-vs-sad-esports-challengers-2026-north-america-ace-stage-2-r5-2-2,5560b25083aab5e61107fa8661c049d9f681786ba54a345ba50b385f266beff4,2026-10-06T15:37:59+00:00,262135,Haven,5601,Nightblood Gaming,13920,SaD Esports,9,13,22,13920
2857,651759,2,americas,2026-04-14 16:00:00,12.06,https://www.vlr.gg/651759/nightblood-gaming-vs-sad-esports-challengers-2026-north-america-ace-stage-2-r5-2-2,5560b25083aab5e61107fa8661c049d9f681786ba54a345ba50b385f266beff4,2026-10-06T15:37:59+00:00,262136,Split,5601,Nightblood Gaming,13920,SaD Esports,13,8,21,5601
2857,651760,2,americas,2026-04-14 16:00:00,12.06,https://www.vlr.gg/651760/m80-vs-azure-dragon-gaming-challengers-2026-north-america-ace-stage-2-r5-3-1,05ea04845e9e8ab7e9f69740048970bec5ceb77c5d8fb9213965cb151a5ef24d,2026-10-06T15:38:00+00:00,262137,Fracture,11001,M80,21053,Azure Dragon Gaming,13,7,20,11001
2857,651760,2,americas,2026-04-14 16:00:00,12.06,https://www.vlr.gg/651760/m80-vs-azure-dragon-gaming-challengers-2026-north-america-ace-stage-2-r5-3-1,05ea04845e9e8ab7e9f69740048970bec5ceb77c5d8fb9213965cb151a5ef24d,2026-10-06T15:38:00+00:00,262138,Breeze,11001,M80,21053,Azure Dragon Gaming,13,7,20,11001
2857,651761,2,americas,2026-04-14 19:00:00,12.06,https://www.vlr.gg/651761/shopify-rebellion-black-vs-flyquest-challengers-2026-north-america-ace-stage-2-r5-3-1,aaea8bc6f322d96266aa1dafd25fc386129adce7305e5bc3982fa7a8f5f661e9,2026-10-06T15:38:00+00:00,262140,Lotus,9353,Shopify Rebellion Black,21838,FlyQuest,6,13,19,21838
2857,651761,2,americas,2026-04-14 19:00:00,12.06,https://www.vlr.gg/651761/shopify-rebellion-black-vs-flyquest-challengers-2026-north-america-ace-stage-2-r5-3-1,aaea8bc6f322d96266aa1dafd25fc386129adce7305e5bc3982fa7a8f5f661e9,2026-10-06T15:38:00+00:00,262141,Pearl,9353,Shopify Rebellion Black,21838,FlyQuest,11,13,24,21838
2864,642941,1,china,2026-04-15 05:00:00,,https://www.vlr.gg/642941/titan-esports-club-vs-funplus-phoenix-vct-2026-china-stage-1-w3,e5872447efac5b445f146831aec9fe1000101ddc0b3f6e6018646e5fce527e16,2026-10-06T15:40:45+00:00,258003,Fracture,14137,Wuxi Titan Esports Club (Titan Esports Club),11328,FunPlus Phoenix,13,2,15,14137
2864,642941,1,china,2026-04-15 05:00:00,,https://www.vlr.gg/642941/titan-esports-club-vs-funplus-phoenix-vct-2026-china-stage-1-w3,e5872447efac5b445f146831aec9fe1000101ddc0b3f6e6018646e5fce527e16,2026-10-06T15:40:45+00:00,258004,Split,14137,Wuxi Titan Esports Club (Titan Esports Club),11328,FunPlus Phoenix,13,10,23,14137
2864,642942,1,china,2026-04-15 07:05:00,,https://www.vlr.gg/642942/all-gamers-vs-bilibili-gaming-vct-2026-china-stage-1-w3,51531ac7d27f2029bde112e01fd3e745c64015664b4a8f3a102ad6751b84bf00,2026-10-06T15:40:46+00:00,258006,Lotus,1119,All Gamers,12010,Guangzhou Huadu Bilibili Gaming (Bilibili Gaming),13,7,20,1119
2864,642942,1,china,2026-04-15 07:05:00,,https://www.vlr.gg/642942/all-gamers-vs-bilibili-gaming-vct-2026-china-stage-1-w3,51531ac7d27f2029bde112e01fd3e745c64015664b4a8f3a102ad6751b84bf00,2026-10-06T15:40:46+00:00,258007,Pearl,1119,All Gamers,12010,Guangzhou Huadu Bilibili Gaming (Bilibili Gaming),3,13,16,12010
2864,642942,1,china,2026-04-15 07:05:00,,https://www.vlr.gg/642942/all-gamers-vs-bilibili-gaming-vct-2026-china-stage-1-w3,51531ac7d27f2029bde112e01fd3e745c64015664b4a8f3a102ad6751b84bf00,2026-10-06T15:40:46+00:00,258008,Bind,1119,All Gamers,12010,Guangzhou Huadu Bilibili Gaming (Bilibili Gaming),13,7,20,1119
2863,644722,1,emea,2026-04-15 11:00:00,12.06,https://www.vlr.gg/644722/bbl-esports-vs-giantx-vct-2026-emea-stage-1-w3,d0164686553b6bb989be08f2592eca79699c3bc0c27bbfbaa871f9b3b52386c5,2026-10-06T15:39:54+00:00,258375,Haven,397,BBL Esports,14419,GIANTX,11,13,24,14419
2863,644722,1,emea,2026-04-15 11:00:00,12.06,https://www.vlr.gg/644722/bbl-esports-vs-giantx-vct-2026-emea-stage-1-w3,d0164686553b6bb989be08f2592eca79699c3bc0c27bbfbaa871f9b3b52386c5,2026-10-06T15:39:54+00:00,258376,Lotus,397,BBL Esports,14419,GIANTX,13,7,20,397
2863,644722,1,emea,2026-04-15 11:00:00,12.06,https://www.vlr.gg/644722/bbl-esports-vs-giantx-vct-2026-emea-stage-1-w3,d0164686553b6bb989be08f2592eca79699c3bc0c27bbfbaa871f9b3b52386c5,2026-10-06T15:39:54+00:00,264326,Split,397,BBL Esports,14419,GIANTX,9,13,22,14419
2863,644723,1,emea,2026-04-15 14:20:00,12.06,https://www.vlr.gg/644723/gentle-mates-vs-natus-vincere-vct-2026-emea-stage-1-w3,797cf3262f9a042bb4647ed34a9f26195776c05e24e323e9e5abe3263994f0e4,2026-10-06T15:39:55+00:00,258378,Pearl,12694,Gentle Mates,4915,Natus Vincere,13,10,23,12694
2863,644723,1,emea,2026-04-15 14:20:00,12.06,https://www.vlr.gg/644723/gentle-mates-vs-natus-vincere-vct-2026-emea-stage-1-w3,797cf3262f9a042bb4647ed34a9f26195776c05e24e323e9e5abe3263994f0e4,2026-10-06T15:39:55+00:00,258379,Lotus,12694,Gentle Mates,4915,Natus Vincere,13,8,21,12694
2934,656317,2,china,2026-04-16 02:00:00,,https://www.vlr.gg/656317/havoc-yonder-vs-octagonal-disposition-gaming-china-national-tournament-2026-split-alpha-pro-di,4e7352ce28cf192ab31dccb9f50f4ed34bfc31e0fa1bee1e3d8147b81829627b,2026-10-06T15:41:50+00:00,263745,Split,21917,Havoc & Yonder Gaming,12785,Octagonal Disposition Gaming,13,10,23,21917
2934,656317,2,china,2026-04-16 02:00:00,,https://www.vlr.gg/656317/havoc-yonder-vs-octagonal-disposition-gaming-china-national-tournament-2026-split-alpha-pro-di,4e7352ce28cf192ab31dccb9f50f4ed34bfc31e0fa1bee1e3d8147b81829627b,2026-10-06T15:41:50+00:00,263746,Lotus,21917,Havoc & Yonder Gaming,12785,Octagonal Disposition Gaming,12,14,26,12785
2934,656317,2,china,2026-04-16 02:00:00,,https://www.vlr.gg/656317/havoc-yonder-vs-octagonal-disposition-gaming-china-national-tournament-2026-split-alpha-pro-di,4e7352ce28cf192ab31dccb9f50f4ed34bfc31e0fa1bee1e3d8147b81829627b,2026-10-06T15:41:50+00:00,263747,Fracture,21917,Havoc & Yonder Gaming,12785,Octagonal Disposition Gaming,10,13,23,12785
2934,656318,2,china,2026-04-16 04:00:00,,https://www.vlr.gg/656318/world-sports-invictus-gaming-vs-rare-atom-china-national-tournament-2026-split-alpha-pro-divisio,6ea3a04ab457931652cf595ff62937c5926ff8f0e087b00b825d0328fade49b2,2026-10-06T15:41:50+00:00,263748,Breeze,21699,World Sports Invictus Gaming,11985,Rare Atom,1,13,14,11985
2934,656318,2,china,2026-04-16 04:00:00,,https://www.vlr.gg/656318/world-sports-invictus-gaming-vs-rare-atom-china-national-tournament-2026-split-alpha-pro-divisio,6ea3a04ab457931652cf595ff62937c5926ff8f0e087b00b825d0328fade49b2,2026-10-06T15:41:50+00:00,263749,Split,21699,World Sports Invictus Gaming,11985,Rare Atom,3,13,16,11985
2864,642943,1,china,2026-04-16 05:00:00,,https://www.vlr.gg/642943/nova-esports-vs-wolves-esports-vct-2026-china-stage-1-w3,f831799ada526cbcc6e3bdf9429e1793c162a4c23f09d9b70585ba9b6842c9dd,2026-10-06T15:40:47+00:00,258009,Lotus,12064,Nova Esports,13790,Wolves Esports,13,10,23,12064
2864,642943,1,china,2026-04-16 05:00:00,,https://www.vlr.gg/642943/nova-esports-vs-wolves-esports-vct-2026-china-stage-1-w3,f831799ada526cbcc6e3bdf9429e1793c162a4c23f09d9b70585ba9b6842c9dd,2026-10-06T15:40:47+00:00,258010,Fracture,12064,Nova Esports,13790,Wolves Esports,13,8,21,12064
2934,656319,2,china,2026-04-16 06:00:00,,https://www.vlr.gg/656319/victory-no-limits-gaming-vs-any-questions-gaming-china-national-tournament-2026-split-alpha-pro,dfb50a29a37faeb5c6e291f214f09b2ecfbf0c28e6a4a4f04bcf20c120142969,2026-10-06T15:41:51+00:00,263751,Bind,20082,Victory No Limits Gaming GC,19531,Any Questions Gaming,13,7,20,20082
2934,656319,2,china,2026-04-16 06:00:00,,https://www.vlr.gg/656319/victory-no-limits-gaming-vs-any-questions-gaming-china-national-tournament-2026-split-alpha-pro,dfb50a29a37faeb5c6e291f214f09b2ecfbf0c28e6a4a4f04bcf20c120142969,2026-10-06T15:41:51+00:00,263752,Split,20082,Victory No Limits Gaming GC,19531,Any Questions Gaming,9,13,22,19531
2934,656319,2,china,2026-04-16 06:00:00,,https://www.vlr.gg/656319/victory-no-limits-gaming-vs-any-questions-gaming-china-national-tournament-2026-split-alpha-pro,dfb50a29a37faeb5c6e291f214f09b2ecfbf0c28e6a4a4f04bcf20c120142969,2026-10-06T15:41:51+00:00,263753,Haven,20082,Victory No Limits Gaming GC,19531,Any Questions Gaming,8,13,21,19531
2864,642944,1,china,2026-04-16 07:15:00,,https://www.vlr.gg/642944/edward-gaming-vs-xi-lai-gaming-vct-2026-china-stage-1-w3,b19abcd71610961f094371190051c3366a19e4e2591d05a818b1bd38004e24b9,2026-10-06T15:40:48+00:00,258012,Lotus,1120,EDward Gaming,13581,Xi Lai Gaming,13,8,21,1120
2864,642944,1,china,2026-04-16 07:15:00,,https://www.vlr.gg/642944/edward-gaming-vs-xi-lai-gaming-vct-2026-china-stage-1-w3,b19abcd71610961f094371190051c3366a19e4e2591d05a818b1bd38004e24b9,2026-10-06T15:40:48+00:00,258013,Haven,1120,EDward Gaming,13581,Xi Lai Gaming,9,13,22,13581
2864,642944,1,china,2026-04-16 07:15:00,,https://www.vlr.gg/642944/edward-gaming-vs-xi-lai-gaming-vct-2026-china-stage-1-w3,b19abcd71610961f094371190051c3366a19e4e2591d05a818b1bd38004e24b9,2026-10-06T15:40:48+00:00,258014,Split,1120,EDward Gaming,13581,Xi Lai Gaming,5,13,18,13581
2863,644724,1,emea,2026-04-16 11:00:00,12.06,https://www.vlr.gg/644724/eternal-fire-vs-team-vitality-vct-2026-emea-stage-1-w3,84f03499b3c53b445471ce87274b865616a0992bdaa17d03715a84a782abd7e7,2026-10-06T15:39:56+00:00,258381,Bind,6392,Eternal Fire,2059,Team Vitality,13,11,24,6392
2863,644724,1,emea,2026-04-16 11:00:00,12.06,https://www.vlr.gg/644724/eternal-fire-vs-team-vitality-vct-2026-emea-stage-1-w3,84f03499b3c53b445471ce87274b865616a0992bdaa17d03715a84a782abd7e7,2026-10-06T15:39:56+00:00,258382,Lotus,6392,Eternal Fire,2059,Team Vitality,13,6,19,6392
2863,644725,1,emea,2026-04-16 13:30:00,12.06,https://www.vlr.gg/644725/karmine-corp-vs-team-heretics-vct-2026-emea-stage-1-w3,f261b3d23aee171ddbfee77b34b0f74d774513c7b963cc15cb3a3d36edc058d7,2026-10-06T15:39:57+00:00,258384,Haven,8877,Karmine Corp,1001,Team Heretics,13,6,19,8877
2863,644725,1,emea,2026-04-16 13:30:00,12.06,https://www.vlr.gg/644725/karmine-corp-vs-team-heretics-vct-2026-emea-stage-1-w3,f261b3d23aee171ddbfee77b34b0f74d774513c7b963cc15cb3a3d36edc058d7,2026-10-06T15:39:57+00:00,258385,Lotus,8877,Karmine Corp,1001,Team Heretics,2,13,15,1001
2863,644725,1,emea,2026-04-16 13:30:00,12.06,https://www.vlr.gg/644725/karmine-corp-vs-team-heretics-vct-2026-emea-stage-1-w3,f261b3d23aee171ddbfee77b34b0f74d774513c7b963cc15cb3a3d36edc058d7,2026-10-06T15:39:57+00:00,258386,Fracture,8877,Karmine Corp,1001,Team Heretics,7,13,20,1001
2934,656320,2,china,2026-04-17 02:00:00,,https://www.vlr.gg/656320/valenix-vs-keepbest-gaming-china-national-tournament-2026-split-alpha-pro-division-w4,bc34244a9d453dfe7274fd74261beea64762307f8d2dc5f7c5a1c993236ea0c2,2026-10-06T15:41:51+00:00,263754,Breeze,21920,Valenix,12784,KeepBest Gaming,6,13,19,12784
2934,656320,2,china,2026-04-17 02:00:00,,https://www.vlr.gg/656320/valenix-vs-keepbest-gaming-china-national-tournament-2026-split-alpha-pro-division-w4,bc34244a9d453dfe7274fd74261beea64762307f8d2dc5f7c5a1c993236ea0c2,2026-10-06T15:41:51+00:00,263755,Lotus,21920,Valenix,12784,KeepBest Gaming,1,13,14,12784
2775,644665,1,pacific,2026-04-17 04:00:00,12.05,https://www.vlr.gg/644665/full-sense-vs-varrel-vct-2026-pacific-stage-1-w3,5b9f819baa4a59f2323b8437feb550d0bdb80ab1506b28cb9fb2a28e2ac4f850,2026-10-06T15:35:42+00:00,258285,Haven,4050,FULL SENSE,11229,VARREL,13,5,18,4050
2775,644665,1,pacific,2026-04-17 04:00:00,12.05,https://www.vlr.gg/644665/full-sense-vs-varrel-vct-2026-pacific-stage-1-w3,5b9f819baa4a59f2323b8437feb550d0bdb80ab1506b28cb9fb2a28e2ac4f850,2026-10-06T15:35:42+00:00,265130,Lotus,4050,FULL SENSE,11229,VARREL,14,12,26,4050
2934,656321,2,china,2026-04-17 04:00:00,,https://www.vlr.gg/656321/a-team-vs-ambitious-legend-gaming-china-national-tournament-2026-split-alpha-pro-division-w4,1753a841c6fb1821732623d254e1b5c606595313867fb6400a31de0dd4cb38e3,2026-10-06T15:41:52+00:00,263757,Haven,20603,A Team,15893,Ambitious Legend Gaming,11,13,24,15893
2934,656321,2,china,2026-04-17 04:00:00,,https://www.vlr.gg/656321/a-team-vs-ambitious-legend-gaming-china-national-tournament-2026-split-alpha-pro-division-w4,1753a841c6fb1821732623d254e1b5c606595313867fb6400a31de0dd4cb38e3,2026-10-06T15:41:52+00:00,263758,Split,20603,A Team,15893,Ambitious Legend Gaming,12,14,26,15893
2934,656322,2,china,2026-04-17 06:00:00,,https://www.vlr.gg/656322/unsettled-resentment-vs-weibo-gaming-china-national-tournament-2026-split-alpha-pro-division-w4,d8e1f309e317d3af6be4552d3dd8765d2bc74ce1ffadb0698372ae2278ebe8b6,2026-10-06T15:41:53+00:00,263760,Bind,21919,Unsettled Resentment,1224,Weibo Gaming,12,14,26,1224
2934,656322,2,china,2026-04-17 06:00:00,,https://www.vlr.gg/656322/unsettled-resentment-vs-weibo-gaming-china-national-tournament-2026-split-alpha-pro-division-w4,d8e1f309e317d3af6be4552d3dd8765d2bc74ce1ffadb0698372ae2278ebe8b6,2026-10-06T15:41:53+00:00,263761,Lotus,21919,Unsettled Resentment,1224,Weibo Gaming,13,11,24,21919
2934,656322,2,china,2026-04-17 06:00:00,,https://www.vlr.gg/656322/unsettled-resentment-vs-weibo-gaming-china-national-tournament-2026-split-alpha-pro-division-w4,d8e1f309e317d3af6be4552d3dd8765d2bc74ce1ffadb0698372ae2278ebe8b6,2026-10-06T15:41:53+00:00,263762,Split,21919,Unsettled Resentment,1224,Weibo Gaming,11,13,24,1224
2775,644666,1,pacific,2026-04-17 06:20:00,12.05,https://www.vlr.gg/644666/team-secret-vs-paper-rex-vct-2026-pacific-stage-1-w3,05575c9c05f03b560d2e8cd53501ad53b14f4bdafe0f2cd4033b66c2756cf7c6,2026-10-06T15:35:43+00:00,258288,Breeze,6199,Team Secret,624,Paper Rex,4,13,17,624
2775,644666,1,pacific,2026-04-17 06:20:00,12.05,https://www.vlr.gg/644666/team-secret-vs-paper-rex-vct-2026-pacific-stage-1-w3,05575c9c05f03b560d2e8cd53501ad53b14f4bdafe0f2cd4033b66c2756cf7c6,2026-10-06T15:35:43+00:00,258289,Split,6199,Team Secret,624,Paper Rex,16,18,34,624
2863,644726,1,emea,2026-04-17 11:00:00,12.06,https://www.vlr.gg/644726/fut-esports-vs-team-liquid-vct-2026-emea-stage-1-w3,3e0433a0cbaa66dc052bd3ef0f4febb46b8208ebd763f015305b5b4b6af67c94,2026-10-06T15:39:58+00:00,258387,Breeze,1184,FUT Esports,474,Team Liquid,13,9,22,1184
2863,644726,1,emea,2026-04-17 11:00:00,12.06,https://www.vlr.gg/644726/fut-esports-vs-team-liquid-vct-2026-emea-stage-1-w3,3e0433a0cbaa66dc052bd3ef0f4febb46b8208ebd763f015305b5b4b6af67c94,2026-10-06T15:39:58+00:00,258388,Haven,1184,FUT Esports,474,Team Liquid,15,13,28,1184
2863,644727,1,emea,2026-04-17 13:40:00,12.06,https://www.vlr.gg/644727/pcific-esports-vs-fnatic-vct-2026-emea-stage-1-w3,8368de1b195b28170fe4c06326b975b6828d6a53969df47f4a27c53542f83d48,2026-10-06T15:39:59+00:00,258390,Split,3478,PCIFIC Esports,2593,FNATIC,11,13,24,2593
2863,644727,1,emea,2026-04-17 13:40:00,12.06,https://www.vlr.gg/644727/pcific-esports-vs-fnatic-vct-2026-emea-stage-1-w3,8368de1b195b28170fe4c06326b975b6828d6a53969df47f4a27c53542f83d48,2026-10-06T15:39:59+00:00,258391,Lotus,3478,PCIFIC Esports,2593,FNATIC,4,13,17,2593
2860,645480,1,americas,2026-04-17 17:00:00,12.06,https://www.vlr.gg/645480/cloud9-vs-envy-vct-2026-americas-stage-1-w2,a898bce4b739185acf6beda0f43c075ed2f3a19e80cb2f2fe69d1fe85d16b267,2026-10-06T15:39:13+00:00,258593,Split,188,Cloud9,427,ENVY,13,11,24,188
2860,645480,1,americas,2026-04-17 17:00:00,12.06,https://www.vlr.gg/645480/cloud9-vs-envy-vct-2026-americas-stage-1-w2,a898bce4b739185acf6beda0f43c075ed2f3a19e80cb2f2fe69d1fe85d16b267,2026-10-06T15:39:13+00:00,258594,Pearl,188,Cloud9,427,ENVY,5,13,18,427
2860,645480,1,americas,2026-04-17 17:00:00,12.06,https://www.vlr.gg/645480/cloud9-vs-envy-vct-2026-americas-stage-1-w2,a898bce4b739185acf6beda0f43c075ed2f3a19e80cb2f2fe69d1fe85d16b267,2026-10-06T15:39:13+00:00,258595,Haven,188,Cloud9,427,ENVY,9,13,22,427
2860,645481,1,americas,2026-04-17 20:05:00,12.06,https://www.vlr.gg/645481/furia-vs-evil-geniuses-vct-2026-americas-stage-1-w2,9185f2f97ccba23b2380199ac9d348f41200c194d3c3d8fd8d3bb8ba15da66d4,2026-10-06T15:39:14+00:00,258596,Haven,2406,FURIA,5248,Evil Geniuses,12,14,26,5248
2860,645481,1,americas,2026-04-17 20:05:00,12.06,https://www.vlr.gg/645481/furia-vs-evil-geniuses-vct-2026-americas-stage-1-w2,9185f2f97ccba23b2380199ac9d348f41200c194d3c3d8fd8d3bb8ba15da66d4,2026-10-06T15:39:14+00:00,258597,Pearl,2406,FURIA,5248,Evil Geniuses,13,5,18,2406
2860,645481,1,americas,2026-04-17 20:05:00,12.06,https://www.vlr.gg/645481/furia-vs-evil-geniuses-vct-2026-americas-stage-1-w2,9185f2f97ccba23b2380199ac9d348f41200c194d3c3d8fd8d3bb8ba15da66d4,2026-10-06T15:39:14+00:00,258598,Lotus,2406,FURIA,5248,Evil Geniuses,13,10,23,2406
2775,644667,1,pacific,2026-04-18 04:00:00,12.05,https://www.vlr.gg/644667/kiwoom-drx-vs-global-esports-vct-2026-pacific-stage-1-w3,62c1bea26b49d006b1d990fda7c3221fd34d3b95a142b66b8017836105242eb0,2026-10-06T15:35:43+00:00,258291,Fracture,8185,KIWOOM DRX,918,Global Esports,13,8,21,8185
2775,644667,1,pacific,2026-04-18 04:00:00,12.05,https://www.vlr.gg/644667/kiwoom-drx-vs-global-esports-vct-2026-pacific-stage-1-w3,62c1bea26b49d006b1d990fda7c3221fd34d3b95a142b66b8017836105242eb0,2026-10-06T15:35:43+00:00,258292,Haven,8185,KIWOOM DRX,918,Global Esports,13,9,22,8185
2864,642947,1,china,2026-04-18 05:00:00,,https://www.vlr.gg/642947/tyloo-vs-dragon-ranger-gaming-vct-2026-china-stage-1-seeding,16979ed65f5293540079d51d41d531a238f818bb56dd0361d193f1bb6d9e36bb,2026-10-06T15:40:48+00:00,258021,Haven,731,TYLOO,11981,Dragon Ranger Gaming,13,10,23,731
2864,642947,1,china,2026-04-18 05:00:00,,https://www.vlr.gg/642947/tyloo-vs-dragon-ranger-gaming-vct-2026-china-stage-1-seeding,16979ed65f5293540079d51d41d531a238f818bb56dd0361d193f1bb6d9e36bb,2026-10-06T15:40:48+00:00,258022,Breeze,731,TYLOO,11981,Dragon Ranger Gaming,13,7,20,731
2775,644668,1,pacific,2026-04-18 06:20:00,12.05,https://www.vlr.gg/644668/zeta-division-vs-detonation-focusme-vct-2026-pacific-stage-1-w3,91ddc68ade5ec674d12f85e89891d5a4bb522f98e877296d69ded51495926d87,2026-10-06T15:35:44+00:00,258294,Bind,5448,ZETA DIVISION,278,DetonatioN FocusMe,13,10,23,5448
2775,644668,1,pacific,2026-04-18 06:20:00,12.05,https://www.vlr.gg/644668/zeta-division-vs-detonation-focusme-vct-2026-pacific-stage-1-w3,91ddc68ade5ec674d12f85e89891d5a4bb522f98e877296d69ded51495926d87,2026-10-06T15:35:44+00:00,258295,Lotus,5448,ZETA DIVISION,278,DetonatioN FocusMe,7,13,20,278
2775,644668,1,pacific,2026-04-18 06:20:00,12.05,https://www.vlr.gg/644668/zeta-division-vs-detonation-focusme-vct-2026-pacific-stage-1-w3,91ddc68ade5ec674d12f85e89891d5a4bb522f98e877296d69ded51495926d87,2026-10-06T15:35:44+00:00,258296,Pearl,5448,ZETA DIVISION,278,DetonatioN FocusMe,5,13,18,278
2864,642946,1,china,2026-04-18 07:15:00,,https://www.vlr.gg/642946/jdg-esports-vs-edward-gaming-vct-2026-china-stage-1-seeding,ff925deb0f481f1d0d0a6f59728350fe89a7867e5db26a1df96a6dc7e93bf653,2026-10-06T15:40:49+00:00,258018,Fracture,13576,JD Mall JDG Esports (JD Gaming),1120,EDward Gaming,13,9,22,13576
2864,642946,1,china,2026-04-18 07:15:00,,https://www.vlr.gg/642946/jdg-esports-vs-edward-gaming-vct-2026-china-stage-1-seeding,ff925deb0f481f1d0d0a6f59728350fe89a7867e5db26a1df96a6dc7e93bf653,2026-10-06T15:40:49+00:00,258019,Haven,13576,JD Mall JDG Esports (JD Gaming),1120,EDward Gaming,8,13,21,1120
2864,642946,1,china,2026-04-18 07:15:00,,https://www.vlr.gg/642946/jdg-esports-vs-edward-gaming-vct-2026-china-stage-1-seeding,ff925deb0f481f1d0d0a6f59728350fe89a7867e5db26a1df96a6dc7e93bf653,2026-10-06T15:40:49+00:00,258020,Bind,13576,JD Mall JDG Esports (JD Gaming),1120,EDward Gaming,12,14,26,1120
2860,645482,1,americas,2026-04-18 17:00:00,12.06,https://www.vlr.gg/645482/g2-esports-vs-leviat-n-vct-2026-americas-stage-1-w2,ef13de30fb55155097e4e8df19e5b7826c9c10ac9ab59a295a2c2a6d17a56b4c,2026-10-06T15:39:15+00:00,258599,Breeze,11058,G2 Esports,2359,LEVIATÁN,13,6,19,11058
2860,645482,1,americas,2026-04-18 17:00:00,12.06,https://www.vlr.gg/645482/g2-esports-vs-leviat-n-vct-2026-americas-stage-1-w2,ef13de30fb55155097e4e8df19e5b7826c9c10ac9ab59a295a2c2a6d17a56b4c,2026-10-06T15:39:15+00:00,258600,Split,11058,G2 Esports,2359,LEVIATÁN,11,13,24,2359
2860,645482,1,americas,2026-04-18 17:00:00,12.06,https://www.vlr.gg/645482/g2-esports-vs-leviat-n-vct-2026-americas-stage-1-w2,ef13de30fb55155097e4e8df19e5b7826c9c10ac9ab59a295a2c2a6d17a56b4c,2026-10-06T15:39:15+00:00,258601,Bind,11058,G2 Esports,2359,LEVIATÁN,12,14,26,2359
2860,645483,1,americas,2026-04-18 20:30:00,12.06,https://www.vlr.gg/645483/mibr-vs-loud-vct-2026-americas-stage-1-w2,134212a98fa869ee8747c93810de1420f24b3f2e29b5e4cf06c878e89092252a,2026-10-06T15:39:16+00:00,258602,Haven,7386,MIBR,6961,LOUD,13,10,23,7386
2860,645483,1,americas,2026-04-18 20:30:00,12.06,https://www.vlr.gg/645483/mibr-vs-loud-vct-2026-americas-stage-1-w2,134212a98fa869ee8747c93810de1420f24b3f2e29b5e4cf06c878e89092252a,2026-10-06T15:39:16+00:00,258603,Split,7386,MIBR,6961,LOUD,13,4,17,7386
2775,644669,1,pacific,2026-04-19 04:00:00,12.05,https://www.vlr.gg/644669/rex-regum-qeon-vs-t1-vct-2026-pacific-stage-1-w3,440d3fc4845a9a8d8b0056b4c2a52951cab0f61298a10b092a6946f3bab55d24,2026-10-06T15:35:45+00:00,258297,Pearl,878,Rex Regum Qeon,14,T1,8,13,21,14
2775,644669,1,pacific,2026-04-19 04:00:00,12.05,https://www.vlr.gg/644669/rex-regum-qeon-vs-t1-vct-2026-pacific-stage-1-w3,440d3fc4845a9a8d8b0056b4c2a52951cab0f61298a10b092a6946f3bab55d24,2026-10-06T15:35:45+00:00,258298,Bind,878,Rex Regum Qeon,14,T1,10,13,23,14
2864,642948,1,china,2026-04-19 05:00:00,,https://www.vlr.gg/642948/titan-esports-club-vs-trace-esports-vct-2026-china-stage-1-seeding,0edc19458048f3498782bf889f20e5180e393cce4ad67fa9cf1cd4fe647f2bd0,2026-10-06T15:40:50+00:00,258024,Fracture,14137,Wuxi Titan Esports Club (Titan Esports Club),12685,Trace Esports,13,8,21,14137
2864,642948,1,china,2026-04-19 05:00:00,,https://www.vlr.gg/642948/titan-esports-club-vs-trace-esports-vct-2026-china-stage-1-seeding,0edc19458048f3498782bf889f20e5180e393cce4ad67fa9cf1cd4fe647f2bd0,2026-10-06T15:40:50+00:00,258025,Split,14137,Wuxi Titan Esports Club (Titan Esports Club),12685,Trace Esports,9,13,22,12685
2864,642948,1,china,2026-04-19 05:00:00,,https://www.vlr.gg/642948/titan-esports-club-vs-trace-esports-vct-2026-china-stage-1-seeding,0edc19458048f3498782bf889f20e5180e393cce4ad67fa9cf1cd4fe647f2bd0,2026-10-06T15:40:50+00:00,258026,Breeze,14137,Wuxi Titan Esports Club (Titan Esports Club),12685,Trace Esports,8,13,21,12685
2775,644670,1,pacific,2026-04-19 06:25:00,12.05,https://www.vlr.gg/644670/nongshim-redforce-vs-gen-g-vct-2026-pacific-stage-1-w3,804eb7c18f19834e3d19b10d9955a23f388266cd48d4d9b539b09d2023e1a973,2026-10-06T15:35:46+00:00,258300,Pearl,11060,Nongshim RedForce,17,Gen.G,13,8,21,11060
2775,644670,1,pacific,2026-04-19 06:25:00,12.05,https://www.vlr.gg/644670/nongshim-redforce-vs-gen-g-vct-2026-pacific-stage-1-w3,804eb7c18f19834e3d19b10d9955a23f388266cd48d4d9b539b09d2023e1a973,2026-10-06T15:35:46+00:00,258301,Breeze,11060,Nongshim RedForce,17,Gen.G,13,3,16,11060
2864,642945,1,china,2026-04-19 08:25:00,,https://www.vlr.gg/642945/all-gamers-vs-xi-lai-gaming-vct-2026-china-stage-1-seeding,ccf0075edb351b45650862fa5c17212bd288183ec91151fbb6343dde989b5a01,2026-10-06T15:40:51+00:00,258015,Lotus,1119,All Gamers,13581,Xi Lai Gaming,13,8,21,1119
2864,642945,1,china,2026-04-19 08:25:00,,https://www.vlr.gg/642945/all-gamers-vs-xi-lai-gaming-vct-2026-china-stage-1-seeding,ccf0075edb351b45650862fa5c17212bd288183ec91151fbb6343dde989b5a01,2026-10-06T15:40:51+00:00,258016,Bind,1119,All Gamers,13581,Xi Lai Gaming,5,13,18,13581
2864,642945,1,china,2026-04-19 08:25:00,,https://www.vlr.gg/642945/all-gamers-vs-xi-lai-gaming-vct-2026-china-stage-1-seeding,ccf0075edb351b45650862fa5c17212bd288183ec91151fbb6343dde989b5a01,2026-10-06T15:40:51+00:00,258017,Split,1119,All Gamers,13581,Xi Lai Gaming,8,13,21,13581
2860,645484,1,americas,2026-04-19 17:00:00,12.06,https://www.vlr.gg/645484/nrg-vs-kr-esports-vct-2026-americas-stage-1-w2,35ec2442fa0a23b8a6756d79d6a8de05e901b5a73a922f63dc93f0d76b1d110a,2026-10-06T15:39:17+00:00,258605,Lotus,1034,NRG,2355,KRÜ Esports,10,13,23,2355
2860,645484,1,americas,2026-04-19 17:00:00,12.06,https://www.vlr.gg/645484/nrg-vs-kr-esports-vct-2026-americas-stage-1-w2,35ec2442fa0a23b8a6756d79d6a8de05e901b5a73a922f63dc93f0d76b1d110a,2026-10-06T15:39:17+00:00,258606,Split,1034,NRG,2355,KRÜ Esports,8,13,21,2355
2860,645485,1,americas,2026-04-19 19:20:00,12.06,https://www.vlr.gg/645485/100-thieves-vs-sentinels-vct-2026-americas-stage-1-w2,7fdf724a0cef4f5a4f62f3ece1b4eda096ae674b826406624fd1017d3c756326,2026-10-06T15:39:17+00:00,258608,Haven,120,100 Thieves,2,Sentinels,10,13,23,2
2860,645485,1,americas,2026-04-19 19:20:00,12.06,https://www.vlr.gg/645485/100-thieves-vs-sentinels-vct-2026-americas-stage-1-w2,7fdf724a0cef4f5a4f62f3ece1b4eda096ae674b826406624fd1017d3c756326,2026-10-06T15:39:17+00:00,258609,Split,120,100 Thieves,2,Sentinels,17,19,36,2
2934,681032,2,china,2026-04-20 04:00:00,,https://www.vlr.gg/681032/octagonal-disposition-gaming-vs-keepbest-gaming-china-national-tournament-2026-split-alpha-pro-d,c624d06144d52a78952756f37b86ef77a49381e3e2e452476c7a917ac6e0008c,2026-10-06T15:41:53+00:00,269362,Haven,12785,Octagonal Disposition Gaming,12784,KeepBest Gaming,7,13,20,12784
2934,681032,2,china,2026-04-20 04:00:00,,https://www.vlr.gg/681032/octagonal-disposition-gaming-vs-keepbest-gaming-china-national-tournament-2026-split-alpha-pro-d,c624d06144d52a78952756f37b86ef77a49381e3e2e452476c7a917ac6e0008c,2026-10-06T15:41:53+00:00,269363,Lotus,12785,Octagonal Disposition Gaming,12784,KeepBest Gaming,13,10,23,12785
2934,681032,2,china,2026-04-20 04:00:00,,https://www.vlr.gg/681032/octagonal-disposition-gaming-vs-keepbest-gaming-china-national-tournament-2026-split-alpha-pro-d,c624d06144d52a78952756f37b86ef77a49381e3e2e452476c7a917ac6e0008c,2026-10-06T15:41:53+00:00,269364,Breeze,12785,Octagonal Disposition Gaming,12784,KeepBest Gaming,8,13,21,12784
2934,681033,2,china,2026-04-20 07:00:00,,https://www.vlr.gg/681033/victory-no-limits-gaming-vs-rare-atom-china-national-tournament-2026-split-alpha-pro-division-ub,8d12f1bf4a7eb2edff31bd345ef80825095dc5d897bd8b143726f54f4061ff27,2026-10-06T15:41:54+00:00,269365,Bind,20082,Victory No Limits Gaming GC,11985,Rare Atom,13,15,28,11985
2934,681033,2,china,2026-04-20 07:00:00,,https://www.vlr.gg/681033/victory-no-limits-gaming-vs-rare-atom-china-national-tournament-2026-split-alpha-pro-division-ub,8d12f1bf4a7eb2edff31bd345ef80825095dc5d897bd8b143726f54f4061ff27,2026-10-06T15:41:54+00:00,269366,Lotus,20082,Victory No Limits Gaming GC,11985,Rare Atom,13,4,17,20082
2934,681033,2,china,2026-04-20 07:00:00,,https://www.vlr.gg/681033/victory-no-limits-gaming-vs-rare-atom-china-national-tournament-2026-split-alpha-pro-division-ub,8d12f1bf4a7eb2edff31bd345ef80825095dc5d897bd8b143726f54f4061ff27,2026-10-06T15:41:54+00:00,269367,Pearl,20082,Victory No Limits Gaming GC,11985,Rare Atom,14,12,26,20082
2857,656692,2,americas,2026-04-20 16:00:00,12.06,https://www.vlr.gg/656692/nightblood-gaming-vs-division-one-challengers-2026-north-america-ace-stage-2-r6-3-2-vs-2-3,61f2eef781ca0dd5affd21d7be1d2f78836d6f33fe39f288bfa39fb496bc3a2d,2026-10-06T15:38:01+00:00,263966,Breeze,5601,Nightblood Gaming,21714,Division One,11,13,24,21714
2857,656692,2,americas,2026-04-20 16:00:00,12.06,https://www.vlr.gg/656692/nightblood-gaming-vs-division-one-challengers-2026-north-america-ace-stage-2-r6-3-2-vs-2-3,61f2eef781ca0dd5affd21d7be1d2f78836d6f33fe39f288bfa39fb496bc3a2d,2026-10-06T15:38:01+00:00,263967,Haven,5601,Nightblood Gaming,21714,Division One,13,7,20,5601
2857,656692,2,americas,2026-04-20 16:00:00,12.06,https://www.vlr.gg/656692/nightblood-gaming-vs-division-one-challengers-2026-north-america-ace-stage-2-r6-3-2-vs-2-3,61f2eef781ca0dd5affd21d7be1d2f78836d6f33fe39f288bfa39fb496bc3a2d,2026-10-06T15:38:01+00:00,263968,Bind,5601,Nightblood Gaming,21714,Division One,10,13,23,21714
2857,656693,2,americas,2026-04-20 16:00:00,12.06,https://www.vlr.gg/656693/nrg-academy-vs-sad-esports-challengers-2026-north-america-ace-stage-2-r6-2-3,67dbd1cbe9a67f2a609bffa534030074db6851d2e9f061355f11e52f4d198a9a,2026-10-06T15:38:02+00:00,263969,Lotus,21049,NRG Academy,13920,SaD Esports,13,8,21,21049
2857,656693,2,americas,2026-04-20 16:00:00,12.06,https://www.vlr.gg/656693/nrg-academy-vs-sad-esports-challengers-2026-north-america-ace-stage-2-r6-2-3,67dbd1cbe9a67f2a609bffa534030074db6851d2e9f061355f11e52f4d198a9a,2026-10-06T15:38:02+00:00,263970,Bind,21049,NRG Academy,13920,SaD Esports,13,10,23,21049
2857,656694,2,americas,2026-04-20 19:15:00,12.06,https://www.vlr.gg/656694/alliance-guardians-vs-pigeons-challengers-2026-north-america-ace-stage-2-r6-2-3,4c60db154aed0c3fd8d16d3d2bceeb87c51eb7ff1e19ed6193d64523f8d4549c,2026-10-06T15:38:03+00:00,263972,Lotus,16440,Alliance Guardians,16910,Pigeons,13,7,20,16440
2857,656694,2,americas,2026-04-20 19:15:00,12.06,https://www.vlr.gg/656694/alliance-guardians-vs-pigeons-challengers-2026-north-america-ace-stage-2-r6-2-3,4c60db154aed0c3fd8d16d3d2bceeb87c51eb7ff1e19ed6193d64523f8d4549c,2026-10-06T15:38:03+00:00,263973,Split,16440,Alliance Guardians,16910,Pigeons,11,13,24,16910
2857,656694,2,americas,2026-04-20 19:15:00,12.06,https://www.vlr.gg/656694/alliance-guardians-vs-pigeons-challengers-2026-north-america-ace-stage-2-r6-2-3,4c60db154aed0c3fd8d16d3d2bceeb87c51eb7ff1e19ed6193d64523f8d4549c,2026-10-06T15:38:03+00:00,263974,Haven,16440,Alliance Guardians,16910,Pigeons,11,13,24,16910
2934,681034,2,china,2026-04-21 04:00:00,,https://www.vlr.gg/681034/any-questions-gaming-vs-unsettled-resentment-china-national-tournament-2026-split-alpha-pro-divi,ef25c503ef5a16a0087a4e3cb332ed68808b8dcd804683a991962d7987215fc6,2026-10-06T15:41:54+00:00,269368,Breeze,19531,Any Questions Gaming,21919,Unsettled Resentment,5,13,18,21919
2934,681034,2,china,2026-04-21 04:00:00,,https://www.vlr.gg/681034/any-questions-gaming-vs-unsettled-resentment-china-national-tournament-2026-split-alpha-pro-divi,ef25c503ef5a16a0087a4e3cb332ed68808b8dcd804683a991962d7987215fc6,2026-10-06T15:41:54+00:00,269369,Bind,19531,Any Questions Gaming,21919,Unsettled Resentment,7,13,20,21919
2934,681035,2,china,2026-04-21 07:00:00,,https://www.vlr.gg/681035/ace-vs-weibo-gaming-china-national-tournament-2026-split-alpha-pro-division-ubqf,cc52117e254b3c9ace5df23f757fc49aada0e6d3fbd21aeea0ed941e69252e23,2026-10-06T15:41:55+00:00,269371,Haven,21918,ACE,1224,Weibo Gaming,11,13,24,1224
2934,681035,2,china,2026-04-21 07:00:00,,https://www.vlr.gg/681035/ace-vs-weibo-gaming-china-national-tournament-2026-split-alpha-pro-division-ubqf,cc52117e254b3c9ace5df23f757fc49aada0e6d3fbd21aeea0ed941e69252e23,2026-10-06T15:41:55+00:00,269372,Pearl,21918,ACE,1224,Weibo Gaming,10,13,23,1224
2857,656695,2,americas,2026-04-21 16:00:00,12.06,https://www.vlr.gg/656695/qor-vs-azure-dragon-gaming-challengers-2026-north-america-ace-stage-2-r6-3-2,34b88dc37120df05ae3f0434a87469a24102b89e381b3dbf7b4e084bebf94e78,2026-10-06T15:38:03+00:00,263975,Fracture,6985,QoR,21053,Azure Dragon Gaming,10,13,23,21053
2857,656695,2,americas,2026-04-21 16:00:00,12.06,https://www.vlr.gg/656695/qor-vs-azure-dragon-gaming-challengers-2026-north-america-ace-stage-2-r6-3-2,34b88dc37120df05ae3f0434a87469a24102b89e381b3dbf7b4e084bebf94e78,2026-10-06T15:38:03+00:00,263976,Breeze,6985,QoR,21053,Azure Dragon Gaming,13,8,21,6985
2857,656695,2,americas,2026-04-21 16:00:00,12.06,https://www.vlr.gg/656695/qor-vs-azure-dragon-gaming-challengers-2026-north-america-ace-stage-2-r6-3-2,34b88dc37120df05ae3f0434a87469a24102b89e381b3dbf7b4e084bebf94e78,2026-10-06T15:38:03+00:00,263977,Bind,6985,QoR,21053,Azure Dragon Gaming,13,7,20,6985
2857,656696,2,americas,2026-04-21 19:00:00,12.06,https://www.vlr.gg/656696/evil-geniuses-academy-vs-shopify-rebellion-black-challengers-2026-north-america-ace-stage-2-r6,c57ab2826367b39c993a4315db161ca59b1ac931905e85f01654487c37629314,2026-10-06T15:38:04+00:00,263978,Split,21054,Evil Geniuses Academy,9353,Shopify Rebellion Black,13,4,17,21054
2857,656696,2,americas,2026-04-21 19:00:00,12.06,https://www.vlr.gg/656696/evil-geniuses-academy-vs-shopify-rebellion-black-challengers-2026-north-america-ace-stage-2-r6,c57ab2826367b39c993a4315db161ca59b1ac931905e85f01654487c37629314,2026-10-06T15:38:04+00:00,263979,Lotus,21054,Evil Geniuses Academy,9353,Shopify Rebellion Black,13,7,20,21054
2934,681036,2,china,2026-04-22 04:00:00,,https://www.vlr.gg/681036/keepbest-gaming-vs-victory-no-limits-gaming-china-national-tournament-2026-split-alpha-pro-divis,cd3c891c26e14dc3508efa05bb60ffc76f0014dea17ed4eec0d869fd12e60506,2026-10-06T15:41:56+00:00,269374,Haven,12784,KeepBest Gaming,20082,Victory No Limits Gaming GC,13,10,23,12784
2934,681036,2,china,2026-04-22 04:00:00,,https://www.vlr.gg/681036/keepbest-gaming-vs-victory-no-limits-gaming-china-national-tournament-2026-split-alpha-pro-divis,cd3c891c26e14dc3508efa05bb60ffc76f0014dea17ed4eec0d869fd12e60506,2026-10-06T15:41:56+00:00,269375,Lotus,12784,KeepBest Gaming,20082,Victory No Limits Gaming GC,13,7,20,12784
2934,681037,2,china,2026-04-22 07:00:00,,https://www.vlr.gg/681037/unsettled-resentment-vs-weibo-gaming-china-national-tournament-2026-split-alpha-pro-division-ubs,cabfce6c908a42cc7197eb0ac6b1b1e551c53c44bfda6ee6f6c1ad5ddaacacc8,2026-10-06T15:41:57+00:00,269377,Lotus,21919,Unsettled Resentment,1224,Weibo Gaming,9,13,22,1224
2934,681037,2,china,2026-04-22 07:00:00,,https://www.vlr.gg/681037/unsettled-resentment-vs-weibo-gaming-china-national-tournament-2026-split-alpha-pro-division-ubs,cabfce6c908a42cc7197eb0ac6b1b1e551c53c44bfda6ee6f6c1ad5ddaacacc8,2026-10-06T15:41:57+00:00,269378,Split,21919,Unsettled Resentment,1224,Weibo Gaming,10,13,23,1224
2863,644728,1,emea,2026-04-22 11:00:00,12.07,https://www.vlr.gg/644728/eternal-fire-vs-pcific-esports-vct-2026-emea-stage-1-w4,3bbcfdbbaf40093037bf6c550f06e0ea999c2d4666ba8b92a53205d1ebec18f4,2026-10-06T15:40:00+00:00,258393,Split,6392,Eternal Fire,3478,PCIFIC Esports,9,13,22,3478
2863,644728,1,emea,2026-04-22 11:00:00,12.07,https://www.vlr.gg/644728/eternal-fire-vs-pcific-esports-vct-2026-emea-stage-1-w4,3bbcfdbbaf40093037bf6c550f06e0ea999c2d4666ba8b92a53205d1ebec18f4,2026-10-06T15:40:00+00:00,258394,Fracture,6392,Eternal Fire,3478,PCIFIC Esports,13,11,24,6392
2863,644728,1,emea,2026-04-22 11:00:00,12.07,https://www.vlr.gg/644728/eternal-fire-vs-pcific-esports-vct-2026-emea-stage-1-w4,3bbcfdbbaf40093037bf6c550f06e0ea999c2d4666ba8b92a53205d1ebec18f4,2026-10-06T15:40:00+00:00,258395,Lotus,6392,Eternal Fire,3478,PCIFIC Esports,13,11,24,6392
2863,644729,1,emea,2026-04-22 14:10:00,12.07,https://www.vlr.gg/644729/natus-vincere-vs-team-liquid-vct-2026-emea-stage-1-w4,fc3bd55f4e02d927c7501c58b5ae6bcfdfc0862c1c267a3c5da24e704c4db78e,2026-10-06T15:40:01+00:00,258396,Bind,4915,Natus Vincere,474,Team Liquid,9,13,22,474
2863,644729,1,emea,2026-04-22 14:10:00,12.07,https://www.vlr.gg/644729/natus-vincere-vs-team-liquid-vct-2026-emea-stage-1-w4,fc3bd55f4e02d927c7501c58b5ae6bcfdfc0862c1c267a3c5da24e704c4db78e,2026-10-06T15:40:01+00:00,258397,Split,4915,Natus Vincere,474,Team Liquid,13,9,22,4915
2863,644729,1,emea,2026-04-22 14:10:00,12.07,https://www.vlr.gg/644729/natus-vincere-vs-team-liquid-vct-2026-emea-stage-1-w4,fc3bd55f4e02d927c7501c58b5ae6bcfdfc0862c1c267a3c5da24e704c4db78e,2026-10-06T15:40:01+00:00,258398,Lotus,4915,Natus Vincere,474,Team Liquid,7,13,20,474
2857,661041,2,americas,2026-04-22 16:00:00,12.06,https://www.vlr.gg/661041/azure-dragon-gaming-vs-pigeons-challengers-2026-north-america-ace-stage-2-r7-3-3,495c4dfdf3fe67d3d9b041d6043c2c344c9d42c46c88ab26a1d36a3b52e538c4,2026-10-06T15:38:05+00:00,265749,Fracture,21053,Azure Dragon Gaming,16910,Pigeons,13,7,20,21053
2857,661041,2,americas,2026-04-22 16:00:00,12.06,https://www.vlr.gg/661041/azure-dragon-gaming-vs-pigeons-challengers-2026-north-america-ace-stage-2-r7-3-3,495c4dfdf3fe67d3d9b041d6043c2c344c9d42c46c88ab26a1d36a3b52e538c4,2026-10-06T15:38:05+00:00,265750,Breeze,21053,Azure Dragon Gaming,16910,Pigeons,13,5,18,21053
2857,661042,2,americas,2026-04-22 16:00:00,12.06,https://www.vlr.gg/661042/shopify-rebellion-black-vs-nightblood-gaming-challengers-2026-north-america-ace-stage-2-r7-3-3,10618797bcc18edc13b18507b93be9a83d114cfaafa7133fab552789d00bbb3c,2026-10-06T15:38:05+00:00,265752,Split,9353,Shopify Rebellion Black,5601,Nightblood Gaming,13,10,23,9353
2857,661042,2,americas,2026-04-22 16:00:00,12.06,https://www.vlr.gg/661042/shopify-rebellion-black-vs-nightblood-gaming-challengers-2026-north-america-ace-stage-2-r7-3-3,10618797bcc18edc13b18507b93be9a83d114cfaafa7133fab552789d00bbb3c,2026-10-06T15:38:05+00:00,265753,Haven,9353,Shopify Rebellion Black,5601,Nightblood Gaming,13,5,18,9353
2857,661043,2,americas,2026-04-22 18:00:00,12.06,https://www.vlr.gg/661043/nrg-academy-vs-division-one-challengers-2026-north-america-ace-stage-2-r7-3-3,96ce0f29b6844e18ba73daf9198fe764db45ddf7d651df932a613d7b56576b88,2026-10-06T15:38:06+00:00,265755,Bind,21049,NRG Academy,21714,Division One,2,13,15,21714
2857,661043,2,americas,2026-04-22 18:00:00,12.06,https://www.vlr.gg/661043/nrg-academy-vs-division-one-challengers-2026-north-america-ace-stage-2-r7-3-3,96ce0f29b6844e18ba73daf9198fe764db45ddf7d651df932a613d7b56576b88,2026-10-06T15:38:06+00:00,265756,Lotus,21049,NRG Academy,21714,Division One,2,13,15,21714
2863,644730,1,emea,2026-04-23 11:00:00,12.07,https://www.vlr.gg/644730/giantx-vs-fnatic-vct-2026-emea-stage-1-w4,1574851fcc0a7190e4d0aacf36bf6ca2a2e2dc140c9496ee962aa4280c8092c4,2026-10-06T15:40:02+00:00,258399,Haven,14419,GIANTX,2593,FNATIC,13,3,16,14419
2863,644730,1,emea,2026-04-23 11:00:00,12.07,https://www.vlr.gg/644730/giantx-vs-fnatic-vct-2026-emea-stage-1-w4,1574851fcc0a7190e4d0aacf36bf6ca2a2e2dc140c9496ee962aa4280c8092c4,2026-10-06T15:40:02+00:00,258400,Bind,14419,GIANTX,2593,FNATIC,7,13,20,2593
2863,644730,1,emea,2026-04-23 11:00:00,12.07,https://www.vlr.gg/644730/giantx-vs-fnatic-vct-2026-emea-stage-1-w4,1574851fcc0a7190e4d0aacf36bf6ca2a2e2dc140c9496ee962aa4280c8092c4,2026-10-06T15:40:02+00:00,258401,Breeze,14419,GIANTX,2593,FNATIC,9,13,22,2593
2863,644731,1,emea,2026-04-23 14:00:00,12.07,https://www.vlr.gg/644731/karmine-corp-vs-fut-esports-vct-2026-emea-stage-1-w4,88ceb9d67623e71c8262a7f08524e72d10480036c7dfa9827c10700fb354565f,2026-10-06T15:40:02+00:00,258402,Haven,8877,Karmine Corp,1184,FUT Esports,13,9,22,8877
2863,644731,1,emea,2026-04-23 14:00:00,12.07,https://www.vlr.gg/644731/karmine-corp-vs-fut-esports-vct-2026-emea-stage-1-w4,88ceb9d67623e71c8262a7f08524e72d10480036c7dfa9827c10700fb354565f,2026-10-06T15:40:02+00:00,258403,Lotus,8877,Karmine Corp,1184,FUT Esports,10,13,23,1184
2863,644731,1,emea,2026-04-23 14:00:00,12.07,https://www.vlr.gg/644731/karmine-corp-vs-fut-esports-vct-2026-emea-stage-1-w4,88ceb9d67623e71c8262a7f08524e72d10480036c7dfa9827c10700fb354565f,2026-10-06T15:40:02+00:00,258404,Bind,8877,Karmine Corp,1184,FUT Esports,8,13,21,1184
2775,644671,1,pacific,2026-04-24 04:00:00,12.06,https://www.vlr.gg/644671/rex-regum-qeon-vs-full-sense-vct-2026-pacific-stage-1-w4,71e806fc87320df67c7b0221cd61f83dc7d60944dda6fb0c0f4e03ab8a2eb120,2026-10-06T15:35:46+00:00,258303,Pearl,878,Rex Regum Qeon,4050,FULL SENSE,9,13,22,4050
2775,644671,1,pacific,2026-04-24 04:00:00,12.06,https://www.vlr.gg/644671/rex-regum-qeon-vs-full-sense-vct-2026-pacific-stage-1-w4,71e806fc87320df67c7b0221cd61f83dc7d60944dda6fb0c0f4e03ab8a2eb120,2026-10-06T15:35:46+00:00,258304,Haven,878,Rex Regum Qeon,4050,FULL SENSE,13,10,23,878
2775,644671,1,pacific,2026-04-24 04:00:00,12.06,https://www.vlr.gg/644671/rex-regum-qeon-vs-full-sense-vct-2026-pacific-stage-1-w4,71e806fc87320df67c7b0221cd61f83dc7d60944dda6fb0c0f4e03ab8a2eb120,2026-10-06T15:35:46+00:00,258305,Fracture,878,Rex Regum Qeon,4050,FULL SENSE,13,3,16,878
2775,644672,1,pacific,2026-04-24 07:00:00,12.06,https://www.vlr.gg/644672/paper-rex-vs-global-esports-vct-2026-pacific-stage-1-w4,cf671600c3d89b9447205e6bb297d20a9508f63d083e803299114a6fd9613bc2,2026-10-06T15:35:48+00:00,258306,Split,624,Paper Rex,918,Global Esports,13,3,16,624
2775,644672,1,pacific,2026-04-24 07:00:00,12.06,https://www.vlr.gg/644672/paper-rex-vs-global-esports-vct-2026-pacific-stage-1-w4,cf671600c3d89b9447205e6bb297d20a9508f63d083e803299114a6fd9613bc2,2026-10-06T15:35:48+00:00,258307,Pearl,624,Paper Rex,918,Global Esports,13,8,21,624
2863,644732,1,emea,2026-04-24 11:00:00,12.07,https://www.vlr.gg/644732/gentle-mates-vs-team-heretics-vct-2026-emea-stage-1-w4,103003b70f22b16bbca1266d1ced802955702bffa078de243f71bb1c8f63c045,2026-10-06T15:40:03+00:00,258405,Fracture,12694,Gentle Mates,1001,Team Heretics,4,13,17,1001
2863,644732,1,emea,2026-04-24 11:00:00,12.07,https://www.vlr.gg/644732/gentle-mates-vs-team-heretics-vct-2026-emea-stage-1-w4,103003b70f22b16bbca1266d1ced802955702bffa078de243f71bb1c8f63c045,2026-10-06T15:40:03+00:00,258406,Lotus,12694,Gentle Mates,1001,Team Heretics,10,13,23,1001
2863,644733,1,emea,2026-04-24 13:10:00,12.07,https://www.vlr.gg/644733/bbl-esports-vs-team-vitality-vct-2026-emea-stage-1-w4,494f895f1562149c78e7f8793fb9e6f7c41b361a20145e45c1bc99abe6486f8e,2026-10-06T15:40:04+00:00,258408,Lotus,397,BBL Esports,2059,Team Vitality,8,13,21,2059
2863,644733,1,emea,2026-04-24 13:10:00,12.07,https://www.vlr.gg/644733/bbl-esports-vs-team-vitality-vct-2026-emea-stage-1-w4,494f895f1562149c78e7f8793fb9e6f7c41b361a20145e45c1bc99abe6486f8e,2026-10-06T15:40:04+00:00,258409,Haven,397,BBL Esports,2059,Team Vitality,13,10,23,397
2863,644733,1,emea,2026-04-24 13:10:00,12.07,https://www.vlr.gg/644733/bbl-esports-vs-team-vitality-vct-2026-emea-stage-1-w4,494f895f1562149c78e7f8793fb9e6f7c41b361a20145e45c1bc99abe6486f8e,2026-10-06T15:40:04+00:00,258410,Breeze,397,BBL Esports,2059,Team Vitality,13,5,18,397
2860,645486,1,americas,2026-04-24 17:00:00,12.07,https://www.vlr.gg/645486/leviat-n-vs-envy-vct-2026-americas-stage-1-w3,ebb205a153d09614e6eb23b5c314fc7b949b83b7e9d95f2ea2286571582d24b5,2026-10-06T15:39:18+00:00,258611,Bind,2359,LEVIATÁN,427,ENVY,13,4,17,2359
2860,645486,1,americas,2026-04-24 17:00:00,12.07,https://www.vlr.gg/645486/leviat-n-vs-envy-vct-2026-americas-stage-1-w3,ebb205a153d09614e6eb23b5c314fc7b949b83b7e9d95f2ea2286571582d24b5,2026-10-06T15:39:18+00:00,258612,Fracture,2359,LEVIATÁN,427,ENVY,13,4,17,2359
2860,645487,1,americas,2026-04-24 18:40:00,12.07,https://www.vlr.gg/645487/g2-esports-vs-loud-vct-2026-americas-stage-1-w3,5aa73d5a6ef45194e2d503d03cb2af40746694d72321bd38c3eeeaa2c8d23c70,2026-10-06T15:39:19+00:00,258614,Haven,11058,G2 Esports,6961,LOUD,13,9,22,11058
2860,645487,1,americas,2026-04-24 18:40:00,12.07,https://www.vlr.gg/645487/g2-esports-vs-loud-vct-2026-americas-stage-1-w3,5aa73d5a6ef45194e2d503d03cb2af40746694d72321bd38c3eeeaa2c8d23c70,2026-10-06T15:39:19+00:00,258615,Pearl,11058,G2 Esports,6961,LOUD,13,10,23,11058
2775,644673,1,pacific,2026-04-25 04:00:00,12.06,https://www.vlr.gg/644673/gen-g-vs-kiwoom-drx-vct-2026-pacific-stage-1-w4,9e8819fbeccf08110f1c1f443b3e7d40f7f75ca10ca5968b3c18edba00fac340,2026-10-06T15:35:48+00:00,258309,Haven,17,Gen.G,8185,KIWOOM DRX,13,3,16,17
2775,644673,1,pacific,2026-04-25 04:00:00,12.06,https://www.vlr.gg/644673/gen-g-vs-kiwoom-drx-vct-2026-pacific-stage-1-w4,9e8819fbeccf08110f1c1f443b3e7d40f7f75ca10ca5968b3c18edba00fac340,2026-10-06T15:35:48+00:00,258310,Pearl,17,Gen.G,8185,KIWOOM DRX,10,13,23,8185
2775,644673,1,pacific,2026-04-25 04:00:00,12.06,https://www.vlr.gg/644673/gen-g-vs-kiwoom-drx-vct-2026-pacific-stage-1-w4,9e8819fbeccf08110f1c1f443b3e7d40f7f75ca10ca5968b3c18edba00fac340,2026-10-06T15:35:48+00:00,258311,Lotus,17,Gen.G,8185,KIWOOM DRX,17,19,36,8185
2934,681040,2,china,2026-04-25 04:00:00,,https://www.vlr.gg/681040/octagonal-disposition-gaming-vs-rare-atom-china-national-tournament-2026-split-alpha-pro-divisio,cbac41f1c5da2d9b99b9f3658b701672c7a9c02c5ce104f48e573309d670a659,2026-10-06T15:41:57+00:00,269388,Split,12785,Octagonal Disposition Gaming,11985,Rare Atom,13,5,18,12785
2934,681040,2,china,2026-04-25 04:00:00,,https://www.vlr.gg/681040/octagonal-disposition-gaming-vs-rare-atom-china-national-tournament-2026-split-alpha-pro-divisio,cbac41f1c5da2d9b99b9f3658b701672c7a9c02c5ce104f48e573309d670a659,2026-10-06T15:41:57+00:00,269389,Pearl,12785,Octagonal Disposition Gaming,11985,Rare Atom,9,13,22,11985
2934,681040,2,china,2026-04-25 04:00:00,,https://www.vlr.gg/681040/octagonal-disposition-gaming-vs-rare-atom-china-national-tournament-2026-split-alpha-pro-divisio,cbac41f1c5da2d9b99b9f3658b701672c7a9c02c5ce104f48e573309d670a659,2026-10-06T15:41:57+00:00,269390,Lotus,12785,Octagonal Disposition Gaming,11985,Rare Atom,7,13,20,11985
2775,644674,1,pacific,2026-04-25 07:35:00,12.06,https://www.vlr.gg/644674/detonation-focusme-vs-varrel-vct-2026-pacific-stage-1-w4,cfbb72c6cb5145fb4744bf13b947abdf6fab7b41fcdd1aa9078ff48ec076c453,2026-10-06T15:35:49+00:00,258312,Lotus,278,DetonatioN FocusMe,11229,VARREL,13,11,24,278
2775,644674,1,pacific,2026-04-25 07:35:00,12.06,https://www.vlr.gg/644674/detonation-focusme-vs-varrel-vct-2026-pacific-stage-1-w4,cfbb72c6cb5145fb4744bf13b947abdf6fab7b41fcdd1aa9078ff48ec076c453,2026-10-06T15:35:49+00:00,258313,Haven,278,DetonatioN FocusMe,11229,VARREL,10,13,23,11229
2775,644674,1,pacific,2026-04-25 07:35:00,12.06,https://www.vlr.gg/644674/detonation-focusme-vs-varrel-vct-2026-pacific-stage-1-w4,cfbb72c6cb5145fb4744bf13b947abdf6fab7b41fcdd1aa9078ff48ec076c453,2026-10-06T15:35:49+00:00,258314,Fracture,278,DetonatioN FocusMe,11229,VARREL,13,9,22,278
2860,645488,1,americas,2026-04-25 17:00:00,12.07,https://www.vlr.gg/645488/furia-vs-kr-esports-vct-2026-americas-stage-1-w3,c8cd2465e1149941aa0b84f279ceea18c9f51bd0fe21ab2122a8a8d849369ea9,2026-10-06T15:39:20+00:00,258617,Lotus,2406,FURIA,2355,KRÜ Esports,4,13,17,2355
2860,645488,1,americas,2026-04-25 17:00:00,12.07,https://www.vlr.gg/645488/furia-vs-kr-esports-vct-2026-americas-stage-1-w3,c8cd2465e1149941aa0b84f279ceea18c9f51bd0fe21ab2122a8a8d849369ea9,2026-10-06T15:39:20+00:00,258618,Haven,2406,FURIA,2355,KRÜ Esports,10,13,23,2355
2860,645489,1,americas,2026-04-25 19:05:00,12.07,https://www.vlr.gg/645489/nrg-vs-100-thieves-vct-2026-americas-stage-1-w3,1d75920c1c8d5ecd1f92fbad112553506e4fdf8a987ea1f3847bb2f3c49e6273,2026-10-06T15:39:20+00:00,258620,Pearl,1034,NRG,120,100 Thieves,9,13,22,120
2860,645489,1,americas,2026-04-25 19:05:00,12.07,https://www.vlr.gg/645489/nrg-vs-100-thieves-vct-2026-americas-stage-1-w3,1d75920c1c8d5ecd1f92fbad112553506e4fdf8a987ea1f3847bb2f3c49e6273,2026-10-06T15:39:20+00:00,258621,Lotus,1034,NRG,120,100 Thieves,13,10,23,1034
2860,645489,1,americas,2026-04-25 19:05:00,12.07,https://www.vlr.gg/645489/nrg-vs-100-thieves-vct-2026-americas-stage-1-w3,1d75920c1c8d5ecd1f92fbad112553506e4fdf8a987ea1f3847bb2f3c49e6273,2026-10-06T15:39:20+00:00,258622,Breeze,1034,NRG,120,100 Thieves,13,2,15,1034
2775,644675,1,pacific,2026-04-26 04:00:00,12.06,https://www.vlr.gg/644675/t1-vs-zeta-division-vct-2026-pacific-stage-1-w4,e935682830ba9f4363680300f9d0967da66872418f4ce263df944dbdd780d334,2026-10-06T15:35:50+00:00,258315,Haven,14,T1,5448,ZETA DIVISION,13,6,19,14
2775,644675,1,pacific,2026-04-26 04:00:00,12.06,https://www.vlr.gg/644675/t1-vs-zeta-division-vct-2026-pacific-stage-1-w4,e935682830ba9f4363680300f9d0967da66872418f4ce263df944dbdd780d334,2026-10-06T15:35:50+00:00,258316,Lotus,14,T1,5448,ZETA DIVISION,13,7,20,14
2934,681042,2,china,2026-04-26 04:00:00,,https://www.vlr.gg/681042/unsettled-resentment-vs-rare-atom-china-national-tournament-2026-split-alpha-pro-division-lr2,fc3eb7ba21b053f989a1eec119a912ed91678c2172ac6a21f3d5500c2ef01085,2026-10-06T15:41:58+00:00,269394,Pearl,21919,Unsettled Resentment,11985,Rare Atom,13,11,24,21919
2934,681042,2,china,2026-04-26 04:00:00,,https://www.vlr.gg/681042/unsettled-resentment-vs-rare-atom-china-national-tournament-2026-split-alpha-pro-division-lr2,fc3eb7ba21b053f989a1eec119a912ed91678c2172ac6a21f3d5500c2ef01085,2026-10-06T15:41:58+00:00,269395,Breeze,21919,Unsettled Resentment,11985,Rare Atom,13,8,21,21919
2775,644676,1,pacific,2026-04-26 06:05:00,12.06,https://www.vlr.gg/644676/nongshim-redforce-vs-team-secret-vct-2026-pacific-stage-1-w4,405585fb29a4a17468350691aca8803d01f4923d93611e65e620b2593399a34b,2026-10-06T15:35:51+00:00,258318,Breeze,11060,Nongshim RedForce,6199,Team Secret,13,8,21,11060
2775,644676,1,pacific,2026-04-26 06:05:00,12.06,https://www.vlr.gg/644676/nongshim-redforce-vs-team-secret-vct-2026-pacific-stage-1-w4,405585fb29a4a17468350691aca8803d01f4923d93611e65e620b2593399a34b,2026-10-06T15:35:51+00:00,258319,Fracture,11060,Nongshim RedForce,6199,Team Secret,8,13,21,6199
2775,644676,1,pacific,2026-04-26 06:05:00,12.06,https://www.vlr.gg/644676/nongshim-redforce-vs-team-secret-vct-2026-pacific-stage-1-w4,405585fb29a4a17468350691aca8803d01f4923d93611e65e620b2593399a34b,2026-10-06T15:35:51+00:00,258320,Pearl,11060,Nongshim RedForce,6199,Team Secret,13,5,18,11060
2934,681043,2,china,2026-04-26 07:00:00,,https://www.vlr.gg/681043/victory-no-limits-gaming-vs-any-questions-gaming-china-national-tournament-2026-split-alpha-pro,e959ad78ae1b6e29f683729a6bae46b98d976db37a819dc40434657710d19151,2026-10-06T15:41:59+00:00,269397,Split,20082,Victory No Limits Gaming GC,19531,Any Questions Gaming,5,13,18,19531
2934,681043,2,china,2026-04-26 07:00:00,,https://www.vlr.gg/681043/victory-no-limits-gaming-vs-any-questions-gaming-china-national-tournament-2026-split-alpha-pro,e959ad78ae1b6e29f683729a6bae46b98d976db37a819dc40434657710d19151,2026-10-06T15:41:59+00:00,269398,Lotus,20082,Victory No Limits Gaming GC,19531,Any Questions Gaming,8,13,21,19531
2860,645490,1,americas,2026-04-26 17:00:00,12.07,https://www.vlr.gg/645490/evil-geniuses-vs-sentinels-vct-2026-americas-stage-1-w3,3903a3c0defd236d928acbd60809160cdd77b09e5a686f213c3bd9a079d0ee78,2026-10-06T15:39:21+00:00,258623,Haven,5248,Evil Geniuses,2,Sentinels,7,13,20,2
2860,645490,1,americas,2026-04-26 17:00:00,12.07,https://www.vlr.gg/645490/evil-geniuses-vs-sentinels-vct-2026-americas-stage-1-w3,3903a3c0defd236d928acbd60809160cdd77b09e5a686f213c3bd9a079d0ee78,2026-10-06T15:39:21+00:00,258624,Bind,5248,Evil Geniuses,2,Sentinels,11,13,24,2
2860,645491,1,americas,2026-04-26 19:25:00,12.07,https://www.vlr.gg/645491/mibr-vs-cloud9-vct-2026-americas-stage-1-w3,90c834b4f510c52b11187ae7da3819116bda01c595bcf69288cc888b15b052e1,2026-10-06T15:39:22+00:00,258626,Breeze,7386,MIBR,188,Cloud9,12,14,26,188
2860,645491,1,americas,2026-04-26 19:25:00,12.07,https://www.vlr.gg/645491/mibr-vs-cloud9-vct-2026-americas-stage-1-w3,90c834b4f510c52b11187ae7da3819116bda01c595bcf69288cc888b15b052e1,2026-10-06T15:39:22+00:00,258627,Split,7386,MIBR,188,Cloud9,12,14,26,188
2934,681038,2,china,2026-04-27 04:00:00,,https://www.vlr.gg/681038/keepbest-gaming-vs-weibo-gaming-china-national-tournament-2026-split-alpha-pro-division-ubf,00ea5ddefd0bcb14239a7e5a2af3822ef4af94b9e4abf9d569c0a9b871a7da19,2026-10-06T15:42:00+00:00,269380,Bind,12784,KeepBest Gaming,1224,Weibo Gaming,13,11,24,12784
2934,681038,2,china,2026-04-27 04:00:00,,https://www.vlr.gg/681038/keepbest-gaming-vs-weibo-gaming-china-national-tournament-2026-split-alpha-pro-division-ubf,00ea5ddefd0bcb14239a7e5a2af3822ef4af94b9e4abf9d569c0a9b871a7da19,2026-10-06T15:42:00+00:00,269381,Lotus,12784,KeepBest Gaming,1224,Weibo Gaming,4,13,17,1224
2934,681038,2,china,2026-04-27 04:00:00,,https://www.vlr.gg/681038/keepbest-gaming-vs-weibo-gaming-china-national-tournament-2026-split-alpha-pro-division-ubf,00ea5ddefd0bcb14239a7e5a2af3822ef4af94b9e4abf9d569c0a9b871a7da19,2026-10-06T15:42:00+00:00,269382,Split,12784,KeepBest Gaming,1224,Weibo Gaming,13,5,18,12784
2857,661106,2,americas,2026-04-27 16:00:00,12.07,https://www.vlr.gg/661106/m80-vs-azure-dragon-gaming-challengers-2026-north-america-ace-stage-2-ubqf,f002124a699e7e8d7c92e84466474fc32c7f17a2b4027f252b7544cb92227fef,2026-10-06T15:38:06+00:00,265801,Breeze,11001,M80,21053,Azure Dragon Gaming,13,11,24,11001
2857,661106,2,americas,2026-04-27 16:00:00,12.07,https://www.vlr.gg/661106/m80-vs-azure-dragon-gaming-challengers-2026-north-america-ace-stage-2-ubqf,f002124a699e7e8d7c92e84466474fc32c7f17a2b4027f252b7544cb92227fef,2026-10-06T15:38:06+00:00,265802,Fracture,11001,M80,21053,Azure Dragon Gaming,13,11,24,11001
2857,661105,2,americas,2026-04-27 18:30:00,12.07,https://www.vlr.gg/661105/yfp-vs-division-one-challengers-2026-north-america-ace-stage-2-ubqf,838a095a16236e1bbd45e8a0656512488ce35345897eb33e22d8858e393ff949,2026-10-06T15:38:07+00:00,265798,Lotus,5038,YFP,21714,Division One,13,7,20,5038
2857,661105,2,americas,2026-04-27 18:30:00,12.07,https://www.vlr.gg/661105/yfp-vs-division-one-challengers-2026-north-america-ace-stage-2-ubqf,838a095a16236e1bbd45e8a0656512488ce35345897eb33e22d8858e393ff949,2026-10-06T15:38:07+00:00,265799,Pearl,5038,YFP,21714,Division One,15,13,28,5038
2934,681044,2,china,2026-04-28 04:00:00,,https://www.vlr.gg/681044/unsettled-resentment-vs-any-questions-gaming-china-national-tournament-2026-split-alpha-pro-divi,16d36d1893aebf30054bb6679346ae1812f6fcb4eba61e6dae6d1019d2d0a531,2026-10-06T15:42:00+00:00,269400,Breeze,21919,Unsettled Resentment,19531,Any Questions Gaming,13,9,22,21919
2934,681044,2,china,2026-04-28 04:00:00,,https://www.vlr.gg/681044/unsettled-resentment-vs-any-questions-gaming-china-national-tournament-2026-split-alpha-pro-divi,16d36d1893aebf30054bb6679346ae1812f6fcb4eba61e6dae6d1019d2d0a531,2026-10-06T15:42:00+00:00,269401,Split,21919,Unsettled Resentment,19531,Any Questions Gaming,13,8,21,21919
2857,661107,2,americas,2026-04-28 16:00:00,12.07,https://www.vlr.gg/661107/evil-geniuses-academy-vs-qor-challengers-2026-north-america-ace-stage-2-ubqf,a06ecbf692711255b829bfb89a8f57c416fd7e2f32cb12dd1c220b9c7056a81f,2026-10-06T15:38:08+00:00,265804,Fracture,21054,Evil Geniuses Academy,6985,QoR,13,10,23,21054
2857,661107,2,americas,2026-04-28 16:00:00,12.07,https://www.vlr.gg/661107/evil-geniuses-academy-vs-qor-challengers-2026-north-america-ace-stage-2-ubqf,a06ecbf692711255b829bfb89a8f57c416fd7e2f32cb12dd1c220b9c7056a81f,2026-10-06T15:38:08+00:00,265805,Lotus,21054,Evil Geniuses Academy,6985,QoR,13,9,22,21054
2857,661108,2,americas,2026-04-28 18:25:00,12.07,https://www.vlr.gg/661108/flyquest-vs-shopify-rebellion-black-challengers-2026-north-america-ace-stage-2-ubqf,7173776daa219fe710247234d63dd7d53c8ad86d5d698941c595b704f25772ec,2026-10-06T15:38:08+00:00,265807,Split,21838,FlyQuest,9353,Shopify Rebellion Black,16,18,34,9353
2857,661108,2,americas,2026-04-28 18:25:00,12.07,https://www.vlr.gg/661108/flyquest-vs-shopify-rebellion-black-challengers-2026-north-america-ace-stage-2-ubqf,7173776daa219fe710247234d63dd7d53c8ad86d5d698941c595b704f25772ec,2026-10-06T15:38:08+00:00,265808,Lotus,21838,FlyQuest,9353,Shopify Rebellion Black,7,13,20,9353
2934,681045,2,china,2026-04-29 04:00:00,,https://www.vlr.gg/681045/weibo-gaming-vs-unsettled-resentment-china-national-tournament-2026-split-alpha-pro-division-lbf,d16690c331bf2dbe8941a14661d38a8cabc21246b7480077a166a4e66b49b7f9,2026-10-06T15:42:01+00:00,269403,Pearl,1224,Weibo Gaming,21919,Unsettled Resentment,6,13,19,21919
2934,681045,2,china,2026-04-29 04:00:00,,https://www.vlr.gg/681045/weibo-gaming-vs-unsettled-resentment-china-national-tournament-2026-split-alpha-pro-division-lbf,d16690c331bf2dbe8941a14661d38a8cabc21246b7480077a166a4e66b49b7f9,2026-10-06T15:42:01+00:00,269404,Bind,1224,Weibo Gaming,21919,Unsettled Resentment,9,13,22,21919
2934,681045,2,china,2026-04-29 04:00:00,,https://www.vlr.gg/681045/weibo-gaming-vs-unsettled-resentment-china-national-tournament-2026-split-alpha-pro-division-lbf,d16690c331bf2dbe8941a14661d38a8cabc21246b7480077a166a4e66b49b7f9,2026-10-06T15:42:01+00:00,269405,Haven,1224,Weibo Gaming,21919,Unsettled Resentment,10,13,23,21919
2863,644734,1,emea,2026-04-29 11:00:00,12.07,https://www.vlr.gg/644734/team-heretics-vs-fut-esports-vct-2026-emea-stage-1-w5,b277167e727dfbc5700b8f23a360cf396db5873098a093e64c3f8aea79813c8a,2026-10-06T15:40:05+00:00,258411,Lotus,1001,Team Heretics,1184,FUT Esports,13,11,24,1001
2863,644734,1,emea,2026-04-29 11:00:00,12.07,https://www.vlr.gg/644734/team-heretics-vs-fut-esports-vct-2026-emea-stage-1-w5,b277167e727dfbc5700b8f23a360cf396db5873098a093e64c3f8aea79813c8a,2026-10-06T15:40:05+00:00,258412,Split,1001,Team Heretics,1184,FUT Esports,13,2,15,1001
2863,644735,1,emea,2026-04-29 13:10:00,12.07,https://www.vlr.gg/644735/team-vitality-vs-pcific-esports-vct-2026-emea-stage-1-w5,d6c39a7ecf5ae13160d405f776f8a4ed9595d5926be6e8393f6f077ece4df44f,2026-10-06T15:40:06+00:00,258414,Haven,2059,Team Vitality,3478,PCIFIC Esports,13,9,22,2059
2863,644735,1,emea,2026-04-29 13:10:00,12.07,https://www.vlr.gg/644735/team-vitality-vs-pcific-esports-vct-2026-emea-stage-1-w5,d6c39a7ecf5ae13160d405f776f8a4ed9595d5926be6e8393f6f077ece4df44f,2026-10-06T15:40:06+00:00,258415,Split,2059,Team Vitality,3478,PCIFIC Esports,13,0,13,2059
2857,661113,2,americas,2026-04-29 16:00:00,12.07,https://www.vlr.gg/661113/division-one-vs-azure-dragon-gaming-challengers-2026-north-america-ace-stage-2-lr1,eb44410d53f1fdd917d553323dd1a2f9cbcd1712e40ba5b52766505579787c8a,2026-10-06T15:38:09+00:00,265824,Lotus,21714,Division One,21053,Azure Dragon Gaming,13,5,18,21714
2857,661113,2,americas,2026-04-29 16:00:00,12.07,https://www.vlr.gg/661113/division-one-vs-azure-dragon-gaming-challengers-2026-north-america-ace-stage-2-lr1,eb44410d53f1fdd917d553323dd1a2f9cbcd1712e40ba5b52766505579787c8a,2026-10-06T15:38:09+00:00,265825,Breeze,21714,Division One,21053,Azure Dragon Gaming,14,12,26,21714
2857,661114,2,americas,2026-04-29 18:05:00,12.07,https://www.vlr.gg/661114/qor-vs-flyquest-challengers-2026-north-america-ace-stage-2-lr1,9027f375b72d9c6bb38102b08dec3dcc100e2fd4c8b4e703ecdebfb963d59ac1,2026-10-06T15:38:10+00:00,265827,Lotus,6985,QoR,21838,FlyQuest,13,9,22,6985
2857,661114,2,americas,2026-04-29 18:05:00,12.07,https://www.vlr.gg/661114/qor-vs-flyquest-challengers-2026-north-america-ace-stage-2-lr1,9027f375b72d9c6bb38102b08dec3dcc100e2fd4c8b4e703ecdebfb963d59ac1,2026-10-06T15:38:10+00:00,265828,Bind,6985,QoR,21838,FlyQuest,7,13,20,21838
2857,661114,2,americas,2026-04-29 18:05:00,12.07,https://www.vlr.gg/661114/qor-vs-flyquest-challengers-2026-north-america-ace-stage-2-lr1,9027f375b72d9c6bb38102b08dec3dcc100e2fd4c8b4e703ecdebfb963d59ac1,2026-10-06T15:38:10+00:00,265829,Pearl,6985,QoR,21838,FlyQuest,8,13,21,21838
2863,644736,1,emea,2026-04-30 11:00:00,12.07,https://www.vlr.gg/644736/natus-vincere-vs-karmine-corp-vct-2026-emea-stage-1-w5,a2e0bd7384d71c33feeb55cf82ae97a3611b236dab486d08e63a3533766a217a,2026-10-06T15:40:06+00:00,258417,Lotus,4915,Natus Vincere,8877,Karmine Corp,13,9,22,4915
2863,644736,1,emea,2026-04-30 11:00:00,12.07,https://www.vlr.gg/644736/natus-vincere-vs-karmine-corp-vct-2026-emea-stage-1-w5,a2e0bd7384d71c33feeb55cf82ae97a3611b236dab486d08e63a3533766a217a,2026-10-06T15:40:06+00:00,258418,Breeze,4915,Natus Vincere,8877,Karmine Corp,13,9,22,4915
2863,644737,1,emea,2026-04-30 13:10:00,12.07,https://www.vlr.gg/644737/bbl-esports-vs-fnatic-vct-2026-emea-stage-1-w5,8b5a3722f7d612e0707e4b8a22698c477f86671410352fe8ed91c6aeb78174ad,2026-10-06T15:40:07+00:00,258420,Haven,397,BBL Esports,2593,FNATIC,3,13,16,2593
2863,644737,1,emea,2026-04-30 13:10:00,12.07,https://www.vlr.gg/644737/bbl-esports-vs-fnatic-vct-2026-emea-stage-1-w5,8b5a3722f7d612e0707e4b8a22698c477f86671410352fe8ed91c6aeb78174ad,2026-10-06T15:40:07+00:00,258421,Fracture,397,BBL Esports,2593,FNATIC,5,13,18,2593
2857,661110,2,americas,2026-04-30 16:00:00,12.07,https://www.vlr.gg/661110/evil-geniuses-academy-vs-shopify-rebellion-black-challengers-2026-north-america-ace-stage-2-ubsf,712b470c0370233ee0223e6c168bbde892c698ab93a39442a5e8b1014f6ec2e4,2026-10-06T15:38:11+00:00,265813,Haven,21054,Evil Geniuses Academy,9353,Shopify Rebellion Black,13,9,22,21054
2857,661110,2,americas,2026-04-30 16:00:00,12.07,https://www.vlr.gg/661110/evil-geniuses-academy-vs-shopify-rebellion-black-challengers-2026-north-america-ace-stage-2-ubsf,712b470c0370233ee0223e6c168bbde892c698ab93a39442a5e8b1014f6ec2e4,2026-10-06T15:38:11+00:00,265814,Lotus,21054,Evil Geniuses Academy,9353,Shopify Rebellion Black,12,14,26,9353
2857,661110,2,americas,2026-04-30 16:00:00,12.07,https://www.vlr.gg/661110/evil-geniuses-academy-vs-shopify-rebellion-black-challengers-2026-north-america-ace-stage-2-ubsf,712b470c0370233ee0223e6c168bbde892c698ab93a39442a5e8b1014f6ec2e4,2026-10-06T15:38:11+00:00,265815,Pearl,21054,Evil Geniuses Academy,9353,Shopify Rebellion Black,4,13,17,9353
2857,661109,2,americas,2026-04-30 19:35:00,12.07,https://www.vlr.gg/661109/yfp-vs-m80-challengers-2026-north-america-ace-stage-2-ubsf,566a3656977bec9f9b9054f9400499cd2809c2046a9a9e154dfc1ac65390d0bc,2026-10-06T15:38:11+00:00,265810,Fracture,5038,YFP,11001,M80,6,13,19,11001
2857,661109,2,americas,2026-04-30 19:35:00,12.07,https://www.vlr.gg/661109/yfp-vs-m80-challengers-2026-north-america-ace-stage-2-ubsf,566a3656977bec9f9b9054f9400499cd2809c2046a9a9e154dfc1ac65390d0bc,2026-10-06T15:38:11+00:00,265811,Lotus,5038,YFP,11001,M80,13,15,28,11001
2775,644677,1,pacific,2026-05-01 04:00:00,12.06,https://www.vlr.gg/644677/gen-g-vs-team-secret-vct-2026-pacific-stage-1-w5,772ccfcd5b66f5a0c0b8919be103f1907f01c9fa5da98fa2aa34ec29aa08a5d5,2026-10-06T15:35:52+00:00,258321,Split,17,Gen.G,6199,Team Secret,11,13,24,6199
2775,644677,1,pacific,2026-05-01 04:00:00,12.06,https://www.vlr.gg/644677/gen-g-vs-team-secret-vct-2026-pacific-stage-1-w5,772ccfcd5b66f5a0c0b8919be103f1907f01c9fa5da98fa2aa34ec29aa08a5d5,2026-10-06T15:35:52+00:00,258322,Lotus,17,Gen.G,6199,Team Secret,13,11,24,17
2775,644677,1,pacific,2026-05-01 04:00:00,12.06,https://www.vlr.gg/644677/gen-g-vs-team-secret-vct-2026-pacific-stage-1-w5,772ccfcd5b66f5a0c0b8919be103f1907f01c9fa5da98fa2aa34ec29aa08a5d5,2026-10-06T15:35:52+00:00,258323,Breeze,17,Gen.G,6199,Team Secret,7,13,20,6199
2864,659474,1,china,2026-05-01 05:00:00,,https://www.vlr.gg/659474/xi-lai-gaming-vs-titan-esports-club-vct-2026-china-stage-1-ubqf,1f5debaedba4fcabb53a81455357ef8250b43ceca447620b582281a7807da1f5,2026-10-06T15:40:51+00:00,265283,Breeze,13581,Xi Lai Gaming,14137,Wuxi Titan Esports Club (Titan Esports Club),13,9,22,13581
2864,659474,1,china,2026-05-01 05:00:00,,https://www.vlr.gg/659474/xi-lai-gaming-vs-titan-esports-club-vct-2026-china-stage-1-ubqf,1f5debaedba4fcabb53a81455357ef8250b43ceca447620b582281a7807da1f5,2026-10-06T15:40:51+00:00,265284,Lotus,13581,Xi Lai Gaming,14137,Wuxi Titan Esports Club (Titan Esports Club),13,7,20,13581
2775,644678,1,pacific,2026-05-01 07:20:00,12.06,https://www.vlr.gg/644678/varrel-vs-zeta-division-vct-2026-pacific-stage-1-w5,9e4a4d88adce2966a64e48221acdf16dc1b119c16ae8af8f97e312663f8a912c,2026-10-06T15:35:52+00:00,258324,Bind,11229,VARREL,5448,ZETA DIVISION,13,10,23,11229
2775,644678,1,pacific,2026-05-01 07:20:00,12.06,https://www.vlr.gg/644678/varrel-vs-zeta-division-vct-2026-pacific-stage-1-w5,9e4a4d88adce2966a64e48221acdf16dc1b119c16ae8af8f97e312663f8a912c,2026-10-06T15:35:52+00:00,258325,Breeze,11229,VARREL,5448,ZETA DIVISION,9,13,22,5448
2775,644678,1,pacific,2026-05-01 07:20:00,12.06,https://www.vlr.gg/644678/varrel-vs-zeta-division-vct-2026-pacific-stage-1-w5,9e4a4d88adce2966a64e48221acdf16dc1b119c16ae8af8f97e312663f8a912c,2026-10-06T15:35:52+00:00,258326,Fracture,11229,VARREL,5448,ZETA DIVISION,9,13,22,5448
2864,659475,1,china,2026-05-01 07:20:00,,https://www.vlr.gg/659475/jdg-esports-vs-tyloo-vct-2026-china-stage-1-ubqf,9133a4d68518737df389a2968bbc1d06c9f93e9238d453bb0cefc4ba5b8b8870,2026-10-06T15:40:52+00:00,265286,Haven,13576,JD Mall JDG Esports (JD Gaming),731,TYLOO,13,2,15,13576
2864,659475,1,china,2026-05-01 07:20:00,,https://www.vlr.gg/659475/jdg-esports-vs-tyloo-vct-2026-china-stage-1-ubqf,9133a4d68518737df389a2968bbc1d06c9f93e9238d453bb0cefc4ba5b8b8870,2026-10-06T15:40:52+00:00,265287,Fracture,13576,JD Mall JDG Esports (JD Gaming),731,TYLOO,9,13,22,731
2864,659475,1,china,2026-05-01 07:20:00,,https://www.vlr.gg/659475/jdg-esports-vs-tyloo-vct-2026-china-stage-1-ubqf,9133a4d68518737df389a2968bbc1d06c9f93e9238d453bb0cefc4ba5b8b8870,2026-10-06T15:40:52+00:00,265288,Pearl,13576,JD Mall JDG Esports (JD Gaming),731,TYLOO,13,10,23,13576
2863,644738,1,emea,2026-05-01 11:00:00,12.07,https://www.vlr.gg/644738/giantx-vs-eternal-fire-vct-2026-emea-stage-1-w5,c894debc7988b9952f79d534a569ac9f3c53867ee07f73b6628fd71e5039091b,2026-10-06T15:40:08+00:00,258423,Split,14419,GIANTX,6392,Eternal Fire,11,13,24,6392
2863,644738,1,emea,2026-05-01 11:00:00,12.07,https://www.vlr.gg/644738/giantx-vs-eternal-fire-vct-2026-emea-stage-1-w5,c894debc7988b9952f79d534a569ac9f3c53867ee07f73b6628fd71e5039091b,2026-10-06T15:40:08+00:00,258424,Breeze,14419,GIANTX,6392,Eternal Fire,10,13,23,6392
2863,644739,1,emea,2026-05-01 13:05:00,12.07,https://www.vlr.gg/644739/gentle-mates-vs-team-liquid-vct-2026-emea-stage-1-w5,eb56b9b783d4538be6d11bfc83bac31383c8236a7e5fe2d9492920a0a609b016,2026-10-06T15:40:09+00:00,258426,Split,12694,Gentle Mates,474,Team Liquid,8,13,21,474
2863,644739,1,emea,2026-05-01 13:05:00,12.07,https://www.vlr.gg/644739/gentle-mates-vs-team-liquid-vct-2026-emea-stage-1-w5,eb56b9b783d4538be6d11bfc83bac31383c8236a7e5fe2d9492920a0a609b016,2026-10-06T15:40:09+00:00,258427,Lotus,12694,Gentle Mates,474,Team Liquid,9,13,22,474
2860,645492,1,americas,2026-05-01 17:00:00,12.07,https://www.vlr.gg/645492/evil-geniuses-vs-nrg-vct-2026-americas-stage-1-w4,176d7bc09f84455bb7e5bb7b0d3e61e6af52f3a68bccba77bac166498ff29c09,2026-10-06T15:39:23+00:00,258629,Fracture,5248,Evil Geniuses,1034,NRG,8,13,21,1034
2860,645492,1,americas,2026-05-01 17:00:00,12.07,https://www.vlr.gg/645492/evil-geniuses-vs-nrg-vct-2026-americas-stage-1-w4,176d7bc09f84455bb7e5bb7b0d3e61e6af52f3a68bccba77bac166498ff29c09,2026-10-06T15:39:23+00:00,258630,Pearl,5248,Evil Geniuses,1034,NRG,9,13,22,1034
2860,645493,1,americas,2026-05-01 19:20:00,12.07,https://www.vlr.gg/645493/leviat-n-vs-mibr-vct-2026-americas-stage-1-w4,ce93f2ff78e8f526e4d4731390fbe05878a51633e0d97a0985fe5f1c3d98e949,2026-10-06T15:39:23+00:00,258632,Breeze,2359,LEVIATÁN,7386,MIBR,10,13,23,7386
2860,645493,1,americas,2026-05-01 19:20:00,12.07,https://www.vlr.gg/645493/leviat-n-vs-mibr-vct-2026-americas-stage-1-w4,ce93f2ff78e8f526e4d4731390fbe05878a51633e0d97a0985fe5f1c3d98e949,2026-10-06T15:39:23+00:00,258633,Haven,2359,LEVIATÁN,7386,MIBR,10,13,23,7386
2775,644679,1,pacific,2026-05-02 04:00:00,12.06,https://www.vlr.gg/644679/t1-vs-full-sense-vct-2026-pacific-stage-1-w5,cc243d05f58f7ee6f34a4b7be211c08d61c3f46bce9164ad78700ce857c627c9,2026-10-06T15:35:53+00:00,258327,Pearl,14,T1,4050,FULL SENSE,13,5,18,14
2775,644679,1,pacific,2026-05-02 04:00:00,12.06,https://www.vlr.gg/644679/t1-vs-full-sense-vct-2026-pacific-stage-1-w5,cc243d05f58f7ee6f34a4b7be211c08d61c3f46bce9164ad78700ce857c627c9,2026-10-06T15:35:53+00:00,258328,Bind,14,T1,4050,FULL SENSE,7,13,20,4050
2775,644679,1,pacific,2026-05-02 04:00:00,12.06,https://www.vlr.gg/644679/t1-vs-full-sense-vct-2026-pacific-stage-1-w5,cc243d05f58f7ee6f34a4b7be211c08d61c3f46bce9164ad78700ce857c627c9,2026-10-06T15:35:53+00:00,258329,Breeze,14,T1,4050,FULL SENSE,13,9,22,14
2864,659476,1,china,2026-05-02 05:00:00,,https://www.vlr.gg/659476/all-gamers-vs-trace-esports-vct-2026-china-stage-1-ubqf,89337cf79fd3d3f9571652d8991a2a7c45e6bc4e7c06c1e0d49b890069d5eafc,2026-10-06T15:40:53+00:00,265289,Split,1119,All Gamers,12685,Trace Esports,13,6,19,1119
2864,659476,1,china,2026-05-02 05:00:00,,https://www.vlr.gg/659476/all-gamers-vs-trace-esports-vct-2026-china-stage-1-ubqf,89337cf79fd3d3f9571652d8991a2a7c45e6bc4e7c06c1e0d49b890069d5eafc,2026-10-06T15:40:53+00:00,265290,Lotus,1119,All Gamers,12685,Trace Esports,13,6,19,1119
2775,644680,1,pacific,2026-05-02 07:10:00,12.06,https://www.vlr.gg/644680/nongshim-redforce-vs-global-esports-vct-2026-pacific-stage-1-w5,e36119967040a50c60cfd25cfe853b914300e8b3b9c3172b557e70eaa5687755,2026-10-06T15:35:54+00:00,258330,Breeze,11060,Nongshim RedForce,918,Global Esports,5,13,18,918
2775,644680,1,pacific,2026-05-02 07:10:00,12.06,https://www.vlr.gg/644680/nongshim-redforce-vs-global-esports-vct-2026-pacific-stage-1-w5,e36119967040a50c60cfd25cfe853b914300e8b3b9c3172b557e70eaa5687755,2026-10-06T15:35:54+00:00,258331,Bind,11060,Nongshim RedForce,918,Global Esports,13,11,24,11060
2775,644680,1,pacific,2026-05-02 07:10:00,12.06,https://www.vlr.gg/644680/nongshim-redforce-vs-global-esports-vct-2026-pacific-stage-1-w5,e36119967040a50c60cfd25cfe853b914300e8b3b9c3172b557e70eaa5687755,2026-10-06T15:35:54+00:00,258332,Haven,11060,Nongshim RedForce,918,Global Esports,12,14,26,918
2864,659477,1,china,2026-05-02 07:10:00,,https://www.vlr.gg/659477/edward-gaming-vs-dragon-ranger-gaming-vct-2026-china-stage-1-ubqf,91d3b9d98aef5a9bea45ee8364a04255e1caf65fe2758f3b3214c50c34235cff,2026-10-06T15:40:53+00:00,265292,Lotus,1120,EDward Gaming,11981,Dragon Ranger Gaming,7,13,20,11981
2864,659477,1,china,2026-05-02 07:10:00,,https://www.vlr.gg/659477/edward-gaming-vs-dragon-ranger-gaming-vct-2026-china-stage-1-ubqf,91d3b9d98aef5a9bea45ee8364a04255e1caf65fe2758f3b3214c50c34235cff,2026-10-06T15:40:53+00:00,265293,Split,1120,EDward Gaming,11981,Dragon Ranger Gaming,13,7,20,1120
2864,659477,1,china,2026-05-02 07:10:00,,https://www.vlr.gg/659477/edward-gaming-vs-dragon-ranger-gaming-vct-2026-china-stage-1-ubqf,91d3b9d98aef5a9bea45ee8364a04255e1caf65fe2758f3b3214c50c34235cff,2026-10-06T15:40:53+00:00,265294,Breeze,1120,EDward Gaming,11981,Dragon Ranger Gaming,13,7,20,1120
2860,645494,1,americas,2026-05-02 17:00:00,12.07,https://www.vlr.gg/645494/kr-esports-vs-100-thieves-vct-2026-americas-stage-1-w4,3d2fc68eff8ce6c6e4033add9ab5e3aa1abdd437e8026f2c6f54d6760f0f2ad5,2026-10-06T15:39:24+00:00,258635,Bind,2355,KRÜ Esports,120,100 Thieves,4,13,17,120
2860,645494,1,americas,2026-05-02 17:00:00,12.07,https://www.vlr.gg/645494/kr-esports-vs-100-thieves-vct-2026-americas-stage-1-w4,3d2fc68eff8ce6c6e4033add9ab5e3aa1abdd437e8026f2c6f54d6760f0f2ad5,2026-10-06T15:39:24+00:00,258636,Haven,2355,KRÜ Esports,120,100 Thieves,13,10,23,2355
2860,645494,1,americas,2026-05-02 17:00:00,12.07,https://www.vlr.gg/645494/kr-esports-vs-100-thieves-vct-2026-americas-stage-1-w4,3d2fc68eff8ce6c6e4033add9ab5e3aa1abdd437e8026f2c6f54d6760f0f2ad5,2026-10-06T15:39:24+00:00,258637,Split,2355,KRÜ Esports,120,100 Thieves,6,13,19,120
2860,645495,1,americas,2026-05-02 20:00:00,12.07,https://www.vlr.gg/645495/furia-vs-sentinels-vct-2026-americas-stage-1-w4,40ca62d3b7e17142ef6259f0197ecfc9198147d5dafb7491949d61b65c7615e2,2026-10-06T15:39:25+00:00,258638,Split,2406,FURIA,2,Sentinels,13,4,17,2406
2860,645495,1,americas,2026-05-02 20:00:00,12.07,https://www.vlr.gg/645495/furia-vs-sentinels-vct-2026-americas-stage-1-w4,40ca62d3b7e17142ef6259f0197ecfc9198147d5dafb7491949d61b65c7615e2,2026-10-06T15:39:25+00:00,258639,Breeze,2406,FURIA,2,Sentinels,7,13,20,2
2860,645495,1,americas,2026-05-02 20:00:00,12.07,https://www.vlr.gg/645495/furia-vs-sentinels-vct-2026-americas-stage-1-w4,40ca62d3b7e17142ef6259f0197ecfc9198147d5dafb7491949d61b65c7615e2,2026-10-06T15:39:25+00:00,258640,Haven,2406,FURIA,2,Sentinels,13,7,20,2406
2775,644681,1,pacific,2026-05-03 04:00:00,12.06,https://www.vlr.gg/644681/paper-rex-vs-kiwoom-drx-vct-2026-pacific-stage-1-w5,36db66c1d03c9296877ca7b6de8830c96e8ca6ec119d18df1d9b353e0de69f61,2026-10-06T15:35:55+00:00,258333,Breeze,624,Paper Rex,8185,KIWOOM DRX,13,5,18,624
2775,644681,1,pacific,2026-05-03 04:00:00,12.06,https://www.vlr.gg/644681/paper-rex-vs-kiwoom-drx-vct-2026-pacific-stage-1-w5,36db66c1d03c9296877ca7b6de8830c96e8ca6ec119d18df1d9b353e0de69f61,2026-10-06T15:35:55+00:00,258334,Lotus,624,Paper Rex,8185,KIWOOM DRX,13,5,18,624
2864,659482,1,china,2026-05-03 05:00:00,,https://www.vlr.gg/659482/titan-esports-club-vs-tyloo-vct-2026-china-stage-1-lr1,24a2dfddf84a95791654fd56ef40d2b80b25c1e26b0e41b24635ec01a5dc25ba,2026-10-06T15:40:54+00:00,265309,Pearl,14137,Wuxi Titan Esports Club (Titan Esports Club),731,TYLOO,13,8,21,14137
2864,659482,1,china,2026-05-03 05:00:00,,https://www.vlr.gg/659482/titan-esports-club-vs-tyloo-vct-2026-china-stage-1-lr1,24a2dfddf84a95791654fd56ef40d2b80b25c1e26b0e41b24635ec01a5dc25ba,2026-10-06T15:40:54+00:00,265310,Fracture,14137,Wuxi Titan Esports Club (Titan Esports Club),731,TYLOO,9,13,22,731
2864,659482,1,china,2026-05-03 05:00:00,,https://www.vlr.gg/659482/titan-esports-club-vs-tyloo-vct-2026-china-stage-1-lr1,24a2dfddf84a95791654fd56ef40d2b80b25c1e26b0e41b24635ec01a5dc25ba,2026-10-06T15:40:54+00:00,265311,Split,14137,Wuxi Titan Esports Club (Titan Esports Club),731,TYLOO,11,13,24,731
2775,644682,1,pacific,2026-05-03 06:00:00,12.06,https://www.vlr.gg/644682/rex-regum-qeon-vs-detonation-focusme-vct-2026-pacific-stage-1-w5,0fea6e42ed7c157352a329406dafea16f8f0a294eaeba805a822abb7ea28f2fe,2026-10-06T15:35:56+00:00,258336,Haven,878,Rex Regum Qeon,278,DetonatioN FocusMe,12,14,26,278
2775,644682,1,pacific,2026-05-03 06:00:00,12.06,https://www.vlr.gg/644682/rex-regum-qeon-vs-detonation-focusme-vct-2026-pacific-stage-1-w5,0fea6e42ed7c157352a329406dafea16f8f0a294eaeba805a822abb7ea28f2fe,2026-10-06T15:35:56+00:00,258337,Lotus,878,Rex Regum Qeon,278,DetonatioN FocusMe,14,12,26,878
2775,644682,1,pacific,2026-05-03 06:00:00,12.06,https://www.vlr.gg/644682/rex-regum-qeon-vs-detonation-focusme-vct-2026-pacific-stage-1-w5,0fea6e42ed7c157352a329406dafea16f8f0a294eaeba805a822abb7ea28f2fe,2026-10-06T15:35:56+00:00,258338,Fracture,878,Rex Regum Qeon,278,DetonatioN FocusMe,13,8,21,878
2864,659483,1,china,2026-05-03 08:30:00,,https://www.vlr.gg/659483/trace-esports-vs-dragon-ranger-gaming-vct-2026-china-stage-1-lr1,4575b7ed14e7b69528a1ec2577c4c29f3a36c5eaf99fab97651b10fc9c24ddef,2026-10-06T15:40:55+00:00,265312,Ascent,12685,Trace Esports,11981,Dragon Ranger Gaming,7,13,20,11981
2864,659483,1,china,2026-05-03 08:30:00,,https://www.vlr.gg/659483/trace-esports-vs-dragon-ranger-gaming-vct-2026-china-stage-1-lr1,4575b7ed14e7b69528a1ec2577c4c29f3a36c5eaf99fab97651b10fc9c24ddef,2026-10-06T15:40:55+00:00,265313,Lotus,12685,Trace Esports,11981,Dragon Ranger Gaming,6,13,19,11981
2860,645496,1,americas,2026-05-03 17:00:00,12.07,https://www.vlr.gg/645496/loud-vs-cloud9-vct-2026-americas-stage-1-w4,308918e4898d61c6805e44f04ead359766a154b1812d38c08376e32e6e99165e,2026-10-06T15:39:26+00:00,258641,Lotus,6961,LOUD,188,Cloud9,13,1,14,6961
2860,645496,1,americas,2026-05-03 17:00:00,12.07,https://www.vlr.gg/645496/loud-vs-cloud9-vct-2026-americas-stage-1-w4,308918e4898d61c6805e44f04ead359766a154b1812d38c08376e32e6e99165e,2026-10-06T15:39:26+00:00,258642,Split,6961,LOUD,188,Cloud9,8,13,21,188
2860,645496,1,americas,2026-05-03 17:00:00,12.07,https://www.vlr.gg/645496/loud-vs-cloud9-vct-2026-americas-stage-1-w4,308918e4898d61c6805e44f04ead359766a154b1812d38c08376e32e6e99165e,2026-10-06T15:39:26+00:00,258643,Breeze,6961,LOUD,188,Cloud9,13,11,24,6961
2860,645497,1,americas,2026-05-03 20:00:00,12.07,https://www.vlr.gg/645497/g2-esports-vs-envy-vct-2026-americas-stage-1-w4,0ab259e741893d9216a0acc4d41f3f6da2690765653f55f07fee8a6992a020b2,2026-10-06T15:39:26+00:00,258644,Haven,11058,G2 Esports,427,ENVY,13,4,17,11058
2860,645497,1,americas,2026-05-03 20:00:00,12.07,https://www.vlr.gg/645497/g2-esports-vs-envy-vct-2026-americas-stage-1-w4,0ab259e741893d9216a0acc4d41f3f6da2690765653f55f07fee8a6992a020b2,2026-10-06T15:39:26+00:00,258645,Lotus,11058,G2 Esports,427,ENVY,13,6,19,11058
2934,681039,2,china,2026-05-04 01:00:00,,https://www.vlr.gg/681039/keepbest-gaming-vs-unsettled-resentment-china-national-tournament-2026-split-alpha-pro-division,b13af627a9fb52fc92189ecedb0a42bda3df6bbae61685295c5e2e4b087d9aa6,2026-10-06T15:42:02+00:00,269383,Haven,12784,KeepBest Gaming,21919,Unsettled Resentment,11,13,24,21919
2934,681039,2,china,2026-05-04 01:00:00,,https://www.vlr.gg/681039/keepbest-gaming-vs-unsettled-resentment-china-national-tournament-2026-split-alpha-pro-division,b13af627a9fb52fc92189ecedb0a42bda3df6bbae61685295c5e2e4b087d9aa6,2026-10-06T15:42:02+00:00,269384,Lotus,12784,KeepBest Gaming,21919,Unsettled Resentment,13,11,24,12784
2934,681039,2,china,2026-05-04 01:00:00,,https://www.vlr.gg/681039/keepbest-gaming-vs-unsettled-resentment-china-national-tournament-2026-split-alpha-pro-division,b13af627a9fb52fc92189ecedb0a42bda3df6bbae61685295c5e2e4b087d9aa6,2026-10-06T15:42:02+00:00,269385,Split,12784,KeepBest Gaming,21919,Unsettled Resentment,2,13,15,21919
2934,681039,2,china,2026-05-04 01:00:00,,https://www.vlr.gg/681039/keepbest-gaming-vs-unsettled-resentment-china-national-tournament-2026-split-alpha-pro-division,b13af627a9fb52fc92189ecedb0a42bda3df6bbae61685295c5e2e4b087d9aa6,2026-10-06T15:42:02+00:00,269386,Breeze,12784,KeepBest Gaming,21919,Unsettled Resentment,14,12,26,12784
2934,681039,2,china,2026-05-04 01:00:00,,https://www.vlr.gg/681039/keepbest-gaming-vs-unsettled-resentment-china-national-tournament-2026-split-alpha-pro-division,b13af627a9fb52fc92189ecedb0a42bda3df6bbae61685295c5e2e4b087d9aa6,2026-10-06T15:42:02+00:00,269387,Bind,12784,KeepBest Gaming,21919,Unsettled Resentment,13,6,19,12784
2864,659478,1,china,2026-05-04 05:00:00,,https://www.vlr.gg/659478/xi-lai-gaming-vs-jdg-esports-vct-2026-china-stage-1-ubsf,59cb9673928f477988c0ab68a79d08322fc7e27554fbffeaf320b6feb79ea2c4,2026-10-06T15:40:55+00:00,265295,Lotus,13581,Xi Lai Gaming,13576,JD Mall JDG Esports (JD Gaming),13,0,13,13581
2864,659478,1,china,2026-05-04 05:00:00,,https://www.vlr.gg/659478/xi-lai-gaming-vs-jdg-esports-vct-2026-china-stage-1-ubsf,59cb9673928f477988c0ab68a79d08322fc7e27554fbffeaf320b6feb79ea2c4,2026-10-06T15:40:55+00:00,265296,Pearl,13581,Xi Lai Gaming,13576,JD Mall JDG Esports (JD Gaming),13,5,18,13581
2864,659479,1,china,2026-05-04 07:00:00,,https://www.vlr.gg/659479/all-gamers-vs-edward-gaming-vct-2026-china-stage-1-ubsf,be1407e128beabf1ec01dff659db88b2a5de95a7e7f4ba53d7616e8381b6a972,2026-10-06T15:40:56+00:00,265298,Fracture,1119,All Gamers,1120,EDward Gaming,7,13,20,1120
2864,659479,1,china,2026-05-04 07:00:00,,https://www.vlr.gg/659479/all-gamers-vs-edward-gaming-vct-2026-china-stage-1-ubsf,be1407e128beabf1ec01dff659db88b2a5de95a7e7f4ba53d7616e8381b6a972,2026-10-06T15:40:56+00:00,265299,Lotus,1119,All Gamers,1120,EDward Gaming,6,13,19,1120
2857,661115,2,americas,2026-05-04 16:00:00,12.07,https://www.vlr.gg/661115/evil-geniuses-academy-vs-division-one-challengers-2026-north-america-ace-stage-2-lr2,5c3255533678e5f5fb6104cc2a0b516260e693eb2b54a0bfca3f3e45ca2d93de,2026-10-06T15:38:12+00:00,265830,Lotus,21054,Evil Geniuses Academy,21714,Division One,5,13,18,21714
2857,661115,2,americas,2026-05-04 16:00:00,12.07,https://www.vlr.gg/661115/evil-geniuses-academy-vs-division-one-challengers-2026-north-america-ace-stage-2-lr2,5c3255533678e5f5fb6104cc2a0b516260e693eb2b54a0bfca3f3e45ca2d93de,2026-10-06T15:38:12+00:00,265831,Haven,21054,Evil Geniuses Academy,21714,Division One,13,10,23,21054
2857,661115,2,americas,2026-05-04 16:00:00,12.07,https://www.vlr.gg/661115/evil-geniuses-academy-vs-division-one-challengers-2026-north-america-ace-stage-2-lr2,5c3255533678e5f5fb6104cc2a0b516260e693eb2b54a0bfca3f3e45ca2d93de,2026-10-06T15:38:12+00:00,265832,Bind,21054,Evil Geniuses Academy,21714,Division One,7,13,20,21714
2857,661116,2,americas,2026-05-04 19:00:00,12.07,https://www.vlr.gg/661116/yfp-vs-flyquest-challengers-2026-north-america-ace-stage-2-lr2,fa857d91484f880c305dc7a7f977fb5071b7783abf499786e50135fc0028a14b,2026-10-06T15:38:13+00:00,265833,Split,5038,YFP,21838,FlyQuest,10,13,23,21838
2857,661116,2,americas,2026-05-04 19:00:00,12.07,https://www.vlr.gg/661116/yfp-vs-flyquest-challengers-2026-north-america-ace-stage-2-lr2,fa857d91484f880c305dc7a7f977fb5071b7783abf499786e50135fc0028a14b,2026-10-06T15:38:13+00:00,265834,Lotus,5038,YFP,21838,FlyQuest,11,13,24,21838
2864,659485,1,china,2026-05-05 05:00:00,,https://www.vlr.gg/659485/jdg-esports-vs-dragon-ranger-gaming-vct-2026-china-stage-1-lr2,f8cdba817a94e96d301e75d6a1396727e1986aa2cd52ac2623351d1eebe2d6b3,2026-10-06T15:40:57+00:00,265318,Haven,13576,JD Mall JDG Esports (JD Gaming),11981,Dragon Ranger Gaming,9,13,22,11981
2864,659485,1,china,2026-05-05 05:00:00,,https://www.vlr.gg/659485/jdg-esports-vs-dragon-ranger-gaming-vct-2026-china-stage-1-lr2,f8cdba817a94e96d301e75d6a1396727e1986aa2cd52ac2623351d1eebe2d6b3,2026-10-06T15:40:57+00:00,265319,Lotus,13576,JD Mall JDG Esports (JD Gaming),11981,Dragon Ranger Gaming,4,13,17,11981
2864,659484,1,china,2026-05-05 07:00:00,,https://www.vlr.gg/659484/all-gamers-vs-tyloo-vct-2026-china-stage-1-lr2,664d93ff6aae785ce733ccbb07c27434042bcf4b81b8d6205f011475f91bb012,2026-10-06T15:40:57+00:00,265315,Fracture,1119,All Gamers,731,TYLOO,13,4,17,1119
2864,659484,1,china,2026-05-05 07:00:00,,https://www.vlr.gg/659484/all-gamers-vs-tyloo-vct-2026-china-stage-1-lr2,664d93ff6aae785ce733ccbb07c27434042bcf4b81b8d6205f011475f91bb012,2026-10-06T15:40:57+00:00,265316,Haven,1119,All Gamers,731,TYLOO,10,13,23,731
2864,659484,1,china,2026-05-05 07:00:00,,https://www.vlr.gg/659484/all-gamers-vs-tyloo-vct-2026-china-stage-1-lr2,664d93ff6aae785ce733ccbb07c27434042bcf4b81b8d6205f011475f91bb012,2026-10-06T15:40:57+00:00,265317,Split,1119,All Gamers,731,TYLOO,13,10,23,1119
2857,661111,2,americas,2026-05-05 16:00:00,12.07,https://www.vlr.gg/661111/m80-vs-shopify-rebellion-black-challengers-2026-north-america-ace-stage-2-ubf,e2f393eed219f548cb84bbd24b0229092d1a63f5685cc23e1fe14889fee3646d,2026-10-06T15:38:13+00:00,265816,Split,11001,M80,9353,Shopify Rebellion Black,13,8,21,11001
2857,661111,2,americas,2026-05-05 16:00:00,12.07,https://www.vlr.gg/661111/m80-vs-shopify-rebellion-black-challengers-2026-north-america-ace-stage-2-ubf,e2f393eed219f548cb84bbd24b0229092d1a63f5685cc23e1fe14889fee3646d,2026-10-06T15:38:13+00:00,265817,Pearl,11001,M80,9353,Shopify Rebellion Black,13,0,13,11001
2962,668470,2,americas,2026-05-05 16:00:00,12.06,https://www.vlr.gg/668470/team-solid-vs-tbk-esports-challengers-2026-brazil-gamers-club-stage-2-w1,0caea6ba66c06904374498716161c6106d48f1fac39b3be3f0d48668b4cddb9c,2026-10-06T15:42:04+00:00,267072,Lotus,19265,Team Solid,6946,TBK Esports,13,7,20,19265
2962,668470,2,americas,2026-05-05 16:00:00,12.06,https://www.vlr.gg/668470/team-solid-vs-tbk-esports-challengers-2026-brazil-gamers-club-stage-2-w1,0caea6ba66c06904374498716161c6106d48f1fac39b3be3f0d48668b4cddb9c,2026-10-06T15:42:04+00:00,267073,Fracture,19265,Team Solid,6946,TBK Esports,11,13,24,6946
2962,668470,2,americas,2026-05-05 16:00:00,12.06,https://www.vlr.gg/668470/team-solid-vs-tbk-esports-challengers-2026-brazil-gamers-club-stage-2-w1,0caea6ba66c06904374498716161c6106d48f1fac39b3be3f0d48668b4cddb9c,2026-10-06T15:42:04+00:00,267074,Bind,19265,Team Solid,6946,TBK Esports,8,13,21,6946
2962,668471,2,americas,2026-05-05 16:00:00,12.06,https://www.vlr.gg/668471/peek-vs-abacatudos-challengers-2026-brazil-gamers-club-stage-2-w1,8a94bc91eaf87d206f4e9aa06e3a195664152ad6d24a20e790ebfa3f6ad3d3e7,2026-10-06T15:42:05+00:00,267075,Fracture,16071,PEEK,22657,ABACATUDOS,8,13,21,22657
2962,668471,2,americas,2026-05-05 16:00:00,12.06,https://www.vlr.gg/668471/peek-vs-abacatudos-challengers-2026-brazil-gamers-club-stage-2-w1,8a94bc91eaf87d206f4e9aa06e3a195664152ad6d24a20e790ebfa3f6ad3d3e7,2026-10-06T15:42:05+00:00,267076,Haven,16071,PEEK,22657,ABACATUDOS,9,13,22,22657
2857,661117,2,americas,2026-05-05 18:10:00,12.07,https://www.vlr.gg/661117/division-one-vs-flyquest-challengers-2026-north-america-ace-stage-2-lr3,1c512d7c2769de23299738899492d9276d102ea9cfd39b60e028f5e2fe4e2835,2026-10-06T15:38:14+00:00,265836,Breeze,21714,Division One,21838,FlyQuest,16,14,30,21714
2857,661117,2,americas,2026-05-05 18:10:00,12.07,https://www.vlr.gg/661117/division-one-vs-flyquest-challengers-2026-north-america-ace-stage-2-lr3,1c512d7c2769de23299738899492d9276d102ea9cfd39b60e028f5e2fe4e2835,2026-10-06T15:38:14+00:00,265837,Pearl,21714,Division One,21838,FlyQuest,9,13,22,21838
2857,661117,2,americas,2026-05-05 18:10:00,12.07,https://www.vlr.gg/661117/division-one-vs-flyquest-challengers-2026-north-america-ace-stage-2-lr3,1c512d7c2769de23299738899492d9276d102ea9cfd39b60e028f5e2fe4e2835,2026-10-06T15:38:14+00:00,265838,Bind,21714,Division One,21838,FlyQuest,16,14,30,21714
2962,668472,2,americas,2026-05-05 19:00:00,12.06,https://www.vlr.gg/668472/furia-academy-vs-f4tality-challengers-2026-brazil-gamers-club-stage-2-w1,2e65c7654c34e786251f48416c0bfd60a1e6236fe51f4b8b7ee17be5da84a1ee,2026-10-06T15:42:06+00:00,267078,Split,17094,FURIA Academy,16068,F4TALITY,13,10,23,17094
2962,668472,2,americas,2026-05-05 19:00:00,12.06,https://www.vlr.gg/668472/furia-academy-vs-f4tality-challengers-2026-brazil-gamers-club-stage-2-w1,2e65c7654c34e786251f48416c0bfd60a1e6236fe51f4b8b7ee17be5da84a1ee,2026-10-06T15:42:06+00:00,267079,Lotus,17094,FURIA Academy,16068,F4TALITY,11,13,24,16068
2962,668472,2,americas,2026-05-05 19:00:00,12.06,https://www.vlr.gg/668472/furia-academy-vs-f4tality-challengers-2026-brazil-gamers-club-stage-2-w1,2e65c7654c34e786251f48416c0bfd60a1e6236fe51f4b8b7ee17be5da84a1ee,2026-10-06T15:42:06+00:00,267080,Haven,17094,FURIA Academy,16068,F4TALITY,13,10,23,17094
2857,661118,2,americas,2026-05-06 16:00:00,12.07,https://www.vlr.gg/661118/shopify-rebellion-black-vs-division-one-challengers-2026-north-america-ace-stage-2-lbf,db98a7f831af685032d2a1ef0d91d3570590fd3527975f0df75c274dd07fc8c8,2026-10-06T15:38:15+00:00,265839,Breeze,9353,Shopify Rebellion Black,21714,Division One,10,13,23,21714
2857,661118,2,americas,2026-05-06 16:00:00,12.07,https://www.vlr.gg/661118/shopify-rebellion-black-vs-division-one-challengers-2026-north-america-ace-stage-2-lbf,db98a7f831af685032d2a1ef0d91d3570590fd3527975f0df75c274dd07fc8c8,2026-10-06T15:38:15+00:00,265840,Lotus,9353,Shopify Rebellion Black,21714,Division One,13,8,21,9353
2857,661118,2,americas,2026-05-06 16:00:00,12.07,https://www.vlr.gg/661118/shopify-rebellion-black-vs-division-one-challengers-2026-north-america-ace-stage-2-lbf,db98a7f831af685032d2a1ef0d91d3570590fd3527975f0df75c274dd07fc8c8,2026-10-06T15:38:15+00:00,265841,Pearl,9353,Shopify Rebellion Black,21714,Division One,13,9,22,9353
2857,661118,2,americas,2026-05-06 16:00:00,12.07,https://www.vlr.gg/661118/shopify-rebellion-black-vs-division-one-challengers-2026-north-america-ace-stage-2-lbf,db98a7f831af685032d2a1ef0d91d3570590fd3527975f0df75c274dd07fc8c8,2026-10-06T15:38:15+00:00,265842,Bind,9353,Shopify Rebellion Black,21714,Division One,13,11,24,9353
2962,668473,2,americas,2026-05-06 16:00:00,12.06,https://www.vlr.gg/668473/2game-esports-vs-elevate-challengers-2026-brazil-gamers-club-stage-2-w1,8a1cd1a3a044296745ead26d2cd383ac96b97a3a25e0d32cc6a24cd9fb2f6c37,2026-10-06T15:42:06+00:00,267081,Lotus,15072,2Game Esports,18622,ELEVATE,10,13,23,18622
2962,668473,2,americas,2026-05-06 16:00:00,12.06,https://www.vlr.gg/668473/2game-esports-vs-elevate-challengers-2026-brazil-gamers-club-stage-2-w1,8a1cd1a3a044296745ead26d2cd383ac96b97a3a25e0d32cc6a24cd9fb2f6c37,2026-10-06T15:42:06+00:00,267082,Pearl,15072,2Game Esports,18622,ELEVATE,13,10,23,15072
2962,668473,2,americas,2026-05-06 16:00:00,12.06,https://www.vlr.gg/668473/2game-esports-vs-elevate-challengers-2026-brazil-gamers-club-stage-2-w1,8a1cd1a3a044296745ead26d2cd383ac96b97a3a25e0d32cc6a24cd9fb2f6c37,2026-10-06T15:42:06+00:00,267083,Haven,15072,2Game Esports,18622,ELEVATE,13,5,18,15072
2962,668474,2,americas,2026-05-06 16:00:00,12.06,https://www.vlr.gg/668474/red-canids-vs-team-liquid-brazil-challengers-2026-brazil-gamers-club-stage-2-w1,23e20528f8a13a295f5462448ac2280d1f2d7845c83e57ca0d3a90b20b9b6ef8,2026-10-06T15:42:07+00:00,267084,Breeze,1124,RED Canids,7055,Team Liquid Brazil,13,9,22,1124
2962,668474,2,americas,2026-05-06 16:00:00,12.06,https://www.vlr.gg/668474/red-canids-vs-team-liquid-brazil-challengers-2026-brazil-gamers-club-stage-2-w1,23e20528f8a13a295f5462448ac2280d1f2d7845c83e57ca0d3a90b20b9b6ef8,2026-10-06T15:42:07+00:00,267085,Split,1124,RED Canids,7055,Team Liquid Brazil,13,11,24,1124
2962,668475,2,americas,2026-05-06 19:00:00,12.06,https://www.vlr.gg/668475/la-masia-vs-team-ego-challengers-2026-brazil-gamers-club-stage-2-w1,6fc1ad17653252cf0648cbb0143b7067d8e58df0e7315a19824d1878912e753a,2026-10-06T15:42:09+00:00,267087,Breeze,23312,LA MASIA,23310,TEAM EGO,13,3,16,23312
2962,668475,2,americas,2026-05-06 19:00:00,12.06,https://www.vlr.gg/668475/la-masia-vs-team-ego-challengers-2026-brazil-gamers-club-stage-2-w1,6fc1ad17653252cf0648cbb0143b7067d8e58df0e7315a19824d1878912e753a,2026-10-06T15:42:09+00:00,267088,Fracture,23312,LA MASIA,23310,TEAM EGO,13,7,20,23312
2775,666488,1,pacific,2026-05-07 04:00:00,12.08,https://www.vlr.gg/666488/rex-regum-qeon-vs-global-esports-vct-2026-pacific-stage-1-ur1,447f321ae9b9a1ffaf995389154bd1d55d5bea305290e2e83fcf598c915da759,2026-10-06T15:35:56+00:00,266840,Breeze,878,Rex Regum Qeon,918,Global Esports,11,13,24,918
2775,666488,1,pacific,2026-05-07 04:00:00,12.08,https://www.vlr.gg/666488/rex-regum-qeon-vs-global-esports-vct-2026-pacific-stage-1-ur1,447f321ae9b9a1ffaf995389154bd1d55d5bea305290e2e83fcf598c915da759,2026-10-06T15:35:56+00:00,266841,Pearl,878,Rex Regum Qeon,918,Global Esports,10,13,23,918
2775,666489,1,pacific,2026-05-07 06:35:00,12.08,https://www.vlr.gg/666489/kiwoom-drx-vs-full-sense-vct-2026-pacific-stage-1-ur1,706fc468cdd268aa796dff760317cb8667ab4297d666706e7fdca9783a8ef882,2026-10-06T15:35:57+00:00,266843,Lotus,8185,KIWOOM DRX,4050,FULL SENSE,9,13,22,4050
2775,666489,1,pacific,2026-05-07 06:35:00,12.08,https://www.vlr.gg/666489/kiwoom-drx-vs-full-sense-vct-2026-pacific-stage-1-ur1,706fc468cdd268aa796dff760317cb8667ab4297d666706e7fdca9783a8ef882,2026-10-06T15:35:57+00:00,266844,Fracture,8185,KIWOOM DRX,4050,FULL SENSE,7,13,20,4050
2863,660381,1,emea,2026-05-07 11:00:00,12.08,https://www.vlr.gg/660381/eternal-fire-vs-team-heretics-vct-2026-emea-stage-1-ur1,5d5424a60e1dac127905100756a9ac0e4847e14b0d5635105c08877cd32974df,2026-10-06T15:40:09+00:00,265462,Fracture,6392,Eternal Fire,1001,Team Heretics,7,13,20,1001
2863,660381,1,emea,2026-05-07 11:00:00,12.08,https://www.vlr.gg/660381/eternal-fire-vs-team-heretics-vct-2026-emea-stage-1-ur1,5d5424a60e1dac127905100756a9ac0e4847e14b0d5635105c08877cd32974df,2026-10-06T15:40:09+00:00,265463,Pearl,6392,Eternal Fire,1001,Team Heretics,13,8,21,6392
2863,660381,1,emea,2026-05-07 11:00:00,12.08,https://www.vlr.gg/660381/eternal-fire-vs-team-heretics-vct-2026-emea-stage-1-ur1,5d5424a60e1dac127905100756a9ac0e4847e14b0d5635105c08877cd32974df,2026-10-06T15:40:09+00:00,265464,Lotus,6392,Eternal Fire,1001,Team Heretics,13,5,18,6392
2863,660382,1,emea,2026-05-07 13:55:00,12.08,https://www.vlr.gg/660382/team-liquid-vs-team-vitality-vct-2026-emea-stage-1-ur1,d04dbee80450f0131abac32977b8044196d6ed6d90f4de7afae21613b2e7133a,2026-10-06T15:40:10+00:00,265465,Pearl,474,Team Liquid,2059,Team Vitality,3,13,16,2059
2863,660382,1,emea,2026-05-07 13:55:00,12.08,https://www.vlr.gg/660382/team-liquid-vs-team-vitality-vct-2026-emea-stage-1-ur1,d04dbee80450f0131abac32977b8044196d6ed6d90f4de7afae21613b2e7133a,2026-10-06T15:40:10+00:00,265466,Ascent,474,Team Liquid,2059,Team Vitality,13,11,24,474
2863,660382,1,emea,2026-05-07 13:55:00,12.08,https://www.vlr.gg/660382/team-liquid-vs-team-vitality-vct-2026-emea-stage-1-ur1,d04dbee80450f0131abac32977b8044196d6ed6d90f4de7afae21613b2e7133a,2026-10-06T15:40:10+00:00,265467,Lotus,474,Team Liquid,2059,Team Vitality,10,13,23,2059
2857,661112,2,americas,2026-05-07 16:00:00,12.07,https://www.vlr.gg/661112/m80-vs-shopify-rebellion-black-challengers-2026-north-america-ace-stage-2-gf,77b4bd1dcc89438297851c610b873a1a323778d2aa9d6017d984d7f50faf9b2b,2026-10-06T15:38:15+00:00,265819,Fracture,11001,M80,9353,Shopify Rebellion Black,13,1,14,11001
2857,661112,2,americas,2026-05-07 16:00:00,12.07,https://www.vlr.gg/661112/m80-vs-shopify-rebellion-black-challengers-2026-north-america-ace-stage-2-gf,77b4bd1dcc89438297851c610b873a1a323778d2aa9d6017d984d7f50faf9b2b,2026-10-06T15:38:15+00:00,265820,Lotus,11001,M80,9353,Shopify Rebellion Black,7,13,20,9353
2857,661112,2,americas,2026-05-07 16:00:00,12.07,https://www.vlr.gg/661112/m80-vs-shopify-rebellion-black-challengers-2026-north-america-ace-stage-2-gf,77b4bd1dcc89438297851c610b873a1a323778d2aa9d6017d984d7f50faf9b2b,2026-10-06T15:38:15+00:00,265821,Pearl,11001,M80,9353,Shopify Rebellion Black,13,7,20,11001
2857,661112,2,americas,2026-05-07 16:00:00,12.07,https://www.vlr.gg/661112/m80-vs-shopify-rebellion-black-challengers-2026-north-america-ace-stage-2-gf,77b4bd1dcc89438297851c610b873a1a323778d2aa9d6017d984d7f50faf9b2b,2026-10-06T15:38:15+00:00,265822,Breeze,11001,M80,9353,Shopify Rebellion Black,9,13,22,9353
2857,661112,2,americas,2026-05-07 16:00:00,12.07,https://www.vlr.gg/661112/m80-vs-shopify-rebellion-black-challengers-2026-north-america-ace-stage-2-gf,77b4bd1dcc89438297851c610b873a1a323778d2aa9d6017d984d7f50faf9b2b,2026-10-06T15:38:15+00:00,265823,Split,11001,M80,9353,Shopify Rebellion Black,13,5,18,11001
2775,666490,1,pacific,2026-05-08 04:00:00,12.08,https://www.vlr.gg/666490/paper-rex-vs-global-esports-vct-2026-pacific-stage-1-ubsf,71aa0900031c5cb7c6a0281816047a5b14f983591f0096c707b7d12ea010c849,2026-10-06T15:35:58+00:00,266846,Breeze,624,Paper Rex,918,Global Esports,9,13,22,918
2775,666490,1,pacific,2026-05-08 04:00:00,12.08,https://www.vlr.gg/666490/paper-rex-vs-global-esports-vct-2026-pacific-stage-1-ubsf,71aa0900031c5cb7c6a0281816047a5b14f983591f0096c707b7d12ea010c849,2026-10-06T15:35:58+00:00,266847,Lotus,624,Paper Rex,918,Global Esports,13,6,19,624
2775,666490,1,pacific,2026-05-08 04:00:00,12.08,https://www.vlr.gg/666490/paper-rex-vs-global-esports-vct-2026-pacific-stage-1-ubsf,71aa0900031c5cb7c6a0281816047a5b14f983591f0096c707b7d12ea010c849,2026-10-06T15:35:58+00:00,266848,Pearl,624,Paper Rex,918,Global Esports,5,13,18,918
2864,659480,1,china,2026-05-08 05:00:00,,https://www.vlr.gg/659480/xi-lai-gaming-vs-edward-gaming-vct-2026-china-stage-1-ubf,bec26866287181df4d8afc5994192d13af89c5db8b95d3595640d3778fc8d24b,2026-10-06T15:40:58+00:00,265301,Split,13581,Xi Lai Gaming,1120,EDward Gaming,9,13,22,1120
2864,659480,1,china,2026-05-08 05:00:00,,https://www.vlr.gg/659480/xi-lai-gaming-vs-edward-gaming-vct-2026-china-stage-1-ubf,bec26866287181df4d8afc5994192d13af89c5db8b95d3595640d3778fc8d24b,2026-10-06T15:40:58+00:00,265302,Breeze,13581,Xi Lai Gaming,1120,EDward Gaming,8,13,21,1120
2864,659486,1,china,2026-05-08 07:10:00,,https://www.vlr.gg/659486/all-gamers-vs-dragon-ranger-gaming-vct-2026-china-stage-1-lr3,e5437d78bcf5086ace0b6b5995f5573ff1c60e8a26b9652aa0a71afc70ffa2c0,2026-10-06T15:40:59+00:00,265321,Lotus,1119,All Gamers,11981,Dragon Ranger Gaming,8,13,21,11981
2864,659486,1,china,2026-05-08 07:10:00,,https://www.vlr.gg/659486/all-gamers-vs-dragon-ranger-gaming-vct-2026-china-stage-1-lr3,e5437d78bcf5086ace0b6b5995f5573ff1c60e8a26b9652aa0a71afc70ffa2c0,2026-10-06T15:40:59+00:00,265322,Split,1119,All Gamers,11981,Dragon Ranger Gaming,13,8,21,1119
2864,659486,1,china,2026-05-08 07:10:00,,https://www.vlr.gg/659486/all-gamers-vs-dragon-ranger-gaming-vct-2026-china-stage-1-lr3,e5437d78bcf5086ace0b6b5995f5573ff1c60e8a26b9652aa0a71afc70ffa2c0,2026-10-06T15:40:59+00:00,265323,Haven,1119,All Gamers,11981,Dragon Ranger Gaming,6,13,19,11981
2775,666491,1,pacific,2026-05-08 07:15:00,12.08,https://www.vlr.gg/666491/t1-vs-full-sense-vct-2026-pacific-stage-1-ubsf,cfb849096cf518d168f8eebecd32c4e2adcfeabd161fe26dbe83fcba637d12d3,2026-10-06T15:36:00+00:00,266849,Pearl,14,T1,4050,FULL SENSE,9,13,22,4050
2775,666491,1,pacific,2026-05-08 07:15:00,12.08,https://www.vlr.gg/666491/t1-vs-full-sense-vct-2026-pacific-stage-1-ubsf,cfb849096cf518d168f8eebecd32c4e2adcfeabd161fe26dbe83fcba637d12d3,2026-10-06T15:36:00+00:00,266850,Lotus,14,T1,4050,FULL SENSE,8,13,21,4050
2863,660383,1,emea,2026-05-08 11:00:00,12.08,https://www.vlr.gg/660383/fut-esports-vs-eternal-fire-vct-2026-emea-stage-1-ubsf,b02ba7cbcc2933c9e5a7e277d065c748788b7764ea45c061cc6e665e8114da18,2026-10-06T15:40:11+00:00,265468,Pearl,1184,FUT Esports,6392,Eternal Fire,5,13,18,6392
2863,660383,1,emea,2026-05-08 11:00:00,12.08,https://www.vlr.gg/660383/fut-esports-vs-eternal-fire-vct-2026-emea-stage-1-ubsf,b02ba7cbcc2933c9e5a7e277d065c748788b7764ea45c061cc6e665e8114da18,2026-10-06T15:40:11+00:00,265469,Ascent,1184,FUT Esports,6392,Eternal Fire,13,4,17,1184
2863,660383,1,emea,2026-05-08 11:00:00,12.08,https://www.vlr.gg/660383/fut-esports-vs-eternal-fire-vct-2026-emea-stage-1-ubsf,b02ba7cbcc2933c9e5a7e277d065c748788b7764ea45c061cc6e665e8114da18,2026-10-06T15:40:11+00:00,265470,Split,1184,FUT Esports,6392,Eternal Fire,13,11,24,1184
2863,660384,1,emea,2026-05-08 13:55:00,12.08,https://www.vlr.gg/660384/fnatic-vs-team-vitality-vct-2026-emea-stage-1-ubsf,d3b688badf65f0385b1e09a809a7b0e4838e11ca11ec381ba1a85d0182d1cf6f,2026-10-06T15:40:12+00:00,265471,Breeze,2593,FNATIC,2059,Team Vitality,4,13,17,2059
2863,660384,1,emea,2026-05-08 13:55:00,12.08,https://www.vlr.gg/660384/fnatic-vs-team-vitality-vct-2026-emea-stage-1-ubsf,d3b688badf65f0385b1e09a809a7b0e4838e11ca11ec381ba1a85d0182d1cf6f,2026-10-06T15:40:12+00:00,265472,Haven,2593,FNATIC,2059,Team Vitality,13,15,28,2059
2860,645498,1,americas,2026-05-08 17:00:00,12.07,https://www.vlr.gg/645498/kr-esports-vs-evil-geniuses-vct-2026-americas-stage-1-w5,b6f8beea50fee75f382c35c947d6a1d95e6a15f9ca60d89c9900e9fe0a57d065,2026-10-06T15:39:27+00:00,258647,Haven,2355,KRÜ Esports,5248,Evil Geniuses,11,13,24,5248
2860,645498,1,americas,2026-05-08 17:00:00,12.07,https://www.vlr.gg/645498/kr-esports-vs-evil-geniuses-vct-2026-americas-stage-1-w5,b6f8beea50fee75f382c35c947d6a1d95e6a15f9ca60d89c9900e9fe0a57d065,2026-10-06T15:39:27+00:00,258648,Lotus,2355,KRÜ Esports,5248,Evil Geniuses,13,11,24,2355
2860,645498,1,americas,2026-05-08 17:00:00,12.07,https://www.vlr.gg/645498/kr-esports-vs-evil-geniuses-vct-2026-americas-stage-1-w5,b6f8beea50fee75f382c35c947d6a1d95e6a15f9ca60d89c9900e9fe0a57d065,2026-10-06T15:39:27+00:00,258649,Bind,2355,KRÜ Esports,5248,Evil Geniuses,13,6,19,2355
2860,645499,1,americas,2026-05-08 20:20:00,12.07,https://www.vlr.gg/645499/furia-vs-100-thieves-vct-2026-americas-stage-1-w5,17697e899ea81155ddcbd5042261575efad0586252e84a0bd28a4ff28b1411a9,2026-10-06T15:39:28+00:00,258650,Pearl,2406,FURIA,120,100 Thieves,13,9,22,2406
2860,645499,1,americas,2026-05-08 20:20:00,12.07,https://www.vlr.gg/645499/furia-vs-100-thieves-vct-2026-americas-stage-1-w5,17697e899ea81155ddcbd5042261575efad0586252e84a0bd28a4ff28b1411a9,2026-10-06T15:39:28+00:00,258651,Haven,2406,FURIA,120,100 Thieves,8,13,21,120
2860,645499,1,americas,2026-05-08 20:20:00,12.07,https://www.vlr.gg/645499/furia-vs-100-thieves-vct-2026-americas-stage-1-w5,17697e899ea81155ddcbd5042261575efad0586252e84a0bd28a4ff28b1411a9,2026-10-06T15:39:28+00:00,258652,Breeze,2406,FURIA,120,100 Thieves,6,13,19,120
2775,666494,1,pacific,2026-05-09 04:00:00,12.08,https://www.vlr.gg/666494/rex-regum-qeon-vs-detonation-focusme-vct-2026-pacific-stage-1-lr1,8d7d948f8668c9984c3a50eb1782e348067d274559f36fa82ef3aaa4a249fb8e,2026-10-06T15:36:01+00:00,266860,Ascent,878,Rex Regum Qeon,278,DetonatioN FocusMe,9,13,22,278
2775,666494,1,pacific,2026-05-09 04:00:00,12.08,https://www.vlr.gg/666494/rex-regum-qeon-vs-detonation-focusme-vct-2026-pacific-stage-1-lr1,8d7d948f8668c9984c3a50eb1782e348067d274559f36fa82ef3aaa4a249fb8e,2026-10-06T15:36:01+00:00,266861,Breeze,878,Rex Regum Qeon,278,DetonatioN FocusMe,13,11,24,878
2775,666494,1,pacific,2026-05-09 04:00:00,12.08,https://www.vlr.gg/666494/rex-regum-qeon-vs-detonation-focusme-vct-2026-pacific-stage-1-lr1,8d7d948f8668c9984c3a50eb1782e348067d274559f36fa82ef3aaa4a249fb8e,2026-10-06T15:36:01+00:00,266862,Lotus,878,Rex Regum Qeon,278,DetonatioN FocusMe,13,8,21,878
2864,659487,1,china,2026-05-09 05:00:00,,https://www.vlr.gg/659487/xi-lai-gaming-vs-dragon-ranger-gaming-vct-2026-china-stage-1-lbf,4eef2ed8e563df84399d35954d5e36391bb908d5f3186b1ce2534e8e9d1c0a74,2026-10-06T15:41:00+00:00,265324,Lotus,13581,Xi Lai Gaming,11981,Dragon Ranger Gaming,13,2,15,13581
2864,659487,1,china,2026-05-09 05:00:00,,https://www.vlr.gg/659487/xi-lai-gaming-vs-dragon-ranger-gaming-vct-2026-china-stage-1-lbf,4eef2ed8e563df84399d35954d5e36391bb908d5f3186b1ce2534e8e9d1c0a74,2026-10-06T15:41:00+00:00,265325,Breeze,13581,Xi Lai Gaming,11981,Dragon Ranger Gaming,13,6,19,13581
2864,659487,1,china,2026-05-09 05:00:00,,https://www.vlr.gg/659487/xi-lai-gaming-vs-dragon-ranger-gaming-vct-2026-china-stage-1-lbf,4eef2ed8e563df84399d35954d5e36391bb908d5f3186b1ce2534e8e9d1c0a74,2026-10-06T15:41:00+00:00,265326,Haven,13581,Xi Lai Gaming,11981,Dragon Ranger Gaming,10,13,23,11981
2864,659487,1,china,2026-05-09 05:00:00,,https://www.vlr.gg/659487/xi-lai-gaming-vs-dragon-ranger-gaming-vct-2026-china-stage-1-lbf,4eef2ed8e563df84399d35954d5e36391bb908d5f3186b1ce2534e8e9d1c0a74,2026-10-06T15:41:00+00:00,265327,Split,13581,Xi Lai Gaming,11981,Dragon Ranger Gaming,13,11,24,13581
2775,666495,1,pacific,2026-05-09 07:30:00,12.08,https://www.vlr.gg/666495/kiwoom-drx-vs-nongshim-redforce-vct-2026-pacific-stage-1-lr1,7f50427a0adc7cb7256ec3293018c51d3956d38243c13307d4d83e52c791b2ff,2026-10-06T15:36:02+00:00,266863,Pearl,8185,KIWOOM DRX,11060,Nongshim RedForce,11,13,24,11060
2775,666495,1,pacific,2026-05-09 07:30:00,12.08,https://www.vlr.gg/666495/kiwoom-drx-vs-nongshim-redforce-vct-2026-pacific-stage-1-lr1,7f50427a0adc7cb7256ec3293018c51d3956d38243c13307d4d83e52c791b2ff,2026-10-06T15:36:02+00:00,266864,Split,8185,KIWOOM DRX,11060,Nongshim RedForce,13,6,19,8185
2775,666495,1,pacific,2026-05-09 07:30:00,12.08,https://www.vlr.gg/666495/kiwoom-drx-vs-nongshim-redforce-vct-2026-pacific-stage-1-lr1,7f50427a0adc7cb7256ec3293018c51d3956d38243c13307d4d83e52c791b2ff,2026-10-06T15:36:02+00:00,266865,Haven,8185,KIWOOM DRX,11060,Nongshim RedForce,13,9,22,8185
2863,660387,1,emea,2026-05-09 11:00:00,12.08,https://www.vlr.gg/660387/team-heretics-vs-bbl-esports-vct-2026-emea-stage-1-lr1,bb80458cf82511087e0c02dcdd22a3a7263142a179b52f0a4ead919388251fe9,2026-10-06T15:40:13+00:00,265482,Breeze,1001,Team Heretics,397,BBL Esports,13,4,17,1001
2863,660387,1,emea,2026-05-09 11:00:00,12.08,https://www.vlr.gg/660387/team-heretics-vs-bbl-esports-vct-2026-emea-stage-1-lr1,bb80458cf82511087e0c02dcdd22a3a7263142a179b52f0a4ead919388251fe9,2026-10-06T15:40:13+00:00,265483,Ascent,1001,Team Heretics,397,BBL Esports,14,12,26,1001
2863,660388,1,emea,2026-05-09 13:30:00,12.08,https://www.vlr.gg/660388/team-liquid-vs-gentle-mates-vct-2026-emea-stage-1-lr1,e3a5311cfc1944924b8b26ab19dd008e9246f7e037bf01944270a19980b0ac62,2026-10-06T15:40:13+00:00,265485,Split,474,Team Liquid,12694,Gentle Mates,13,4,17,474
2863,660388,1,emea,2026-05-09 13:30:00,12.08,https://www.vlr.gg/660388/team-liquid-vs-gentle-mates-vct-2026-emea-stage-1-lr1,e3a5311cfc1944924b8b26ab19dd008e9246f7e037bf01944270a19980b0ac62,2026-10-06T15:40:13+00:00,265486,Ascent,474,Team Liquid,12694,Gentle Mates,10,13,23,12694
2863,660388,1,emea,2026-05-09 13:30:00,12.08,https://www.vlr.gg/660388/team-liquid-vs-gentle-mates-vct-2026-emea-stage-1-lr1,e3a5311cfc1944924b8b26ab19dd008e9246f7e037bf01944270a19980b0ac62,2026-10-06T15:40:13+00:00,265487,Fracture,474,Team Liquid,12694,Gentle Mates,2,13,15,12694
2860,645500,1,americas,2026-05-09 17:00:00,12.07,https://www.vlr.gg/645500/g2-esports-vs-cloud9-vct-2026-americas-stage-1-w5,e80a409839023285be0167f30cea862610ed621aa71a2e6145edd22af2ce58e4,2026-10-06T15:39:29+00:00,258653,Lotus,11058,G2 Esports,188,Cloud9,13,6,19,11058
2860,645500,1,americas,2026-05-09 17:00:00,12.07,https://www.vlr.gg/645500/g2-esports-vs-cloud9-vct-2026-americas-stage-1-w5,e80a409839023285be0167f30cea862610ed621aa71a2e6145edd22af2ce58e4,2026-10-06T15:39:29+00:00,258654,Split,11058,G2 Esports,188,Cloud9,13,9,22,11058
2860,645501,1,americas,2026-05-09 19:10:00,12.07,https://www.vlr.gg/645501/envy-vs-mibr-vct-2026-americas-stage-1-w5,e7a3cbd53360c36e224d610361df70c300e62bd65f2c1221055153a8db0d8c30,2026-10-06T15:39:30+00:00,258656,Haven,427,ENVY,7386,MIBR,13,1,14,427
2860,645501,1,americas,2026-05-09 19:10:00,12.07,https://www.vlr.gg/645501/envy-vs-mibr-vct-2026-americas-stage-1-w5,e7a3cbd53360c36e224d610361df70c300e62bd65f2c1221055153a8db0d8c30,2026-10-06T15:39:30+00:00,258657,Bind,427,ENVY,7386,MIBR,13,3,16,427
2775,666496,1,pacific,2026-05-10 04:00:00,12.08,https://www.vlr.gg/666496/t1-vs-rex-regum-qeon-vct-2026-pacific-stage-1-lr2,b70aa9733fb1dc66cca668bc21910132b5fa9a4dfb59ae159ec3dd4a67af7cc0,2026-10-06T15:36:03+00:00,266866,Haven,14,T1,878,Rex Regum Qeon,13,6,19,14
2775,666496,1,pacific,2026-05-10 04:00:00,12.08,https://www.vlr.gg/666496/t1-vs-rex-regum-qeon-vct-2026-pacific-stage-1-lr2,b70aa9733fb1dc66cca668bc21910132b5fa9a4dfb59ae159ec3dd4a67af7cc0,2026-10-06T15:36:03+00:00,266867,Lotus,14,T1,878,Rex Regum Qeon,10,13,23,878
2775,666496,1,pacific,2026-05-10 04:00:00,12.08,https://www.vlr.gg/666496/t1-vs-rex-regum-qeon-vct-2026-pacific-stage-1-lr2,b70aa9733fb1dc66cca668bc21910132b5fa9a4dfb59ae159ec3dd4a67af7cc0,2026-10-06T15:36:03+00:00,266868,Breeze,14,T1,878,Rex Regum Qeon,13,5,18,14
2864,659481,1,china,2026-05-10 05:00:00,,https://www.vlr.gg/659481/edward-gaming-vs-xi-lai-gaming-vct-2026-china-stage-1-gf,cbbc2baebb20c5f09dbb90e1d650fa2fe63cb14dcb973232ba2795851cbb9f1b,2026-10-06T15:41:01+00:00,265304,Fracture,1120,EDward Gaming,13581,Xi Lai Gaming,6,13,19,13581
2864,659481,1,china,2026-05-10 05:00:00,,https://www.vlr.gg/659481/edward-gaming-vs-xi-lai-gaming-vct-2026-china-stage-1-gf,cbbc2baebb20c5f09dbb90e1d650fa2fe63cb14dcb973232ba2795851cbb9f1b,2026-10-06T15:41:01+00:00,265305,Split,1120,EDward Gaming,13581,Xi Lai Gaming,15,13,28,1120
2864,659481,1,china,2026-05-10 05:00:00,,https://www.vlr.gg/659481/edward-gaming-vs-xi-lai-gaming-vct-2026-china-stage-1-gf,cbbc2baebb20c5f09dbb90e1d650fa2fe63cb14dcb973232ba2795851cbb9f1b,2026-10-06T15:41:01+00:00,265306,Breeze,1120,EDward Gaming,13581,Xi Lai Gaming,13,5,18,1120
2864,659481,1,china,2026-05-10 05:00:00,,https://www.vlr.gg/659481/edward-gaming-vs-xi-lai-gaming-vct-2026-china-stage-1-gf,cbbc2baebb20c5f09dbb90e1d650fa2fe63cb14dcb973232ba2795851cbb9f1b,2026-10-06T15:41:01+00:00,265307,Haven,1120,EDward Gaming,13581,Xi Lai Gaming,9,13,22,13581
2864,659481,1,china,2026-05-10 05:00:00,,https://www.vlr.gg/659481/edward-gaming-vs-xi-lai-gaming-vct-2026-china-stage-1-gf,cbbc2baebb20c5f09dbb90e1d650fa2fe63cb14dcb973232ba2795851cbb9f1b,2026-10-06T15:41:01+00:00,265308,Pearl,1120,EDward Gaming,13581,Xi Lai Gaming,13,4,17,1120
2775,666497,1,pacific,2026-05-10 07:30:00,12.08,https://www.vlr.gg/666497/paper-rex-vs-kiwoom-drx-vct-2026-pacific-stage-1-lr2,1c23af53064e55a0218f5c69790d14f167da0f1ae566d69230cfc58c93bcca4c,2026-10-06T15:36:04+00:00,266869,Ascent,624,Paper Rex,8185,KIWOOM DRX,13,8,21,624
2775,666497,1,pacific,2026-05-10 07:30:00,12.08,https://www.vlr.gg/666497/paper-rex-vs-kiwoom-drx-vct-2026-pacific-stage-1-lr2,1c23af53064e55a0218f5c69790d14f167da0f1ae566d69230cfc58c93bcca4c,2026-10-06T15:36:04+00:00,266870,Breeze,624,Paper Rex,8185,KIWOOM DRX,5,13,18,8185
2775,666497,1,pacific,2026-05-10 07:30:00,12.08,https://www.vlr.gg/666497/paper-rex-vs-kiwoom-drx-vct-2026-pacific-stage-1-lr2,1c23af53064e55a0218f5c69790d14f167da0f1ae566d69230cfc58c93bcca4c,2026-10-06T15:36:04+00:00,266871,Split,624,Paper Rex,8185,KIWOOM DRX,13,1,14,624
2863,660389,1,emea,2026-05-10 11:00:00,12.08,https://www.vlr.gg/660389/fnatic-vs-team-heretics-vct-2026-emea-stage-1-lr2,52d626f275505d0c3d1a3a6147a65a29450e8348d04f7eae115d25c4f2a4e7c4,2026-10-06T15:40:14+00:00,265488,Fracture,2593,FNATIC,1001,Team Heretics,13,10,23,2593
2863,660389,1,emea,2026-05-10 11:00:00,12.08,https://www.vlr.gg/660389/fnatic-vs-team-heretics-vct-2026-emea-stage-1-lr2,52d626f275505d0c3d1a3a6147a65a29450e8348d04f7eae115d25c4f2a4e7c4,2026-10-06T15:40:14+00:00,265489,Lotus,2593,FNATIC,1001,Team Heretics,2,13,15,1001
2863,660389,1,emea,2026-05-10 11:00:00,12.08,https://www.vlr.gg/660389/fnatic-vs-team-heretics-vct-2026-emea-stage-1-lr2,52d626f275505d0c3d1a3a6147a65a29450e8348d04f7eae115d25c4f2a4e7c4,2026-10-06T15:40:14+00:00,265490,Ascent,2593,FNATIC,1001,Team Heretics,13,15,28,1001
2863,660390,1,emea,2026-05-10 14:35:00,12.08,https://www.vlr.gg/660390/eternal-fire-vs-gentle-mates-vct-2026-emea-stage-1-lr2,78b3b1f4a757de8773c86ae7fca008a21668149ccbb15b51716e1b2fd4baed54,2026-10-06T15:40:15+00:00,265491,Ascent,6392,Eternal Fire,12694,Gentle Mates,13,5,18,6392
2863,660390,1,emea,2026-05-10 14:35:00,12.08,https://www.vlr.gg/660390/eternal-fire-vs-gentle-mates-vct-2026-emea-stage-1-lr2,78b3b1f4a757de8773c86ae7fca008a21668149ccbb15b51716e1b2fd4baed54,2026-10-06T15:40:15+00:00,265492,Lotus,6392,Eternal Fire,12694,Gentle Mates,13,9,22,6392
2857,674149,2,americas,2026-05-10 16:00:00,12.08,https://www.vlr.gg/674149/shopify-rebellion-gold-vs-evictix-challengers-2026-north-america-ace-stage-2-promo-relegation-ro,8c1c5a58b0a083e89f11978daefb83b474cd5ae6d74f26fde040d33051dee852,2026-10-06T15:38:17+00:00,268083,Split,14278,Shopify Rebellion Gold,19914,Evictix,2,13,15,19914
2857,674149,2,americas,2026-05-10 16:00:00,12.08,https://www.vlr.gg/674149/shopify-rebellion-gold-vs-evictix-challengers-2026-north-america-ace-stage-2-promo-relegation-ro,8c1c5a58b0a083e89f11978daefb83b474cd5ae6d74f26fde040d33051dee852,2026-10-06T15:38:17+00:00,268084,Haven,14278,Shopify Rebellion Gold,19914,Evictix,3,13,16,19914
2860,645502,1,americas,2026-05-10 17:00:00,12.07,https://www.vlr.gg/645502/loud-vs-leviat-n-vct-2026-americas-stage-1-w5,db05a8762beda333798358f9c6346566d8d9c8e8a1390136c47185b554231eed,2026-10-06T15:39:30+00:00,258659,Bind,6961,LOUD,2359,LEVIATÁN,3,13,16,2359
2860,645502,1,americas,2026-05-10 17:00:00,12.07,https://www.vlr.gg/645502/loud-vs-leviat-n-vct-2026-americas-stage-1-w5,db05a8762beda333798358f9c6346566d8d9c8e8a1390136c47185b554231eed,2026-10-06T15:39:30+00:00,258660,Breeze,6961,LOUD,2359,LEVIATÁN,14,12,26,6961
2860,645502,1,americas,2026-05-10 17:00:00,12.07,https://www.vlr.gg/645502/loud-vs-leviat-n-vct-2026-americas-stage-1-w5,db05a8762beda333798358f9c6346566d8d9c8e8a1390136c47185b554231eed,2026-10-06T15:39:30+00:00,258661,Haven,6961,LOUD,2359,LEVIATÁN,13,10,23,6961
2860,645503,1,americas,2026-05-10 20:10:00,12.07,https://www.vlr.gg/645503/sentinels-vs-nrg-vct-2026-americas-stage-1-w5,f4c37e2062b4dd0d48f11e69faf1ae22a0eef8e610a23d69f9db1b9032165fcd,2026-10-06T15:39:31+00:00,258662,Fracture,2,Sentinels,1034,NRG,11,13,24,1034
2860,645503,1,americas,2026-05-10 20:10:00,12.07,https://www.vlr.gg/645503/sentinels-vs-nrg-vct-2026-americas-stage-1-w5,f4c37e2062b4dd0d48f11e69faf1ae22a0eef8e610a23d69f9db1b9032165fcd,2026-10-06T15:39:31+00:00,258663,Breeze,2,Sentinels,1034,NRG,13,11,24,2
2860,645503,1,americas,2026-05-10 20:10:00,12.07,https://www.vlr.gg/645503/sentinels-vs-nrg-vct-2026-americas-stage-1-w5,f4c37e2062b4dd0d48f11e69faf1ae22a0eef8e610a23d69f9db1b9032165fcd,2026-10-06T15:39:31+00:00,258664,Lotus,2,Sentinels,1034,NRG,10,13,23,1034
2857,674150,2,americas,2026-05-11 16:00:00,12.08,https://www.vlr.gg/674150/rose-vs-shopify-rebellion-gold-challengers-2026-north-america-ace-stage-2-promo-relegation-round,a57b6aa620924da29840e6f35a2e714fc6017baa254c6d5af681af33dae3e1b1,2026-10-06T15:38:18+00:00,268086,Haven,11648,ROSE,14278,Shopify Rebellion Gold,13,5,18,11648
2857,674150,2,americas,2026-05-11 16:00:00,12.08,https://www.vlr.gg/674150/rose-vs-shopify-rebellion-gold-challengers-2026-north-america-ace-stage-2-promo-relegation-round,a57b6aa620924da29840e6f35a2e714fc6017baa254c6d5af681af33dae3e1b1,2026-10-06T15:38:18+00:00,268087,Fracture,11648,ROSE,14278,Shopify Rebellion Gold,13,7,20,11648
2962,668478,2,americas,2026-05-12 16:00:00,12.08,https://www.vlr.gg/668478/team-solid-vs-mibr-academy-challengers-2026-brazil-gamers-club-stage-2-w2,7fe7e9416c313b33c623e6d7d7919bc099e2ee1ed175c928937071a9ba6cd5c0,2026-10-06T15:42:09+00:00,267090,Pearl,19265,Team Solid,16606,MIBR Academy,7,13,20,16606
2962,668478,2,americas,2026-05-12 16:00:00,12.08,https://www.vlr.gg/668478/team-solid-vs-mibr-academy-challengers-2026-brazil-gamers-club-stage-2-w2,7fe7e9416c313b33c623e6d7d7919bc099e2ee1ed175c928937071a9ba6cd5c0,2026-10-06T15:42:09+00:00,267091,Haven,19265,Team Solid,16606,MIBR Academy,10,13,23,16606
2962,668479,2,americas,2026-05-12 16:00:00,12.08,https://www.vlr.gg/668479/tbk-esports-vs-peek-challengers-2026-brazil-gamers-club-stage-2-w2,f0ed784967cb70c2d3942be343bc17ea7450454581a957f6e3d3328201b902a7,2026-10-06T15:42:10+00:00,267093,Haven,6946,TBK Esports,16071,PEEK,13,4,17,6946
2962,668479,2,americas,2026-05-12 16:00:00,12.08,https://www.vlr.gg/668479/tbk-esports-vs-peek-challengers-2026-brazil-gamers-club-stage-2-w2,f0ed784967cb70c2d3942be343bc17ea7450454581a957f6e3d3328201b902a7,2026-10-06T15:42:10+00:00,267094,Fracture,6946,TBK Esports,16071,PEEK,13,8,21,6946
2857,674151,2,americas,2026-05-12 16:00:00,12.08,https://www.vlr.gg/674151/evictix-vs-rose-challengers-2026-north-america-ace-stage-2-promo-relegation-round-robin,cc6519cfd247b07fa7bcc03632cecbcb21421498470c2e0f75654ad90f903317,2026-10-06T15:38:18+00:00,268089,Lotus,19914,Evictix,11648,ROSE,15,13,28,19914
2857,674151,2,americas,2026-05-12 16:00:00,12.08,https://www.vlr.gg/674151/evictix-vs-rose-challengers-2026-north-america-ace-stage-2-promo-relegation-round-robin,cc6519cfd247b07fa7bcc03632cecbcb21421498470c2e0f75654ad90f903317,2026-10-06T15:38:18+00:00,268090,Ascent,19914,Evictix,11648,ROSE,13,6,19,19914
2962,668480,2,americas,2026-05-12 18:15:00,12.08,https://www.vlr.gg/668480/f4tality-vs-abacatudos-challengers-2026-brazil-gamers-club-stage-2-w2,c1cf1e3ee9bb8b3063ee895df584003c4a83ac0ef49918e981268a46cff9d112,2026-10-06T15:42:11+00:00,267096,Haven,16068,F4TALITY,22657,ABACATUDOS,13,6,19,16068
2962,668480,2,americas,2026-05-12 18:15:00,12.08,https://www.vlr.gg/668480/f4tality-vs-abacatudos-challengers-2026-brazil-gamers-club-stage-2-w2,c1cf1e3ee9bb8b3063ee895df584003c4a83ac0ef49918e981268a46cff9d112,2026-10-06T15:42:11+00:00,267097,Pearl,16068,F4TALITY,22657,ABACATUDOS,10,13,23,22657
2962,668480,2,americas,2026-05-12 18:15:00,12.08,https://www.vlr.gg/668480/f4tality-vs-abacatudos-challengers-2026-brazil-gamers-club-stage-2-w2,c1cf1e3ee9bb8b3063ee895df584003c4a83ac0ef49918e981268a46cff9d112,2026-10-06T15:42:11+00:00,267098,Fracture,16068,F4TALITY,22657,ABACATUDOS,13,11,24,16068
2962,668481,2,americas,2026-05-13 16:00:00,12.08,https://www.vlr.gg/668481/2game-esports-vs-intz-challengers-2026-brazil-gamers-club-stage-2-w2,5a74efd0d6b437dd32b20fbf00dd1985e300d6d7f4d15a9443c81ca6e6d0e9ef,2026-10-06T15:42:12+00:00,267099,Lotus,15072,2Game Esports,21089,INTZ,10,13,23,21089
2962,668481,2,americas,2026-05-13 16:00:00,12.08,https://www.vlr.gg/668481/2game-esports-vs-intz-challengers-2026-brazil-gamers-club-stage-2-w2,5a74efd0d6b437dd32b20fbf00dd1985e300d6d7f4d15a9443c81ca6e6d0e9ef,2026-10-06T15:42:12+00:00,267100,Pearl,15072,2Game Esports,21089,INTZ,13,8,21,15072
2962,668481,2,americas,2026-05-13 16:00:00,12.08,https://www.vlr.gg/668481/2game-esports-vs-intz-challengers-2026-brazil-gamers-club-stage-2-w2,5a74efd0d6b437dd32b20fbf00dd1985e300d6d7f4d15a9443c81ca6e6d0e9ef,2026-10-06T15:42:12+00:00,267101,Split,15072,2Game Esports,21089,INTZ,13,6,19,15072
2962,668482,2,americas,2026-05-13 16:00:00,12.08,https://www.vlr.gg/668482/elevate-vs-red-canids-challengers-2026-brazil-gamers-club-stage-2-w2,901c6d5182e628ffb582cf1362039c7833a4ce23988b0e2df8f6c38622ad561d,2026-10-06T15:42:13+00:00,267102,Fracture,18622,ELEVATE,1124,RED Canids,9,13,22,1124
2962,668482,2,americas,2026-05-13 16:00:00,12.08,https://www.vlr.gg/668482/elevate-vs-red-canids-challengers-2026-brazil-gamers-club-stage-2-w2,901c6d5182e628ffb582cf1362039c7833a4ce23988b0e2df8f6c38622ad561d,2026-10-06T15:42:13+00:00,267103,Lotus,18622,ELEVATE,1124,RED Canids,13,5,18,18622
2962,668482,2,americas,2026-05-13 16:00:00,12.08,https://www.vlr.gg/668482/elevate-vs-red-canids-challengers-2026-brazil-gamers-club-stage-2-w2,901c6d5182e628ffb582cf1362039c7833a4ce23988b0e2df8f6c38622ad561d,2026-10-06T15:42:13+00:00,267104,Split,18622,ELEVATE,1124,RED Canids,13,8,21,18622
2857,674153,2,americas,2026-05-13 16:00:00,12.08,https://www.vlr.gg/674153/jackpot-vs-rose-challengers-2026-north-america-ace-stage-2-promo-relegation-promotion,8099a887ed608264d0b33b2828838323fab682c59be75e0f6dd45a95e079ee57,2026-10-06T15:38:19+00:00,268093,Fracture,20897,Jackpot,11648,ROSE,5,13,18,11648
2857,674153,2,americas,2026-05-13 16:00:00,12.08,https://www.vlr.gg/674153/jackpot-vs-rose-challengers-2026-north-america-ace-stage-2-promo-relegation-promotion,8099a887ed608264d0b33b2828838323fab682c59be75e0f6dd45a95e079ee57,2026-10-06T15:38:19+00:00,268094,Lotus,20897,Jackpot,11648,ROSE,13,8,21,20897
2857,674153,2,americas,2026-05-13 16:00:00,12.08,https://www.vlr.gg/674153/jackpot-vs-rose-challengers-2026-north-america-ace-stage-2-promo-relegation-promotion,8099a887ed608264d0b33b2828838323fab682c59be75e0f6dd45a95e079ee57,2026-10-06T15:38:19+00:00,268422,Ascent,20897,Jackpot,11648,ROSE,9,13,22,11648
2857,674153,2,americas,2026-05-13 16:00:00,12.08,https://www.vlr.gg/674153/jackpot-vs-rose-challengers-2026-north-america-ace-stage-2-promo-relegation-promotion,8099a887ed608264d0b33b2828838323fab682c59be75e0f6dd45a95e079ee57,2026-10-06T15:38:19+00:00,268423,Breeze,20897,Jackpot,11648,ROSE,13,6,19,20897
2857,674153,2,americas,2026-05-13 16:00:00,12.08,https://www.vlr.gg/674153/jackpot-vs-rose-challengers-2026-north-america-ace-stage-2-promo-relegation-promotion,8099a887ed608264d0b33b2828838323fab682c59be75e0f6dd45a95e079ee57,2026-10-06T15:38:19+00:00,268424,Pearl,20897,Jackpot,11648,ROSE,11,13,24,11648
2857,674154,2,americas,2026-05-13 16:00:00,12.08,https://www.vlr.gg/674154/tempers-vs-evictix-challengers-2026-north-america-ace-stage-2-promo-relegation-promotion,0507d2725e0927ad4cb7ea6b77c2837a4aeb9da64064fb8b9e46f2deeae32b38,2026-10-06T15:38:20+00:00,268095,Lotus,16376,Tempers,19914,Evictix,6,13,19,19914
2857,674154,2,americas,2026-05-13 16:00:00,12.08,https://www.vlr.gg/674154/tempers-vs-evictix-challengers-2026-north-america-ace-stage-2-promo-relegation-promotion,0507d2725e0927ad4cb7ea6b77c2837a4aeb9da64064fb8b9e46f2deeae32b38,2026-10-06T15:38:20+00:00,268096,Haven,16376,Tempers,19914,Evictix,4,13,17,19914
2857,674154,2,americas,2026-05-13 16:00:00,12.08,https://www.vlr.gg/674154/tempers-vs-evictix-challengers-2026-north-america-ace-stage-2-promo-relegation-promotion,0507d2725e0927ad4cb7ea6b77c2837a4aeb9da64064fb8b9e46f2deeae32b38,2026-10-06T15:38:20+00:00,268097,Breeze,16376,Tempers,19914,Evictix,6,13,19,19914
2962,668483,2,americas,2026-05-13 19:00:00,12.08,https://www.vlr.gg/668483/team-ego-vs-team-liquid-brazil-challengers-2026-brazil-gamers-club-stage-2-w2,4c115ec404a98928dc8706c75c0d58dcd85818d005739d64e259c7c72a80a2f7,2026-10-06T15:42:13+00:00,267105,Lotus,23310,TEAM EGO,7055,Team Liquid Brazil,13,10,23,23310
2962,668483,2,americas,2026-05-13 19:00:00,12.08,https://www.vlr.gg/668483/team-ego-vs-team-liquid-brazil-challengers-2026-brazil-gamers-club-stage-2-w2,4c115ec404a98928dc8706c75c0d58dcd85818d005739d64e259c7c72a80a2f7,2026-10-06T15:42:13+00:00,267106,Fracture,23310,TEAM EGO,7055,Team Liquid Brazil,13,7,20,23310
2860,660369,1,americas,2026-05-14 17:00:00,12.08,https://www.vlr.gg/660369/furia-vs-leviat-n-vct-2026-americas-stage-1-ur1,6a439797cad2e57fcf99826318d49f94791cac1eb56613642ab0c9216299a9c5,2026-10-06T15:39:32+00:00,265422,Breeze,2406,FURIA,2359,LEVIATÁN,13,8,21,2406
2860,660369,1,americas,2026-05-14 17:00:00,12.08,https://www.vlr.gg/660369/furia-vs-leviat-n-vct-2026-americas-stage-1-ur1,6a439797cad2e57fcf99826318d49f94791cac1eb56613642ab0c9216299a9c5,2026-10-06T15:39:32+00:00,265423,Split,2406,FURIA,2359,LEVIATÁN,5,13,18,2359
2860,660369,1,americas,2026-05-14 17:00:00,12.08,https://www.vlr.gg/660369/furia-vs-leviat-n-vct-2026-americas-stage-1-ur1,6a439797cad2e57fcf99826318d49f94791cac1eb56613642ab0c9216299a9c5,2026-10-06T15:39:32+00:00,265424,Pearl,2406,FURIA,2359,LEVIATÁN,1,13,14,2359
2860,660370,1,americas,2026-05-14 19:55:00,12.08,https://www.vlr.gg/660370/g2-esports-vs-100-thieves-vct-2026-americas-stage-1-ur1,d2985867255b2f585f42fcb5f5ee62738832142b252aab74990d2fa92037f7e2,2026-10-06T15:39:33+00:00,265425,Pearl,11058,G2 Esports,120,100 Thieves,13,4,17,11058
2860,660370,1,americas,2026-05-14 19:55:00,12.08,https://www.vlr.gg/660370/g2-esports-vs-100-thieves-vct-2026-americas-stage-1-ur1,d2985867255b2f585f42fcb5f5ee62738832142b252aab74990d2fa92037f7e2,2026-10-06T15:39:33+00:00,265426,Lotus,11058,G2 Esports,120,100 Thieves,13,7,20,11058
2775,666492,1,pacific,2026-05-15 06:00:00,12.08,https://www.vlr.gg/666492/global-esports-vs-full-sense-vct-2026-pacific-stage-1-ubf,7ea77257e7cdda394fb40038653f600efc13328f1419c0a876d3319ffb986e15,2026-10-06T15:36:06+00:00,266852,Split,918,Global Esports,4050,FULL SENSE,11,13,24,4050
2775,666492,1,pacific,2026-05-15 06:00:00,12.08,https://www.vlr.gg/666492/global-esports-vs-full-sense-vct-2026-pacific-stage-1-ubf,7ea77257e7cdda394fb40038653f600efc13328f1419c0a876d3319ffb986e15,2026-10-06T15:36:06+00:00,266853,Breeze,918,Global Esports,4050,FULL SENSE,8,13,21,4050
2775,666498,1,pacific,2026-05-15 08:20:00,12.08,https://www.vlr.gg/666498/t1-vs-paper-rex-vct-2026-pacific-stage-1-lr3,2a28f4451e153f8d3fd187f57058cac66e952e919b58ecc08e180891711f134d,2026-10-06T15:36:08+00:00,266872,Split,14,T1,624,Paper Rex,9,13,22,624
2775,666498,1,pacific,2026-05-15 08:20:00,12.08,https://www.vlr.gg/666498/t1-vs-paper-rex-vct-2026-pacific-stage-1-lr3,2a28f4451e153f8d3fd187f57058cac66e952e919b58ecc08e180891711f134d,2026-10-06T15:36:08+00:00,266873,Ascent,14,T1,624,Paper Rex,13,10,23,14
2775,666498,1,pacific,2026-05-15 08:20:00,12.08,https://www.vlr.gg/666498/t1-vs-paper-rex-vct-2026-pacific-stage-1-lr3,2a28f4451e153f8d3fd187f57058cac66e952e919b58ecc08e180891711f134d,2026-10-06T15:36:08+00:00,266874,Breeze,14,T1,624,Paper Rex,8,13,21,624
2863,660385,1,emea,2026-05-15 11:00:00,12.08,https://www.vlr.gg/660385/fut-esports-vs-team-vitality-vct-2026-emea-stage-1-ubf,92337605172065edfafecdb55d535e794c7ee9945fe611c586620159114e4cff,2026-10-06T15:40:16+00:00,265474,Pearl,1184,FUT Esports,2059,Team Vitality,15,17,32,2059
2863,660385,1,emea,2026-05-15 11:00:00,12.08,https://www.vlr.gg/660385/fut-esports-vs-team-vitality-vct-2026-emea-stage-1-ubf,92337605172065edfafecdb55d535e794c7ee9945fe611c586620159114e4cff,2026-10-06T15:40:16+00:00,265475,Ascent,1184,FUT Esports,2059,Team Vitality,13,8,21,1184
2863,660385,1,emea,2026-05-15 11:00:00,12.08,https://www.vlr.gg/660385/fut-esports-vs-team-vitality-vct-2026-emea-stage-1-ubf,92337605172065edfafecdb55d535e794c7ee9945fe611c586620159114e4cff,2026-10-06T15:40:16+00:00,265476,Split,1184,FUT Esports,2059,Team Vitality,12,14,26,2059
2863,660391,1,emea,2026-05-15 14:45:00,12.08,https://www.vlr.gg/660391/team-heretics-vs-eternal-fire-vct-2026-emea-stage-1-lr3,6b968208a11d385908b2f4bd1ec269061705aa38eee9e0125b5376d38591b72b,2026-10-06T15:40:18+00:00,265494,Lotus,1001,Team Heretics,6392,Eternal Fire,11,13,24,6392
2863,660391,1,emea,2026-05-15 14:45:00,12.08,https://www.vlr.gg/660391/team-heretics-vs-eternal-fire-vct-2026-emea-stage-1-lr3,6b968208a11d385908b2f4bd1ec269061705aa38eee9e0125b5376d38591b72b,2026-10-06T15:40:18+00:00,265495,Fracture,1001,Team Heretics,6392,Eternal Fire,13,10,23,1001
2863,660391,1,emea,2026-05-15 14:45:00,12.08,https://www.vlr.gg/660391/team-heretics-vs-eternal-fire-vct-2026-emea-stage-1-lr3,6b968208a11d385908b2f4bd1ec269061705aa38eee9e0125b5376d38591b72b,2026-10-06T15:40:18+00:00,265496,Ascent,1001,Team Heretics,6392,Eternal Fire,13,10,23,1001
2860,660371,1,americas,2026-05-15 17:00:00,12.08,https://www.vlr.gg/660371/mibr-vs-leviat-n-vct-2026-americas-stage-1-ubsf,882e8a941762135d2bfcb4127a5777870ff64e44ed633f456065b96977675a66,2026-10-06T15:39:34+00:00,265428,Split,7386,MIBR,2359,LEVIATÁN,10,13,23,2359
2860,660371,1,americas,2026-05-15 17:00:00,12.08,https://www.vlr.gg/660371/mibr-vs-leviat-n-vct-2026-americas-stage-1-ubsf,882e8a941762135d2bfcb4127a5777870ff64e44ed633f456065b96977675a66,2026-10-06T15:39:34+00:00,265429,Fracture,7386,MIBR,2359,LEVIATÁN,13,4,17,7386
2860,660371,1,americas,2026-05-15 17:00:00,12.08,https://www.vlr.gg/660371/mibr-vs-leviat-n-vct-2026-americas-stage-1-ubsf,882e8a941762135d2bfcb4127a5777870ff64e44ed633f456065b96977675a66,2026-10-06T15:39:34+00:00,265430,Ascent,7386,MIBR,2359,LEVIATÁN,7,13,20,2359
2860,660372,1,americas,2026-05-15 20:00:00,12.08,https://www.vlr.gg/660372/kr-esports-vs-g2-esports-vct-2026-americas-stage-1-ubsf,ea9efff75293d2cf62e71c5e1d413bee61d0fd8056bf52207c6ba2806ac1ff4b,2026-10-06T15:39:34+00:00,265431,Lotus,2355,KRÜ Esports,11058,G2 Esports,11,13,24,11058
2860,660372,1,americas,2026-05-15 20:00:00,12.08,https://www.vlr.gg/660372/kr-esports-vs-g2-esports-vct-2026-americas-stage-1-ubsf,ea9efff75293d2cf62e71c5e1d413bee61d0fd8056bf52207c6ba2806ac1ff4b,2026-10-06T15:39:34+00:00,265432,Breeze,2355,KRÜ Esports,11058,G2 Esports,7,13,20,11058
2775,666499,1,pacific,2026-05-16 06:00:00,12.08,https://www.vlr.gg/666499/global-esports-vs-paper-rex-vct-2026-pacific-stage-1-lbf,525dd779e7e6fa78b235f9ee39e7210ba3f6b5c965c6c17fe84785ee7acc2885,2026-10-06T15:36:10+00:00,266875,Haven,918,Global Esports,624,Paper Rex,6,13,19,624
2775,666499,1,pacific,2026-05-16 06:00:00,12.08,https://www.vlr.gg/666499/global-esports-vs-paper-rex-vct-2026-pacific-stage-1-lbf,525dd779e7e6fa78b235f9ee39e7210ba3f6b5c965c6c17fe84785ee7acc2885,2026-10-06T15:36:10+00:00,266876,Lotus,918,Global Esports,624,Paper Rex,4,13,17,624
2775,666499,1,pacific,2026-05-16 06:00:00,12.08,https://www.vlr.gg/666499/global-esports-vs-paper-rex-vct-2026-pacific-stage-1-lbf,525dd779e7e6fa78b235f9ee39e7210ba3f6b5c965c6c17fe84785ee7acc2885,2026-10-06T15:36:10+00:00,266877,Ascent,918,Global Esports,624,Paper Rex,11,13,24,624
2863,660392,1,emea,2026-05-16 12:00:00,12.08,https://www.vlr.gg/660392/fut-esports-vs-team-heretics-vct-2026-emea-stage-1-lbf,01d7f14e764b8ca4d77c42c82b9bb7d68d6a2f609bcc6ee548baf06781df68be,2026-10-06T15:40:19+00:00,265497,Haven,1184,FUT Esports,1001,Team Heretics,15,13,28,1184
2863,660392,1,emea,2026-05-16 12:00:00,12.08,https://www.vlr.gg/660392/fut-esports-vs-team-heretics-vct-2026-emea-stage-1-lbf,01d7f14e764b8ca4d77c42c82b9bb7d68d6a2f609bcc6ee548baf06781df68be,2026-10-06T15:40:19+00:00,265498,Lotus,1184,FUT Esports,1001,Team Heretics,4,13,17,1001
2863,660392,1,emea,2026-05-16 12:00:00,12.08,https://www.vlr.gg/660392/fut-esports-vs-team-heretics-vct-2026-emea-stage-1-lbf,01d7f14e764b8ca4d77c42c82b9bb7d68d6a2f609bcc6ee548baf06781df68be,2026-10-06T15:40:19+00:00,265499,Ascent,1184,FUT Esports,1001,Team Heretics,6,13,19,1001
2863,660392,1,emea,2026-05-16 12:00:00,12.08,https://www.vlr.gg/660392/fut-esports-vs-team-heretics-vct-2026-emea-stage-1-lbf,01d7f14e764b8ca4d77c42c82b9bb7d68d6a2f609bcc6ee548baf06781df68be,2026-10-06T15:40:19+00:00,265500,Breeze,1184,FUT Esports,1001,Team Heretics,1,13,14,1001
2860,660375,1,americas,2026-05-16 17:00:00,12.08,https://www.vlr.gg/660375/furia-vs-nrg-vct-2026-americas-stage-1-lr1,318ded71aafbb95c5552276a685f694806f450ddf2116c21d6f73acd99c6ba08,2026-10-06T15:39:35+00:00,265442,Lotus,2406,FURIA,1034,NRG,4,13,17,1034
2860,660375,1,americas,2026-05-16 17:00:00,12.08,https://www.vlr.gg/660375/furia-vs-nrg-vct-2026-americas-stage-1-lr1,318ded71aafbb95c5552276a685f694806f450ddf2116c21d6f73acd99c6ba08,2026-10-06T15:39:35+00:00,265443,Haven,2406,FURIA,1034,NRG,8,13,21,1034
2860,660376,1,americas,2026-05-16 19:15:00,12.08,https://www.vlr.gg/660376/100-thieves-vs-loud-vct-2026-americas-stage-1-lr1,12bde92bab8868e8f90cf7b7471ba04a35689d02e36ec0accdad1e7f34e9f274,2026-10-06T15:39:36+00:00,265445,Breeze,120,100 Thieves,6961,LOUD,13,5,18,120
2860,660376,1,americas,2026-05-16 19:15:00,12.08,https://www.vlr.gg/660376/100-thieves-vs-loud-vct-2026-americas-stage-1-lr1,12bde92bab8868e8f90cf7b7471ba04a35689d02e36ec0accdad1e7f34e9f274,2026-10-06T15:39:36+00:00,265446,Split,120,100 Thieves,6961,LOUD,13,4,17,120
2775,666493,1,pacific,2026-05-17 06:00:00,12.08,https://www.vlr.gg/666493/full-sense-vs-paper-rex-vct-2026-pacific-stage-1-gf,47456703d0c890b53529c580b43a345ebfc889af9858ad508839c4b75d2cd1f2,2026-10-06T15:36:11+00:00,266855,Pearl,4050,FULL SENSE,624,Paper Rex,10,13,23,624
2775,666493,1,pacific,2026-05-17 06:00:00,12.08,https://www.vlr.gg/666493/full-sense-vs-paper-rex-vct-2026-pacific-stage-1-gf,47456703d0c890b53529c580b43a345ebfc889af9858ad508839c4b75d2cd1f2,2026-10-06T15:36:11+00:00,266856,Lotus,4050,FULL SENSE,624,Paper Rex,9,13,22,624
2775,666493,1,pacific,2026-05-17 06:00:00,12.08,https://www.vlr.gg/666493/full-sense-vs-paper-rex-vct-2026-pacific-stage-1-gf,47456703d0c890b53529c580b43a345ebfc889af9858ad508839c4b75d2cd1f2,2026-10-06T15:36:11+00:00,266857,Fracture,4050,FULL SENSE,624,Paper Rex,10,13,23,624
2863,660386,1,emea,2026-05-17 12:00:00,12.08,https://www.vlr.gg/660386/team-vitality-vs-team-heretics-vct-2026-emea-stage-1-gf,06b5c04d310b130560f017da17a1d481670bdefd30c53bf7cf8deed4e0946d6c,2026-10-06T15:40:20+00:00,265477,Breeze,2059,Team Vitality,1001,Team Heretics,13,10,23,2059
2863,660386,1,emea,2026-05-17 12:00:00,12.08,https://www.vlr.gg/660386/team-vitality-vs-team-heretics-vct-2026-emea-stage-1-gf,06b5c04d310b130560f017da17a1d481670bdefd30c53bf7cf8deed4e0946d6c,2026-10-06T15:40:20+00:00,265478,Lotus,2059,Team Vitality,1001,Team Heretics,13,15,28,1001
2863,660386,1,emea,2026-05-17 12:00:00,12.08,https://www.vlr.gg/660386/team-vitality-vs-team-heretics-vct-2026-emea-stage-1-gf,06b5c04d310b130560f017da17a1d481670bdefd30c53bf7cf8deed4e0946d6c,2026-10-06T15:40:20+00:00,265480,Split,2059,Team Vitality,1001,Team Heretics,11,13,24,1001
2863,660386,1,emea,2026-05-17 12:00:00,12.08,https://www.vlr.gg/660386/team-vitality-vs-team-heretics-vct-2026-emea-stage-1-gf,06b5c04d310b130560f017da17a1d481670bdefd30c53bf7cf8deed4e0946d6c,2026-10-06T15:40:20+00:00,265481,Haven,2059,Team Vitality,1001,Team Heretics,13,15,28,1001
2863,660386,1,emea,2026-05-17 12:00:00,12.08,https://www.vlr.gg/660386/team-vitality-vs-team-heretics-vct-2026-emea-stage-1-gf,06b5c04d310b130560f017da17a1d481670bdefd30c53bf7cf8deed4e0946d6c,2026-10-06T15:40:20+00:00,269000,Pearl,2059,Team Vitality,1001,Team Heretics,13,7,20,2059
2860,660377,1,americas,2026-05-17 17:00:00,12.08,https://www.vlr.gg/660377/kr-esports-vs-nrg-vct-2026-americas-stage-1-lr2,02203d720867510e8c9104326bd434315bf2c3f078bc946c8c2a90aaad0f35e2,2026-10-06T15:39:37+00:00,265448,Breeze,2355,KRÜ Esports,1034,NRG,8,13,21,1034
2860,660377,1,americas,2026-05-17 17:00:00,12.08,https://www.vlr.gg/660377/kr-esports-vs-nrg-vct-2026-americas-stage-1-lr2,02203d720867510e8c9104326bd434315bf2c3f078bc946c8c2a90aaad0f35e2,2026-10-06T15:39:37+00:00,265449,Haven,2355,KRÜ Esports,1034,NRG,4,13,17,1034
2860,660378,1,americas,2026-05-17 19:10:00,12.08,https://www.vlr.gg/660378/mibr-vs-100-thieves-vct-2026-americas-stage-1-lr2,c7a13e049ff594ddf27aa3efe5136c6ebd67c95d965f420c3e90e425e38c59df,2026-10-06T15:39:37+00:00,265451,Fracture,7386,MIBR,120,100 Thieves,11,13,24,120
2860,660378,1,americas,2026-05-17 19:10:00,12.08,https://www.vlr.gg/660378/mibr-vs-100-thieves-vct-2026-americas-stage-1-lr2,c7a13e049ff594ddf27aa3efe5136c6ebd67c95d965f420c3e90e425e38c59df,2026-10-06T15:39:37+00:00,265452,Breeze,7386,MIBR,120,100 Thieves,7,13,20,120
2925,680274,2,emea,2026-05-18 11:00:00,12.09,https://www.vlr.gg/680274/be-ikta-esports-vs-natus-vincere-junior-challengers-2026-emea-stage-2-a,800aaf41b8ef0883243768801e9f736d4b022f70eaad16c8699aae706d940b5b,2026-10-06T15:41:05+00:00,269121,Fracture,2036,Beşiktaş Esports,21715,Natus Vincere Junior,6,13,19,21715
2925,680274,2,emea,2026-05-18 11:00:00,12.09,https://www.vlr.gg/680274/be-ikta-esports-vs-natus-vincere-junior-challengers-2026-emea-stage-2-a,800aaf41b8ef0883243768801e9f736d4b022f70eaad16c8699aae706d940b5b,2026-10-06T15:41:05+00:00,269122,Haven,2036,Beşiktaş Esports,21715,Natus Vincere Junior,15,13,28,2036
2925,680274,2,emea,2026-05-18 11:00:00,12.09,https://www.vlr.gg/680274/be-ikta-esports-vs-natus-vincere-junior-challengers-2026-emea-stage-2-a,800aaf41b8ef0883243768801e9f736d4b022f70eaad16c8699aae706d940b5b,2026-10-06T15:41:05+00:00,269123,Breeze,2036,Beşiktaş Esports,21715,Natus Vincere Junior,13,11,24,2036
2925,680280,2,emea,2026-05-18 11:00:00,12.09,https://www.vlr.gg/680280/ucam-esports-club-vs-alqadsiah-esports-challengers-2026-emea-stage-2-c,a888b8423136a9c1821533a22eff36b7c1b158d0ee0c292322ac9d35e7fd5215,2026-10-06T15:41:05+00:00,269139,Split,4616,UCAM Esports Club,16598,AlQadsiah Esports,13,10,23,4616
2925,680280,2,emea,2026-05-18 11:00:00,12.09,https://www.vlr.gg/680280/ucam-esports-club-vs-alqadsiah-esports-challengers-2026-emea-stage-2-c,a888b8423136a9c1821533a22eff36b7c1b158d0ee0c292322ac9d35e7fd5215,2026-10-06T15:41:05+00:00,269140,Haven,4616,UCAM Esports Club,16598,AlQadsiah Esports,13,9,22,4616
2925,680277,2,emea,2026-05-18 13:30:00,12.09,https://www.vlr.gg/680277/reborn-vs-enterprise-esports-challengers-2026-emea-stage-2-b,6b8f266d9319c5459f10171e5aa254ce6e2a159783261882c4ceb72b3a49a0f5,2026-10-06T15:41:06+00:00,269130,Fracture,21841,REBORN,876,Enterprise Esports,14,12,26,21841
2925,680277,2,emea,2026-05-18 13:30:00,12.09,https://www.vlr.gg/680277/reborn-vs-enterprise-esports-challengers-2026-emea-stage-2-b,6b8f266d9319c5459f10171e5aa254ce6e2a159783261882c4ceb72b3a49a0f5,2026-10-06T15:41:06+00:00,269131,Split,21841,REBORN,876,Enterprise Esports,15,13,28,21841
2925,680287,2,emea,2026-05-18 13:30:00,12.09,https://www.vlr.gg/680287/joblife-vs-ghools-esports-challengers-2026-emea-stage-2-d,1b48569d1fe6419230c8a9d4744ba8aed063447e27eb755f840d1a9806e8a1c8,2026-10-06T15:41:08+00:00,269157,Haven,11232,Joblife,13589,Ghools Esports,13,10,23,11232
2925,680287,2,emea,2026-05-18 13:30:00,12.09,https://www.vlr.gg/680287/joblife-vs-ghools-esports-challengers-2026-emea-stage-2-d,1b48569d1fe6419230c8a9d4744ba8aed063447e27eb755f840d1a9806e8a1c8,2026-10-06T15:41:08+00:00,269158,Lotus,11232,Joblife,13589,Ghools Esports,13,3,16,11232
2925,680278,2,emea,2026-05-19 11:00:00,12.09,https://www.vlr.gg/680278/fokus-vs-reborn-challengers-2026-emea-stage-2-b,45a31547b3cf5abc3dfc3d409f0c4261dffa38e74917b59d88a3a04efd5da94c,2026-10-06T15:41:08+00:00,269133,Haven,6882,FOKUS,21841,REBORN,13,5,18,6882
2925,680278,2,emea,2026-05-19 11:00:00,12.09,https://www.vlr.gg/680278/fokus-vs-reborn-challengers-2026-emea-stage-2-b,45a31547b3cf5abc3dfc3d409f0c4261dffa38e74917b59d88a3a04efd5da94c,2026-10-06T15:41:08+00:00,269134,Split,6882,FOKUS,21841,REBORN,12,14,26,21841
2925,680278,2,emea,2026-05-19 11:00:00,12.09,https://www.vlr.gg/680278/fokus-vs-reborn-challengers-2026-emea-stage-2-b,45a31547b3cf5abc3dfc3d409f0c4261dffa38e74917b59d88a3a04efd5da94c,2026-10-06T15:41:08+00:00,269135,Breeze,6882,FOKUS,21841,REBORN,12,14,26,21841
2925,680281,2,emea,2026-05-19 11:00:00,12.09,https://www.vlr.gg/680281/mir-vs-wip-esports-challengers-2026-emea-stage-2-c,cc54757b69776bf1efe018602f6513ecd36fb3102349c7c042d9ee6e0a332666,2026-10-06T15:41:09+00:00,269142,Fracture,17945,MIR,19391,WIP Esports,3,13,16,19391
2925,680281,2,emea,2026-05-19 11:00:00,12.09,https://www.vlr.gg/680281/mir-vs-wip-esports-challengers-2026-emea-stage-2-c,cc54757b69776bf1efe018602f6513ecd36fb3102349c7c042d9ee6e0a332666,2026-10-06T15:41:09+00:00,269143,Pearl,17945,MIR,19391,WIP Esports,14,12,26,17945
2925,680281,2,emea,2026-05-19 11:00:00,12.09,https://www.vlr.gg/680281/mir-vs-wip-esports-challengers-2026-emea-stage-2-c,cc54757b69776bf1efe018602f6513ecd36fb3102349c7c042d9ee6e0a332666,2026-10-06T15:41:09+00:00,269144,Split,17945,MIR,19391,WIP Esports,12,14,26,19391
2925,680275,2,emea,2026-05-19 13:30:00,12.09,https://www.vlr.gg/680275/natus-vincere-junior-vs-cgn-esports-challengers-2026-emea-stage-2-a,34a39a50738df2c8a7964bd201632025a2ae36cf844d2be1854845b8028c5e80,2026-10-06T15:41:10+00:00,269124,Breeze,21715,Natus Vincere Junior,5214,CGN Esports,13,10,23,21715
2925,680275,2,emea,2026-05-19 13:30:00,12.09,https://www.vlr.gg/680275/natus-vincere-junior-vs-cgn-esports-challengers-2026-emea-stage-2-a,34a39a50738df2c8a7964bd201632025a2ae36cf844d2be1854845b8028c5e80,2026-10-06T15:41:10+00:00,269125,Ascent,21715,Natus Vincere Junior,5214,CGN Esports,10,13,23,5214
2925,680275,2,emea,2026-05-19 13:30:00,12.09,https://www.vlr.gg/680275/natus-vincere-junior-vs-cgn-esports-challengers-2026-emea-stage-2-a,34a39a50738df2c8a7964bd201632025a2ae36cf844d2be1854845b8028c5e80,2026-10-06T15:41:10+00:00,269126,Fracture,21715,Natus Vincere Junior,5214,CGN Esports,13,11,24,21715
2925,680288,2,emea,2026-05-19 13:30:00,12.09,https://www.vlr.gg/680288/team-liquid-academy-vs-bar-a-esports-challengers-2026-emea-stage-2-d,efdcc9f93e637e737b627c2bb2d1cebcbaf0590fd64783d32641a95ea3f7311a,2026-10-06T15:41:11+00:00,269160,Lotus,17297,Team Liquid Academy,14461,Barça eSports,13,4,17,17297
2925,680288,2,emea,2026-05-19 13:30:00,12.09,https://www.vlr.gg/680288/team-liquid-academy-vs-bar-a-esports-challengers-2026-emea-stage-2-d,efdcc9f93e637e737b627c2bb2d1cebcbaf0590fd64783d32641a95ea3f7311a,2026-10-06T15:41:11+00:00,269161,Split,17297,Team Liquid Academy,14461,Barça eSports,13,8,21,17297
2962,668487,2,americas,2026-05-19 16:00:00,12.08,https://www.vlr.gg/668487/tbk-esports-vs-f4tality-challengers-2026-brazil-gamers-club-stage-2-w3,b8a0d1681291f2052eeca8d0b4c2cb64cf8a1a2bd127071dd25cd683be329997,2026-10-06T15:42:15+00:00,267108,Lotus,6946,TBK Esports,16068,F4TALITY,13,7,20,6946
2962,668487,2,americas,2026-05-19 16:00:00,12.08,https://www.vlr.gg/668487/tbk-esports-vs-f4tality-challengers-2026-brazil-gamers-club-stage-2-w3,b8a0d1681291f2052eeca8d0b4c2cb64cf8a1a2bd127071dd25cd683be329997,2026-10-06T15:42:15+00:00,267109,Fracture,6946,TBK Esports,16068,F4TALITY,13,7,20,6946
2962,668488,2,americas,2026-05-19 16:00:00,12.08,https://www.vlr.gg/668488/mibr-academy-vs-furia-academy-challengers-2026-brazil-gamers-club-stage-2-w3,d0bdfde14de4dbf7d16cdc2826e04a7f36d678acb82067e941ce70ed80d79054,2026-10-06T15:42:15+00:00,267111,Lotus,16606,MIBR Academy,17094,FURIA Academy,14,12,26,16606
2962,668488,2,americas,2026-05-19 16:00:00,12.08,https://www.vlr.gg/668488/mibr-academy-vs-furia-academy-challengers-2026-brazil-gamers-club-stage-2-w3,d0bdfde14de4dbf7d16cdc2826e04a7f36d678acb82067e941ce70ed80d79054,2026-10-06T15:42:15+00:00,267112,Pearl,16606,MIBR Academy,17094,FURIA Academy,8,13,21,17094
2962,668488,2,americas,2026-05-19 16:00:00,12.08,https://www.vlr.gg/668488/mibr-academy-vs-furia-academy-challengers-2026-brazil-gamers-club-stage-2-w3,d0bdfde14de4dbf7d16cdc2826e04a7f36d678acb82067e941ce70ed80d79054,2026-10-06T15:42:15+00:00,267113,Fracture,16606,MIBR Academy,17094,FURIA Academy,13,8,21,16606
2962,668489,2,americas,2026-05-19 19:00:00,12.08,https://www.vlr.gg/668489/team-solid-vs-peek-challengers-2026-brazil-gamers-club-stage-2-w3,8df04fbe968db1269607484993202267b65c86aa369e31924258ccb6e0506000,2026-10-06T15:42:16+00:00,267114,Lotus,19265,Team Solid,16071,PEEK,13,4,17,19265
2962,668489,2,americas,2026-05-19 19:00:00,12.08,https://www.vlr.gg/668489/team-solid-vs-peek-challengers-2026-brazil-gamers-club-stage-2-w3,8df04fbe968db1269607484993202267b65c86aa369e31924258ccb6e0506000,2026-10-06T15:42:16+00:00,267115,Haven,19265,Team Solid,16071,PEEK,13,5,18,19265
2925,680279,2,emea,2026-05-20 11:00:00,12.09,https://www.vlr.gg/680279/fokus-vs-enterprise-esports-challengers-2026-emea-stage-2-b,fb920daa365c827aa4d796b330d7a7c6149988bf9600531ef47214a23199de32,2026-10-06T15:41:12+00:00,269136,Ascent,6882,FOKUS,876,Enterprise Esports,13,10,23,6882
2925,680279,2,emea,2026-05-20 11:00:00,12.09,https://www.vlr.gg/680279/fokus-vs-enterprise-esports-challengers-2026-emea-stage-2-b,fb920daa365c827aa4d796b330d7a7c6149988bf9600531ef47214a23199de32,2026-10-06T15:41:12+00:00,269137,Haven,6882,FOKUS,876,Enterprise Esports,13,11,24,6882
2925,680289,2,emea,2026-05-20 11:00:00,12.09,https://www.vlr.gg/680289/ghools-esports-vs-bar-a-esports-challengers-2026-emea-stage-2-d,e022288f70b3922460e29373602ed5b0c5a4220f6f3194ad422535e6cfe53ebd,2026-10-06T15:41:14+00:00,269163,Haven,13589,Ghools Esports,14461,Barça eSports,7,13,20,14461
2925,680289,2,emea,2026-05-20 11:00:00,12.09,https://www.vlr.gg/680289/ghools-esports-vs-bar-a-esports-challengers-2026-emea-stage-2-d,e022288f70b3922460e29373602ed5b0c5a4220f6f3194ad422535e6cfe53ebd,2026-10-06T15:41:14+00:00,269164,Fracture,13589,Ghools Esports,14461,Barça eSports,17,15,32,13589
2925,680289,2,emea,2026-05-20 11:00:00,12.09,https://www.vlr.gg/680289/ghools-esports-vs-bar-a-esports-challengers-2026-emea-stage-2-d,e022288f70b3922460e29373602ed5b0c5a4220f6f3194ad422535e6cfe53ebd,2026-10-06T15:41:14+00:00,269165,Ascent,13589,Ghools Esports,14461,Barça eSports,14,12,26,13589
2925,680276,2,emea,2026-05-20 13:30:00,12.09,https://www.vlr.gg/680276/be-ikta-esports-vs-cgn-esports-challengers-2026-emea-stage-2-a,2746afc5d89a0cc3821733e96fd6654c1fd1ec711db760702aaf5545111f9152,2026-10-06T15:41:15+00:00,269127,Pearl,2036,Beşiktaş Esports,5214,CGN Esports,15,13,28,2036
2925,680276,2,emea,2026-05-20 13:30:00,12.09,https://www.vlr.gg/680276/be-ikta-esports-vs-cgn-esports-challengers-2026-emea-stage-2-a,2746afc5d89a0cc3821733e96fd6654c1fd1ec711db760702aaf5545111f9152,2026-10-06T15:41:15+00:00,269128,Ascent,2036,Beşiktaş Esports,5214,CGN Esports,10,13,23,5214
2925,680276,2,emea,2026-05-20 13:30:00,12.09,https://www.vlr.gg/680276/be-ikta-esports-vs-cgn-esports-challengers-2026-emea-stage-2-a,2746afc5d89a0cc3821733e96fd6654c1fd1ec711db760702aaf5545111f9152,2026-10-06T15:41:15+00:00,269129,Fracture,2036,Beşiktaş Esports,5214,CGN Esports,9,13,22,5214
2925,680282,2,emea,2026-05-20 13:30:00,12.09,https://www.vlr.gg/680282/ucam-esports-club-vs-mir-challengers-2026-emea-stage-2-c,8175d1cebd3ab1583aa4efb8c82df1835f255b03ac64b0b29eb67b438e4e6302,2026-10-06T15:41:15+00:00,269145,Split,4616,UCAM Esports Club,17945,MIR,13,6,19,4616
2925,680282,2,emea,2026-05-20 13:30:00,12.09,https://www.vlr.gg/680282/ucam-esports-club-vs-mir-challengers-2026-emea-stage-2-c,8175d1cebd3ab1583aa4efb8c82df1835f255b03ac64b0b29eb67b438e4e6302,2026-10-06T15:41:15+00:00,269146,Pearl,4616,UCAM Esports Club,17945,MIR,13,6,19,4616
2962,668490,2,americas,2026-05-20 16:00:00,12.08,https://www.vlr.gg/668490/elevate-vs-team-ego-challengers-2026-brazil-gamers-club-stage-2-w3,419bd62972dd44f93ceff3edda9559603b0d89a08c3ab6287a43fe392eb57aa7,2026-10-06T15:42:17+00:00,267117,Pearl,18622,ELEVATE,23310,TEAM EGO,8,13,21,23310
2962,668490,2,americas,2026-05-20 16:00:00,12.08,https://www.vlr.gg/668490/elevate-vs-team-ego-challengers-2026-brazil-gamers-club-stage-2-w3,419bd62972dd44f93ceff3edda9559603b0d89a08c3ab6287a43fe392eb57aa7,2026-10-06T15:42:17+00:00,267118,Split,18622,ELEVATE,23310,TEAM EGO,1,13,14,23310
2962,668492,2,americas,2026-05-20 19:00:00,12.08,https://www.vlr.gg/668492/2game-esports-vs-red-canids-challengers-2026-brazil-gamers-club-stage-2-w3,354bb20dc7c98144f957628d24ce47b7689db159fc21e2d207c216bc371f30ca,2026-10-06T15:56:14+00:00,267123,Split,15072,2Game Esports,1124,RED Canids,9,13,22,1124
2962,668492,2,americas,2026-05-20 19:00:00,12.08,https://www.vlr.gg/668492/2game-esports-vs-red-canids-challengers-2026-brazil-gamers-club-stage-2-w3,354bb20dc7c98144f957628d24ce47b7689db159fc21e2d207c216bc371f30ca,2026-10-06T15:56:14+00:00,267124,Breeze,15072,2Game Esports,1124,RED Canids,10,13,23,1124
2925,680283,2,emea,2026-05-21 11:00:00,12.09,https://www.vlr.gg/680283/mir-vs-alqadsiah-esports-challengers-2026-emea-stage-2-c,3005e554d58761679938d92b015d48f964bf06c7f01e4ca88e7d7c7d86f7fa97,2026-10-06T15:41:16+00:00,269148,Lotus,17945,MIR,16598,AlQadsiah Esports,13,11,24,17945
2925,680283,2,emea,2026-05-21 11:00:00,12.09,https://www.vlr.gg/680283/mir-vs-alqadsiah-esports-challengers-2026-emea-stage-2-c,3005e554d58761679938d92b015d48f964bf06c7f01e4ca88e7d7c7d86f7fa97,2026-10-06T15:41:16+00:00,269149,Breeze,17945,MIR,16598,AlQadsiah Esports,5,13,18,16598
2925,680283,2,emea,2026-05-21 11:00:00,12.09,https://www.vlr.gg/680283/mir-vs-alqadsiah-esports-challengers-2026-emea-stage-2-c,3005e554d58761679938d92b015d48f964bf06c7f01e4ca88e7d7c7d86f7fa97,2026-10-06T15:41:16+00:00,269150,Split,17945,MIR,16598,AlQadsiah Esports,14,12,26,17945
2925,680284,2,emea,2026-05-21 11:00:00,12.09,https://www.vlr.gg/680284/ucam-esports-club-vs-wip-esports-challengers-2026-emea-stage-2-c,c0f3e459354f0b1fccd4ecaafe96f9c489d50ccfe7a8ff6ff8bc328c36d999df,2026-10-06T15:41:17+00:00,269151,Split,4616,UCAM Esports Club,19391,WIP Esports,13,8,21,4616
2925,680284,2,emea,2026-05-21 11:00:00,12.09,https://www.vlr.gg/680284/ucam-esports-club-vs-wip-esports-challengers-2026-emea-stage-2-c,c0f3e459354f0b1fccd4ecaafe96f9c489d50ccfe7a8ff6ff8bc328c36d999df,2026-10-06T15:41:17+00:00,269152,Fracture,4616,UCAM Esports Club,19391,WIP Esports,13,10,23,4616
2925,680290,2,emea,2026-05-21 13:30:00,12.09,https://www.vlr.gg/680290/team-liquid-academy-vs-ghools-esports-challengers-2026-emea-stage-2-d,93b7a323e1322bd1d81b3089de8d5fdd3ec04956e60966621267070b0c8ce28d,2026-10-06T15:41:18+00:00,269166,Lotus,17297,Team Liquid Academy,13589,Ghools Esports,13,11,24,17297
2925,680290,2,emea,2026-05-21 13:30:00,12.09,https://www.vlr.gg/680290/team-liquid-academy-vs-ghools-esports-challengers-2026-emea-stage-2-d,93b7a323e1322bd1d81b3089de8d5fdd3ec04956e60966621267070b0c8ce28d,2026-10-06T15:41:18+00:00,269167,Ascent,17297,Team Liquid Academy,13589,Ghools Esports,13,2,15,17297
2925,680291,2,emea,2026-05-21 13:30:00,12.09,https://www.vlr.gg/680291/joblife-vs-bar-a-esports-challengers-2026-emea-stage-2-d,c45b9b31e76d616fc7be8547655a73f1fbae78f9120ed8390a529443adb4ed35,2026-10-06T15:41:18+00:00,269169,Pearl,11232,Joblife,14461,Barça eSports,13,6,19,11232
2925,680291,2,emea,2026-05-21 13:30:00,12.09,https://www.vlr.gg/680291/joblife-vs-bar-a-esports-challengers-2026-emea-stage-2-d,c45b9b31e76d616fc7be8547655a73f1fbae78f9120ed8390a529443adb4ed35,2026-10-06T15:41:18+00:00,269170,Ascent,11232,Joblife,14461,Barça eSports,13,7,20,11232
2925,680292,2,emea,2026-05-22 11:00:00,12.09,https://www.vlr.gg/680292/joblife-vs-team-liquid-academy-challengers-2026-emea-stage-2-d,a5cab3926cfc12ae884fdb0f8f64b37bfbbcbb5de42af95326b983408213023c,2026-10-06T15:41:19+00:00,269172,Split,11232,Joblife,17297,Team Liquid Academy,14,12,26,11232
2925,680292,2,emea,2026-05-22 11:00:00,12.09,https://www.vlr.gg/680292/joblife-vs-team-liquid-academy-challengers-2026-emea-stage-2-d,a5cab3926cfc12ae884fdb0f8f64b37bfbbcbb5de42af95326b983408213023c,2026-10-06T15:41:19+00:00,269173,Ascent,11232,Joblife,17297,Team Liquid Academy,13,5,18,11232
2925,680285,2,emea,2026-05-22 13:30:00,12.09,https://www.vlr.gg/680285/alqadsiah-esports-vs-wip-esports-challengers-2026-emea-stage-2-c,04832279f4663911c56e537d59c58869615c4cc14c8e0f8750dbf4029d054a50,2026-10-06T15:41:20+00:00,269154,Breeze,16598,AlQadsiah Esports,19391,WIP Esports,13,3,16,16598
2925,680285,2,emea,2026-05-22 13:30:00,12.09,https://www.vlr.gg/680285/alqadsiah-esports-vs-wip-esports-challengers-2026-emea-stage-2-c,04832279f4663911c56e537d59c58869615c4cc14c8e0f8750dbf4029d054a50,2026-10-06T15:41:20+00:00,269155,Pearl,16598,AlQadsiah Esports,19391,WIP Esports,14,12,26,16598
2860,660373,1,americas,2026-05-22 17:00:00,12.08,https://www.vlr.gg/660373/leviat-n-vs-g2-esports-vct-2026-americas-stage-1-ubf,8ef36ead43ea28c20436f94ccd3651954ad1bfbb524828a3fcdbdf16d00806ca,2026-10-06T15:39:38+00:00,265434,Ascent,2359,LEVIATÁN,11058,G2 Esports,13,7,20,2359
2860,660373,1,americas,2026-05-22 17:00:00,12.08,https://www.vlr.gg/660373/leviat-n-vs-g2-esports-vct-2026-americas-stage-1-ubf,8ef36ead43ea28c20436f94ccd3651954ad1bfbb524828a3fcdbdf16d00806ca,2026-10-06T15:39:38+00:00,265435,Pearl,2359,LEVIATÁN,11058,G2 Esports,9,13,22,11058
2860,660373,1,americas,2026-05-22 17:00:00,12.08,https://www.vlr.gg/660373/leviat-n-vs-g2-esports-vct-2026-americas-stage-1-ubf,8ef36ead43ea28c20436f94ccd3651954ad1bfbb524828a3fcdbdf16d00806ca,2026-10-06T15:39:38+00:00,265436,Split,2359,LEVIATÁN,11058,G2 Esports,13,5,18,2359
2860,660379,1,americas,2026-05-22 20:05:00,12.08,https://www.vlr.gg/660379/nrg-vs-100-thieves-vct-2026-americas-stage-1-lr3,2ac863b6fc05b211321dc78f619e78585bedfb9684823bfb82b887235e6b2176,2026-10-06T15:39:39+00:00,265454,Fracture,1034,NRG,120,100 Thieves,13,9,22,1034
2860,660379,1,americas,2026-05-22 20:05:00,12.08,https://www.vlr.gg/660379/nrg-vs-100-thieves-vct-2026-americas-stage-1-lr3,2ac863b6fc05b211321dc78f619e78585bedfb9684823bfb82b887235e6b2176,2026-10-06T15:39:39+00:00,265455,Breeze,1034,NRG,120,100 Thieves,13,11,24,1034
2860,660380,1,americas,2026-05-23 17:00:00,12.08,https://www.vlr.gg/660380/g2-esports-vs-nrg-vct-2026-americas-stage-1-lbf,9b259a99ff9d6ae424c4b4f6bc38d764e6e0c8ceb344aea8bf8f367dba4f781e,2026-10-06T15:39:40+00:00,265457,Lotus,11058,G2 Esports,1034,NRG,13,8,21,11058
2860,660380,1,americas,2026-05-23 17:00:00,12.08,https://www.vlr.gg/660380/g2-esports-vs-nrg-vct-2026-americas-stage-1-lbf,9b259a99ff9d6ae424c4b4f6bc38d764e6e0c8ceb344aea8bf8f367dba4f781e,2026-10-06T15:39:40+00:00,265458,Breeze,11058,G2 Esports,1034,NRG,6,13,19,1034
2860,660380,1,americas,2026-05-23 17:00:00,12.08,https://www.vlr.gg/660380/g2-esports-vs-nrg-vct-2026-americas-stage-1-lbf,9b259a99ff9d6ae424c4b4f6bc38d764e6e0c8ceb344aea8bf8f367dba4f781e,2026-10-06T15:39:40+00:00,265459,Pearl,11058,G2 Esports,1034,NRG,13,7,20,11058
2860,660380,1,americas,2026-05-23 17:00:00,12.08,https://www.vlr.gg/660380/g2-esports-vs-nrg-vct-2026-americas-stage-1-lbf,9b259a99ff9d6ae424c4b4f6bc38d764e6e0c8ceb344aea8bf8f367dba4f781e,2026-10-06T15:39:40+00:00,265460,Haven,11058,G2 Esports,1034,NRG,10,13,23,1034
2860,660380,1,americas,2026-05-23 17:00:00,12.08,https://www.vlr.gg/660380/g2-esports-vs-nrg-vct-2026-americas-stage-1-lbf,9b259a99ff9d6ae424c4b4f6bc38d764e6e0c8ceb344aea8bf8f367dba4f781e,2026-10-06T15:39:40+00:00,265461,Ascent,11058,G2 Esports,1034,NRG,13,10,23,11058
2860,660374,1,americas,2026-05-24 17:00:00,12.08,https://www.vlr.gg/660374/leviat-n-vs-g2-esports-vct-2026-americas-stage-1-gf,0a1ff1a3f4844b0b18d39098b0c14e9989bd49da6c5426148dc3e6e072d2544a,2026-10-06T15:39:41+00:00,265437,Fracture,2359,LEVIATÁN,11058,G2 Esports,12,14,26,11058
2860,660374,1,americas,2026-05-24 17:00:00,12.08,https://www.vlr.gg/660374/leviat-n-vs-g2-esports-vct-2026-americas-stage-1-gf,0a1ff1a3f4844b0b18d39098b0c14e9989bd49da6c5426148dc3e6e072d2544a,2026-10-06T15:39:41+00:00,265438,Haven,2359,LEVIATÁN,11058,G2 Esports,13,11,24,2359
2860,660374,1,americas,2026-05-24 17:00:00,12.08,https://www.vlr.gg/660374/leviat-n-vs-g2-esports-vct-2026-americas-stage-1-gf,0a1ff1a3f4844b0b18d39098b0c14e9989bd49da6c5426148dc3e6e072d2544a,2026-10-06T15:39:41+00:00,265439,Ascent,2359,LEVIATÁN,11058,G2 Esports,13,9,22,2359
2860,660374,1,americas,2026-05-24 17:00:00,12.08,https://www.vlr.gg/660374/leviat-n-vs-g2-esports-vct-2026-americas-stage-1-gf,0a1ff1a3f4844b0b18d39098b0c14e9989bd49da6c5426148dc3e6e072d2544a,2026-10-06T15:39:41+00:00,265440,Pearl,2359,LEVIATÁN,11058,G2 Esports,10,13,23,11058
2860,660374,1,americas,2026-05-24 17:00:00,12.08,https://www.vlr.gg/660374/leviat-n-vs-g2-esports-vct-2026-americas-stage-1-gf,0a1ff1a3f4844b0b18d39098b0c14e9989bd49da6c5426148dc3e6e072d2544a,2026-10-06T15:39:41+00:00,265441,Split,2359,LEVIATÁN,11058,G2 Esports,11,13,24,11058
2925,683765,2,emea,2026-05-25 11:00:00,12.09,https://www.vlr.gg/683765/reborn-vs-natus-vincere-junior-challengers-2026-emea-stage-2-ubsf,92b4e3c0f0a6cade62b28af39d30fb535cea27f00a7cb91736defde13132023f,2026-10-06T15:41:20+00:00,270719,Split,21841,REBORN,21715,Natus Vincere Junior,9,13,22,21715
2925,683765,2,emea,2026-05-25 11:00:00,12.09,https://www.vlr.gg/683765/reborn-vs-natus-vincere-junior-challengers-2026-emea-stage-2-ubsf,92b4e3c0f0a6cade62b28af39d30fb535cea27f00a7cb91736defde13132023f,2026-10-06T15:41:20+00:00,270720,Haven,21841,REBORN,21715,Natus Vincere Junior,11,13,24,21715
2925,683766,2,emea,2026-05-25 13:30:00,12.09,https://www.vlr.gg/683766/joblife-vs-ucam-esports-club-challengers-2026-emea-stage-2-ubsf,37f6c5eef406d888649631fcf5f1c37f401706c982a167487c6a7202a54495de,2026-10-06T15:41:21+00:00,270722,Split,11232,Joblife,4616,UCAM Esports Club,11,13,24,4616
2925,683766,2,emea,2026-05-25 13:30:00,12.09,https://www.vlr.gg/683766/joblife-vs-ucam-esports-club-challengers-2026-emea-stage-2-ubsf,37f6c5eef406d888649631fcf5f1c37f401706c982a167487c6a7202a54495de,2026-10-06T15:41:21+00:00,270723,Lotus,11232,Joblife,4616,UCAM Esports Club,9,13,22,4616
2858,681516,2,americas,2026-05-25 16:00:00,12.09,https://www.vlr.gg/681516/evil-geniuses-academy-vs-nrg-academy-challengers-2026-north-america-ace-stage-3-r1,a29a12b39c5a2eda48a03284af1abec81e0cc2a9184c16f525d0200cb246d1e3,2026-10-06T15:38:23+00:00,269557,Split,21054,Evil Geniuses Academy,21049,NRG Academy,13,15,28,21049
2858,681516,2,americas,2026-05-25 16:00:00,12.09,https://www.vlr.gg/681516/evil-geniuses-academy-vs-nrg-academy-challengers-2026-north-america-ace-stage-3-r1,a29a12b39c5a2eda48a03284af1abec81e0cc2a9184c16f525d0200cb246d1e3,2026-10-06T15:38:23+00:00,269558,Lotus,21054,Evil Geniuses Academy,21049,NRG Academy,4,13,17,21049
2858,681517,2,americas,2026-05-25 16:00:00,12.09,https://www.vlr.gg/681517/qor-vs-pigeons-challengers-2026-north-america-ace-stage-3-r1,b6d9b5eb554ffc8c8d6ca15e10b4bd0c109251a093d23a607936a893808118d4,2026-10-06T15:38:24+00:00,269560,Fracture,6985,QoR,16910,Pigeons,13,8,21,6985
2858,681517,2,americas,2026-05-25 16:00:00,12.09,https://www.vlr.gg/681517/qor-vs-pigeons-challengers-2026-north-america-ace-stage-3-r1,b6d9b5eb554ffc8c8d6ca15e10b4bd0c109251a093d23a607936a893808118d4,2026-10-06T15:38:24+00:00,269561,Ascent,6985,QoR,16910,Pigeons,13,4,17,6985
2858,681519,2,americas,2026-05-25 18:05:00,12.09,https://www.vlr.gg/681519/shopify-rebellion-black-vs-evictix-challengers-2026-north-america-ace-stage-3-r1,d7cd80fe26c8d7d14ec6599c4e7cceca78cbecb0ecba7b10427cdf097926202b,2026-10-06T15:38:25+00:00,269566,Haven,9353,Shopify Rebellion Black,19914,Evictix,13,9,22,9353
2858,681519,2,americas,2026-05-25 18:05:00,12.09,https://www.vlr.gg/681519/shopify-rebellion-black-vs-evictix-challengers-2026-north-america-ace-stage-3-r1,d7cd80fe26c8d7d14ec6599c4e7cceca78cbecb0ecba7b10427cdf097926202b,2026-10-06T15:38:25+00:00,269567,Lotus,9353,Shopify Rebellion Black,19914,Evictix,13,8,21,9353
2858,681518,2,americas,2026-05-25 18:30:00,12.09,https://www.vlr.gg/681518/m80-vs-rose-challengers-2026-north-america-ace-stage-3-r1,bbf5b35cc8fed942c0650980a30ae784c71ffd33a1676a5a9696f407890de903,2026-10-06T15:38:25+00:00,269563,Lotus,11001,M80,11648,ROSE,13,4,17,11001
2858,681518,2,americas,2026-05-25 18:30:00,12.09,https://www.vlr.gg/681518/m80-vs-rose-challengers-2026-north-america-ace-stage-3-r1,bbf5b35cc8fed942c0650980a30ae784c71ffd33a1676a5a9696f407890de903,2026-10-06T15:38:25+00:00,269564,Pearl,11001,M80,11648,ROSE,13,4,17,11001
2925,683769,2,emea,2026-05-26 11:00:00,12.09,https://www.vlr.gg/683769/reborn-vs-joblife-challengers-2026-emea-stage-2-lr1,dc647001be56fed4ecf5bed75a4c651511d50adb39ac45aaf7d64d33324384c3,2026-10-06T15:41:22+00:00,270731,Haven,21841,REBORN,11232,Joblife,13,4,17,21841
2925,683769,2,emea,2026-05-26 11:00:00,12.09,https://www.vlr.gg/683769/reborn-vs-joblife-challengers-2026-emea-stage-2-lr1,dc647001be56fed4ecf5bed75a4c651511d50adb39ac45aaf7d64d33324384c3,2026-10-06T15:41:22+00:00,270732,Split,21841,REBORN,11232,Joblife,13,7,20,21841
2925,683767,2,emea,2026-05-26 13:00:00,12.09,https://www.vlr.gg/683767/natus-vincere-junior-vs-ucam-esports-club-challengers-2026-emea-stage-2-ubf,85c1a2ebf23681ecdc1f971a149f374d89114aab5a677e6cfc096f2a43b3438e,2026-10-06T15:41:22+00:00,270725,Split,21715,Natus Vincere Junior,4616,UCAM Esports Club,13,4,17,21715
2925,683767,2,emea,2026-05-26 13:00:00,12.09,https://www.vlr.gg/683767/natus-vincere-junior-vs-ucam-esports-club-challengers-2026-emea-stage-2-ubf,85c1a2ebf23681ecdc1f971a149f374d89114aab5a677e6cfc096f2a43b3438e,2026-10-06T15:41:22+00:00,270726,Haven,21715,Natus Vincere Junior,4616,UCAM Esports Club,13,10,23,21715
2858,681520,2,americas,2026-05-26 16:00:00,12.09,https://www.vlr.gg/681520/division-one-vs-dynamo-challengers-2026-north-america-ace-stage-3-r1,da89e1bfb89a20ac8722a160281f6ae7466f40be9e61460d6c74976d214d7362,2026-10-06T15:38:26+00:00,269569,Lotus,21714,Division One,19415,Dynamo,13,11,24,21714
2858,681520,2,americas,2026-05-26 16:00:00,12.09,https://www.vlr.gg/681520/division-one-vs-dynamo-challengers-2026-north-america-ace-stage-3-r1,da89e1bfb89a20ac8722a160281f6ae7466f40be9e61460d6c74976d214d7362,2026-10-06T15:38:26+00:00,269570,Breeze,21714,Division One,19415,Dynamo,11,13,24,19415
2858,681520,2,americas,2026-05-26 16:00:00,12.09,https://www.vlr.gg/681520/division-one-vs-dynamo-challengers-2026-north-america-ace-stage-3-r1,da89e1bfb89a20ac8722a160281f6ae7466f40be9e61460d6c74976d214d7362,2026-10-06T15:38:26+00:00,269571,Ascent,21714,Division One,19415,Dynamo,13,7,20,21714
2858,681521,2,americas,2026-05-26 16:00:00,12.09,https://www.vlr.gg/681521/nightblood-gaming-vs-azure-dragon-gaming-challengers-2026-north-america-ace-stage-3-r1,f2443706e185bd6eccf728ba8b4044dee32c5d71107bc8e255955077cd59366e,2026-10-06T15:38:27+00:00,269572,Ascent,5601,Nightblood Gaming,21053,Azure Dragon Gaming,13,10,23,5601
2858,681521,2,americas,2026-05-26 16:00:00,12.09,https://www.vlr.gg/681521/nightblood-gaming-vs-azure-dragon-gaming-challengers-2026-north-america-ace-stage-3-r1,f2443706e185bd6eccf728ba8b4044dee32c5d71107bc8e255955077cd59366e,2026-10-06T15:38:27+00:00,269573,Lotus,5601,Nightblood Gaming,21053,Azure Dragon Gaming,7,13,20,21053
2858,681521,2,americas,2026-05-26 16:00:00,12.09,https://www.vlr.gg/681521/nightblood-gaming-vs-azure-dragon-gaming-challengers-2026-north-america-ace-stage-3-r1,f2443706e185bd6eccf728ba8b4044dee32c5d71107bc8e255955077cd59366e,2026-10-06T15:38:27+00:00,269574,Breeze,5601,Nightblood Gaming,21053,Azure Dragon Gaming,6,13,19,21053
2962,681908,2,americas,2026-05-26 16:00:00,12.09,https://www.vlr.gg/681908/team-solid-vs-furia-academy-challengers-2026-brazil-gamers-club-stage-2-w4,ebed2d342a9bd0181f7401f2c802f72d6859567236798aecb065128d2e22f481,2026-10-06T15:56:15+00:00,270025,Ascent,19265,Team Solid,17094,FURIA Academy,7,13,20,17094
2962,681908,2,americas,2026-05-26 16:00:00,12.09,https://www.vlr.gg/681908/team-solid-vs-furia-academy-challengers-2026-brazil-gamers-club-stage-2-w4,ebed2d342a9bd0181f7401f2c802f72d6859567236798aecb065128d2e22f481,2026-10-06T15:56:15+00:00,270026,Split,19265,Team Solid,17094,FURIA Academy,2,13,15,17094
2962,681909,2,americas,2026-05-26 16:00:00,12.09,https://www.vlr.gg/681909/peek-vs-f4tality-challengers-2026-brazil-gamers-club-stage-2-w4,7f4750731725b68b70125ace6dc60d97e123f6c41385e154f4a99f650b262117,2026-10-06T15:56:16+00:00,270028,Split,16071,PEEK,16068,F4TALITY,12,14,26,16068
2962,681909,2,americas,2026-05-26 16:00:00,12.09,https://www.vlr.gg/681909/peek-vs-f4tality-challengers-2026-brazil-gamers-club-stage-2-w4,7f4750731725b68b70125ace6dc60d97e123f6c41385e154f4a99f650b262117,2026-10-06T15:56:16+00:00,270029,Ascent,16071,PEEK,16068,F4TALITY,16,18,34,16068
2858,681522,2,americas,2026-05-26 19:00:00,12.09,https://www.vlr.gg/681522/flyquest-vs-alliance-guardians-challengers-2026-north-america-ace-stage-3-r1,f10d74d1007996f920db4d8891b5471ebb78cb9136c67825ab0caa65e1ffb131,2026-10-06T15:38:28+00:00,269575,Breeze,21838,FlyQuest,16440,Alliance Guardians,12,14,26,16440
2858,681522,2,americas,2026-05-26 19:00:00,12.09,https://www.vlr.gg/681522/flyquest-vs-alliance-guardians-challengers-2026-north-america-ace-stage-3-r1,f10d74d1007996f920db4d8891b5471ebb78cb9136c67825ab0caa65e1ffb131,2026-10-06T15:38:28+00:00,269576,Split,21838,FlyQuest,16440,Alliance Guardians,13,7,20,21838
2858,681522,2,americas,2026-05-26 19:00:00,12.09,https://www.vlr.gg/681522/flyquest-vs-alliance-guardians-challengers-2026-north-america-ace-stage-3-r1,f10d74d1007996f920db4d8891b5471ebb78cb9136c67825ab0caa65e1ffb131,2026-10-06T15:38:28+00:00,269577,Haven,21838,FlyQuest,16440,Alliance Guardians,13,3,16,21838
2858,681523,2,americas,2026-05-26 19:00:00,12.09,https://www.vlr.gg/681523/sad-esports-vs-yfp-challengers-2026-north-america-ace-stage-3-r1,0e668f52e2d915111f5140b9f3e135eae9d1238a9b0cdc666ca55f837afb8f31,2026-10-06T15:38:29+00:00,269578,Fracture,13920,SaD Esports,5038,YFP,13,4,17,13920
2858,681523,2,americas,2026-05-26 19:00:00,12.09,https://www.vlr.gg/681523/sad-esports-vs-yfp-challengers-2026-north-america-ace-stage-3-r1,0e668f52e2d915111f5140b9f3e135eae9d1238a9b0cdc666ca55f837afb8f31,2026-10-06T15:38:29+00:00,270925,Haven,13920,SaD Esports,5038,YFP,13,7,20,13920
2962,681910,2,americas,2026-05-26 19:00:00,12.09,https://www.vlr.gg/681910/mibr-academy-vs-abacatudos-challengers-2026-brazil-gamers-club-stage-2-w4,4e7e5a7e062758c81bbae1f7d6f50ca6305870f4f07677132404c6c5c4fa22bf,2026-10-06T15:56:17+00:00,270031,Fracture,16606,MIBR Academy,22657,ABACATUDOS,13,4,17,16606
2962,681910,2,americas,2026-05-26 19:00:00,12.09,https://www.vlr.gg/681910/mibr-academy-vs-abacatudos-challengers-2026-brazil-gamers-club-stage-2-w4,4e7e5a7e062758c81bbae1f7d6f50ca6305870f4f07677132404c6c5c4fa22bf,2026-10-06T15:56:17+00:00,270032,Ascent,16606,MIBR Academy,22657,ABACATUDOS,13,5,18,16606
2925,683770,2,emea,2026-05-27 11:00:00,12.09,https://www.vlr.gg/683770/ucam-esports-club-vs-reborn-challengers-2026-emea-stage-2-lbf,ca084383d3f17f63eded226e53a70cefbac1e48ff4a355756175e128f9dfb89c,2026-10-06T15:41:23+00:00,270734,Ascent,4616,UCAM Esports Club,21841,REBORN,2,13,15,21841
2925,683770,2,emea,2026-05-27 11:00:00,12.09,https://www.vlr.gg/683770/ucam-esports-club-vs-reborn-challengers-2026-emea-stage-2-lbf,ca084383d3f17f63eded226e53a70cefbac1e48ff4a355756175e128f9dfb89c,2026-10-06T15:41:23+00:00,270735,Split,4616,UCAM Esports Club,21841,REBORN,3,13,16,21841
2925,683770,2,emea,2026-05-27 11:00:00,12.09,https://www.vlr.gg/683770/ucam-esports-club-vs-reborn-challengers-2026-emea-stage-2-lbf,ca084383d3f17f63eded226e53a70cefbac1e48ff4a355756175e128f9dfb89c,2026-10-06T15:41:23+00:00,270736,Lotus,4616,UCAM Esports Club,21841,REBORN,6,13,19,21841
2962,681911,2,americas,2026-05-27 16:00:00,12.09,https://www.vlr.gg/681911/2game-esports-vs-la-masia-challengers-2026-brazil-gamers-club-stage-2-w4,092c6206f017b219bc288de5c4823681e3ab944a87475075b92711d0e5fa3ea9,2026-10-06T15:56:18+00:00,270034,Lotus,15072,2Game Esports,23312,LA MASIA,13,8,21,15072
2962,681911,2,americas,2026-05-27 16:00:00,12.09,https://www.vlr.gg/681911/2game-esports-vs-la-masia-challengers-2026-brazil-gamers-club-stage-2-w4,092c6206f017b219bc288de5c4823681e3ab944a87475075b92711d0e5fa3ea9,2026-10-06T15:56:18+00:00,270035,Pearl,15072,2Game Esports,23312,LA MASIA,13,6,19,15072
2962,681912,2,americas,2026-05-27 16:00:00,12.09,https://www.vlr.gg/681912/red-canids-vs-team-ego-challengers-2026-brazil-gamers-club-stage-2-w4,7b1973e112ad6c0f201a3e2e3263992308982685373c39b3df9347ed02375ded,2026-10-06T15:56:19+00:00,270037,Pearl,1124,RED Canids,23310,TEAM EGO,13,7,20,1124
2962,681912,2,americas,2026-05-27 16:00:00,12.09,https://www.vlr.gg/681912/red-canids-vs-team-ego-challengers-2026-brazil-gamers-club-stage-2-w4,7b1973e112ad6c0f201a3e2e3263992308982685373c39b3df9347ed02375ded,2026-10-06T15:56:19+00:00,270038,Ascent,1124,RED Canids,23310,TEAM EGO,13,8,21,1124
2858,685246,2,americas,2026-05-27 16:00:00,12.09,https://www.vlr.gg/685246/pigeons-vs-evil-geniuses-academy-challengers-2026-north-america-ace-stage-3-r2-0-1,b432b959659dbaee9b8f803237854a8beedf3ca4691540e99061c15f6942ae8d,2026-10-06T15:38:29+00:00,270926,Haven,16910,Pigeons,21054,Evil Geniuses Academy,13,7,20,16910
2858,685246,2,americas,2026-05-27 16:00:00,12.09,https://www.vlr.gg/685246/pigeons-vs-evil-geniuses-academy-challengers-2026-north-america-ace-stage-3-r2-0-1,b432b959659dbaee9b8f803237854a8beedf3ca4691540e99061c15f6942ae8d,2026-10-06T15:38:29+00:00,270927,Ascent,16910,Pigeons,21054,Evil Geniuses Academy,9,13,22,21054
2858,685246,2,americas,2026-05-27 16:00:00,12.09,https://www.vlr.gg/685246/pigeons-vs-evil-geniuses-academy-challengers-2026-north-america-ace-stage-3-r2-0-1,b432b959659dbaee9b8f803237854a8beedf3ca4691540e99061c15f6942ae8d,2026-10-06T15:38:29+00:00,270928,Split,16910,Pigeons,21054,Evil Geniuses Academy,13,11,24,16910
2858,685247,2,americas,2026-05-27 16:00:00,12.09,https://www.vlr.gg/685247/evictix-vs-alliance-guardians-challengers-2026-north-america-ace-stage-3-r2-0-1,33fa7b9259727ba5064a67ea4e2ed73d9bd786b513fd037b9160c65b75019d26,2026-10-06T15:38:30+00:00,270929,Lotus,19914,Evictix,16440,Alliance Guardians,4,13,17,16440
2858,685247,2,americas,2026-05-27 16:00:00,12.09,https://www.vlr.gg/685247/evictix-vs-alliance-guardians-challengers-2026-north-america-ace-stage-3-r2-0-1,33fa7b9259727ba5064a67ea4e2ed73d9bd786b513fd037b9160c65b75019d26,2026-10-06T15:38:30+00:00,270930,Ascent,19914,Evictix,16440,Alliance Guardians,13,8,21,19914
2858,685247,2,americas,2026-05-27 16:00:00,12.09,https://www.vlr.gg/685247/evictix-vs-alliance-guardians-challengers-2026-north-america-ace-stage-3-r2-0-1,33fa7b9259727ba5064a67ea4e2ed73d9bd786b513fd037b9160c65b75019d26,2026-10-06T15:38:30+00:00,270931,Split,19914,Evictix,16440,Alliance Guardians,13,4,17,19914
2858,685249,2,americas,2026-05-27 18:40:00,12.09,https://www.vlr.gg/685249/nightblood-gaming-vs-dynamo-challengers-2026-north-america-ace-stage-3-r2-0-1,ba31b12faee36131e31e47fdb0473b711f874ee8341a4f879a4df690b87b756f,2026-10-06T15:38:31+00:00,270935,Lotus,5601,Nightblood Gaming,19415,Dynamo,13,11,24,5601
2858,685249,2,americas,2026-05-27 18:40:00,12.09,https://www.vlr.gg/685249/nightblood-gaming-vs-dynamo-challengers-2026-north-america-ace-stage-3-r2-0-1,ba31b12faee36131e31e47fdb0473b711f874ee8341a4f879a4df690b87b756f,2026-10-06T15:38:31+00:00,270936,Ascent,5601,Nightblood Gaming,19415,Dynamo,13,8,21,5601
2962,681913,2,americas,2026-05-27 19:00:00,12.09,https://www.vlr.gg/681913/intz-vs-team-liquid-brazil-challengers-2026-brazil-gamers-club-stage-2-w4,025e0cbdf8aac01e99c28e4d743e29d37a34f5a244f35531b00e53a707a2dea2,2026-10-06T15:56:19+00:00,270040,Pearl,21089,INTZ,7055,Team Liquid Brazil,13,4,17,21089
2962,681913,2,americas,2026-05-27 19:00:00,12.09,https://www.vlr.gg/681913/intz-vs-team-liquid-brazil-challengers-2026-brazil-gamers-club-stage-2-w4,025e0cbdf8aac01e99c28e4d743e29d37a34f5a244f35531b00e53a707a2dea2,2026-10-06T15:56:19+00:00,270041,Lotus,21089,INTZ,7055,Team Liquid Brazil,13,8,21,21089
2858,685248,2,americas,2026-05-27 19:10:00,12.09,https://www.vlr.gg/685248/rose-vs-yfp-challengers-2026-north-america-ace-stage-3-r2-0-1,a32127eca22190d7e6fb44170e61531ef37d6237adebfe72a4356b664a44b62a,2026-10-06T15:38:32+00:00,270932,Ascent,11648,ROSE,5038,YFP,5,13,18,5038
2858,685248,2,americas,2026-05-27 19:10:00,12.09,https://www.vlr.gg/685248/rose-vs-yfp-challengers-2026-north-america-ace-stage-3-r2-0-1,a32127eca22190d7e6fb44170e61531ef37d6237adebfe72a4356b664a44b62a,2026-10-06T15:38:32+00:00,270933,Lotus,11648,ROSE,5038,YFP,11,13,24,5038
2925,683768,2,emea,2026-05-28 11:00:00,12.09,https://www.vlr.gg/683768/natus-vincere-junior-vs-reborn-challengers-2026-emea-stage-2-gf,05e1bf680af1fd2c09a88fa1f9b25fc7d2fa667dd554c8b9e043ac087e26580a,2026-10-06T15:41:24+00:00,270728,Haven,21715,Natus Vincere Junior,21841,REBORN,9,13,22,21841
2925,683768,2,emea,2026-05-28 11:00:00,12.09,https://www.vlr.gg/683768/natus-vincere-junior-vs-reborn-challengers-2026-emea-stage-2-gf,05e1bf680af1fd2c09a88fa1f9b25fc7d2fa667dd554c8b9e043ac087e26580a,2026-10-06T15:41:24+00:00,270729,Split,21715,Natus Vincere Junior,21841,REBORN,13,10,23,21715
2925,683768,2,emea,2026-05-28 11:00:00,12.09,https://www.vlr.gg/683768/natus-vincere-junior-vs-reborn-challengers-2026-emea-stage-2-gf,05e1bf680af1fd2c09a88fa1f9b25fc7d2fa667dd554c8b9e043ac087e26580a,2026-10-06T15:41:24+00:00,270730,Pearl,21715,Natus Vincere Junior,21841,REBORN,7,13,20,21841
2925,683768,2,emea,2026-05-28 11:00:00,12.09,https://www.vlr.gg/683768/natus-vincere-junior-vs-reborn-challengers-2026-emea-stage-2-gf,05e1bf680af1fd2c09a88fa1f9b25fc7d2fa667dd554c8b9e043ac087e26580a,2026-10-06T15:41:24+00:00,270963,Breeze,21715,Natus Vincere Junior,21841,REBORN,7,13,20,21841
2962,681915,2,americas,2026-05-28 16:00:00,12.09,https://www.vlr.gg/681915/team-solid-vs-f4tality-challengers-2026-brazil-gamers-club-stage-2-w5,347279cf45ed1f2da4cb8fb75d7bdf4b2e8e7c0036b07b8bb93d48a9ec44036e,2026-10-06T15:56:21+00:00,270043,Pearl,19265,Team Solid,16068,F4TALITY,13,10,23,19265
2962,681915,2,americas,2026-05-28 16:00:00,12.09,https://www.vlr.gg/681915/team-solid-vs-f4tality-challengers-2026-brazil-gamers-club-stage-2-w5,347279cf45ed1f2da4cb8fb75d7bdf4b2e8e7c0036b07b8bb93d48a9ec44036e,2026-10-06T15:56:21+00:00,270044,Haven,19265,Team Solid,16068,F4TALITY,13,5,18,19265
2962,681916,2,americas,2026-05-28 16:00:00,12.09,https://www.vlr.gg/681916/furia-academy-vs-tribe-challengers-2026-brazil-gamers-club-stage-2-w5,70cb3804d6f22e813c41cc3b409b219f2a833b7acddefa675ab1c134bd380cb2,2026-10-06T15:56:22+00:00,270046,Breeze,17094,FURIA Academy,20216,TRIBE,13,6,19,17094
2962,681916,2,americas,2026-05-28 16:00:00,12.09,https://www.vlr.gg/681916/furia-academy-vs-tribe-challengers-2026-brazil-gamers-club-stage-2-w5,70cb3804d6f22e813c41cc3b409b219f2a833b7acddefa675ab1c134bd380cb2,2026-10-06T15:56:22+00:00,270047,Lotus,17094,FURIA Academy,20216,TRIBE,13,8,21,17094
2858,685250,2,americas,2026-05-28 16:00:00,12.09,https://www.vlr.gg/685250/m80-vs-shopify-rebellion-black-challengers-2026-north-america-ace-stage-3-r2-0-1,5e983a66b1ff1cf168565eb41475ee1e541be7ac9221cb6390511f53eb7dd49c,2026-10-06T15:38:33+00:00,270938,Pearl,11001,M80,9353,Shopify Rebellion Black,13,10,23,11001
2858,685250,2,americas,2026-05-28 16:00:00,12.09,https://www.vlr.gg/685250/m80-vs-shopify-rebellion-black-challengers-2026-north-america-ace-stage-3-r2-0-1,5e983a66b1ff1cf168565eb41475ee1e541be7ac9221cb6390511f53eb7dd49c,2026-10-06T15:38:33+00:00,270939,Haven,11001,M80,9353,Shopify Rebellion Black,6,13,19,9353
2858,685250,2,americas,2026-05-28 16:00:00,12.09,https://www.vlr.gg/685250/m80-vs-shopify-rebellion-black-challengers-2026-north-america-ace-stage-3-r2-0-1,5e983a66b1ff1cf168565eb41475ee1e541be7ac9221cb6390511f53eb7dd49c,2026-10-06T15:38:33+00:00,270940,Lotus,11001,M80,9353,Shopify Rebellion Black,13,6,19,11001
2858,685251,2,americas,2026-05-28 16:00:00,12.09,https://www.vlr.gg/685251/qor-vs-nrg-academy-challengers-2026-north-america-ace-stage-3-r2-0-1,b04088854a25ffbd0ac6c89e2c2365018b0e6021a08701375271fc6598ab0bfd,2026-10-06T15:38:34+00:00,270941,Lotus,6985,QoR,21049,NRG Academy,8,13,21,21049
2858,685251,2,americas,2026-05-28 16:00:00,12.09,https://www.vlr.gg/685251/qor-vs-nrg-academy-challengers-2026-north-america-ace-stage-3-r2-0-1,b04088854a25ffbd0ac6c89e2c2365018b0e6021a08701375271fc6598ab0bfd,2026-10-06T15:38:34+00:00,270942,Haven,6985,QoR,21049,NRG Academy,10,13,23,21049
2858,685253,2,americas,2026-05-28 18:00:00,12.09,https://www.vlr.gg/685253/sad-esports-vs-flyquest-challengers-2026-north-america-ace-stage-3-r2-0-1,9b53cbe2cfbcca26f078db7ec16aaccee7b40226083f6d1b2a697a0a9f323984,2026-10-06T15:38:34+00:00,270947,Pearl,13920,SaD Esports,21838,FlyQuest,13,8,21,13920
2858,685253,2,americas,2026-05-28 18:00:00,12.09,https://www.vlr.gg/685253/sad-esports-vs-flyquest-challengers-2026-north-america-ace-stage-3-r2-0-1,9b53cbe2cfbcca26f078db7ec16aaccee7b40226083f6d1b2a697a0a9f323984,2026-10-06T15:38:34+00:00,270948,Split,13920,SaD Esports,21838,FlyQuest,13,5,18,13920
2962,681917,2,americas,2026-05-28 19:00:00,12.09,https://www.vlr.gg/681917/tbk-esports-vs-mibr-academy-challengers-2026-brazil-gamers-club-stage-2-w5,46c09b04d5f43e619fcc688e2684d9a4801ce01af114f067f1b2107f19dac184,2026-10-06T15:56:22+00:00,270049,Ascent,6946,TBK Esports,16606,MIBR Academy,8,13,21,16606
2962,681917,2,americas,2026-05-28 19:00:00,12.09,https://www.vlr.gg/681917/tbk-esports-vs-mibr-academy-challengers-2026-brazil-gamers-club-stage-2-w5,46c09b04d5f43e619fcc688e2684d9a4801ce01af114f067f1b2107f19dac184,2026-10-06T15:56:22+00:00,270050,Haven,6946,TBK Esports,16606,MIBR Academy,12,14,26,16606
2858,685252,2,americas,2026-05-28 19:10:00,12.09,https://www.vlr.gg/685252/division-one-vs-azure-dragon-gaming-challengers-2026-north-america-ace-stage-3-r2-0-1,431ba56184538f4a74f4cc445dab711f5e9c9c73234ad36d451fb745bb7ebb91,2026-10-06T15:38:35+00:00,270944,Lotus,21714,Division One,21053,Azure Dragon Gaming,8,13,21,21053
2858,685252,2,americas,2026-05-28 19:10:00,12.09,https://www.vlr.gg/685252/division-one-vs-azure-dragon-gaming-challengers-2026-north-america-ace-stage-3-r2-0-1,431ba56184538f4a74f4cc445dab711f5e9c9c73234ad36d451fb745bb7ebb91,2026-10-06T15:38:35+00:00,270945,Breeze,21714,Division One,21053,Azure Dragon Gaming,11,13,24,21053
2962,681918,2,americas,2026-05-29 16:00:00,12.09,https://www.vlr.gg/681918/2game-esports-vs-team-ego-challengers-2026-brazil-gamers-club-stage-2-w5,7a0eec18667f8ab5253df4988435fb810f0ddf2363f6c3dbea8bd4a8bc03d639,2026-10-06T15:56:23+00:00,270052,Haven,15072,2Game Esports,23310,TEAM EGO,13,8,21,15072
2962,681918,2,americas,2026-05-29 16:00:00,12.09,https://www.vlr.gg/681918/2game-esports-vs-team-ego-challengers-2026-brazil-gamers-club-stage-2-w5,7a0eec18667f8ab5253df4988435fb810f0ddf2363f6c3dbea8bd4a8bc03d639,2026-10-06T15:56:23+00:00,270053,Pearl,15072,2Game Esports,23310,TEAM EGO,8,13,21,23310
2962,681918,2,americas,2026-05-29 16:00:00,12.09,https://www.vlr.gg/681918/2game-esports-vs-team-ego-challengers-2026-brazil-gamers-club-stage-2-w5,7a0eec18667f8ab5253df4988435fb810f0ddf2363f6c3dbea8bd4a8bc03d639,2026-10-06T15:56:23+00:00,270054,Lotus,15072,2Game Esports,23310,TEAM EGO,15,13,28,15072
2962,681919,2,americas,2026-05-29 16:00:00,12.09,https://www.vlr.gg/681919/la-masia-vs-team-liquid-brazil-challengers-2026-brazil-gamers-club-stage-2-w5,f9ced5892f01950949fc981b77378f586119eac191e915749f3bce15d576c72f,2026-10-06T15:56:25+00:00,270055,Breeze,23312,LA MASIA,7055,Team Liquid Brazil,13,7,20,23312
2962,681919,2,americas,2026-05-29 16:00:00,12.09,https://www.vlr.gg/681919/la-masia-vs-team-liquid-brazil-challengers-2026-brazil-gamers-club-stage-2-w5,f9ced5892f01950949fc981b77378f586119eac191e915749f3bce15d576c72f,2026-10-06T15:56:25+00:00,270056,Ascent,23312,LA MASIA,7055,Team Liquid Brazil,13,3,16,23312
2962,681920,2,americas,2026-05-29 20:20:00,12.09,https://www.vlr.gg/681920/elevate-vs-intz-challengers-2026-brazil-gamers-club-stage-2-w5,17a1fe336109285671d1f20360d33d4e199c12dbde07d5208bc4d31dd49ed668,2026-10-06T15:56:25+00:00,270058,Lotus,18622,ELEVATE,21089,INTZ,7,13,20,21089
2962,681920,2,americas,2026-05-29 20:20:00,12.09,https://www.vlr.gg/681920/elevate-vs-intz-challengers-2026-brazil-gamers-club-stage-2-w5,17a1fe336109285671d1f20360d33d4e199c12dbde07d5208bc4d31dd49ed668,2026-10-06T15:56:25+00:00,270060,Haven,18622,ELEVATE,21089,INTZ,13,8,21,18622
2962,681920,2,americas,2026-05-29 20:20:00,12.09,https://www.vlr.gg/681920/elevate-vs-intz-challengers-2026-brazil-gamers-club-stage-2-w5,17a1fe336109285671d1f20360d33d4e199c12dbde07d5208bc4d31dd49ed668,2026-10-06T15:56:25+00:00,271426,Split,18622,ELEVATE,21089,INTZ,13,11,24,18622
2962,681922,2,americas,2026-06-01 16:00:00,12.09,https://www.vlr.gg/681922/mibr-academy-vs-peek-challengers-2026-brazil-gamers-club-stage-2-w6,08a4b06f5bcd58ab43e549b741da778e028da88bceaeebf746f809b66c591f28,2026-10-06T15:56:26+00:00,270061,Breeze,16606,MIBR Academy,16071,PEEK,11,13,24,16071
2962,681922,2,americas,2026-06-01 16:00:00,12.09,https://www.vlr.gg/681922/mibr-academy-vs-peek-challengers-2026-brazil-gamers-club-stage-2-w6,08a4b06f5bcd58ab43e549b741da778e028da88bceaeebf746f809b66c591f28,2026-10-06T15:56:26+00:00,270062,Lotus,16606,MIBR Academy,16071,PEEK,9,13,22,16071
2962,681923,2,americas,2026-06-01 16:00:00,12.09,https://www.vlr.gg/681923/tbk-esports-vs-furia-academy-challengers-2026-brazil-gamers-club-stage-2-w6,72ba25d36c30ffd163e2b976ebb6ec9d92f27ea425cc873d0aa7db6e816d7c1b,2026-10-06T15:56:28+00:00,270064,Split,6946,TBK Esports,17094,FURIA Academy,8,13,21,17094
2962,681923,2,americas,2026-06-01 16:00:00,12.09,https://www.vlr.gg/681923/tbk-esports-vs-furia-academy-challengers-2026-brazil-gamers-club-stage-2-w6,72ba25d36c30ffd163e2b976ebb6ec9d92f27ea425cc873d0aa7db6e816d7c1b,2026-10-06T15:56:28+00:00,270065,Lotus,6946,TBK Esports,17094,FURIA Academy,13,10,23,6946
2962,681923,2,americas,2026-06-01 16:00:00,12.09,https://www.vlr.gg/681923/tbk-esports-vs-furia-academy-challengers-2026-brazil-gamers-club-stage-2-w6,72ba25d36c30ffd163e2b976ebb6ec9d92f27ea425cc873d0aa7db6e816d7c1b,2026-10-06T15:56:28+00:00,270066,Ascent,6946,TBK Esports,17094,FURIA Academy,8,13,21,17094
2858,685987,2,americas,2026-06-01 16:00:00,12.10,https://www.vlr.gg/685987/shopify-rebellion-black-vs-pigeons-challengers-2026-north-america-ace-stage-3-r3-1-1,bfb11f3edca3e870445c7ddee880755d8795d3cbc1e1bb9c7061e515032c525a,2026-10-06T15:38:36+00:00,270993,Lotus,9353,Shopify Rebellion Black,16910,Pigeons,13,8,21,9353
2858,685987,2,americas,2026-06-01 16:00:00,12.10,https://www.vlr.gg/685987/shopify-rebellion-black-vs-pigeons-challengers-2026-north-america-ace-stage-3-r3-1-1,bfb11f3edca3e870445c7ddee880755d8795d3cbc1e1bb9c7061e515032c525a,2026-10-06T15:38:36+00:00,270994,Split,9353,Shopify Rebellion Black,16910,Pigeons,13,9,22,9353
2858,685988,2,americas,2026-06-01 16:00:00,12.10,https://www.vlr.gg/685988/dynamo-vs-alliance-guardians-challengers-2026-north-america-ace-stage-3-r3-0-2,34f4a4c4d81e8e838980befeabc80eb8f7f7e6659e0e037fd141feb15c9d18f6,2026-10-06T15:38:36+00:00,270996,Breeze,19415,Dynamo,16440,Alliance Guardians,9,13,22,16440
2858,685988,2,americas,2026-06-01 16:00:00,12.10,https://www.vlr.gg/685988/dynamo-vs-alliance-guardians-challengers-2026-north-america-ace-stage-3-r3-0-2,34f4a4c4d81e8e838980befeabc80eb8f7f7e6659e0e037fd141feb15c9d18f6,2026-10-06T15:38:36+00:00,270997,Split,19415,Dynamo,16440,Alliance Guardians,10,13,23,16440
2858,685989,2,americas,2026-06-01 18:15:00,12.10,https://www.vlr.gg/685989/nightblood-gaming-vs-evictix-challengers-2026-north-america-ace-stage-3-r3-1-1,a94674df671dfb5ddfe9432465807091c3afc2cc6aa24e643a061a35281c7822,2026-10-06T15:38:37+00:00,270999,Fracture,5601,Nightblood Gaming,19914,Evictix,13,8,21,5601
2858,685989,2,americas,2026-06-01 18:15:00,12.10,https://www.vlr.gg/685989/nightblood-gaming-vs-evictix-challengers-2026-north-america-ace-stage-3-r3-1-1,a94674df671dfb5ddfe9432465807091c3afc2cc6aa24e643a061a35281c7822,2026-10-06T15:38:37+00:00,271000,Split,5601,Nightblood Gaming,19914,Evictix,13,11,24,5601
2858,685990,2,americas,2026-06-01 18:15:00,12.10,https://www.vlr.gg/685990/evil-geniuses-academy-vs-rose-challengers-2026-north-america-ace-stage-3-r3-0-2,6305bbf640a98f4854ebea976f7511d5761dd80d94af1261fa88678038c6cc84,2026-10-06T15:38:38+00:00,271002,Haven,21054,Evil Geniuses Academy,11648,ROSE,13,10,23,21054
2858,685990,2,americas,2026-06-01 18:15:00,12.10,https://www.vlr.gg/685990/evil-geniuses-academy-vs-rose-challengers-2026-north-america-ace-stage-3-r3-0-2,6305bbf640a98f4854ebea976f7511d5761dd80d94af1261fa88678038c6cc84,2026-10-06T15:38:38+00:00,271003,Pearl,21054,Evil Geniuses Academy,11648,ROSE,13,3,16,21054
2962,681924,2,americas,2026-06-01 19:00:00,12.09,https://www.vlr.gg/681924/team-solid-vs-tribe-challengers-2026-brazil-gamers-club-stage-2-w6,65e91be39b1c04e84034dd3af977aca0fa63b5c23f3ac90f60744c9e187448e9,2026-10-06T15:56:28+00:00,270067,Lotus,19265,Team Solid,20216,TRIBE,13,8,21,19265
2962,681924,2,americas,2026-06-01 19:00:00,12.09,https://www.vlr.gg/681924/team-solid-vs-tribe-challengers-2026-brazil-gamers-club-stage-2-w6,65e91be39b1c04e84034dd3af977aca0fa63b5c23f3ac90f60744c9e187448e9,2026-10-06T15:56:28+00:00,270068,Ascent,19265,Team Solid,20216,TRIBE,13,3,16,19265
2962,681925,2,americas,2026-06-02 16:00:00,12.09,https://www.vlr.gg/681925/intz-vs-red-canids-challengers-2026-brazil-gamers-club-stage-2-w6,10efba4728bc1611210b159ea69706f7ba55c54ed2c096ad91bfa7bb083c5327,2026-10-06T15:56:29+00:00,270070,Breeze,21089,INTZ,1124,RED Canids,13,6,19,21089
2962,681925,2,americas,2026-06-02 16:00:00,12.09,https://www.vlr.gg/681925/intz-vs-red-canids-challengers-2026-brazil-gamers-club-stage-2-w6,10efba4728bc1611210b159ea69706f7ba55c54ed2c096ad91bfa7bb083c5327,2026-10-06T15:56:29+00:00,270071,Pearl,21089,INTZ,1124,RED Canids,13,6,19,21089
2962,681926,2,americas,2026-06-02 16:00:00,12.09,https://www.vlr.gg/681926/elevate-vs-la-masia-challengers-2026-brazil-gamers-club-stage-2-w6,a731f475661435619bc678748f998537bda65128777b311857dd253ffcc6ed3f,2026-10-06T15:56:30+00:00,270073,Lotus,18622,ELEVATE,23312,LA MASIA,3,13,16,23312
2962,681926,2,americas,2026-06-02 16:00:00,12.09,https://www.vlr.gg/681926/elevate-vs-la-masia-challengers-2026-brazil-gamers-club-stage-2-w6,a731f475661435619bc678748f998537bda65128777b311857dd253ffcc6ed3f,2026-10-06T15:56:30+00:00,270074,Split,18622,ELEVATE,23312,LA MASIA,5,13,18,23312
2858,685991,2,americas,2026-06-02 16:00:00,12.10,https://www.vlr.gg/685991/sad-esports-vs-nrg-academy-challengers-2026-north-america-ace-stage-3-r3-2-0,55ec457a5303b4b5b4fa51ab24bce56559086b82c00d5c2917b056e25843fabe,2026-10-06T15:38:39+00:00,271005,Fracture,13920,SaD Esports,21049,NRG Academy,13,9,22,13920
2858,685991,2,americas,2026-06-02 16:00:00,12.10,https://www.vlr.gg/685991/sad-esports-vs-nrg-academy-challengers-2026-north-america-ace-stage-3-r3-2-0,55ec457a5303b4b5b4fa51ab24bce56559086b82c00d5c2917b056e25843fabe,2026-10-06T15:38:39+00:00,271006,Haven,13920,SaD Esports,21049,NRG Academy,8,13,21,21049
2858,685991,2,americas,2026-06-02 16:00:00,12.10,https://www.vlr.gg/685991/sad-esports-vs-nrg-academy-challengers-2026-north-america-ace-stage-3-r3-2-0,55ec457a5303b4b5b4fa51ab24bce56559086b82c00d5c2917b056e25843fabe,2026-10-06T15:38:39+00:00,271007,Split,13920,SaD Esports,21049,NRG Academy,16,14,30,13920
2858,685992,2,americas,2026-06-02 16:00:00,12.10,https://www.vlr.gg/685992/azure-dragon-gaming-vs-m80-challengers-2026-north-america-ace-stage-3-r3-2-0,8278e889b9b3d575cf84c582e6bd70834bfe6de79a1559389014bb634b203634,2026-10-06T15:38:39+00:00,271008,Fracture,21053,Azure Dragon Gaming,11001,M80,11,13,24,11001
2858,685992,2,americas,2026-06-02 16:00:00,12.10,https://www.vlr.gg/685992/azure-dragon-gaming-vs-m80-challengers-2026-north-america-ace-stage-3-r3-2-0,8278e889b9b3d575cf84c582e6bd70834bfe6de79a1559389014bb634b203634,2026-10-06T15:38:39+00:00,271009,Lotus,21053,Azure Dragon Gaming,11001,M80,4,13,17,11001
2962,681927,2,americas,2026-06-02 18:00:00,12.09,https://www.vlr.gg/681927/2game-esports-vs-team-liquid-brazil-challengers-2026-brazil-gamers-club-stage-2-w6,bb5f4da85681d000476a1604041b5a56aa59cf9d6c01a8835a504ed89d179b9c,2026-10-06T15:56:31+00:00,270076,Split,15072,2Game Esports,7055,Team Liquid Brazil,13,1,14,15072
2962,681927,2,americas,2026-06-02 18:00:00,12.09,https://www.vlr.gg/681927/2game-esports-vs-team-liquid-brazil-challengers-2026-brazil-gamers-club-stage-2-w6,bb5f4da85681d000476a1604041b5a56aa59cf9d6c01a8835a504ed89d179b9c,2026-10-06T15:56:31+00:00,270077,Lotus,15072,2Game Esports,7055,Team Liquid Brazil,13,3,16,15072
2858,685994,2,americas,2026-06-02 18:00:00,12.10,https://www.vlr.gg/685994/division-one-vs-yft-challengers-2026-north-america-ace-stage-3-r3-1-1,8a8a58406cd04871ed9f1832b6d2a70d7195ce198443e869f04bd8d07e69c155,2026-10-06T15:38:40+00:00,271014,Breeze,21714,Division One,22589,YFT,6,13,19,22589
2858,685994,2,americas,2026-06-02 18:00:00,12.10,https://www.vlr.gg/685994/division-one-vs-yft-challengers-2026-north-america-ace-stage-3-r3-1-1,8a8a58406cd04871ed9f1832b6d2a70d7195ce198443e869f04bd8d07e69c155,2026-10-06T15:38:40+00:00,271015,Ascent,21714,Division One,22589,YFT,13,10,23,21714
2858,685994,2,americas,2026-06-02 18:00:00,12.10,https://www.vlr.gg/685994/division-one-vs-yft-challengers-2026-north-america-ace-stage-3-r3-1-1,8a8a58406cd04871ed9f1832b6d2a70d7195ce198443e869f04bd8d07e69c155,2026-10-06T15:38:40+00:00,271016,Lotus,21714,Division One,22589,YFT,6,13,19,22589
2858,685993,2,americas,2026-06-02 19:15:00,12.10,https://www.vlr.gg/685993/qor-vs-flyquest-challengers-2026-north-america-ace-stage-3-r3-1-1,3793b7c045170369d8be584d6db931639536df9b7cc21ab782e189fe3e6fd0b9,2026-10-06T15:38:41+00:00,271011,Breeze,6985,QoR,21838,FlyQuest,13,8,21,6985
2858,685993,2,americas,2026-06-02 19:15:00,12.10,https://www.vlr.gg/685993/qor-vs-flyquest-challengers-2026-north-america-ace-stage-3-r3-1-1,3793b7c045170369d8be584d6db931639536df9b7cc21ab782e189fe3e6fd0b9,2026-10-06T15:38:41+00:00,271012,Pearl,6985,QoR,21838,FlyQuest,13,10,23,6985
2765,684613,1,international,2026-06-06 10:00:00,12.10,https://www.vlr.gg/684613/xi-lai-gaming-vs-nrg-valorant-masters-london-2026-r1,786e1fb5fdc180d41612d535a0309f4fd73a9d12d4263357b1e94a27c47cf7dd,2026-10-06T15:35:02+00:00,270746,Pearl,13581,Xi Lai Gaming,1034,NRG,6,13,19,1034
2765,684613,1,international,2026-06-06 10:00:00,12.10,https://www.vlr.gg/684613/xi-lai-gaming-vs-nrg-valorant-masters-london-2026-r1,786e1fb5fdc180d41612d535a0309f4fd73a9d12d4263357b1e94a27c47cf7dd,2026-10-06T15:35:02+00:00,270747,Lotus,13581,Xi Lai Gaming,1034,NRG,11,13,24,1034
2765,684610,1,international,2026-06-06 12:30:00,12.10,https://www.vlr.gg/684610/team-vitality-vs-dragon-ranger-gaming-valorant-masters-london-2026-r1,ec990f52f9e6f4282d81a4f1566da5b98b5c61ed33c1f2d650bbe5f04b12bcab,2026-10-06T15:35:04+00:00,270737,Lotus,2059,Team Vitality,11981,Dragon Ranger Gaming,13,5,18,2059
2765,684610,1,international,2026-06-06 12:30:00,12.10,https://www.vlr.gg/684610/team-vitality-vs-dragon-ranger-gaming-valorant-masters-london-2026-r1,ec990f52f9e6f4282d81a4f1566da5b98b5c61ed33c1f2d650bbe5f04b12bcab,2026-10-06T15:35:04+00:00,270738,Breeze,2059,Team Vitality,11981,Dragon Ranger Gaming,13,3,16,2059
2765,684611,1,international,2026-06-07 10:00:00,12.10,https://www.vlr.gg/684611/full-sense-vs-fut-esports-valorant-masters-london-2026-r1,a675b6c48e876e4763e803a4b453a3da9ea227cccf12dfe4816949e182fa586d,2026-10-06T15:35:04+00:00,270740,Fracture,4050,FULL SENSE,1184,FUT Esports,3,13,16,1184
2765,684611,1,international,2026-06-07 10:00:00,12.10,https://www.vlr.gg/684611/full-sense-vs-fut-esports-valorant-masters-london-2026-r1,a675b6c48e876e4763e803a4b453a3da9ea227cccf12dfe4816949e182fa586d,2026-10-06T15:35:04+00:00,270741,Haven,4050,FULL SENSE,1184,FUT Esports,7,13,20,1184
2765,684612,1,international,2026-06-07 12:00:00,12.10,https://www.vlr.gg/684612/leviat-n-vs-global-esports-valorant-masters-london-2026-r1,5fb950b0174ad6c6c55631bb1f0f9996d4c82254326be9684c08bc47e59bab39,2026-10-06T15:35:06+00:00,270743,Pearl,2359,LEVIATÁN,918,Global Esports,4,13,17,918
2765,684612,1,international,2026-06-07 12:00:00,12.10,https://www.vlr.gg/684612/leviat-n-vs-global-esports-valorant-masters-london-2026-r1,5fb950b0174ad6c6c55631bb1f0f9996d4c82254326be9684c08bc47e59bab39,2026-10-06T15:35:06+00:00,270744,Fracture,2359,LEVIATÁN,918,Global Esports,13,11,24,2359
2765,684612,1,international,2026-06-07 12:00:00,12.10,https://www.vlr.gg/684612/leviat-n-vs-global-esports-valorant-masters-london-2026-r1,5fb950b0174ad6c6c55631bb1f0f9996d4c82254326be9684c08bc47e59bab39,2026-10-06T15:35:06+00:00,270745,Split,2359,LEVIATÁN,918,Global Esports,13,9,22,2359
2765,684614,1,international,2026-06-08 10:00:00,12.10,https://www.vlr.gg/684614/team-vitality-vs-fut-esports-valorant-masters-london-2026-r2-1-0,15c78690c679d5c4505298c373b89445b2c9365c9b58e8778bab4ac3c6ab6ba8,2026-10-06T15:35:07+00:00,270749,Pearl,2059,Team Vitality,1184,FUT Esports,13,11,24,2059
2765,684614,1,international,2026-06-08 10:00:00,12.10,https://www.vlr.gg/684614/team-vitality-vs-fut-esports-valorant-masters-london-2026-r2-1-0,15c78690c679d5c4505298c373b89445b2c9365c9b58e8778bab4ac3c6ab6ba8,2026-10-06T15:35:07+00:00,270750,Haven,2059,Team Vitality,1184,FUT Esports,4,13,17,1184
2765,684614,1,international,2026-06-08 10:00:00,12.10,https://www.vlr.gg/684614/team-vitality-vs-fut-esports-valorant-masters-london-2026-r2-1-0,15c78690c679d5c4505298c373b89445b2c9365c9b58e8778bab4ac3c6ab6ba8,2026-10-06T15:35:07+00:00,270751,Fracture,2059,Team Vitality,1184,FUT Esports,13,10,23,2059
2765,684615,1,international,2026-06-08 13:15:00,12.10,https://www.vlr.gg/684615/nrg-vs-leviat-n-valorant-masters-london-2026-r2-1-0,8e4adba4a4ca4605dc9cc520b28f1f78a5f8a6d73df2937e532838cbdecd997f,2026-10-06T15:35:07+00:00,270752,Ascent,1034,NRG,2359,LEVIATÁN,7,13,20,2359
2765,684615,1,international,2026-06-08 13:15:00,12.10,https://www.vlr.gg/684615/nrg-vs-leviat-n-valorant-masters-london-2026-r2-1-0,8e4adba4a4ca4605dc9cc520b28f1f78a5f8a6d73df2937e532838cbdecd997f,2026-10-06T15:35:07+00:00,270753,Lotus,1034,NRG,2359,LEVIATÁN,13,5,18,1034
2765,684615,1,international,2026-06-08 13:15:00,12.10,https://www.vlr.gg/684615/nrg-vs-leviat-n-valorant-masters-london-2026-r2-1-0,8e4adba4a4ca4605dc9cc520b28f1f78a5f8a6d73df2937e532838cbdecd997f,2026-10-06T15:35:07+00:00,270754,Pearl,1034,NRG,2359,LEVIATÁN,8,13,21,2359
2765,684616,1,international,2026-06-09 10:00:00,12.10,https://www.vlr.gg/684616/dragon-ranger-gaming-vs-xi-lai-gaming-valorant-masters-london-2026-r2-0-1,f34ebf75440a485f475025e09eed1d9882cc51ea4d43b8c7969abc730e8546ca,2026-10-06T15:35:08+00:00,270755,Haven,11981,Dragon Ranger Gaming,13581,Xi Lai Gaming,13,4,17,11981
2765,684616,1,international,2026-06-09 10:00:00,12.10,https://www.vlr.gg/684616/dragon-ranger-gaming-vs-xi-lai-gaming-valorant-masters-london-2026-r2-0-1,f34ebf75440a485f475025e09eed1d9882cc51ea4d43b8c7969abc730e8546ca,2026-10-06T15:35:08+00:00,270756,Fracture,11981,Dragon Ranger Gaming,13581,Xi Lai Gaming,9,13,22,13581
2765,684616,1,international,2026-06-09 10:00:00,12.10,https://www.vlr.gg/684616/dragon-ranger-gaming-vs-xi-lai-gaming-valorant-masters-london-2026-r2-0-1,f34ebf75440a485f475025e09eed1d9882cc51ea4d43b8c7969abc730e8546ca,2026-10-06T15:35:08+00:00,270757,Split,11981,Dragon Ranger Gaming,13581,Xi Lai Gaming,11,13,24,13581
2765,684617,1,international,2026-06-09 13:20:00,12.10,https://www.vlr.gg/684617/global-esports-vs-full-sense-valorant-masters-london-2026-r2-0-1,4e1fbc53048fc8d6e8bead4919a4ece8b4b35d1783ca4f6d255ced686450b687,2026-10-06T15:35:09+00:00,270758,Split,918,Global Esports,4050,FULL SENSE,9,13,22,4050
2765,684617,1,international,2026-06-09 13:20:00,12.10,https://www.vlr.gg/684617/global-esports-vs-full-sense-valorant-masters-london-2026-r2-0-1,4e1fbc53048fc8d6e8bead4919a4ece8b4b35d1783ca4f6d255ced686450b687,2026-10-06T15:35:09+00:00,270759,Breeze,918,Global Esports,4050,FULL SENSE,13,8,21,918
2765,684617,1,international,2026-06-09 13:20:00,12.10,https://www.vlr.gg/684617/global-esports-vs-full-sense-valorant-masters-london-2026-r2-0-1,4e1fbc53048fc8d6e8bead4919a4ece8b4b35d1783ca4f6d255ced686450b687,2026-10-06T15:35:09+00:00,270760,Pearl,918,Global Esports,4050,FULL SENSE,13,8,21,918
2765,684619,1,international,2026-06-10 10:00:00,12.10,https://www.vlr.gg/684619/fut-esports-vs-nrg-valorant-masters-london-2026-r3-1-1,cfa035a428754d40768be3a65aab7b676f84ec0d62b8636acd9b040f9b88a4e4,2026-10-06T15:35:10+00:00,270764,Lotus,1184,FUT Esports,1034,NRG,11,13,24,1034
2765,684619,1,international,2026-06-10 10:00:00,12.10,https://www.vlr.gg/684619/fut-esports-vs-nrg-valorant-masters-london-2026-r3-1-1,cfa035a428754d40768be3a65aab7b676f84ec0d62b8636acd9b040f9b88a4e4,2026-10-06T15:35:10+00:00,270765,Haven,1184,FUT Esports,1034,NRG,14,12,26,1184
2765,684619,1,international,2026-06-10 10:00:00,12.10,https://www.vlr.gg/684619/fut-esports-vs-nrg-valorant-masters-london-2026-r3-1-1,cfa035a428754d40768be3a65aab7b676f84ec0d62b8636acd9b040f9b88a4e4,2026-10-06T15:35:10+00:00,270766,Fracture,1184,FUT Esports,1034,NRG,13,11,24,1184
2765,684618,1,international,2026-06-10 13:40:00,12.10,https://www.vlr.gg/684618/global-esports-vs-xi-lai-gaming-valorant-masters-london-2026-r3-1-1,94bc9e864c122db117ab3f7b21ee39f3b9c194e4f898c625780a15404bd65d1d,2026-10-06T15:35:11+00:00,270761,Haven,918,Global Esports,13581,Xi Lai Gaming,13,10,23,918
2765,684618,1,international,2026-06-10 13:40:00,12.10,https://www.vlr.gg/684618/global-esports-vs-xi-lai-gaming-valorant-masters-london-2026-r3-1-1,94bc9e864c122db117ab3f7b21ee39f3b9c194e4f898c625780a15404bd65d1d,2026-10-06T15:35:11+00:00,270762,Lotus,918,Global Esports,13581,Xi Lai Gaming,9,13,22,13581
2765,684618,1,international,2026-06-10 13:40:00,12.10,https://www.vlr.gg/684618/global-esports-vs-xi-lai-gaming-valorant-masters-london-2026-r3-1-1,94bc9e864c122db117ab3f7b21ee39f3b9c194e4f898c625780a15404bd65d1d,2026-10-06T15:35:11+00:00,270763,Breeze,918,Global Esports,13581,Xi Lai Gaming,10,13,23,13581
2765,670466,1,international,2026-06-12 10:00:00,12.10,https://www.vlr.gg/670466/paper-rex-vs-leviat-n-valorant-masters-london-2026-ubqf,7c6656af035c17590903cb96f66180ef38f0762edfd04c0d20b7ea209abc83bf,2026-10-06T15:35:12+00:00,267804,Ascent,624,Paper Rex,2359,LEVIATÁN,13,1,14,624
2765,670466,1,international,2026-06-12 10:00:00,12.10,https://www.vlr.gg/670466/paper-rex-vs-leviat-n-valorant-masters-london-2026-ubqf,7c6656af035c17590903cb96f66180ef38f0762edfd04c0d20b7ea209abc83bf,2026-10-06T15:35:12+00:00,267805,Lotus,624,Paper Rex,2359,LEVIATÁN,13,10,23,624
2765,670467,1,international,2026-06-12 12:00:00,12.10,https://www.vlr.gg/670467/team-heretics-vs-team-vitality-valorant-masters-london-2026-ubqf,5ec754bf95e04bc94b52a80bb41e0d653b0e29717d36bd4b05d92baea3edbb13,2026-10-06T15:35:13+00:00,267807,Breeze,1001,Team Heretics,2059,Team Vitality,6,13,19,2059
2765,670467,1,international,2026-06-12 12:00:00,12.10,https://www.vlr.gg/670467/team-heretics-vs-team-vitality-valorant-masters-london-2026-ubqf,5ec754bf95e04bc94b52a80bb41e0d653b0e29717d36bd4b05d92baea3edbb13,2026-10-06T15:35:13+00:00,267808,Lotus,1001,Team Heretics,2059,Team Vitality,7,13,20,2059
2765,670465,1,international,2026-06-13 10:00:00,12.10,https://www.vlr.gg/670465/edward-gaming-vs-fut-esports-valorant-masters-london-2026-ubqf,002a9d114d260ffc08c4795ec70ad8e41691afada7bfe239bdc39b919f55a11d,2026-10-06T15:35:14+00:00,267801,Haven,1120,EDward Gaming,1184,FUT Esports,4,13,17,1184
2765,670465,1,international,2026-06-13 10:00:00,12.10,https://www.vlr.gg/670465/edward-gaming-vs-fut-esports-valorant-masters-london-2026-ubqf,002a9d114d260ffc08c4795ec70ad8e41691afada7bfe239bdc39b919f55a11d,2026-10-06T15:35:14+00:00,267802,Pearl,1120,EDward Gaming,1184,FUT Esports,14,12,26,1120
2765,670465,1,international,2026-06-13 10:00:00,12.10,https://www.vlr.gg/670465/edward-gaming-vs-fut-esports-valorant-masters-london-2026-ubqf,002a9d114d260ffc08c4795ec70ad8e41691afada7bfe239bdc39b919f55a11d,2026-10-06T15:35:14+00:00,267803,Fracture,1120,EDward Gaming,1184,FUT Esports,13,5,18,1120
2765,670464,1,international,2026-06-13 13:00:00,12.10,https://www.vlr.gg/670464/g2-esports-vs-xi-lai-gaming-valorant-masters-london-2026-ubqf,2ffc118bf5b6c92c7e80c831fd41918648aa6a45a8fb3ce7fd97e27341c2e486,2026-10-06T15:35:15+00:00,267798,Lotus,11058,G2 Esports,13581,Xi Lai Gaming,13,7,20,11058
2765,670464,1,international,2026-06-13 13:00:00,12.10,https://www.vlr.gg/670464/g2-esports-vs-xi-lai-gaming-valorant-masters-london-2026-ubqf,2ffc118bf5b6c92c7e80c831fd41918648aa6a45a8fb3ce7fd97e27341c2e486,2026-10-06T15:35:15+00:00,267799,Ascent,11058,G2 Esports,13581,Xi Lai Gaming,4,13,17,13581
2765,670464,1,international,2026-06-13 13:00:00,12.10,https://www.vlr.gg/670464/g2-esports-vs-xi-lai-gaming-valorant-masters-london-2026-ubqf,2ffc118bf5b6c92c7e80c831fd41918648aa6a45a8fb3ce7fd97e27341c2e486,2026-10-06T15:35:15+00:00,267800,Split,11058,G2 Esports,13581,Xi Lai Gaming,9,13,22,13581
2765,670473,1,international,2026-06-14 10:00:00,12.10,https://www.vlr.gg/670473/leviat-n-vs-team-heretics-valorant-masters-london-2026-lr1,4df450e87e22f90b8fdcc10511eda08534665e8896222397b35f96dcd1513027,2026-10-06T15:35:16+00:00,267827,Split,2359,LEVIATÁN,1001,Team Heretics,13,3,16,2359
2765,670473,1,international,2026-06-14 10:00:00,12.10,https://www.vlr.gg/670473/leviat-n-vs-team-heretics-valorant-masters-london-2026-lr1,4df450e87e22f90b8fdcc10511eda08534665e8896222397b35f96dcd1513027,2026-10-06T15:35:16+00:00,267828,Lotus,2359,LEVIATÁN,1001,Team Heretics,11,13,24,1001
2765,670473,1,international,2026-06-14 10:00:00,12.10,https://www.vlr.gg/670473/leviat-n-vs-team-heretics-valorant-masters-london-2026-lr1,4df450e87e22f90b8fdcc10511eda08534665e8896222397b35f96dcd1513027,2026-10-06T15:35:16+00:00,273204,Ascent,2359,LEVIATÁN,1001,Team Heretics,13,6,19,2359
2765,670472,1,international,2026-06-14 13:00:00,12.10,https://www.vlr.gg/670472/g2-esports-vs-fut-esports-valorant-masters-london-2026-lr1,bd9e7261e85e905109f8d17c6ed5d37c68fa18823b1e74ee32d42ce39a08c3d0,2026-10-06T15:35:17+00:00,267824,Ascent,11058,G2 Esports,1184,FUT Esports,6,13,19,1184
2765,670472,1,international,2026-06-14 13:00:00,12.10,https://www.vlr.gg/670472/g2-esports-vs-fut-esports-valorant-masters-london-2026-lr1,bd9e7261e85e905109f8d17c6ed5d37c68fa18823b1e74ee32d42ce39a08c3d0,2026-10-06T15:35:17+00:00,267825,Lotus,11058,G2 Esports,1184,FUT Esports,13,15,28,1184
2765,670468,1,international,2026-06-15 10:00:00,12.10,https://www.vlr.gg/670468/xi-lai-gaming-vs-edward-gaming-valorant-masters-london-2026-ubsf,d892d3c328020af966a1780284b288b189b603c20575a920c5a4715a1c179de6,2026-10-06T15:35:18+00:00,267810,Lotus,13581,Xi Lai Gaming,1120,EDward Gaming,10,13,23,1120
2765,670468,1,international,2026-06-15 10:00:00,12.10,https://www.vlr.gg/670468/xi-lai-gaming-vs-edward-gaming-valorant-masters-london-2026-ubsf,d892d3c328020af966a1780284b288b189b603c20575a920c5a4715a1c179de6,2026-10-06T15:35:18+00:00,267811,Breeze,13581,Xi Lai Gaming,1120,EDward Gaming,13,10,23,13581
2765,670468,1,international,2026-06-15 10:00:00,12.10,https://www.vlr.gg/670468/xi-lai-gaming-vs-edward-gaming-valorant-masters-london-2026-ubsf,d892d3c328020af966a1780284b288b189b603c20575a920c5a4715a1c179de6,2026-10-06T15:35:18+00:00,267812,Split,13581,Xi Lai Gaming,1120,EDward Gaming,3,13,16,1120
2765,670469,1,international,2026-06-15 13:15:00,12.10,https://www.vlr.gg/670469/paper-rex-vs-team-vitality-valorant-masters-london-2026-ubsf,f3c42cc75771476276fc6b9c0c891d7dc8e458b95c5aebc8af5c5baa3e17e4b3,2026-10-06T15:35:20+00:00,267813,Breeze,624,Paper Rex,2059,Team Vitality,13,3,16,624
2765,670469,1,international,2026-06-15 13:15:00,12.10,https://www.vlr.gg/670469/paper-rex-vs-team-vitality-valorant-masters-london-2026-ubsf,f3c42cc75771476276fc6b9c0c891d7dc8e458b95c5aebc8af5c5baa3e17e4b3,2026-10-06T15:35:20+00:00,267814,Split,624,Paper Rex,2059,Team Vitality,6,13,19,2059
2765,670469,1,international,2026-06-15 13:15:00,12.10,https://www.vlr.gg/670469/paper-rex-vs-team-vitality-valorant-masters-london-2026-ubsf,f3c42cc75771476276fc6b9c0c891d7dc8e458b95c5aebc8af5c5baa3e17e4b3,2026-10-06T15:35:20+00:00,267815,Fracture,624,Paper Rex,2059,Team Vitality,13,6,19,624
2765,670475,1,international,2026-06-16 10:00:00,12.10,https://www.vlr.gg/670475/xi-lai-gaming-vs-leviat-n-valorant-masters-london-2026-lr2,51b85714ed960652056903121a2cf0bc327099360e887e99867ea82a9c2c826e,2026-10-06T15:35:21+00:00,267833,Haven,13581,Xi Lai Gaming,2359,LEVIATÁN,7,13,20,2359
2765,670475,1,international,2026-06-16 10:00:00,12.10,https://www.vlr.gg/670475/xi-lai-gaming-vs-leviat-n-valorant-masters-london-2026-lr2,51b85714ed960652056903121a2cf0bc327099360e887e99867ea82a9c2c826e,2026-10-06T15:35:21+00:00,267834,Lotus,13581,Xi Lai Gaming,2359,LEVIATÁN,3,13,16,2359
2765,670474,1,international,2026-06-16 12:05:00,12.10,https://www.vlr.gg/670474/team-vitality-vs-fut-esports-valorant-masters-london-2026-lr2,c05b85a02c5d8854ac295f21851ab0730a3c0f338313605399bebde2358c0c16,2026-10-06T15:35:22+00:00,267830,Lotus,2059,Team Vitality,1184,FUT Esports,13,7,20,2059
2765,670474,1,international,2026-06-16 12:05:00,12.10,https://www.vlr.gg/670474/team-vitality-vs-fut-esports-valorant-masters-london-2026-lr2,c05b85a02c5d8854ac295f21851ab0730a3c0f338313605399bebde2358c0c16,2026-10-06T15:35:22+00:00,267831,Ascent,2059,Team Vitality,1184,FUT Esports,13,2,15,2059
2962,681928,2,americas,2026-06-17 16:00:00,12.10,https://www.vlr.gg/681928/tbk-esports-vs-tribe-challengers-2026-brazil-gamers-club-stage-2-w7,b35da6f0936682645f2eb539859395867cf8f238c7ed6d0fdeaf488051bc8716,2026-10-06T15:56:32+00:00,270079,Pearl,6946,TBK Esports,20216,TRIBE,13,9,22,6946
2962,681928,2,americas,2026-06-17 16:00:00,12.10,https://www.vlr.gg/681928/tbk-esports-vs-tribe-challengers-2026-brazil-gamers-club-stage-2-w7,b35da6f0936682645f2eb539859395867cf8f238c7ed6d0fdeaf488051bc8716,2026-10-06T15:56:32+00:00,270080,Lotus,6946,TBK Esports,20216,TRIBE,13,9,22,6946
2962,681930,2,americas,2026-06-17 16:00:00,12.10,https://www.vlr.gg/681930/mibr-academy-vs-f4tality-challengers-2026-brazil-gamers-club-stage-2-w7,306bd50a39c1c493f65180934c3bebe57b2a2f0e43e464e9091be163c5a2b27e,2026-10-06T15:56:33+00:00,270082,Haven,16606,MIBR Academy,16068,F4TALITY,13,5,18,16606
2962,681930,2,americas,2026-06-17 16:00:00,12.10,https://www.vlr.gg/681930/mibr-academy-vs-f4tality-challengers-2026-brazil-gamers-club-stage-2-w7,306bd50a39c1c493f65180934c3bebe57b2a2f0e43e464e9091be163c5a2b27e,2026-10-06T15:56:33+00:00,273907,Lotus,16606,MIBR Academy,16068,F4TALITY,13,4,17,16606
2858,688228,2,americas,2026-06-17 16:00:00,12.10,https://www.vlr.gg/688228/division-one-vs-evictix-challengers-2026-north-america-ace-stage-3-r4-1-2,b66c2a13b1a0809d7c79179639691ceef259bac855205e7d38194db175e753e8,2026-10-06T15:38:41+00:00,271696,Breeze,21714,Division One,19914,Evictix,11,13,24,19914
2858,688228,2,americas,2026-06-17 16:00:00,12.10,https://www.vlr.gg/688228/division-one-vs-evictix-challengers-2026-north-america-ace-stage-3-r4-1-2,b66c2a13b1a0809d7c79179639691ceef259bac855205e7d38194db175e753e8,2026-10-06T15:38:41+00:00,271697,Pearl,21714,Division One,19914,Evictix,13,11,24,21714
2858,688228,2,americas,2026-06-17 16:00:00,12.10,https://www.vlr.gg/688228/division-one-vs-evictix-challengers-2026-north-america-ace-stage-3-r4-1-2,b66c2a13b1a0809d7c79179639691ceef259bac855205e7d38194db175e753e8,2026-10-06T15:38:41+00:00,271698,Ascent,21714,Division One,19914,Evictix,12,14,26,19914
2858,688229,2,americas,2026-06-17 16:00:00,12.10,https://www.vlr.gg/688229/alliance-guardians-vs-pigeons-challengers-2026-north-america-ace-stage-3-r4-1-2,434c2cadd4f7585d6cda9a67132ffd87cc3eb299a9a2419bc9bdcd7d027d0bd0,2026-10-06T15:38:42+00:00,271699,Split,16440,Alliance Guardians,16910,Pigeons,7,13,20,16910
2858,688229,2,americas,2026-06-17 16:00:00,12.10,https://www.vlr.gg/688229/alliance-guardians-vs-pigeons-challengers-2026-north-america-ace-stage-3-r4-1-2,434c2cadd4f7585d6cda9a67132ffd87cc3eb299a9a2419bc9bdcd7d027d0bd0,2026-10-06T15:38:42+00:00,271700,Ascent,16440,Alliance Guardians,16910,Pigeons,13,9,22,16440
2858,688229,2,americas,2026-06-17 16:00:00,12.10,https://www.vlr.gg/688229/alliance-guardians-vs-pigeons-challengers-2026-north-america-ace-stage-3-r4-1-2,434c2cadd4f7585d6cda9a67132ffd87cc3eb299a9a2419bc9bdcd7d027d0bd0,2026-10-06T15:38:42+00:00,271701,Haven,16440,Alliance Guardians,16910,Pigeons,13,9,22,16440
2962,681932,2,americas,2026-06-17 19:00:00,12.10,https://www.vlr.gg/681932/furia-academy-vs-peek-challengers-2026-brazil-gamers-club-stage-2-w7,6663ef5df25cd40ddd1c907925c761a747ca3374026c029ad8677745a979e6d2,2026-10-06T15:56:34+00:00,270088,Split,17094,FURIA Academy,16071,PEEK,13,8,21,17094
2962,681932,2,americas,2026-06-17 19:00:00,12.10,https://www.vlr.gg/681932/furia-academy-vs-peek-challengers-2026-brazil-gamers-club-stage-2-w7,6663ef5df25cd40ddd1c907925c761a747ca3374026c029ad8677745a979e6d2,2026-10-06T15:56:34+00:00,270089,Breeze,17094,FURIA Academy,16071,PEEK,13,7,20,17094
2858,688230,2,americas,2026-06-17 19:00:00,12.10,https://www.vlr.gg/688230/dynamo-vs-rose-challengers-2026-north-america-ace-stage-3-r4-0-3,05e60a9732e6f5c04b533919f914d54894ecb32570973a03620c678f0aae3ecb,2026-10-06T15:38:43+00:00,271702,Lotus,19415,Dynamo,11648,ROSE,5,13,18,11648
2858,688230,2,americas,2026-06-17 19:00:00,12.10,https://www.vlr.gg/688230/dynamo-vs-rose-challengers-2026-north-america-ace-stage-3-r4-0-3,05e60a9732e6f5c04b533919f914d54894ecb32570973a03620c678f0aae3ecb,2026-10-06T15:38:43+00:00,271703,Fracture,19415,Dynamo,11648,ROSE,6,13,19,11648
2858,688231,2,americas,2026-06-17 19:00:00,12.10,https://www.vlr.gg/688231/flyquest-vs-evil-geniuses-academy-challengers-2026-north-america-ace-stage-3-r4-1-2,76caa26b847365452e2a732dd114a3a9c8a10f0008a824d697c80b5b7cb84847,2026-10-06T15:38:43+00:00,271705,Split,21838,FlyQuest,21054,Evil Geniuses Academy,10,13,23,21054
2858,688231,2,americas,2026-06-17 19:00:00,12.10,https://www.vlr.gg/688231/flyquest-vs-evil-geniuses-academy-challengers-2026-north-america-ace-stage-3-r4-1-2,76caa26b847365452e2a732dd114a3a9c8a10f0008a824d697c80b5b7cb84847,2026-10-06T15:38:43+00:00,271706,Pearl,21838,FlyQuest,21054,Evil Geniuses Academy,7,13,20,21054
2962,681931,2,americas,2026-06-18 16:00:00,12.10,https://www.vlr.gg/681931/intz-vs-team-ego-challengers-2026-brazil-gamers-club-stage-2-w7,0d37fa2490b1e7bdb7d4340626a300275b866a6dfed7bdc7d6848d0f6894c285,2026-10-06T15:56:36+00:00,270085,Fracture,21089,INTZ,23310,TEAM EGO,21,19,40,21089
2962,681931,2,americas,2026-06-18 16:00:00,12.10,https://www.vlr.gg/681931/intz-vs-team-ego-challengers-2026-brazil-gamers-club-stage-2-w7,0d37fa2490b1e7bdb7d4340626a300275b866a6dfed7bdc7d6848d0f6894c285,2026-10-06T15:56:36+00:00,270086,Lotus,21089,INTZ,23310,TEAM EGO,15,13,28,21089
2962,681933,2,americas,2026-06-18 16:00:00,12.10,https://www.vlr.gg/681933/elevate-vs-team-liquid-brazil-challengers-2026-brazil-gamers-club-stage-2-w7,b3f9e891cca3e8de7978f8b39e9401dbeb3d86b731c52a7c6c4a581588ac12f2,2026-10-06T15:56:36+00:00,270091,Breeze,18622,ELEVATE,7055,Team Liquid Brazil,13,3,16,18622
2962,681933,2,americas,2026-06-18 16:00:00,12.10,https://www.vlr.gg/681933/elevate-vs-team-liquid-brazil-challengers-2026-brazil-gamers-club-stage-2-w7,b3f9e891cca3e8de7978f8b39e9401dbeb3d86b731c52a7c6c4a581588ac12f2,2026-10-06T15:56:36+00:00,270092,Lotus,18622,ELEVATE,7055,Team Liquid Brazil,13,3,16,18622
2858,688232,2,americas,2026-06-18 16:00:00,12.10,https://www.vlr.gg/688232/nightblood-gaming-vs-qor-challengers-2026-north-america-ace-stage-3-r4-2-1,c4c089a5104bd13ff362f04c35ea4a4d1bcb470db4b37cb535428d4f78f3400b,2026-10-06T15:38:44+00:00,271708,Ascent,5601,Nightblood Gaming,6985,QoR,13,10,23,5601
2858,688232,2,americas,2026-06-18 16:00:00,12.10,https://www.vlr.gg/688232/nightblood-gaming-vs-qor-challengers-2026-north-america-ace-stage-3-r4-2-1,c4c089a5104bd13ff362f04c35ea4a4d1bcb470db4b37cb535428d4f78f3400b,2026-10-06T15:38:44+00:00,271709,Lotus,5601,Nightblood Gaming,6985,QoR,14,12,26,5601
2858,688233,2,americas,2026-06-18 16:00:00,12.10,https://www.vlr.gg/688233/shopify-rebellion-black-vs-azure-dragon-gaming-challengers-2026-north-america-ace-stage-3-r4-2,377743072ddb38645f4b5e98da353603ae3c1de07a3466f7ddeda16b49906509,2026-10-06T15:38:45+00:00,271711,Breeze,9353,Shopify Rebellion Black,21053,Azure Dragon Gaming,13,4,17,9353
2858,688233,2,americas,2026-06-18 16:00:00,12.10,https://www.vlr.gg/688233/shopify-rebellion-black-vs-azure-dragon-gaming-challengers-2026-north-america-ace-stage-3-r4-2,377743072ddb38645f4b5e98da353603ae3c1de07a3466f7ddeda16b49906509,2026-10-06T15:38:45+00:00,271712,Haven,9353,Shopify Rebellion Black,21053,Azure Dragon Gaming,13,10,23,9353
2962,681934,2,americas,2026-06-18 17:40:00,12.10,https://www.vlr.gg/681934/red-canids-vs-la-masia-challengers-2026-brazil-gamers-club-stage-2-w7,55c089fe2584f5e5105f0a0c5f00aeddd1cace09dab757918372ff49c3676401,2026-10-06T15:56:37+00:00,270094,Ascent,1124,RED Canids,23312,LA MASIA,13,7,20,1124
2962,681934,2,americas,2026-06-18 17:40:00,12.10,https://www.vlr.gg/681934/red-canids-vs-la-masia-challengers-2026-brazil-gamers-club-stage-2-w7,55c089fe2584f5e5105f0a0c5f00aeddd1cace09dab757918372ff49c3676401,2026-10-06T15:56:37+00:00,270095,Split,1124,RED Canids,23312,LA MASIA,13,11,24,1124
2858,688234,2,americas,2026-06-18 18:00:00,12.10,https://www.vlr.gg/688234/m80-vs-sad-esports-challengers-2026-north-america-ace-stage-3-r4-3-0,62d6dc8a20c725db4d5116fe5ec86f65772c90f9439ee5a7e46e34cc54f0dcf7,2026-10-06T15:38:46+00:00,271714,Lotus,11001,M80,13920,SaD Esports,13,8,21,11001
2858,688234,2,americas,2026-06-18 18:00:00,12.10,https://www.vlr.gg/688234/m80-vs-sad-esports-challengers-2026-north-america-ace-stage-3-r4-3-0,62d6dc8a20c725db4d5116fe5ec86f65772c90f9439ee5a7e46e34cc54f0dcf7,2026-10-06T15:38:46+00:00,271715,Fracture,11001,M80,13920,SaD Esports,9,13,22,13920
2858,688234,2,americas,2026-06-18 18:00:00,12.10,https://www.vlr.gg/688234/m80-vs-sad-esports-challengers-2026-north-america-ace-stage-3-r4-3-0,62d6dc8a20c725db4d5116fe5ec86f65772c90f9439ee5a7e46e34cc54f0dcf7,2026-10-06T15:38:46+00:00,271716,Ascent,11001,M80,13920,SaD Esports,13,8,21,11001
2858,688235,2,americas,2026-06-18 18:00:00,12.10,https://www.vlr.gg/688235/yft-vs-nrg-academy-challengers-2026-north-america-ace-stage-3-r4-2-1,af7aa59fe8dc6e268ce880a075191f302a6b6a276851e7716e479076dc39c54d,2026-10-06T15:38:47+00:00,271717,Haven,22589,YFT,21049,NRG Academy,13,10,23,22589
2858,688235,2,americas,2026-06-18 18:00:00,12.10,https://www.vlr.gg/688235/yft-vs-nrg-academy-challengers-2026-north-america-ace-stage-3-r4-2-1,af7aa59fe8dc6e268ce880a075191f302a6b6a276851e7716e479076dc39c54d,2026-10-06T15:38:47+00:00,271718,Breeze,22589,YFT,21049,NRG Academy,14,16,30,21049
2858,688235,2,americas,2026-06-18 18:00:00,12.10,https://www.vlr.gg/688235/yft-vs-nrg-academy-challengers-2026-north-america-ace-stage-3-r4-2-1,af7aa59fe8dc6e268ce880a075191f302a6b6a276851e7716e479076dc39c54d,2026-10-06T15:38:47+00:00,271719,Lotus,22589,YFT,21049,NRG Academy,9,13,22,21049
2765,670470,1,international,2026-06-19 09:00:00,12.10,https://www.vlr.gg/670470/edward-gaming-vs-paper-rex-valorant-masters-london-2026-ubf,d4f1a68b31524223edfdecfaecc8b50b2927e44ed6a2920cc77de78f6dce1838,2026-10-06T15:35:23+00:00,267816,Breeze,1120,EDward Gaming,624,Paper Rex,15,13,28,1120
2765,670470,1,international,2026-06-19 09:00:00,12.10,https://www.vlr.gg/670470/edward-gaming-vs-paper-rex-valorant-masters-london-2026-ubf,d4f1a68b31524223edfdecfaecc8b50b2927e44ed6a2920cc77de78f6dce1838,2026-10-06T15:35:23+00:00,267817,Fracture,1120,EDward Gaming,624,Paper Rex,12,14,26,624
2765,670470,1,international,2026-06-19 09:00:00,12.10,https://www.vlr.gg/670470/edward-gaming-vs-paper-rex-valorant-masters-london-2026-ubf,d4f1a68b31524223edfdecfaecc8b50b2927e44ed6a2920cc77de78f6dce1838,2026-10-06T15:35:23+00:00,267818,Split,1120,EDward Gaming,624,Paper Rex,6,13,19,624
2765,670476,1,international,2026-06-19 12:35:00,12.10,https://www.vlr.gg/670476/team-vitality-vs-leviat-n-valorant-masters-london-2026-lr3,2858ecacd8141e5f515c9cd1d0c1fcbdc230aff84048de3b5a99be0765696d6c,2026-10-06T15:35:25+00:00,267836,Lotus,2059,Team Vitality,2359,LEVIATÁN,4,13,17,2359
2765,670476,1,international,2026-06-19 12:35:00,12.10,https://www.vlr.gg/670476/team-vitality-vs-leviat-n-valorant-masters-london-2026-lr3,2858ecacd8141e5f515c9cd1d0c1fcbdc230aff84048de3b5a99be0765696d6c,2026-10-06T15:35:25+00:00,267837,Split,2059,Team Vitality,2359,LEVIATÁN,4,13,17,2359
2765,670477,1,international,2026-06-20 09:00:00,12.10,https://www.vlr.gg/670477/edward-gaming-vs-leviat-n-valorant-masters-london-2026-lbf,ab1a3d371572f400699b048e782326a7f7cf459cab714491b744e8f2f327cbfa,2026-10-06T15:35:26+00:00,267839,Haven,1120,EDward Gaming,2359,LEVIATÁN,5,13,18,2359
2765,670477,1,international,2026-06-20 09:00:00,12.10,https://www.vlr.gg/670477/edward-gaming-vs-leviat-n-valorant-masters-london-2026-lbf,ab1a3d371572f400699b048e782326a7f7cf459cab714491b744e8f2f327cbfa,2026-10-06T15:35:26+00:00,267840,Pearl,1120,EDward Gaming,2359,LEVIATÁN,9,13,22,2359
2765,670477,1,international,2026-06-20 09:00:00,12.10,https://www.vlr.gg/670477/edward-gaming-vs-leviat-n-valorant-masters-london-2026-lbf,ab1a3d371572f400699b048e782326a7f7cf459cab714491b744e8f2f327cbfa,2026-10-06T15:35:26+00:00,267841,Split,1120,EDward Gaming,2359,LEVIATÁN,11,13,24,2359
2765,670471,1,international,2026-06-21 10:20:00,12.10,https://www.vlr.gg/670471/paper-rex-vs-leviat-n-valorant-masters-london-2026-gf,2ce954aea52e5f6b7a0ce4018f73bc6cea7d6ea5fb296600618a9fb38c44ecd5,2026-10-06T15:35:28+00:00,267819,Fracture,624,Paper Rex,2359,LEVIATÁN,13,2,15,624
2765,670471,1,international,2026-06-21 10:20:00,12.10,https://www.vlr.gg/670471/paper-rex-vs-leviat-n-valorant-masters-london-2026-gf,2ce954aea52e5f6b7a0ce4018f73bc6cea7d6ea5fb296600618a9fb38c44ecd5,2026-10-06T15:35:28+00:00,267820,Split,624,Paper Rex,2359,LEVIATÁN,6,13,19,2359
2765,670471,1,international,2026-06-21 10:20:00,12.10,https://www.vlr.gg/670471/paper-rex-vs-leviat-n-valorant-masters-london-2026-gf,2ce954aea52e5f6b7a0ce4018f73bc6cea7d6ea5fb296600618a9fb38c44ecd5,2026-10-06T15:35:28+00:00,267821,Breeze,624,Paper Rex,2359,LEVIATÁN,13,11,24,624
2765,670471,1,international,2026-06-21 10:20:00,12.10,https://www.vlr.gg/670471/paper-rex-vs-leviat-n-valorant-masters-london-2026-gf,2ce954aea52e5f6b7a0ce4018f73bc6cea7d6ea5fb296600618a9fb38c44ecd5,2026-10-06T15:35:28+00:00,267822,Ascent,624,Paper Rex,2359,LEVIATÁN,10,13,23,2359
2765,670471,1,international,2026-06-21 10:20:00,12.10,https://www.vlr.gg/670471/paper-rex-vs-leviat-n-valorant-masters-london-2026-gf,2ce954aea52e5f6b7a0ce4018f73bc6cea7d6ea5fb296600618a9fb38c44ecd5,2026-10-06T15:35:28+00:00,267823,Lotus,624,Paper Rex,2359,LEVIATÁN,5,13,18,2359
3016,688432,2,emea,2026-06-22 11:00:00,12.11,https://www.vlr.gg/688432/natus-vincere-junior-vs-be-ikta-esports-challengers-2026-emea-stage-3-opening-a,774da7c3e46e23bcefec230502cfdf513248c025332708fcdd5cbc45c9dd0fe1,2026-10-06T15:57:19+00:00,271816,Breeze,21715,Natus Vincere Junior,2036,Beşiktaş Esports,13,10,23,21715
3016,688432,2,emea,2026-06-22 11:00:00,12.11,https://www.vlr.gg/688432/natus-vincere-junior-vs-be-ikta-esports-challengers-2026-emea-stage-3-opening-a,774da7c3e46e23bcefec230502cfdf513248c025332708fcdd5cbc45c9dd0fe1,2026-10-06T15:57:19+00:00,271817,Ascent,21715,Natus Vincere Junior,2036,Beşiktaş Esports,13,4,17,21715
3016,688437,2,emea,2026-06-22 11:00:00,12.11,https://www.vlr.gg/688437/enterprise-esports-vs-bar-a-esports-challengers-2026-emea-stage-3-opening-b,410b59f0f8125f5f58e3ab883eacd4a80b2c8bb279b20675ee9a7868de24de37,2026-10-06T15:57:20+00:00,271831,Fracture,876,Enterprise Esports,14461,Barça eSports,14,12,26,876
3016,688437,2,emea,2026-06-22 11:00:00,12.11,https://www.vlr.gg/688437/enterprise-esports-vs-bar-a-esports-challengers-2026-emea-stage-3-opening-b,410b59f0f8125f5f58e3ab883eacd4a80b2c8bb279b20675ee9a7868de24de37,2026-10-06T15:57:20+00:00,271832,Ascent,876,Enterprise Esports,14461,Barça eSports,13,8,21,876
3016,688442,2,emea,2026-06-22 13:30:00,12.11,https://www.vlr.gg/688442/ucam-esports-club-vs-pixel-lumina-challengers-2026-emea-stage-3-opening-c,7bd5508e016a85bb5640fd928f3fbfd42e7c090956d12573ebc625e2be1b608d,2026-10-06T15:57:21+00:00,271846,Lotus,4616,UCAM Esports Club,17177,Pixel Lumina,6,13,19,17177
3016,688442,2,emea,2026-06-22 13:30:00,12.11,https://www.vlr.gg/688442/ucam-esports-club-vs-pixel-lumina-challengers-2026-emea-stage-3-opening-c,7bd5508e016a85bb5640fd928f3fbfd42e7c090956d12573ebc625e2be1b608d,2026-10-06T15:57:21+00:00,271847,Ascent,4616,UCAM Esports Club,17177,Pixel Lumina,13,7,20,4616
3016,688442,2,emea,2026-06-22 13:30:00,12.11,https://www.vlr.gg/688442/ucam-esports-club-vs-pixel-lumina-challengers-2026-emea-stage-3-opening-c,7bd5508e016a85bb5640fd928f3fbfd42e7c090956d12573ebc625e2be1b608d,2026-10-06T15:57:21+00:00,271848,Pearl,4616,UCAM Esports Club,17177,Pixel Lumina,14,12,26,4616
3016,688447,2,emea,2026-06-22 13:30:00,12.11,https://www.vlr.gg/688447/reborn-vs-ghools-esports-challengers-2026-emea-stage-3-opening-d,c7cb4628a912b123714374226312d55a579c4afe802a5857b8a02d32a5e7d75d,2026-10-06T15:57:22+00:00,271861,Split,21841,REBORN,13589,Ghools Esports,13,3,16,21841
3016,688447,2,emea,2026-06-22 13:30:00,12.11,https://www.vlr.gg/688447/reborn-vs-ghools-esports-challengers-2026-emea-stage-3-opening-d,c7cb4628a912b123714374226312d55a579c4afe802a5857b8a02d32a5e7d75d,2026-10-06T15:57:22+00:00,271862,Fracture,21841,REBORN,13589,Ghools Esports,13,3,16,21841
2962,701175,2,americas,2026-06-22 16:00:00,12.11,https://www.vlr.gg/701175/elevate-vs-f4tality-challengers-2026-brazil-gamers-club-stage-2-ro6,ca612e9a61359511be2edc6eb84111fcdcb9156cd864f8fe67d7d545d5adad3a,2026-10-06T15:56:38+00:00,274049,Split,18622,ELEVATE,16068,F4TALITY,5,13,18,16068
2962,701175,2,americas,2026-06-22 16:00:00,12.11,https://www.vlr.gg/701175/elevate-vs-f4tality-challengers-2026-brazil-gamers-club-stage-2-ro6,ca612e9a61359511be2edc6eb84111fcdcb9156cd864f8fe67d7d545d5adad3a,2026-10-06T15:56:38+00:00,274050,Lotus,18622,ELEVATE,16068,F4TALITY,13,7,20,18622
2962,701175,2,americas,2026-06-22 16:00:00,12.11,https://www.vlr.gg/701175/elevate-vs-f4tality-challengers-2026-brazil-gamers-club-stage-2-ro6,ca612e9a61359511be2edc6eb84111fcdcb9156cd864f8fe67d7d545d5adad3a,2026-10-06T15:56:38+00:00,274051,Pearl,18622,ELEVATE,16068,F4TALITY,12,14,26,16068
2962,701174,2,americas,2026-06-22 18:00:00,12.11,https://www.vlr.gg/701174/team-solid-vs-intz-challengers-2026-brazil-gamers-club-stage-2-ro6,dfe9194e14e36bd3f0c223a41554b6c7b5d7189f6f770a12c6415111195471dc,2026-10-06T15:56:39+00:00,274046,Breeze,19265,Team Solid,21089,INTZ,13,9,22,19265
2962,701174,2,americas,2026-06-22 18:00:00,12.11,https://www.vlr.gg/701174/team-solid-vs-intz-challengers-2026-brazil-gamers-club-stage-2-ro6,dfe9194e14e36bd3f0c223a41554b6c7b5d7189f6f770a12c6415111195471dc,2026-10-06T15:56:39+00:00,274047,Haven,19265,Team Solid,21089,INTZ,10,13,23,21089
2962,701174,2,americas,2026-06-22 18:00:00,12.11,https://www.vlr.gg/701174/team-solid-vs-intz-challengers-2026-brazil-gamers-club-stage-2-ro6,dfe9194e14e36bd3f0c223a41554b6c7b5d7189f6f770a12c6415111195471dc,2026-10-06T15:56:39+00:00,274048,Lotus,19265,Team Solid,21089,INTZ,3,13,16,21089
3016,688433,2,emea,2026-06-23 11:00:00,12.11,https://www.vlr.gg/688433/mandatory-vs-alqadsiah-esports-challengers-2026-emea-stage-3-opening-a,d0c7983710cf10428023b3acfdcdf7c9e49a666f697d74d1f2c3db48a8a565b3,2026-10-06T15:57:23+00:00,271819,Haven,7967,Mandatory,16598,AlQadsiah Esports,13,2,15,7967
3016,688433,2,emea,2026-06-23 11:00:00,12.11,https://www.vlr.gg/688433/mandatory-vs-alqadsiah-esports-challengers-2026-emea-stage-3-opening-a,d0c7983710cf10428023b3acfdcdf7c9e49a666f697d74d1f2c3db48a8a565b3,2026-10-06T15:57:23+00:00,271820,Lotus,7967,Mandatory,16598,AlQadsiah Esports,13,3,16,7967
3016,688438,2,emea,2026-06-23 11:00:00,12.11,https://www.vlr.gg/688438/joblife-vs-cgn-esports-challengers-2026-emea-stage-3-opening-b,b085dcfc51fa1c126a4d54db031bfd500f5acb36e781aea99c74bec55c6ad066,2026-10-06T15:57:24+00:00,271834,Ascent,11232,Joblife,5214,CGN Esports,14,12,26,11232
3016,688438,2,emea,2026-06-23 11:00:00,12.11,https://www.vlr.gg/688438/joblife-vs-cgn-esports-challengers-2026-emea-stage-3-opening-b,b085dcfc51fa1c126a4d54db031bfd500f5acb36e781aea99c74bec55c6ad066,2026-10-06T15:57:24+00:00,271835,Fracture,11232,Joblife,5214,CGN Esports,13,7,20,11232
3016,688443,2,emea,2026-06-23 13:30:00,12.11,https://www.vlr.gg/688443/fokus-vs-mir-challengers-2026-emea-stage-3-opening-c,471835ba8f0a4a7058c98967cb98789e667e60f0f78e56bea32ffe4d9788182b,2026-10-06T15:57:25+00:00,271849,Lotus,6882,FOKUS,17945,MIR,11,13,24,17945
3016,688443,2,emea,2026-06-23 13:30:00,12.11,https://www.vlr.gg/688443/fokus-vs-mir-challengers-2026-emea-stage-3-opening-c,471835ba8f0a4a7058c98967cb98789e667e60f0f78e56bea32ffe4d9788182b,2026-10-06T15:57:25+00:00,271850,Pearl,6882,FOKUS,17945,MIR,13,8,21,6882
3016,688443,2,emea,2026-06-23 13:30:00,12.11,https://www.vlr.gg/688443/fokus-vs-mir-challengers-2026-emea-stage-3-opening-c,471835ba8f0a4a7058c98967cb98789e667e60f0f78e56bea32ffe4d9788182b,2026-10-06T15:57:25+00:00,271851,Breeze,6882,FOKUS,17945,MIR,12,14,26,17945
3016,688448,2,emea,2026-06-23 13:30:00,12.11,https://www.vlr.gg/688448/team-liquid-academy-vs-misa-esports-challengers-2026-emea-stage-3-opening-d,74f801be2452c5e5043cb7cf9c9c22640ebc82fb472f12bb24ef0680cf6d7f26,2026-10-06T15:57:27+00:00,271864,Lotus,17297,Team Liquid Academy,19218,Misa Esports,13,11,24,17297
3016,688448,2,emea,2026-06-23 13:30:00,12.11,https://www.vlr.gg/688448/team-liquid-academy-vs-misa-esports-challengers-2026-emea-stage-3-opening-d,74f801be2452c5e5043cb7cf9c9c22640ebc82fb472f12bb24ef0680cf6d7f26,2026-10-06T15:57:27+00:00,271865,Haven,17297,Team Liquid Academy,19218,Misa Esports,12,14,26,19218
3016,688448,2,emea,2026-06-23 13:30:00,12.11,https://www.vlr.gg/688448/team-liquid-academy-vs-misa-esports-challengers-2026-emea-stage-3-opening-d,74f801be2452c5e5043cb7cf9c9c22640ebc82fb472f12bb24ef0680cf6d7f26,2026-10-06T15:57:27+00:00,271866,Split,17297,Team Liquid Academy,19218,Misa Esports,4,13,17,19218
2962,701177,2,americas,2026-06-23 16:00:00,12.11,https://www.vlr.gg/701177/f4tality-vs-tbk-esports-challengers-2026-brazil-gamers-club-stage-2-ubsf,b51026d2cbcf7d20fec6e482910cf6f7d76b01a30fc22f14ce53a1abd7f1d60f,2026-10-06T15:56:40+00:00,274055,Ascent,16068,F4TALITY,6946,TBK Esports,13,6,19,16068
2962,701177,2,americas,2026-06-23 16:00:00,12.11,https://www.vlr.gg/701177/f4tality-vs-tbk-esports-challengers-2026-brazil-gamers-club-stage-2-ubsf,b51026d2cbcf7d20fec6e482910cf6f7d76b01a30fc22f14ce53a1abd7f1d60f,2026-10-06T15:56:40+00:00,274056,Lotus,16068,F4TALITY,6946,TBK Esports,13,3,16,16068
2962,701176,2,americas,2026-06-23 18:00:00,12.11,https://www.vlr.gg/701176/la-masia-vs-intz-challengers-2026-brazil-gamers-club-stage-2-ubsf,e39ef12ffd7a1eb47a58cad8de7c85ad04c97da08af22f2fb89de5772c9a83b6,2026-10-06T15:56:41+00:00,274052,Pearl,23312,LA MASIA,21089,INTZ,2,13,15,21089
2962,701176,2,americas,2026-06-23 18:00:00,12.11,https://www.vlr.gg/701176/la-masia-vs-intz-challengers-2026-brazil-gamers-club-stage-2-ubsf,e39ef12ffd7a1eb47a58cad8de7c85ad04c97da08af22f2fb89de5772c9a83b6,2026-10-06T15:56:41+00:00,274053,Split,23312,LA MASIA,21089,INTZ,13,9,22,23312
2962,701176,2,americas,2026-06-23 18:00:00,12.11,https://www.vlr.gg/701176/la-masia-vs-intz-challengers-2026-brazil-gamers-club-stage-2-ubsf,e39ef12ffd7a1eb47a58cad8de7c85ad04c97da08af22f2fb89de5772c9a83b6,2026-10-06T15:56:41+00:00,274054,Lotus,23312,LA MASIA,21089,INTZ,13,7,20,23312
3016,688434,2,emea,2026-06-24 11:00:00,12.11,https://www.vlr.gg/688434/natus-vincere-junior-vs-mandatory-challengers-2026-emea-stage-3-winners-a,5c1edb1724c2cb31dde952baf1e68be4fda7484cf8854161a887ab1d609ef10b,2026-10-06T15:57:29+00:00,271822,Haven,21715,Natus Vincere Junior,7967,Mandatory,8,13,21,7967
3016,688434,2,emea,2026-06-24 11:00:00,12.11,https://www.vlr.gg/688434/natus-vincere-junior-vs-mandatory-challengers-2026-emea-stage-3-winners-a,5c1edb1724c2cb31dde952baf1e68be4fda7484cf8854161a887ab1d609ef10b,2026-10-06T15:57:29+00:00,271823,Ascent,21715,Natus Vincere Junior,7967,Mandatory,13,10,23,21715
3016,688434,2,emea,2026-06-24 11:00:00,12.11,https://www.vlr.gg/688434/natus-vincere-junior-vs-mandatory-challengers-2026-emea-stage-3-winners-a,5c1edb1724c2cb31dde952baf1e68be4fda7484cf8854161a887ab1d609ef10b,2026-10-06T15:57:29+00:00,271824,Breeze,21715,Natus Vincere Junior,7967,Mandatory,13,8,21,21715
3016,688439,2,emea,2026-06-24 11:00:00,12.11,https://www.vlr.gg/688439/enterprise-esports-vs-joblife-challengers-2026-emea-stage-3-winners-b,00e1027132c1e26a37896672baa29771fba4a5bfa2dafae723dcb31317adc1da,2026-10-06T15:57:30+00:00,271837,Pearl,876,Enterprise Esports,11232,Joblife,16,14,30,876
3016,688439,2,emea,2026-06-24 11:00:00,12.11,https://www.vlr.gg/688439/enterprise-esports-vs-joblife-challengers-2026-emea-stage-3-winners-b,00e1027132c1e26a37896672baa29771fba4a5bfa2dafae723dcb31317adc1da,2026-10-06T15:57:30+00:00,271838,Lotus,876,Enterprise Esports,11232,Joblife,9,13,22,11232
3016,688439,2,emea,2026-06-24 11:00:00,12.11,https://www.vlr.gg/688439/enterprise-esports-vs-joblife-challengers-2026-emea-stage-3-winners-b,00e1027132c1e26a37896672baa29771fba4a5bfa2dafae723dcb31317adc1da,2026-10-06T15:57:30+00:00,271839,Fracture,876,Enterprise Esports,11232,Joblife,13,1,14,876
3016,688444,2,emea,2026-06-24 13:30:00,12.11,https://www.vlr.gg/688444/ucam-esports-club-vs-mir-challengers-2026-emea-stage-3-winners-c,709310338f4503d2acf9fb1ecda662d67675e420cd440c0aa7c0351c9ba00aee,2026-10-06T15:57:33+00:00,271852,Fracture,4616,UCAM Esports Club,17945,MIR,13,10,23,4616
3016,688444,2,emea,2026-06-24 13:30:00,12.11,https://www.vlr.gg/688444/ucam-esports-club-vs-mir-challengers-2026-emea-stage-3-winners-c,709310338f4503d2acf9fb1ecda662d67675e420cd440c0aa7c0351c9ba00aee,2026-10-06T15:57:33+00:00,271854,Split,4616,UCAM Esports Club,17945,MIR,3,13,16,17945
3016,688444,2,emea,2026-06-24 13:30:00,12.11,https://www.vlr.gg/688444/ucam-esports-club-vs-mir-challengers-2026-emea-stage-3-winners-c,709310338f4503d2acf9fb1ecda662d67675e420cd440c0aa7c0351c9ba00aee,2026-10-06T15:57:33+00:00,274856,Lotus,4616,UCAM Esports Club,17945,MIR,4,13,17,17945
3016,688449,2,emea,2026-06-24 13:30:00,12.11,https://www.vlr.gg/688449/reborn-vs-misa-esports-challengers-2026-emea-stage-3-winners-d,1708a4a8a818047a4fda9095c65f527b18b688c8c041f660a0bb889c5a30f7cd,2026-10-06T15:57:34+00:00,271867,Haven,21841,REBORN,19218,Misa Esports,13,8,21,21841
3016,688449,2,emea,2026-06-24 13:30:00,12.11,https://www.vlr.gg/688449/reborn-vs-misa-esports-challengers-2026-emea-stage-3-winners-d,1708a4a8a818047a4fda9095c65f527b18b688c8c041f660a0bb889c5a30f7cd,2026-10-06T15:57:34+00:00,271868,Split,21841,REBORN,19218,Misa Esports,13,8,21,21841
2858,701226,2,americas,2026-06-24 16:00:00,12.11,https://www.vlr.gg/701226/azure-dragon-gaming-vs-alliance-guardians-challengers-2026-north-america-ace-stage-3-r5-2-2,e0b74e5f551e6f8a2602155bf8e4d943753ce159002f8706c45f80055db47150,2026-10-06T15:38:47+00:00,274075,Ascent,21053,Azure Dragon Gaming,16440,Alliance Guardians,13,3,16,21053
2858,701226,2,americas,2026-06-24 16:00:00,12.11,https://www.vlr.gg/701226/azure-dragon-gaming-vs-alliance-guardians-challengers-2026-north-america-ace-stage-3-r5-2-2,e0b74e5f551e6f8a2602155bf8e4d943753ce159002f8706c45f80055db47150,2026-10-06T15:38:47+00:00,274076,Lotus,21053,Azure Dragon Gaming,16440,Alliance Guardians,8,13,21,16440
2858,701226,2,americas,2026-06-24 16:00:00,12.11,https://www.vlr.gg/701226/azure-dragon-gaming-vs-alliance-guardians-challengers-2026-north-america-ace-stage-3-r5-2-2,e0b74e5f551e6f8a2602155bf8e4d943753ce159002f8706c45f80055db47150,2026-10-06T15:38:47+00:00,274077,Split,21053,Azure Dragon Gaming,16440,Alliance Guardians,13,9,22,21053
2858,701227,2,americas,2026-06-24 16:00:00,12.11,https://www.vlr.gg/701227/qor-vs-evictix-challengers-2026-north-america-ace-stage-3-r5-2-2,9d938d26e1ae10ae8dae9ff80f024c105066015752476768b795259d819533f7,2026-10-06T15:38:48+00:00,274078,Breeze,6985,QoR,19914,Evictix,9,13,22,19914
2858,701227,2,americas,2026-06-24 16:00:00,12.11,https://www.vlr.gg/701227/qor-vs-evictix-challengers-2026-north-america-ace-stage-3-r5-2-2,9d938d26e1ae10ae8dae9ff80f024c105066015752476768b795259d819533f7,2026-10-06T15:38:48+00:00,274079,Split,6985,QoR,19914,Evictix,13,8,21,6985
2858,701227,2,americas,2026-06-24 16:00:00,12.11,https://www.vlr.gg/701227/qor-vs-evictix-challengers-2026-north-america-ace-stage-3-r5-2-2,9d938d26e1ae10ae8dae9ff80f024c105066015752476768b795259d819533f7,2026-10-06T15:38:48+00:00,274080,Ascent,6985,QoR,19914,Evictix,13,11,24,6985
2858,701228,2,americas,2026-06-24 18:50:00,12.11,https://www.vlr.gg/701228/flyquest-vs-division-one-challengers-2026-north-america-ace-stage-3-r5-1-3,1bae992d9a862a6c2192bafef5c62f9121025ac1f007dd7a131dccb52c229af0,2026-10-06T15:38:49+00:00,274081,Ascent,21838,FlyQuest,21714,Division One,7,13,20,21714
2858,701228,2,americas,2026-06-24 18:50:00,12.11,https://www.vlr.gg/701228/flyquest-vs-division-one-challengers-2026-north-america-ace-stage-3-r5-1-3,1bae992d9a862a6c2192bafef5c62f9121025ac1f007dd7a131dccb52c229af0,2026-10-06T15:38:49+00:00,274082,Haven,21838,FlyQuest,21714,Division One,13,15,28,21714
2858,701229,2,americas,2026-06-24 18:50:00,12.11,https://www.vlr.gg/701229/rose-vs-pigeons-challengers-2026-north-america-ace-stage-3-r5-1-3,bb6b76e96f999e7bffd0d4b333d80a2e913ff087573d9290d92b0d15ddde0c90,2026-10-06T15:38:50+00:00,274084,Fracture,11648,ROSE,16910,Pigeons,7,13,20,16910
2858,701229,2,americas,2026-06-24 18:50:00,12.11,https://www.vlr.gg/701229/rose-vs-pigeons-challengers-2026-north-america-ace-stage-3-r5-1-3,bb6b76e96f999e7bffd0d4b333d80a2e913ff087573d9290d92b0d15ddde0c90,2026-10-06T15:38:50+00:00,274085,Lotus,11648,ROSE,16910,Pigeons,7,13,20,16910
3016,688435,2,emea,2026-06-25 11:00:00,12.11,https://www.vlr.gg/688435/be-ikta-esports-vs-alqadsiah-esports-challengers-2026-emea-stage-3-elim-a,04b9a0ea18b1f490adeab0e65714e4de180c7adc17a73c00afaad01a98a3347c,2026-10-06T15:57:35+00:00,271825,Ascent,2036,Beşiktaş Esports,16598,AlQadsiah Esports,13,4,17,2036
3016,688435,2,emea,2026-06-25 11:00:00,12.11,https://www.vlr.gg/688435/be-ikta-esports-vs-alqadsiah-esports-challengers-2026-emea-stage-3-elim-a,04b9a0ea18b1f490adeab0e65714e4de180c7adc17a73c00afaad01a98a3347c,2026-10-06T15:57:35+00:00,271826,Lotus,2036,Beşiktaş Esports,16598,AlQadsiah Esports,12,14,26,16598
3016,688435,2,emea,2026-06-25 11:00:00,12.11,https://www.vlr.gg/688435/be-ikta-esports-vs-alqadsiah-esports-challengers-2026-emea-stage-3-elim-a,04b9a0ea18b1f490adeab0e65714e4de180c7adc17a73c00afaad01a98a3347c,2026-10-06T15:57:35+00:00,271827,Haven,2036,Beşiktaş Esports,16598,AlQadsiah Esports,14,12,26,2036
3016,688440,2,emea,2026-06-25 11:00:00,12.11,https://www.vlr.gg/688440/bar-a-esports-vs-cgn-esports-challengers-2026-emea-stage-3-elim-b,a4481e1e98f193d548fc4ed9358d89de2d6232faa8dd969046704d5b666c6cb0,2026-10-06T15:57:37+00:00,271840,Fracture,14461,Barça eSports,5214,CGN Esports,10,13,23,5214
3016,688440,2,emea,2026-06-25 11:00:00,12.11,https://www.vlr.gg/688440/bar-a-esports-vs-cgn-esports-challengers-2026-emea-stage-3-elim-b,a4481e1e98f193d548fc4ed9358d89de2d6232faa8dd969046704d5b666c6cb0,2026-10-06T15:57:37+00:00,271841,Ascent,14461,Barça eSports,5214,CGN Esports,13,10,23,14461
3016,688440,2,emea,2026-06-25 11:00:00,12.11,https://www.vlr.gg/688440/bar-a-esports-vs-cgn-esports-challengers-2026-emea-stage-3-elim-b,a4481e1e98f193d548fc4ed9358d89de2d6232faa8dd969046704d5b666c6cb0,2026-10-06T15:57:37+00:00,271842,Split,14461,Barça eSports,5214,CGN Esports,13,4,17,14461
3016,688445,2,emea,2026-06-25 14:15:00,12.11,https://www.vlr.gg/688445/pixel-lumina-vs-fokus-challengers-2026-emea-stage-3-elim-c,c5dc359859875966fcdb2f000aab5873a62527f7efd6fb2019921145f5457943,2026-10-06T15:57:38+00:00,271855,Pearl,17177,Pixel Lumina,6882,FOKUS,9,13,22,6882
3016,688445,2,emea,2026-06-25 14:15:00,12.11,https://www.vlr.gg/688445/pixel-lumina-vs-fokus-challengers-2026-emea-stage-3-elim-c,c5dc359859875966fcdb2f000aab5873a62527f7efd6fb2019921145f5457943,2026-10-06T15:57:38+00:00,271856,Haven,17177,Pixel Lumina,6882,FOKUS,13,7,20,17177
3016,688445,2,emea,2026-06-25 14:15:00,12.11,https://www.vlr.gg/688445/pixel-lumina-vs-fokus-challengers-2026-emea-stage-3-elim-c,c5dc359859875966fcdb2f000aab5873a62527f7efd6fb2019921145f5457943,2026-10-06T15:57:38+00:00,271857,Split,17177,Pixel Lumina,6882,FOKUS,8,13,21,6882
3016,688450,2,emea,2026-06-25 14:15:00,12.11,https://www.vlr.gg/688450/ghools-esports-vs-team-liquid-academy-challengers-2026-emea-stage-3-elim-d,7aca683cb6aae9fb67bbfa2455d163968fbab1ff7f31fe06c6dc58c80df69da0,2026-10-06T15:57:39+00:00,271870,Split,13589,Ghools Esports,17297,Team Liquid Academy,11,13,24,17297
3016,688450,2,emea,2026-06-25 14:15:00,12.11,https://www.vlr.gg/688450/ghools-esports-vs-team-liquid-academy-challengers-2026-emea-stage-3-elim-d,7aca683cb6aae9fb67bbfa2455d163968fbab1ff7f31fe06c6dc58c80df69da0,2026-10-06T15:57:39+00:00,271871,Lotus,13589,Ghools Esports,17297,Team Liquid Academy,9,13,22,17297
2962,701180,2,americas,2026-06-25 16:00:00,12.11,https://www.vlr.gg/701180/team-solid-vs-tbk-esports-challengers-2026-brazil-gamers-club-stage-2-lr1,e0f30651df9a3fb8759042c572b65b0a422ce1877de1074fa61ba63583703bdf,2026-10-06T15:56:42+00:00,274064,Ascent,19265,Team Solid,6946,TBK Esports,14,12,26,19265
2962,701180,2,americas,2026-06-25 16:00:00,12.11,https://www.vlr.gg/701180/team-solid-vs-tbk-esports-challengers-2026-brazil-gamers-club-stage-2-lr1,e0f30651df9a3fb8759042c572b65b0a422ce1877de1074fa61ba63583703bdf,2026-10-06T15:56:42+00:00,274065,Lotus,19265,Team Solid,6946,TBK Esports,13,9,22,19265
2858,701230,2,americas,2026-06-25 16:00:00,12.11,https://www.vlr.gg/701230/nrg-academy-vs-shopify-rebellion-black-challengers-2026-north-america-ace-stage-3-r5-3-1,89d0306f30c79fce239f68f94eee31b2be03a80c73f3ee3f145ddbec1ca69812,2026-10-06T15:38:50+00:00,274087,Breeze,21049,NRG Academy,9353,Shopify Rebellion Black,8,13,21,9353
2858,701230,2,americas,2026-06-25 16:00:00,12.11,https://www.vlr.gg/701230/nrg-academy-vs-shopify-rebellion-black-challengers-2026-north-america-ace-stage-3-r5-3-1,89d0306f30c79fce239f68f94eee31b2be03a80c73f3ee3f145ddbec1ca69812,2026-10-06T15:38:50+00:00,274088,Ascent,21049,NRG Academy,9353,Shopify Rebellion Black,3,13,16,9353
2858,701231,2,americas,2026-06-25 16:00:00,12.11,https://www.vlr.gg/701231/nightblood-gaming-vs-sad-esports-challengers-2026-north-america-ace-stage-3-r5-3-1,8965a78c2088da2c24174a1295d58093d14797ead1f212689f8722306af5e78a,2026-10-06T15:38:51+00:00,274090,Fracture,5601,Nightblood Gaming,13920,SaD Esports,11,13,24,13920
2858,701231,2,americas,2026-06-25 16:00:00,12.11,https://www.vlr.gg/701231/nightblood-gaming-vs-sad-esports-challengers-2026-north-america-ace-stage-3-r5-3-1,8965a78c2088da2c24174a1295d58093d14797ead1f212689f8722306af5e78a,2026-10-06T15:38:51+00:00,274091,Ascent,5601,Nightblood Gaming,13920,SaD Esports,13,10,23,5601
2858,701231,2,americas,2026-06-25 16:00:00,12.11,https://www.vlr.gg/701231/nightblood-gaming-vs-sad-esports-challengers-2026-north-america-ace-stage-3-r5-3-1,8965a78c2088da2c24174a1295d58093d14797ead1f212689f8722306af5e78a,2026-10-06T15:38:51+00:00,274092,Breeze,5601,Nightblood Gaming,13920,SaD Esports,13,8,21,5601
2858,701232,2,americas,2026-06-25 18:00:00,12.11,https://www.vlr.gg/701232/yft-vs-evil-geniuses-academy-challengers-2026-north-america-ace-stage-3-r5-2-2,46b3e074f8826ba5a13e01e3455c42d2dc4a73731238953f23021d5828229aee,2026-10-06T15:38:52+00:00,274093,Breeze,22589,YFT,21054,Evil Geniuses Academy,10,13,23,21054
2858,701232,2,americas,2026-06-25 18:00:00,12.11,https://www.vlr.gg/701232/yft-vs-evil-geniuses-academy-challengers-2026-north-america-ace-stage-3-r5-2-2,46b3e074f8826ba5a13e01e3455c42d2dc4a73731238953f23021d5828229aee,2026-10-06T15:38:52+00:00,274094,Pearl,22589,YFT,21054,Evil Geniuses Academy,13,9,22,22589
2858,701232,2,americas,2026-06-25 18:00:00,12.11,https://www.vlr.gg/701232/yft-vs-evil-geniuses-academy-challengers-2026-north-america-ace-stage-3-r5-2-2,46b3e074f8826ba5a13e01e3455c42d2dc4a73731238953f23021d5828229aee,2026-10-06T15:38:52+00:00,274095,Ascent,22589,YFT,21054,Evil Geniuses Academy,13,11,24,22589
2962,701179,2,americas,2026-06-25 18:40:00,12.11,https://www.vlr.gg/701179/elevate-vs-intz-challengers-2026-brazil-gamers-club-stage-2-lr1,8cddd00f1ecafa69f63e49bb883a72ea8314aff5d4abf6ff4ed8258abf41636a,2026-10-06T15:56:43+00:00,274061,Breeze,18622,ELEVATE,21089,INTZ,2,13,15,21089
2962,701179,2,americas,2026-06-25 18:40:00,12.11,https://www.vlr.gg/701179/elevate-vs-intz-challengers-2026-brazil-gamers-club-stage-2-lr1,8cddd00f1ecafa69f63e49bb883a72ea8314aff5d4abf6ff4ed8258abf41636a,2026-10-06T15:56:43+00:00,274062,Lotus,18622,ELEVATE,21089,INTZ,5,13,18,21089
2858,706323,2,americas,2026-06-26 16:00:00,12.11,https://www.vlr.gg/706323/sad-esports-vs-evictix-challengers-2026-north-america-ace-stage-3-r6-3-2-vs-2-3,7eb96229ff8d038868ca8cebb79e06130d23e0daa9c4891dbe5c988e0bd38682,2026-10-06T15:38:53+00:00,275049,Haven,13920,SaD Esports,19914,Evictix,13,2,15,13920
2858,706323,2,americas,2026-06-26 16:00:00,12.11,https://www.vlr.gg/706323/sad-esports-vs-evictix-challengers-2026-north-america-ace-stage-3-r6-3-2-vs-2-3,7eb96229ff8d038868ca8cebb79e06130d23e0daa9c4891dbe5c988e0bd38682,2026-10-06T15:38:53+00:00,275050,Ascent,13920,SaD Esports,19914,Evictix,7,13,20,19914
2858,706323,2,americas,2026-06-26 16:00:00,12.11,https://www.vlr.gg/706323/sad-esports-vs-evictix-challengers-2026-north-america-ace-stage-3-r6-3-2-vs-2-3,7eb96229ff8d038868ca8cebb79e06130d23e0daa9c4891dbe5c988e0bd38682,2026-10-06T15:38:53+00:00,275051,Pearl,13920,SaD Esports,19914,Evictix,13,8,21,13920
2858,706324,2,americas,2026-06-26 16:00:00,12.11,https://www.vlr.gg/706324/azure-dragon-gaming-vs-nrg-academy-challengers-2026-north-america-ace-stage-3-r6-3-2,de424aa9e4abe751fe1b030dda477fbd4bb3b81d43989ffc05fd5d5c99275437,2026-10-06T15:38:53+00:00,275052,Haven,21053,Azure Dragon Gaming,21049,NRG Academy,5,13,18,21049
2858,706324,2,americas,2026-06-26 16:00:00,12.11,https://www.vlr.gg/706324/azure-dragon-gaming-vs-nrg-academy-challengers-2026-north-america-ace-stage-3-r6-3-2,de424aa9e4abe751fe1b030dda477fbd4bb3b81d43989ffc05fd5d5c99275437,2026-10-06T15:38:53+00:00,275053,Split,21053,Azure Dragon Gaming,21049,NRG Academy,7,13,20,21049
2858,706325,2,americas,2026-06-26 19:00:00,12.11,https://www.vlr.gg/706325/division-one-vs-pigeons-challengers-2026-north-america-ace-stage-3-r6-2-3,ddfcb142a5e58f24cc684a854cecbde3b7ef9e4d0bc5e711a6904bca4fc73737,2026-10-06T15:38:54+00:00,275055,Split,21714,Division One,16910,Pigeons,13,7,20,21714
2858,706325,2,americas,2026-06-26 19:00:00,12.11,https://www.vlr.gg/706325/division-one-vs-pigeons-challengers-2026-north-america-ace-stage-3-r6-2-3,ddfcb142a5e58f24cc684a854cecbde3b7ef9e4d0bc5e711a6904bca4fc73737,2026-10-06T15:38:54+00:00,275056,Haven,21714,Division One,16910,Pigeons,13,6,19,21714
2962,701181,2,americas,2026-06-27 16:00:00,12.11,https://www.vlr.gg/701181/intz-vs-team-solid-challengers-2026-brazil-gamers-club-stage-2-lr2,d1f96ed0a47ec1182e23743a45496cbcb78644eea046a3ca0e0707dc4f007c50,2026-10-06T15:56:44+00:00,274067,Lotus,21089,INTZ,19265,Team Solid,8,13,21,19265
2962,701181,2,americas,2026-06-27 16:00:00,12.11,https://www.vlr.gg/701181/intz-vs-team-solid-challengers-2026-brazil-gamers-club-stage-2-lr2,d1f96ed0a47ec1182e23743a45496cbcb78644eea046a3ca0e0707dc4f007c50,2026-10-06T15:56:44+00:00,274068,Split,21089,INTZ,19265,Team Solid,7,13,20,19265
2858,706326,2,americas,2026-06-27 16:00:00,12.11,https://www.vlr.gg/706326/evil-geniuses-academy-vs-alliance-guardians-challengers-2026-north-america-ace-stage-3-r6-2-3,8ef8d11a1e83bfbbdc94d67c5a69fa3c1e8a96de44d97a1eaacdba55e062539f,2026-10-06T15:38:54+00:00,275058,Ascent,21054,Evil Geniuses Academy,16440,Alliance Guardians,13,15,28,16440
2858,706326,2,americas,2026-06-27 16:00:00,12.11,https://www.vlr.gg/706326/evil-geniuses-academy-vs-alliance-guardians-challengers-2026-north-america-ace-stage-3-r6-2-3,8ef8d11a1e83bfbbdc94d67c5a69fa3c1e8a96de44d97a1eaacdba55e062539f,2026-10-06T15:38:54+00:00,275059,Split,21054,Evil Geniuses Academy,16440,Alliance Guardians,13,8,21,21054
2858,706326,2,americas,2026-06-27 16:00:00,12.11,https://www.vlr.gg/706326/evil-geniuses-academy-vs-alliance-guardians-challengers-2026-north-america-ace-stage-3-r6-2-3,8ef8d11a1e83bfbbdc94d67c5a69fa3c1e8a96de44d97a1eaacdba55e062539f,2026-10-06T15:38:54+00:00,275060,Breeze,21054,Evil Geniuses Academy,16440,Alliance Guardians,13,9,22,21054
2962,701178,2,americas,2026-06-27 18:15:00,12.11,https://www.vlr.gg/701178/la-masia-vs-f4tality-challengers-2026-brazil-gamers-club-stage-2-ubf,2b7aa4fbc21ee5eaffc9f7fa1233dab12fb94a83750387445b0f8a0638b55756,2026-10-06T15:56:46+00:00,274058,Split,23312,LA MASIA,16068,F4TALITY,13,4,17,23312
2962,701178,2,americas,2026-06-27 18:15:00,12.11,https://www.vlr.gg/701178/la-masia-vs-f4tality-challengers-2026-brazil-gamers-club-stage-2-ubf,2b7aa4fbc21ee5eaffc9f7fa1233dab12fb94a83750387445b0f8a0638b55756,2026-10-06T15:56:46+00:00,274059,Lotus,23312,LA MASIA,16068,F4TALITY,13,5,18,23312
2858,706327,2,americas,2026-06-27 19:20:00,12.11,https://www.vlr.gg/706327/qor-vs-yft-challengers-2026-north-america-ace-stage-3-r6-3-2,b7e1690cce3097998abc58b2b8b2fd5b0256027039f4bf79c01f6cfeb67c3895,2026-10-06T15:38:55+00:00,275061,Lotus,6985,QoR,22589,YFT,13,7,20,6985
2858,706327,2,americas,2026-06-27 19:20:00,12.11,https://www.vlr.gg/706327/qor-vs-yft-challengers-2026-north-america-ace-stage-3-r6-3-2,b7e1690cce3097998abc58b2b8b2fd5b0256027039f4bf79c01f6cfeb67c3895,2026-10-06T15:38:55+00:00,275062,Haven,6985,QoR,22589,YFT,9,13,22,22589
2858,706327,2,americas,2026-06-27 19:20:00,12.11,https://www.vlr.gg/706327/qor-vs-yft-challengers-2026-north-america-ace-stage-3-r6-3-2,b7e1690cce3097998abc58b2b8b2fd5b0256027039f4bf79c01f6cfeb67c3895,2026-10-06T15:38:55+00:00,275063,Breeze,6985,QoR,22589,YFT,12,14,26,22589
2962,701182,2,americas,2026-06-28 16:00:00,12.11,https://www.vlr.gg/701182/f4tality-vs-team-solid-challengers-2026-brazil-gamers-club-stage-2-lbf,381c4d7da583cc9d36c42f6072599378ed0d380b4a3d5edd8ecd6d42eefeb4f5,2026-10-06T15:56:47+00:00,274070,Haven,16068,F4TALITY,19265,Team Solid,11,13,24,19265
2962,701182,2,americas,2026-06-28 16:00:00,12.11,https://www.vlr.gg/701182/f4tality-vs-team-solid-challengers-2026-brazil-gamers-club-stage-2-lbf,381c4d7da583cc9d36c42f6072599378ed0d380b4a3d5edd8ecd6d42eefeb4f5,2026-10-06T15:56:47+00:00,274071,Pearl,16068,F4TALITY,19265,Team Solid,13,9,22,16068
2962,701182,2,americas,2026-06-28 16:00:00,12.11,https://www.vlr.gg/701182/f4tality-vs-team-solid-challengers-2026-brazil-gamers-club-stage-2-lbf,381c4d7da583cc9d36c42f6072599378ed0d380b4a3d5edd8ecd6d42eefeb4f5,2026-10-06T15:56:47+00:00,274072,Lotus,16068,F4TALITY,19265,Team Solid,11,13,24,19265
2962,701182,2,americas,2026-06-28 16:00:00,12.11,https://www.vlr.gg/701182/f4tality-vs-team-solid-challengers-2026-brazil-gamers-club-stage-2-lbf,381c4d7da583cc9d36c42f6072599378ed0d380b4a3d5edd8ecd6d42eefeb4f5,2026-10-06T15:56:47+00:00,274073,Split,16068,F4TALITY,19265,Team Solid,3,13,16,19265
2858,707127,2,americas,2026-06-28 16:00:00,12.11,https://www.vlr.gg/707127/division-one-vs-qor-challengers-2026-north-america-ace-stage-3-r7-3-3,841f06d481fc772137d8749142ce1f2ae9274e253cb9f8026c07c95702815ee7,2026-10-06T15:38:56+00:00,275448,Breeze,21714,Division One,6985,QoR,13,7,20,21714
2858,707127,2,americas,2026-06-28 16:00:00,12.11,https://www.vlr.gg/707127/division-one-vs-qor-challengers-2026-north-america-ace-stage-3-r7-3-3,841f06d481fc772137d8749142ce1f2ae9274e253cb9f8026c07c95702815ee7,2026-10-06T15:38:56+00:00,275449,Lotus,21714,Division One,6985,QoR,3,13,16,6985
2858,707127,2,americas,2026-06-28 16:00:00,12.11,https://www.vlr.gg/707127/division-one-vs-qor-challengers-2026-north-america-ace-stage-3-r7-3-3,841f06d481fc772137d8749142ce1f2ae9274e253cb9f8026c07c95702815ee7,2026-10-06T15:38:56+00:00,275450,Split,21714,Division One,6985,QoR,3,13,16,6985
2858,707128,2,americas,2026-06-28 18:45:00,12.11,https://www.vlr.gg/707128/azure-dragon-gaming-vs-evil-geniuses-academy-challengers-2026-north-america-ace-stage-3-r7-3-3,f478eebd6751f41aa2882cfd9fdd1f69d3815578d2c56caf14b21b30f4f0590b,2026-10-06T15:38:57+00:00,275451,Split,21053,Azure Dragon Gaming,21054,Evil Geniuses Academy,9,13,22,21054
2858,707128,2,americas,2026-06-28 18:45:00,12.11,https://www.vlr.gg/707128/azure-dragon-gaming-vs-evil-geniuses-academy-challengers-2026-north-america-ace-stage-3-r7-3-3,f478eebd6751f41aa2882cfd9fdd1f69d3815578d2c56caf14b21b30f4f0590b,2026-10-06T15:38:57+00:00,275452,Ascent,21053,Azure Dragon Gaming,21054,Evil Geniuses Academy,13,8,21,21053
2858,707128,2,americas,2026-06-28 18:45:00,12.11,https://www.vlr.gg/707128/azure-dragon-gaming-vs-evil-geniuses-academy-challengers-2026-north-america-ace-stage-3-r7-3-3,f478eebd6751f41aa2882cfd9fdd1f69d3815578d2c56caf14b21b30f4f0590b,2026-10-06T15:38:57+00:00,275453,Haven,21053,Azure Dragon Gaming,21054,Evil Geniuses Academy,8,13,21,21054
3016,688436,2,emea,2026-06-29 11:00:00,12.11,https://www.vlr.gg/688436/mandatory-vs-be-ikta-esports-challengers-2026-emea-stage-3-decider-a,598a317b064f3b205b1acd4be031b0a43a9971766cfe51808be0968979b43669,2026-10-06T15:57:40+00:00,271828,Pearl,7967,Mandatory,2036,Beşiktaş Esports,13,4,17,7967
3016,688436,2,emea,2026-06-29 11:00:00,12.11,https://www.vlr.gg/688436/mandatory-vs-be-ikta-esports-challengers-2026-emea-stage-3-decider-a,598a317b064f3b205b1acd4be031b0a43a9971766cfe51808be0968979b43669,2026-10-06T15:57:40+00:00,271829,Breeze,7967,Mandatory,2036,Beşiktaş Esports,13,3,16,7967
3016,688441,2,emea,2026-06-29 11:00:00,12.11,https://www.vlr.gg/688441/joblife-vs-bar-a-esports-challengers-2026-emea-stage-3-decider-b,20aead75060de1de11de98b6e3a0f7d7c4df1656f05ab745cdc7d16684a07ed4,2026-10-06T15:57:41+00:00,271843,Fracture,11232,Joblife,14461,Barça eSports,8,13,21,14461
3016,688441,2,emea,2026-06-29 11:00:00,12.11,https://www.vlr.gg/688441/joblife-vs-bar-a-esports-challengers-2026-emea-stage-3-decider-b,20aead75060de1de11de98b6e3a0f7d7c4df1656f05ab745cdc7d16684a07ed4,2026-10-06T15:57:41+00:00,271844,Lotus,11232,Joblife,14461,Barça eSports,13,9,22,11232
3016,688441,2,emea,2026-06-29 11:00:00,12.11,https://www.vlr.gg/688441/joblife-vs-bar-a-esports-challengers-2026-emea-stage-3-decider-b,20aead75060de1de11de98b6e3a0f7d7c4df1656f05ab745cdc7d16684a07ed4,2026-10-06T15:57:41+00:00,271845,Breeze,11232,Joblife,14461,Barça eSports,13,11,24,11232
3016,688446,2,emea,2026-06-29 13:30:00,12.11,https://www.vlr.gg/688446/ucam-esports-club-vs-fokus-challengers-2026-emea-stage-3-decider-c,809fc006e03c27b46ee2de8b45f519f3fe65166f393f3ea8e52cd0b58acaa24f,2026-10-06T15:57:42+00:00,271858,Split,4616,UCAM Esports Club,6882,FOKUS,13,8,21,4616
3016,688446,2,emea,2026-06-29 13:30:00,12.11,https://www.vlr.gg/688446/ucam-esports-club-vs-fokus-challengers-2026-emea-stage-3-decider-c,809fc006e03c27b46ee2de8b45f519f3fe65166f393f3ea8e52cd0b58acaa24f,2026-10-06T15:57:42+00:00,271859,Haven,4616,UCAM Esports Club,6882,FOKUS,5,13,18,6882
3016,688446,2,emea,2026-06-29 13:30:00,12.11,https://www.vlr.gg/688446/ucam-esports-club-vs-fokus-challengers-2026-emea-stage-3-decider-c,809fc006e03c27b46ee2de8b45f519f3fe65166f393f3ea8e52cd0b58acaa24f,2026-10-06T15:57:42+00:00,271860,Pearl,4616,UCAM Esports Club,6882,FOKUS,12,14,26,6882
3016,688451,2,emea,2026-06-29 13:30:00,12.11,https://www.vlr.gg/688451/misa-esports-vs-team-liquid-academy-challengers-2026-emea-stage-3-decider-d,3a886a920c0311194e0ae4baf70ea69e4c76e8add88ce7919f2cdad7f4a7f8a5,2026-10-06T15:57:43+00:00,271873,Lotus,19218,Misa Esports,17297,Team Liquid Academy,9,13,22,17297
3016,688451,2,emea,2026-06-29 13:30:00,12.11,https://www.vlr.gg/688451/misa-esports-vs-team-liquid-academy-challengers-2026-emea-stage-3-decider-d,3a886a920c0311194e0ae4baf70ea69e4c76e8add88ce7919f2cdad7f4a7f8a5,2026-10-06T15:57:43+00:00,271874,Breeze,19218,Misa Esports,17297,Team Liquid Academy,13,3,16,19218
3016,688451,2,emea,2026-06-29 13:30:00,12.11,https://www.vlr.gg/688451/misa-esports-vs-team-liquid-academy-challengers-2026-emea-stage-3-decider-d,3a886a920c0311194e0ae4baf70ea69e4c76e8add88ce7919f2cdad7f4a7f8a5,2026-10-06T15:57:43+00:00,271875,Haven,19218,Misa Esports,17297,Team Liquid Academy,13,11,24,19218
3016,707697,2,emea,2026-06-30 11:00:00,12.11,https://www.vlr.gg/707697/natus-vincere-junior-vs-fokus-challengers-2026-emea-stage-3-ubqf,88e65d0237c73a34ad09c69cda9b1351e4a5d606614f6dd20d39cca8a1bf2c47,2026-10-06T15:57:45+00:00,275559,Haven,21715,Natus Vincere Junior,6882,FOKUS,7,13,20,6882
3016,707697,2,emea,2026-06-30 11:00:00,12.11,https://www.vlr.gg/707697/natus-vincere-junior-vs-fokus-challengers-2026-emea-stage-3-ubqf,88e65d0237c73a34ad09c69cda9b1351e4a5d606614f6dd20d39cca8a1bf2c47,2026-10-06T15:57:45+00:00,275560,Breeze,21715,Natus Vincere Junior,6882,FOKUS,16,14,30,21715
3016,707697,2,emea,2026-06-30 11:00:00,12.11,https://www.vlr.gg/707697/natus-vincere-junior-vs-fokus-challengers-2026-emea-stage-3-ubqf,88e65d0237c73a34ad09c69cda9b1351e4a5d606614f6dd20d39cca8a1bf2c47,2026-10-06T15:57:45+00:00,275561,Split,21715,Natus Vincere Junior,6882,FOKUS,13,10,23,21715
3016,707698,2,emea,2026-06-30 11:00:00,12.11,https://www.vlr.gg/707698/enterprise-esports-vs-mandatory-challengers-2026-emea-stage-3-ubqf,76a4056951f02c21c42314716ea3d6d0a2e467e13807aa85867895791c303f4e,2026-10-06T15:57:46+00:00,275562,Fracture,876,Enterprise Esports,7967,Mandatory,13,8,21,876
3016,707698,2,emea,2026-06-30 11:00:00,12.11,https://www.vlr.gg/707698/enterprise-esports-vs-mandatory-challengers-2026-emea-stage-3-ubqf,76a4056951f02c21c42314716ea3d6d0a2e467e13807aa85867895791c303f4e,2026-10-06T15:57:46+00:00,275563,Haven,876,Enterprise Esports,7967,Mandatory,13,7,20,876
3016,707700,2,emea,2026-06-30 13:00:00,12.11,https://www.vlr.gg/707700/reborn-vs-joblife-challengers-2026-emea-stage-3-ubqf,4781a6be65b2f8eefc939e1553f48988b069e4ecde0a117ab7cc68a402b0d5fe,2026-10-06T15:57:47+00:00,275568,Lotus,21841,REBORN,11232,Joblife,12,14,26,11232
3016,707700,2,emea,2026-06-30 13:00:00,12.11,https://www.vlr.gg/707700/reborn-vs-joblife-challengers-2026-emea-stage-3-ubqf,4781a6be65b2f8eefc939e1553f48988b069e4ecde0a117ab7cc68a402b0d5fe,2026-10-06T15:57:47+00:00,275569,Breeze,21841,REBORN,11232,Joblife,13,7,20,21841
3016,707700,2,emea,2026-06-30 13:00:00,12.11,https://www.vlr.gg/707700/reborn-vs-joblife-challengers-2026-emea-stage-3-ubqf,4781a6be65b2f8eefc939e1553f48988b069e4ecde0a117ab7cc68a402b0d5fe,2026-10-06T15:57:47+00:00,275570,Haven,21841,REBORN,11232,Joblife,13,7,20,21841
3016,707699,2,emea,2026-06-30 14:20:00,12.11,https://www.vlr.gg/707699/mir-vs-misa-esports-challengers-2026-emea-stage-3-ubqf,3ba104cd92637a73e0bf9facabc094daecea81347b36cafc7139d7d90b5ced13,2026-10-06T15:57:49+00:00,275565,Haven,17945,MIR,19218,Misa Esports,12,14,26,19218
3016,707699,2,emea,2026-06-30 14:20:00,12.11,https://www.vlr.gg/707699/mir-vs-misa-esports-challengers-2026-emea-stage-3-ubqf,3ba104cd92637a73e0bf9facabc094daecea81347b36cafc7139d7d90b5ced13,2026-10-06T15:57:49+00:00,275566,Lotus,17945,MIR,19218,Misa Esports,8,13,21,19218
3016,707701,2,emea,2026-07-01 11:00:00,12.11,https://www.vlr.gg/707701/natus-vincere-junior-vs-enterprise-esports-challengers-2026-emea-stage-3-ubsf,363bcc09bcec88088f0030c43f851772b73bce519214df0c2984d7e7c03cb2e7,2026-10-06T15:57:50+00:00,275571,Fracture,21715,Natus Vincere Junior,876,Enterprise Esports,14,12,26,21715
3016,707701,2,emea,2026-07-01 11:00:00,12.11,https://www.vlr.gg/707701/natus-vincere-junior-vs-enterprise-esports-challengers-2026-emea-stage-3-ubsf,363bcc09bcec88088f0030c43f851772b73bce519214df0c2984d7e7c03cb2e7,2026-10-06T15:57:50+00:00,275572,Ascent,21715,Natus Vincere Junior,876,Enterprise Esports,9,13,22,876
3016,707701,2,emea,2026-07-01 11:00:00,12.11,https://www.vlr.gg/707701/natus-vincere-junior-vs-enterprise-esports-challengers-2026-emea-stage-3-ubsf,363bcc09bcec88088f0030c43f851772b73bce519214df0c2984d7e7c03cb2e7,2026-10-06T15:57:50+00:00,275573,Haven,21715,Natus Vincere Junior,876,Enterprise Esports,5,13,18,876
3016,707702,2,emea,2026-07-01 11:00:00,12.11,https://www.vlr.gg/707702/misa-esports-vs-reborn-challengers-2026-emea-stage-3-ubsf,b4a527ae053dc9011ee12fc66d1d458e13e185f3767b4ea1093087beb747594b,2026-10-06T15:57:52+00:00,275574,Ascent,19218,Misa Esports,21841,REBORN,5,13,18,21841
3016,707702,2,emea,2026-07-01 11:00:00,12.11,https://www.vlr.gg/707702/misa-esports-vs-reborn-challengers-2026-emea-stage-3-ubsf,b4a527ae053dc9011ee12fc66d1d458e13e185f3767b4ea1093087beb747594b,2026-10-06T15:57:52+00:00,275575,Fracture,19218,Misa Esports,21841,REBORN,3,13,16,21841
3016,707706,2,emea,2026-07-01 13:30:00,12.11,https://www.vlr.gg/707706/mir-vs-joblife-challengers-2026-emea-stage-3-lr1,9075c556136e4e3e7c716ede28430fd6d501ef6ce88b052238d7ff26cfe00f53,2026-10-06T15:57:53+00:00,275588,Lotus,17945,MIR,11232,Joblife,10,13,23,11232
3016,707706,2,emea,2026-07-01 13:30:00,12.11,https://www.vlr.gg/707706/mir-vs-joblife-challengers-2026-emea-stage-3-lr1,9075c556136e4e3e7c716ede28430fd6d501ef6ce88b052238d7ff26cfe00f53,2026-10-06T15:57:53+00:00,275589,Breeze,17945,MIR,11232,Joblife,14,12,26,17945
3016,707706,2,emea,2026-07-01 13:30:00,12.11,https://www.vlr.gg/707706/mir-vs-joblife-challengers-2026-emea-stage-3-lr1,9075c556136e4e3e7c716ede28430fd6d501ef6ce88b052238d7ff26cfe00f53,2026-10-06T15:57:53+00:00,275590,Split,17945,MIR,11232,Joblife,13,15,28,11232
3016,707705,2,emea,2026-07-01 14:30:00,12.11,https://www.vlr.gg/707705/fokus-vs-mandatory-challengers-2026-emea-stage-3-lr1,64be9ddeaa631616b230c23a1820dc59b65a21029a57844be36b2f216bde3e11,2026-10-06T15:57:54+00:00,275585,Lotus,6882,FOKUS,7967,Mandatory,13,9,22,6882
3016,707705,2,emea,2026-07-01 14:30:00,12.11,https://www.vlr.gg/707705/fokus-vs-mandatory-challengers-2026-emea-stage-3-lr1,64be9ddeaa631616b230c23a1820dc59b65a21029a57844be36b2f216bde3e11,2026-10-06T15:57:54+00:00,275586,Pearl,6882,FOKUS,7967,Mandatory,13,10,23,6882
2962,707203,2,americas,2026-07-01 16:00:00,12.11,https://www.vlr.gg/707203/red-canids-vs-team-solid-challengers-2026-brazil-gamers-club-stage-2-ur1,27cecfd16e57130eaa0d837e287a88e734ab4c9f9ae5282464c1aa609fe0c970,2026-10-06T15:56:49+00:00,275454,Lotus,1124,RED Canids,19265,Team Solid,6,13,19,19265
2962,707203,2,americas,2026-07-01 16:00:00,12.11,https://www.vlr.gg/707203/red-canids-vs-team-solid-challengers-2026-brazil-gamers-club-stage-2-ur1,27cecfd16e57130eaa0d837e287a88e734ab4c9f9ae5282464c1aa609fe0c970,2026-10-06T15:56:49+00:00,275455,Split,1124,RED Canids,19265,Team Solid,7,13,20,19265
2962,707204,2,americas,2026-07-01 18:00:00,12.11,https://www.vlr.gg/707204/furia-academy-vs-la-masia-challengers-2026-brazil-gamers-club-stage-2-ur1,41689f5bb333b13fd15dc0d062347096664f5383eb6ee53a35ee0c8c5045f55f,2026-10-06T15:56:49+00:00,275457,Split,17094,FURIA Academy,23312,LA MASIA,4,13,17,23312
2962,707204,2,americas,2026-07-01 18:00:00,12.11,https://www.vlr.gg/707204/furia-academy-vs-la-masia-challengers-2026-brazil-gamers-club-stage-2-ur1,41689f5bb333b13fd15dc0d062347096664f5383eb6ee53a35ee0c8c5045f55f,2026-10-06T15:56:49+00:00,275458,Ascent,17094,FURIA Academy,23312,LA MASIA,14,12,26,17094
2962,707204,2,americas,2026-07-01 18:00:00,12.11,https://www.vlr.gg/707204/furia-academy-vs-la-masia-challengers-2026-brazil-gamers-club-stage-2-ur1,41689f5bb333b13fd15dc0d062347096664f5383eb6ee53a35ee0c8c5045f55f,2026-10-06T15:56:49+00:00,275459,Pearl,17094,FURIA Academy,23312,LA MASIA,13,8,21,17094
3016,707707,2,emea,2026-07-02 11:00:00,12.11,https://www.vlr.gg/707707/misa-esports-vs-fokus-challengers-2026-emea-stage-3-lr2,98997d85fe3bba8a3524b490307dbaf296021a5cb25cb01938295a2caf3d04fd,2026-10-06T15:57:55+00:00,275591,Pearl,19218,Misa Esports,6882,FOKUS,4,13,17,6882
3016,707707,2,emea,2026-07-02 11:00:00,12.11,https://www.vlr.gg/707707/misa-esports-vs-fokus-challengers-2026-emea-stage-3-lr2,98997d85fe3bba8a3524b490307dbaf296021a5cb25cb01938295a2caf3d04fd,2026-10-06T15:57:55+00:00,275592,Split,19218,Misa Esports,6882,FOKUS,4,13,17,6882
3016,707708,2,emea,2026-07-02 11:00:00,12.11,https://www.vlr.gg/707708/natus-vincere-junior-vs-joblife-challengers-2026-emea-stage-3-lr2,6e722749127fcba695d384c80e3c821fb560f01342d5e8ad68d70e76eb25939f,2026-10-06T15:57:56+00:00,275594,Pearl,21715,Natus Vincere Junior,11232,Joblife,7,13,20,11232
3016,707708,2,emea,2026-07-02 11:00:00,12.11,https://www.vlr.gg/707708/natus-vincere-junior-vs-joblife-challengers-2026-emea-stage-3-lr2,6e722749127fcba695d384c80e3c821fb560f01342d5e8ad68d70e76eb25939f,2026-10-06T15:57:56+00:00,275595,Breeze,21715,Natus Vincere Junior,11232,Joblife,13,6,19,21715
3016,707708,2,emea,2026-07-02 11:00:00,12.11,https://www.vlr.gg/707708/natus-vincere-junior-vs-joblife-challengers-2026-emea-stage-3-lr2,6e722749127fcba695d384c80e3c821fb560f01342d5e8ad68d70e76eb25939f,2026-10-06T15:57:56+00:00,275596,Ascent,21715,Natus Vincere Junior,11232,Joblife,13,15,28,11232
3016,707703,2,emea,2026-07-02 13:30:00,12.11,https://www.vlr.gg/707703/enterprise-esports-vs-reborn-challengers-2026-emea-stage-3-ubf,2f84089656a5f62a495dd4c859ae0bc5ea4d9198d456c565cfe5913299bfbe42,2026-10-06T15:57:59+00:00,275577,Haven,876,Enterprise Esports,21841,REBORN,8,13,21,21841
3016,707703,2,emea,2026-07-02 13:30:00,12.11,https://www.vlr.gg/707703/enterprise-esports-vs-reborn-challengers-2026-emea-stage-3-ubf,2f84089656a5f62a495dd4c859ae0bc5ea4d9198d456c565cfe5913299bfbe42,2026-10-06T15:57:59+00:00,275578,Ascent,876,Enterprise Esports,21841,REBORN,13,2,15,876
3016,707703,2,emea,2026-07-02 13:30:00,12.11,https://www.vlr.gg/707703/enterprise-esports-vs-reborn-challengers-2026-emea-stage-3-ubf,2f84089656a5f62a495dd4c859ae0bc5ea4d9198d456c565cfe5913299bfbe42,2026-10-06T15:57:59+00:00,275579,Lotus,876,Enterprise Esports,21841,REBORN,13,8,21,876
2962,707205,2,americas,2026-07-02 16:00:00,12.11,https://www.vlr.gg/707205/mibr-academy-vs-team-solid-challengers-2026-brazil-gamers-club-stage-2-ubsf,97e347d6ee96050a5aa0d8d4b244520362b7ca25ca3a55bf9e5bdd9522a6277b,2026-10-06T15:56:51+00:00,275460,Ascent,16606,MIBR Academy,19265,Team Solid,9,13,22,19265
2962,707205,2,americas,2026-07-02 16:00:00,12.11,https://www.vlr.gg/707205/mibr-academy-vs-team-solid-challengers-2026-brazil-gamers-club-stage-2-ubsf,97e347d6ee96050a5aa0d8d4b244520362b7ca25ca3a55bf9e5bdd9522a6277b,2026-10-06T15:56:51+00:00,275461,Lotus,16606,MIBR Academy,19265,Team Solid,12,14,26,19265
2858,707767,2,americas,2026-07-02 16:00:00,12.11,https://www.vlr.gg/707767/m80-vs-qor-challengers-2026-north-america-ace-stage-3-ubqf,45e96cd5b70555a6359b4a75b21655d4488684bfec2c98b7c561b5e4e031f483,2026-10-06T15:38:58+00:00,275627,Split,11001,M80,6985,QoR,13,4,17,11001
2858,707767,2,americas,2026-07-02 16:00:00,12.11,https://www.vlr.gg/707767/m80-vs-qor-challengers-2026-north-america-ace-stage-3-ubqf,45e96cd5b70555a6359b4a75b21655d4488684bfec2c98b7c561b5e4e031f483,2026-10-06T15:38:58+00:00,275628,Fracture,11001,M80,6985,QoR,13,4,17,11001
2858,707768,2,americas,2026-07-02 18:00:00,12.11,https://www.vlr.gg/707768/nightblood-gaming-vs-yft-challengers-2026-north-america-ace-stage-3-ubqf,96af033d4ae4d47f3250d2d4459ac08dff3f151065e3f76ebdfe65a7c9053265,2026-10-06T15:38:58+00:00,275630,Haven,5601,Nightblood Gaming,22589,YFT,10,13,23,22589
2858,707768,2,americas,2026-07-02 18:00:00,12.11,https://www.vlr.gg/707768/nightblood-gaming-vs-yft-challengers-2026-north-america-ace-stage-3-ubqf,96af033d4ae4d47f3250d2d4459ac08dff3f151065e3f76ebdfe65a7c9053265,2026-10-06T15:38:58+00:00,275631,Lotus,5601,Nightblood Gaming,22589,YFT,13,10,23,5601
2858,707768,2,americas,2026-07-02 18:00:00,12.11,https://www.vlr.gg/707768/nightblood-gaming-vs-yft-challengers-2026-north-america-ace-stage-3-ubqf,96af033d4ae4d47f3250d2d4459ac08dff3f151065e3f76ebdfe65a7c9053265,2026-10-06T15:38:58+00:00,275632,Ascent,5601,Nightblood Gaming,22589,YFT,13,5,18,5601
2962,707206,2,americas,2026-07-02 19:00:00,12.11,https://www.vlr.gg/707206/2game-esports-vs-furia-academy-challengers-2026-brazil-gamers-club-stage-2-ubsf,083e957be21d01e33e49e3c44cbc848c3abc8966b723b1311c3a14436559726f,2026-10-06T15:56:51+00:00,275463,Fracture,15072,2Game Esports,17094,FURIA Academy,13,11,24,15072
2962,707206,2,americas,2026-07-02 19:00:00,12.11,https://www.vlr.gg/707206/2game-esports-vs-furia-academy-challengers-2026-brazil-gamers-club-stage-2-ubsf,083e957be21d01e33e49e3c44cbc848c3abc8966b723b1311c3a14436559726f,2026-10-06T15:56:51+00:00,275464,Lotus,15072,2Game Esports,17094,FURIA Academy,5,13,18,17094
2962,707206,2,americas,2026-07-02 19:00:00,12.11,https://www.vlr.gg/707206/2game-esports-vs-furia-academy-challengers-2026-brazil-gamers-club-stage-2-ubsf,083e957be21d01e33e49e3c44cbc848c3abc8966b723b1311c3a14436559726f,2026-10-06T15:56:51+00:00,275465,Pearl,15072,2Game Esports,17094,FURIA Academy,13,6,19,15072
3016,707709,2,emea,2026-07-03 11:00:00,12.11,https://www.vlr.gg/707709/fokus-vs-joblife-challengers-2026-emea-stage-3-lr3,70395ffd8c99410fa443af8dbc359e0fe69429fb18075f7686c108b490be8da8,2026-10-06T15:58:01+00:00,275597,Pearl,6882,FOKUS,11232,Joblife,10,13,23,11232
3016,707709,2,emea,2026-07-03 11:00:00,12.11,https://www.vlr.gg/707709/fokus-vs-joblife-challengers-2026-emea-stage-3-lr3,70395ffd8c99410fa443af8dbc359e0fe69429fb18075f7686c108b490be8da8,2026-10-06T15:58:01+00:00,275598,Split,6882,FOKUS,11232,Joblife,13,11,24,6882
3016,707709,2,emea,2026-07-03 11:00:00,12.11,https://www.vlr.gg/707709/fokus-vs-joblife-challengers-2026-emea-stage-3-lr3,70395ffd8c99410fa443af8dbc359e0fe69429fb18075f7686c108b490be8da8,2026-10-06T15:58:01+00:00,275599,Lotus,6882,FOKUS,11232,Joblife,9,13,22,11232
2962,707211,2,americas,2026-07-03 16:00:00,12.11,https://www.vlr.gg/707211/la-masia-vs-mibr-academy-challengers-2026-brazil-gamers-club-stage-2-lr1,49b910f361531a2bb18a3d2a8be0d00b49ca5397c660b50d8150cc38718ddc97,2026-10-06T15:56:52+00:00,275477,Split,23312,LA MASIA,16606,MIBR Academy,13,3,16,23312
2962,707211,2,americas,2026-07-03 16:00:00,12.11,https://www.vlr.gg/707211/la-masia-vs-mibr-academy-challengers-2026-brazil-gamers-club-stage-2-lr1,49b910f361531a2bb18a3d2a8be0d00b49ca5397c660b50d8150cc38718ddc97,2026-10-06T15:56:52+00:00,275478,Lotus,23312,LA MASIA,16606,MIBR Academy,13,11,24,23312
2858,707769,2,americas,2026-07-03 16:00:00,12.11,https://www.vlr.gg/707769/sad-esports-vs-nrg-academy-challengers-2026-north-america-ace-stage-3-ubqf,2c97b54ad7a5dc27cb54854559e5fc6436767d058147a69d9e7ea1b15593c12a,2026-10-06T15:38:59+00:00,275633,Fracture,13920,SaD Esports,21049,NRG Academy,13,11,24,13920
2858,707769,2,americas,2026-07-03 16:00:00,12.11,https://www.vlr.gg/707769/sad-esports-vs-nrg-academy-challengers-2026-north-america-ace-stage-3-ubqf,2c97b54ad7a5dc27cb54854559e5fc6436767d058147a69d9e7ea1b15593c12a,2026-10-06T15:38:59+00:00,275634,Haven,13920,SaD Esports,21049,NRG Academy,13,5,18,13920
2962,707210,2,americas,2026-07-03 18:00:00,12.11,https://www.vlr.gg/707210/furia-academy-vs-red-canids-challengers-2026-brazil-gamers-club-stage-2-lr1,ac44058f076e742ad06f212a5d3bb9e652f7648a4098617a6fd33c3dc2656bba,2026-10-06T15:56:54+00:00,275474,Split,17094,FURIA Academy,1124,RED Canids,9,13,22,1124
2962,707210,2,americas,2026-07-03 18:00:00,12.11,https://www.vlr.gg/707210/furia-academy-vs-red-canids-challengers-2026-brazil-gamers-club-stage-2-lr1,ac44058f076e742ad06f212a5d3bb9e652f7648a4098617a6fd33c3dc2656bba,2026-10-06T15:56:54+00:00,275475,Ascent,17094,FURIA Academy,1124,RED Canids,11,13,24,1124
2858,707770,2,americas,2026-07-03 18:05:00,12.11,https://www.vlr.gg/707770/shopify-rebellion-black-vs-evil-geniuses-academy-challengers-2026-north-america-ace-stage-3-ubqf,43e256298f4037328c703fe903f97a33991a61d8f2dfada1a4a4ec1601d098e3,2026-10-06T15:39:00+00:00,275636,Lotus,9353,Shopify Rebellion Black,21054,Evil Geniuses Academy,13,2,15,9353
2858,707770,2,americas,2026-07-03 18:05:00,12.11,https://www.vlr.gg/707770/shopify-rebellion-black-vs-evil-geniuses-academy-challengers-2026-north-america-ace-stage-3-ubqf,43e256298f4037328c703fe903f97a33991a61d8f2dfada1a4a4ec1601d098e3,2026-10-06T15:39:00+00:00,275637,Split,9353,Shopify Rebellion Black,21054,Evil Geniuses Academy,13,8,21,9353
3016,707710,2,emea,2026-07-04 11:00:00,12.11,https://www.vlr.gg/707710/reborn-vs-joblife-challengers-2026-emea-stage-3-lbf,0c7a0e6c171c6c2193e84fb11bd4c92659ec332a5529fb48efc7ba3b44bd2f53,2026-10-06T15:58:03+00:00,275600,Split,21841,REBORN,11232,Joblife,13,9,22,21841
3016,707710,2,emea,2026-07-04 11:00:00,12.11,https://www.vlr.gg/707710/reborn-vs-joblife-challengers-2026-emea-stage-3-lbf,0c7a0e6c171c6c2193e84fb11bd4c92659ec332a5529fb48efc7ba3b44bd2f53,2026-10-06T15:58:03+00:00,275601,Lotus,21841,REBORN,11232,Joblife,13,8,21,21841
3016,707710,2,emea,2026-07-04 11:00:00,12.11,https://www.vlr.gg/707710/reborn-vs-joblife-challengers-2026-emea-stage-3-lbf,0c7a0e6c171c6c2193e84fb11bd4c92659ec332a5529fb48efc7ba3b44bd2f53,2026-10-06T15:58:03+00:00,275602,Breeze,21841,REBORN,11232,Joblife,6,13,19,11232
3016,707710,2,emea,2026-07-04 11:00:00,12.11,https://www.vlr.gg/707710/reborn-vs-joblife-challengers-2026-emea-stage-3-lbf,0c7a0e6c171c6c2193e84fb11bd4c92659ec332a5529fb48efc7ba3b44bd2f53,2026-10-06T15:58:03+00:00,275603,Ascent,21841,REBORN,11232,Joblife,15,13,28,21841
2858,707776,2,americas,2026-07-04 16:00:00,12.11,https://www.vlr.gg/707776/nrg-academy-vs-evil-geniuses-academy-challengers-2026-north-america-ace-stage-3-lr1,d8e8b86b5666a3f55a3763bab6949f9a6b4ab5a43be66192c8fcf844ac339def,2026-10-06T15:39:00+00:00,275656,Haven,21049,NRG Academy,21054,Evil Geniuses Academy,13,8,21,21049
2858,707776,2,americas,2026-07-04 16:00:00,12.11,https://www.vlr.gg/707776/nrg-academy-vs-evil-geniuses-academy-challengers-2026-north-america-ace-stage-3-lr1,d8e8b86b5666a3f55a3763bab6949f9a6b4ab5a43be66192c8fcf844ac339def,2026-10-06T15:39:00+00:00,275657,Breeze,21049,NRG Academy,21054,Evil Geniuses Academy,12,14,26,21054
2858,707776,2,americas,2026-07-04 16:00:00,12.11,https://www.vlr.gg/707776/nrg-academy-vs-evil-geniuses-academy-challengers-2026-north-america-ace-stage-3-lr1,d8e8b86b5666a3f55a3763bab6949f9a6b4ab5a43be66192c8fcf844ac339def,2026-10-06T15:39:00+00:00,275658,Ascent,21049,NRG Academy,21054,Evil Geniuses Academy,14,12,26,21049
2858,707775,2,americas,2026-07-04 19:15:00,12.11,https://www.vlr.gg/707775/qor-vs-yft-challengers-2026-north-america-ace-stage-3-lr1,2728301083e6768cb39ce4e556f0afc459fde4144b8d3f368a332e0c56c606ea,2026-10-06T15:39:01+00:00,275653,Lotus,6985,QoR,22589,YFT,13,6,19,6985
2858,707775,2,americas,2026-07-04 19:15:00,12.11,https://www.vlr.gg/707775/qor-vs-yft-challengers-2026-north-america-ace-stage-3-lr1,2728301083e6768cb39ce4e556f0afc459fde4144b8d3f368a332e0c56c606ea,2026-10-06T15:39:01+00:00,275654,Haven,6985,QoR,22589,YFT,16,14,30,6985
2991,675268,2,pacific,2026-07-05 03:00:00,12.11,https://www.vlr.gg/675268/riddle-order-vs-igzist-challengers-2026-japan-season-finals-prelims,a7e9519611795dbf46765b3f3d984994c3378b5b431feabd9e2c6d30ad8fa4b4,2026-10-06T15:57:08+00:00,268328,Haven,14375,RIDDLE ORDER,6869,IGZIST,10,13,23,6869
2991,675268,2,pacific,2026-07-05 03:00:00,12.11,https://www.vlr.gg/675268/riddle-order-vs-igzist-challengers-2026-japan-season-finals-prelims,a7e9519611795dbf46765b3f3d984994c3378b5b431feabd9e2c6d30ad8fa4b4,2026-10-06T15:57:08+00:00,268329,Pearl,14375,RIDDLE ORDER,6869,IGZIST,13,10,23,14375
2991,675268,2,pacific,2026-07-05 03:00:00,12.11,https://www.vlr.gg/675268/riddle-order-vs-igzist-challengers-2026-japan-season-finals-prelims,a7e9519611795dbf46765b3f3d984994c3378b5b431feabd9e2c6d30ad8fa4b4,2026-10-06T15:57:08+00:00,268330,Ascent,14375,RIDDLE ORDER,6869,IGZIST,10,13,23,6869
2991,675269,2,pacific,2026-07-05 07:15:00,12.11,https://www.vlr.gg/675269/fennel-vs-crest-gaming-zst-challengers-2026-japan-season-finals-prelims,b139fcbf624417525d29c4cb202f8d68332ddc84516c490a85688fdab32edcd1,2026-10-06T15:57:10+00:00,268331,Breeze,2934,FENNEL,294,CREST GAMING Zst,11,13,24,294
2991,675269,2,pacific,2026-07-05 07:15:00,12.11,https://www.vlr.gg/675269/fennel-vs-crest-gaming-zst-challengers-2026-japan-season-finals-prelims,b139fcbf624417525d29c4cb202f8d68332ddc84516c490a85688fdab32edcd1,2026-10-06T15:57:10+00:00,268332,Split,2934,FENNEL,294,CREST GAMING Zst,13,10,23,2934
2991,675269,2,pacific,2026-07-05 07:15:00,12.11,https://www.vlr.gg/675269/fennel-vs-crest-gaming-zst-challengers-2026-japan-season-finals-prelims,b139fcbf624417525d29c4cb202f8d68332ddc84516c490a85688fdab32edcd1,2026-10-06T15:57:10+00:00,268333,Ascent,2934,FENNEL,294,CREST GAMING Zst,13,6,19,2934
3016,707704,2,emea,2026-07-05 11:00:00,12.11,https://www.vlr.gg/707704/enterprise-esports-vs-reborn-challengers-2026-emea-stage-3-gf,81014aba6702cd46321a694fd004b8da9427c0eb4ca99edc2ad7868f6253ffed,2026-10-06T15:58:04+00:00,275580,Pearl,876,Enterprise Esports,21841,REBORN,13,7,20,876
3016,707704,2,emea,2026-07-05 11:00:00,12.11,https://www.vlr.gg/707704/enterprise-esports-vs-reborn-challengers-2026-emea-stage-3-gf,81014aba6702cd46321a694fd004b8da9427c0eb4ca99edc2ad7868f6253ffed,2026-10-06T15:58:04+00:00,275581,Haven,876,Enterprise Esports,21841,REBORN,13,10,23,876
3016,707704,2,emea,2026-07-05 11:00:00,12.11,https://www.vlr.gg/707704/enterprise-esports-vs-reborn-challengers-2026-emea-stage-3-gf,81014aba6702cd46321a694fd004b8da9427c0eb4ca99edc2ad7868f6253ffed,2026-10-06T15:58:04+00:00,275582,Fracture,876,Enterprise Esports,21841,REBORN,13,7,20,876
2858,707771,2,americas,2026-07-05 16:00:00,12.11,https://www.vlr.gg/707771/m80-vs-nightblood-gaming-challengers-2026-north-america-ace-stage-3-ubsf,e9dbce46613700d9dd1977a2e09325c80877888c4332235a10d7c200af5f1667,2026-10-06T15:39:02+00:00,275639,Split,11001,M80,5601,Nightblood Gaming,13,11,24,11001
2858,707771,2,americas,2026-07-05 16:00:00,12.11,https://www.vlr.gg/707771/m80-vs-nightblood-gaming-challengers-2026-north-america-ace-stage-3-ubsf,e9dbce46613700d9dd1977a2e09325c80877888c4332235a10d7c200af5f1667,2026-10-06T15:39:02+00:00,275640,Ascent,11001,M80,5601,Nightblood Gaming,13,9,22,11001
2858,707772,2,americas,2026-07-05 18:20:00,12.11,https://www.vlr.gg/707772/sad-esports-vs-shopify-rebellion-black-challengers-2026-north-america-ace-stage-3-ubsf,ec0f1d77cb7d25ee7845599f049c1ecaf177e8cb6fd566eae20687f1c4daa1c6,2026-10-06T15:39:02+00:00,275642,Lotus,13920,SaD Esports,9353,Shopify Rebellion Black,6,13,19,9353
2858,707772,2,americas,2026-07-05 18:20:00,12.11,https://www.vlr.gg/707772/sad-esports-vs-shopify-rebellion-black-challengers-2026-north-america-ace-stage-3-ubsf,ec0f1d77cb7d25ee7845599f049c1ecaf177e8cb6fd566eae20687f1c4daa1c6,2026-10-06T15:39:02+00:00,275643,Haven,13920,SaD Esports,9353,Shopify Rebellion Black,13,10,23,13920
2858,707772,2,americas,2026-07-05 18:20:00,12.11,https://www.vlr.gg/707772/sad-esports-vs-shopify-rebellion-black-challengers-2026-north-america-ace-stage-3-ubsf,ec0f1d77cb7d25ee7845599f049c1ecaf177e8cb6fd566eae20687f1c4daa1c6,2026-10-06T15:39:02+00:00,275644,Ascent,13920,SaD Esports,9353,Shopify Rebellion Black,13,10,23,13920
3039,711000,2,pacific,2026-07-07 04:00:00,12.10,https://www.vlr.gg/711000/555-vs-no-salary-peek-challengers-2026-pacific-last-chance-qualifier-ubsf,c75b307164020ef631581b1ea96ea34a32b824af02dcff49cd4dc8d9be17cd66,2026-10-06T15:58:09+00:00,276404,Lotus,21267,555,22341,No Salary Peek,13,9,22,21267
3039,711000,2,pacific,2026-07-07 04:00:00,12.10,https://www.vlr.gg/711000/555-vs-no-salary-peek-challengers-2026-pacific-last-chance-qualifier-ubsf,c75b307164020ef631581b1ea96ea34a32b824af02dcff49cd4dc8d9be17cd66,2026-10-06T15:58:09+00:00,276405,Breeze,21267,555,22341,No Salary Peek,8,13,21,22341
3039,711000,2,pacific,2026-07-07 04:00:00,12.10,https://www.vlr.gg/711000/555-vs-no-salary-peek-challengers-2026-pacific-last-chance-qualifier-ubsf,c75b307164020ef631581b1ea96ea34a32b824af02dcff49cd4dc8d9be17cd66,2026-10-06T15:58:09+00:00,276406,Ascent,21267,555,22341,No Salary Peek,15,13,28,21267
3039,711001,2,pacific,2026-07-07 07:35:00,12.10,https://www.vlr.gg/711001/fancy-united-esports-vs-yi-jing-challengers-2026-pacific-last-chance-qualifier-ubsf,2e61e76419a34a3cdefe509af6b2d0ea42a65e54f28abf85ea543d0759d739eb,2026-10-06T15:58:11+00:00,276407,Pearl,4330,Fancy United Esports,22282,Yi-Jing,8,13,21,22282
3039,711001,2,pacific,2026-07-07 07:35:00,12.10,https://www.vlr.gg/711001/fancy-united-esports-vs-yi-jing-challengers-2026-pacific-last-chance-qualifier-ubsf,2e61e76419a34a3cdefe509af6b2d0ea42a65e54f28abf85ea543d0759d739eb,2026-10-06T15:58:11+00:00,276408,Ascent,4330,Fancy United Esports,22282,Yi-Jing,13,10,23,4330
3039,711001,2,pacific,2026-07-07 07:35:00,12.10,https://www.vlr.gg/711001/fancy-united-esports-vs-yi-jing-challengers-2026-pacific-last-chance-qualifier-ubsf,2e61e76419a34a3cdefe509af6b2d0ea42a65e54f28abf85ea543d0759d739eb,2026-10-06T15:58:11+00:00,276409,Split,4330,Fancy United Esports,22282,Yi-Jing,13,8,21,4330
2962,707212,2,americas,2026-07-07 16:00:00,12.11,https://www.vlr.gg/707212/red-canids-vs-la-masia-challengers-2026-brazil-gamers-club-stage-2-lr2,a0460fc88d607d0d9f79c03b72e02e762e6fe86d3ce9c2800aa0f598c9d43266,2026-10-06T15:56:55+00:00,275480,Breeze,1124,RED Canids,23312,LA MASIA,13,4,17,1124
2962,707212,2,americas,2026-07-07 16:00:00,12.11,https://www.vlr.gg/707212/red-canids-vs-la-masia-challengers-2026-brazil-gamers-club-stage-2-lr2,a0460fc88d607d0d9f79c03b72e02e762e6fe86d3ce9c2800aa0f598c9d43266,2026-10-06T15:56:55+00:00,275481,Haven,1124,RED Canids,23312,LA MASIA,11,13,24,23312
2962,707212,2,americas,2026-07-07 16:00:00,12.11,https://www.vlr.gg/707212/red-canids-vs-la-masia-challengers-2026-brazil-gamers-club-stage-2-lr2,a0460fc88d607d0d9f79c03b72e02e762e6fe86d3ce9c2800aa0f598c9d43266,2026-10-06T15:56:55+00:00,275482,Ascent,1124,RED Canids,23312,LA MASIA,10,13,23,23312
2962,707207,2,americas,2026-07-07 19:00:00,12.11,https://www.vlr.gg/707207/team-solid-vs-2game-esports-challengers-2026-brazil-gamers-club-stage-2-ubf,21b1226c2f01c53bafa17c90407c4f36eadbcf08f3efe92209cdf7cf07066c9b,2026-10-06T15:56:56+00:00,275466,Fracture,19265,Team Solid,15072,2Game Esports,9,13,22,15072
2962,707207,2,americas,2026-07-07 19:00:00,12.11,https://www.vlr.gg/707207/team-solid-vs-2game-esports-challengers-2026-brazil-gamers-club-stage-2-ubf,21b1226c2f01c53bafa17c90407c4f36eadbcf08f3efe92209cdf7cf07066c9b,2026-10-06T15:56:56+00:00,275467,Breeze,19265,Team Solid,15072,2Game Esports,4,13,17,15072
3039,711002,2,pacific,2026-07-08 04:00:00,12.10,https://www.vlr.gg/711002/555-vs-fancy-united-esports-challengers-2026-pacific-last-chance-qualifier-ubf,b7c06b357df1ea373f3ceaae673d578c47c2a32d69542b5ba737c9673c3b7e83,2026-10-06T15:58:12+00:00,276410,Lotus,21267,555,4330,Fancy United Esports,12,14,26,4330
3039,711002,2,pacific,2026-07-08 04:00:00,12.10,https://www.vlr.gg/711002/555-vs-fancy-united-esports-challengers-2026-pacific-last-chance-qualifier-ubf,b7c06b357df1ea373f3ceaae673d578c47c2a32d69542b5ba737c9673c3b7e83,2026-10-06T15:58:12+00:00,276411,Ascent,21267,555,4330,Fancy United Esports,9,13,22,4330
3039,711004,2,pacific,2026-07-08 06:30:00,12.10,https://www.vlr.gg/711004/no-salary-peek-vs-yi-jing-challengers-2026-pacific-last-chance-qualifier-lr1,be9f82d380f37b0ddf628c0525f5c116effa72aa334995820e42b6f7ab32feb5,2026-10-06T15:58:14+00:00,276418,Pearl,22341,No Salary Peek,22282,Yi-Jing,12,14,26,22282
3039,711004,2,pacific,2026-07-08 06:30:00,12.10,https://www.vlr.gg/711004/no-salary-peek-vs-yi-jing-challengers-2026-pacific-last-chance-qualifier-lr1,be9f82d380f37b0ddf628c0525f5c116effa72aa334995820e42b6f7ab32feb5,2026-10-06T15:58:14+00:00,276419,Haven,22341,No Salary Peek,22282,Yi-Jing,10,13,23,22282
3039,711005,2,pacific,2026-07-09 04:00:00,12.10,https://www.vlr.gg/711005/555-vs-yi-jing-challengers-2026-pacific-last-chance-qualifier-lbf,494a8c772b620e42553e82a6041bd5abf64126a8dbb6c804e5fbfd0d895b3e87,2026-10-06T15:58:15+00:00,276421,Haven,21267,555,22282,Yi-Jing,13,8,21,21267
3039,711005,2,pacific,2026-07-09 04:00:00,12.10,https://www.vlr.gg/711005/555-vs-yi-jing-challengers-2026-pacific-last-chance-qualifier-lbf,494a8c772b620e42553e82a6041bd5abf64126a8dbb6c804e5fbfd0d895b3e87,2026-10-06T15:58:15+00:00,276422,Ascent,21267,555,22282,Yi-Jing,12,14,26,22282
3039,711005,2,pacific,2026-07-09 04:00:00,12.10,https://www.vlr.gg/711005/555-vs-yi-jing-challengers-2026-pacific-last-chance-qualifier-lbf,494a8c772b620e42553e82a6041bd5abf64126a8dbb6c804e5fbfd0d895b3e87,2026-10-06T15:58:15+00:00,276423,Lotus,21267,555,22282,Yi-Jing,13,7,20,21267
3039,711005,2,pacific,2026-07-09 04:00:00,12.10,https://www.vlr.gg/711005/555-vs-yi-jing-challengers-2026-pacific-last-chance-qualifier-lbf,494a8c772b620e42553e82a6041bd5abf64126a8dbb6c804e5fbfd0d895b3e87,2026-10-06T15:58:15+00:00,276424,Split,21267,555,22282,Yi-Jing,13,6,19,21267
2858,707778,2,americas,2026-07-09 16:00:00,12.11,https://www.vlr.gg/707778/nightblood-gaming-vs-nrg-academy-challengers-2026-north-america-ace-stage-3-lr2,c8ae02c1dd337531a0c2fc2dcdce7ae137c030f6659ae10f7b055f650a644eba,2026-10-06T15:39:03+00:00,275662,Split,5601,Nightblood Gaming,21049,NRG Academy,13,10,23,5601
2858,707778,2,americas,2026-07-09 16:00:00,12.11,https://www.vlr.gg/707778/nightblood-gaming-vs-nrg-academy-challengers-2026-north-america-ace-stage-3-lr2,c8ae02c1dd337531a0c2fc2dcdce7ae137c030f6659ae10f7b055f650a644eba,2026-10-06T15:39:03+00:00,275663,Lotus,5601,Nightblood Gaming,21049,NRG Academy,11,13,24,21049
2858,707778,2,americas,2026-07-09 16:00:00,12.11,https://www.vlr.gg/707778/nightblood-gaming-vs-nrg-academy-challengers-2026-north-america-ace-stage-3-lr2,c8ae02c1dd337531a0c2fc2dcdce7ae137c030f6659ae10f7b055f650a644eba,2026-10-06T15:39:03+00:00,275664,Fracture,5601,Nightblood Gaming,21049,NRG Academy,10,13,23,21049
2858,707777,2,americas,2026-07-09 19:30:00,12.11,https://www.vlr.gg/707777/shopify-rebellion-black-vs-qor-challengers-2026-north-america-ace-stage-3-lr2,2485f1f00c12c9e7ee83e485580ea99602978f259cc1b55b27cbde6795b174d2,2026-10-06T15:39:03+00:00,275659,Split,9353,Shopify Rebellion Black,6985,QoR,13,8,21,9353
2858,707777,2,americas,2026-07-09 19:30:00,12.11,https://www.vlr.gg/707777/shopify-rebellion-black-vs-qor-challengers-2026-north-america-ace-stage-3-lr2,2485f1f00c12c9e7ee83e485580ea99602978f259cc1b55b27cbde6795b174d2,2026-10-06T15:39:03+00:00,275660,Breeze,9353,Shopify Rebellion Black,6985,QoR,11,13,24,6985
2858,707777,2,americas,2026-07-09 19:30:00,12.11,https://www.vlr.gg/707777/shopify-rebellion-black-vs-qor-challengers-2026-north-america-ace-stage-3-lr2,2485f1f00c12c9e7ee83e485580ea99602978f259cc1b55b27cbde6795b174d2,2026-10-06T15:39:03+00:00,275661,Lotus,9353,Shopify Rebellion Black,6985,QoR,13,8,21,9353
3039,711003,2,pacific,2026-07-10 04:00:00,12.10,https://www.vlr.gg/711003/fancy-united-esports-vs-555-challengers-2026-pacific-last-chance-qualifier-gf,0bb738a4f11a62bc25b683835d0e3cabd105d558025f1f64957cfc1239c81e70,2026-10-06T15:58:17+00:00,276413,Pearl,4330,Fancy United Esports,21267,555,11,13,24,21267
3039,711003,2,pacific,2026-07-10 04:00:00,12.10,https://www.vlr.gg/711003/fancy-united-esports-vs-555-challengers-2026-pacific-last-chance-qualifier-gf,0bb738a4f11a62bc25b683835d0e3cabd105d558025f1f64957cfc1239c81e70,2026-10-06T15:58:17+00:00,276414,Lotus,4330,Fancy United Esports,21267,555,7,13,20,21267
3039,711003,2,pacific,2026-07-10 04:00:00,12.10,https://www.vlr.gg/711003/fancy-united-esports-vs-555-challengers-2026-pacific-last-chance-qualifier-gf,0bb738a4f11a62bc25b683835d0e3cabd105d558025f1f64957cfc1239c81e70,2026-10-06T15:58:17+00:00,276415,Ascent,4330,Fancy United Esports,21267,555,6,13,19,21267
2962,707213,2,americas,2026-07-10 16:00:00,12.11,https://www.vlr.gg/707213/team-solid-vs-la-masia-challengers-2026-brazil-gamers-club-stage-2-lbf,953ca96a984b72695bf3cd36f3096d61ca605ad96eca5ef5295e0d13a2b132fa,2026-10-06T15:56:56+00:00,275485,Ascent,19265,Team Solid,23312,LA MASIA,10,13,23,23312
2962,707213,2,americas,2026-07-10 16:00:00,12.11,https://www.vlr.gg/707213/team-solid-vs-la-masia-challengers-2026-brazil-gamers-club-stage-2-lbf,953ca96a984b72695bf3cd36f3096d61ca605ad96eca5ef5295e0d13a2b132fa,2026-10-06T15:56:56+00:00,275486,Breeze,19265,Team Solid,23312,LA MASIA,4,13,17,23312
2962,707213,2,americas,2026-07-10 16:00:00,12.11,https://www.vlr.gg/707213/team-solid-vs-la-masia-challengers-2026-brazil-gamers-club-stage-2-lbf,953ca96a984b72695bf3cd36f3096d61ca605ad96eca5ef5295e0d13a2b132fa,2026-10-06T15:56:56+00:00,276771,Split,19265,Team Solid,23312,LA MASIA,5,13,18,23312
2962,707213,2,americas,2026-07-10 16:00:00,12.11,https://www.vlr.gg/707213/team-solid-vs-la-masia-challengers-2026-brazil-gamers-club-stage-2-lbf,953ca96a984b72695bf3cd36f3096d61ca605ad96eca5ef5295e0d13a2b132fa,2026-10-06T15:56:56+00:00,276772,Lotus,19265,Team Solid,23312,LA MASIA,13,5,18,19265
2858,707773,2,americas,2026-07-10 16:00:00,12.11,https://www.vlr.gg/707773/m80-vs-sad-esports-challengers-2026-north-america-ace-stage-3-ubf,862c827cfeddd44abc968aee18c12c6617952a436ef4389fe244d71d3ecc1d74,2026-10-06T15:39:04+00:00,275645,Pearl,11001,M80,13920,SaD Esports,13,9,22,11001
2858,707773,2,americas,2026-07-10 16:00:00,12.11,https://www.vlr.gg/707773/m80-vs-sad-esports-challengers-2026-north-america-ace-stage-3-ubf,862c827cfeddd44abc968aee18c12c6617952a436ef4389fe244d71d3ecc1d74,2026-10-06T15:39:04+00:00,275646,Fracture,11001,M80,13920,SaD Esports,13,6,19,11001
2858,707779,2,americas,2026-07-10 18:05:00,12.11,https://www.vlr.gg/707779/shopify-rebellion-black-vs-nrg-academy-challengers-2026-north-america-ace-stage-3-lr3,25b2faa5a241de77dda8dca4e02d2c890b448d254bb49ff7cd63fcd8cb3e7347,2026-10-06T15:39:05+00:00,275665,Haven,9353,Shopify Rebellion Black,21049,NRG Academy,12,14,26,21049
2858,707779,2,americas,2026-07-10 18:05:00,12.11,https://www.vlr.gg/707779/shopify-rebellion-black-vs-nrg-academy-challengers-2026-north-america-ace-stage-3-lr3,25b2faa5a241de77dda8dca4e02d2c890b448d254bb49ff7cd63fcd8cb3e7347,2026-10-06T15:39:05+00:00,275666,Breeze,9353,Shopify Rebellion Black,21049,NRG Academy,13,5,18,9353
2858,707779,2,americas,2026-07-10 18:05:00,12.11,https://www.vlr.gg/707779/shopify-rebellion-black-vs-nrg-academy-challengers-2026-north-america-ace-stage-3-lr3,25b2faa5a241de77dda8dca4e02d2c890b448d254bb49ff7cd63fcd8cb3e7347,2026-10-06T15:39:05+00:00,275667,Lotus,9353,Shopify Rebellion Black,21049,NRG Academy,13,1,14,9353
2858,707780,2,americas,2026-07-11 16:00:00,12.11,https://www.vlr.gg/707780/sad-esports-vs-shopify-rebellion-black-challengers-2026-north-america-ace-stage-3-lbf,e4306ce468e20ec3e1a40f256b6a41b0e72669ef285b289d735405c27505a0bb,2026-10-06T15:39:06+00:00,275668,Lotus,13920,SaD Esports,9353,Shopify Rebellion Black,13,15,28,9353
2858,707780,2,americas,2026-07-11 16:00:00,12.11,https://www.vlr.gg/707780/sad-esports-vs-shopify-rebellion-black-challengers-2026-north-america-ace-stage-3-lbf,e4306ce468e20ec3e1a40f256b6a41b0e72669ef285b289d735405c27505a0bb,2026-10-06T15:39:06+00:00,275669,Split,13920,SaD Esports,9353,Shopify Rebellion Black,6,13,19,9353
2858,707780,2,americas,2026-07-11 16:00:00,12.11,https://www.vlr.gg/707780/sad-esports-vs-shopify-rebellion-black-challengers-2026-north-america-ace-stage-3-lbf,e4306ce468e20ec3e1a40f256b6a41b0e72669ef285b289d735405c27505a0bb,2026-10-06T15:39:06+00:00,275670,Pearl,13920,SaD Esports,9353,Shopify Rebellion Black,3,13,16,9353
2962,707209,2,americas,2026-07-12 16:00:00,12.11,https://www.vlr.gg/707209/2game-esports-vs-la-masia-challengers-2026-brazil-gamers-club-stage-2-gf,8f4d071246292caca68ba340acc1e89a19c80b34995a4962f131c5ed1aa7e662,2026-10-06T15:56:58+00:00,275469,Pearl,15072,2Game Esports,23312,LA MASIA,13,4,17,15072
2962,707209,2,americas,2026-07-12 16:00:00,12.11,https://www.vlr.gg/707209/2game-esports-vs-la-masia-challengers-2026-brazil-gamers-club-stage-2-gf,8f4d071246292caca68ba340acc1e89a19c80b34995a4962f131c5ed1aa7e662,2026-10-06T15:56:58+00:00,275470,Breeze,15072,2Game Esports,23312,LA MASIA,10,13,23,23312
2962,707209,2,americas,2026-07-12 16:00:00,12.11,https://www.vlr.gg/707209/2game-esports-vs-la-masia-challengers-2026-brazil-gamers-club-stage-2-gf,8f4d071246292caca68ba340acc1e89a19c80b34995a4962f131c5ed1aa7e662,2026-10-06T15:56:58+00:00,275471,Fracture,15072,2Game Esports,23312,LA MASIA,6,13,19,23312
2962,707209,2,americas,2026-07-12 16:00:00,12.11,https://www.vlr.gg/707209/2game-esports-vs-la-masia-challengers-2026-brazil-gamers-club-stage-2-gf,8f4d071246292caca68ba340acc1e89a19c80b34995a4962f131c5ed1aa7e662,2026-10-06T15:56:58+00:00,275472,Ascent,15072,2Game Esports,23312,LA MASIA,13,5,18,15072
2962,707209,2,americas,2026-07-12 16:00:00,12.11,https://www.vlr.gg/707209/2game-esports-vs-la-masia-challengers-2026-brazil-gamers-club-stage-2-gf,8f4d071246292caca68ba340acc1e89a19c80b34995a4962f131c5ed1aa7e662,2026-10-06T15:56:58+00:00,275473,Haven,15072,2Game Esports,23312,LA MASIA,11,13,24,23312
2858,707774,2,americas,2026-07-12 16:00:00,12.11,https://www.vlr.gg/707774/m80-vs-shopify-rebellion-black-challengers-2026-north-america-ace-stage-3-gf,70137598204068646ca54bda9616851218a00755e96760d6f094fc7362f7c40d,2026-10-06T15:39:07+00:00,275648,Fracture,11001,M80,9353,Shopify Rebellion Black,13,11,24,11001
2858,707774,2,americas,2026-07-12 16:00:00,12.11,https://www.vlr.gg/707774/m80-vs-shopify-rebellion-black-challengers-2026-north-america-ace-stage-3-gf,70137598204068646ca54bda9616851218a00755e96760d6f094fc7362f7c40d,2026-10-06T15:39:07+00:00,275649,Lotus,11001,M80,9353,Shopify Rebellion Black,13,2,15,11001
2858,707774,2,americas,2026-07-12 16:00:00,12.11,https://www.vlr.gg/707774/m80-vs-shopify-rebellion-black-challengers-2026-north-america-ace-stage-3-gf,70137598204068646ca54bda9616851218a00755e96760d6f094fc7362f7c40d,2026-10-06T15:39:07+00:00,275650,Pearl,11001,M80,9353,Shopify Rebellion Black,11,13,24,9353
2858,707774,2,americas,2026-07-12 16:00:00,12.11,https://www.vlr.gg/707774/m80-vs-shopify-rebellion-black-challengers-2026-north-america-ace-stage-3-gf,70137598204068646ca54bda9616851218a00755e96760d6f094fc7362f7c40d,2026-10-06T15:39:07+00:00,275651,Split,11001,M80,9353,Shopify Rebellion Black,14,12,26,11001
2962,707486,2,americas,2026-07-14 16:00:00,12.11,https://www.vlr.gg/707486/abacatudos-vs-team-liquid-brazil-challengers-2026-brazil-gamers-club-stage-2-opening,2d7a9dfda6ae83bc0b3c26bed22372da2342117c65e90681995506c5a2c9559a,2026-10-06T15:57:00+00:00,275542,Lotus,22657,ABACATUDOS,7055,Team Liquid Brazil,13,9,22,22657
2962,707486,2,americas,2026-07-14 16:00:00,12.11,https://www.vlr.gg/707486/abacatudos-vs-team-liquid-brazil-challengers-2026-brazil-gamers-club-stage-2-opening,2d7a9dfda6ae83bc0b3c26bed22372da2342117c65e90681995506c5a2c9559a,2026-10-06T15:57:00+00:00,275543,Breeze,22657,ABACATUDOS,7055,Team Liquid Brazil,16,18,34,7055
2962,707486,2,americas,2026-07-14 16:00:00,12.11,https://www.vlr.gg/707486/abacatudos-vs-team-liquid-brazil-challengers-2026-brazil-gamers-club-stage-2-opening,2d7a9dfda6ae83bc0b3c26bed22372da2342117c65e90681995506c5a2c9559a,2026-10-06T15:57:00+00:00,275544,Split,22657,ABACATUDOS,7055,Team Liquid Brazil,13,8,21,22657
2962,707487,2,americas,2026-07-14 19:50:00,12.11,https://www.vlr.gg/707487/team-ego-vs-peek-challengers-2026-brazil-gamers-club-stage-2-opening,17b46c100035a3690edf326c366c87ab8e8ecf283d49ac92dbe736219a5b4a88,2026-10-06T15:57:01+00:00,275545,Ascent,23310,TEAM EGO,16071,PEEK,11,13,24,16071
2962,707487,2,americas,2026-07-14 19:50:00,12.11,https://www.vlr.gg/707487/team-ego-vs-peek-challengers-2026-brazil-gamers-club-stage-2-opening,17b46c100035a3690edf326c366c87ab8e8ecf283d49ac92dbe736219a5b4a88,2026-10-06T15:57:01+00:00,275546,Pearl,23310,TEAM EGO,16071,PEEK,13,11,24,23310
2962,707487,2,americas,2026-07-14 19:50:00,12.11,https://www.vlr.gg/707487/team-ego-vs-peek-challengers-2026-brazil-gamers-club-stage-2-opening,17b46c100035a3690edf326c366c87ab8e8ecf283d49ac92dbe736219a5b4a88,2026-10-06T15:57:01+00:00,275547,Lotus,23310,TEAM EGO,16071,PEEK,13,11,24,23310
2962,707489,2,americas,2026-07-15 16:00:00,12.11,https://www.vlr.gg/707489/team-liquid-brazil-vs-peek-challengers-2026-brazil-gamers-club-stage-2-elim,9975ca99254b974c55963973a6f1de99de49a6fa283c964455377ec58b406ee0,2026-10-06T15:57:02+00:00,275551,Haven,7055,Team Liquid Brazil,16071,PEEK,7,13,20,16071
2962,707489,2,americas,2026-07-15 16:00:00,12.11,https://www.vlr.gg/707489/team-liquid-brazil-vs-peek-challengers-2026-brazil-gamers-club-stage-2-elim,9975ca99254b974c55963973a6f1de99de49a6fa283c964455377ec58b406ee0,2026-10-06T15:57:02+00:00,275552,Lotus,7055,Team Liquid Brazil,16071,PEEK,5,13,18,16071
2962,707488,2,americas,2026-07-15 19:00:00,12.11,https://www.vlr.gg/707488/abacatudos-vs-team-ego-challengers-2026-brazil-gamers-club-stage-2-winners,ac15c469a6555c408cb1925ee8bdaabda4c3a06c7a08dbcdbe0fcde12f0798bc,2026-10-06T15:57:03+00:00,275548,Split,22657,ABACATUDOS,23310,TEAM EGO,5,13,18,23310
2962,707488,2,americas,2026-07-15 19:00:00,12.11,https://www.vlr.gg/707488/abacatudos-vs-team-ego-challengers-2026-brazil-gamers-club-stage-2-winners,ac15c469a6555c408cb1925ee8bdaabda4c3a06c7a08dbcdbe0fcde12f0798bc,2026-10-06T15:57:03+00:00,275549,Pearl,22657,ABACATUDOS,23310,TEAM EGO,9,13,22,23310
2962,707490,2,americas,2026-07-16 16:00:00,12.11,https://www.vlr.gg/707490/abacatudos-vs-peek-challengers-2026-brazil-gamers-club-stage-2-decider,be9db5199f32879dcb223ed62742a86ef58ea9dbb85ca1684495d4aff29a80cd,2026-10-06T15:57:04+00:00,275554,Haven,22657,ABACATUDOS,16071,PEEK,13,8,21,22657
2962,707490,2,americas,2026-07-16 16:00:00,12.11,https://www.vlr.gg/707490/abacatudos-vs-peek-challengers-2026-brazil-gamers-club-stage-2-decider,be9db5199f32879dcb223ed62742a86ef58ea9dbb85ca1684495d4aff29a80cd,2026-10-06T15:57:04+00:00,275555,Breeze,22657,ABACATUDOS,16071,PEEK,13,6,19,22657
2962,707490,2,americas,2026-07-16 16:00:00,12.11,https://www.vlr.gg/707490/abacatudos-vs-peek-challengers-2026-brazil-gamers-club-stage-2-decider,be9db5199f32879dcb223ed62742a86ef58ea9dbb85ca1684495d4aff29a80cd,2026-10-06T15:57:04+00:00,275556,Lotus,22657,ABACATUDOS,16071,PEEK,14,12,26,22657
2991,675270,2,pacific,2026-07-24 23:30:00,13.01,https://www.vlr.gg/675270/reject-vs-igzist-challengers-2026-japan-season-finals-sf,27c8b012a24b74013908dfd031b59f02b615174c80227454cbb9c7ea0d7c1b7e,2026-10-06T15:57:12+00:00,268334,Haven,104,REJECT,6869,IGZIST,13,3,16,104
2991,675270,2,pacific,2026-07-24 23:30:00,13.01,https://www.vlr.gg/675270/reject-vs-igzist-challengers-2026-japan-season-finals-sf,27c8b012a24b74013908dfd031b59f02b615174c80227454cbb9c7ea0d7c1b7e,2026-10-06T15:57:12+00:00,268335,Sunset,104,REJECT,6869,IGZIST,13,11,24,104
2991,675271,2,pacific,2026-07-25 03:20:00,13.01,https://www.vlr.gg/675271/qt-dig-vs-fennel-challengers-2026-japan-season-finals-sf,0ee0ad2f0c08313ac93829f6fed7d80fd6a5f0c21eca4470be7cc2614d0d328b,2026-10-06T15:57:13+00:00,268337,Ascent,18299,QT DIG∞,2934,FENNEL,14,12,26,18299
2991,675271,2,pacific,2026-07-25 03:20:00,13.01,https://www.vlr.gg/675271/qt-dig-vs-fennel-challengers-2026-japan-season-finals-sf,0ee0ad2f0c08313ac93829f6fed7d80fd6a5f0c21eca4470be7cc2614d0d328b,2026-10-06T15:57:13+00:00,268338,Haven,18299,QT DIG∞,2934,FENNEL,13,5,18,18299
2991,675272,2,pacific,2026-07-26 01:00:00,13.01,https://www.vlr.gg/675272/reject-vs-qt-dig-challengers-2026-japan-season-finals-gf,d2582ee05ead22d4a78e4ac4b25b0eab93d9609a778e4366842a60a152869125,2026-10-06T15:57:14+00:00,268340,Split,104,REJECT,18299,QT DIG∞,13,4,17,104
2991,675272,2,pacific,2026-07-26 01:00:00,13.01,https://www.vlr.gg/675272/reject-vs-qt-dig-challengers-2026-japan-season-finals-gf,d2582ee05ead22d4a78e4ac4b25b0eab93d9609a778e4366842a60a152869125,2026-10-06T15:57:14+00:00,268341,Lotus,104,REJECT,18299,QT DIG∞,10,13,23,18299
2991,675272,2,pacific,2026-07-26 01:00:00,13.01,https://www.vlr.gg/675272/reject-vs-qt-dig-challengers-2026-japan-season-finals-gf,d2582ee05ead22d4a78e4ac4b25b0eab93d9609a778e4366842a60a152869125,2026-10-06T15:57:14+00:00,268342,Haven,104,REJECT,18299,QT DIG∞,13,6,19,104
2991,675272,2,pacific,2026-07-26 01:00:00,13.01,https://www.vlr.gg/675272/reject-vs-qt-dig-challengers-2026-japan-season-finals-gf,d2582ee05ead22d4a78e4ac4b25b0eab93d9609a778e4366842a60a152869125,2026-10-06T15:57:14+00:00,268343,Breeze,104,REJECT,18299,QT DIG∞,6,13,19,18299
2991,675272,2,pacific,2026-07-26 01:00:00,13.01,https://www.vlr.gg/675272/reject-vs-qt-dig-challengers-2026-japan-season-finals-gf,d2582ee05ead22d4a78e4ac4b25b0eab93d9609a778e4366842a60a152869125,2026-10-06T15:57:14+00:00,268344,Ascent,104,REJECT,18299,QT DIG∞,11,13,24,18299
