pack_team,pack_team_tag,pack_tier,region,pack_status,handle,real_name,country,pack_role,pack_quality,source_sheet,candidate_vlr_ids,vlr_player_id,identity_status,identity_evidence,profile_url,current_team_evidence,current_team_listing_status,inactive_news_evidence,profile_real_name,runtime_player_id,current_runtime_overall,event_count,observed_rounds,box_score_quality_signal,suggested_quality,suggested_quality_delta,review_state,snapshot_warning
Sentinels,SEN,1,americas,rostered,johnqt,Mohamed Amine Ouarid,MA,controller,72,data/rosters/vct-2026/src/americas.yaml,1265,1265,corroborated,handle+profile_real_name,https://www.vlr.gg/player/1265/johnqt,Sentinels joined in September 2023,current_team_listed,,Mohamed Amine Ouarid,team_sentinels_johnqt,75.13,3,820,77.7,75.3,3.3,heuristic_review_required,Season-to-date evidence; may include matches after the July 9 pack snapshot
Sentinels,SEN,1,americas,rostered,Reduxx,Yassin Aboulalazm,US,flex,75,data/rosters/vct-2026/src/americas.yaml,8419,8419,corroborated,handle+profile_real_name,https://www.vlr.gg/player/8419/reduxx,Sentinels joined in October 2024,current_team_listed,Oxygen Academy January 2022 – December 2022 Inactive from October 2022,Yassin Aboulalazm,team_sentinels_reduxx,77.8,3,891,75.04,75.0,0.0,heuristic_review_required,Season-to-date evidence; may include matches after the July 9 pack snapshot
Sentinels,SEN,1,americas,rostered,JonahP,Jonah Pulice,CA,initiator,68,data/rosters/vct-2026/src/americas.yaml,4581,4581,corroborated,handle+profile_real_name,https://www.vlr.gg/player/4581/jonahp,Sentinels joined in March 2026,current_team_listed,G2 Esports September 2023 – March 2026 Inactive from November 2025|2025/11/12 G2 Esports moves JonahP to inactive roster,Jonah Pulice,team_sentinels_jonahp,68.41,2,701,71.14,69.7,1.7,heuristic_review_required,Season-to-date evidence; may include matches after the July 9 pack snapshot
Sentinels,SEN,1,americas,rostered,Jerrwin,Gurjiwan Gill,CA,duelist,66,data/rosters/vct-2026/src/americas.yaml,34057,34057,corroborated,handle+profile_real_name,https://www.vlr.gg/player/34057/jerrwin,Sentinels joined in March 2026 Inactive from September 2026,current_team_listed,Sentinels joined in March 2026 Inactive from September 2026,Gurjiwan Gill,team_sentinels_jerrwin,65.83,3,1194,68.59,67.7,1.7,heuristic_review_required,Season-to-date evidence; may include matches after the July 9 pack snapshot
Sentinels,SEN,1,americas,rostered,cortezia,Gabriel Cortez,BR,sentinel,79,data/rosters/vct-2026/src/americas.yaml,5395,5395,corroborated,handle+profile_real_name,https://www.vlr.gg/player/5395/cortezia,Sentinels joined in November 2025,current_team_listed,"MIBR November 2024 – November 2025 Inactive from October 2025|2025/11/14 Boaster at RBHG: ""I will retire when I feel like I am a big detriment to my team""",Gabriel Cortez,team_sentinels_cortezia,80.0,3,891,75.45,76.9,-2.1,heuristic_review_required,Season-to-date evidence; may include matches after the July 9 pack snapshot
G2 Esports,G2,1,americas,rostered,valyn,Jacob Batio,US,controller,77,data/rosters/vct-2026/src/americas.yaml,3885,3885,corroborated,handle+profile_real_name,https://www.vlr.gg/player/3885/valyn,G2 Esports joined in September 2023,current_team_listed,,Jacob Batio,team_g2_esports_valyn,80.2,6,2087,76.53,76.6,-0.4,heuristic_review_required,Season-to-date evidence; may include matches after the July 9 pack snapshot
G2 Esports,G2,1,americas,rostered,trent,Trent Cairns,US,initiator,79,data/rosters/vct-2026/src/americas.yaml,15500,15500,corroborated,handle+profile_real_name,https://www.vlr.gg/player/15500/trent,G2 Esports joined in September 2023,current_team_listed,,Trent Cairns,team_g2_esports_trent,78.01,6,2087,81.09,80.6,1.6,heuristic_review_required,Season-to-date evidence; may include matches after the July 9 pack snapshot
G2 Esports,G2,1,americas,rostered,leaf,Nathan Orf,US,flex,76,data/rosters/vct-2026/src/americas.yaml,7873,7873,corroborated,handle+profile_real_name,https://www.vlr.gg/player/7873/leaf,G2 Esports joined in October 2023,current_team_listed,,Nathan Orf,team_g2_esports_leaf,78.12,6,2087,76.09,76.1,0.1,heuristic_review_required,Season-to-date evidence; may include matches after the July 9 pack snapshot
G2 Esports,G2,1,americas,rostered,jawgemo,Alexander Mor,US,duelist,77,data/rosters/vct-2026/src/americas.yaml,3993,3993,corroborated,handle+profile_real_name,https://www.vlr.gg/player/3993/jawgemo,G2 Esports joined in October 2024,current_team_listed,,Alexander Mor,team_g2_esports_jawgemo,76.42,6,2087,72.43,73.4,-3.6,heuristic_review_required,Season-to-date evidence; may include matches after the July 9 pack snapshot
G2 Esports,G2,1,americas,rostered,BABYBAY,Andrej Francisty,US,sentinel,76,data/rosters/vct-2026/src/americas.yaml,2170,2170,corroborated,handle+profile_real_name,https://www.vlr.gg/player/2170/babybay,G2 Esports joined in August 2025,current_team_listed,,Andrej Francisty,team_g2_esports_babybay,79.13,6,2087,74.24,74.6,-1.4,heuristic_review_required,Season-to-date evidence; may include matches after the July 9 pack snapshot
NRG,NRG,1,americas,rostered,Ethan,Ethan Arnold,US,initiator,72,data/rosters/vct-2026/src/americas.yaml,11225,11225,corroborated,handle+profile_real_name,https://www.vlr.gg/player/11225/ethan,NRG joined in December 2023,current_team_listed,"NRG April 2022 – November 2022 Inactive from September 2022|100 Thieves February 2021 – April 2022 Inactive from April 2022|2025/11/14 Boaster at RBHG: ""I will retire when I feel like I am a big detriment to my team""",Ethan Arnold,team_nrg_ethan,76.0,6,1942,73.77,73.4,1.4,heuristic_review_required,Season-to-date evidence; may include matches after the July 9 pack snapshot
NRG,NRG,1,americas,rostered,brawk,Brock Somerhalder,US,flex,83,data/rosters/vct-2026/src/americas.yaml,2172,2172,corroborated,handle+profile_real_name,https://www.vlr.gg/player/2172/brawk,NRG joined in February 2025,current_team_listed,"Moist x Shopify September 2023 – November 2024 Inactive from September 2024|2025/02/16 NRG benches Verno and bonkar, adds brawk and Mikes",Brock Somerhalder,team_nrg_brawk,83.72,6,1942,80.07,80.8,-2.2,heuristic_review_required,Season-to-date evidence; may include matches after the July 9 pack snapshot
NRG,NRG,1,americas,rostered,keiko,Georgio Sanassy,GB,flex,78,data/rosters/vct-2026/src/americas.yaml,11494,11494,corroborated,handle+profile_real_name,https://www.vlr.gg/player/11494/keiko,NRG joined in November 2025,current_team_listed,,Georgio Sanassy,team_nrg_keiko,80.65,6,1942,77.54,77.6,-0.4,heuristic_review_required,Season-to-date evidence; may include matches after the July 9 pack snapshot
NRG,NRG,1,americas,rostered,mada,Adam Pampuch,CA,duelist,74,data/rosters/vct-2026/src/americas.yaml,5132,5132,corroborated,handle+profile_real_name,https://www.vlr.gg/player/5132/mada,NRG joined in October 2024,current_team_listed,Moist x Shopify September 2023 – September 2024 Inactive from September 2024|Andbox April 2021 – January 2022 Inactive from December 2021,Adam Pampuch,team_nrg_mada,74.92,6,1942,74.49,74.4,0.4,heuristic_review_required,Season-to-date evidence; may include matches after the July 9 pack snapshot
NRG,NRG,1,americas,rostered,skuba,Logan Jenkins,US,sentinel,70,data/rosters/vct-2026/src/americas.yaml,11118,11118,corroborated,handle+profile_real_name,https://www.vlr.gg/player/11118/skuba,NRG joined in May 2025,current_team_listed,Knights November 2021 – November 2022 Inactive from October 2022|Pioneers June 2021 – November 2021 Inactive from September 2021,Logan Jenkins,team_nrg_skuba,72.53,6,1942,76.29,74.8,4.8,heuristic_review_required,Season-to-date evidence; may include matches after the July 9 pack snapshot
100 Thieves,100T,1,americas,rostered,vora,Jordan Pulwer,US,initiator,68,data/rosters/vct-2026/src/americas.yaml,20140,20140,corroborated,handle+profile_real_name,https://www.vlr.gg/player/20140/vora,100 Thieves joined in November 2025,current_team_listed,,Jordan Pulwer,team_100_thieves_vora,72.41,4,1413,75.59,73.3,5.3,heuristic_review_required,Season-to-date evidence; may include matches after the July 9 pack snapshot
100 Thieves,100T,1,americas,rostered,Timotino,Timothee Lavigne Dupont,CA,duelist,73,data/rosters/vct-2026/src/americas.yaml,29893,29893,corroborated,handle+profile_real_name,https://www.vlr.gg/player/29893/timotino,100 Thieves joined in November 2025,current_team_listed,,Timothée Lavigne Dupont,team_100_thieves_timotino,74.92,4,1413,75.2,74.5,1.5,heuristic_review_required,Season-to-date evidence; may include matches after the July 9 pack snapshot
100 Thieves,100T,1,americas,rostered,Cryocells,Matthew Panganiban,US,sentinel,78,data/rosters/vct-2026/src/americas.yaml,4147,4147,corroborated,handle+profile_real_name,https://www.vlr.gg/player/4147/cryocells,100 Thieves joined in November 2025,current_team_listed,100 Thieves September 2022 – November 2025 Inactive from September 2025|XSET December 2021 – September 2022 Inactive from September 2022,Matthew Panganiban,team_100_thieves_cryocells,80.17,4,1413,74.65,75.6,-2.4,heuristic_review_required,Season-to-date evidence; may include matches after the July 9 pack snapshot
100 Thieves,100T,1,americas,rostered,bang,Sean Bezerra,US,controller,76,data/rosters/vct-2026/src/americas.yaml,3880,3880,corroborated,handle+profile_real_name,https://www.vlr.gg/player/3880/bang,100 Thieves joined in November 2025,current_team_listed,TSM June 2021 – April 2022 Inactive from September 2021,Sean Bezerra,team_100_thieves_bang,78.28,4,1413,76.85,76.6,0.6,heuristic_review_required,Season-to-date evidence; may include matches after the July 9 pack snapshot
100 Thieves,100T,1,americas,rostered,Asuna,Peter Mazuryk,US,duelist,72,data/rosters/vct-2026/src/americas.yaml,601,601,corroborated,handle+profile_real_name,https://www.vlr.gg/player/601/asuna,100 Thieves joined in November 2025,current_team_listed,100 Thieves October 2020 – November 2025 Inactive from September 2025,Peter Mazuryk,team_100_thieves_asuna,73.07,4,1413,75.35,74.4,2.4,heuristic_review_required,Season-to-date evidence; may include matches after the July 9 pack snapshot
Leviatan,LEV,1,americas,rostered,kiNgg,Francisco Aravena,CL,controller,79,data/rosters/vct-2026/src/americas.yaml,8549,8549,corroborated,handle+profile_real_name,https://www.vlr.gg/player/8549/kingg,LEVIATÁN joined in November 2021,current_team_listed,,Francisco Aravena,team_leviatan_kingg,82.69,4,1608,75.52,76.5,-2.5,heuristic_review_required,Season-to-date evidence; may include matches after the July 9 pack snapshot
Leviatan,LEV,1,americas,rostered,Neon,Bruno Rodriguez,AR,flex,87,data/rosters/vct-2026/src/americas.yaml,29243,29243,corroborated,handle+profile_real_name,https://www.vlr.gg/player/29243/neon,LEVIATÁN joined in November 2025,current_team_listed,,Bruno Rodríguez,team_leviatan_neon,89.5,4,1504,80.29,82.2,-4.8,heuristic_review_required,Season-to-date evidence; may include matches after the July 9 pack snapshot
Leviatan,LEV,1,americas,rostered,Sato,Eduardo Kenzo Nagahama Sato,BR,duelist,78,data/rosters/vct-2026/src/americas.yaml,21659,21659,corroborated,handle+profile_real_name,https://www.vlr.gg/player/21659/sato,LEVIATÁN joined in May 2025,current_team_listed,,Eduardo Kenzo Nagahama Sato,team_leviatan_sato,80.09,4,1608,77.62,77.7,-0.3,heuristic_review_required,Season-to-date evidence; may include matches after the July 9 pack snapshot
Leviatan,LEV,1,americas,rostered,spike,Rodrigo Lombardi,BR,duelist,76,data/rosters/vct-2026/src/americas.yaml,21661,21661,corroborated,handle+profile_real_name,https://www.vlr.gg/player/21661/spike,LEVIATÁN joined in November 2025,current_team_listed,,Rodrigo Lombardi,team_leviatan_spike,78.03,4,1608,73.56,74.2,-1.8,heuristic_review_required,Season-to-date evidence; may include matches after the July 9 pack snapshot
Leviatan,LEV,1,americas,rostered,blowz,Guilherme Oliveira,BR,initiator,77,data/rosters/vct-2026/src/americas.yaml,21251,21251,corroborated,handle+event_team_tag+country,https://www.vlr.gg/player/21251/blowz,LEVIATÁN joined in November 2025,current_team_listed,,Guilherme Oliviera,team_leviatan_blowz,77.87,4,1608,77.38,77.3,0.3,heuristic_review_required,Season-to-date evidence; may include matches after the July 9 pack snapshot
MIBR,MIBR,1,americas,rostered,Verno,Andrew Maust,US,initiator,71,data/rosters/vct-2026/src/americas.yaml,21668,21668,corroborated,handle+profile_real_name,https://www.vlr.gg/player/21668/verno,MIBR joined in March 2025,current_team_listed,"NRG October 2024 – March 2025 Inactive from February 2025|2025/02/16 NRG benches Verno and bonkar, adds brawk and Mikes",Andrew Maust,team_mibr_verno,75.3,3,1173,80.52,77.3,6.3,heuristic_review_required,Season-to-date evidence; may include matches after the July 9 pack snapshot
MIBR,MIBR,1,americas,rostered,zekken,Zachary Patrone,US,duelist,81,data/rosters/vct-2026/src/americas.yaml,4004,4004,corroborated,handle+profile_real_name,https://www.vlr.gg/player/4004/zekken,MIBR joined in December 2025,current_team_listed,XSET June 2021 – October 2022 Inactive from September 2022,Zachary Patrone,team_mibr_zekken,82.78,3,1173,76.25,77.9,-3.1,heuristic_review_required,Season-to-date evidence; may include matches after the July 9 pack snapshot
MIBR,MIBR,1,americas,rostered,aspas,Erick Santos,BR,duelist,83,data/rosters/vct-2026/src/americas.yaml,8480,8480,corroborated,handle+profile_real_name,https://www.vlr.gg/player/8480/aspas,MIBR joined in November 2024,current_team_listed,,Erick Santos,team_mibr_aspas,84.12,3,1173,77.61,79.4,-3.6,heuristic_review_required,Season-to-date evidence; may include matches after the July 9 pack snapshot
MIBR,MIBR,1,americas,rostered,tex,Ian Botsch,US,sentinel,68,data/rosters/vct-2026/src/americas.yaml,1818,1818,corroborated,handle+profile_real_name,https://www.vlr.gg/player/1818/tex,MIBR joined in December 2025 Inactive from September 2026,current_team_listed,MIBR joined in December 2025 Inactive from September 2026|LEVIATÁN October 2023 – October 2025 Inactive from September 2025,Ian Botsch,team_mibr_tex,71.0,3,1173,65.97,66.7,-1.3,heuristic_review_required,Season-to-date evidence; may include matches after the July 9 pack snapshot
MIBR,MIBR,1,americas,rostered,Mazino,Roberto Rivas,CL,controller,71,data/rosters/vct-2026/src/americas.yaml,7603,7603,corroborated,handle+profile_real_name,https://www.vlr.gg/player/7603/mazino,MIBR joined in December 2025,current_team_listed,KRÜ Esports November 2024 – November 2025 Inactive from October 2025|LEVIATÁN October 2022 – October 2024 Inactive from September 2024,Roberto Rivas,team_mibr_mazino,72.85,3,1173,73.87,72.9,1.9,heuristic_review_required,Season-to-date evidence; may include matches after the July 9 pack snapshot
KRU Esports,KRU,1,americas,rostered,saadhak,Matias Delipetro,AR,controller,79,data/rosters/vct-2026/src/americas.yaml,727,727,corroborated,handle+profile_real_name,https://www.vlr.gg/player/727/saadhak,KRÜ Esports joined in December 2025 Inactive from September 2026,current_team_listed,KRÜ Esports joined in December 2025 Inactive from September 2026,Matias Delipetro,team_kru_esports_saadhak,81.98,2,814,71.17,74.5,-4.5,heuristic_review_required,Season-to-date evidence; may include matches after the July 9 pack snapshot
KRU Esports,KRU,1,americas,rostered,mwzera,Leonardo Serrati,BR,initiator,80,data/rosters/vct-2026/src/americas.yaml,939,939,corroborated,handle+profile_real_name,https://www.vlr.gg/player/939/mwzera,KRÜ Esports joined in December 2025 Inactive from September 2026,current_team_listed,KRÜ Esports joined in December 2025 Inactive from September 2026|FURIA October 2022 – May 2025 Inactive from March 2025|Gamelanders Blue June 2020 – February 2022 Inactive from October 2021,Leonardo Serrati,team_kru_esports_mwzera,80.07,2,814,77.61,78.6,-1.4,heuristic_review_required,Season-to-date evidence; may include matches after the July 9 pack snapshot
KRU Esports,KRU,1,americas,rostered,Less,Felipe de Loyola Basso,BR,sentinel,85,data/rosters/vct-2026/src/americas.yaml,8447,8447,corroborated,handle+profile_real_name,https://www.vlr.gg/player/8447/less,KRÜ Esports joined in December 2025,current_team_listed,,Felipe de Loyola Basso,team_kru_esports_less,87.18,2,814,78.19,81.1,-3.9,heuristic_review_required,Season-to-date evidence; may include matches after the July 9 pack snapshot
KRU Esports,KRU,1,americas,rostered,heat,Olavo Marcelo,BR,duelist,74,data/rosters/vct-2026/src/americas.yaml,8673,8673,corroborated,handle+profile_real_name,https://www.vlr.gg/player/8673/heat,KRÜ Esports joined in June 2026,current_team_listed,KRÜ Esports March 2024 – November 2024 Inactive from September 2024|MIBR November 2022 – September 2023 Inactive from June 2023|Liberty Inactive from May 2021,Olavo Marcelo,team_kru_esports_heat,74.4,1,479,75.15,74.5,0.5,heuristic_review_required,Season-to-date evidence; may include matches after the July 9 pack snapshot
KRU Esports,KRU,1,americas,rostered,Dantedeu5,Jesus Federico Larrosa,AR,duelist,64,data/rosters/vct-2026/src/americas.yaml,41135,41135,corroborated,handle+profile_real_name,https://www.vlr.gg/player/41135/dantedeu5,KRÜ Esports joined in July 2025 Inactive from September 2026,current_team_listed,KRÜ Esports joined in July 2025 Inactive from September 2026,Jesús Federico Larrosa,team_kru_esports_dantedeu5,63.42,2,814,66.38,65.4,1.4,heuristic_review_required,Season-to-date evidence; may include matches after the July 9 pack snapshot
LOUD,LOUD,1,americas,rostered,erde,Roberto Lobos,CL,controller,78,data/rosters/vct-2026/src/americas.yaml,29242,29242,corroborated,handle+profile_real_name,https://www.vlr.gg/player/29242/erde,LOUD joined in March 2026,current_team_listed,,Roberto Lobos,team_loud_erde,81.0,3,948,77.75,77.8,-0.2,heuristic_review_required,Season-to-date evidence; may include matches after the July 9 pack snapshot
LOUD,LOUD,1,americas,rostered,lukxo,Lucca Travaioli,BR,controller,75,data/rosters/vct-2026/src/americas.yaml,28716,28716,corroborated,handle+profile_real_name,https://www.vlr.gg/player/28716/lukxo,LOUD joined in January 2025,current_team_listed,,Lucca Travaioli,team_loud_lukxo,77.19,4,1246,79.08,77.8,2.8,heuristic_review_required,Season-to-date evidence; may include matches after the July 9 pack snapshot
LOUD,LOUD,1,americas,rostered,Darker,Sebastian Castro Cicuamia,CO,flex,69,data/rosters/vct-2026/src/americas.yaml,10557,10557,corroborated,handle+profile_real_name,https://www.vlr.gg/player/10557/darker,LOUD joined in December 2025,current_team_listed,,Sebastián Castro Cicuamia,team_loud_darker,71.26,4,1246,72.68,71.5,2.5,heuristic_review_required,Season-to-date evidence; may include matches after the July 9 pack snapshot
LOUD,LOUD,1,americas,rostered,cauanzin,Cauan Pereira,BR,initiator,70,data/rosters/vct-2026/src/americas.yaml,6193,6193,corroborated,handle+profile_real_name,https://www.vlr.gg/player/6193/cauanzin,,no_current_team_listed,,Cauan Pereira,team_loud_cauanzin,73.41,2,457,72.84,71.2,1.2,heuristic_review_required,Season-to-date evidence; may include matches after the July 9 pack snapshot
LOUD,LOUD,1,americas,rostered,Virtyy,Leandro Moreno,DO,duelist,63,data/rosters/vct-2026/src/americas.yaml,3983,3983,corroborated,handle+profile_real_name,https://www.vlr.gg/player/3983/virtyy,,no_current_team_listed,FUSION January 2023 – November 2023 Inactive from August 2023,Leandro Moreno,team_loud_virtyy,63.27,2,457,66.91,64.7,1.7,heuristic_review_required,Season-to-date evidence; may include matches after the July 9 pack snapshot
FURIA,FUR,1,americas,rostered,artzin,Arthur Araujo,BR,sentinel,77,data/rosters/vct-2026/src/americas.yaml,5957,5957,corroborated,handle+profile_real_name,https://www.vlr.gg/player/5957/artzin,FURIA joined in December 2025,current_team_listed,,Arthur Araujo,team_furia_artzin,79.84,4,1310,73.13,74.3,-2.7,heuristic_review_required,Season-to-date evidence; may include matches after the July 9 pack snapshot
FURIA,FUR,1,americas,rostered,eeiu,Daniel Vucenovic,CA,initiator,70,data/rosters/vct-2026/src/americas.yaml,796,796,corroborated,handle+profile_real_name,https://www.vlr.gg/player/796/eeiu,FURIA joined in December 2025 Inactive from July 2026,current_team_listed,FURIA joined in December 2025 Inactive from July 2026|100 Thieves November 2023 – October 2025 Inactive from September 2025|NRG October 2020 – November 2022 Inactive from September 2022,Daniel Vucenovic,team_furia_eeiu,71.39,4,803,75.25,73.0,3.0,heuristic_review_required,Season-to-date evidence; may include matches after the July 9 pack snapshot
FURIA,FUR,1,americas,rostered,koalanoob,Gianfranco Potestio,CA,duelist,66,data/rosters/vct-2026/src/americas.yaml,3722,3722,corroborated,handle+profile_real_name,https://www.vlr.gg/player/3722/koalanoob,FURIA joined in December 2025 Inactive from September 2026,current_team_listed,"FURIA joined in December 2025 Inactive from September 2026|Natus Vincere December 2024 – June 2025 Inactive from June 2025|2025/06/02 NAVI benches koalanoob, allows him to explore options",Gianfranco Potestio,team_furia_koalanoob,68.43,4,1310,70.44,69.0,3.0,heuristic_review_required,Season-to-date evidence; may include matches after the July 9 pack snapshot
FURIA,FUR,1,americas,rostered,Shyy,Fabian Usnayo,CL,controller,64,data/rosters/vct-2026/src/americas.yaml,24007,24007,corroborated,handle+profile_real_name,https://www.vlr.gg/player/24007/shyy,FURIA joined in July 2026,current_team_listed,KRÜ Esports October 2023 – October 2025 Inactive from September 2025,Fabian Usnayo,team_furia_shyy,68.17,4,1413,73.55,70.7,6.7,heuristic_review_required,Season-to-date evidence; may include matches after the July 9 pack snapshot
FURIA,FUR,1,americas,rostered,basic,Luis Henrique Ferlin Tessaro,BR,flex,63,data/rosters/vct-2026/src/americas.yaml,37354,37354,corroborated,handle+profile_real_name,https://www.vlr.gg/player/37354/basic,FURIA joined in July 2026,current_team_listed,,Luis Henrique Ferlin Tessaro,team_furia_basic,65.36,1,563,80.87,71.6,8.6,heuristic_review_required,Season-to-date evidence; may include matches after the July 9 pack snapshot
Cloud9,C9,1,americas,rostered,Zellsis,Jordan Montemurro,US,flex,67,data/rosters/vct-2026/src/americas.yaml,729,729,corroborated,handle+profile_real_name,https://www.vlr.gg/player/729/zellsis,Cloud9 joined in October 2025,current_team_listed,Version1 August 2022 – October 2022 Inactive from September 2022,Jordan Montemurro,team_cloud9_zellsis,69.48,3,1020,68.83,68.2,1.2,heuristic_review_required,Season-to-date evidence; may include matches after the July 9 pack snapshot
Cloud9,C9,1,americas,rostered,OXY,Francis Hoang,US,duelist,75,data/rosters/vct-2026/src/americas.yaml,18796,18796,corroborated,handle+profile_real_name,https://www.vlr.gg/player/18796/oxy,Cloud9 joined in September 2023,current_team_listed,,Francis Hoang,team_cloud9_oxy,75.26,3,900,77.29,76.4,1.4,heuristic_review_required,Season-to-date evidence; may include matches after the July 9 pack snapshot
Cloud9,C9,1,americas,rostered,Notexxd,Jaden Anderson,BM,controller,68,data/rosters/vct-2026/src/americas.yaml,39021,39021,corroborated,handle+profile_real_name,https://www.vlr.gg/player/39021/notexxd,Certified Turtles,current_team_listed,,Jaden Anderson,team_cloud9_notexxd,71.26,3,1091,70.87,69.9,1.9,heuristic_review_required,Season-to-date evidence; may include matches after the July 9 pack snapshot
Cloud9,C9,1,americas,rostered,Jackk,Jack Foote,US,initiator,65,data/rosters/vct-2026/src/americas.yaml,44842,44842,corroborated,handle+profile_real_name,https://www.vlr.gg/player/44842/jackk,Cloud9 joined in May 2026,current_team_listed,,Jack Foote,team_cloud9_jackk,67.85,4,1168,74.16,71.0,6.0,heuristic_review_required,Season-to-date evidence; may include matches after the July 9 pack snapshot
Cloud9,C9,1,americas,rostered,FireBallOps,Cameron Tomaselli,US,sentinel,63,data/rosters/vct-2026/src/americas.yaml,10053,10053,corroborated,handle+profile_real_name,https://www.vlr.gg/player/10053/fireballops,Cloud9 joined in May 2026,current_team_listed,,Cameron Tomaselli,team_cloud9_fireballops,64.31,3,1154,68.56,66.7,3.7,heuristic_review_required,Season-to-date evidence; may include matches after the July 9 pack snapshot
Evil Geniuses,EG,1,americas,rostered,Paincakes,Jake Hass,US,initiator,66,data/rosters/vct-2026/src/americas.yaml,2164,2164,corroborated,handle+profile_real_name,https://www.vlr.gg/player/2164/paincakes,Evil Geniuses joined in May 2026,current_team_listed,"2026/05/07 Evil Geniuses overhaul roster, bench three in favor of fresh faces",Jake Hass,team_evil_geniuses_paincakes,67.11,4,1472,67.59,67.1,1.1,heuristic_review_required,Season-to-date evidence; may include matches after the July 9 pack snapshot
Evil Geniuses,EG,1,americas,rostered,bao,Bao Nguyen,VN,sentinel,64,data/rosters/vct-2026/src/americas.yaml,34400,34400,corroborated,handle+profile_real_name,https://www.vlr.gg/player/34400/bao,Evil Geniuses joined in November 2025,current_team_listed,,Bao Nguyen,team_evil_geniuses_bao,66.97,3,967,68.55,66.8,2.8,heuristic_review_required,Season-to-date evidence; may include matches after the July 9 pack snapshot
Evil Geniuses,EG,1,americas,rostered,dgzin,Douglas Silva,BR,duelist,76,data/rosters/vct-2026/src/americas.yaml,8873,8873,corroborated,handle+profile_real_name,https://www.vlr.gg/player/8873/dgzin,Evil Geniuses joined in November 2025,current_team_listed,,Douglas Silva,team_evil_geniuses_dgzin,77.67,3,967,76.97,76.6,0.6,heuristic_review_required,Season-to-date evidence; may include matches after the July 9 pack snapshot
Evil Geniuses,EG,1,americas,rostered,supamen,Phat Le,US,controller,66,data/rosters/vct-2026/src/americas.yaml,826,826,corroborated,handle+profile_real_name,https://www.vlr.gg/player/826/supamen,Evil Geniuses joined in January 2024,current_team_listed,FaZe Clan April 2022 – February 2023 Inactive from September 2022,Phat Le,team_evil_geniuses_supamen,66.61,3,967,72.7,70.1,4.1,heuristic_review_required,Season-to-date evidence; may include matches after the July 9 pack snapshot
Evil Geniuses,EG,1,americas,rostered,zerona,Javan Varela,MX,flex,67,data/rosters/vct-2026/src/americas.yaml,14048,14048,corroborated,handle+profile_real_name,https://www.vlr.gg/player/14048/zerona,Evil Geniuses joined in May 2026,current_team_listed,"2026/05/07 Evil Geniuses overhaul roster, bench three in favor of fresh faces",Javan Varela,team_evil_geniuses_zerona,67.67,4,1472,67.65,67.5,0.5,heuristic_review_required,Season-to-date evidence; may include matches after the July 9 pack snapshot
ENVY,ENVY,1,americas,rostered,Rossy,Daniel Abedrabbo,US,initiator,73,data/rosters/vct-2026/src/americas.yaml,1129,1129,corroborated,handle+profile_real_name,https://www.vlr.gg/player/1129/rossy,ENVY joined in January 2026 Inactive from September 2026,current_team_listed,ENVY joined in January 2026 Inactive from September 2026|LEVIATÁN March 2025 – August 2025 Inactive from May 2025|T1 November 2023 – October 2024 Inactive from July 2024|TSM January 2022 – December 2022 Inactive from September 2022,Daniel Abedrabbo,team_envy_rossy,74.87,3,964,74.32,73.8,0.8,heuristic_review_required,Season-to-date evidence; may include matches after the July 9 pack snapshot
ENVY,ENVY,1,americas,rostered,keznit,Angelo Mori,CL,duelist,74,data/rosters/vct-2026/src/americas.yaml,2462,2462,corroborated,handle+profile_real_name,https://www.vlr.gg/player/2462/keznit,ENVY joined in January 2026 Inactive from September 2026,current_team_listed,ENVY joined in January 2026 Inactive from September 2026|KRÜ Esports March 2023 – October 2025 Inactive from September 2025,Angelo Mori,team_envy_keznit,76.06,3,964,72.05,72.8,-1.2,heuristic_review_required,Season-to-date evidence; may include matches after the July 9 pack snapshot
ENVY,ENVY,1,americas,rostered,Demon1,Max Mazanov,US,sentinel,74,data/rosters/vct-2026/src/americas.yaml,26171,26171,corroborated,handle+profile_real_name,https://www.vlr.gg/player/26171/demon1,ENVY joined in February 2026 Inactive from September 2026,current_team_listed,ENVY joined in February 2026 Inactive from September 2026|LEVIATÁN October 2024 – August 2025 Inactive from May 2025,Max Mazanov,team_envy_demon1,75.84,3,828,71.38,72.5,-1.5,heuristic_review_required,Season-to-date evidence; may include matches after the July 9 pack snapshot
ENVY,ENVY,1,americas,rostered,Eggsterr,Evan Grady,US,controller,62,data/rosters/vct-2026/src/americas.yaml,35302,35302,corroborated,handle+profile_real_name,https://www.vlr.gg/player/35302/eggsterr,ENVY joined in March 2025,current_team_listed,,Evan Grady,team_envy_eggsterr,64.82,2,535,69.04,65.3,3.3,heuristic_review_required,Season-to-date evidence; may include matches after the July 9 pack snapshot
ENVY,ENVY,1,americas,rostered,GLYPH,Conner Garcia,US,controller,65,data/rosters/vct-2026/src/americas.yaml,8286,8286,corroborated,handle+profile_real_name,https://www.vlr.gg/player/8286/glyph,ENVY joined in June 2026 Inactive from September 2026,current_team_listed,"ENVY joined in June 2026 Inactive from September 2026|2026/06/30 GLYPH signs with Envy, P0PPIN benched",Conner Garcia,team_envy_glyph,69.47,4,1336,72.3,70.0,5.0,heuristic_review_required,Season-to-date evidence; may include matches after the July 9 pack snapshot
M80,M80,2,americas,rostered,NiSMO,Marc-Andre Tayar,CA,duelist,64,data/rosters/vct-2026/src/americas.yaml,4828,4828,corroborated,handle+profile_real_name,https://www.vlr.gg/player/4828/nismo,M80 joined in March 2026,current_team_listed,,Marc-Andre Tayar,team_m80_nismo,66.89,3,985,76.23,71.6,7.6,heuristic_review_required,Season-to-date evidence; may include matches after the July 9 pack snapshot
M80,M80,2,americas,rostered,Kyu,Mirel Braco Hrustemovic,CA,initiator,61,data/rosters/vct-2026/src/americas.yaml,30470,30470,corroborated,handle+profile_real_name,https://www.vlr.gg/player/30470/kyu,M80 joined in March 2026,current_team_listed,,Mirel Braco Hrustemovic,team_m80_kyu,62.39,4,1175,70.93,67.6,6.6,heuristic_review_required,Season-to-date evidence; may include matches after the July 9 pack snapshot
M80,M80,2,americas,rostered,spaz,Adam Laamoumi,MA,flex,61,data/rosters/vct-2026/src/americas.yaml,8422,8422,corroborated,handle+profile_real_name,https://www.vlr.gg/player/8422/spaz,M80 joined in March 2026,current_team_listed,,Adam Laamoumi,team_m80_spaz,63.97,4,1331,68.96,66.5,5.5,heuristic_review_required,Season-to-date evidence; may include matches after the July 9 pack snapshot
M80,M80,2,americas,rostered,Boni,Mark Bonifacio,US,sentinel,62,data/rosters/vct-2026/src/americas.yaml,24553,,candidate_needs_review,,https://www.vlr.gg/player/24553/boni,,unverified,,,team_m80_boni,65.55,0,0,,,,insufficient_identity_or_evidence,Season-to-date evidence; may include matches after the July 9 pack snapshot
M80,M80,2,americas,rostered,alvinboy,Alvin Hong,CA,controller,62,data/rosters/vct-2026/src/americas.yaml,17770,17770,corroborated,handle+profile_real_name,https://www.vlr.gg/player/17770/alvinboy,M80 joined in January 2026,current_team_listed,,Alvin Hong,team_m80_alvinboy,64.96,4,1464,69.2,67.1,5.1,heuristic_review_required,Season-to-date evidence; may include matches after the July 9 pack snapshot
Shopify Rebellion Black,SRB,2,americas,rostered,NaturE,Nicholas Garrison,US,initiator,62,data/rosters/vct-2026/src/americas.yaml,4927,4927,corroborated,handle+profile_real_name,https://www.vlr.gg/player/4927/nature,Shopify Rebellion Black joined in January 2026 Inactive from September 2026,current_team_listed,Shopify Rebellion Black joined in January 2026 Inactive from September 2026|Evil Geniuses January 2024 – December 2025 Inactive from November 2025,Nicholas Garrison,team_shopify_rebellion_black_nature,66.42,4,2002,69.02,67.4,5.4,heuristic_review_required,Season-to-date evidence; may include matches after the July 9 pack snapshot
Shopify Rebellion Black,SRB,2,americas,rostered,exa,Kim Lee-hwan,KR,duelist,60,data/rosters/vct-2026/src/americas.yaml,30556,30556,corroborated,handle+profile_real_name,https://www.vlr.gg/player/30556/exa,Shopify Rebellion Black joined in November 2025,current_team_listed,,Kim Lee-hwan (김이환),team_shopify_rebellion_black_exa,59.78,4,2002,65.74,64.4,4.4,heuristic_review_required,Season-to-date evidence; may include matches after the July 9 pack snapshot
Shopify Rebellion Black,SRB,2,americas,rostered,Zander,Alexander Dituri,CA,controller,59,data/rosters/vct-2026/src/americas.yaml,8082,8082,corroborated,handle+profile_real_name,https://www.vlr.gg/player/8082/zander,Shopify Rebellion Black joined in January 2026,current_team_listed,100 Thieves October 2024 – November 2025 Inactive from September 2025|Version1 December 2021 – November 2022 Inactive from September 2022,Alexander Dituri,team_shopify_rebellion_black_zander,60.1,4,2002,68.11,66.0,7.0,heuristic_review_required,Season-to-date evidence; may include matches after the July 9 pack snapshot
Shopify Rebellion Black,SRB,2,americas,rostered,Satellite,Derrick Xu,CA,flex,58,data/rosters/vct-2026/src/americas.yaml,29076,29076,corroborated,handle+profile_real_name,https://www.vlr.gg/player/29076/satellite,Shopify Rebellion Black joined in January 2026,current_team_listed,,Derrick Xu,team_shopify_rebellion_black_satellite,60.24,4,2002,64.3,62.8,4.8,heuristic_review_required,Season-to-date evidence; may include matches after the July 9 pack snapshot
Shopify Rebellion Black,SRB,2,americas,rostered,Smoke,Unknown,US,sentinel,58,data/rosters/vct-2026/src/americas.yaml,24228,24228,corroborated,handle+event_team_tag+country,https://www.vlr.gg/player/24228/smoke,Shopify Rebellion Black joined in March 2026,current_team_listed,,,team_shopify_rebellion_black_smoke,61.33,4,2004,68.01,65.7,7.7,heuristic_review_required,Season-to-date evidence; may include matches after the July 9 pack snapshot
Nightblood Gaming,NBG,2,americas,rostered,stellar,Brenden McGrath,US,controller,59,data/rosters/vct-2026/src/americas.yaml,733,733,corroborated,handle+profile_real_name,https://www.vlr.gg/player/733/stellar,Nightblood Gaming joined in May 2026,current_team_listed,"Benchwarmers left in July 2021|Luminosity August 2020 – August 2021 Inactive from May 2021|2021/05/25 stellar and thief moved to Luminosity bench|Nerd Street Gamers Summer Championship - Open 12 Playoffs –
																			9th–16th Benchwarmers 2021",Brenden McGrath,team_nightblood_gaming_stellar,62.77,3,1289,65.03,63.1,4.1,heuristic_review_required,Season-to-date evidence; may include matches after the July 9 pack snapshot
Nightblood Gaming,NBG,2,americas,rostered,stunna,Riley Stunard,US,duelist,58,data/rosters/vct-2026/src/americas.yaml,20957,20957,corroborated,handle+profile_real_name,https://www.vlr.gg/player/20957/stunna,Nightblood Gaming joined in May 2026,current_team_listed,,Riley Stunard,team_nightblood_gaming_stunna,59.0,2,929,58.88,58.5,0.5,heuristic_review_required,Season-to-date evidence; may include matches after the July 9 pack snapshot
Nightblood Gaming,NBG,2,americas,rostered,zeek,Burair Ali,CA,initiator,56,data/rosters/vct-2026/src/americas.yaml,26848|562,,ambiguous,,,,unverified,,,team_nightblood_gaming_zeek,59.73,0,0,,,,insufficient_identity_or_evidence,Season-to-date evidence; may include matches after the July 9 pack snapshot
Nightblood Gaming,NBG,2,americas,rostered,sonofcar,Carson Young,US,flex,56,data/rosters/vct-2026/src/americas.yaml,29074,29074,corroborated,handle+event_team_tag+country,https://www.vlr.gg/player/29074/sonofcar,Northwood University Nightblood Gaming joined in July 2025,current_team_listed,,,team_nightblood_gaming_sonofcar,57.02,3,1186,71.65,66.4,10.4,heuristic_review_required,Season-to-date evidence; may include matches after the July 9 pack snapshot
Nightblood Gaming,NBG,2,americas,rostered,toozy,Anthony De Leon,US,sentinel,57,data/rosters/vct-2026/src/americas.yaml,20959,20959,corroborated,handle+profile_real_name,https://www.vlr.gg/player/20959/toozy,Nightblood Gaming joined in May 2026 Northwood University,current_team_listed,,Anthony De Leon,team_nightblood_gaming_toozy,60.33,2,771,66.73,62.5,5.5,heuristic_review_required,Season-to-date evidence; may include matches after the July 9 pack snapshot
2GAME Esports,2G,2,americas,rostered,gobera,Vitor Gobo Cesar,BR,controller,60,data/rosters/vct-2026/src/americas.yaml,14950,14950,corroborated,handle+event_team_tag+country,https://www.vlr.gg/player/14950/gobera,2Game Esports joined in January 2026,current_team_listed,,Vitor Gobo,team_2game_esports_gobera,63.02,4,1745,66.29,64.7,4.7,heuristic_review_required,Season-to-date evidence; may include matches after the July 9 pack snapshot
2GAME Esports,2G,2,americas,rostered,frz,Leandro Fukuda Gomes,BR,duelist,58,data/rosters/vct-2026/src/americas.yaml,651,651,corroborated,handle+event_team_tag+country,https://www.vlr.gg/player/651/frz,2Game Esports joined in November 2025,current_team_listed,,Leandro Gomes,team_2game_esports_frz,61.35,4,1745,73.51,69.5,11.5,heuristic_review_required,Season-to-date evidence; may include matches after the July 9 pack snapshot
2GAME Esports,2G,2,americas,rostered,ambitioN,Gabriel Bertoni Lima,BR,initiator,57,data/rosters/vct-2026/src/americas.yaml,,,unobserved,,,,unverified,,,team_2game_esports_ambition,57.92,0,0,,,,insufficient_identity_or_evidence,Season-to-date evidence; may include matches after the July 9 pack snapshot
2GAME Esports,2G,2,americas,rostered,Brinks,Joao Victor,BR,flex,57,data/rosters/vct-2026/src/americas.yaml,27149,27149,corroborated,handle+profile_real_name,https://www.vlr.gg/player/27149/brinks,,no_current_team_listed,,João Victor,team_2game_esports_brinks,59.83,4,1745,66.49,64.1,7.1,heuristic_review_required,Season-to-date evidence; may include matches after the July 9 pack snapshot
2GAME Esports,2G,2,americas,rostered,xenom,Eduardo Ribeiro de Moura Soeiro,BR,sentinel,56,data/rosters/vct-2026/src/americas.yaml,20240,20240,corroborated,handle+event_team_tag+country,https://www.vlr.gg/player/20240/xenom,2Game Esports joined in May 2026,current_team_listed,,Eduardo Soeiro,team_2game_esports_xenom,58.6,3,1032,69.84,64.8,8.8,heuristic_review_required,Season-to-date evidence; may include matches after the July 9 pack snapshot
RED Canids,RED,2,americas,rostered,prozin,Wallacy Sales,BR,controller,55,data/rosters/vct-2026/src/americas.yaml,1566,1566,corroborated,handle+profile_real_name,https://www.vlr.gg/player/1566/prozin,Next,current_team_listed,,Wallacy Sales,team_red_canids_prozin,58.8,1,424,64.95,59.1,4.1,heuristic_review_required,Season-to-date evidence; may include matches after the July 9 pack snapshot
RED Canids,RED,2,americas,rostered,forbanz,Ithallo Paula,BR,duelist,55,data/rosters/vct-2026/src/americas.yaml,22964,22964,corroborated,handle+event_team_tag+country,https://www.vlr.gg/player/22964/forbanz,Next,current_team_listed,,,team_red_canids_forbanz,55.05,2,770,64.96,60.6,5.6,heuristic_review_required,Season-to-date evidence; may include matches after the July 9 pack snapshot
RED Canids,RED,2,americas,rostered,sw,Jadisson Rayan,BR,initiator,54,data/rosters/vct-2026/src/americas.yaml,25858,25858,corroborated,handle+profile_real_name,https://www.vlr.gg/player/25858/sw,RED Canids joined in May 2026,current_team_listed,,Jadisson Rayan,team_red_canids_sw,55.12,1,424,60.81,56.8,2.8,heuristic_review_required,Season-to-date evidence; may include matches after the July 9 pack snapshot
RED Canids,RED,2,americas,rostered,RgLMeister,Matheus Rodigoli,BR,flex,54,data/rosters/vct-2026/src/americas.yaml,5351,5351,corroborated,handle+profile_real_name,https://www.vlr.gg/player/5351/rglmeister,Next,current_team_listed,,Matheus Rodigoli,team_red_canids_rglmeister,54.97,2,968,64.72,60.6,6.6,heuristic_review_required,Season-to-date evidence; may include matches after the July 9 pack snapshot
RED Canids,RED,2,americas,rostered,Urango,Victor Rodrigues,BR,sentinel,53,data/rosters/vct-2026/src/americas.yaml,6238,6238,corroborated,handle+profile_real_name,https://www.vlr.gg/player/6238/urango,RED Canids joined in January 2026,current_team_listed,FURIA May 2025 – November 2025 Inactive from October 2025,Victor Rodrigues,team_red_canids_urango,55.72,2,968,59.71,57.1,4.1,heuristic_review_required,Season-to-date evidence; may include matches after the July 9 pack snapshot
BESTIA,BST,2,americas,rostered,Melser,Marco Eliot Machuca Amaro,CL,controller,64,data/rosters/vct-2026/src/americas.yaml,1311,1311,corroborated,handle+profile_real_name,https://www.vlr.gg/player/1311/melser,,no_current_team_listed,"KRÜ Esports October 2022 – October 2025 Inactive from September 2025|LEVIATÁN November 2021 – October 2022 Inactive from September 2022|2024/07/02 KRÜ bench Klaus, mta returns to starting lineup",Marco Eliot Machuca Amaro,team_bestia_melser,67.31,5,1406,71.44,69.2,5.2,heuristic_review_required,Season-to-date evidence; may include matches after the July 9 pack snapshot
BESTIA,BST,2,americas,rostered,Tacolilla,Vicente Compagnon,CL,duelist,62,data/rosters/vct-2026/src/americas.yaml,3828,3828,corroborated,handle+profile_real_name,https://www.vlr.gg/player/3828/tacolilla,,no_current_team_listed,LEVIATÁN November 2021 – October 2023 Inactive from September 2023,Vicente Compagnon,team_bestia_tacolilla,64.65,5,1406,69.15,67.0,5.0,heuristic_review_required,Season-to-date evidence; may include matches after the July 9 pack snapshot
BESTIA,BST,2,americas,rostered,david,David Olivares,CL,initiator,57,data/rosters/vct-2026/src/americas.yaml,12872,12872,corroborated,handle+profile_real_name,https://www.vlr.gg/player/12872/david,,no_current_team_listed,,David Olivares,team_bestia_david,59.42,5,1406,70.05,66.1,9.1,heuristic_review_required,Season-to-date evidence; may include matches after the July 9 pack snapshot
BESTIA,BST,2,americas,rostered,chubizin,Martin Ferres,CL,sentinel,58,data/rosters/vct-2026/src/americas.yaml,33570,33570,corroborated,handle+event_team_tag+country,https://www.vlr.gg/player/33570/chubizin,,no_current_team_listed,,,team_bestia_chubizin,62.09,5,1406,67.12,64.4,6.4,heuristic_review_required,Season-to-date evidence; may include matches after the July 9 pack snapshot
BESTIA,BST,2,americas,rostered,Loss,Unknown,BR,flex,56,data/rosters/vct-2026/src/americas.yaml,37105,37105,corroborated,handle+event_team_tag+country,https://www.vlr.gg/player/37105/loss,,no_current_team_listed,,Lorenzo Suffredini de Biazzi,team_bestia_loss,56.2,5,1237,69.51,65.1,9.1,heuristic_review_required,Season-to-date evidence; may include matches after the July 9 pack snapshot
EDward Gaming,EDG,1,china,rostered,ZmjjKK,Zheng Yongkang,CN,duelist,85,data/rosters/vct-2026/src/china.yaml,3520,3520,corroborated,handle+profile_real_name,https://www.vlr.gg/player/3520/zmjjkk,EDward Gaming joined in September 2021,current_team_listed,,Zheng Yongkang (郑永康),team_edward_gaming_zmjjkk,85.43,6,1839,76.91,78.9,-6.1,heuristic_review_required,Season-to-date evidence; may include matches after the July 9 pack snapshot
EDward Gaming,EDG,1,china,rostered,Smoggy,Zhang Zhao,CN,flex,80,data/rosters/vct-2026/src/china.yaml,4742,4742,corroborated,handle+profile_real_name,https://www.vlr.gg/player/4742/smoggy,EDward Gaming joined in July 2022,current_team_listed,,Zhang Zhao (张钊),team_edward_gaming_smoggy,83.1,6,1839,75.09,76.3,-3.7,heuristic_review_required,Season-to-date evidence; may include matches after the July 9 pack snapshot
EDward Gaming,EDG,1,china,rostered,nobody,Wang Senxu,CN,initiator,74,data/rosters/vct-2026/src/china.yaml,3017,3017,corroborated,handle+profile_real_name,https://www.vlr.gg/player/3017/nobody,EDward Gaming joined in September 2021,current_team_listed,,Wang Senxu (王森旭),team_edward_gaming_nobody,75.66,6,1839,72.23,72.7,-1.3,heuristic_review_required,Season-to-date evidence; may include matches after the July 9 pack snapshot
EDward Gaming,EDG,1,china,rostered,Jieni7,Zhang Juntai,CN,flex,73,data/rosters/vct-2026/src/china.yaml,51244,51244,corroborated,handle+profile_real_name,https://www.vlr.gg/player/51244/jieni7,EDward Gaming joined in March 2025,current_team_listed,,Zhang Juntai (张君泰),team_edward_gaming_jieni7,75.44,3,1282,69.89,70.9,-2.1,heuristic_review_required,Season-to-date evidence; may include matches after the July 9 pack snapshot
EDward Gaming,EDG,1,china,rostered,CHICHOO,Wan Shunzhi,CN,sentinel,79,data/rosters/vct-2026/src/china.yaml,15559,15559,corroborated,handle+profile_real_name,https://www.vlr.gg/player/15559/chichoo,EDward Gaming joined in May 2021,current_team_listed,,Wan Shunzhi (万顺治),team_edward_gaming_chichoo,82.21,6,1839,78.82,78.9,-0.1,heuristic_review_required,Season-to-date evidence; may include matches after the July 9 pack snapshot
Xi Lai Gaming,XLG,1,china,rostered,happywei,Teng Min-wei,TW,sentinel,80,data/rosters/vct-2026/src/china.yaml,37927,37927,corroborated,handle+event_team_tag+country,https://www.vlr.gg/player/37927/happywei,Xi Lai Gaming joined in March 2024,current_team_listed,,Deng Minwei (邓闵维),team_xi_lai_gaming_happywei,81.42,6,1896,78.1,78.6,-1.4,heuristic_review_required,Season-to-date evidence; may include matches after the July 9 pack snapshot
Xi Lai Gaming,XLG,1,china,rostered,Rarga,Arthur Churyumov,RU,duelist,74,data/rosters/vct-2026/src/china.yaml,22047,22047,corroborated,handle+profile_real_name,https://www.vlr.gg/player/22047/rarga,Xi Lai Gaming joined in December 2023,current_team_listed,,Arthur Churyumov,team_xi_lai_gaming_rarga,76.26,6,1896,74.05,74.0,0.0,heuristic_review_required,Season-to-date evidence; may include matches after the July 9 pack snapshot
Xi Lai Gaming,XLG,1,china,rostered,NoMan,James Man Ga Kit,HK,flex,71,data/rosters/vct-2026/src/china.yaml,11527,11527,corroborated,handle+event_team_tag+country,https://www.vlr.gg/player/11527/noman,Xi Lai Gaming,current_team_listed,Rare Atom August 2024 – October 2024 Inactive from September 2024,James Man,team_xi_lai_gaming_noman,73.25,6,1849,69.92,70.2,-0.8,heuristic_review_required,Season-to-date evidence; may include matches after the July 9 pack snapshot
Xi Lai Gaming,XLG,1,china,rostered,Lysoar,Liang Youhao,CN,controller,75,data/rosters/vct-2026/src/china.yaml,37489,37489,corroborated,handle+profile_real_name,https://www.vlr.gg/player/37489/lysoar,Xi Lai Gaming joined in November 2025,current_team_listed,Wolves Esports October 2024 – November 2025 Inactive from October 2025,Liang Youhao (梁优好),team_xi_lai_gaming_lysoar,76.08,6,1896,75.48,75.4,0.4,heuristic_review_required,Season-to-date evidence; may include matches after the July 9 pack snapshot
Xi Lai Gaming,XLG,1,china,rostered,WsLeo,Huang Ping-wei,TW,initiator,76,data/rosters/vct-2026/src/china.yaml,24308,24308,corroborated,handle+event_team_tag+country,https://www.vlr.gg/player/24308/wsleo,Xi Lai Gaming joined in December 2025,current_team_listed,,Huang Pinwei (黄品维),team_xi_lai_gaming_wsleo,79.03,6,1896,75.55,75.7,-0.3,heuristic_review_required,Season-to-date evidence; may include matches after the July 9 pack snapshot
Dragon Ranger Gaming,DRG,1,china,rostered,vo0kashu,Ilya Ushakov,RU,sentinel,81,data/rosters/vct-2026/src/china.yaml,3741,3741,corroborated,handle+profile_real_name,https://www.vlr.gg/player/3741/vo0kashu,Dragon Ranger Gaming joined in September 2023,current_team_listed,,Ilya Ushakov,team_dragon_ranger_gaming_vo0kashu,83.12,4,1530,83.7,82.9,1.9,heuristic_review_required,Season-to-date evidence; may include matches after the July 9 pack snapshot
Dragon Ranger Gaming,DRG,1,china,rostered,Life,Qu Donghao,CN,duelist,70,data/rosters/vct-2026/src/china.yaml,3028,3028,corroborated,handle+profile_real_name,https://www.vlr.gg/player/3028/life,Dragon Ranger Gaming joined in March 2026,current_team_listed,,Qu Donghao (瞿东豪),team_dragon_ranger_gaming_life,72.43,4,1380,71.05,70.7,0.7,heuristic_review_required,Season-to-date evidence; may include matches after the July 9 pack snapshot
Dragon Ranger Gaming,DRG,1,china,rostered,Nicc,Shao Yi-chun,TW,initiator,73,data/rosters/vct-2026/src/china.yaml,11524,11524,corroborated,handle+event_team_tag+country,https://www.vlr.gg/player/11524/nicc,Dragon Ranger Gaming joined in March 2023,current_team_listed,,Shao Yi-qun (邵逸群),team_dragon_ranger_gaming_nicc,75.21,4,1530,75.87,75.1,2.1,heuristic_review_required,Season-to-date evidence; may include matches after the July 9 pack snapshot
Dragon Ranger Gaming,DRG,1,china,rostered,SpiritZ1,Lin Ting-yu,TW,duelist,72,data/rosters/vct-2026/src/china.yaml,31753,31753,corroborated,handle+event_team_tag+country,https://www.vlr.gg/player/31753/spiritz1,Dragon Ranger Gaming joined in October 2024,current_team_listed,,Lin Dingyu (林定宇),team_dragon_ranger_gaming_spiritz1,73.98,4,1530,73.55,73.1,1.1,heuristic_review_required,Season-to-date evidence; may include matches after the July 9 pack snapshot
Dragon Ranger Gaming,DRG,1,china,rostered,Verse,Zhou Zijun,CN,controller,66,data/rosters/vct-2026/src/china.yaml,55817,55817,corroborated,handle+profile_real_name,https://www.vlr.gg/player/55817/verse,Dragon Ranger Gaming joined in June 2026,current_team_listed,,Zhou Zijun (周子钧),team_dragon_ranger_gaming_verse,70.09,1,561,69.2,67.5,1.5,heuristic_review_required,Season-to-date evidence; may include matches after the July 9 pack snapshot
All Gamers,AG,1,china,rostered,K1ra,Huang Zhihao,CN,sentinel,72,data/rosters/vct-2026/src/china.yaml,46748,46748,corroborated,handle+profile_real_name,https://www.vlr.gg/player/46748/k1ra,All Gamers joined in October 2024,current_team_listed,,Huang Zhihao (黄志豪),team_all_gamers_k1ra,74.25,4,1555,75.3,74.4,2.4,heuristic_review_required,Season-to-date evidence; may include matches after the July 9 pack snapshot
All Gamers,AG,1,china,rostered,Shr1mp,Yang Yong,CN,initiator,74,data/rosters/vct-2026/src/china.yaml,25494,25494,corroborated,handle+profile_real_name,https://www.vlr.gg/player/25494/shr1mp,All Gamers joined in June 2025,current_team_listed,,Yang Yong (杨勇),team_all_gamers_shr1mp,77.45,4,1555,77.78,76.7,2.7,heuristic_review_required,Season-to-date evidence; may include matches after the July 9 pack snapshot
All Gamers,AG,1,china,rostered,f4ngeer,Roman Smirnov,RU,duelist,78,data/rosters/vct-2026/src/china.yaml,21216,21216,corroborated,handle+profile_real_name,https://www.vlr.gg/player/21216/f4ngeer,All Gamers joined in December 2025,current_team_listed,KCORP Blue Stars January 2025 – November 2025 Inactive from October 2025,Roman Smirnov,team_all_gamers_f4ngeer,80.13,4,1555,79.81,79.3,1.3,heuristic_review_required,Season-to-date evidence; may include matches after the July 9 pack snapshot
All Gamers,AG,1,china,rostered,iamgrq,Gao Ruiqi,CN,controller,70,data/rosters/vct-2026/src/china.yaml,58959,58959,corroborated,handle+profile_real_name,https://www.vlr.gg/player/58959/iamgrq,All Gamers joined in December 2025,current_team_listed,,Gao Ruiqi (高锐琦),team_all_gamers_iamgrq,73.14,4,1555,74.37,73.2,3.2,heuristic_review_required,Season-to-date evidence; may include matches after the July 9 pack snapshot
All Gamers,AG,1,china,rostered,Bai,Zhang Zeyang,CN,duelist,63,data/rosters/vct-2026/src/china.yaml,52101,52101,corroborated,handle+profile_real_name,https://www.vlr.gg/player/52101/bai,All Gamers joined in April 2026,current_team_listed,,Zhang Zeyang (张泽洋),team_all_gamers_bai,65.38,2,740,69.12,66.4,3.4,heuristic_review_required,Season-to-date evidence; may include matches after the July 9 pack snapshot
TYLOO,TYL,1,china,rostered,slowly,Sun Kelun,CN,controller,78,data/rosters/vct-2026/src/china.yaml,41739,41739,corroborated,handle+event_team_tag+country,https://www.vlr.gg/player/41739/slowly,TYLOO joined in December 2024,current_team_listed,TYLOO joined in November 2023 Inactive from March 2024,Kelun Sun (孙科伦),team_tyloo_slowly,80.37,4,1599,82.06,81.0,3.0,heuristic_review_required,Season-to-date evidence; may include matches after the July 9 pack snapshot
TYLOO,TYL,1,china,rostered,Erv,Shen Zhiwei,CN,flex,74,data/rosters/vct-2026/src/china.yaml,55085,55085,corroborated,handle+profile_real_name,https://www.vlr.gg/player/55085/erv,TYLOO joined in December 2025,current_team_listed,,Shen Zhiwei,team_tyloo_erv,75.2,4,1599,77.83,76.8,2.8,heuristic_review_required,Season-to-date evidence; may include matches after the July 9 pack snapshot
TYLOO,TYL,1,china,rostered,splash,Moses Christophe Jonathan,ID,duelist,72,data/rosters/vct-2026/src/china.yaml,36685,36685,corroborated,handle+profile_real_name,https://www.vlr.gg/player/36685/splash,TYLOO joined in August 2025,current_team_listed,,Moses Christophe Jonathan,team_tyloo_splash,73.17,4,1599,81.53,78.9,6.9,heuristic_review_required,Season-to-date evidence; may include matches after the July 9 pack snapshot
TYLOO,TYL,1,china,rostered,Scales,Zhang Zhen,CN,sentinel,70,data/rosters/vct-2026/src/china.yaml,39485,39485,corroborated,handle+profile_real_name,https://www.vlr.gg/player/39485/scales,TYLOO joined in April 2025,current_team_listed,,Zhang Zhen (张震),team_tyloo_scales,73.59,4,1599,73.86,72.8,2.8,heuristic_review_required,Season-to-date evidence; may include matches after the July 9 pack snapshot
TYLOO,TYL,1,china,rostered,SiuFatBB,Pong Ka Hei,HK,initiator,69,data/rosters/vct-2026/src/china.yaml,7849,7849,corroborated,handle+event_team_tag+country,https://www.vlr.gg/player/7849/siufatbb,TYLOO joined in June 2026,current_team_listed,Wolves Esports May 2024 – June 2026 Inactive from June 2026,Pong Gaa Hei (庞加曦),team_tyloo_siufatbb,70.9,4,1276,73.83,72.3,3.3,heuristic_review_required,Season-to-date evidence; may include matches after the July 9 pack snapshot
JDG Esports,JDG,1,china,rostered,zhe,Niu Zhe,CN,flex,74,data/rosters/vct-2026/src/china.yaml,49476,49476,corroborated,handle+profile_real_name,https://www.vlr.gg/player/49476/zhe,JD Gaming joined in November 2025,current_team_listed,,Niu Zhe (牛哲),team_jdg_esports_zhe,74.24,4,1616,77.06,76.2,2.2,heuristic_review_required,Season-to-date evidence; may include matches after the July 9 pack snapshot
JDG Esports,JDG,1,china,rostered,Yuicaw,Huang Yung-chieh,TW,flex,68,data/rosters/vct-2026/src/china.yaml,11218,11218,corroborated,handle+profile_real_name,https://www.vlr.gg/player/11218/yuicaw,JD Gaming joined in November 2025,current_team_listed,Wolves Esports January 2024 – November 2025 Inactive from September 2025,Huang Yung-chieh (黃湧傑),team_jdg_esports_yuicaw,70.92,4,1616,74.39,72.7,4.7,heuristic_review_required,Season-to-date evidence; may include matches after the July 9 pack snapshot
JDG Esports,JDG,1,china,rostered,jkuro,Yeung Ho Chung,HK,sentinel,68,data/rosters/vct-2026/src/china.yaml,3519,,candidate_needs_review,,https://www.vlr.gg/player/3519/jkuro,,unverified,,,team_jdg_esports_jkuro,71.43,0,0,,,,insufficient_identity_or_evidence,Season-to-date evidence; may include matches after the July 9 pack snapshot
JDG Esports,JDG,1,china,rostered,BerLIN,Chang Po-lin,TW,controller,67,data/rosters/vct-2026/src/china.yaml,7857,7857,corroborated,handle+event_team_tag+country,https://www.vlr.gg/player/7857/berlin,JD Gaming joined in June 2026,current_team_listed,2025/03/04 BerLIN retires from competitive play,Zhang Bolin (張柏霖),team_jdg_esports_berlin,69.15,4,1224,72.1,70.4,3.4,heuristic_review_required,Season-to-date evidence; may include matches after the July 9 pack snapshot
JDG Esports,JDG,1,china,rostered,crownfisher,Li Ao,CN,duelist,62,data/rosters/vct-2026/src/china.yaml,64969,64969,corroborated,handle+profile_real_name,https://www.vlr.gg/player/64969/crownfisher,JD Gaming joined in June 2026,current_team_listed,,Li Ao (李翱),team_jdg_esports_crownfisher,65.49,2,821,68.63,65.8,3.8,heuristic_review_required,Season-to-date evidence; may include matches after the July 9 pack snapshot
Titan Esports Club,TEC,1,china,rostered,Spitfires,Xin Mingyang,CN,duelist,69,data/rosters/vct-2026/src/china.yaml,4881,4881,corroborated,handle+event_team_tag+country,https://www.vlr.gg/player/4881/spitfires,Titan Esports Club joined in March 2026,current_team_listed,,Xin Mingyan (辛明阳),team_titan_esports_club_spitfires,72.72,2,651,70.51,69.8,0.8,heuristic_review_required,Season-to-date evidence; may include matches after the July 9 pack snapshot
Titan Esports Club,TEC,1,china,rostered,CoCo,Ding Dajian,CN,controller,67,data/rosters/vct-2026/src/china.yaml,47629,47629,corroborated,handle+profile_real_name,https://www.vlr.gg/player/47629/coco,Titan Esports Club joined in March 2025,current_team_listed,,Ding Dajian (丁达建),team_titan_esports_club_coco,67.89,3,1321,75.09,72.6,5.6,heuristic_review_required,Season-to-date evidence; may include matches after the July 9 pack snapshot
Titan Esports Club,TEC,1,china,rostered,Dynamite,Zhao Zihao,CN,duelist,69,data/rosters/vct-2026/src/china.yaml,42235,42235,corroborated,handle+profile_real_name,https://www.vlr.gg/player/42235/dynamite,Titan Esports Club joined in December 2024,current_team_listed,,Zhao Zihao (赵梓浩),team_titan_esports_club_dynamite,70.82,3,1321,73.52,72.1,3.1,heuristic_review_required,Season-to-date evidence; may include matches after the July 9 pack snapshot
Titan Esports Club,TEC,1,china,rostered,Haodong,Guo Haodong,CN,sentinel,68,data/rosters/vct-2026/src/china.yaml,4720,4720,corroborated,handle+profile_real_name,https://www.vlr.gg/player/4720/haodong,Titan Esports Club joined in October 2024,current_team_listed,,Guo Haodong (郭浩东),team_titan_esports_club_haodong,72.33,3,1321,68.59,68.4,0.4,heuristic_review_required,Season-to-date evidence; may include matches after the July 9 pack snapshot
Titan Esports Club,TEC,1,china,rostered,lucas,Lu Yunkun,CN,initiator,72,data/rosters/vct-2026/src/china.yaml,19677,19677,corroborated,handle+event_team_tag+country,https://www.vlr.gg/player/19677/lucas,Titan Esports Club joined in May 2025,current_team_listed,,Yunkun Lu (路昀昆),team_titan_esports_club_lucas,75.79,3,1321,75.79,74.6,2.6,heuristic_review_required,Season-to-date evidence; may include matches after the July 9 pack snapshot
Trace Esports,TE,1,china,rostered,Kai,Lu Zhinan,CN,duelist,73,data/rosters/vct-2026/src/china.yaml,37494,37494,corroborated,handle+profile_real_name,https://www.vlr.gg/player/37494/kai,Trace Esports joined in September 2023,current_team_listed,,Lu Zhinan (卢智楠),team_trace_esports_kai,74.73,3,1330,73.4,73.3,0.3,heuristic_review_required,Season-to-date evidence; may include matches after the July 9 pack snapshot
Trace Esports,TE,1,china,rostered,deLb,Delbert Tanoto,ID,controller,74,data/rosters/vct-2026/src/china.yaml,10821,10821,corroborated,handle+profile_real_name,https://www.vlr.gg/player/10821/delb,Trace Esports joined in November 2025,current_team_listed,All Gamers January 2024 – November 2025 Inactive from October 2025,Delbert Tanoto,team_trace_esports_delb,76.34,3,1330,77.32,76.3,2.3,heuristic_review_required,Season-to-date evidence; may include matches after the July 9 pack snapshot
Trace Esports,TE,1,china,rostered,LuoK1ng,Zhang Zhanpeng,CN,flex,68,data/rosters/vct-2026/src/china.yaml,3045,3045,corroborated,handle+profile_real_name,https://www.vlr.gg/player/3045/luok1ng,Trace Esports joined in March 2024,current_team_listed,,Zhang Zhanpeng (张展鹏),team_trace_esports_luok1ng,69.25,2,924,71.6,70.2,2.2,heuristic_review_required,Season-to-date evidence; may include matches after the July 9 pack snapshot
Trace Esports,TE,1,china,rostered,FengF,Song Xuefeng,CN,flex,66,data/rosters/vct-2026/src/china.yaml,4770,4770,corroborated,handle+profile_real_name,https://www.vlr.gg/player/4770/fengf,Trace Esports joined in June 2023,current_team_listed,,Song Xuefeng (宋学锋),team_trace_esports_fengf,68.48,2,924,76.77,72.5,6.5,heuristic_review_required,Season-to-date evidence; may include matches after the July 9 pack snapshot
Trace Esports,TE,1,china,rostered,Abo,Han Bohao,CN,sentinel,69,data/rosters/vct-2026/src/china.yaml,5011,5011,corroborated,handle+profile_real_name,https://www.vlr.gg/player/5011/abo,Trace Esports joined in March 2026,current_team_listed,,Han Bohao (韩博皓),team_trace_esports_abo,70.12,2,661,71.55,70.3,1.3,heuristic_review_required,Season-to-date evidence; may include matches after the July 9 pack snapshot
Bilibili Gaming,BLG,1,china,rostered,whzy,Wang Haozhe,CN,duelist,74,data/rosters/vct-2026/src/china.yaml,4885,4885,corroborated,handle+profile_real_name,https://www.vlr.gg/player/4885/whzy,Bilibili Gaming,current_team_listed,,Wang Haozhe (王昊哲),team_bilibili_gaming_whzy,74.84,3,1266,79.14,77.5,3.5,heuristic_review_required,Season-to-date evidence; may include matches after the July 9 pack snapshot
Bilibili Gaming,BLG,1,china,rostered,Knight,Liu Yuxiang,CN,initiator,72,data/rosters/vct-2026/src/china.yaml,4774,4774,corroborated,handle+profile_real_name,https://www.vlr.gg/player/4774/knight,Bilibili Gaming,current_team_listed,,Liu Yuxiang (刘宇翔),team_bilibili_gaming_knight,73.76,3,1065,79.13,76.6,4.6,heuristic_review_required,Season-to-date evidence; may include matches after the July 9 pack snapshot
Bilibili Gaming,BLG,1,china,rostered,nephh,Marcus Tan Kai Wen,SG,controller,76,data/rosters/vct-2026/src/china.yaml,10698,10698,corroborated,handle+event_team_tag+country,https://www.vlr.gg/player/10698/nephh,Bilibili Gaming joined in June 2024,current_team_listed,,Marcus Tan,team_bilibili_gaming_nephh,77.77,3,1266,71.05,72.6,-3.4,heuristic_review_required,Season-to-date evidence; may include matches after the July 9 pack snapshot
Bilibili Gaming,BLG,1,china,rostered,rushia,Wang Xiaojie,CN,sentinel,68,data/rosters/vct-2026/src/china.yaml,48878,48878,corroborated,handle+profile_real_name,https://www.vlr.gg/player/48878/rushia,Bilibili Gaming joined in October 2024,current_team_listed,,Wang Xiaojie (王晓杰),team_bilibili_gaming_rushia,72.05,3,1266,70.94,70.0,2.0,heuristic_review_required,Season-to-date evidence; may include matches after the July 9 pack snapshot
Bilibili Gaming,BLG,1,china,rostered,FT,Yan Shuaibo,CN,duelist,63,data/rosters/vct-2026/src/china.yaml,64029,64029,corroborated,handle+profile_real_name,https://www.vlr.gg/player/64029/ft,Bilibili Gaming joined in June 2026,current_team_listed,,Yan Shuaibo (闫帅博),team_bilibili_gaming_ft,65.54,2,713,65.82,64.5,1.5,heuristic_review_required,Season-to-date evidence; may include matches after the July 9 pack snapshot
FunPlus Phoenix,FPX,1,china,rostered,AAAAY,Zhang Yang,CN,sentinel,76,data/rosters/vct-2026/src/china.yaml,19530,19530,corroborated,handle+profile_real_name,https://www.vlr.gg/player/19530/aaaay,FunPlus Phoenix joined in January 2023,current_team_listed,,Zhang Yang (张杨),team_funplus_phoenix_aaaay,79.04,3,841,75.05,75.4,-0.6,heuristic_review_required,Season-to-date evidence; may include matches after the July 9 pack snapshot
FunPlus Phoenix,FPX,1,china,rostered,coconut,Colin Patrick Chung,HK,initiator,70,data/rosters/vct-2026/src/china.yaml,12365,12365,corroborated,handle+profile_real_name,https://www.vlr.gg/player/12365/coconut,FunPlus Phoenix joined in June 2026,current_team_listed,,Colin Patrick Chung (钟弘祖),team_funplus_phoenix_coconut,73.16,3,1233,75.3,73.6,3.6,heuristic_review_required,Season-to-date evidence; may include matches after the July 9 pack snapshot
FunPlus Phoenix,FPX,1,china,rostered,kovaQ,Blendi Kovaci,AL,initiator,66,data/rosters/vct-2026/src/china.yaml,7987,7987,corroborated,handle+profile_real_name,https://www.vlr.gg/player/7987/kovaq,,no_current_team_listed,"Team Vitality June 2025 – January 2026 Inactive from October 2025|Get On My Level! Playoffs –
																			2nd $149 benched players 2022",Blendi Kovaci,team_funplus_phoenix_kovaq,70.93,2,700,73.46,70.0,4.0,heuristic_review_required,Season-to-date evidence; may include matches after the July 9 pack snapshot
FunPlus Phoenix,FPX,1,china,rostered,Setrod,Ou Tai-keng,TW,duelist,67,data/rosters/vct-2026/src/china.yaml,50025,50025,corroborated,handle+event_team_tag+country,https://www.vlr.gg/player/50025/setrod,FunPlus Phoenix joined in November 2025,current_team_listed,,Ou Taigeng (欧泰赓),team_funplus_phoenix_setrod,68.85,3,841,73.45,70.8,3.8,heuristic_review_required,Season-to-date evidence; may include matches after the July 9 pack snapshot
FunPlus Phoenix,FPX,1,china,rostered,Xlele,Zhao Yanbo,CN,flex,68,data/rosters/vct-2026/src/china.yaml,54487,54487,corroborated,handle+profile_real_name,https://www.vlr.gg/player/54487/xlele,FunPlus Phoenix joined in June 2026,current_team_listed,,Zhao Yanbo (赵炎博),team_funplus_phoenix_xlele,69.66,2,844,74.09,71.6,3.6,heuristic_review_required,Season-to-date evidence; may include matches after the July 9 pack snapshot
Wolves Esports,WOL,1,china,rostered,Spring,Liu Chun-ting,TW,controller,75,data/rosters/vct-2026/src/china.yaml,14125,14125,corroborated,handle+event_team_tag+country,https://www.vlr.gg/player/14125/spring,Wolves Esports joined in January 2024,current_team_listed,,Liu Jiunting (刘俊霆),team_wolves_esports_spring,75.75,3,1061,74.97,75.0,-0.0,heuristic_review_required,Season-to-date evidence; may include matches after the July 9 pack snapshot
Wolves Esports,WOL,1,china,rostered,yosemite,Wang Lei,CN,sentinel,71,data/rosters/vct-2026/src/china.yaml,6022,6022,corroborated,handle+profile_real_name,https://www.vlr.gg/player/6022/yosemite,Wolves Esports joined in November 2025,current_team_listed,,Wang Lei (王磊),team_wolves_esports_yosemite,76.12,3,1061,74.64,73.3,2.3,heuristic_review_required,Season-to-date evidence; may include matches after the July 9 pack snapshot
Wolves Esports,WOL,1,china,rostered,glacier,Liang Zhe-kai,TW,duelist,66,data/rosters/vct-2026/src/china.yaml,49973,49973,corroborated,handle+profile_real_name,https://www.vlr.gg/player/49973/glacier,Wolves Esports joined in March 2026 是這裡嗎,current_team_listed,,Liang Zhekai (梁哲恺),team_wolves_esports_glacier,66.09,2,772,72.46,69.6,3.6,heuristic_review_required,Season-to-date evidence; may include matches after the July 9 pack snapshot
Wolves Esports,WOL,1,china,rostered,aluba,Zhong Haojun,CN,initiator,66,data/rosters/vct-2026/src/china.yaml,14441,14441,corroborated,handle+profile_real_name,https://www.vlr.gg/player/14441/aluba,Wolves Esports joined in June 2026,current_team_listed,,Zhong Haojun (钟皓钧),team_wolves_esports_aluba,67.63,1,519,70.74,68.2,2.2,heuristic_review_required,Season-to-date evidence; may include matches after the July 9 pack snapshot
Wolves Esports,WOL,1,china,rostered,Deryeon,Derrick Yee Dong Ting,SG,controller,67,data/rosters/vct-2026/src/china.yaml,9152,9152,corroborated,handle+event_team_tag+country,https://www.vlr.gg/player/9152/deryeon,Wolves Esports joined in July 2026,current_team_listed,"BLEED September 2022 – October 2024 Inactive from August 2024|2024/08/13 BLEED announce roster overhaul, bench four players",Derrick Yee,team_wolves_esports_deryeon,68.74,2,1008,71.84,70.0,3.0,heuristic_review_required,Season-to-date evidence; may include matches after the July 9 pack snapshot
Nova Esports,NOVA,1,china,rostered,qiutiaN,Bijan Moeinzadeh,TW,initiator,70,data/rosters/vct-2026/src/china.yaml,43007,43007,corroborated,handle+profile_real_name,https://www.vlr.gg/player/43007/qiutian,Nova Esports joined in March 2026,current_team_listed,,Bijan Moeinzadeh (慕英毕强),team_nova_esports_qiutian,74.75,3,962,70.18,70.1,0.1,heuristic_review_required,Season-to-date evidence; may include matches after the July 9 pack snapshot
Nova Esports,NOVA,1,china,rostered,cb,Wang Qingchuan,CN,flex,66,data/rosters/vct-2026/src/china.yaml,39697,39697,corroborated,handle+profile_real_name,https://www.vlr.gg/player/39697/cb,Nova Esports joined in July 2026,current_team_listed,,Wang Qingchuan (王庆川),team_nova_esports_cb,67.46,3,947,75.53,71.8,5.8,heuristic_review_required,Season-to-date evidence; may include matches after the July 9 pack snapshot
Nova Esports,NOVA,1,china,rostered,swagzor,Mikhail Vanyushin,RU,duelist,71,data/rosters/vct-2026/src/china.yaml,45492,45492,corroborated,handle+event_team_tag+country,https://www.vlr.gg/player/45492/swagzor,Nova Esports joined in March 2026,current_team_listed,,Mikhail Vaniushin,team_nova_esports_swagzor,71.55,2,673,78.64,75.0,4.0,heuristic_review_required,Season-to-date evidence; may include matches after the July 9 pack snapshot
Nova Esports,NOVA,1,china,rostered,GuanG,Guang Honglin,CN,sentinel,67,data/rosters/vct-2026/src/china.yaml,41054,41054,corroborated,handle+profile_real_name,https://www.vlr.gg/player/41054/guang,Nova Esports joined in January 2024,current_team_listed,,Guang Honglin (光洪霖),team_nova_esports_guang,69.97,3,821,74.9,71.6,4.6,heuristic_review_required,Season-to-date evidence; may include matches after the July 9 pack snapshot
Nova Esports,NOVA,1,china,rostered,Ezeir,Zhao Zejun,CN,controller,68,data/rosters/vct-2026/src/china.yaml,46460,46460,corroborated,handle+profile_real_name,https://www.vlr.gg/player/46460/ezeir,Nova Esports joined in June 2024,current_team_listed,,Zhao Zejun (赵泽骏),team_nova_esports_ezeir,70.88,3,821,77.21,73.3,5.3,heuristic_review_required,Season-to-date evidence; may include matches after the July 9 pack snapshot
Weibo Gaming,WBG,2,china,rostered,heybay,Ho Shun Hei,HK,initiator,61,data/rosters/vct-2026/src/china.yaml,4712,4712,corroborated,handle+profile_real_name,https://www.vlr.gg/player/4712/heybay,Weibo Gaming joined in May 2026,current_team_listed,2026/06/28 OBONE retires and heybay departs Nova Esports,Ho Shun Hei,team_weibo_gaming_heybay,63.59,1,148,67.72,62.3,1.3,heuristic_review_required,Season-to-date evidence; may include matches after the July 9 pack snapshot
Weibo Gaming,WBG,2,china,rostered,Yoyo,Hsu Yuh-siang,TW,duelist,62,data/rosters/vct-2026/src/china.yaml,11843,,candidate_needs_review,,https://www.vlr.gg/player/11843/yoyo,,unverified,,,team_weibo_gaming_yoyo,64.98,0,0,,,,insufficient_identity_or_evidence,Season-to-date evidence; may include matches after the July 9 pack snapshot
Weibo Gaming,WBG,2,china,rostered,Satoshi,Fei Zhixian,CN,controller,58,data/rosters/vct-2026/src/china.yaml,46532,46532,corroborated,handle+profile_real_name,https://www.vlr.gg/player/46532/satoshi,Weibo Gaming joined in April 2026,current_team_listed,Xi Lai Gaming December 2023 – December 2024 Inactive from October 2024,Fei Zhixian (费郅贤),team_weibo_gaming_satoshi,61.45,0,0,,,,insufficient_identity_or_evidence,Season-to-date evidence; may include matches after the July 9 pack snapshot
Weibo Gaming,WBG,2,china,rostered,AcMe,Cha Il-hwan,KR,sentinel,59,data/rosters/vct-2026/src/china.yaml,4666,4666,corroborated,handle+profile_real_name,https://www.vlr.gg/player/4666/acme,Weibo Gaming joined in April 2026,current_team_listed,,Cha Il-hwan (차일환),team_weibo_gaming_acme,62.07,0,0,,,,insufficient_identity_or_evidence,Season-to-date evidence; may include matches after the July 9 pack snapshot
Rare Atom,RA,2,china,rostered,Midnight,Wang Yingjie,CN,controller,57,data/rosters/vct-2026/src/china.yaml,,,unobserved,,,,unverified,,,team_rare_atom_midnight,58.86,0,0,,,,insufficient_identity_or_evidence,Season-to-date evidence; may include matches after the July 9 pack snapshot
Rare Atom,RA,2,china,rostered,Ben1Ley,Shi Benyu,CN,duelist,61,data/rosters/vct-2026/src/china.yaml,55823,55823,corroborated,handle+profile_real_name,https://www.vlr.gg/player/55823/ben1ley,Rare Atom joined in June 2026,current_team_listed,,Shi Benyu,team_rare_atom_ben1ley,61.79,1,262,69.93,63.7,2.7,heuristic_review_required,Season-to-date evidence; may include matches after the July 9 pack snapshot
Rare Atom,RA,2,china,rostered,Z1Yan,Liu Zihan,CN,flex,58,data/rosters/vct-2026/src/china.yaml,41029,41029,corroborated,handle+profile_real_name,https://www.vlr.gg/player/41029/z1yan,Rare Atom joined in January 2026,current_team_listed,,Liu Zihan (刘紫涵),team_rare_atom_z1yan,60.31,0,0,,,,insufficient_identity_or_evidence,Season-to-date evidence; may include matches after the July 9 pack snapshot
Rare Atom,RA,2,china,rostered,Potter,Sutthichai Promsrikaew,TH,initiator,58,data/rosters/vct-2026/src/china.yaml,23930,23930,corroborated,handle+profile_real_name,https://www.vlr.gg/player/23930/potter,Rare Atom joined in March 2026,current_team_listed,,Sutthichai Promsrikaew,team_rare_atom_potter,59.65,0,0,,,,insufficient_identity_or_evidence,Season-to-date evidence; may include matches after the July 9 pack snapshot
Rare Atom,RA,2,china,rostered,Guran,Zhou Mingyan,CN,sentinel,55,data/rosters/vct-2026/src/china.yaml,36513,,candidate_needs_review,,https://www.vlr.gg/player/36513/guran,,unverified,,,team_rare_atom_guran,56.51,0,0,,,,insufficient_identity_or_evidence,Season-to-date evidence; may include matches after the July 9 pack snapshot
Any Questions Gaming,AQG,2,china,rostered,FFs,Leong Cheok Nam,MO,controller,56,data/rosters/vct-2026/src/china.yaml,14439,,candidate_needs_review,,https://www.vlr.gg/player/14439/ffs,,unverified,,,team_any_questions_gaming_ffs,56.93,0,0,,,,insufficient_identity_or_evidence,Season-to-date evidence; may include matches after the July 9 pack snapshot
Any Questions Gaming,AQG,2,china,rostered,juicy,Tyler James Aeria,SG,duelist,60,data/rosters/vct-2026/src/china.yaml,7426,7426,corroborated,handle+profile_real_name,https://www.vlr.gg/player/7426/juicy,Any Questions Gaming joined in February 2026,current_team_listed,Wolves Esports November 2024 – January 2026 Inactive from September 2025,Tyler James Aeria,team_any_questions_gaming_juicy,61.62,0,0,,,,insufficient_identity_or_evidence,Season-to-date evidence; may include matches after the July 9 pack snapshot
Any Questions Gaming,AQG,2,china,rostered,dannyy,Wang Pengcheng,CN,initiator,55,data/rosters/vct-2026/src/china.yaml,32183,,candidate_needs_review,,https://www.vlr.gg/player/32183/dannyy,,unverified,,,team_any_questions_gaming_dannyy,56.94,0,0,,,,insufficient_identity_or_evidence,Season-to-date evidence; may include matches after the July 9 pack snapshot
Any Questions Gaming,AQG,2,china,rostered,S1Mon,Hsieh Meng-hsun,TW,sentinel,55,data/rosters/vct-2026/src/china.yaml,13768,,candidate_needs_review,,https://www.vlr.gg/player/13768/s1mon,,unverified,,,team_any_questions_gaming_s1mon,58.57,0,0,,,,insufficient_identity_or_evidence,Season-to-date evidence; may include matches after the July 9 pack snapshot
Any Questions Gaming,AQG,2,china,rostered,5CM,Ding Yipeng,CN,flex,54,data/rosters/vct-2026/src/china.yaml,47101,,candidate_needs_review,,https://www.vlr.gg/player/47101/5cm,,unverified,,,team_any_questions_gaming_5cm,55.28,0,0,,,,insufficient_identity_or_evidence,Season-to-date evidence; may include matches after the July 9 pack snapshot
KeepBest Gaming,KBG,2,china,rostered,Ying,Wang Chenxu,CN,controller,56,data/rosters/vct-2026/src/china.yaml,51250,51250,corroborated,handle+profile_real_name,https://www.vlr.gg/player/51250/ying,KeepBest Gaming joined in May 2026,current_team_listed,,Wang Chenxu (王晨旭),team_keepbest_gaming_ying,58.24,1,112,74.38,58.9,2.9,heuristic_review_required,Season-to-date evidence; may include matches after the July 9 pack snapshot
KeepBest Gaming,KBG,2,china,rostered,Akeman,Zhang Haoran,CN,flex,58,data/rosters/vct-2026/src/china.yaml,52904,52904,corroborated,handle+profile_real_name,https://www.vlr.gg/player/52904/akeman,KeepBest Gaming joined in June 2026,current_team_listed,,Zhang Haoran (张浩然),team_keepbest_gaming_akeman,58.57,2,403,68.83,62.4,4.4,heuristic_review_required,Season-to-date evidence; may include matches after the July 9 pack snapshot
KeepBest Gaming,KBG,2,china,rostered,sibeastw0w,Anton Govorukhin,RU,duelist,57,data/rosters/vct-2026/src/china.yaml,6126,6126,corroborated,handle+profile_real_name,https://www.vlr.gg/player/6126/sibeastw0w,KeepBest Gaming joined in May 2026,current_team_listed,,Anton Govorukhin,team_keepbest_gaming_sibeastw0w,59.28,1,112,74.85,59.8,2.8,heuristic_review_required,Season-to-date evidence; may include matches after the July 9 pack snapshot
Fnatic,FNC,1,emea,rostered,Boaster,Jake Howlett,GB,controller,73,data/rosters/vct-2026/src/emea.yaml,438,438,corroborated,handle+profile_real_name,https://www.vlr.gg/player/438/boaster,FNATIC joined in February 2021 Inactive from September 2026,current_team_listed,"FNATIC joined in February 2021 Inactive from September 2026|2025/11/14 Boaster at RBHG: ""I will retire when I feel like I am a big detriment to my team""",Jake Howlett,team_fnatic_boaster,75.58,3,1236,68.08,69.7,-3.3,heuristic_review_required,Season-to-date evidence; may include matches after the July 9 pack snapshot
Fnatic,FNC,1,emea,rostered,kaajak,Kajetan Haremski,PL,duelist,80,data/rosters/vct-2026/src/emea.yaml,9554,9554,corroborated,handle+profile_real_name,https://www.vlr.gg/player/9554/kaajak,FNATIC joined in October 2024,current_team_listed,,Kajetan Haremski,team_fnatic_kaajak,82.45,3,1236,73.7,75.8,-4.2,heuristic_review_required,Season-to-date evidence; may include matches after the July 9 pack snapshot
Fnatic,FNC,1,emea,rostered,Alfajer,Emir Ali Beder,TR,sentinel,81,data/rosters/vct-2026/src/emea.yaml,9810,9810,corroborated,handle+profile_real_name,https://www.vlr.gg/player/9810/alfajer,FNATIC joined in May 2022,current_team_listed,Surreal Esports May 2021 – May 2022 Inactive from April 2022,Emir Ali Beder,team_fnatic_alfajer,81.48,3,1236,79.48,80.0,-1.0,heuristic_review_required,Season-to-date evidence; may include matches after the July 9 pack snapshot
Fnatic,FNC,1,emea,rostered,crashies,Austin Roberts,US,initiator,74,data/rosters/vct-2026/src/emea.yaml,4,4,corroborated,handle+profile_real_name,https://www.vlr.gg/player/4/crashies,FNATIC joined in December 2024,current_team_listed,,Austin Roberts,team_fnatic_crashies,77.78,3,1236,76.58,75.7,1.7,heuristic_review_required,Season-to-date evidence; may include matches after the July 9 pack snapshot
Fnatic,FNC,1,emea,rostered,Cloud,Kirill Nekhozhin,RU,initiator,70,data/rosters/vct-2026/src/emea.yaml,4181,4181,corroborated,handle+event_team_tag+country,https://www.vlr.gg/player/4181/cloud,FNATIC joined in June 2026,current_team_listed,Natus Vincere joined in June 2021 Inactive from September 2022,Kirill Nehozhin,team_fnatic_cloud,73.06,3,938,75.2,73.2,3.2,heuristic_review_required,Season-to-date evidence; may include matches after the July 9 pack snapshot
Team Liquid,TL,1,emea,rostered,nAts,Ayaz Akhmetshin,RU,sentinel,77,data/rosters/vct-2026/src/emea.yaml,457,457,corroborated,handle+profile_real_name,https://www.vlr.gg/player/457/nats,Team Liquid joined in November 2022,current_team_listed,,Ayaz Akhmetshin,team_team_liquid_nats,80.24,5,1653,75.89,76.2,-0.8,heuristic_review_required,Season-to-date evidence; may include matches after the July 9 pack snapshot
Team Liquid,TL,1,emea,rostered,trexx,Nikita Cherednichenko,RU,duelist,71,data/rosters/vct-2026/src/emea.yaml,2168,2168,corroborated,handle+profile_real_name,https://www.vlr.gg/player/2168/trexx,Team Liquid joined in June 2026,current_team_listed,"Team Liquid July 2025 – November 2025 Inactive from October 2025|Team Vitality January 2024 – July 2025 Inactive from March 2025|2025/03/18 Team Vitality benches trexx, signs CyvOph and Sayonara|2024/01/30 trexx joins Vitality bench, Destrian to start at Kickoff",Nikita Cherednichenko,team_team_liquid_trexx,71.92,2,718,80.67,76.3,5.3,heuristic_review_required,Season-to-date evidence; may include matches after the July 9 pack snapshot
Team Liquid,TL,1,emea,rostered,Kicks,Kimmie Laasner,EE,flex,71,data/rosters/vct-2026/src/emea.yaml,11134,11134,corroborated,handle+profile_real_name,https://www.vlr.gg/player/11134/kicks,Team Liquid joined in June 2026,current_team_listed,,Kimmie Laasner,team_team_liquid_kicks,72.99,6,1907,72.53,72.2,1.2,heuristic_review_required,Season-to-date evidence; may include matches after the July 9 pack snapshot
Team Liquid,TL,1,emea,rostered,purp0,Semyon Borchev,RU,initiator,73,data/rosters/vct-2026/src/emea.yaml,1885,1885,corroborated,handle+profile_real_name,https://www.vlr.gg/player/1885/purp0,Team Liquid joined in December 2025 Inactive from September 2026,current_team_listed,Team Liquid joined in December 2025 Inactive from September 2026|FOKUS November 2022 – April 2023 Inactive from March 2023|XPLDZ March 2022 – July 2022 Inactive from July 2022|2026/09/18 purp0 searching for new team following Team Liquid benching|2026/09/09 Team Liquid benches purp0 for GSR ahead of Champions Shanghai,Semyon Borchev,team_team_liquid_purp0,76.18,4,1528,73.43,73.3,0.3,heuristic_review_required,Season-to-date evidence; may include matches after the July 9 pack snapshot
Team Liquid,TL,1,emea,rostered,kamo,Kamil Frackowiak,PL,duelist,73,data/rosters/vct-2026/src/emea.yaml,14681,14681,corroborated,handle+profile_real_name,https://www.vlr.gg/player/14681/kamo,Team Liquid joined in October 2024,current_team_listed,NOM Esports March 2022 – August 2022 Inactive from June 2022,Kamil Frąckowiak,team_team_liquid_kamo,73.3,5,1687,77.94,76.6,3.6,heuristic_review_required,Season-to-date evidence; may include matches after the July 9 pack snapshot
Team Vitality,VIT,1,emea,rostered,Jamppi,Elias Olkkonen,FI,initiator,75,data/rosters/vct-2026/src/emea.yaml,9780,9780,corroborated,handle+profile_real_name,https://www.vlr.gg/player/9780/jamppi,Team Vitality joined in November 2025,current_team_listed,Team Liquid February 2021 – October 2024 Inactive from August 2024,Elias Olkkonen,team_team_vitality_jamppi,80.01,5,1613,74.69,74.8,-0.2,heuristic_review_required,Season-to-date evidence; may include matches after the July 9 pack snapshot
Team Vitality,VIT,1,emea,rostered,Derke,Nikita Sirmitev,FI,duelist,79,data/rosters/vct-2026/src/emea.yaml,5022,5022,corroborated,handle+event_team_tag+country,https://www.vlr.gg/player/5022/derke,Team Vitality joined in October 2024,current_team_listed,FNATIC April 2021 – October 2024 Inactive from August 2024,Nikita Niko Sirmitev,team_team_vitality_derke,80.91,5,1613,75.91,76.8,-2.2,heuristic_review_required,Season-to-date evidence; may include matches after the July 9 pack snapshot
Team Vitality,VIT,1,emea,rostered,Chronicle,Timofey Khromov,RU,flex,80,data/rosters/vct-2026/src/emea.yaml,458,458,corroborated,handle+profile_real_name,https://www.vlr.gg/player/458/chronicle,Team Vitality joined in October 2025,current_team_listed,,Timofey Khromov,team_team_vitality_chronicle,84.03,5,1613,76.88,77.7,-2.3,heuristic_review_required,Season-to-date evidence; may include matches after the July 9 pack snapshot
Team Vitality,VIT,1,emea,rostered,Sayonara,Stefan Mitcu,MD,flex,82,data/rosters/vct-2026/src/emea.yaml,33902,33902,corroborated,handle+profile_real_name,https://www.vlr.gg/player/33902/sayonara,Team Vitality joined in March 2025,current_team_listed,"2025/03/18 Team Vitality benches trexx, signs CyvOph and Sayonara",Ștefan Mîtcu,team_team_vitality_sayonara,83.11,4,1333,80.8,81.2,-0.8,heuristic_review_required,Season-to-date evidence; may include matches after the July 9 pack snapshot
Team Vitality,VIT,1,emea,rostered,PROFEK,Dawid Swiec,PL,controller,72,data/rosters/vct-2026/src/emea.yaml,5554,5554,corroborated,handle+profile_real_name,https://www.vlr.gg/player/5554/profek,Team Vitality joined in November 2025,current_team_listed,,Dawid Święć,team_team_vitality_profek,75.04,5,1613,74.28,73.7,1.7,heuristic_review_required,Season-to-date evidence; may include matches after the July 9 pack snapshot
Team Heretics,TH,1,emea,rostered,Boo,Ricardas Lukasevicius,LT,controller,76,data/rosters/vct-2026/src/emea.yaml,1144,1144,corroborated,handle+profile_real_name,https://www.vlr.gg/player/1144/boo,,no_current_team_listed,Team Heretics November 2022 – September 2026 Inactive from September 2026|Giants Gaming January 2021 – July 2021 Inactive from July 2021,Ričardas Lukaševičius,team_team_heretics_boo,78.46,4,1436,75.57,75.7,-0.3,heuristic_review_required,Season-to-date evidence; may include matches after the July 9 pack snapshot
Team Heretics,TH,1,emea,rostered,Wo0t,Mert Alkan,TR,duelist,85,data/rosters/vct-2026/src/emea.yaml,21328,21328,corroborated,handle+profile_real_name,https://www.vlr.gg/player/21328/wo0t,Team Heretics joined in October 2023,current_team_listed,,Mert Alkan,team_team_heretics_wo0t,86.01,4,1436,76.85,79.3,-5.7,heuristic_review_required,Season-to-date evidence; may include matches after the July 9 pack snapshot
Team Heretics,TH,1,emea,rostered,RieNs,Enes Ecirli,TR,initiator,79,data/rosters/vct-2026/src/emea.yaml,10971,10971,corroborated,handle+profile_real_name,https://www.vlr.gg/player/10971/riens,Team Heretics joined in October 2023,current_team_listed,,Enes Ecirli,team_team_heretics_riens,83.36,4,1436,79.55,79.4,0.4,heuristic_review_required,Season-to-date evidence; may include matches after the July 9 pack snapshot
Team Heretics,TH,1,emea,rostered,benjyfishy,Benjamin David Fish,GB,sentinel,77,data/rosters/vct-2026/src/emea.yaml,29873,29873,corroborated,handle+profile_real_name,https://www.vlr.gg/player/29873/benjyfishy,Team Heretics joined in July 2023,current_team_listed,,Benjamin David Fish,team_team_heretics_benjyfishy,78.68,4,1436,75.1,75.7,-1.3,heuristic_review_required,Season-to-date evidence; may include matches after the July 9 pack snapshot
Team Heretics,TH,1,emea,rostered,koshmaras,Martynas Namikas,LT,flex,74,data/rosters/vct-2026/src/emea.yaml,23365,23365,corroborated,handle+profile_real_name,https://www.vlr.gg/player/23365/koshmaras,,no_current_team_listed,,Martynas Namikas,team_team_heretics_koshmaras,75.61,4,1219,72.34,72.9,-1.1,heuristic_review_required,Season-to-date evidence; may include matches after the July 9 pack snapshot
Natus Vincere,NAVI,1,emea,rostered,chloric,Caide Heaton,US,initiator,70,data/rosters/vct-2026/src/emea.yaml,15639,15639,corroborated,handle+profile_real_name,https://www.vlr.gg/player/15639/chloric,,no_current_team_listed,Natus Vincere joined in April 2026 Inactive from September 2026,Caide Heaton,team_natus_vincere_chloric,70.63,3,1192,73.18,72.1,2.1,heuristic_review_required,Season-to-date evidence; may include matches after the July 9 pack snapshot
Natus Vincere,NAVI,1,emea,rostered,Ruxic,Ugur Guc,TR,controller,82,data/rosters/vct-2026/src/emea.yaml,18677,18677,corroborated,handle+profile_real_name,https://www.vlr.gg/player/18677/ruxic,Natus Vincere joined in December 2024,current_team_listed,,Uğur Güç,team_natus_vincere_ruxic,85.06,3,942,79.32,80.4,-1.6,heuristic_review_required,Season-to-date evidence; may include matches after the July 9 pack snapshot
Natus Vincere,NAVI,1,emea,rostered,hiro,Emirhan Kat,NL,sentinel,78,data/rosters/vct-2026/src/emea.yaml,29867,29867,corroborated,handle+profile_real_name,https://www.vlr.gg/player/29867/hiro,Natus Vincere joined in December 2024,current_team_listed,,Emirhan Kat,team_natus_vincere_hiro,82.13,3,942,79.18,78.7,0.7,heuristic_review_required,Season-to-date evidence; may include matches after the July 9 pack snapshot
Natus Vincere,NAVI,1,emea,rostered,ExiT,Abdullah Al-Twaijri,SA,duelist,70,data/rosters/vct-2026/src/emea.yaml,11917,11917,corroborated,handle+profile_real_name,https://www.vlr.gg/player/11917/exit,Natus Vincere joined in April 2026 Inactive from September 2026,current_team_listed,Natus Vincere joined in April 2026 Inactive from September 2026,Abdullah Al-Twaijri,team_natus_vincere_exit,72.2,1,400,69.71,69.9,-0.1,heuristic_review_required,Season-to-date evidence; may include matches after the July 9 pack snapshot
Natus Vincere,NAVI,1,emea,rostered,CyvOph,Clement Millard,FR,flex,71,data/rosters/vct-2026/src/emea.yaml,13258,13258,corroborated,handle+profile_real_name,https://www.vlr.gg/player/13258/cyvoph,GIANTX joined in October 2026,current_team_listed,"Natus Vincere June 2026 – October 2026 Inactive from August 2026|Team Vitality March 2025 – April 2026 Inactive from October 2025|Team Valiant January 2023 – December 2025 Inactive from June 2023|2025/03/18 Team Vitality benches trexx, signs CyvOph and Sayonara",Clement Millard,team_natus_vincere_cyvoph,72.65,2,473,70.73,70.9,-0.1,heuristic_review_required,Season-to-date evidence; may include matches after the July 9 pack snapshot
Karmine Corp,KC,1,emea,rostered,Avez,Hazem Khaled,EG,flex,66,data/rosters/vct-2026/src/emea.yaml,5654,5654,corroborated,handle+profile_real_name,https://www.vlr.gg/player/5654/avez,Karmine Corp joined in November 2024,current_team_listed,Team RA'AD February 2022 – January 2023 Inactive from June 2022,Hazem Khaled,team_karmine_corp_avez,68.51,4,1119,75.13,71.9,5.9,heuristic_review_required,Season-to-date evidence; may include matches after the July 9 pack snapshot
Karmine Corp,KC,1,emea,rostered,dos9,Dastan Zhumagali,KZ,controller,73,data/rosters/vct-2026/src/emea.yaml,16215,16215,corroborated,handle+event_team_tag+country,https://www.vlr.gg/player/16215/dos9,Karmine Corp joined in January 2026,current_team_listed,Revenant Esports January 2024 – October 2024 Inactive from September 2024|AEX-1 April 2023 – July 2023 Inactive from June 2023,Zhumagali Dastan,team_karmine_corp_dos9,73.83,4,1119,75.75,74.8,1.8,heuristic_review_required,Season-to-date evidence; may include matches after the July 9 pack snapshot
Karmine Corp,KC,1,emea,rostered,LewN,Burak Alkan,TR,duelist,72,data/rosters/vct-2026/src/emea.yaml,20144,20144,corroborated,handle+profile_real_name,https://www.vlr.gg/player/20144/lewn,Karmine Corp joined in January 2026,current_team_listed,BBL Esports October 2024 – January 2026 Inactive from November 2025,Burak Alkan,team_karmine_corp_lewn,75.84,4,1119,75.49,74.3,2.3,heuristic_review_required,Season-to-date evidence; may include matches after the July 9 pack snapshot
Karmine Corp,KC,1,emea,rostered,SUYGETSU,Dmitry Ilyushin,RU,sentinel,74,data/rosters/vct-2026/src/emea.yaml,2858,2858,corroborated,handle+profile_real_name,https://www.vlr.gg/player/2858/suygetsu,Karmine Corp joined in November 2024,current_team_listed,Natus Vincere November 2022 – November 2024 Inactive from September 2024,Dmitry Ilyushin,team_karmine_corp_suygetsu,76.19,4,1119,72.38,72.9,-1.1,heuristic_review_required,Season-to-date evidence; may include matches after the July 9 pack snapshot
Karmine Corp,KC,1,emea,rostered,N4RRATE,Marshall Massey,US,initiator,71,data/rosters/vct-2026/src/emea.yaml,36245,36245,corroborated,handle+profile_real_name,https://www.vlr.gg/player/36245/n4rrate,Karmine Corp joined in March 2026,current_team_listed,,Marshall Massey,team_karmine_corp_n4rrate,75.53,4,1079,76.1,74.3,3.3,heuristic_review_required,Season-to-date evidence; may include matches after the July 9 pack snapshot
BBL Esports,BBL,1,emea,rostered,Rose,Eren Erzan,TR,initiator,69,data/rosters/vct-2026/src/emea.yaml,5565,5565,corroborated,handle+profile_real_name,https://www.vlr.gg/player/5565/ros,BBL Esports joined in November 2025 Inactive from September 2026,current_team_listed,BBL Esports joined in November 2025 Inactive from September 2026,Eren Erzan,team_bbl_esports_rose,71.66,4,1113,69.04,69.0,0.0,heuristic_review_required,Season-to-date evidence; may include matches after the July 9 pack snapshot
BBL Esports,BBL,1,emea,rostered,lovers rock,Umut Pekdogan,TR,duelist,73,data/rosters/vct-2026/src/emea.yaml,40935,40935,corroborated,handle+profile_real_name,https://www.vlr.gg/player/40935/lovers-rock,BBL Esports joined in November 2025 Inactive from September 2026,current_team_listed,BBL Esports joined in November 2025 Inactive from September 2026|Papara SuperMassive joined in July 2024 Inactive from February 2025,Umut Pekdoğan,team_bbl_esports_lovers_rock,74.21,4,1113,76.24,75.1,2.1,heuristic_review_required,Season-to-date evidence; may include matches after the July 9 pack snapshot
BBL Esports,BBL,1,emea,rostered,Lar0k,Yusuf Kaan Kanber,TR,flex,71,data/rosters/vct-2026/src/emea.yaml,31305,31305,corroborated,handle+profile_real_name,https://www.vlr.gg/player/31305/lar0k,BBL Esports joined in November 2025,current_team_listed,,Yusuf Kaan Kanber,team_bbl_esports_lar0k,71.95,4,1113,74.11,73.0,2.0,heuristic_review_required,Season-to-date evidence; may include matches after the July 9 pack snapshot
BBL Esports,BBL,1,emea,rostered,Loita,Utku Kart,TR,controller,69,data/rosters/vct-2026/src/emea.yaml,24344,24344,corroborated,handle+profile_real_name,https://www.vlr.gg/player/24344/loita,BBL Esports joined in November 2025,current_team_listed,,Utku Kart,team_bbl_esports_loita,70.78,4,1113,75.1,73.0,4.0,heuristic_review_required,Season-to-date evidence; may include matches after the July 9 pack snapshot
BBL Esports,BBL,1,emea,rostered,Crewen,Ali Eren Sargin,TR,sentinel,74,data/rosters/vct-2026/src/emea.yaml,12795,12795,corroborated,handle+profile_real_name,https://www.vlr.gg/player/12795/crewen,BBL Esports joined in November 2025 Inactive from September 2026,current_team_listed,BBL Esports joined in November 2025 Inactive from September 2026,Ali Eren Sargin,team_bbl_esports_crewen,76.89,4,1113,71.82,72.6,-1.4,heuristic_review_required,Season-to-date evidence; may include matches after the July 9 pack snapshot
FUT Esports,FUT,1,emea,rostered,sociablEE,Volkan Yonal,TR,controller,71,data/rosters/vct-2026/src/emea.yaml,5568,5568,corroborated,handle+profile_real_name,https://www.vlr.gg/player/5568/sociablee,FUT Esports joined in April 2026,current_team_listed,BBL Esports October 2024 – December 2025 Inactive from November 2025,Volkan Yonal,team_fut_esports_sociablee,71.61,5,1779,73.14,72.6,1.6,heuristic_review_required,Season-to-date evidence; may include matches after the July 9 pack snapshot
FUT Esports,FUT,1,emea,rostered,yetujey,Eray Budak,TR,sentinel,76,data/rosters/vct-2026/src/emea.yaml,8369,8369,corroborated,handle+profile_real_name,https://www.vlr.gg/player/8369/yetujey,FUT Esports joined in October 2023,current_team_listed,,Eray Budak,team_fut_esports_yetujey,77.97,5,1705,74.46,74.9,-1.1,heuristic_review_required,Season-to-date evidence; may include matches after the July 9 pack snapshot
FUT Esports,FUT,1,emea,rostered,s0pp,Efe Tur,TR,duelist,74,data/rosters/vct-2026/src/emea.yaml,39357,39357,corroborated,handle+profile_real_name,https://www.vlr.gg/player/39357/s0pp,FUT Esports joined in March 2026,current_team_listed,,Efe Tur,team_fut_esports_s0pp,73.18,4,1518,75.41,75.0,1.0,heuristic_review_required,Season-to-date evidence; may include matches after the July 9 pack snapshot
FUT Esports,FUT,1,emea,rostered,xeus,Dogan Gozgen,TR,duelist,72,data/rosters/vct-2026/src/emea.yaml,12793,12793,corroborated,handle+profile_real_name,https://www.vlr.gg/player/12793/xeus,FUT Esports joined in October 2024,current_team_listed,,Doğan Gözgen,team_fut_esports_xeus,71.48,5,1705,71.24,71.4,-0.6,heuristic_review_required,Season-to-date evidence; may include matches after the July 9 pack snapshot
FUT Esports,FUT,1,emea,rostered,KROSTALY,Okan Alacam,TR,initiator,67,data/rosters/vct-2026/src/emea.yaml,15735,15735,corroborated,handle+profile_real_name,https://www.vlr.gg/player/15735/krostaly,FUT Esports joined in November 2025,current_team_listed,,Okan Alaçam,team_fut_esports_krostaly,69.39,5,1705,73.69,72.0,5.0,heuristic_review_required,Season-to-date evidence; may include matches after the July 9 pack snapshot
GiantX,GX,1,emea,rostered,grubinho,Grzegorz Ryczko,PL,controller,64,data/rosters/vct-2026/src/emea.yaml,5550,5550,corroborated,handle+profile_real_name,https://www.vlr.gg/player/5550/grubinho,,no_current_team_listed,Team Heretics April 2022 – November 2022 Inactive from October 2022,Grzegorz Ryczko,team_giantx_grubinho,67.53,2,540,71.74,67.7,3.7,heuristic_review_required,Season-to-date evidence; may include matches after the July 9 pack snapshot
GiantX,GX,1,emea,rostered,ara,Eduard-George Hanceriuc,RO,duelist,72,data/rosters/vct-2026/src/emea.yaml,11332,11332,corroborated,handle+event_team_tag+country,https://www.vlr.gg/player/11332/ara,GIANTX joined in April 2025,current_team_listed,,Hanceriuc Eduard-George,team_giantx_ara,72.86,3,889,73.06,72.6,0.6,heuristic_review_required,Season-to-date evidence; may include matches after the July 9 pack snapshot
GiantX,GX,1,emea,rostered,Flickless,Karel Maeckelbergh,BE,flex,72,data/rosters/vct-2026/src/emea.yaml,6959,6959,corroborated,handle+profile_real_name,https://www.vlr.gg/player/6959/flickless,GIANTX joined in April 2025,current_team_listed,Sector One October 2022 – January 2023 Inactive from December 2022,Karel Maeckelbergh,team_giantx_flickless,74.3,3,889,73.49,72.9,0.9,heuristic_review_required,Season-to-date evidence; may include matches after the July 9 pack snapshot
GiantX,GX,1,emea,rostered,westside,Milosz Duda,PL,flex,68,data/rosters/vct-2026/src/emea.yaml,34684,34684,corroborated,handle+event_team_tag+country,https://www.vlr.gg/player/34684/westside,GIANTX joined in November 2024,current_team_listed,,Miłosz Duda,team_giantx_westside,70.87,3,889,72.4,70.6,2.6,heuristic_review_required,Season-to-date evidence; may include matches after the July 9 pack snapshot
GiantX,GX,1,emea,rostered,tomaszy,Tomas Machado,PT,flex,60,data/rosters/vct-2026/src/emea.yaml,19691,19691,corroborated,handle+profile_real_name,https://www.vlr.gg/player/19691/tomaszy,Formulation Gaming GIANTX joined in November 2024 Inactive from April 2025,current_team_listed,GIANTX joined in November 2024 Inactive from April 2025|Karmine Corp December 2023 – November 2024 Inactive from September 2024|SAW January 2023 – December 2023 Inactive from September 2023,Tomás Machado,team_giantx_tomaszy,60.45,2,941,65.01,63.1,3.1,heuristic_review_required,Season-to-date evidence; may include matches after the July 9 pack snapshot
Gentle Mates,M8,1,emea,rostered,starxo,Patryk Kopczynski,PL,initiator,70,data/rosters/vct-2026/src/emea.yaml,565,565,corroborated,handle+profile_real_name,https://www.vlr.gg/player/565/starxo,Gentle Mates joined in November 2025 Inactive from September 2026,current_team_listed,Gentle Mates joined in November 2025 Inactive from September 2026|Acend March 2021 – January 2023 Inactive from September 2022,Patryk Kopczynski,team_gentle_mates_starxo,74.16,4,1251,72.0,71.4,1.4,heuristic_review_required,Season-to-date evidence; may include matches after the July 9 pack snapshot
Gentle Mates,M8,1,emea,rostered,marteen,Martin Patek,CZ,duelist,78,data/rosters/vct-2026/src/emea.yaml,10307,10307,corroborated,handle+profile_real_name,https://www.vlr.gg/player/10307/marteen,Gentle Mates joined in November 2025,current_team_listed,Straight Outta Retirement,Martin Pátek,team_gentle_mates_marteen,79.65,4,1251,82.52,81.1,3.1,heuristic_review_required,Season-to-date evidence; may include matches after the July 9 pack snapshot
Gentle Mates,M8,1,emea,rostered,Minny,Patrik Husek,CZ,sentinel,74,data/rosters/vct-2026/src/emea.yaml,23169,23169,corroborated,handle+profile_real_name,https://www.vlr.gg/player/23169/minny,Gentle Mates joined in December 2024,current_team_listed,,Patrik Hušek,team_gentle_mates_minny,76.92,4,1251,74.48,74.3,0.3,heuristic_review_required,Season-to-date evidence; may include matches after the July 9 pack snapshot
Gentle Mates,M8,1,emea,rostered,bipo,Taranvir Singh,IT,duelist,67,data/rosters/vct-2026/src/emea.yaml,18400,18400,corroborated,handle+profile_real_name,https://www.vlr.gg/player/18400/bipo,Gentle Mates joined in November 2025 Inactive from August 2026,current_team_listed,Gentle Mates joined in November 2025 Inactive from August 2026|GMT Esports December 2022 – September 2023 Inactive from July 2023,Taranvir Singh,team_gentle_mates_bipo,68.56,4,1164,68.54,68.0,1.0,heuristic_review_required,Season-to-date evidence; may include matches after the July 9 pack snapshot
Gentle Mates,M8,1,emea,rostered,Proxh,Yusuf Emre Tunc,DE,controller,68,data/rosters/vct-2026/src/emea.yaml,45494,45494,corroborated,handle+profile_real_name,https://www.vlr.gg/player/45494/proxh,Gentle Mates joined in June 2026,current_team_listed,"Gentle Mates May 2025 – October 2025 Inactive from September 2025|2025/05/13 Gentle Mates brings in Veqaj and Proxh, Kada and Click to move to inactive roster",Yusuf Emre Tunc,team_gentle_mates_proxh,70.92,4,1436,72.46,71.1,3.1,heuristic_review_required,Season-to-date evidence; may include matches after the July 9 pack snapshot
Eternal Fire,EF,1,emea,rostered,nekky,Anil Dagdeviren,TR,initiator,70,data/rosters/vct-2026/src/emea.yaml,12670,12670,corroborated,handle+event_team_tag+country,https://www.vlr.gg/player/12670/nekky,Eternal Fire joined in March 2026 Inactive from September 2026,current_team_listed,Eternal Fire joined in March 2026 Inactive from September 2026,Anıl Dağdeviren,team_eternal_fire_nekky,73.23,3,1043,72.53,71.6,1.6,heuristic_review_required,Season-to-date evidence; may include matches after the July 9 pack snapshot
Eternal Fire,EF,1,emea,rostered,Izzy,Baran Yilmaz,TR,duelist,73,data/rosters/vct-2026/src/emea.yaml,10160,10160,corroborated,handle+event_team_tag+country,https://www.vlr.gg/player/10160/izzy,mixtape5,current_team_listed,"Eternal Fire October 2024 – September 2026 Inactive from July 2026|2026/07/22 Izzy benched from Eternal Fire, Spear to debut against Team Heretics",Baran Yılmaz,team_eternal_fire_izzy,72.45,2,584,71.54,72.3,-0.7,heuristic_review_required,Season-to-date evidence; may include matches after the July 9 pack snapshot
Eternal Fire,EF,1,emea,rostered,Favian,Enes Yigiter,TR,duelist,75,data/rosters/vct-2026/src/emea.yaml,41720,41720,corroborated,handle+profile_real_name,https://www.vlr.gg/player/41720/favian,Eternal Fire joined in March 2026,current_team_listed,,Enes Yiğiter,team_eternal_fire_favian,77.58,3,1043,75.94,75.6,0.6,heuristic_review_required,Season-to-date evidence; may include matches after the July 9 pack snapshot
Eternal Fire,EF,1,emea,rostered,echo,Omur Serkan Senol,TR,sentinel,73,data/rosters/vct-2026/src/emea.yaml,39180|49346,,ambiguous,,,,unverified,,,team_eternal_fire_echo,75.33,0,0,,,,insufficient_identity_or_evidence,Season-to-date evidence; may include matches after the July 9 pack snapshot
Eternal Fire,EF,1,emea,rostered,audaz,Soner Ekiz,TR,controller,71,data/rosters/vct-2026/src/emea.yaml,40843,40843,corroborated,handle+profile_real_name,https://www.vlr.gg/player/40843/audaz,Eternal Fire joined in March 2026,current_team_listed,,Soner Ekiz,team_eternal_fire_audaz,72.49,3,1043,73.44,72.5,1.5,heuristic_review_required,Season-to-date evidence; may include matches after the July 9 pack snapshot
PCIFIC Esports,PCF,1,emea,rostered,qpert,Mateja Mijovic,RS,controller,61,data/rosters/vct-2026/src/emea.yaml,7105,7105,corroborated,handle+profile_real_name,https://www.vlr.gg/player/7105/qpert,PCIFIC Esports joined in January 2026,current_team_listed,Team Liquid Academy January 2025 – January 2026 Inactive from September 2025|Cloud9 October 2022 – September 2023 Inactive from August 2023,Mateja Mijovic,team_pcific_esports_qpert,64.83,3,797,69.71,66.0,5.0,heuristic_review_required,Season-to-date evidence; may include matches after the July 9 pack snapshot
PCIFIC Esports,PCF,1,emea,rostered,cNed,Mehmet Yagiz Ipek,TR,duelist,68,data/rosters/vct-2026/src/emea.yaml,573,573,corroborated,handle+event_team_tag+country,https://www.vlr.gg/player/573/cned,,no_current_team_listed,FUT Esports October 2023 – October 2025 Inactive from September 2025|Acend March 2021 – November 2022 Inactive from September 2022|2025/01/10 cNed steps back from competition,Mehmet Yağız İpek,team_pcific_esports_cned,69.9,2,430,68.41,68.2,0.2,heuristic_review_required,Season-to-date evidence; may include matches after the July 9 pack snapshot
PCIFIC Esports,PCF,1,emea,rostered,seven,Johann Hernandez,MX,duelist,62,data/rosters/vct-2026/src/emea.yaml,8376,8376,corroborated,handle+profile_real_name,https://www.vlr.gg/player/8376/seven,PCIFIC Esports joined in January 2026,current_team_listed,T1 January 2022 – April 2022 Inactive from March 2022|2022/03/19 T1 moves seven to inactive roster,Johann Hernandez,team_pcific_esports_seven,63.34,3,797,71.21,67.3,5.3,heuristic_review_required,Season-to-date evidence; may include matches after the July 9 pack snapshot
PCIFIC Esports,PCF,1,emea,rostered,NINJA,Patryk Koczyba,PL,initiator,62,data/rosters/vct-2026/src/emea.yaml,28948|60184,,ambiguous,,,,unverified,,,team_pcific_esports_ninja,64.37,0,0,,,,insufficient_identity_or_evidence,Season-to-date evidence; may include matches after the July 9 pack snapshot
PCIFIC Esports,PCF,1,emea,rostered,al0rante,Felix Brandl,DE,sentinel,63,data/rosters/vct-2026/src/emea.yaml,5292,5292,corroborated,handle+profile_real_name,https://www.vlr.gg/player/5292/al0rante,Barbershop,current_team_listed,FOKUS October 2023 – September 2024 Inactive from July 2024,Felix Brandl,team_pcific_esports_al0rante,65.22,3,797,73.45,69.0,6.0,heuristic_review_required,Season-to-date evidence; may include matches after the July 9 pack snapshot
Besiktas Esports,BJK,2,emea,rostered,Docent,Kadri Vatandas,TR,controller,57,data/rosters/vct-2026/src/emea.yaml,5500,5500,corroborated,handle+profile_real_name,https://www.vlr.gg/player/5500/docent,Beşiktaş Esports joined in December 2025,current_team_listed,Galatasaray Esports January 2022 – December 2024 Inactive from August 2024,Kadri Vatandaş,team_besiktas_esports_docent,59.87,3,723,59.79,58.5,1.5,heuristic_review_required,Season-to-date evidence; may include matches after the July 9 pack snapshot
Besiktas Esports,BJK,2,emea,rostered,MerSa,Mert Saatci,TR,duelist,58,data/rosters/vct-2026/src/emea.yaml,4892,4892,corroborated,handle+event_team_tag+country,https://www.vlr.gg/player/4892/mersa,Beşiktaş Esports joined in December 2025,current_team_listed,Galatasaray Esports March 2025 – June 2025 Inactive from May 2025,Mert Saatcı,team_besiktas_esports_mersa,58.95,4,853,63.15,61.0,3.0,heuristic_review_required,Season-to-date evidence; may include matches after the July 9 pack snapshot
Besiktas Esports,BJK,2,emea,rostered,wezzy,Arda Celbis,TR,initiator,56,data/rosters/vct-2026/src/emea.yaml,39351|42769,,ambiguous,,,,unverified,,,team_besiktas_esports_wezzy,58.32,0,0,,,,insufficient_identity_or_evidence,Season-to-date evidence; may include matches after the July 9 pack snapshot
Besiktas Esports,BJK,2,emea,rostered,influx,Kaan Taskin,TR,sentinel,55,data/rosters/vct-2026/src/emea.yaml,50776,50776,corroborated,handle+event_team_tag+country,https://www.vlr.gg/player/50776/influx,NKVT Beşiktaş Esports joined in December 2025,current_team_listed,,Kaan Taşkın,team_besiktas_esports_influx,56.15,4,853,64.83,60.8,5.8,heuristic_review_required,Season-to-date evidence; may include matches after the July 9 pack snapshot
Besiktas Esports,BJK,2,emea,rostered,oroni,Omer Acar,TR,duelist,56,data/rosters/vct-2026/src/emea.yaml,52965,52965,corroborated,handle+profile_real_name,https://www.vlr.gg/player/52965/oroni,Beşiktaş Esports,current_team_listed,Misa Esports November 2025 – December 2025 Inactive from December 2025,Ömer Açar,team_besiktas_esports_oroni,55.59,4,853,69.87,64.1,8.1,heuristic_review_required,Season-to-date evidence; may include matches after the July 9 pack snapshot
NAVI Junior,NVJ,2,emea,rostered,Javelin,Vitalii Fedak,UA,initiator,56,data/rosters/vct-2026/src/emea.yaml,29559,29559,corroborated,handle+profile_real_name,https://www.vlr.gg/player/29559/javelin,Natus Vincere Junior joined in May 2026,current_team_listed,,Vitalii Fedak,team_navi_junior_javelin,58.93,3,1451,65.65,62.8,6.8,heuristic_review_required,Season-to-date evidence; may include matches after the July 9 pack snapshot
NAVI Junior,NVJ,2,emea,rostered,Kolosha,Herman Skrypka,UA,duelist,62,data/rosters/vct-2026/src/emea.yaml,37925,37925,corroborated,handle+profile_real_name,https://www.vlr.gg/player/37925/kolosha,Natus Vincere Junior joined in May 2026,current_team_listed,,Herman Skrypka,team_navi_junior_kolosha,63.66,5,1309,66.11,64.8,2.8,heuristic_review_required,Season-to-date evidence; may include matches after the July 9 pack snapshot
NAVI Junior,NVJ,2,emea,rostered,avey,Nikita Ivanovs,LV,controller,55,data/rosters/vct-2026/src/emea.yaml,42651,42651,corroborated,handle+profile_real_name,https://www.vlr.gg/player/42651/avey,Natus Vincere Junior joined in May 2026,current_team_listed,,Nikita Ivanovs,team_navi_junior_avey,56.73,3,1217,67.23,63.2,8.2,heuristic_review_required,Season-to-date evidence; may include matches after the July 9 pack snapshot
NAVI Junior,NVJ,2,emea,rostered,Darxcioo,Waniss Mehl,BE,initiator,54,data/rosters/vct-2026/src/emea.yaml,42358,42358,corroborated,handle+profile_real_name,https://www.vlr.gg/player/42358/darxcioo,Natus Vincere Junior joined in May 2026,current_team_listed,,Waniss Mehl,team_navi_junior_darxcioo,55.03,4,1395,63.51,60.6,6.6,heuristic_review_required,Season-to-date evidence; may include matches after the July 9 pack snapshot
NAVI Junior,NVJ,2,emea,rostered,sizo,Wiktor Bujak,PL,sentinel,55,data/rosters/vct-2026/src/emea.yaml,42454,42454,corroborated,handle+profile_real_name,https://www.vlr.gg/player/42454/sizo,Natus Vincere Junior joined in June 2026 GoFund4OmarHouse LANDODGERS,current_team_listed,,Wiktor Bujak,team_navi_junior_sizo,56.55,3,643,64.96,60.2,5.2,heuristic_review_required,Season-to-date evidence; may include matches after the July 9 pack snapshot
AlQadsiah Esports,QAD,2,emea,rostered,Yassien,Yassien Ahmed,EG,controller,57,data/rosters/vct-2026/src/emea.yaml,,,unobserved,,,,unverified,,,team_alqadsiah_esports_yassien,59.47,0,0,,,,insufficient_identity_or_evidence,Season-to-date evidence; may include matches after the July 9 pack snapshot
AlQadsiah Esports,QAD,2,emea,rostered,SpYzera,Abed Doughan,LB,duelist,62,data/rosters/vct-2026/src/emea.yaml,1618,1618,corroborated,handle+profile_real_name,https://www.vlr.gg/player/1618/spyzera,,no_current_team_listed,,Abed Doughan,team_alqadsiah_esports_spyzera,63.1,3,474,67.29,64.3,2.3,heuristic_review_required,Season-to-date evidence; may include matches after the July 9 pack snapshot
AlQadsiah Esports,QAD,2,emea,rostered,sickrey,Nikolay Novozhilov,RU,initiator,58,data/rosters/vct-2026/src/emea.yaml,5795,5795,corroborated,handle+profile_real_name,https://www.vlr.gg/player/5795/sickrey,Sickrey VALORANT,current_team_listed,Twisted Minds February 2025 – December 2025 Inactive from November 2025,Nikolay Novozhilov,team_alqadsiah_esports_sickrey,59.13,3,474,67.83,62.3,4.3,heuristic_review_required,Season-to-date evidence; may include matches after the July 9 pack snapshot
AlQadsiah Esports,QAD,2,emea,rostered,Zimo,Abdullah Amri,SA,sentinel,56,data/rosters/vct-2026/src/emea.yaml,36070,36070,corroborated,handle+event_team_tag+country,https://www.vlr.gg/player/36070/zimo,,no_current_team_listed,,,team_alqadsiah_esports_zimo,58.67,3,443,65.7,60.1,4.1,heuristic_review_required,Season-to-date evidence; may include matches after the July 9 pack snapshot
AlQadsiah Esports,QAD,2,emea,rostered,SimonD4rk,Alexandr Skovbel,BY,flex,56,data/rosters/vct-2026/src/emea.yaml,1470,1470,corroborated,handle+profile_real_name,https://www.vlr.gg/player/1470/simond4rk,Sickrey VALORANT Magnit Market,current_team_listed,DSYRE joined in May 2022 Inactive from October 2022,Alexandr Skovbel,team_alqadsiah_esports_simond4rk,59.56,3,474,67.53,61.1,5.1,heuristic_review_required,Season-to-date evidence; may include matches after the July 9 pack snapshot
UCAM Esports Club,UCAM,2,emea,rostered,Buld,Michal Sokal,PL,initiator,57,data/rosters/vct-2026/src/emea.yaml,1155,1155,corroborated,handle+event_team_tag+country,https://www.vlr.gg/player/1155/buld,OldBoyz UCAM Esports Club joined in October 2025,current_team_listed,,Michał Sokal,team_ucam_esports_club_buld,59.13,5,1340,65.16,62.6,5.6,heuristic_review_required,Season-to-date evidence; may include matches after the July 9 pack snapshot
UCAM Esports Club,UCAM,2,emea,rostered,B1SK,Vitaliy Emelyanov,RU,duelist,58,data/rosters/vct-2026/src/emea.yaml,251,251,corroborated,handle+profile_real_name,https://www.vlr.gg/player/251/b1sk,Gambot Sickrey VALORANT Magnit Market Avenue UCAM Esports Club joined in October 2025,current_team_listed,KPI Gaming September 2021 – September 2024 Inactive from August 2024,Vitaliy Emelyanov,team_ucam_esports_club_b1sk,58.41,5,1340,65.56,63.2,5.2,heuristic_review_required,Season-to-date evidence; may include matches after the July 9 pack snapshot
UCAM Esports Club,UCAM,2,emea,rostered,Famsii,Ramses Valentino Erasmus Koivukangas,FI,controller,55,data/rosters/vct-2026/src/emea.yaml,16209,16209,corroborated,handle+profile_real_name,https://www.vlr.gg/player/16209/famsii,OldBoyz UCAM Esports Club joined in January 2026,current_team_listed,"GIANTX June 2024 – August 2024 Inactive from September 2024|UCAM Esports Club January 2023 – July 2024 Inactive from June 2024|KOI May 2022 – December 2022 Inactive from October 2022|2024/06/30 GIANTX bench Redgar, Famsii to step in",Ramses Valentino Erasmus Koivukangas,team_ucam_esports_club_famsii,56.8,5,1340,65.11,62.0,7.0,heuristic_review_required,Season-to-date evidence; may include matches after the July 9 pack snapshot
UCAM Esports Club,UCAM,2,emea,rostered,OLIZERA,Diogo Oliveira,PT,sentinel,56,data/rosters/vct-2026/src/emea.yaml,8502,8502,corroborated,handle+profile_real_name,https://www.vlr.gg/player/8502/olizera,OldBoyz UCAM Esports Club joined in January 2026,current_team_listed,Apeks June 2025 – October 2025 Inactive from September 2025,Diogo Oliveira,team_ucam_esports_club_olizera,58.98,5,1340,62.54,60.5,4.5,heuristic_review_required,Season-to-date evidence; may include matches after the July 9 pack snapshot
UCAM Esports Club,UCAM,2,emea,rostered,Jesse,Adam Ctvrtnicek,CZ,flex,56,data/rosters/vct-2026/src/emea.yaml,2653,2653,corroborated,handle+profile_real_name,https://www.vlr.gg/player/2653/jesse,,no_current_team_listed,Twisted Minds left in December 2025 Inactive from November 2025|Giants Gaming January 2022 – November 2022 Inactive from October 2022,Adam Čtvrtníček,team_ucam_esports_club_jesse,57.36,6,1689,66.92,64.1,8.1,heuristic_review_required,Season-to-date evidence; may include matches after the July 9 pack snapshot
Joblife,JL,2,emea,rostered,doma,Domagoj Fancev,HR,controller,56,data/rosters/vct-2026/src/emea.yaml,1369,1369,corroborated,handle+profile_real_name,https://www.vlr.gg/player/1369/doma,BRATAN MIX,current_team_listed,,Domagoj Fancev,team_joblife_doma,57.6,5,1742,66.49,63.8,7.8,heuristic_review_required,Season-to-date evidence; may include matches after the July 9 pack snapshot
Joblife,JL,2,emea,rostered,runneR,Emil Trajkovski,MK,duelist,63,data/rosters/vct-2026/src/emea.yaml,21610,21610,corroborated,handle+profile_real_name,https://www.vlr.gg/player/21610/runner,,no_current_team_listed,GIANTX November 2024 – November 2025 Inactive from September 2025|Diamant Esports September 2022 – September 2023 Inactive from June 2023,Emil Trajkovski,team_joblife_runner,63.17,5,1742,65.1,64.6,1.6,heuristic_review_required,Season-to-date evidence; may include matches after the July 9 pack snapshot
Joblife,JL,2,emea,rostered,UNFAKE,Bartosz Bernacki,PL,sentinel,59,data/rosters/vct-2026/src/emea.yaml,4521,4521,corroborated,handle+profile_real_name,https://www.vlr.gg/player/4521/unfake,BRATAN MIX,current_team_listed,Team Queso May 2021 – September 2023 Inactive from July 2023,Bartosz Bernacki,team_joblife_unfake,61.01,5,1694,66.03,64.2,5.2,heuristic_review_required,Season-to-date evidence; may include matches after the July 9 pack snapshot
Joblife,JL,2,emea,rostered,kamyk,Maks Rychlewski,PL,initiator,57,data/rosters/vct-2026/src/emea.yaml,1475,1475,corroborated,handle+profile_real_name,https://www.vlr.gg/player/1475/kamyk,Joblife joined in December 2025 Inactive from September 2026,current_team_listed,Joblife joined in December 2025 Inactive from September 2026|Team Liquid November 2024 – March 2025 Inactive from March 2025|FNATIC January 2023 – October 2023 Inactive from September 2023|UCAM Esports Club September 2022 – January 2023 Inactive from October 2022|2025/03/19 kamyk becomes a Gentle Mate as RobbieBK moves to the bench,Maks Rychlewski,team_joblife_kamyk,61.39,5,1742,71.08,67.5,10.5,heuristic_review_required,Season-to-date evidence; may include matches after the July 9 pack snapshot
Joblife,JL,2,emea,rostered,chiwa,Egor Stepanyuk,RU,flex,57,data/rosters/vct-2026/src/emea.yaml,321,321,corroborated,handle+profile_real_name,https://www.vlr.gg/player/321/chiwa,Barbershop Sickrey VALORANT,current_team_listed,BBL Esports October 2024 – November 2025 Inactive from June 2025,Egor Stepanyuk,team_joblife_chiwa,59.96,4,1453,63.94,61.9,4.9,heuristic_review_required,Season-to-date evidence; may include matches after the July 9 pack snapshot
FOKUS,FKS,2,emea,rostered,YaBoiLewis,Lewis Hughes,GB,controller,56,data/rosters/vct-2026/src/emea.yaml,4244,4244,corroborated,handle+profile_real_name,https://www.vlr.gg/player/4244/yaboilewis,UK Warriors Barbershop,current_team_listed,,Lewis Hughes,team_fokus_yaboilewis,59.64,4,979,63.01,60.3,4.3,heuristic_review_required,Season-to-date evidence; may include matches after the July 9 pack snapshot
FOKUS,FKS,2,emea,rostered,Serial,Maikls Zdanovs,LV,duelist,60,data/rosters/vct-2026/src/emea.yaml,18162,18162,corroborated,handle+profile_real_name,https://www.vlr.gg/player/18162/serial,CGN Esports Pixel Lumina joined in August 2026,current_team_listed,,Maikls Zdanovs,team_fokus_serial,59.34,5,1307,67.1,64.9,4.9,heuristic_review_required,Season-to-date evidence; may include matches after the July 9 pack snapshot
FOKUS,FKS,2,emea,rostered,Pa1ze,Mohammad Khatib,DK,initiator,55,data/rosters/vct-2026/src/emea.yaml,24424,24424,corroborated,handle+profile_real_name,https://www.vlr.gg/player/24424/pa1ze,Aestralis,current_team_listed,,Mohammad Khatib,team_fokus_pa1ze,58.3,6,1596,68.73,65.0,10.0,heuristic_review_required,Season-to-date evidence; may include matches after the July 9 pack snapshot
FOKUS,FKS,2,emea,rostered,MOLSI,Michal Lacki,PL,flex,57,data/rosters/vct-2026/src/emea.yaml,1281,1281,corroborated,handle+event_team_tag+country,https://www.vlr.gg/player/1281/molsi,,no_current_team_listed,Apeks December 2023 – October 2025 Inactive from August 2025|Team Vitality November 2022 – September 2023 Inactive from August 2023|Giants Gaming May 2021 – July 2021 Inactive from July 2021,Michał Łącki,team_fokus_molsi,56.47,5,1307,63.99,61.8,4.8,heuristic_review_required,Season-to-date evidence; may include matches after the July 9 pack snapshot
FOKUS,FKS,2,emea,rostered,shinnok,Viktor Zsombor Magloczki,HU,sentinel,55,data/rosters/vct-2026/src/emea.yaml,33358,33358,corroborated,handle+profile_real_name,https://www.vlr.gg/player/33358/shinnok,CGN Esports Cat Lovers,current_team_listed,,Viktor Zsombor Maglóczki,team_fokus_shinnok,57.63,5,1307,63.78,61.0,6.0,heuristic_review_required,Season-to-date evidence; may include matches after the July 9 pack snapshot
,,,americas,free_agent,Boostio,Kelden Pupello,US,sentinel,74,data/rosters/vct-2026/src/free_agents.yaml,604,604,corroborated,handle+profile_real_name,https://www.vlr.gg/player/604/boostio,,no_current_team_listed,100 Thieves January 2024 – October 2025 Inactive from July 2025|2025/07/19 100 Thieves benches Boostio for Kess,Kelden Pupello,fa_boostio,78.76,0,0,,,,insufficient_identity_or_evidence,Season-to-date evidence; may include matches after the July 9 pack snapshot
,,,americas,free_agent,Subroza,Yassine Taoufik,CA,duelist,62,data/rosters/vct-2026/src/free_agents.yaml,75,75,corroborated,handle+profile_real_name,https://www.vlr.gg/player/75/subroza,,no_current_team_listed,TSM May 2020 – July 2023 Inactive from October 2022,Yassine Taoufik,fa_subroza,64.34,0,0,,,,insufficient_identity_or_evidence,Season-to-date evidence; may include matches after the July 9 pack snapshot
,,,americas,free_agent,Marved,Jimmy Nguyen,CA,controller,58,data/rosters/vct-2026/src/free_agents.yaml,263,263,corroborated,handle+profile_real_name,https://www.vlr.gg/player/263/marved,,no_current_team_listed,"Sentinels March 2023 – December 2023 Inactive from August 2023|OpTic Gaming February 2022 – November 2022 Inactive from September 2022|FaZe Clan July 2020 – January 2022 Inactive from June 2021|2024/05/25 NRG bench Demon1, release Marved",Jimmy Nguyen,fa_marved,60.66,1,71,74.36,59.7,1.7,heuristic_review_required,Season-to-date evidence; may include matches after the July 9 pack snapshot
,,,americas,free_agent,Sacy,Gustavo Rossi,BR,sentinel,56,data/rosters/vct-2026/src/free_agents.yaml,659,659,corroborated,handle+profile_real_name,https://www.vlr.gg/player/659/sacy,,no_current_team_listed,Team Vikings December 2020 – June 2022 Inactive from December 2021|2024/09/15 Sacy announces retirement,Gustavo Rossi,fa_sacy,60.83,0,0,,,,insufficient_identity_or_evidence,Season-to-date evidence; may include matches after the July 9 pack snapshot
,,,americas,free_agent,mummAy,Anthony DiPaolo,US,duelist,56,data/rosters/vct-2026/src/free_agents.yaml,818,818,corroborated,handle+profile_real_name,https://www.vlr.gg/player/818/mummay,,no_current_team_listed,"NYFU March 2022 – April 2022 Inactive from April 2022|ENVY July 2020 – October 2021 Inactive from August 2021|2022/04/04 NYFU release Jonaaa6 and Lear, bench vice and mummAy",Anthony DiPaolo,fa_mummay,57.55,0,0,,,,insufficient_identity_or_evidence,Season-to-date evidence; may include matches after the July 9 pack snapshot
,,,americas,free_agent,s0m,Sam Oh,US,controller,56,data/rosters/vct-2026/src/free_agents.yaml,4164,4164,corroborated,handle+profile_real_name,https://www.vlr.gg/player/4164/s0m,,no_current_team_listed,NRG October 2020 – September 2023 Inactive from August 2023|2025/10/22 s0m steps back from competitive play,Sam Oh,fa_s0m,58.22,0,0,,,,insufficient_identity_or_evidence,Season-to-date evidence; may include matches after the July 9 pack snapshot
,,,americas,free_agent,Wardell,Matthew Yu,CA,duelist,54,data/rosters/vct-2026/src/free_agents.yaml,72,72,corroborated,handle+profile_real_name,https://www.vlr.gg/player/72/WARDELL,,no_current_team_listed,,Matthew Yu,fa_wardell,56.05,0,0,,,,insufficient_identity_or_evidence,Season-to-date evidence; may include matches after the July 9 pack snapshot
,,,americas,free_agent,FNS,Pujan Mehta,CA,sentinel,50,data/rosters/vct-2026/src/free_agents.yaml,817,817,corroborated,handle+profile_real_name,https://www.vlr.gg/player/817/fns,,no_current_team_listed,NRG November 2022 – September 2023 Inactive from August 2023|OpTic Gaming February 2022 – November 2022 Inactive from September 2022|2025/05/09 FNS retires,Pujan Mehta,fa_fns,53.45,0,0,,,,insufficient_identity_or_evidence,Season-to-date evidence; may include matches after the July 9 pack snapshot
,,,americas,free_agent,ion2x,Ayan Rastogi,US,controller,46,data/rosters/vct-2026/src/free_agents.yaml,,,unobserved,,,,unverified,,,fa_ion2x,48.8,0,0,,,,insufficient_identity_or_evidence,Season-to-date evidence; may include matches after the July 9 pack snapshot
,,,china,free_agent,Ninebody,Ding Yi,CN,duelist,68,data/rosters/vct-2026/src/free_agents.yaml,3547,3547,corroborated,handle+profile_real_name,https://www.vlr.gg/player/3547/ninebody,Unsettled Resentment,current_team_listed,,Ding Yi (丁毅),fa_ninebody,68.59,0,0,,,,insufficient_identity_or_evidence,Season-to-date evidence; may include matches after the July 9 pack snapshot
,,,china,free_agent,OBONE,Chen Yijie,CN,controller,60,data/rosters/vct-2026/src/free_agents.yaml,36670,36670,corroborated,handle+profile_real_name,https://www.vlr.gg/player/36670/obone,,no_current_team_listed,"2026/06/28 OBONE retires and heybay departs Nova Esports|2025/03/07 Nova benches SWERL, moves to all Chinese roster",Chen Yijie (陈怡洁),fa_obone,61.97,1,148,73.22,62.6,2.6,heuristic_review_required,Season-to-date evidence; may include matches after the July 9 pack snapshot
,,,china,free_agent,sScary,Natchaphon Matarat,TH,controller,60,data/rosters/vct-2026/src/free_agents.yaml,4382,,candidate_needs_review,,https://www.vlr.gg/player/4382/sscary,,unverified,,,fa_sscary,62.43,0,0,,,,insufficient_identity_or_evidence,Season-to-date evidence; may include matches after the July 9 pack snapshot
,,,china,free_agent,ICEKING,Cheng Wanpeng,CN,sentinel,55,data/rosters/vct-2026/src/free_agents.yaml,4771,4771,corroborated,handle+profile_real_name,https://www.vlr.gg/player/4771/ICEKING,,no_current_team_listed,,Cheng Wanpeng (程万鹏),fa_iceking,57.65,0,0,,,,insufficient_identity_or_evidence,Season-to-date evidence; may include matches after the July 9 pack snapshot
,,,china,free_agent,Lsn,Li Sinan,CN,initiator,48,data/rosters/vct-2026/src/free_agents.yaml,50080,50080,corroborated,handle+profile_real_name,https://www.vlr.gg/player/50080/lsn,,no_current_team_listed,,Li Sinan (李思南),fa_lsn,49.77,0,0,,,,insufficient_identity_or_evidence,Season-to-date evidence; may include matches after the July 9 pack snapshot
,,,china,free_agent,cxyy,Cui Xinyu,CN,sentinel,47,data/rosters/vct-2026/src/free_agents.yaml,3518,,candidate_needs_review,,https://www.vlr.gg/player/3518/cxyy,,unverified,,,fa_cxyy,49.15,0,0,,,,insufficient_identity_or_evidence,Season-to-date evidence; may include matches after the July 9 pack snapshot
,,,emea,free_agent,MiniBoo,Dominykas Lukasevicius,LT,duelist,73,data/rosters/vct-2026/src/free_agents.yaml,18350,18350,corroborated,handle+profile_real_name,https://www.vlr.gg/player/18350/miniboo,Team Liquid joined in December 2025 Inactive from June 2026,current_team_listed,Team Liquid joined in December 2025 Inactive from June 2026|Arctic February 2022 – August 2022 Inactive from June 2022|2026/06/25 MiniBoo moves to Team Liquid's bench by request,Dominykas Lukaševičius,fa_miniboo,72.42,3,969,76.76,75.3,2.3,heuristic_review_required,Season-to-date evidence; may include matches after the July 9 pack snapshot
,,,emea,free_agent,Shao,Andrei Kiprskii,RU,controller,68,data/rosters/vct-2026/src/free_agents.yaml,384,,candidate_needs_review,,https://www.vlr.gg/player/384/shao,,unverified,,,fa_shao,71.16,0,0,,,,insufficient_identity_or_evidence,Season-to-date evidence; may include matches after the July 9 pack snapshot
,,,emea,free_agent,Sheydos,Bogdan Naumov,RU,sentinel,63,data/rosters/vct-2026/src/free_agents.yaml,1428,1428,corroborated,handle+profile_real_name,https://www.vlr.gg/player/1428/sheydos,Karmine Corp joined in January 2026 Inactive from March 2026,current_team_listed,Karmine Corp joined in January 2026 Inactive from March 2026|KOI December 2022 – September 2025 Inactive from May 2025,Bogdan Naumov,fa_sheydos,64.97,1,230,71.22,65.3,2.3,heuristic_review_required,Season-to-date evidence; may include matches after the July 9 pack snapshot
,,,emea,free_agent,baddyG,Kamil Graniczka,PL,initiator,61,data/rosters/vct-2026/src/free_agents.yaml,2190,2190,corroborated,handle+profile_real_name,https://www.vlr.gg/player/2190/baddyg,OldBoyz,current_team_listed,KOI May 2025 – October 2025 Inactive from August 2025|Team Vitality May 2022 – October 2022 Inactive from October 2022|Leftovers left in June 2021 Inactive from June 2021,Kamil Graniczka,fa_baddyg,62.06,0,0,,,,insufficient_identity_or_evidence,Season-to-date evidence; may include matches after the July 9 pack snapshot
,,,emea,free_agent,Filu,Dawid Czarnecki,PL,duelist,58,data/rosters/vct-2026/src/free_agents.yaml,4544,4544,corroborated,handle+profile_real_name,https://www.vlr.gg/player/4544/filu,Natus Vincere joined in December 2025 Inactive from June 2026,current_team_listed,Natus Vincere joined in December 2025 Inactive from June 2026|UCAM Esports Club January 2022 – August 2022 Inactive from July 2022|2026/06/24 Filu benched from Natus Vincere ahead of Stage 2,Dawid Czarnecki,fa_filu,59.75,2,542,72.25,64.8,6.8,heuristic_review_required,Season-to-date evidence; may include matches after the July 9 pack snapshot
,,,emea,free_agent,ScreaM,Adil Benrlitom,BE,duelist,58,data/rosters/vct-2026/src/free_agents.yaml,92,92,corroborated,handle+profile_real_name,https://www.vlr.gg/player/92/scream,,no_current_team_listed,Karmine Corp November 2022 – December 2023 Inactive from September 2023,Adil Benrlitom,fa_scream,60.9,0,0,,,,insufficient_identity_or_evidence,Season-to-date evidence; may include matches after the July 9 pack snapshot
,,,emea,free_agent,nataNk,Nathan Bocqueho,FR,sentinel,54,data/rosters/vct-2026/src/free_agents.yaml,5004,5004,corroborated,handle+profile_real_name,https://www.vlr.gg/player/5004/natank,Pixel Lumina,current_team_listed,KOI May 2025 – October 2025 Inactive from September 2025|LEVIATÁN December 2024 – May 2025 Inactive from March 2025|Team Vitality May 2022 – October 2022 Inactive from September 2022,Nathan Bocqueho,fa_natank,55.57,4,1460,63.91,61.0,7.0,heuristic_review_required,Season-to-date evidence; may include matches after the July 9 pack snapshot
,,,emea,free_agent,Leo,Leo Jannesson,SE,sentinel,48,data/rosters/vct-2026/src/free_agents.yaml,47753|47858|62914,,ambiguous,,,,unverified,,,fa_leo,52.67,0,0,,,,insufficient_identity_or_evidence,Season-to-date evidence; may include matches after the July 9 pack snapshot
,,,pacific,free_agent,Foxy9,Jung Jae-sung,KR,duelist,70,data/rosters/vct-2026/src/free_agents.yaml,11600,11600,corroborated,handle+profile_real_name,https://www.vlr.gg/player/11600/foxy9,VARREL joined in May 2026,current_team_listed,KIWOOM DRX October 2022 – October 2024 Inactive from October 2024,Jung Jae-sung (정재성),fa_foxy9,70.43,2,484,78.58,73.8,3.8,heuristic_review_required,Season-to-date evidence; may include matches after the July 9 pack snapshot
,,,pacific,free_agent,Lakia,Kim Jong-min,KR,initiator,66,data/rosters/vct-2026/src/free_agents.yaml,773,773,corroborated,handle+profile_real_name,https://www.vlr.gg/player/773/lakia,,no_current_team_listed,IGZIST January 2022 – November 2022 Inactive from July 2022|KIWOOM DRX January 2022 – January 2022 Inactive from January 2022,Kim Jong-min (김종민),fa_lakia,67.76,2,548,72.37,69.0,3.0,heuristic_review_required,Season-to-date evidence; may include matches after the July 9 pack snapshot
,,,pacific,free_agent,Hermes,Ahn Byeong-wook,KR,duelist,60,data/rosters/vct-2026/src/free_agents.yaml,17049,17049,corroborated,handle+profile_real_name,https://www.vlr.gg/player/17049/hermes,,no_current_team_listed,,Ahn Byeong-wook (안병욱),fa_hermes,62.18,3,615,70.41,65.3,5.3,heuristic_review_required,Season-to-date evidence; may include matches after the July 9 pack snapshot
,,,pacific,free_agent,thyy,Anupong Preamsak,TH,controller,57,data/rosters/vct-2026/src/free_agents.yaml,42901,42901,corroborated,handle+profile_real_name,https://www.vlr.gg/player/42901/thyy,FULL SENSE joined in December 2025 Inactive from April 2026,current_team_listed,FULL SENSE joined in December 2025 Inactive from April 2026,Anupong Preamsak,fa_thyy,58.45,1,237,67.65,60.0,3.0,heuristic_review_required,Season-to-date evidence; may include matches after the July 9 pack snapshot
,,,pacific,free_agent,Surf,Thanachart Rungapajaratkul,TH,duelist,52,data/rosters/vct-2026/src/free_agents.yaml,23062,23062,corroborated,handle+profile_real_name,https://www.vlr.gg/player/23062/surf,Xipto Esports joined in July 2026,current_team_listed,XERXIA Esports January 2022 – March 2023 Inactive from February 2023,Thanachart Rungapajaratkul,fa_surf,53.69,4,1314,61.6,58.6,6.6,heuristic_review_required,Season-to-date evidence; may include matches after the July 9 pack snapshot
,,,pacific,free_agent,blaZek1ng,Gary Dastin,ID,controller,50,data/rosters/vct-2026/src/free_agents.yaml,1743,1743,corroborated,handle+profile_real_name,https://www.vlr.gg/player/1743/blazek1ng,,no_current_team_listed,Global Esports September 2023 – October 2024 Inactive from August 2024|BOOM Esports July 2020 – September 2023 Inactive from August 2023|2024/10/29 blaZek1ng announces retirement,Gary Dastin,fa_blazek1ng,52.96,0,0,,,,insufficient_identity_or_evidence,Season-to-date evidence; may include matches after the July 9 pack snapshot
,,,pacific,free_agent,Bunny,Chae Joon-hyuk,KR,duelist,47,data/rosters/vct-2026/src/free_agents.yaml,5283,5283,corroborated,handle+profile_real_name,https://www.vlr.gg/player/5283/bunny,,no_current_team_listed,,Chae Joon-hyuk (채준혁),fa_bunny,48.49,0,0,,,,insufficient_identity_or_evidence,Season-to-date evidence; may include matches after the July 9 pack snapshot
,,,pacific,free_agent,Sota,Sota,JP,initiator,46,data/rosters/vct-2026/src/free_agents.yaml,34775,,candidate_needs_review,,https://www.vlr.gg/player/34775/sota,,unverified,,,fa_sota,49.57,0,0,,,,insufficient_identity_or_evidence,Season-to-date evidence; may include matches after the July 9 pack snapshot
,,,americas,free_agent,C0M,Corbin Lee,US,initiator,58,data/rosters/vct-2026/src/free_agents.yaml,619,619,corroborated,handle+profile_real_name,https://www.vlr.gg/player/619/c0m,FURIA joined in July 2026 Inactive from September 2026,current_team_listed,"FURIA joined in July 2026 Inactive from September 2026|Evil Geniuses November 2025 – July 2026 Inactive from May 2026|LEVIATÁN January 2024 – October 2025 Inactive from September 2025|Akrew October 2021 – April 2022 Inactive from March 2022|2026/05/07 Evil Geniuses overhaul roster, bench three in favor of fresh faces",Corbin Lee,fa_c0m,60.46,3,955,68.24,64.3,6.3,heuristic_review_required,Season-to-date evidence; may include matches after the July 9 pack snapshot
,,,americas,free_agent,okeanos,Anthony Nguyen,US,controller,47,data/rosters/vct-2026/src/free_agents.yaml,8373,8373,corroborated,handle+profile_real_name,https://www.vlr.gg/player/8373/okeanos,Evictix,current_team_listed,"Evil Geniuses November 2025 – July 2026 Inactive from May 2026|LEVIATÁN May 2025 – October 2025 Inactive from September 2025|2026/05/07 Evil Geniuses overhaul roster, bench three in favor of fresh faces",Anthony Nguyen,fa_okeanos,49.79,2,448,71.56,57.5,10.5,heuristic_review_required,Season-to-date evidence; may include matches after the July 9 pack snapshot
,,,emea,free_agent,ANGE1,Kyrylo Karasov,UA,sentinel,62,data/rosters/vct-2026/src/free_agents.yaml,109,109,corroborated,handle+profile_real_name,https://www.vlr.gg/player/109/ange1,Natus Vincere head coach joined in December 2025,current_team_listed,"2025/09/05 ANGE1 retires as a player, looks to coaching roles",Kyrylo Karasov,fa_ange1,63.14,0,0,,,,insufficient_identity_or_evidence,Season-to-date evidence; may include matches after the July 9 pack snapshot
,,,emea,free_agent,Magnum,Martin Penkov,BG,duelist,54,data/rosters/vct-2026/src/free_agents.yaml,2173,2173,corroborated,handle+profile_real_name,https://www.vlr.gg/player/2173/magnum,Enterprise Esports joined in January 2026 Inactive from September 2026,current_team_listed,Enterprise Esports joined in January 2026 Inactive from September 2026|BBL Esports March 2025 – November 2025 Inactive from September 2025|Karmine Corp December 2023 – November 2024 Inactive from September 2024|KOI June 2022 – January 2023 Inactive from October 2022|FNATIC April 2021 – June 2022 Inactive from April 2022,Martin Penkov,fa_magnum,56.92,5,1754,68.71,65.0,11.0,heuristic_review_required,Season-to-date evidence; may include matches after the July 9 pack snapshot
,,,emea,free_agent,pyrolll,Artur Minin,RU,duelist,63,data/rosters/vct-2026/src/free_agents.yaml,8808,8808,corroborated,handle+profile_real_name,https://www.vlr.gg/player/8808/pyrolll,,no_current_team_listed,Karmine Corp August 2025 – January 2026 Inactive from September 2025,Artur Minin,fa_pyrolll,63.96,3,281,65.24,63.7,0.7,heuristic_review_required,Season-to-date evidence; may include matches after the July 9 pack snapshot
,,,pacific,free_agent,TenTen,Kim Tae-young,KR,sentinel,53,data/rosters/vct-2026/src/free_agents.yaml,29839,29839,corroborated,handle+profile_real_name,https://www.vlr.gg/player/29839/tenten,,no_current_team_listed,ZETA DIVISION April 2025 – October 2025 Inactive from September 2025|FAV gaming September 2023 – August 2024 Inactive from May 2024,Kim Tae-young (김태영),fa_tenten,55.95,3,476,66.83,59.1,6.1,heuristic_review_required,Season-to-date evidence; may include matches after the July 9 pack snapshot
,,,pacific,free_agent,CLZ,Hikaru Mizutani,JP,duelist,49,data/rosters/vct-2026/src/free_agents.yaml,2615,2615,corroborated,handle+profile_real_name,https://www.vlr.gg/player/2615/clz,,no_current_team_listed,ZETA DIVISION October 2024 – October 2025 Inactive from September 2025,Hikaru Mizutani,fa_clz,51.26,3,919,65.07,58.7,9.7,heuristic_review_required,Season-to-date evidence; may include matches after the July 9 pack snapshot
,,,pacific,free_agent,mindfreak,Aaron Leonhart,SG,controller,71,data/rosters/vct-2026/src/free_agents.yaml,9800,9800,corroborated,handle+profile_real_name,https://www.vlr.gg/player/9800/mindfreak,,no_current_team_listed,Paper Rex February 2021 – October 2025 Inactive from July 2025,Aaron Leonhart,fa_mindfreak,72.4,0,0,,,,insufficient_identity_or_evidence,Season-to-date evidence; may include matches after the July 9 pack snapshot
,,,pacific,free_agent,neth,Yusuke Matsuda,JP,duelist,46,data/rosters/vct-2026/src/free_agents.yaml,1970,1970,corroborated,handle+profile_real_name,https://www.vlr.gg/player/1970/neth,,no_current_team_listed,"FENNEL October 2024 – December 2025 Inactive from November 2025|DetonatioN FocusMe November 2023 – October 2024 Inactive from October 2024|2025/12/08 neth leaves FENNEL, retires in Crazy Raccoon colors",Yusuke Matsuda,fa_neth,44.59,0,0,,,,insufficient_identity_or_evidence,Season-to-date evidence; may include matches after the July 9 pack snapshot
,,,americas,free_agent,TenZ,Tyson Ngo,CA,duelist,79,data/rosters/vct-2026/src/free_agents.yaml,9,9,corroborated,handle+profile_real_name,https://www.vlr.gg/player/9/tenz,,no_current_team_listed,2024/09/14 TenZ retires from competitive play,Tyson Ngo,fa_tenz,77.46,0,0,,,,insufficient_identity_or_evidence,Season-to-date evidence; may include matches after the July 9 pack snapshot
,,,americas,free_agent,Tarik,Tarik Celik,US,initiator,56,data/rosters/vct-2026/src/free_agents.yaml,31376,31376,corroborated,handle+profile_real_name,https://www.vlr.gg/player/31376/tarik,,no_current_team_listed,,Tarik Celik,fa_tarik,61.89,0,0,,,,insufficient_identity_or_evidence,Season-to-date evidence; may include matches after the July 9 pack snapshot
,,,emea,free_agent,Mixwell,Oscar Canellas,ES,duelist,51,data/rosters/vct-2026/src/free_agents.yaml,93,93,corroborated,handle+profile_real_name,https://www.vlr.gg/player/93/mixwell,,no_current_team_listed,G2 Esports June 2020 – October 2022 Inactive from September 2022|2023/10/08 Mixwell retires from competitive play|2022/01/25 Mixwell benched from G2,Oscar Cañellas,fa_mixwell,52.12,0,0,,,,insufficient_identity_or_evidence,Season-to-date evidence; may include matches after the July 9 pack snapshot
,,,emea,free_agent,Chadi,Balazs Farsang,HU,duelist,48,data/rosters/vct-2026/src/free_agents.yaml,6925,,candidate_needs_review,,https://www.vlr.gg/player/6925/chadi,,unverified,,,fa_chadi,50.47,0,0,,,,insufficient_identity_or_evidence,Season-to-date evidence; may include matches after the July 9 pack snapshot
,,,emea,free_agent,STERBEN,Emre Demirci,TR,sentinel,50,data/rosters/vct-2026/src/free_agents.yaml,1399,1399,corroborated,handle+profile_real_name,https://www.vlr.gg/player/1399/sterben,Trigon Titans Eternal Fire Passion,current_team_listed,,Emre Demirci,fa_sterben,54.19,1,341,65.29,55.5,5.5,heuristic_review_required,Season-to-date evidence; may include matches after the July 9 pack snapshot
,,,emea,free_agent,glovee,Burak Yildirim,TR,controller,52,data/rosters/vct-2026/src/free_agents.yaml,7353,,candidate_needs_review,,https://www.vlr.gg/player/7353/glovee,,unverified,,,fa_glovee,56.13,0,0,,,,insufficient_identity_or_evidence,Season-to-date evidence; may include matches after the July 9 pack snapshot
,,,pacific,free_agent,TENNN,Tenta Asai,JP,duelist,58,data/rosters/vct-2026/src/free_agents.yaml,1395,1395,corroborated,handle+profile_real_name,https://www.vlr.gg/player/1395/tennn,,no_current_team_listed,,Tenta Asai,fa_tennn,59.13,2,729,62.65,60.6,2.6,heuristic_review_required,Season-to-date evidence; may include matches after the July 9 pack snapshot
,,,pacific,free_agent,Ask,Seigi Yamamoto,JP,initiator,54,data/rosters/vct-2026/src/free_agents.yaml,23971,23971,corroborated,handle+profile_real_name,https://www.vlr.gg/player/23971/ask,,no_current_team_listed,Murash Gaming January 2025 – June 2026 Inactive from May 2026|BC SWELL November 2023 – November 2024 Inactive from September 2024,Seigi Yamamoto,fa_ask,57.86,1,453,65.35,58.9,4.9,heuristic_review_required,Season-to-date evidence; may include matches after the July 9 pack snapshot
,,,pacific,free_agent,Yowamu,Ryohei Sato,JP,duelist,50,data/rosters/vct-2026/src/free_agents.yaml,34785,,candidate_needs_review,,https://www.vlr.gg/player/34785/yowamu,,unverified,,,fa_yowamu,51.0,0,0,,,,insufficient_identity_or_evidence,Season-to-date evidence; may include matches after the July 9 pack snapshot
,,,pacific,free_agent,Bangnan,Jung Min-u,KR,duelist,49,data/rosters/vct-2026/src/free_agents.yaml,4038,4038,corroborated,handle+profile_real_name,https://www.vlr.gg/player/4038/bangnan,,no_current_team_listed,,Jung Min-u (정민우),fa_bangnan,48.76,2,593,68.49,58.7,9.7,heuristic_review_required,Season-to-date evidence; may include matches after the July 9 pack snapshot
,,,pacific,free_agent,STYRON,Tidus Goh,SG,sentinel,53,data/rosters/vct-2026/src/free_agents.yaml,11704,11704,corroborated,handle+profile_real_name,https://www.vlr.gg/player/11704/styron,Team Secret joined in July 2026 Inactive from September 2026,current_team_listed,Team Secret joined in July 2026 Inactive from September 2026|Motiv Esports April 2025 – November 2025 Inactive from October 2025,Tidus Goh,fa_styron,52.18,2,498,68.12,59.9,6.9,heuristic_review_required,Season-to-date evidence; may include matches after the July 9 pack snapshot
,,,china,free_agent,Septem7,Liu Zhening,CN,controller,48,data/rosters/vct-2026/src/free_agents.yaml,3031,3031,corroborated,handle+profile_real_name,https://www.vlr.gg/player/3031/septem7,,no_current_team_listed,,Liu Zhening (刘哲宁),fa_septem7,54.93,1,106,70.23,51.3,3.3,heuristic_review_required,Season-to-date evidence; may include matches after the July 9 pack snapshot
,,,china,free_agent,Youze,Lai You-ze,TW,duelist,44,data/rosters/vct-2026/src/free_agents.yaml,46040,,candidate_needs_review,,https://www.vlr.gg/player/46040/youze,,unverified,,,fa_youze,46.38,0,0,,,,insufficient_identity_or_evidence,Season-to-date evidence; may include matches after the July 9 pack snapshot
,,,emea,free_agent,Click,Haydem Ali,DE,duelist,57,data/rosters/vct-2026/src/free_agents.yaml,7866,7866,corroborated,handle+profile_real_name,https://www.vlr.gg/player/7866/click,,no_current_team_listed,"Gentle Mates joined in December 2024 Inactive from May 2025|Wave Esports April 2022 – September 2022 Inactive from June 2022|2025/05/13 Gentle Mates brings in Veqaj and Proxh, Kada and Click to move to inactive roster",Haydem Ali,fa_click,60.01,0,0,,,,insufficient_identity_or_evidence,Season-to-date evidence; may include matches after the July 9 pack snapshot
,,,emea,free_agent,Redgar,Igor Vlasov,RU,initiator,65,data/rosters/vct-2026/src/free_agents.yaml,1427,1427,corroborated,handle+profile_real_name,https://www.vlr.gg/player/1427/redgar,Gambot MIR joined in December 2025 Inactive from September 2026,current_team_listed,"MIR joined in December 2025 Inactive from September 2026|GIANTX December 2023 – October 2024 Inactive from June 2024|2024/06/30 GIANTX bench Redgar, Famsii to step in",Igor Vlasov,fa_redgar,66.65,5,1251,65.05,65.0,0.0,heuristic_review_required,Season-to-date evidence; may include matches after the July 9 pack snapshot
,,,americas,free_agent,yay,Jaccob Whiteaker,US,duelist,75,data/rosters/vct-2026/src/free_agents.yaml,881,881,corroborated,handle+profile_real_name,https://www.vlr.gg/player/881/yay,,no_current_team_listed,"BLEED September 2023 – October 2024 Inactive from May 2024|OpTic Gaming February 2022 – October 2022 Inactive from September 2022|2024/08/13 BLEED announce roster overhaul, bench four players",Jaccob Whiteaker,fa_yay,78.0,0,0,,,,insufficient_identity_or_evidence,Season-to-date evidence; may include matches after the July 9 pack snapshot
,,,pacific,free_agent,teasohot,,AU,duelist,48,data/rosters/vct-2026/src/free_agents.yaml,59613,,candidate_needs_review,,https://www.vlr.gg/player/59613/teasohot,,unverified,,,fa_teasohot,48.72,0,0,,,,insufficient_identity_or_evidence,Season-to-date evidence; may include matches after the July 9 pack snapshot
,,,americas,free_agent,Mephisto,,MX,controller,49,data/rosters/vct-2026/src/free_agents.yaml,31476,,candidate_needs_review,,https://www.vlr.gg/player/31476/mephisto,,unverified,,,fa_mephisto,49.92,0,0,,,,insufficient_identity_or_evidence,Season-to-date evidence; may include matches after the July 9 pack snapshot
,,,americas,free_agent,flyuh,Xavier Carlson,US,controller,58,data/rosters/vct-2026/src/free_agents.yaml,3685,3685,corroborated,handle+profile_real_name,https://www.vlr.gg/player/3685/flyuh,,no_current_team_listed,"Moist x Shopify September 2023 – November 2024 Inactive from September 2024|FaZe Clan January 2022 – February 2023 Inactive from September 2022|2022/05/18 FaZe bench Poach, reactivate flyuh",Xavier Carlson,fa_flyuh,60.02,3,1561,58.98,58.7,0.7,heuristic_review_required,Season-to-date evidence; may include matches after the July 9 pack snapshot
,,,americas,free_agent,moose,Kaleb Jayne,CA,sentinel,61,data/rosters/vct-2026/src/free_agents.yaml,61305|7458,,ambiguous,,,,unverified,,,fa_moose,63.43,0,0,,,,insufficient_identity_or_evidence,Season-to-date evidence; may include matches after the July 9 pack snapshot
,,,americas,free_agent,Derrek,Derrek Ha,US,initiator,63,data/rosters/vct-2026/src/free_agents.yaml,1533,1533,corroborated,handle+profile_real_name,https://www.vlr.gg/player/1533/derrek,,no_current_team_listed,Evil Geniuses January 2024 – November 2025 Inactive from October 2025,Derrek Ha,fa_derrek,64.93,3,1425,72.47,69.7,6.7,heuristic_review_required,Season-to-date evidence; may include matches after the July 9 pack snapshot
,,,pacific,free_agent,infiltrator,Philip Nguyen,VN,duelist,51,data/rosters/vct-2026/src/free_agents.yaml,9063,9063,corroborated,handle+profile_real_name,https://www.vlr.gg/player/9063/infiltrator,Winthrop University joined in August 2023,current_team_listed,,Philip Nguyen,fa_infiltrator,51.99,2,675,64.61,58.2,7.2,heuristic_review_required,Season-to-date evidence; may include matches after the July 9 pack snapshot
,,,americas,free_agent,qck,Gabriel Lima,BR,duelist,64,data/rosters/vct-2026/src/free_agents.yaml,1575,1575,corroborated,handle+profile_real_name,https://www.vlr.gg/player/1575/qck,,no_current_team_listed,LOUD November 2023 – May 2024 Inactive from May 2024,Gabriel Lima,fa_qck,66.54,4,1690,66.6,65.9,1.9,heuristic_review_required,Season-to-date evidence; may include matches after the July 9 pack snapshot
,,,americas,free_agent,Inspire,Hunter Schline,US,initiator,51,data/rosters/vct-2026/src/free_agents.yaml,53,53,corroborated,handle+profile_real_name,https://www.vlr.gg/player/53/inspire,,no_current_team_listed,ENVY March 2025 – May 2026 Inactive from February 2026|2026/02/05 ENVY benches Inspire,Hunter Schline,fa_inspire,55.66,1,256,76.41,58.6,7.6,heuristic_review_required,Season-to-date evidence; may include matches after the July 9 pack snapshot
,,,americas,free_agent,P0PPIN,Matteo Weber,US,duelist,50,data/rosters/vct-2026/src/free_agents.yaml,21778,21778,corroborated,handle+profile_real_name,https://www.vlr.gg/player/21778/p0ppin,ENVY joined in March 2025 Inactive from June 2026,current_team_listed,"ENVY joined in March 2025 Inactive from June 2026|2026/06/30 GLYPH signs with Envy, P0PPIN benched",Matteo Weber,fa_p0ppin,50.18,2,535,71.55,60.2,10.2,heuristic_review_required,Season-to-date evidence; may include matches after the July 9 pack snapshot
,,,americas,free_agent,nightz,Christian Smith,US,controller,49,data/rosters/vct-2026/src/free_agents.yaml,41798,41798,corroborated,handle+profile_real_name,https://www.vlr.gg/player/41798/nightz,ENVY joined in July 2026 Inactive from September 2026,current_team_listed,ENVY joined in July 2026 Inactive from September 2026,Christian Smith,fa_nightz,50.05,1,429,73.79,59.3,10.3,heuristic_review_required,Season-to-date evidence; may include matches after the July 9 pack snapshot
,,,americas,free_agent,tdawgg,Travis Regan,US,initiator,50,data/rosters/vct-2026/src/free_agents.yaml,3007,3007,corroborated,handle+profile_real_name,https://www.vlr.gg/player/3007/tdawgg,,no_current_team_listed,,Travis Regan,fa_tdawgg,49.82,3,1119,63.87,59.0,9.0,heuristic_review_required,Season-to-date evidence; may include matches after the July 9 pack snapshot
,,,pacific,free_agent,florescent,Ava Eugene,VN,duelist,70,data/rosters/vct-2026/src/free_agents.yaml,17976,17976,corroborated,handle+profile_real_name,https://www.vlr.gg/player/17976/florescent,Azure Dragon Gaming joined in May 2026,current_team_listed,Apeks December 2024 – July 2025 Inactive from April 2025|2025/04/28 florescent steps back from VCT,Ava Eugene,fa_florescent,70.31,1,161,66.67,69.3,-0.7,heuristic_review_required,Season-to-date evidence; may include matches after the July 9 pack snapshot
,,,americas,free_agent,zombs,Jared Gitlin,US,controller,58,data/rosters/vct-2026/src/free_agents.yaml,47,47,corroborated,handle+profile_real_name,https://www.vlr.gg/player/47/zombs,,no_current_team_listed,Sentinels April 2020 – October 2022 Inactive from April 2022,Jared Gitlin,fa_zombs,60.01,0,0,,,,insufficient_identity_or_evidence,Season-to-date evidence; may include matches after the July 9 pack snapshot
,,,americas,free_agent,ShahZaM,Shahzeb Khan,US,duelist,59,data/rosters/vct-2026/src/free_agents.yaml,46,46,corroborated,handle+profile_real_name,https://www.vlr.gg/player/46/shahzeb-khan,,no_current_team_listed,Sentinels April 2020 – October 2022 Inactive from October 2022,Shahzeb Khan,fa_shahzam,62.19,0,0,,,,insufficient_identity_or_evidence,Season-to-date evidence; may include matches after the July 9 pack snapshot
,,,americas,free_agent,dapr,Michael Gulino,US,sentinel,61,data/rosters/vct-2026/src/free_agents.yaml,454,454,corroborated,handle+profile_real_name,https://www.vlr.gg/player/454/dapr,,no_current_team_listed,Sentinels May 2020 – December 2022 Inactive from October 2022,Michael Gulino,fa_dapr,62.01,1,174,62.37,61.3,0.3,heuristic_review_required,Season-to-date evidence; may include matches after the July 9 pack snapshot
,,,americas,free_agent,Victor,Victor Wong,US,flex,70,data/rosters/vct-2026/src/free_agents.yaml,261,261,corroborated,handle+profile_real_name,https://www.vlr.gg/player/261/victor,,no_current_team_listed,,Victor Wong,fa_victor,71.55,1,43,70.93,70.1,0.1,heuristic_review_required,Season-to-date evidence; may include matches after the July 9 pack snapshot
,,,emea,free_agent,Zyppan,Pontus Eek,SE,initiator,68,data/rosters/vct-2026/src/free_agents.yaml,11,11,corroborated,handle+profile_real_name,https://www.vlr.gg/player/11/zyppan,BRATAN MIX threetwotwo,current_team_listed,Gentle Mates December 2024 – September 2025 Inactive from May 2025|Natus Vincere November 2022 – December 2024 Inactive from August 2024,Pontus Eek,fa_zyppan,71.22,4,1034,65.12,66.2,-1.8,heuristic_review_required,Season-to-date evidence; may include matches after the July 9 pack snapshot
,,,emea,free_agent,ardiis,Ardis Svarenieks,LV,duelist,64,data/rosters/vct-2026/src/free_agents.yaml,98,98,corroborated,handle+profile_real_name,https://www.vlr.gg/player/98/ardiis,,no_current_team_listed,Natus Vincere October 2023 – December 2024 Inactive from September 2024|Team Heretics June 2021 – December 2021 Inactive from July 2021,Ardis Svarenieks,fa_ardiis,65.6,0,0,,,,insufficient_identity_or_evidence,Season-to-date evidence; may include matches after the July 9 pack snapshot
,,,americas,free_agent,pANcada,Bryan Luna,BR,controller,69,data/rosters/vct-2026/src/free_agents.yaml,683,683,corroborated,handle+profile_real_name,https://www.vlr.gg/player/683/pancada,,no_current_team_listed,LOUD June 2024 – May 2026 Inactive from March 2026|Sentinels October 2022 – June 2024 Inactive from March 2024,Bryan Luna,fa_pancada,69.63,1,146,70.73,69.3,0.3,heuristic_review_required,Season-to-date evidence; may include matches after the July 9 pack snapshot
,,,americas,free_agent,tuyz,Arthur Andrade,BR,controller,63,data/rosters/vct-2026/src/free_agents.yaml,2408,2408,corroborated,handle+profile_real_name,https://www.vlr.gg/player/2408/tuyz,Fluxo W7M joined in August 2026,current_team_listed,FURIA May 2025 – October 2025 Inactive from September 2025|TBK Esports left in November 2022 Inactive from October 2022,Arthur Andrade,fa_tuyz,66.1,3,1172,67.5,66.0,3.0,heuristic_review_required,Season-to-date evidence; may include matches after the July 9 pack snapshot
,,,americas,free_agent,havoc,Ilan Eloy,BR,duelist,60,data/rosters/vct-2026/src/free_agents.yaml,8706,8706,corroborated,handle+profile_real_name,https://www.vlr.gg/player/8706/havoc,Team Solid,current_team_listed,FURIA October 2023 – May 2025 Inactive from May 2025,Ilan Eloy,fa_havoc,62.2,2,1180,67.82,65.2,5.2,heuristic_review_required,Season-to-date evidence; may include matches after the July 9 pack snapshot
,,,americas,free_agent,raafa,Rafael Lima,BR,initiator,52,data/rosters/vct-2026/src/free_agents.yaml,25743,25743,corroborated,handle+profile_real_name,https://www.vlr.gg/player/25743/raafa,Team Solid,current_team_listed,FURIA December 2024 – May 2025 Inactive from May 2025,Rafael Lima,fa_raafa,54.76,2,1180,64.18,60.1,8.1,heuristic_review_required,Season-to-date evidence; may include matches after the July 9 pack snapshot
,,,emea,free_agent,zenox,,EG,duelist,49,data/rosters/vct-2026/src/free_agents.yaml,31632,,candidate_needs_review,,https://www.vlr.gg/player/31632/zenox,,unverified,,,fa_zenox,51.86,0,0,,,,insufficient_identity_or_evidence,Season-to-date evidence; may include matches after the July 9 pack snapshot
,,,emea,free_agent,TITOUNE,,FR,duelist,51,data/rosters/vct-2026/src/free_agents.yaml,46446,,candidate_needs_review,,https://www.vlr.gg/player/46446/titoune,,unverified,,,fa_titoune,50.25,0,0,,,,insufficient_identity_or_evidence,Season-to-date evidence; may include matches after the July 9 pack snapshot
,,,pacific,free_agent,ecco,,AU,controller,49,data/rosters/vct-2026/src/free_agents.yaml,47212,,candidate_needs_review,,https://www.vlr.gg/player/47212/ecco,,unverified,,,fa_ecco,52.63,0,0,,,,insufficient_identity_or_evidence,Season-to-date evidence; may include matches after the July 9 pack snapshot
,,,emea,free_agent,Swag,,UN,duelist,48,data/rosters/vct-2026/src/free_agents.yaml,15361,,candidate_needs_review,,https://www.vlr.gg/player/15361/swag,,unverified,,,fa_swag,50.46,0,0,,,,insufficient_identity_or_evidence,Season-to-date evidence; may include matches after the July 9 pack snapshot
,,,pacific,free_agent,deviceHP,,VN,duelist,48,data/rosters/vct-2026/src/free_agents.yaml,56062,,candidate_needs_review,,https://www.vlr.gg/player/56062/devicehp,,unverified,,,fa_devicehp,50.21,0,0,,,,insufficient_identity_or_evidence,Season-to-date evidence; may include matches after the July 9 pack snapshot
,,,emea,free_agent,Meep,,FR,sentinel,50,data/rosters/vct-2026/src/free_agents.yaml,55495,,candidate_needs_review,,https://www.vlr.gg/player/55495/meep,,unverified,,,fa_meep,50.64,0,0,,,,insufficient_identity_or_evidence,Season-to-date evidence; may include matches after the July 9 pack snapshot
,,,pacific,free_agent,bethany,Bethany Davie,AU,initiator,52,data/rosters/vct-2026/src/free_agents.yaml,26102,26102,corroborated,handle+profile_real_name,https://www.vlr.gg/player/26102/bethany-davie,swaglord9000,current_team_listed,,Bethany Davie,fa_bethany,54.41,0,0,,,,insufficient_identity_or_evidence,Season-to-date evidence; may include matches after the July 9 pack snapshot
,,,emea,free_agent,kozzy,Denis Stefan Aionitoaei,RO,duelist,50,data/rosters/vct-2026/src/free_agents.yaml,55681,55681,corroborated,handle+profile_real_name,https://www.vlr.gg/player/55681/kozzy,BRATAN MIX Enterprise Esports joined in February 2026,current_team_listed,,Denis Stefan Aionitoaei,fa_kozzy,48.86,5,1754,74.76,68.5,18.5,heuristic_review_required,Season-to-date evidence; may include matches after the July 9 pack snapshot
,,,emea,free_agent,Czester,Nikolas Zarow,PL,initiator,50,data/rosters/vct-2026/src/free_agents.yaml,36748,36748,corroborated,handle+profile_real_name,https://www.vlr.gg/player/36748/czester,SAMCRO joined in August 2026,current_team_listed,,Nikolas Żarów,fa_czester,51.22,2,270,67.94,55.6,5.6,heuristic_review_required,Season-to-date evidence; may include matches after the July 9 pack snapshot
,,,pacific,free_agent,endoist,,TH,controller,49,data/rosters/vct-2026/src/free_agents.yaml,41694,,candidate_needs_review,,https://www.vlr.gg/player/41694/endoist,,unverified,,,fa_endoist,51.0,0,0,,,,insufficient_identity_or_evidence,Season-to-date evidence; may include matches after the July 9 pack snapshot
Paper Rex,PRX,1,pacific,rostered,something,Ilia Petrov,RU,duelist,85,data/rosters/vct-2026/src/pacific.yaml,17086,17086,corroborated,handle+event_team_tag+country,https://www.vlr.gg/player/17086/something,Paper Rex joined in March 2023,current_team_listed,Sengoku Gaming May 2022 – December 2022 Inactive from September 2022,Ilya Petrov,team_paper_rex_something,86.74,6,2283,76.95,78.6,-6.4,heuristic_review_required,Season-to-date evidence; may include matches after the July 9 pack snapshot
Paper Rex,PRX,1,pacific,rostered,Jinggg,Wang Jing Jie,SG,duelist,83,data/rosters/vct-2026/src/pacific.yaml,7378,7378,corroborated,handle+profile_real_name,https://www.vlr.gg/player/7378/jinggg,Paper Rex joined in September 2021,current_team_listed,,Wang Jing Jie,team_paper_rex_jinggg,83.97,6,2283,77.34,78.5,-4.5,heuristic_review_required,Season-to-date evidence; may include matches after the July 9 pack snapshot
Paper Rex,PRX,1,pacific,rostered,f0rsakeN,Jason Susanto,ID,flex,82,data/rosters/vct-2026/src/pacific.yaml,9801,9801,corroborated,handle+profile_real_name,https://www.vlr.gg/player/9801/f0rsaken,Paper Rex joined in February 2021,current_team_listed,,Jason Susanto,team_paper_rex_f0rsaken,83.16,6,2283,75.72,77.0,-5.0,heuristic_review_required,Season-to-date evidence; may include matches after the July 9 pack snapshot
Paper Rex,PRX,1,pacific,rostered,invy,Adrian Jiggs Aisa Reyes,PH,initiator,74,data/rosters/vct-2026/src/pacific.yaml,8504,8504,corroborated,handle+event_team_tag+country,https://www.vlr.gg/player/8504/invy,Paper Rex joined in December 2025,current_team_listed,,Adrian Jiggs Reyes,team_paper_rex_invy,75.86,6,2283,77.2,76.5,2.5,heuristic_review_required,Season-to-date evidence; may include matches after the July 9 pack snapshot
Paper Rex,PRX,1,pacific,rostered,d4v41,Ahmad Khalish Rusyaidee bin Nordin,MY,sentinel,78,data/rosters/vct-2026/src/pacific.yaml,9803,9803,corroborated,handle+event_team_tag+country,https://www.vlr.gg/player/9803/d4v41,Paper Rex joined in February 2021,current_team_listed,,Khalish Rusyaidee,team_paper_rex_d4v41,81.75,6,2283,75.76,76.2,-1.8,heuristic_review_required,Season-to-date evidence; may include matches after the July 9 pack snapshot
T1,T1,1,pacific,rostered,iZu,Ham Woo-joo,KR,sentinel,76,data/rosters/vct-2026/src/pacific.yaml,29833,29833,corroborated,handle+event_team_tag+country,https://www.vlr.gg/player/29833/izu,T1 joined in September 2023,current_team_listed,,Ham Woo-ju (함우주),team_t1_izu,78.03,5,1605,79.37,78.5,2.5,heuristic_review_required,Season-to-date evidence; may include matches after the July 9 pack snapshot
T1,T1,1,pacific,rostered,BuZz,Yu Byung-chul,KR,duelist,74,data/rosters/vct-2026/src/pacific.yaml,804,804,corroborated,handle+event_team_tag+country,https://www.vlr.gg/player/804/buzz,T1 joined in October 2024,current_team_listed,,Yu Byeong-cheol (유병철),team_t1_buzz,75.1,5,1605,76.61,75.9,1.9,heuristic_review_required,Season-to-date evidence; may include matches after the July 9 pack snapshot
T1,T1,1,pacific,rostered,stax,Kim Gu-taek,KR,initiator,72,data/rosters/vct-2026/src/pacific.yaml,485,485,corroborated,handle+profile_real_name,https://www.vlr.gg/player/485/stax,T1 joined in June 2024,current_team_listed,KIWOOM DRX January 2022 – June 2024 Inactive from May 2024|2024/05/26 DRX benches stax ahead of VCT Pacific Stage 2,Kim Gu-taek (김구택),team_t1_stax,75.48,5,1396,73.98,73.4,1.4,heuristic_review_required,Season-to-date evidence; may include matches after the July 9 pack snapshot
T1,T1,1,pacific,rostered,Meteor,Kim Tae-oh,KR,flex,71,data/rosters/vct-2026/src/pacific.yaml,13039,13039,corroborated,handle+profile_real_name,https://www.vlr.gg/player/13039/meteor,T1 joined in October 2024,current_team_listed,NORTHEPTION February 2022 – October 2022 Inactive from September 2022,Kim Tae-oh (김태오),team_t1_meteor,73.1,5,1605,75.31,74.1,3.1,heuristic_review_required,Season-to-date evidence; may include matches after the July 9 pack snapshot
T1,T1,1,pacific,rostered,Munchkin,Byeon Sang-beom,KR,controller,70,data/rosters/vct-2026/src/pacific.yaml,2489,2489,corroborated,handle+profile_real_name,https://www.vlr.gg/player/2489/munchkin,T1 joined in November 2025,current_team_listed,,Byeon Sang-beom (변상범),team_t1_munchkin,71.87,5,1605,73.53,72.6,2.6,heuristic_review_required,Season-to-date evidence; may include matches after the July 9 pack snapshot
Gen.G,GEN,1,pacific,rostered,t3xture,Kim Na-ra,KR,duelist,78,data/rosters/vct-2026/src/pacific.yaml,9196,9196,corroborated,handle+profile_real_name,https://www.vlr.gg/player/9196/t3xture,Gen.G joined in October 2025,current_team_listed,,Kim Na-ra (김나라),team_gen_g_t3xture,77.79,3,969,77.67,77.8,-0.2,heuristic_review_required,Season-to-date evidence; may include matches after the July 9 pack snapshot
Gen.G,GEN,1,pacific,rostered,Karon,Kim Won-tae,KR,controller,73,data/rosters/vct-2026/src/pacific.yaml,34974,34974,corroborated,handle+profile_real_name,https://www.vlr.gg/player/34974/karon,Gen.G joined in October 2025,current_team_listed,,Kim Won-tae (김원태),team_gen_g_karon,74.57,3,969,76.96,75.4,2.4,heuristic_review_required,Season-to-date evidence; may include matches after the July 9 pack snapshot
Gen.G,GEN,1,pacific,rostered,Ash,Ha Hyun-cheol,KR,flex,70,data/rosters/vct-2026/src/pacific.yaml,25017,25017,corroborated,handle+profile_real_name,https://www.vlr.gg/player/25017/ash,Gen.G joined in March 2025,current_team_listed,,Ha Hyun-cheol (하현철),team_gen_g_ash,74.08,3,931,72.28,71.4,1.4,heuristic_review_required,Season-to-date evidence; may include matches after the July 9 pack snapshot
Gen.G,GEN,1,pacific,rostered,Efina,Kim Nak-yeon,KR,sentinel,62,data/rosters/vct-2026/src/pacific.yaml,985,985,corroborated,handle+profile_real_name,https://www.vlr.gg/player/985/efina,Gen.G joined in July 2026,current_team_listed,T1 Academy May 2025 – November 2025 Inactive from October 2025,Kim Nak-yeon (김낙연),team_gen_g_efina,64.15,3,798,63.64,62.9,0.9,heuristic_review_required,Season-to-date evidence; may include matches after the July 9 pack snapshot
Gen.G,GEN,1,pacific,rostered,RaxcaL,Kim Min-seok,KR,duelist,61,data/rosters/vct-2026/src/pacific.yaml,48925,48925,corroborated,handle+profile_real_name,https://www.vlr.gg/player/48925/raxcal,Gen.G joined in July 2026,current_team_listed,,Kim Min-seok (김민석),team_gen_g_raxcal,61.77,3,1377,70.06,67.3,6.3,heuristic_review_required,Season-to-date evidence; may include matches after the July 9 pack snapshot
KIWOOM DRX,KRX,1,pacific,rostered,MaKo,Kim Myeong-kwan,KR,controller,78,data/rosters/vct-2026/src/pacific.yaml,4462,4462,corroborated,handle+event_team_tag+country,https://www.vlr.gg/player/4462/mako,KIWOOM DRX joined in January 2022,current_team_listed,,Kim Myeong-gwan (김명관),team_kiwoom_drx_mako,80.6,3,1298,75.8,76.5,-1.5,heuristic_review_required,Season-to-date evidence; may include matches after the July 9 pack snapshot
KIWOOM DRX,KRX,1,pacific,rostered,HYUNMIN,Song Hyun-min,KR,duelist,72,data/rosters/vct-2026/src/pacific.yaml,28400,28400,corroborated,handle+profile_real_name,https://www.vlr.gg/player/28400/hyunmin,KIWOOM DRX joined in October 2024,current_team_listed,,Song Hyun-min (송현민),team_kiwoom_drx_hyunmin,75.31,3,1298,77.82,76.0,4.0,heuristic_review_required,Season-to-date evidence; may include matches after the July 9 pack snapshot
KIWOOM DRX,KRX,1,pacific,rostered,BeYN,Kang Ha-bin,KR,initiator,68,data/rosters/vct-2026/src/pacific.yaml,4678,4678,corroborated,handle+profile_real_name,https://www.vlr.gg/player/4678/beyn,KIWOOM DRX joined in January 2025,current_team_listed,KIWOOM DRX March 2024 – November 2024 Inactive from October 2024|DRX Academy June 2023 – March 2024 Inactive from August 2023,Kang Ha-bin (강하빈),team_kiwoom_drx_beyn,72.1,3,1298,73.36,71.7,3.7,heuristic_review_required,Season-to-date evidence; may include matches after the July 9 pack snapshot
KIWOOM DRX,KRX,1,pacific,rostered,free1ng,No Ha-jun,KR,flex,66,data/rosters/vct-2026/src/pacific.yaml,1916,1916,corroborated,handle+profile_real_name,https://www.vlr.gg/player/1916/free1ng,KIWOOM DRX joined in October 2024,current_team_listed,,No Ha-jun (노하준),team_kiwoom_drx_free1ng,67.21,3,1298,71.98,70.1,4.1,heuristic_review_required,Season-to-date evidence; may include matches after the July 9 pack snapshot
KIWOOM DRX,KRX,1,pacific,rostered,Yong,Kim Ho-yong,KR,sentinel,66,data/rosters/vct-2026/src/pacific.yaml,51238,51238,corroborated,handle+profile_real_name,https://www.vlr.gg/player/51238/yong,KIWOOM DRX joined in March 2026,current_team_listed,,Kim Ho-yong (김호용),team_kiwoom_drx_yong,68.19,3,823,71.54,69.2,3.2,heuristic_review_required,Season-to-date evidence; may include matches after the July 9 pack snapshot
Rex Regum Qeon,RRQ,1,pacific,rostered,Jemkin,Maksim Batorov,RU,duelist,76,data/rosters/vct-2026/src/pacific.yaml,24895,24895,corroborated,handle+profile_real_name,https://www.vlr.gg/player/24895/jemkin,Rex Regum Qeon joined in October 2023,current_team_listed,,Maksim Batorov,team_rex_regum_qeon_jemkin,78.32,3,1159,79.59,78.4,2.4,heuristic_review_required,Season-to-date evidence; may include matches after the July 9 pack snapshot
Rex Regum Qeon,RRQ,1,pacific,rostered,xffero,David Sean Michael Monangin,ID,sentinel,73,data/rosters/vct-2026/src/pacific.yaml,4871,4871,corroborated,handle+event_team_tag+country,https://www.vlr.gg/player/4871/xffero,Rex Regum Qeon joined in October 2022,current_team_listed,,David Monangin,team_rex_regum_qeon_xffero,74.25,3,1221,77.36,75.9,2.9,heuristic_review_required,Season-to-date evidence; may include matches after the July 9 pack snapshot
Rex Regum Qeon,RRQ,1,pacific,rostered,Kushy,Bryan Carlos Setiawan,ID,initiator,68,data/rosters/vct-2026/src/pacific.yaml,4866,4866,corroborated,handle+profile_real_name,https://www.vlr.gg/player/4866/kushy,Rex Regum Qeon joined in October 2024,current_team_listed,,Bryan Carlos Setiawan,team_rex_regum_qeon_kushy,70.61,3,931,72.37,70.7,2.7,heuristic_review_required,Season-to-date evidence; may include matches after the July 9 pack snapshot
Rex Regum Qeon,RRQ,1,pacific,rostered,crazyguy,Ngo Cong Anh,VN,controller,67,data/rosters/vct-2026/src/pacific.yaml,1430,1430,corroborated,handle+profile_real_name,https://www.vlr.gg/player/1430/crazyguy,Rex Regum Qeon joined in March 2025,current_team_listed,,Ngô Công Anh,team_rex_regum_qeon_crazyguy,69.38,3,1221,71.92,70.3,3.3,heuristic_review_required,Season-to-date evidence; may include matches after the July 9 pack snapshot
Rex Regum Qeon,RRQ,1,pacific,rostered,xan,Xan Ng,MY,flex,63,data/rosters/vct-2026/src/pacific.yaml,11737,11737,corroborated,handle+profile_real_name,https://www.vlr.gg/player/11737/xan,,no_current_team_listed,,Xan Ng,team_rex_regum_qeon_xan,66.73,2,841,65.69,64.6,1.6,heuristic_review_required,Season-to-date evidence; may include matches after the July 9 pack snapshot
Team Secret,TS,1,pacific,rostered,Sylvan,Ko Young-sub,KR,controller,70,data/rosters/vct-2026/src/pacific.yaml,4056,4056,corroborated,handle+event_team_tag+country,https://www.vlr.gg/player/4056/sylvan,Team Secret joined in October 2025 Inactive from September 2026,current_team_listed,Team Secret joined in October 2025 Inactive from September 2026,Go Young-sup (고영섭),team_team_secret_sylvan,71.96,3,759,74.74,72.6,2.6,heuristic_review_required,Season-to-date evidence; may include matches after the July 9 pack snapshot
Team Secret,TS,1,pacific,rostered,kellyS,Kelly Kent Sedillo,PH,flex,69,data/rosters/vct-2026/src/pacific.yaml,7437,7437,corroborated,handle+event_team_tag+country,https://www.vlr.gg/player/7437/kellys,Team Secret joined in May 2025 Inactive from September 2026,current_team_listed,Team Secret joined in May 2025 Inactive from September 2026|Action PH Inactive from June 2023,Kelly Sedillo,team_team_secret_kellys,71.46,3,759,74.01,71.8,2.8,heuristic_review_required,Season-to-date evidence; may include matches after the July 9 pack snapshot
Team Secret,TS,1,pacific,rostered,Zeus,Jhian Zeus Dela Vega,PH,duelist,66,data/rosters/vct-2026/src/pacific.yaml,46135,46135,corroborated,handle+event_team_tag+country,https://www.vlr.gg/player/46135/zeus,Team Secret joined in March 2026,current_team_listed,,Jhian Vega,team_team_secret_zeus,66.82,2,485,76.02,70.5,4.5,heuristic_review_required,Season-to-date evidence; may include matches after the July 9 pack snapshot
Team Secret,TS,1,pacific,rostered,BerserX,Rizkie Adla Kusuma,ID,sentinel,64,data/rosters/vct-2026/src/pacific.yaml,4874,4874,corroborated,handle+profile_real_name,https://www.vlr.gg/player/4874/berserx,,no_current_team_listed,,Rizkie Adla Kusuma,team_team_secret_berserx,66.3,2,402,71.75,67.1,3.1,heuristic_review_required,Season-to-date evidence; may include matches after the July 9 pack snapshot
Team Secret,TS,1,pacific,rostered,Rimuru,Dwine Gatchalian Enriquez,PH,duelist,62,data/rosters/vct-2026/src/pacific.yaml,48439,48439,corroborated,handle+event_team_tag+country,https://www.vlr.gg/player/48439/rimuru,,no_current_team_listed,,Dwine Enriquez,team_team_secret_rimuru,63.65,1,141,68.59,63.3,1.3,heuristic_review_required,Season-to-date evidence; may include matches after the July 9 pack snapshot
ZETA DIVISION,ZETA,1,pacific,rostered,Absol,Kazuki Fujinoki,JP,duelist,68,data/rosters/vct-2026/src/pacific.yaml,34776,34776,corroborated,handle+profile_real_name,https://www.vlr.gg/player/34776/absol,ZETA DIVISION joined in December 2025,current_team_listed,,Kazuki Fujinoki,team_zeta_division_absol,70.08,3,910,72.31,70.6,2.6,heuristic_review_required,Season-to-date evidence; may include matches after the July 9 pack snapshot
ZETA DIVISION,ZETA,1,pacific,rostered,SyouTa,Shota Aoki,JP,flex,65,data/rosters/vct-2026/src/pacific.yaml,12990,12990,corroborated,handle+profile_real_name,https://www.vlr.gg/player/12990/syouta,ZETA DIVISION joined in December 2025,current_team_listed,,Shota Aoki,team_zeta_division_syouta,65.81,3,910,72.52,69.5,4.5,heuristic_review_required,Season-to-date evidence; may include matches after the July 9 pack snapshot
ZETA DIVISION,ZETA,1,pacific,rostered,SugarZ3ro,Shota Watanabe,JP,controller,64,data/rosters/vct-2026/src/pacific.yaml,6668,6668,corroborated,handle+profile_real_name,https://www.vlr.gg/player/6668/sugarz3ro,ZETA DIVISION joined in December 2021,current_team_listed,,Shota Watanabe,team_zeta_division_sugarz3ro,66.65,3,910,69.79,67.5,3.5,heuristic_review_required,Season-to-date evidence; may include matches after the July 9 pack snapshot
ZETA DIVISION,ZETA,1,pacific,rostered,eKo,Yeom Wang-ryong,KR,flex,62,data/rosters/vct-2026/src/pacific.yaml,1960,1960,corroborated,handle+profile_real_name,https://www.vlr.gg/player/1960/eko,ZETA DIVISION joined in November 2025,current_team_listed,REIGNITE November 2021 – October 2022 Inactive from July 2022,Yeom Wang-ryong (염왕룡),team_zeta_division_eko,63.86,3,910,73.91,69.2,7.2,heuristic_review_required,Season-to-date evidence; may include matches after the July 9 pack snapshot
ZETA DIVISION,ZETA,1,pacific,rostered,Xdll,Yuto Mizomori,JP,initiator,61,data/rosters/vct-2026/src/pacific.yaml,25221,25221,corroborated,handle+profile_real_name,https://www.vlr.gg/player/25221/xdll,ZETA DIVISION joined in October 2024 Inactive from September 2026,current_team_listed,ZETA DIVISION joined in October 2024 Inactive from September 2026,Yuto Mizomori,team_zeta_division_xdll,63.09,3,910,69.62,66.2,5.2,heuristic_review_required,Season-to-date evidence; may include matches after the July 9 pack snapshot
DetonatioN FocusMe,DFM,1,pacific,rostered,Meiy,Ibuki Seki,JP,duelist,74,data/rosters/vct-2026/src/pacific.yaml,6672,6672,corroborated,handle+profile_real_name,https://www.vlr.gg/player/6672/meiy,DetonatioN FocusMe joined in November 2023,current_team_listed,,Ibuki Seki,team_detonation_focusme_meiy,74.9,3,1164,80.13,78.0,4.0,heuristic_review_required,Season-to-date evidence; may include matches after the July 9 pack snapshot
DetonatioN FocusMe,DFM,1,pacific,rostered,Caedye,Amon Mateus Okakura,JP,sentinel,67,data/rosters/vct-2026/src/pacific.yaml,29841,29841,corroborated,handle+profile_real_name,https://www.vlr.gg/player/29841/caedye,DetonatioN FocusMe joined in January 2026,current_team_listed,,Amon Mateus Okakura,team_detonation_focusme_caedye,69.46,3,1164,70.4,69.2,2.2,heuristic_review_required,Season-to-date evidence; may include matches after the July 9 pack snapshot
DetonatioN FocusMe,DFM,1,pacific,rostered,akame,Yu Gwang-hui,KR,flex,66,data/rosters/vct-2026/src/pacific.yaml,13002,13002,corroborated,handle+profile_real_name,https://www.vlr.gg/player/13002/akame,DetonatioN FocusMe joined in October 2024,current_team_listed,REJECT September 2023 – September 2024 Inactive from July 2024,Yu Gwang-hui (유광희),team_detonation_focusme_akame,69.8,3,1164,76.2,72.7,6.7,heuristic_review_required,Season-to-date evidence; may include matches after the July 9 pack snapshot
DetonatioN FocusMe,DFM,1,pacific,rostered,SSeeS,Tomonori Okimura,JP,controller,64,data/rosters/vct-2026/src/pacific.yaml,21438,21438,corroborated,handle+profile_real_name,https://www.vlr.gg/player/21438/ssees,DetonatioN FocusMe joined in November 2023,current_team_listed,"2025/07/16 DFM benches Art, brings in SSeeS",Tomonori Okimura,team_detonation_focusme_ssees,68.74,3,1164,70.79,68.5,4.5,heuristic_review_required,Season-to-date evidence; may include matches after the July 9 pack snapshot
DetonatioN FocusMe,DFM,1,pacific,rostered,yatsuka,Kazuya Ikeda,JP,initiator,63,data/rosters/vct-2026/src/pacific.yaml,29843,29843,corroborated,handle+profile_real_name,https://www.vlr.gg/player/29843/yatsuka,DetonatioN FocusMe joined in January 2026,current_team_listed,,Kazuya Ikeda,team_detonation_focusme_yatsuka,65.46,3,1164,70.67,68.1,5.1,heuristic_review_required,Season-to-date evidence; may include matches after the July 9 pack snapshot
Global Esports,GE,1,pacific,rostered,autumn,Kale Dunne,AU,sentinel,73,data/rosters/vct-2026/src/pacific.yaml,872,872,corroborated,handle+profile_real_name,https://www.vlr.gg/player/872/autumn,Global Esports joined in November 2025,current_team_listed,,Kale Dunne,team_global_esports_autumn,74.9,5,1762,74.6,74.2,1.2,heuristic_review_required,Season-to-date evidence; may include matches after the July 9 pack snapshot
Global Esports,GE,1,pacific,rostered,PatMen,John Patrick Ramos Mendoza,PH,flex,72,data/rosters/vct-2026/src/pacific.yaml,13744,13744,corroborated,handle+event_team_tag+country,https://www.vlr.gg/player/13744/patmen,Global Esports joined in December 2025,current_team_listed,,Patrick Mendoza,team_global_esports_patmen,75.31,5,1762,77.61,76.2,4.2,heuristic_review_required,Season-to-date evidence; may include matches after the July 9 pack snapshot
Global Esports,GE,1,pacific,rostered,UdoTan,Go Kyung-won,KR,duelist,71,data/rosters/vct-2026/src/pacific.yaml,4428,4428,corroborated,handle+profile_real_name,https://www.vlr.gg/player/4428/udotan,Global Esports joined in October 2024,current_team_listed,,Go Kyung-won (고경원),team_global_esports_udotan,72.52,5,1762,75.12,74.1,3.1,heuristic_review_required,Season-to-date evidence; may include matches after the July 9 pack snapshot
Global Esports,GE,1,pacific,rostered,Kr1stal,Savva Fedorov,RU,initiator,69,data/rosters/vct-2026/src/pacific.yaml,5796,5796,corroborated,handle+profile_real_name,https://www.vlr.gg/player/5796/kr1stal,Global Esports joined in October 2024,current_team_listed,SCARZ August 2022 – October 2023 Inactive from September 2023,Savva Fedorov,team_global_esports_kr1stal,70.71,5,1762,73.19,72.1,3.1,heuristic_review_required,Season-to-date evidence; may include matches after the July 9 pack snapshot
Global Esports,GE,1,pacific,rostered,xavi8k,Xavier Juan,PH,controller,68,data/rosters/vct-2026/src/pacific.yaml,7754,7754,corroborated,handle+profile_real_name,https://www.vlr.gg/player/7754/xavi8k,Global Esports joined in November 2025,current_team_listed,,Xavier Juan,team_global_esports_xavi8k,70.79,5,1762,75.21,73.4,5.4,heuristic_review_required,Season-to-date evidence; may include matches after the July 9 pack snapshot
Nongshim RedForce,NS,1,pacific,rostered,Xross,Jung Hwan,KR,initiator,71,data/rosters/vct-2026/src/pacific.yaml,42772,42772,corroborated,handle+event_team_tag+country,https://www.vlr.gg/player/42772/xross,Nongshim RedForce joined in February 2024,current_team_listed,,Jeonghwan (정환),team_nongshim_redforce_xross,73.61,5,1665,77.0,75.4,4.4,heuristic_review_required,Season-to-date evidence; may include matches after the July 9 pack snapshot
Nongshim RedForce,NS,1,pacific,rostered,Dambi,Lee Hyuk-kyu,KR,duelist,69,data/rosters/vct-2026/src/pacific.yaml,31827,31827,corroborated,handle+profile_real_name,https://www.vlr.gg/player/31827/dambi,Nongshim RedForce joined in November 2024,current_team_listed,,Lee Hyuk-kyu (이혁규),team_nongshim_redforce_dambi,69.89,5,1665,76.03,74.2,5.2,heuristic_review_required,Season-to-date evidence; may include matches after the July 9 pack snapshot
Nongshim RedForce,NS,1,pacific,rostered,Francis,Kim Mu-bin,KR,flex,68,data/rosters/vct-2026/src/pacific.yaml,31828,31828,corroborated,handle+profile_real_name,https://www.vlr.gg/player/31828/francis,Nongshim RedForce joined in November 2024,current_team_listed,,Kim Mu-bin (김무빈),team_nongshim_redforce_francis,69.9,5,1665,75.4,73.4,5.4,heuristic_review_required,Season-to-date evidence; may include matches after the July 9 pack snapshot
Nongshim RedForce,NS,1,pacific,rostered,Ivy,Park Sung-hyeon,KR,sentinel,68,data/rosters/vct-2026/src/pacific.yaml,31829,31829,corroborated,handle+profile_real_name,https://www.vlr.gg/player/31829/ivy,Nongshim RedForce joined in November 2024,current_team_listed,,Park Sung-hyeon (박성현),team_nongshim_redforce_ivy,69.23,5,1665,73.92,72.4,4.4,heuristic_review_required,Season-to-date evidence; may include matches after the July 9 pack snapshot
Nongshim RedForce,NS,1,pacific,rostered,Rb,Goo Sang-min,KR,controller,67,data/rosters/vct-2026/src/pacific.yaml,488,488,corroborated,handle+profile_real_name,https://www.vlr.gg/player/488/rb,Nongshim RedForce joined in June 2025,current_team_listed,"KIWOOM DRX January 2022 – January 2024 Inactive from December 2023|2023/12/12 DRX promote Flashback, bench Rb, Zest",Goo Sang-min (구상민),team_nongshim_redforce_rb,69.95,5,1665,74.67,72.6,5.6,heuristic_review_required,Season-to-date evidence; may include matches after the July 9 pack snapshot
FULL SENSE,FS,1,pacific,rostered,Primmie,Papaphat Sriprapha,TH,duelist,80,data/rosters/vct-2026/src/pacific.yaml,25255,25255,corroborated,handle+profile_real_name,https://www.vlr.gg/player/25255/primmie,FULL SENSE joined in December 2025,current_team_listed,,Papaphat Sriprapha,team_full_sense_primmie,81.3,4,1273,81.9,81.3,1.3,heuristic_review_required,Season-to-date evidence; may include matches after the July 9 pack snapshot
FULL SENSE,FS,1,pacific,rostered,JitboyS,Jittana Nokngam,TH,duelist,72,data/rosters/vct-2026/src/pacific.yaml,13788,13788,corroborated,handle+profile_real_name,https://www.vlr.gg/player/13788/jitboys,FULL SENSE joined in December 2025,current_team_listed,,Jittana Nokngam,team_full_sense_jitboys,74.08,4,1273,72.43,72.3,0.3,heuristic_review_required,Season-to-date evidence; may include matches after the July 9 pack snapshot
FULL SENSE,FS,1,pacific,rostered,killua,Tanate Teerasawad,TH,initiator,71,data/rosters/vct-2026/src/pacific.yaml,13784|62764|62879,,ambiguous,,,,unverified,,,team_full_sense_killua,72.51,0,0,,,,insufficient_identity_or_evidence,Season-to-date evidence; may include matches after the July 9 pack snapshot
FULL SENSE,FS,1,pacific,rostered,Crws,Thanamethk Mahatthananuyut,TH,controller,70,data/rosters/vct-2026/src/pacific.yaml,3977,3977,corroborated,handle+profile_real_name,https://www.vlr.gg/player/3977/crws,,no_current_team_listed,2026/08/22 Crws retires from competitive play,Thanamethk Mahatthananuyut,team_full_sense_crws,72.88,3,1036,69.47,69.7,-0.3,heuristic_review_required,Season-to-date evidence; may include matches after the July 9 pack snapshot
FULL SENSE,FS,1,pacific,rostered,seph1roth,Chinnakrit Phoojaroen,TH,flex,66,data/rosters/vct-2026/src/pacific.yaml,27244,27244,corroborated,handle+profile_real_name,https://www.vlr.gg/player/27244/seph1roth,FULL SENSE joined in April 2026,current_team_listed,"CRIT Esports left in September 2023 Inactive from August 2023|2026/07/03 FULL SENSE benches Leviathan, calls seph1roth into action",Chinnakrit Phoojaroen,team_full_sense_seph1roth,69.08,2,843,67.35,66.8,0.8,heuristic_review_required,Season-to-date evidence; may include matches after the July 9 pack snapshot
VARREL,VL,1,pacific,rostered,oonzmlp,Shin Sang-beom,KR,sentinel,68,data/rosters/vct-2026/src/pacific.yaml,34926,34926,corroborated,handle+profile_real_name,https://www.vlr.gg/player/34926/oonzmlp,VARREL joined in December 2025,current_team_listed,,Shin Sang-beom (신상범),team_varrel_oonzmlp,68.64,3,908,75.24,72.4,4.4,heuristic_review_required,Season-to-date evidence; may include matches after the July 9 pack snapshot
VARREL,VL,1,pacific,rostered,XuNa,Kim Tae-geon,KR,initiator,65,data/rosters/vct-2026/src/pacific.yaml,42733,42733,corroborated,handle+profile_real_name,https://www.vlr.gg/player/42733/xuna,VARREL joined in December 2025,current_team_listed,,Kim Tae-geon (김태건),team_varrel_xuna,66.63,3,908,76.55,72.0,7.0,heuristic_review_required,Season-to-date evidence; may include matches after the July 9 pack snapshot
VARREL,VL,1,pacific,rostered,zexy,Jang Suk-hyun,KR,duelist,63,data/rosters/vct-2026/src/pacific.yaml,37532,37532,corroborated,handle+profile_real_name,https://www.vlr.gg/player/37532/zexy,VARREL joined in December 2025,current_team_listed,,Jang Suk-hyun (장석현),team_varrel_zexy,62.52,3,908,70.22,67.4,4.4,heuristic_review_required,Season-to-date evidence; may include matches after the July 9 pack snapshot
VARREL,VL,1,pacific,rostered,Klaus,Kim Min-hyuk,KR,flex,62,data/rosters/vct-2026/src/pacific.yaml,2610|4426,,ambiguous,,,,unverified,,,team_varrel_klaus,64.45,0,0,,,,insufficient_identity_or_evidence,Season-to-date evidence; may include matches after the July 9 pack snapshot
VARREL,VL,1,pacific,rostered,C1ndeR,Go Jae-hyuk,KR,controller,61,data/rosters/vct-2026/src/pacific.yaml,2149,2149,corroborated,handle+event_team_tag+country,https://www.vlr.gg/player/2149/c1nder,VARREL joined in December 2025,current_team_listed,,Ko Jae-hyuk (고재혁),team_varrel_c1nder,64.47,3,709,66.64,64.1,3.1,heuristic_review_required,Season-to-date evidence; may include matches after the July 9 pack snapshot
REJECT,RC,2,pacific,rostered,Yoshiii,John Yoshiharu Kawakami,PH,duelist,62,data/rosters/vct-2026/src/pacific.yaml,7745,7745,corroborated,handle+profile_real_name,https://www.vlr.gg/player/7745/yoshiii,REJECT joined in July 2025,current_team_listed,,John Yoshiharu Kawakami,team_reject_yoshiii,63.9,3,1022,70.84,67.6,5.6,heuristic_review_required,Season-to-date evidence; may include matches after the July 9 pack snapshot
REJECT,RC,2,pacific,rostered,Dep,Yuma Hashimoto,JP,flex,61,data/rosters/vct-2026/src/pacific.yaml,424,424,corroborated,handle+profile_real_name,https://www.vlr.gg/player/424/dep,REJECT joined in December 2025,current_team_listed,REJECT May 2020 – December 2021 Inactive from August 2021,Yuma Hashimoto,team_reject_dep,64.06,3,972,67.14,64.8,3.8,heuristic_review_required,Season-to-date evidence; may include matches after the July 9 pack snapshot
REJECT,RC,2,pacific,rostered,Jremy,Jeremy Gagarra Cabrera,PH,initiator,58,data/rosters/vct-2026/src/pacific.yaml,7405,7405,corroborated,handle+event_team_tag+country,https://www.vlr.gg/player/7405/jremy,REJECT joined in September 2025,current_team_listed,Team Secret January 2022 – August 2025 Inactive from May 2025|2025/05/14 Team Secret benches Jremy,Jeremy Cabrera,team_reject_jremy,62.85,3,1022,72.46,67.1,9.1,heuristic_review_required,Season-to-date evidence; may include matches after the July 9 pack snapshot
REJECT,RC,2,pacific,rostered,Persia,Yang Zi-on,KR,sentinel,57,data/rosters/vct-2026/src/pacific.yaml,4122,4122,corroborated,handle+profile_real_name,https://www.vlr.gg/player/4122/persia,REJECT joined in May 2026 Inactive from September 2026,current_team_listed,REJECT joined in May 2026 Inactive from September 2026|BC SWELL joined in November 2023 Inactive from February 2024,Yang Zi-on (양지온),team_reject_persia,59.55,2,659,72.93,65.3,8.3,heuristic_review_required,Season-to-date evidence; may include matches after the July 9 pack snapshot
REJECT,RC,2,pacific,rostered,BRIAN,Brian,JP,controller,56,data/rosters/vct-2026/src/pacific.yaml,25915,25915,corroborated,handle+event_team_tag+country,https://www.vlr.gg/player/25915/brian,REJECT joined in May 2026,current_team_listed,,,team_reject_brian,57.65,3,828,67.25,62.5,6.5,heuristic_review_required,Season-to-date evidence; may include matches after the July 9 pack snapshot
CREST GAMING Zst,CGZ,2,pacific,rostered,Flicker,Yoon Tae-hee,KR,duelist,63,data/rosters/vct-2026/src/pacific.yaml,51100,51100,corroborated,handle+event_team_tag+country,https://www.vlr.gg/player/51100/flicker,KIWOOM DRX joined in July 2026,current_team_listed,,Kim Tae-hee (김태희),team_crest_gaming_zst_flicker,64.69,4,1068,68.17,66.3,3.3,heuristic_review_required,Season-to-date evidence; may include matches after the July 9 pack snapshot
CREST GAMING Zst,CGZ,2,pacific,rostered,KEN,Kim Yun-seung,KR,initiator,57,data/rosters/vct-2026/src/pacific.yaml,45962,45962,corroborated,handle+event_team_tag+country,https://www.vlr.gg/player/45962/ken,,no_current_team_listed,,,team_crest_gaming_zst_ken,60.96,3,872,70.17,64.8,7.8,heuristic_review_required,Season-to-date evidence; may include matches after the July 9 pack snapshot
CREST GAMING Zst,CGZ,2,pacific,rostered,bazz,Naoya Matsuyama,JP,controller,56,data/rosters/vct-2026/src/pacific.yaml,6702,6702,corroborated,handle+event_team_tag+country,https://www.vlr.gg/player/6702/bazz,,no_current_team_listed,,,team_crest_gaming_zst_bazz,59.31,3,872,62.7,60.0,4.0,heuristic_review_required,Season-to-date evidence; may include matches after the July 9 pack snapshot
CREST GAMING Zst,CGZ,2,pacific,rostered,yutaro,Yutaro,JP,sentinel,55,data/rosters/vct-2026/src/pacific.yaml,52723,52723,corroborated,handle+event_team_tag+country,https://www.vlr.gg/player/52723/yutaro,,no_current_team_listed,,,team_crest_gaming_zst_yutaro,57.55,3,872,67.41,62.3,7.3,heuristic_review_required,Season-to-date evidence; may include matches after the July 9 pack snapshot
CREST GAMING Zst,CGZ,2,pacific,rostered,nobita,Rintaro Matsumoto,JP,flex,55,data/rosters/vct-2026/src/pacific.yaml,10769,10769,corroborated,handle+profile_real_name,https://www.vlr.gg/player/10769/nobita,,no_current_team_listed,,Rintaro Matsumoto,team_crest_gaming_zst_nobita,56.5,3,872,69.87,63.8,8.8,heuristic_review_required,Season-to-date evidence; may include matches after the July 9 pack snapshot
ONSIDE GAMING,OSG,2,pacific,rostered,Xiesta,Jung Si-hwan,KR,flex,62,data/rosters/vct-2026/src/pacific.yaml,62291,62291,corroborated,handle+profile_real_name,https://www.vlr.gg/player/62291/xiesta,Gen.G joined in February 2026,current_team_listed,,Jung Si-hwan (정시환),team_onside_gaming_xiesta,63.72,3,1054,78.84,72.7,10.7,heuristic_review_required,Season-to-date evidence; may include matches after the July 9 pack snapshot
ONSIDE GAMING,OSG,2,pacific,rostered,Wolverine,Wolverine,KR,duelist,57,data/rosters/vct-2026/src/pacific.yaml,25053,,candidate_needs_review,,https://www.vlr.gg/player/25053/wolverine,,unverified,,,team_onside_gaming_wolverine,59.32,0,0,,,,insufficient_identity_or_evidence,Season-to-date evidence; may include matches after the July 9 pack snapshot
ONSIDE GAMING,OSG,2,pacific,rostered,Ray,Ray,KR,initiator,56,data/rosters/vct-2026/src/pacific.yaml,60576,,candidate_needs_review,,https://www.vlr.gg/player/60576/ray,,unverified,,,team_onside_gaming_ray,59.91,0,0,,,,insufficient_identity_or_evidence,Season-to-date evidence; may include matches after the July 9 pack snapshot
ONSIDE GAMING,OSG,2,pacific,rostered,Cloudy,Cloudy,KR,sentinel,55,data/rosters/vct-2026/src/pacific.yaml,9192,,candidate_needs_review,,https://www.vlr.gg/player/9192/cloudy,,unverified,,,team_onside_gaming_cloudy,57.04,0,0,,,,insufficient_identity_or_evidence,Season-to-date evidence; may include matches after the July 9 pack snapshot
ONSIDE GAMING,OSG,2,pacific,rostered,Awayk,Awayk,KR,controller,54,data/rosters/vct-2026/src/pacific.yaml,42721,,candidate_needs_review,,https://www.vlr.gg/player/42721/awayk,,unverified,,,team_onside_gaming_awayk,56.47,0,0,,,,insufficient_identity_or_evidence,Season-to-date evidence; may include matches after the July 9 pack snapshot
Dplus,DP,2,pacific,rostered,shu,Shu,KR,duelist,57,data/rosters/vct-2026/src/pacific.yaml,42755,,candidate_needs_review,,https://www.vlr.gg/player/42755/shu,,unverified,,,team_dplus_shu,58.31,0,0,,,,insufficient_identity_or_evidence,Season-to-date evidence; may include matches after the July 9 pack snapshot
Dplus,DP,2,pacific,rostered,Ramgi,Ramgi,KR,initiator,56,data/rosters/vct-2026/src/pacific.yaml,50826,,candidate_needs_review,,https://www.vlr.gg/player/50826/ramgi,,unverified,,,team_dplus_ramgi,55.02,0,0,,,,insufficient_identity_or_evidence,Season-to-date evidence; may include matches after the July 9 pack snapshot
Dplus,DP,2,pacific,rostered,Kally,Kally,KR,controller,55,data/rosters/vct-2026/src/pacific.yaml,42793,,candidate_needs_review,,https://www.vlr.gg/player/42793/kally,,unverified,,,team_dplus_kally,56.73,0,0,,,,insufficient_identity_or_evidence,Season-to-date evidence; may include matches after the July 9 pack snapshot
Dplus,DP,2,pacific,rostered,JaXe,JaXe,KR,sentinel,54,data/rosters/vct-2026/src/pacific.yaml,27384,,candidate_needs_review,,https://www.vlr.gg/player/27384/jaxe,,unverified,,,team_dplus_jaxe,56.87,0,0,,,,insufficient_identity_or_evidence,Season-to-date evidence; may include matches after the July 9 pack snapshot
Dplus,DP,2,pacific,rostered,CabezA,CabezA,KR,flex,55,data/rosters/vct-2026/src/pacific.yaml,25089,,candidate_needs_review,,https://www.vlr.gg/player/25089/cabeza,,unverified,,,team_dplus_cabeza,58.64,0,0,,,,insufficient_identity_or_evidence,Season-to-date evidence; may include matches after the July 9 pack snapshot
BOOM Esports,BOOM,2,pacific,rostered,Shiro,Hildegrad Arnaldo Herikusuma,ID,duelist,58,data/rosters/vct-2026/src/pacific.yaml,10739,,candidate_needs_review,,https://www.vlr.gg/player/10739/shiro,,unverified,,,team_boom_esports_shiro,60.3,0,0,,,,insufficient_identity_or_evidence,Season-to-date evidence; may include matches after the July 9 pack snapshot
BOOM Esports,BOOM,2,pacific,rostered,d3ffo,Nikita Sudakov,RU,sentinel,58,data/rosters/vct-2026/src/pacific.yaml,252,252,corroborated,handle+profile_real_name,https://www.vlr.gg/player/252/d3ffo,BOOM Esports joined in January 2026,current_team_listed,,Nikita Sudakov,team_boom_esports_d3ffo,59.73,2,395,65.06,60.8,2.8,heuristic_review_required,Season-to-date evidence; may include matches after the July 9 pack snapshot
BOOM Esports,BOOM,2,pacific,rostered,naTz,Jonathan Adiputra,ID,controller,56,data/rosters/vct-2026/src/pacific.yaml,7049,7049,corroborated,handle+profile_real_name,https://www.vlr.gg/player/7049/natz,Team Secret joined in July 2026,current_team_listed,Alter Ego left in June 2023 Inactive from March 2023,Jonathan Adiputra,team_boom_esports_natz,57.45,3,708,64.68,60.7,4.7,heuristic_review_required,Season-to-date evidence; may include matches after the July 9 pack snapshot
BOOM Esports,BOOM,2,pacific,rostered,NcSlasher,Sheldon Andersen Chandra,ID,initiator,55,data/rosters/vct-2026/src/pacific.yaml,7043,7043,corroborated,handle+profile_real_name,https://www.vlr.gg/player/7043/ncslasher,BOOM Esports joined in September 2023,current_team_listed,,Sheldon Andersen Chandra,team_boom_esports_ncslasher,55.05,2,395,60.63,57.2,2.2,heuristic_review_required,Season-to-date evidence; may include matches after the July 9 pack snapshot
BOOM Esports,BOOM,2,pacific,rostered,Nakya,Alehandro Fabian Simanjorang,ID,flex,53,data/rosters/vct-2026/src/pacific.yaml,16852,16852,corroborated,handle+profile_real_name,https://www.vlr.gg/player/16852/nakya,BOOM Esports joined in January 2026,current_team_listed,,Alehandro Fabian Simanjorang,team_boom_esports_nakya,54.71,2,395,61.58,56.4,3.4,heuristic_review_required,Season-to-date evidence; may include matches after the July 9 pack snapshot
Sharper Esports,SPR,2,pacific,rostered,Kadoom,Kantapon Kingthong,TH,duelist,60,data/rosters/vct-2026/src/pacific.yaml,12098,,candidate_needs_review,,https://www.vlr.gg/player/12098/kadoom,,unverified,,,team_sharper_esports_kadoom,62.33,0,0,,,,insufficient_identity_or_evidence,Season-to-date evidence; may include matches after the July 9 pack snapshot
Sharper Esports,SPR,2,pacific,rostered,PTC,Kititkawin Rattanasukol,TH,controller,58,data/rosters/vct-2026/src/pacific.yaml,3401,3401,corroborated,handle+profile_real_name,https://www.vlr.gg/player/3401/ptc,Sharper Esports joined in January 2026,current_team_listed,,Kititkawin Rattanasukol,team_sharper_esports_ptc,61.9,3,944,69.05,64.8,6.8,heuristic_review_required,Season-to-date evidence; may include matches after the July 9 pack snapshot
Sharper Esports,SPR,2,pacific,rostered,Apinya,Apinya Laotaew,TH,initiator,57,data/rosters/vct-2026/src/pacific.yaml,15897,15897,corroborated,handle+profile_real_name,https://www.vlr.gg/player/15897/apinya,Sharper Esports joined in January 2026,current_team_listed,,Apinya Laotaew,team_sharper_esports_apinya,57.32,3,944,73.3,67.0,10.0,heuristic_review_required,Season-to-date evidence; may include matches after the July 9 pack snapshot
Sharper Esports,SPR,2,pacific,rostered,Laz,Kittikawin Jirawatkakan,TH,sentinel,56,data/rosters/vct-2026/src/pacific.yaml,8582,8582,corroborated,handle+profile_real_name,https://www.vlr.gg/player/8582/laz,Sharper Esports joined in January 2026,current_team_listed,,Kittikawin Jirawatkakan,team_sharper_esports_laz,59.0,3,944,65.03,61.5,5.5,heuristic_review_required,Season-to-date evidence; may include matches after the July 9 pack snapshot
Sharper Esports,SPR,2,pacific,rostered,NIZ,Yutthaphum Thawongphia,TH,flex,56,data/rosters/vct-2026/src/pacific.yaml,40511,,candidate_needs_review,,https://www.vlr.gg/player/40511/niz,,unverified,,,team_sharper_esports_niz,57.99,0,0,,,,insufficient_identity_or_evidence,Season-to-date evidence; may include matches after the July 9 pack snapshot
