bytes,parser_version,retrieved_at_utc,sha256,source_url
182947,1,2026-10-06T15:36:38+00:00,b8695763656bc5565390c1e9c5d3e1a60e8a33579430a63c0d073c75da1fd854,https://www.vlr.gg/602706/nrg-academy-vs-alliance-guardians-challengers-2026-north-america-ace-stage-1-r1
184605,1,2026-10-06T15:36:39+00:00,233a9fd718109d14c9942929658d03ca008b399013771fdcedd12c35839bf4e6,https://www.vlr.gg/602707/azure-dragon-gaming-vs-sad-esports-challengers-2026-north-america-ace-stage-1-r1
229158,1,2026-10-06T15:36:41+00:00,116ec900f7a4e6017c761a7e930943aba1de1ab2d0ac675389eb605031cfc727,https://www.vlr.gg/602708/nightblood-gaming-vs-evil-geniuses-academy-challengers-2026-north-america-ace-stage-1-r1
202096,1,2026-10-06T15:36:41+00:00,904bcd9c29288007897bf5c9511bc75782a36843ba8aea6534a42291e4f662ad,https://www.vlr.gg/602709/qor-vs-sleepers-challengers-2026-north-america-ace-stage-1-r1
198658,1,2026-10-06T15:36:42+00:00,e2726b779855e0ea9772c226de43741f8ea0b23124a0e0e52f1d3daae9d29249,https://www.vlr.gg/602710/m80-vs-evictix-challengers-2026-north-america-ace-stage-1-r1
200396,1,2026-10-06T15:36:43+00:00,fbe29df9145df304491dd28bf0695a378d3714797bc06a739c9529fdb3e17304,https://www.vlr.gg/602711/winthrop-university-vs-pigeons-challengers-2026-north-america-ace-stage-1-r1
212048,1,2026-10-06T15:36:43+00:00,91c05a617f34918a8a33505e2cd6fe6bdd4076096dccf03d9fc301addfe9e74d,https://www.vlr.gg/602712/blue-otter-vs-shopify-rebellion-black-challengers-2026-north-america-ace-stage-1-r1
184199,1,2026-10-06T15:36:44+00:00,48ea42dc7e3a8376358bd7403937f9715fe3a6e2e4673d62b4fbfb71f334aeba,https://www.vlr.gg/602713/rose-vs-yfp-challengers-2026-north-america-ace-stage-1-r1
177101,1,2026-10-06T15:36:45+00:00,c8057ab096c51cfd53b6b9313f9ffd8006ccf1f10d3e2b98998d5fdbbd4f605e,https://www.vlr.gg/606532/nrg-academy-vs-m80-challengers-2026-north-america-ace-stage-1-r2-1-0
244340,1,2026-10-06T15:36:45+00:00,592964aaa44dc010bd53d7e7f46116ec4a5baf600b456f2abf77e8b6acd58a93,https://www.vlr.gg/606533/blue-otter-vs-nightblood-gaming-challengers-2026-north-america-ace-stage-1-r2-0-1
173683,1,2026-10-06T15:36:46+00:00,82a8937d7c0175fd9f281169604a138bfd332f9b2f8eb144d44ad1bc769b1549,https://www.vlr.gg/606534/azure-dragon-gaming-vs-rose-challengers-2026-north-america-ace-stage-1-r2-0-1
189369,1,2026-10-06T15:36:47+00:00,2cc89ca1ed4c72055f11f0e6a7999a65539a71f8e2d40e2a7837feb1fe3ea888,https://www.vlr.gg/606535/qor-vs-evictix-challengers-2026-north-america-ace-stage-1-r2-0-1
181670,1,2026-10-06T15:36:47+00:00,c749d4cdd244a0d5dbf4e7ab4b6be1513822b07f00bf66fbb551535b66dff86b,https://www.vlr.gg/606536/winthrop-university-vs-sad-esports-challengers-2026-north-america-ace-stage-1-r2-1-0
172256,1,2026-10-06T15:36:48+00:00,0b521961ccd67290274c5b649a5c32859b26824414ee9d5bbce60dfee8137b87,https://www.vlr.gg/606537/alliance-guardians-vs-pigeons-challengers-2026-north-america-ace-stage-1-r2-0-1
241060,1,2026-10-06T15:36:49+00:00,75a3380c048e07245db9bafe98b14939f6293cb0b208c0ec996cf91d3127658e,https://www.vlr.gg/606538/sleepers-vs-shopify-rebellion-black-challengers-2026-north-america-ace-stage-1-r2-1-0
229746,1,2026-10-06T15:36:49+00:00,ad8673620a85d1f21891e194d8785320263f23141e1f537a6a562f64efd33b89,https://www.vlr.gg/606539/evil-geniuses-academy-vs-yfp-challengers-2026-north-america-ace-stage-1-r2-1-0
229870,1,2026-10-06T15:36:53+00:00,c0e3e40f063577fae10e0e5d1fde303036e15b2ce44e0dfdcf8a1a229eaf5367,https://www.vlr.gg/609053/nrg-academy-vs-evil-geniuses-academy-challengers-2026-north-america-ace-stage-1-r3-2-0
244881,1,2026-10-06T15:36:55+00:00,2f2642f5f7f3a3dd66f9102fb564e920153114ad54f922b25e4335d604e6c176,https://www.vlr.gg/609054/sad-esports-vs-sleepers-challengers-2026-north-america-ace-stage-1-r3-2-0
236243,1,2026-10-06T15:36:50+00:00,2f634c453528cea586d881d0139df75d44e4c0f5ebdc2c6707b94848e361c916,https://www.vlr.gg/609055/blue-otter-vs-pigeons-challengers-2026-north-america-ace-stage-1-r3-0-2
235021,1,2026-10-06T15:36:51+00:00,444e46372e2d3a3d2e34a7c6c5f3dc4e12d4394cfe396aa346aa1dbc7cdeadf7,https://www.vlr.gg/609056/evictix-vs-azure-dragon-gaming-challengers-2026-north-america-ace-stage-1-r3-0-2
229744,1,2026-10-06T15:36:51+00:00,d3d8f9b85c5d457f6330cf4bd723f66d434ae28abead54b2772e14e6a204fd2a,https://www.vlr.gg/609057/nightblood-gaming-vs-yfp-challengers-2026-north-america-ace-stage-1-r3-1-1
227659,1,2026-10-06T15:36:52+00:00,04b692c8e0f0e919d79d56879087db865cc5b7dd5b68e2301d053c16cc35037c,https://www.vlr.gg/609059/shopify-rebellion-black-vs-winthrop-university-challengers-2026-north-america-ace-stage-1-r3-1
228954,1,2026-10-06T15:36:54+00:00,857c509bb0349fa1ad1c5bc197300f1d8c2fef535f08d1b15c5bb057a8057a2f,https://www.vlr.gg/609060/alliance-guardians-vs-rose-challengers-2026-north-america-ace-stage-1-r3-1-1
183546,1,2026-10-06T15:36:56+00:00,448fa21d6b742b2994289a733e406c6a4d1aeb156883ed1e6076fb9488b1514e,https://www.vlr.gg/609061/m80-vs-qor-challengers-2026-north-america-ace-stage-1-r3-1-1
177115,1,2026-10-06T15:36:57+00:00,657c1d232ad1d3b5fbdb33980f58276ea9464c0f2ef6d27d4a9ba2b54b6414dd,https://www.vlr.gg/611874/blue-otter-vs-azure-dragon-gaming-challengers-2026-north-america-ace-stage-1-r4-0-3
217183,1,2026-10-06T15:36:58+00:00,190b81c3212dd4fc09d4bf3c450dfd9a32a1894434ee043e998d19288de2588d,https://www.vlr.gg/611875/nightblood-gaming-vs-pigeons-challengers-2026-north-america-ace-stage-1-r4-1-2
181625,1,2026-10-06T15:36:59+00:00,fad53e35c699561918245b00653bcc21e10f10c050d3ed6604dfcf70024975da,https://www.vlr.gg/611876/winthrop-university-vs-m80-challengers-2026-north-america-ace-stage-1-r4-1-2
225207,1,2026-10-06T15:37:00+00:00,0fc9971aa59725cf66ed8609ed58cbfbcd871e3cb14aebe271ef88b82dbf8b03,https://www.vlr.gg/611877/evictix-vs-rose-challengers-2026-north-america-ace-stage-1-r4-1-2
242273,1,2026-10-06T15:37:02+00:00,9ef634d9b6f02643c6368b4bffff1a197999ec41da1eb342a3d8664b5c6de5a6,https://www.vlr.gg/611878/nrg-academy-vs-sad-esports-challengers-2026-north-america-ace-stage-1-r4-3-0
183714,1,2026-10-06T15:37:02+00:00,cfb7dfe542121680d7e07679ba0779c6f53e415ad6d685966f740b630eff4250,https://www.vlr.gg/611879/evil-geniuses-academy-vs-shopify-rebellion-black-challengers-2026-north-america-ace-stage-1-r4
231554,1,2026-10-06T15:37:04+00:00,8beb893e8a6e6d6d6431f0071307421174ac2bb8250818b05fe51ad290cde235,https://www.vlr.gg/611880/qor-vs-yfp-challengers-2026-north-america-ace-stage-1-r4-2-1
174370,1,2026-10-06T15:37:03+00:00,72874d7955781e9140020217945c712e745b44b140eadee642e8a0a546eda48f,https://www.vlr.gg/611881/sleepers-vs-alliance-guardians-challengers-2026-north-america-ace-stage-1-r4-2-1
199774,1,2026-10-06T15:37:05+00:00,21ef87f1046f0cea1dd6f4a6d75b8c6b4553bd4fd9e8cc30cf42946e8dab1341,https://www.vlr.gg/612643/azure-dragon-gaming-vs-winthrop-university-challengers-2026-north-america-ace-stage-1-r5-1-3
178017,1,2026-10-06T15:37:05+00:00,7c49ed3af51404acb0b5fda9c9aae9aac75b633aa7a70ebd48d36d0320b432dd,https://www.vlr.gg/612644/nightblood-gaming-vs-rose-challengers-2026-north-america-ace-stage-1-r5-1-3
179303,1,2026-10-06T15:37:08+00:00,75f553ffb232334e9d1e556812e58dedfb344c5154e4d47d47110c8457a4378a,https://www.vlr.gg/612645/evil-geniuses-academy-vs-alliance-guardians-challengers-2026-north-america-ace-stage-1-r5-2-2
228197,1,2026-10-06T15:37:06+00:00,7c03e74f322c46f1f9d0447f0d2311a9826ed00925e06f59d0935dbc086f035f,https://www.vlr.gg/612646/evictix-vs-yfp-challengers-2026-north-america-ace-stage-1-r5-2-2
182133,1,2026-10-06T15:37:09+00:00,4d69eef9b08386b46c2d0c6fe44e4f049b277e6c7961e290969b15568b24feb4,https://www.vlr.gg/612647/sleepers-vs-nrg-academy-challengers-2026-north-america-ace-stage-1-r5-3-1
243559,1,2026-10-06T15:37:09+00:00,515750c0cd66fdcffe7fa45289e929de1273efd290c8b3aea3d4e152a69f6d31,https://www.vlr.gg/612648/qor-vs-shopify-rebellion-black-challengers-2026-north-america-ace-stage-1-r5-3-1
178706,1,2026-10-06T15:37:11+00:00,bfe540764ee2ee5680884674aed3f8dffb8ec9770ae1ad6fcec2ab61be17de9b,https://www.vlr.gg/612649/pigeons-vs-m80-challengers-2026-north-america-ace-stage-1-r5-2-2
175108,1,2026-10-06T15:37:11+00:00,0d5bf6d77095607fa00d104f83d3fcfa087b99cb36b5f6a2159499b6fa5ecaa4,https://www.vlr.gg/616089/azure-dragon-gaming-vs-nightblood-gaming-challengers-2026-north-america-ace-stage-1-r6-2-3
184535,1,2026-10-06T15:37:12+00:00,de53981bc96343109ac27ab5ab6d89b954de0f0e79573d24821858c70c865ea3,https://www.vlr.gg/616090/shopify-rebellion-black-vs-pigeons-challengers-2026-north-america-ace-stage-1-r6-3-2-vs-2-3
177539,1,2026-10-06T15:37:12+00:00,e95fd8c463261bb091913ef038ddee2cda7c25f7b20f6caee90e986995be14ba,https://www.vlr.gg/616091/yfp-vs-alliance-guardians-challengers-2026-north-america-ace-stage-1-r6-2-3
190995,1,2026-10-06T15:37:14+00:00,3fc15ade62119ed1501cd6e2d747493465cc1a8bfd4a78d7408d34e01ec4c5e4,https://www.vlr.gg/616092/evictix-vs-nrg-academy-challengers-2026-north-america-ace-stage-1-r6-3-2
222265,1,2026-10-06T15:37:14+00:00,b8fec24d6f9ee1df0b23e61c7d4d03e088165c882bddf28e83850c005c08889d,https://www.vlr.gg/616093/evil-geniuses-academy-vs-m80-challengers-2026-north-america-ace-stage-1-r6-3-2
235847,1,2026-10-06T15:37:15+00:00,99b919689b8f2307d750dd2e1b7eb8faa0ea1de341c9b756645a029028077914,https://www.vlr.gg/620672/nrg-academy-vs-azure-dragon-gaming-challengers-2026-north-america-ace-stage-1-r7-3-3
196025,1,2026-10-06T15:37:16+00:00,638a7583ffbd4b71b9eda38a465a51f90974ecc7f405cc8fe55cb18c25d7a462,https://www.vlr.gg/620673/yfp-vs-m80-challengers-2026-north-america-ace-stage-1-r7-3-3
239354,1,2026-10-06T15:37:16+00:00,962a6419f16ea6537de42ad14b8911ebe4251c2e347368aa89df981128f83e93,https://www.vlr.gg/622053/sad-esports-vs-m80-challengers-2026-north-america-ace-stage-1-ubqf
239291,1,2026-10-06T15:37:17+00:00,09ed89c2c2eec3e6242d311f34a31a6a2be7b14d72a6a0d3f91a7d0de5e71400,https://www.vlr.gg/622054/qor-vs-evictix-challengers-2026-north-america-ace-stage-1-ubqf
203931,1,2026-10-06T15:37:19+00:00,99554cca4f845763821d25d09de64e38837d25dff581fa87e410e5e58333c423,https://www.vlr.gg/622055/sleepers-vs-nrg-academy-challengers-2026-north-america-ace-stage-1-ubqf
234862,1,2026-10-06T15:37:18+00:00,f30c958870cd80c4bfdc548070a8cbede84e6e40905524e97976137dae5b5036,https://www.vlr.gg/622056/shopify-rebellion-black-vs-evil-geniuses-academy-challengers-2026-north-america-ace-stage-1-ubqf
197973,1,2026-10-06T15:37:22+00:00,6ae2788c655a9c91952f641319a864d678bd67bf192df05fc9047b9d39873f8b,https://www.vlr.gg/622057/sad-esports-vs-qor-challengers-2026-north-america-ace-stage-1-ubsf
204455,1,2026-10-06T15:37:21+00:00,0ebbaea4c2ffad80e1b52027481a4846009190aa11ee77c5605ac699f1d93a85,https://www.vlr.gg/622058/sleepers-vs-shopify-rebellion-black-challengers-2026-north-america-ace-stage-1-ubsf
205922,1,2026-10-06T15:37:24+00:00,f05a5b89dfb85958b4f83c272ba6ecd11f6bda9c48ccf486f3b593e92a9aaf03,https://www.vlr.gg/622059/qor-vs-shopify-rebellion-black-challengers-2026-north-america-ace-stage-1-ubf
286028,1,2026-10-06T15:37:26+00:00,2b685cb4389c09c8a87cf858b1f18188035e7d51b89a5810cb50e2f9ea5cfc81,https://www.vlr.gg/622060/shopify-rebellion-black-vs-qor-challengers-2026-north-america-ace-stage-1-gf
179496,1,2026-10-06T15:37:19+00:00,995677562eb213d4d123e0385fd61d3ebf20a199170ba89221b67bfe7139b8ca,https://www.vlr.gg/622061/m80-vs-evictix-challengers-2026-north-america-ace-stage-1-lr1
231770,1,2026-10-06T15:37:20+00:00,434da5e136998698572093ba8aeb4c372cc8d6cb7547802c83fc4f1c9dc24d34,https://www.vlr.gg/622062/nrg-academy-vs-evil-geniuses-academy-challengers-2026-north-america-ace-stage-1-lr1
209523,1,2026-10-06T15:37:23+00:00,fc4cab885039529777a0b6fc2bd738083e6dcfc49da96a4992425ca3864c567e,https://www.vlr.gg/622063/sleepers-vs-m80-challengers-2026-north-america-ace-stage-1-lr2
189197,1,2026-10-06T15:37:22+00:00,477c5d2fc9d6140cce4d011102ee85bd2e9ed5a5c9654dbeff2eba5479307cbf,https://www.vlr.gg/622064/sad-esports-vs-nrg-academy-challengers-2026-north-america-ace-stage-1-lr2
190340,1,2026-10-06T15:37:24+00:00,f3de6fa6c6d2087f3074a7b664d39b4982eb7dd9b2daec988e8d2d4054bbff4e,https://www.vlr.gg/622065/sleepers-vs-sad-esports-challengers-2026-north-america-ace-stage-1-lr3
334997,1,2026-10-06T15:37:25+00:00,cc5e830bd9670b387b17e05604c8fcf809390f9484b70a4ce5a8528e75579f07,https://www.vlr.gg/622066/qor-vs-sad-esports-challengers-2026-north-america-ace-stage-1-lbf
476715,1,2026-10-06T15:34:32+00:00,53ca563878c91e21e4ff279cb8faccded47bc3602c9afe1771a2091bfe45fb35,https://www.vlr.gg/625788/gentle-mates-vs-edward-gaming-valorant-masters-santiago-2026-r1
412705,1,2026-10-06T15:34:35+00:00,4a946e9f9983c04aff1797ba4d34b89df658dd6fe85ccd819f2a9211a9ffe503,https://www.vlr.gg/625789/t1-vs-team-liquid-valorant-masters-santiago-2026-r1
507344,1,2026-10-06T15:34:34+00:00,9e0fb37e8dd3d3958ecb84d5ba72444cf2dd4d37ddf6a3a45db058ebcf99ca6b,https://www.vlr.gg/625790/g2-esports-vs-paper-rex-valorant-masters-santiago-2026-r1
333410,1,2026-10-06T15:34:33+00:00,ed03fa0e19aa540be4f68c32318e1819604529dbcb841656aba193338f1a3c88,https://www.vlr.gg/625791/xi-lai-gaming-vs-nrg-valorant-masters-santiago-2026-r1
541058,1,2026-10-06T15:34:36+00:00,09bf3520cca049ab2d63af80c904c190dc2a5e4451211a7fd25ba485e1dc0475,https://www.vlr.gg/626529/paper-rex-vs-nrg-valorant-masters-santiago-2026-r2-1-0
379574,1,2026-10-06T15:34:38+00:00,dc5c30e2affa16d94dd2b6b7600f94ba71377a616237788abe186724d9874625,https://www.vlr.gg/626530/gentle-mates-vs-team-liquid-valorant-masters-santiago-2026-r2-1-0
368865,1,2026-10-06T15:34:39+00:00,fecfd23c72aa30a47668856af8e35adaca7d0b0b07912d7ccb08362dfd169eb6,https://www.vlr.gg/626532/edward-gaming-vs-t1-valorant-masters-santiago-2026-r2-0-1
287349,1,2026-10-06T15:34:41+00:00,fff699ca18769ba0d204dba6aebf422dcafaf41f1f69e0b26a3dc289daa2b16b,https://www.vlr.gg/626533/xi-lai-gaming-vs-g2-esports-valorant-masters-santiago-2026-r2-0-1
372905,1,2026-10-06T15:34:42+00:00,4a745ef0542643e2be59f85884f7e0a41ecc7001b552e8bdf4c8e8dd8ee25469,https://www.vlr.gg/626534/g2-esports-vs-t1-valorant-masters-santiago-2026-r3
387394,1,2026-10-06T15:34:41+00:00,5a0acba35c2cd8076494a7ca8fb5417c2040be798ee09cda4947e7e3e541e921,https://www.vlr.gg/626535/nrg-vs-team-liquid-valorant-masters-santiago-2026-r3
415838,1,2026-10-06T15:34:45+00:00,0fd636f0cca750f62cce9e4692d74c4c464ce2e5b9b0077c1bcb72312f3fc556,https://www.vlr.gg/626537/nongshim-redforce-vs-gentle-mates-valorant-masters-santiago-2026-ubqf
330850,1,2026-10-06T15:34:47+00:00,4e529bf3aaccd7f2633281368f7c14be2f264ca6fdc8d06448952ab28fa2e13e,https://www.vlr.gg/626538/all-gamers-vs-g2-esports-valorant-masters-santiago-2026-ubqf
655053,1,2026-10-06T15:34:43+00:00,0b1f749d79f0e591ace9a6aa81e25f4a716c1d966527a12ec16b092c2f772a39,https://www.vlr.gg/626539/furia-vs-paper-rex-valorant-masters-santiago-2026-ubqf
574999,1,2026-10-06T15:34:46+00:00,4667c7a68fee9c6525d471268881e8d5d6fe0bf63d91819e0f9454bf660bf5c6,https://www.vlr.gg/626540/bbl-esports-vs-nrg-valorant-masters-santiago-2026-ubqf
444096,1,2026-10-06T15:34:52+00:00,5abd613947a884b4865fb8a6a0b28723335b26784e4d002d3602fe364644cd7b,https://www.vlr.gg/626541/nongshim-redforce-vs-g2-esports-valorant-masters-santiago-2026-ubsf
415314,1,2026-10-06T15:34:53+00:00,861151788357e1ad0f810b4a38cfa5198008ba17b3507910bae4c2522a466d94,https://www.vlr.gg/626542/paper-rex-vs-nrg-valorant-masters-santiago-2026-ubsf
483047,1,2026-10-06T15:34:56+00:00,85d7fa78caaf9832f3cb1d2af0fcc2a703e66d8ba14079d4bcbfb1f16e7024ef,https://www.vlr.gg/626543/nongshim-redforce-vs-nrg-valorant-masters-santiago-2026-ubf
934082,1,2026-10-06T15:34:59+00:00,9f09a724b022ae35ca77b8dcbf4403980ec3c2ce076ce0e0310d0dc05a06afe9,https://www.vlr.gg/626544/nongshim-redforce-vs-paper-rex-valorant-masters-santiago-2026-gf
588042,1,2026-10-06T15:34:50+00:00,f48086043a8d98915a5896a9a7800fff2b5446374dd896a9f2aeea542a2bb222,https://www.vlr.gg/626545/gentle-mates-vs-all-gamers-valorant-masters-santiago-2026-lr1
392083,1,2026-10-06T15:34:48+00:00,1449495a0b6798de07b7f9f5b3f56f6b36ca298911e7e6b25dd560a1a9bb08af,https://www.vlr.gg/626546/furia-vs-bbl-esports-valorant-masters-santiago-2026-lr1
409128,1,2026-10-06T15:34:54+00:00,63972e60f8291823a40a31f9a063f0c01fb8b19545c558daab9c2c4eb1ca0e90,https://www.vlr.gg/626547/paper-rex-vs-all-gamers-valorant-masters-santiago-2026-lr2
465769,1,2026-10-06T15:34:54+00:00,661643e48e8c4f93d92944ba761d8c2948cb6f02558d8937160da44a56319ddd,https://www.vlr.gg/626548/g2-esports-vs-bbl-esports-valorant-masters-santiago-2026-lr2
445226,1,2026-10-06T15:34:57+00:00,d7cf206acdd8112228d51432559093cf97b7b4722e4395daab45648a0656c1a9,https://www.vlr.gg/626549/paper-rex-vs-g2-esports-valorant-masters-santiago-2026-lr3
619683,1,2026-10-06T15:34:58+00:00,6213ffac8748c69378278ba8a8bee18226335ffa2334598aeb4d250a2da6e88b,https://www.vlr.gg/626550/nrg-vs-paper-rex-valorant-masters-santiago-2026-lbf
178653,1,2026-10-06T15:37:28+00:00,adbcc878fe9516c2688cc22673fd61c8b71645c5cd0ea6a3adb5eb66af055d3a,https://www.vlr.gg/638439/winthrop-university-vs-blue-otter-challengers-2026-north-america-ace-stage-1-gs
315092,1,2026-10-06T15:37:29+00:00,faca73cb5d9d08f904398b35a1072caa2f60fd48f935dd4781f50d36893af7b1,https://www.vlr.gg/638452/team-pulsar-vs-rose-challengers-2026-north-america-ace-stage-1-pm
393829,1,2026-10-06T15:37:30+00:00,9fed3c2c2b7402db13a1197cf2c11eb2efcf85ddb66aae80acd5e4cd17178a51,https://www.vlr.gg/638453/shopify-rebellion-gold-vs-winthrop-university-challengers-2026-north-america-ace-stage-1-pm
168220,1,2026-10-06T15:37:27+00:00,86baa1c0d095d4a9d07031da0dade2cea04ff221491d14bd2ed37266e9d69157,https://www.vlr.gg/638459/rose-vs-winthrop-university-challengers-2026-north-america-ace-stage-1-gs
171502,1,2026-10-06T15:37:27+00:00,cf710dd02378e52cecd423bbf024f015802899678dbfc24888ad6275f131c554,https://www.vlr.gg/638460/blue-otter-vs-rose-challengers-2026-north-america-ace-stage-1-gs
191834,1,2026-10-06T15:36:16+00:00,4e7768c7d570acc934e0a4dfeca6e67ed9c5cb272347825c9852c0d01ab73f75,https://www.vlr.gg/642123/misa-esports-vs-eintracht-frankfurt-challengers-2026-emea-stage-1-a
191982,1,2026-10-06T15:36:17+00:00,64c3a2bbb403675834b204de12c39e51f846e84d18e40a1071f8412aeaffede7,https://www.vlr.gg/642124/misa-esports-vs-team-liquid-academy-challengers-2026-emea-stage-1-a
224374,1,2026-10-06T15:36:21+00:00,001c1e3bd4b3a7b8c61fae928adc2c67f9e691017d7e6cc34dd3452a74df4c29,https://www.vlr.gg/642125/eintracht-frankfurt-vs-team-liquid-academy-challengers-2026-emea-stage-1-a
193003,1,2026-10-06T15:36:14+00:00,4ecbef2d671c0831eafebeda8702488d33396525f1b693566b2ead9eb257be5c,https://www.vlr.gg/642128/enterprise-esports-vs-bar-a-esports-challengers-2026-emea-stage-1-b
232008,1,2026-10-06T15:36:19+00:00,a81c32557b5d1650a742cb208442f6d7cff7b1ab109c108fbe9780ab9085809b,https://www.vlr.gg/642129/enterprise-esports-vs-fokus-challengers-2026-emea-stage-1-b
225506,1,2026-10-06T15:36:22+00:00,0778a7357ad74182b0a8b96600c98e51884c76dace8674be6546a92cf73c342e,https://www.vlr.gg/642130/bar-a-esports-vs-fokus-challengers-2026-emea-stage-1-b
177190,1,2026-10-06T15:36:17+00:00,b87b71a21af1038528a862b8d6f5730c8fe984492df40139887a293dcc7128d7,https://www.vlr.gg/642132/ucam-esports-club-vs-pixel-lumina-challengers-2026-emea-stage-1-c
169575,1,2026-10-06T15:36:19+00:00,6bca1f5596f544591e853c6d64e0ac82c606a07186c7fc3f2ca53e95d62a8016,https://www.vlr.gg/642133/joblife-vs-stallions-esports-challengers-2026-emea-stage-1-c
228513,1,2026-10-06T15:36:21+00:00,ee74a322e91860dd1422f4557d2c0e228984e8cd1bd122dbfd09a549bba55a43,https://www.vlr.gg/642134/joblife-vs-pixel-lumina-challengers-2026-emea-stage-1-c
159303,1,2026-10-06T15:36:24+00:00,c39bd0200eefb7c3e02f654ed7b15905a37169bf2e3ca704fce5b92e3674c133,https://www.vlr.gg/642135/stallions-esports-vs-pixel-lumina-challengers-2026-emea-stage-1-c
180482,1,2026-10-06T15:36:25+00:00,7bf21c7208a2a37fc226c67bd4025a17eb8c572cb61d47b205e611af56d43fe2,https://www.vlr.gg/642136/ucam-esports-club-vs-joblife-challengers-2026-emea-stage-1-c
165808,1,2026-10-06T15:36:29+00:00,943629c021701a125643ac774827ed9060c7a68374430b8fb5dcb0e2e8bf6081,https://www.vlr.gg/642137/ucam-esports-club-vs-stallions-esports-challengers-2026-emea-stage-1-c
174983,1,2026-10-06T15:36:15+00:00,0b4bb00239f71e8a927d9b3664b03d096dfbf25d53b0156da31b91156d509b9b,https://www.vlr.gg/642140/mandatory-vs-mir-challengers-2026-emea-stage-1-d
195047,1,2026-10-06T15:36:20+00:00,15ff45f16485efcca8b819ee8adbf268a0490ab3c33f31e85df1f59121dd29d5,https://www.vlr.gg/642141/s2g-esports-vs-mir-challengers-2026-emea-stage-1-d
179327,1,2026-10-06T15:36:23+00:00,0478c27aa2474b2b2b6683b0c38cf1449c09f37231ff29bd5d5ad5a9108fb269,https://www.vlr.gg/642142/mandatory-vs-gng-esports-challengers-2026-emea-stage-1-d
180235,1,2026-10-06T15:36:24+00:00,31372f36c7d3b6bd3001d88791e8c859122cce198371353fe960cb87c33566e7,https://www.vlr.gg/642143/s2g-esports-vs-mandatory-challengers-2026-emea-stage-1-d
238767,1,2026-10-06T15:36:27+00:00,95cd6df561d8c2a08a0fba4c91448d4e2dfe05d883c44a790ecff0e2607ac2c2,https://www.vlr.gg/642144/gng-esports-vs-mir-challengers-2026-emea-stage-1-d
178633,1,2026-10-06T15:36:28+00:00,858aa3815f3d60267bbd69129b7baaeeb08e0901a437fef97726d8e062fca362,https://www.vlr.gg/642145/s2g-esports-vs-gng-esports-challengers-2026-emea-stage-1-d
243480,1,2026-10-06T15:36:30+00:00,6e463893ef6a43e69d6317ca6206a246835032383a8ff1c03f07580c0fd16e9e,https://www.vlr.gg/642147/ucam-esports-club-vs-mandatory-challengers-2026-emea-stage-1-ubsf
246871,1,2026-10-06T15:36:31+00:00,cf0dcef558b2acddcd8f3395bffcc1be66c567c5cb585371491dbbd4221fc80d,https://www.vlr.gg/642148/enterprise-esports-vs-misa-esports-challengers-2026-emea-stage-1-ubsf
209648,1,2026-10-06T15:36:33+00:00,3e7b7350339b1534ccf20ef0cba5ddb5ed8e74c2d010e6d755d5726e8ffa3657,https://www.vlr.gg/642149/ucam-esports-club-vs-enterprise-esports-challengers-2026-emea-stage-1-ubf
265145,1,2026-10-06T15:36:35+00:00,04f14a6bdf162db0efeb6c66002151a527b05ebbbc2686586ff73901e87673db,https://www.vlr.gg/642150/enterprise-esports-vs-mandatory-challengers-2026-emea-stage-1-gf
244330,1,2026-10-06T15:36:32+00:00,75d3f6269b7dad63911bd9613f3a870752b8788035cb04dd57d57a0874a9ed76,https://www.vlr.gg/642151/mandatory-vs-misa-esports-challengers-2026-emea-stage-1-lr1
339967,1,2026-10-06T15:36:34+00:00,65b6043fa4bcb8b3de42982b707f8262f008cf927de03bca1eaf864150675bf6,https://www.vlr.gg/642152/ucam-esports-club-vs-mandatory-challengers-2026-emea-stage-1-lbf
274343,1,2026-10-06T15:40:23+00:00,0aec9444a1cb6109f0065b85b63a44c0821b114b9a03823d24c9accb6fc9aefb,https://www.vlr.gg/642914/titan-esports-club-vs-all-gamers-vct-2026-china-stage-1-w1
223617,1,2026-10-06T15:40:24+00:00,f31d7579dc6fe21a326e24ee953255c2e1f11fda8cd584941bf0d108040b3001,https://www.vlr.gg/642915/nova-esports-vs-edward-gaming-vct-2026-china-stage-1-w1
267412,1,2026-10-06T15:40:25+00:00,ddcd880cb560bf821393c79d1fb4787ba3d9a64851d645c05ca7c5a6cdea5d6d,https://www.vlr.gg/642916/jdg-esports-vs-funplus-phoenix-vct-2026-china-stage-1-w1
258839,1,2026-10-06T15:40:26+00:00,1ab39b5075fd4e35ad95617c88fc8c0c3ea2904c6edeae9c39f798faf2a89a4d,https://www.vlr.gg/642917/dragon-ranger-gaming-vs-xi-lai-gaming-vct-2026-china-stage-1-w1
249079,1,2026-10-06T15:40:27+00:00,b4344aa9e99d872a62289cd02c7460036af9ba1df91648ab40e4dfbc3b3050eb,https://www.vlr.gg/642918/wolves-esports-vs-trace-esports-vct-2026-china-stage-1-w1
257170,1,2026-10-06T15:40:28+00:00,dc20dc8e7fafae91f82db0bc0d7db114a33ec7998377b4186cf55054d9a78ea7,https://www.vlr.gg/642919/bilibili-gaming-vs-tyloo-vct-2026-china-stage-1-w1
216495,1,2026-10-06T15:40:29+00:00,f4610c741ff21ca85559d7c886fe03b65c8b6200754431ffeb0a6e04f5ba995a,https://www.vlr.gg/642920/dragon-ranger-gaming-vs-nova-esports-vct-2026-china-stage-1-w1
219193,1,2026-10-06T15:40:29+00:00,00b3994de8cb8f1eb75e166cb3d417d4fd07128516b01546a64b58f46f2963a6,https://www.vlr.gg/642921/funplus-phoenix-vs-all-gamers-vct-2026-china-stage-1-w1
213582,1,2026-10-06T15:40:32+00:00,f308912ea3560d13c5633d9dda634338b9ec7bc99b9ce06b8d2ca0f038ed1e12,https://www.vlr.gg/642922/tyloo-vs-titan-esports-club-vct-2026-china-stage-1-w1
203486,1,2026-10-06T15:40:32+00:00,bab03ac7b76ebf9ddf273fa62ea06c706051078fda88e7d72f56a92813910581,https://www.vlr.gg/642923/wolves-esports-vs-edward-gaming-vct-2026-china-stage-1-w1
257146,1,2026-10-06T15:40:33+00:00,5242b6120286dc5597298040556af90db91e7508111276a599387c98ee29cb97,https://www.vlr.gg/642924/trace-esports-vs-xi-lai-gaming-vct-2026-china-stage-1-w1
198484,1,2026-10-06T15:40:34+00:00,0aaaadde4b9b97850f964b9aa317da4ddc542406f9fa859677069fb29b495d85,https://www.vlr.gg/642925/bilibili-gaming-vs-jdg-esports-vct-2026-china-stage-1-w1
301190,1,2026-10-06T15:40:35+00:00,873403ae6ba83ed183d1918cf40f000703a8fd867af8dd713e0d94b6d0921306,https://www.vlr.gg/642927/funplus-phoenix-vs-tyloo-vct-2026-china-stage-1-w2
211248,1,2026-10-06T15:40:35+00:00,7a9cdae2656499627316c620c0acebf7309f0d2030567df6785dfab98131faaf,https://www.vlr.gg/642928/titan-esports-club-vs-bilibili-gaming-vct-2026-china-stage-1-w2
204524,1,2026-10-06T15:40:36+00:00,8d56c7fc1aaea85f08106f37b5715bc9734e3ac4ee72bf4dc7df9a26f0558b2c,https://www.vlr.gg/642929/xi-lai-gaming-vs-nova-esports-vct-2026-china-stage-1-w2
227049,1,2026-10-06T15:40:37+00:00,fa307564a2bcb2fbda94a1842e3e3a3d943fbca7be5fd842a7605388af641318,https://www.vlr.gg/642930/edward-gaming-vs-trace-esports-vct-2026-china-stage-1-w2
211218,1,2026-10-06T15:40:38+00:00,f4b0eca06e5a72e032ef1d082e98ba8574711b89ba4f2df3646c58d66d01ac45,https://www.vlr.gg/642931/jdg-esports-vs-all-gamers-vct-2026-china-stage-1-w2
250327,1,2026-10-06T15:40:38+00:00,7846458dfc6315363b3bbbdc1b4700127615034c4606a1f972bdddf0f00cf503,https://www.vlr.gg/642932/dragon-ranger-gaming-vs-wolves-esports-vct-2026-china-stage-1-w2
211997,1,2026-10-06T15:40:39+00:00,e4f080fa8bb1f4a95e7088e2900f5a0538ecfad74290e46fcb8bc5aaa688a3d9,https://www.vlr.gg/642933/nova-esports-vs-trace-esports-vct-2026-china-stage-1-w2
242009,1,2026-10-06T15:40:40+00:00,f20499393632685ab8c6ab070a280325f8dffe39c6f1ebf092bc847bc9b56462,https://www.vlr.gg/642934/funplus-phoenix-vs-bilibili-gaming-vct-2026-china-stage-1-w2
269514,1,2026-10-06T15:40:41+00:00,2300438b17c44aeb7120b7430daf7c508cc6a05d5f8f88b846c77ba9a011ca5f,https://www.vlr.gg/642935/all-gamers-vs-tyloo-vct-2026-china-stage-1-w2
259053,1,2026-10-06T15:40:42+00:00,aeb8ad699c59cd9aa259d641418d34f0e3cdcc01d06a79ace114df7c13dc6e1b,https://www.vlr.gg/642936/edward-gaming-vs-dragon-ranger-gaming-vct-2026-china-stage-1-w2
209824,1,2026-10-06T15:40:42+00:00,dfffab7d981491f057acbcfe42b687db3ba2d5929bb751dae2c3c8bc76bfb1f0,https://www.vlr.gg/642937/jdg-esports-vs-titan-esports-club-vct-2026-china-stage-1-w2
258344,1,2026-10-06T15:40:43+00:00,bae40bfa316caa08c37646834874c1652e1acd5ecf77908c7c120a8db72f77e2,https://www.vlr.gg/642938/xi-lai-gaming-vs-wolves-esports-vct-2026-china-stage-1-w2
224068,1,2026-10-06T15:40:44+00:00,75dc95517bbd2d14c798c39323cf69fa53ed804c88e7bfad2fff423e771ae3c8,https://www.vlr.gg/642939/tyloo-vs-jdg-esports-vct-2026-china-stage-1-w3
279042,1,2026-10-06T15:40:45+00:00,1bc05218c49bce01d247f35b751fd2ba8207bb1c06ce333deac1b563c57b9dff,https://www.vlr.gg/642940/trace-esports-vs-dragon-ranger-gaming-vct-2026-china-stage-1-w3
233370,1,2026-10-06T15:40:45+00:00,e5872447efac5b445f146831aec9fe1000101ddc0b3f6e6018646e5fce527e16,https://www.vlr.gg/642941/titan-esports-club-vs-funplus-phoenix-vct-2026-china-stage-1-w3
257630,1,2026-10-06T15:40:46+00:00,51531ac7d27f2029bde112e01fd3e745c64015664b4a8f3a102ad6751b84bf00,https://www.vlr.gg/642942/all-gamers-vs-bilibili-gaming-vct-2026-china-stage-1-w3
268125,1,2026-10-06T15:40:47+00:00,f831799ada526cbcc6e3bdf9429e1793c162a4c23f09d9b70585ba9b6842c9dd,https://www.vlr.gg/642943/nova-esports-vs-wolves-esports-vct-2026-china-stage-1-w3
277511,1,2026-10-06T15:40:48+00:00,b19abcd71610961f094371190051c3366a19e4e2591d05a818b1bd38004e24b9,https://www.vlr.gg/642944/edward-gaming-vs-xi-lai-gaming-vct-2026-china-stage-1-w3
261902,1,2026-10-06T15:40:51+00:00,ccf0075edb351b45650862fa5c17212bd288183ec91151fbb6343dde989b5a01,https://www.vlr.gg/642945/all-gamers-vs-xi-lai-gaming-vct-2026-china-stage-1-seeding
264809,1,2026-10-06T15:40:49+00:00,ff925deb0f481f1d0d0a6f59728350fe89a7867e5db26a1df96a6dc7e93bf653,https://www.vlr.gg/642946/jdg-esports-vs-edward-gaming-vct-2026-china-stage-1-seeding
221123,1,2026-10-06T15:40:48+00:00,16979ed65f5293540079d51d41d531a238f818bb56dd0361d193f1bb6d9e36bb,https://www.vlr.gg/642947/tyloo-vs-dragon-ranger-gaming-vct-2026-china-stage-1-seeding
244367,1,2026-10-06T15:40:50+00:00,0edc19458048f3498782bf889f20e5180e393cce4ad67fa9cf1cd4fe647f2bd0,https://www.vlr.gg/642948/titan-esports-club-vs-trace-esports-vct-2026-china-stage-1-seeding
308095,1,2026-10-06T15:35:32+00:00,5e0121d2143800ec953d0cd73c5bdabe354fa065540990d8626c1685a8e8c201,https://www.vlr.gg/644652/gen-g-vs-global-esports-vct-2026-pacific-stage-1-w1
218346,1,2026-10-06T15:35:33+00:00,816d4b42c596efd6c481f767bbd3fef52089fc675fa25b172444740cb22cbba1,https://www.vlr.gg/644653/t1-vs-varrel-vct-2026-pacific-stage-1-w1
412578,1,2026-10-06T15:35:34+00:00,3771d9b42963b89bb047965819b0ed6cb87b7c6ae0d5a1fc06ca927458087408,https://www.vlr.gg/644654/nongshim-redforce-vs-paper-rex-vct-2026-pacific-stage-1-w1
243785,1,2026-10-06T15:35:35+00:00,369f7dc9a812273d6e10c38066487eef881ca56fc225c9d924f388df351e7f66,https://www.vlr.gg/644655/full-sense-vs-detonation-focusme-vct-2026-pacific-stage-1-w1
288530,1,2026-10-06T15:35:36+00:00,8426f09ff12429c1cd24c84f16684a94cc883dcb4a259dde959dd3b3db1467cb,https://www.vlr.gg/644656/team-secret-vs-drx-vct-2026-pacific-stage-1-w1
321633,1,2026-10-06T15:35:36+00:00,a2f3e810a81079177c43c6774d290b4ad8030a0281cae7ecf0ccc3c75cf4547f,https://www.vlr.gg/644657/rex-regum-qeon-vs-zeta-division-vct-2026-pacific-stage-1-w1
227815,1,2026-10-06T15:35:37+00:00,c90902fb203453620a6599002cbe1d5ce6805d0d6377c693c002bab1b2915397,https://www.vlr.gg/644658/detonation-focusme-vs-t1-vct-2026-pacific-stage-1-w2
308229,1,2026-10-06T15:35:38+00:00,3fc1ef37dc1c4d4fa96ec25cb6758ccfe6b05b7a4d035b3658072bff96db327f,https://www.vlr.gg/644659/nongshim-redforce-vs-drx-vct-2026-pacific-stage-1-w2
280392,1,2026-10-06T15:35:39+00:00,d9aa92a63a2cc584107dc53132893dd21de5f25961a771319f178763858ee31c,https://www.vlr.gg/644660/team-secret-vs-global-esports-vct-2026-pacific-stage-1-w2
235120,1,2026-10-06T15:35:40+00:00,0f34664839c4972a33a107e1369f2726d8d57d69ab8871b5828c5d9820912edb,https://www.vlr.gg/644661/rex-regum-qeon-vs-varrel-vct-2026-pacific-stage-1-w2
257126,1,2026-10-06T15:35:40+00:00,da5444ddf284cbcb1ae6bdf0b046623d87b827134b8fd49a56ea20adc3cf139f,https://www.vlr.gg/644662/full-sense-vs-zeta-division-vct-2026-pacific-stage-1-w2
378672,1,2026-10-06T15:35:41+00:00,9edefd13ff477dfdc92cfdf1c55dd03d14e3c841340f50d03148575ab272911d,https://www.vlr.gg/644663/gen-g-vs-paper-rex-vct-2026-pacific-stage-1-w2
286171,1,2026-10-06T15:35:42+00:00,5b9f819baa4a59f2323b8437feb550d0bdb80ab1506b28cb9fb2a28e2ac4f850,https://www.vlr.gg/644665/full-sense-vs-varrel-vct-2026-pacific-stage-1-w3
341205,1,2026-10-06T15:35:43+00:00,05575c9c05f03b560d2e8cd53501ad53b14f4bdafe0f2cd4033b66c2756cf7c6,https://www.vlr.gg/644666/team-secret-vs-paper-rex-vct-2026-pacific-stage-1-w3
326063,1,2026-10-06T15:35:43+00:00,62c1bea26b49d006b1d990fda7c3221fd34d3b95a142b66b8017836105242eb0,https://www.vlr.gg/644667/kiwoom-drx-vs-global-esports-vct-2026-pacific-stage-1-w3
290809,1,2026-10-06T15:35:44+00:00,91ddc68ade5ec674d12f85e89891d5a4bb522f98e877296d69ded51495926d87,https://www.vlr.gg/644668/zeta-division-vs-detonation-focusme-vct-2026-pacific-stage-1-w3
234538,1,2026-10-06T15:35:45+00:00,440d3fc4845a9a8d8b0056b4c2a52951cab0f61298a10b092a6946f3bab55d24,https://www.vlr.gg/644669/rex-regum-qeon-vs-t1-vct-2026-pacific-stage-1-w3
234633,1,2026-10-06T15:35:46+00:00,804eb7c18f19834e3d19b10d9955a23f388266cd48d4d9b539b09d2023e1a973,https://www.vlr.gg/644670/nongshim-redforce-vs-gen-g-vct-2026-pacific-stage-1-w3
329902,1,2026-10-06T15:35:46+00:00,71e806fc87320df67c7b0221cd61f83dc7d60944dda6fb0c0f4e03ab8a2eb120,https://www.vlr.gg/644671/rex-regum-qeon-vs-full-sense-vct-2026-pacific-stage-1-w4
327902,1,2026-10-06T15:35:48+00:00,cf671600c3d89b9447205e6bb297d20a9508f63d083e803299114a6fd9613bc2,https://www.vlr.gg/644672/paper-rex-vs-global-esports-vct-2026-pacific-stage-1-w4
325415,1,2026-10-06T15:35:48+00:00,9e8819fbeccf08110f1c1f443b3e7d40f7f75ca10ca5968b3c18edba00fac340,https://www.vlr.gg/644673/gen-g-vs-kiwoom-drx-vct-2026-pacific-stage-1-w4
268311,1,2026-10-06T15:35:49+00:00,cfbb72c6cb5145fb4744bf13b947abdf6fab7b41fcdd1aa9078ff48ec076c453,https://www.vlr.gg/644674/detonation-focusme-vs-varrel-vct-2026-pacific-stage-1-w4
227911,1,2026-10-06T15:35:50+00:00,e935682830ba9f4363680300f9d0967da66872418f4ce263df944dbdd780d334,https://www.vlr.gg/644675/t1-vs-zeta-division-vct-2026-pacific-stage-1-w4
306108,1,2026-10-06T15:35:51+00:00,405585fb29a4a17468350691aca8803d01f4923d93611e65e620b2593399a34b,https://www.vlr.gg/644676/nongshim-redforce-vs-team-secret-vct-2026-pacific-stage-1-w4
346236,1,2026-10-06T15:35:52+00:00,772ccfcd5b66f5a0c0b8919be103f1907f01c9fa5da98fa2aa34ec29aa08a5d5,https://www.vlr.gg/644677/gen-g-vs-team-secret-vct-2026-pacific-stage-1-w5
291210,1,2026-10-06T15:35:52+00:00,9e4a4d88adce2966a64e48221acdf16dc1b119c16ae8af8f97e312663f8a912c,https://www.vlr.gg/644678/varrel-vs-zeta-division-vct-2026-pacific-stage-1-w5
307845,1,2026-10-06T15:35:53+00:00,cc243d05f58f7ee6f34a4b7be211c08d61c3f46bce9164ad78700ce857c627c9,https://www.vlr.gg/644679/t1-vs-full-sense-vct-2026-pacific-stage-1-w5
328994,1,2026-10-06T15:35:54+00:00,e36119967040a50c60cfd25cfe853b914300e8b3b9c3172b557e70eaa5687755,https://www.vlr.gg/644680/nongshim-redforce-vs-global-esports-vct-2026-pacific-stage-1-w5
275648,1,2026-10-06T15:35:55+00:00,36db66c1d03c9296877ca7b6de8830c96e8ca6ec119d18df1d9b353e0de69f61,https://www.vlr.gg/644681/paper-rex-vs-kiwoom-drx-vct-2026-pacific-stage-1-w5
326143,1,2026-10-06T15:35:56+00:00,0fea6e42ed7c157352a329406dafea16f8f0a294eaeba805a822abb7ea28f2fe,https://www.vlr.gg/644682/rex-regum-qeon-vs-detonation-focusme-vct-2026-pacific-stage-1-w5
376619,1,2026-10-06T15:39:44+00:00,8454b625d34385388e63313350149f77d31a5649309ad8e67a70508457cb8ade,https://www.vlr.gg/644709/fnatic-vs-eternal-fire-vct-2026-emea-stage-1-w1
283394,1,2026-10-06T15:39:45+00:00,034fd3ce11b82185d3363353c65fecd96f7f4c2e2b427def1399ddc488a5f108,https://www.vlr.gg/644710/team-liquid-vs-karmine-corp-vct-2026-emea-stage-1-w1
246731,1,2026-10-06T15:39:46+00:00,063189214adf75f261861a3b0db5959254521bb92b454a4dc0ccb3b251475042,https://www.vlr.gg/644711/team-vitality-vs-giantx-vct-2026-emea-stage-1-w1
357402,1,2026-10-06T15:39:47+00:00,8c2b986cc58608ccac8c930d34c54ced0028ca4e7b1fa26f7617cdc82cd12375,https://www.vlr.gg/644712/gentle-mates-vs-fut-esports-vct-2026-emea-stage-1-w1
368845,1,2026-10-06T15:39:48+00:00,3f33d0175490bbf2bb8fdf8b21a065606491af6b45e7a164592a51f146dcbc8b,https://www.vlr.gg/644713/team-heretics-vs-natus-vincere-vct-2026-emea-stage-1-w1
246197,1,2026-10-06T15:39:49+00:00,1befdb109cbead09ef67a9e792dc3eec18607c84846546b92ae941dbdfb2a727,https://www.vlr.gg/644714/bbl-esports-vs-pcific-esports-vct-2026-emea-stage-1-w1
277562,1,2026-10-06T15:39:49+00:00,a7e93e52c6462b3bcaa7f1553fb3df84a75c149571188aaca13af0332137e35d,https://www.vlr.gg/644716/pcific-esports-vs-giantx-vct-2026-emea-stage-1-w2
238028,1,2026-10-06T15:39:50+00:00,00b02204100fc97bf39640bd0dd30cbb6006f660f47e0d3061f3eeea4ce41709,https://www.vlr.gg/644717/bbl-esports-vs-eternal-fire-vct-2026-emea-stage-1-w2
331576,1,2026-10-06T15:39:51+00:00,f96f2b205a03a76d1699e3f4a400f15d112c819fab7e52096d5f82e52e67d954,https://www.vlr.gg/644718/fnatic-vs-team-vitality-vct-2026-emea-stage-1-w2
288790,1,2026-10-06T15:39:52+00:00,c458a450e5874b22e1d7a36dba0e48971e390691aa316db368ee9d9be3867086,https://www.vlr.gg/644719/team-liquid-vs-team-heretics-vct-2026-emea-stage-1-w2
321188,1,2026-10-06T15:39:53+00:00,1a83e3e6ae5510d51eb2a2dd3a2e9b07622774abd254abb636f8130542e92f80,https://www.vlr.gg/644720/fut-esports-vs-natus-vincere-vct-2026-emea-stage-1-w2
296845,1,2026-10-06T15:39:53+00:00,5004b9ce81f126e43f6e59af65ad239077e69097deda8db2c9e6c7c250b4f3f0,https://www.vlr.gg/644721/gentle-mates-vs-karmine-corp-vct-2026-emea-stage-1-w2
313824,1,2026-10-06T15:39:54+00:00,d0164686553b6bb989be08f2592eca79699c3bc0c27bbfbaa871f9b3b52386c5,https://www.vlr.gg/644722/bbl-esports-vs-giantx-vct-2026-emea-stage-1-w3
273796,1,2026-10-06T15:39:55+00:00,797cf3262f9a042bb4647ed34a9f26195776c05e24e323e9e5abe3263994f0e4,https://www.vlr.gg/644723/gentle-mates-vs-natus-vincere-vct-2026-emea-stage-1-w3
316770,1,2026-10-06T15:39:56+00:00,84f03499b3c53b445471ce87274b865616a0992bdaa17d03715a84a782abd7e7,https://www.vlr.gg/644724/eternal-fire-vs-team-vitality-vct-2026-emea-stage-1-w3
351894,1,2026-10-06T15:39:57+00:00,f261b3d23aee171ddbfee77b34b0f74d774513c7b963cc15cb3a3d36edc058d7,https://www.vlr.gg/644725/karmine-corp-vs-team-heretics-vct-2026-emea-stage-1-w3
300743,1,2026-10-06T15:39:58+00:00,3e0433a0cbaa66dc052bd3ef0f4febb46b8208ebd763f015305b5b4b6af67c94,https://www.vlr.gg/644726/fut-esports-vs-team-liquid-vct-2026-emea-stage-1-w3
234876,1,2026-10-06T15:39:59+00:00,8368de1b195b28170fe4c06326b975b6828d6a53969df47f4a27c53542f83d48,https://www.vlr.gg/644727/pcific-esports-vs-fnatic-vct-2026-emea-stage-1-w3
277759,1,2026-10-06T15:40:00+00:00,3bbcfdbbaf40093037bf6c550f06e0ea999c2d4666ba8b92a53205d1ebec18f4,https://www.vlr.gg/644728/eternal-fire-vs-pcific-esports-vct-2026-emea-stage-1-w4
293198,1,2026-10-06T15:40:01+00:00,fc3bd55f4e02d927c7501c58b5ae6bcfdfc0862c1c267a3c5da24e704c4db78e,https://www.vlr.gg/644729/natus-vincere-vs-team-liquid-vct-2026-emea-stage-1-w4
345285,1,2026-10-06T15:40:02+00:00,1574851fcc0a7190e4d0aacf36bf6ca2a2e2dc140c9496ee962aa4280c8092c4,https://www.vlr.gg/644730/giantx-vs-fnatic-vct-2026-emea-stage-1-w4
284045,1,2026-10-06T15:40:02+00:00,88ceb9d67623e71c8262a7f08524e72d10480036c7dfa9827c10700fb354565f,https://www.vlr.gg/644731/karmine-corp-vs-fut-esports-vct-2026-emea-stage-1-w4
247483,1,2026-10-06T15:40:03+00:00,103003b70f22b16bbca1266d1ced802955702bffa078de243f71bb1c8f63c045,https://www.vlr.gg/644732/gentle-mates-vs-team-heretics-vct-2026-emea-stage-1-w4
318852,1,2026-10-06T15:40:04+00:00,494f895f1562149c78e7f8793fb9e6f7c41b361a20145e45c1bc99abe6486f8e,https://www.vlr.gg/644733/bbl-esports-vs-team-vitality-vct-2026-emea-stage-1-w4
328640,1,2026-10-06T15:40:05+00:00,b277167e727dfbc5700b8f23a360cf396db5873098a093e64c3f8aea79813c8a,https://www.vlr.gg/644734/team-heretics-vs-fut-esports-vct-2026-emea-stage-1-w5
278024,1,2026-10-06T15:40:06+00:00,d6c39a7ecf5ae13160d405f776f8a4ed9595d5926be6e8393f6f077ece4df44f,https://www.vlr.gg/644735/team-vitality-vs-pcific-esports-vct-2026-emea-stage-1-w5
264108,1,2026-10-06T15:40:06+00:00,a2e0bd7384d71c33feeb55cf82ae97a3611b236dab486d08e63a3533766a217a,https://www.vlr.gg/644736/natus-vincere-vs-karmine-corp-vct-2026-emea-stage-1-w5
291376,1,2026-10-06T15:40:07+00:00,8b5a3722f7d612e0707e4b8a22698c477f86671410352fe8ed91c6aeb78174ad,https://www.vlr.gg/644737/bbl-esports-vs-fnatic-vct-2026-emea-stage-1-w5
255364,1,2026-10-06T15:40:08+00:00,c894debc7988b9952f79d534a569ac9f3c53867ee07f73b6628fd71e5039091b,https://www.vlr.gg/644738/giantx-vs-eternal-fire-vct-2026-emea-stage-1-w5
250865,1,2026-10-06T15:40:09+00:00,eb56b9b783d4538be6d11bfc83bac31383c8236a7e5fe2d9492920a0a609b016,https://www.vlr.gg/644739/gentle-mates-vs-team-liquid-vct-2026-emea-stage-1-w5
186332,1,2026-10-06T15:37:32+00:00,5dca7ae53b2c814994b4c8dd2b88ba21b8201c780733a80884b3b0c7cc3344e5,https://www.vlr.gg/645242/shopify-rebellion-black-vs-rose-challengers-2026-north-america-ace-stage-2-r1
232377,1,2026-10-06T15:37:33+00:00,7b8e1d8a281b328fb51b6583d26588b0e4db79f7f53c400280a54efb8456add5,https://www.vlr.gg/645243/m80-vs-pigeons-challengers-2026-north-america-ace-stage-2-r1
224805,1,2026-10-06T15:37:34+00:00,e2336ada5060e8d29750acea0b10f9d4aae058af1059a88d293f4e4dc30fe01a,https://www.vlr.gg/645244/sad-esports-vs-division-one-challengers-2026-north-america-ace-stage-2-r1
190509,1,2026-10-06T15:37:35+00:00,91d1184512f66aa39092e6a938827a9d5b26fe58ef59b989a1dd3045ea86de7a,https://www.vlr.gg/645245/sleepers-vs-nightblood-gaming-challengers-2026-north-america-ace-stage-2-r1
232116,1,2026-10-06T15:37:36+00:00,0b8a5462352dad72cbfd57bf7b3585568b6c1d0224906b4d2ba6fa2cfbe0dbf9,https://www.vlr.gg/645246/nrg-academy-vs-alliance-guardians-challengers-2026-north-america-ace-stage-2-r1
180080,1,2026-10-06T15:37:36+00:00,147e8e069547665f0fc442ce43d91f6c4f803c5d9d132d5c1816a3e87ea0048b,https://www.vlr.gg/645247/evil-geniuses-academy-vs-azure-dragon-gaming-challengers-2026-north-america-ace-stage-2-r1
229245,1,2026-10-06T15:37:38+00:00,5085d2110b00175f072044b17b42209e0b51a46f6a2e7edc726ac96dbd0f4d10,https://www.vlr.gg/645248/qor-vs-shopify-rebellion-gold-challengers-2026-north-america-ace-stage-2-r1
221155,1,2026-10-06T15:37:37+00:00,cac4c530299aea352880849c6ba45a5e70dad80e91e2554b343bfa69f9b174d7,https://www.vlr.gg/645249/evictix-vs-yfp-challengers-2026-north-america-ace-stage-2-r1
338789,1,2026-10-06T15:39:09+00:00,f80aa91841bae95fb0c8118891fab1d58fc57ee172b5a40f0f19a24c89ee7447,https://www.vlr.gg/645474/sentinels-vs-kr-esports-vct-2026-americas-stage-1-w1
302903,1,2026-10-06T15:39:10+00:00,a522c362abbaab9b4febb552d933f3a95632e3addcd2db168a5c3dc4e09cf37b,https://www.vlr.gg/645475/g2-esports-vs-mibr-vct-2026-americas-stage-1-w1
285468,1,2026-10-06T15:39:11+00:00,ed859edad23a4e2ea6a569d4a3b5c3324de95e98d8c006d9ea75fe1e6066fc72,https://www.vlr.gg/645476/100-thieves-vs-evil-geniuses-vct-2026-americas-stage-1-w1
399184,1,2026-10-06T15:39:11+00:00,4b8add0b8b36d7ec1d6be45d47e30474653de0c031c7561831fb88488f36e005,https://www.vlr.gg/645477/envy-vs-loud-vct-2026-americas-stage-1-w1
275015,1,2026-10-06T15:39:12+00:00,23e173f4f8587b4c0a699af50c9a3164c49dc5728bfe574c5ec60866cc312412,https://www.vlr.gg/645478/cloud9-vs-leviat-n-vct-2026-americas-stage-1-w1
286670,1,2026-10-06T15:39:13+00:00,e834b514452b92712e1d8cbf5ebd76105857c8053929d89efeb58326dd35718f,https://www.vlr.gg/645479/furia-vs-nrg-vct-2026-americas-stage-1-w1
362921,1,2026-10-06T15:39:13+00:00,a898bce4b739185acf6beda0f43c075ed2f3a19e80cb2f2fe69d1fe85d16b267,https://www.vlr.gg/645480/cloud9-vs-envy-vct-2026-americas-stage-1-w2
291066,1,2026-10-06T15:39:14+00:00,9185f2f97ccba23b2380199ac9d348f41200c194d3c3d8fd8d3bb8ba15da66d4,https://www.vlr.gg/645481/furia-vs-evil-geniuses-vct-2026-americas-stage-1-w2
320715,1,2026-10-06T15:39:15+00:00,ef13de30fb55155097e4e8df19e5b7826c9c10ac9ab59a295a2c2a6d17a56b4c,https://www.vlr.gg/645482/g2-esports-vs-leviat-n-vct-2026-americas-stage-1-w2
269935,1,2026-10-06T15:39:16+00:00,134212a98fa869ee8747c93810de1420f24b3f2e29b5e4cf06c878e89092252a,https://www.vlr.gg/645483/mibr-vs-loud-vct-2026-americas-stage-1-w2
333827,1,2026-10-06T15:39:17+00:00,35ec2442fa0a23b8a6756d79d6a8de05e901b5a73a922f63dc93f0d76b1d110a,https://www.vlr.gg/645484/nrg-vs-kr-esports-vct-2026-americas-stage-1-w2
362701,1,2026-10-06T15:39:17+00:00,7fdf724a0cef4f5a4f62f3ece1b4eda096ae674b826406624fd1017d3c756326,https://www.vlr.gg/645485/100-thieves-vs-sentinels-vct-2026-americas-stage-1-w2
280781,1,2026-10-06T15:39:18+00:00,ebb205a153d09614e6eb23b5c314fc7b949b83b7e9d95f2ea2286571582d24b5,https://www.vlr.gg/645486/leviat-n-vs-envy-vct-2026-americas-stage-1-w3
242336,1,2026-10-06T15:39:19+00:00,5aa73d5a6ef45194e2d503d03cb2af40746694d72321bd38c3eeeaa2c8d23c70,https://www.vlr.gg/645487/g2-esports-vs-loud-vct-2026-americas-stage-1-w3
295680,1,2026-10-06T15:39:20+00:00,c8cd2465e1149941aa0b84f279ceea18c9f51bd0fe21ab2122a8a8d849369ea9,https://www.vlr.gg/645488/furia-vs-kr-esports-vct-2026-americas-stage-1-w3
318708,1,2026-10-06T15:39:20+00:00,1d75920c1c8d5ecd1f92fbad112553506e4fdf8a987ea1f3847bb2f3c49e6273,https://www.vlr.gg/645489/nrg-vs-100-thieves-vct-2026-americas-stage-1-w3
277401,1,2026-10-06T15:39:21+00:00,3903a3c0defd236d928acbd60809160cdd77b09e5a686f213c3bd9a079d0ee78,https://www.vlr.gg/645490/evil-geniuses-vs-sentinels-vct-2026-americas-stage-1-w3
359165,1,2026-10-06T15:39:22+00:00,90c834b4f510c52b11187ae7da3819116bda01c595bcf69288cc888b15b052e1,https://www.vlr.gg/645491/mibr-vs-cloud9-vct-2026-americas-stage-1-w3
218710,1,2026-10-06T15:39:23+00:00,176d7bc09f84455bb7e5bb7b0d3e61e6af52f3a68bccba77bac166498ff29c09,https://www.vlr.gg/645492/evil-geniuses-vs-nrg-vct-2026-americas-stage-1-w4
296124,1,2026-10-06T15:39:23+00:00,ce93f2ff78e8f526e4d4731390fbe05878a51633e0d97a0985fe5f1c3d98e949,https://www.vlr.gg/645493/leviat-n-vs-mibr-vct-2026-americas-stage-1-w4
308563,1,2026-10-06T15:39:24+00:00,3d2fc68eff8ce6c6e4033add9ab5e3aa1abdd437e8026f2c6f54d6760f0f2ad5,https://www.vlr.gg/645494/kr-esports-vs-100-thieves-vct-2026-americas-stage-1-w4
289881,1,2026-10-06T15:39:25+00:00,40ca62d3b7e17142ef6259f0197ecfc9198147d5dafb7491949d61b65c7615e2,https://www.vlr.gg/645495/furia-vs-sentinels-vct-2026-americas-stage-1-w4
327537,1,2026-10-06T15:39:26+00:00,308918e4898d61c6805e44f04ead359766a154b1812d38c08376e32e6e99165e,https://www.vlr.gg/645496/loud-vs-cloud9-vct-2026-americas-stage-1-w4
243708,1,2026-10-06T15:39:26+00:00,0ab259e741893d9216a0acc4d41f3f6da2690765653f55f07fee8a6992a020b2,https://www.vlr.gg/645497/g2-esports-vs-envy-vct-2026-americas-stage-1-w4
303897,1,2026-10-06T15:39:27+00:00,b6f8beea50fee75f382c35c947d6a1d95e6a15f9ca60d89c9900e9fe0a57d065,https://www.vlr.gg/645498/kr-esports-vs-evil-geniuses-vct-2026-americas-stage-1-w5
303164,1,2026-10-06T15:39:28+00:00,17697e899ea81155ddcbd5042261575efad0586252e84a0bd28a4ff28b1411a9,https://www.vlr.gg/645499/furia-vs-100-thieves-vct-2026-americas-stage-1-w5
249797,1,2026-10-06T15:39:29+00:00,e80a409839023285be0167f30cea862610ed621aa71a2e6145edd22af2ce58e4,https://www.vlr.gg/645500/g2-esports-vs-cloud9-vct-2026-americas-stage-1-w5
427322,1,2026-10-06T15:39:30+00:00,e7a3cbd53360c36e224d610361df70c300e62bd65f2c1221055153a8db0d8c30,https://www.vlr.gg/645501/envy-vs-mibr-vct-2026-americas-stage-1-w5
294264,1,2026-10-06T15:39:30+00:00,db05a8762beda333798358f9c6346566d8d9c8e8a1390136c47185b554231eed,https://www.vlr.gg/645502/loud-vs-leviat-n-vct-2026-americas-stage-1-w5
359349,1,2026-10-06T15:39:31+00:00,f4c37e2062b4dd0d48f11e69faf1ae22a0eef8e610a23d69f9db1b9032165fcd,https://www.vlr.gg/645503/sentinels-vs-nrg-vct-2026-americas-stage-1-w5
181394,1,2026-10-06T15:37:39+00:00,bec035ae4d0bf4b8dfca621547c1515959d5d0316763f374fefa208cdcb784a2,https://www.vlr.gg/646734/sad-esports-vs-sleepers-challengers-2026-north-america-ace-stage-2-r2-0-1
173371,1,2026-10-06T15:37:40+00:00,b6b6015e96253df1154212f88ce0ee125c990b4203aab437b3f203dd07306905,https://www.vlr.gg/646735/yfp-vs-division-one-challengers-2026-north-america-ace-stage-2-r2-1-0
228157,1,2026-10-06T15:37:41+00:00,759e7ec9a5b191f5f92933c43c353d8ccb2b325d107d11cb3471ecbfcf1aa7de,https://www.vlr.gg/646736/evictix-vs-evil-geniuses-academy-challengers-2026-north-america-ace-stage-2-r2-0-1
172930,1,2026-10-06T15:37:40+00:00,db860b9907594183e5174207891d2a14534eb82b7cb00aff548c9cfae76ffb15,https://www.vlr.gg/646737/rose-vs-alliance-guardians-challengers-2026-north-america-ace-stage-2-r2-0-1
194905,1,2026-10-06T15:37:42+00:00,d4feefd9e87ddd8477e0cd77f2bbed01b006ace72e69dcb48d7cde4e44f45b0d,https://www.vlr.gg/646738/m80-vs-shopify-rebellion-black-challengers-2026-north-america-ace-stage-2-r2-1-0
201971,1,2026-10-06T15:37:42+00:00,1a2b429d63ecae250d37cf77e34daf2fd9b16dde4910d0215b5b7e342e07bd3e,https://www.vlr.gg/646739/pigeons-vs-shopify-rebellion-gold-challengers-2026-north-america-ace-stage-2-r2-0-1
221564,1,2026-10-06T15:37:44+00:00,eaaec3a902bc4ef56855b56b7f751c71c6c08a3f514827fc358f23d438acfc46,https://www.vlr.gg/646740/nightblood-gaming-vs-azure-dragon-gaming-challengers-2026-north-america-ace-stage-2-r2-1-0
221685,1,2026-10-06T15:37:43+00:00,1aea643614cce1ae695937cec4811c52fc43963db7134e287324daa20867447c,https://www.vlr.gg/646741/qor-vs-nrg-academy-challengers-2026-north-america-ace-stage-2-r2-1-0
198690,1,2026-10-06T15:37:44+00:00,1f5c4f6923faf50c74e55481d8d31dd3d656f463f79072382c6d471ecd99bf8c,https://www.vlr.gg/647255/shopify-rebellion-gold-vs-sad-esports-challengers-2026-north-america-ace-stage-2-r3-0-2
177291,1,2026-10-06T15:37:45+00:00,ee4a3475f8204ebc71e9d8b277806aa9a6e54175c5a24533623a22ef4cd315dd,https://www.vlr.gg/647256/rose-vs-evictix-challengers-2026-north-america-ace-stage-2-r3-0-2
234151,1,2026-10-06T15:37:47+00:00,8b186ef365de7b67227dd253017078b445d22dcd0fe3198b89a6a1c984930d2f,https://www.vlr.gg/647257/qor-vs-pigeons-challengers-2026-north-america-ace-stage-2-r3-1-1
182886,1,2026-10-06T15:37:46+00:00,a13bdb4ca26802902a6949db06e5faf8cc6c48912660f85748f34c5d166972fd,https://www.vlr.gg/647258/flyquest-vs-division-one-challengers-2026-north-america-ace-stage-2-r3-1-1
235577,1,2026-10-06T15:37:48+00:00,e456dfaaf4f6f47f72b9e5ed33a4382527792a76a2ff9ff4cbf7cebbd8f1a500,https://www.vlr.gg/647259/evil-geniuses-academy-vs-m80-challengers-2026-north-america-ace-stage-2-r3-1-1
202138,1,2026-10-06T15:37:48+00:00,7bd2007ed7f991ff70011cdaa58c57139435d061113f33ff6709e29cf404368b,https://www.vlr.gg/647260/azure-dragon-gaming-vs-shopify-rebellion-black-challengers-2026-north-america-ace-stage-2-r3-2
240362,1,2026-10-06T15:37:50+00:00,a9e9f52f3df04d8609a72ceaafa706a49dd16aaf13a3fdf59ba01af0ab7c3e84,https://www.vlr.gg/647261/yfp-vs-nrg-academy-challengers-2026-north-america-ace-stage-2-r3-2-0
225126,1,2026-10-06T15:37:49+00:00,e9ee72d5204d08eef285a5234d05670b08a5ddd0bfca665135fce7750ae5961a,https://www.vlr.gg/647262/nightblood-gaming-vs-alliance-guardians-challengers-2026-north-america-ace-stage-2-r3-1-1
276629,1,2026-10-06T15:37:51+00:00,856e2be6d168f9ef20adfc17b3e5c20e17c16c95b1f53796bd0e801b64a5843c,https://www.vlr.gg/648747/shopify-rebellion-gold-vs-rose-challengers-2026-north-america-ace-stage-2-r4-0-3
178900,1,2026-10-06T15:37:51+00:00,ccecf31eda7f92f0021a4939bed06b81d87f14a4c29c3020e62904a432dcf230,https://www.vlr.gg/648748/evil-geniuses-academy-vs-division-one-challengers-2026-north-america-ace-stage-2-r4-1-2
184351,1,2026-10-06T15:37:53+00:00,9a4a412ef813c03469057653f597a559a0e202cd8267db0720291586963ea02b,https://www.vlr.gg/648749/shopify-rebellion-black-vs-qor-challengers-2026-north-america-ace-stage-2-r4-2-1
226871,1,2026-10-06T15:37:52+00:00,fc61d475a9cbd7a98cfcd2db22935717dd9ee27ce0527ece7ae09d6325016280,https://www.vlr.gg/648750/nightblood-gaming-vs-pigeons-challengers-2026-north-america-ace-stage-2-r4-1-2
236728,1,2026-10-06T15:37:54+00:00,2a45794f56b142aa9523875101208bd21cb77446ae67ddcfda58fad9ff5b4027,https://www.vlr.gg/648751/m80-vs-nrg-academy-challengers-2026-north-america-ace-stage-2-r4-2-1
181307,1,2026-10-06T15:37:54+00:00,833aff3e23632fb7af2087e1965a7585ab55a60ca2f24a0bdfa9dbd5ecbfac58,https://www.vlr.gg/648752/sad-esports-vs-evictix-challengers-2026-north-america-ace-stage-2-r4-1-2
182790,1,2026-10-06T15:37:56+00:00,19c1395f941fbbe67db4f75ad6cea904dfe8946b5f4dd9957ff382fbf14a4f83,https://www.vlr.gg/648753/azure-dragon-gaming-vs-yfp-challengers-2026-north-america-ace-stage-2-r4-3-0
171491,1,2026-10-06T15:37:55+00:00,a3dd5f9f7a27822151fffe86f0dd2a7f851442ba22c128fdd048e34b6f8868a9,https://www.vlr.gg/648754/flyquest-vs-alliance-guardians-challengers-2026-north-america-ace-stage-2-r4-2-1
178394,1,2026-10-06T15:37:56+00:00,7afdb479cb03d237b57cf5bbba758724081afa053d2c274798c7f35c3b0cc86c,https://www.vlr.gg/651755/division-one-vs-rose-challengers-2026-north-america-ace-stage-2-r5-1-3
182487,1,2026-10-06T15:37:57+00:00,69e5a8e2a3b8c76d6e7c9d36152322b9d41984a11a0cd0c7a1fefb9cf8712fb2,https://www.vlr.gg/651756/evil-geniuses-academy-vs-nrg-academy-challengers-2026-north-america-ace-stage-2-r5-2-2
225296,1,2026-10-06T15:37:58+00:00,b2cb3c126851faedbf9d91e91b12cb5944a8a38a355c6ff7f9d5f47a8410aff0,https://www.vlr.gg/651757/evictix-vs-pigeons-challengers-2026-north-america-ace-stage-2-r5-1-3
179327,1,2026-10-06T15:37:58+00:00,08fb884e4030c8994e51422d93a76ff3747e187bd7eeab836d6ac49430fbc032,https://www.vlr.gg/651758/alliance-guardians-vs-qor-challengers-2026-north-america-ace-stage-2-r5-2-2
229351,1,2026-10-06T15:37:59+00:00,5560b25083aab5e61107fa8661c049d9f681786ba54a345ba50b385f266beff4,https://www.vlr.gg/651759/nightblood-gaming-vs-sad-esports-challengers-2026-north-america-ace-stage-2-r5-2-2
175964,1,2026-10-06T15:38:00+00:00,05ea04845e9e8ab7e9f69740048970bec5ceb77c5d8fb9213965cb151a5ef24d,https://www.vlr.gg/651760/m80-vs-azure-dragon-gaming-challengers-2026-north-america-ace-stage-2-r5-3-1
193746,1,2026-10-06T15:38:00+00:00,aaea8bc6f322d96266aa1dafd25fc386129adce7305e5bc3982fa7a8f5f661e9,https://www.vlr.gg/651761/shopify-rebellion-black-vs-flyquest-challengers-2026-north-america-ace-stage-2-r5-3-1
138715,1,2026-10-06T15:41:26+00:00,1099999d8eb812275a50e3d9560787fde0e664ee458c6feb6c56e5b43c7d4768,https://www.vlr.gg/653018/ace-vs-octagonal-disposition-gaming-china-national-tournament-2026-split-alpha-pro-division-w1
129981,1,2026-10-06T15:41:27+00:00,7f85bef0db17eba52c118138188907366fc91fa356341b0da817e103e30609a5,https://www.vlr.gg/653019/ever-growing-gaming-vs-keepbest-gaming-china-national-tournament-2026-split-alpha-pro-division-w
138397,1,2026-10-06T15:41:27+00:00,e5deb0a3313044b608c55db636d5ceba38e3a3514aeff10c984eeed85bceb767,https://www.vlr.gg/653020/ambitious-legend-gaming-vs-havoc-yonder-china-national-tournament-2026-split-alpha-pro-divisio
112408,1,2026-10-06T15:41:28+00:00,6c6050b783fab2b246b5e2c698bf722cb1b45e6f1efac0d49f8f263fa09a50a6,https://www.vlr.gg/653021/weibo-gaming-vs-valenix-china-national-tournament-2026-split-alpha-pro-division-w1
115873,1,2026-10-06T15:41:29+00:00,21bbcf8b5dfc155ad4b9559d84700aad4cd823c6d7807a229729928182c6a53c,https://www.vlr.gg/653022/any-questions-gaming-vs-a-team-china-national-tournament-2026-split-alpha-pro-division-w1
138595,1,2026-10-06T15:41:29+00:00,293e8b198f62361f8d935f2511974b24ead783a06fb78d4eb3d6d3f6b6443b0c,https://www.vlr.gg/653023/rare-atom-vs-unsettled-resentment-china-national-tournament-2026-split-alpha-pro-division-w1
139327,1,2026-10-06T15:41:30+00:00,b747346a9a42901366efc17609c2fc37c0bdf4803ed91e241ef449bd15a0e011,https://www.vlr.gg/653024/victory-no-limits-gaming-vs-ace-china-national-tournament-2026-split-alpha-pro-division-w1
122437,1,2026-10-06T15:41:31+00:00,ec175c0d7ee750fe0f9aca897c05808bee64b440d328c08c041296fe93069680,https://www.vlr.gg/653025/world-sports-invictus-gaming-vs-ever-growing-gaming-china-national-tournament-2026-split-alpha-p
202625,1,2026-10-06T15:41:31+00:00,8be06f85fda35aef1941413d849e6e4528acfa60ae6a47fe75b3701421b94545,https://www.vlr.gg/653026/ambitious-legend-gaming-vs-octagonal-disposition-gaming-china-national-tournament-2026-split-alph
179322,1,2026-10-06T15:41:32+00:00,2ccf551682702b0bfe759fd2625a1c475802af392b1f239c0171670539d95c21,https://www.vlr.gg/653027/weibo-gaming-vs-keepbest-gaming-china-national-tournament-2026-split-alpha-pro-division-w1
113429,1,2026-10-06T15:41:33+00:00,a49b53c161f1840a481a61ad9d27f527dc43986948110d12137f9771c9fd98f4,https://www.vlr.gg/653028/any-questions-gaming-vs-havoc-yonder-china-national-tournament-2026-split-alpha-pro-division-w
114550,1,2026-10-06T15:41:33+00:00,0ad65bd63e2799c1e9b8858dcab0360f2a7dbec1bdff1cd3e18e26f768923a63,https://www.vlr.gg/653029/rare-atom-vs-valenix-china-national-tournament-2026-split-alpha-pro-division-w1
116036,1,2026-10-06T15:41:34+00:00,7539070839398cfb12d17b0d62c6e5a624c1c029f326ac68e78c85d2639b3c12,https://www.vlr.gg/653303/victory-no-limits-gaming-vs-a-team-china-national-tournament-2026-split-alpha-pro-division-w2
111082,1,2026-10-06T15:41:34+00:00,34af84340af2f7444a2728a7c040ac9f9f36d5555ee3f01ecb57fa4a3373090a,https://www.vlr.gg/653304/world-sports-invictus-gaming-vs-unsettled-resentment-china-national-tournament-2026-split-alpha
67414,1,2026-10-06T15:41:35+00:00,bcfd3bf4c95941edd58642fe3b67aeea90147bd4f8d690d91520ca27e88ed217,https://www.vlr.gg/653305/havoc-yonder-vs-ace-china-national-tournament-2026-split-alpha-pro-division-w2
78920,1,2026-10-06T15:41:36+00:00,bcc111f3db5c49a84c009988d840a5807ce21ac503e93ec156d47ce0488283d7,https://www.vlr.gg/653306/valenix-vs-ever-growing-gaming-china-national-tournament-2026-split-alpha-pro-division-w2
161573,1,2026-10-06T15:41:36+00:00,c953d2e4a6b2071ce010045aedfe20618d436fcd03fb8158b971b645a7e4dee8,https://www.vlr.gg/653307/any-questions-gaming-vs-ambitious-legend-gaming-china-national-tournament-2026-split-alpha-pro-d
166842,1,2026-10-06T15:41:38+00:00,c555225b911af3013c9a526f9e616aa228f4aeeb042c78db938382655ca2fdd6,https://www.vlr.gg/653308/rare-atom-vs-weibo-gaming-china-national-tournament-2026-split-alpha-pro-division-w2
71512,1,2026-10-06T15:41:38+00:00,b94ec1ea8f90aae14003f31cacc4d70f416075e5003a65486449f267a80a61e7,https://www.vlr.gg/653309/a-team-vs-havoc-yonder-china-national-tournament-2026-split-alpha-pro-division-w2
141308,1,2026-10-06T15:41:39+00:00,5c51d5ed4fe3e6f88219a747173aa302416d5cc213354f6989213e1721a65552,https://www.vlr.gg/653311/world-sports-invictus-gaming-vs-keepbest-gaming-china-national-tournament-2026-split-alpha-pro-d
160211,1,2026-10-06T15:41:39+00:00,f653b9c6454bce5c742ebf98f7d83aa463554ecfeea69d52add7df35ee8c16db,https://www.vlr.gg/653312/victory-no-limits-gaming-vs-octagonal-disposition-gaming-china-national-tournament-2026-split-alp
125597,1,2026-10-06T15:41:40+00:00,87ebfa6a7d01498711cd577087f63ef0df294e1acc576bd0830d438912bf313a,https://www.vlr.gg/653313/rare-atom-vs-ever-growing-gaming-china-national-tournament-2026-split-alpha-pro-division-w2
114524,1,2026-10-06T15:41:41+00:00,53f475035fdd1d9685685a092ce14f4e6dc7f039f2556240482c1e4bd6e28f47,https://www.vlr.gg/653314/any-questions-gaming-vs-ace-china-national-tournament-2026-split-alpha-pro-division-w2
68417,1,2026-10-06T15:41:41+00:00,5ff129b6c34abe7e371e9bce518b5869104029ff39118f55e3e381b441acfaa8,https://www.vlr.gg/653315/unsettled-resentment-vs-valenix-china-national-tournament-2026-split-alpha-pro-division-w2
160259,1,2026-10-06T15:41:42+00:00,3abb9f0ff3fec43cee8d611dc1fc1276036f017d6f52363682c5c4971c1cbea2,https://www.vlr.gg/656274/victory-no-limits-gaming-vs-ambitious-legend-gaming-china-national-tournament-2026-split-alpha-p
71086,1,2026-10-06T15:41:42+00:00,677eada319b08a17e331aea931430aebd73cb63455f18ae03a2be2b8fdfb3937,https://www.vlr.gg/656276/unsettled-resentment-vs-ever-growing-gaming-china-national-tournament-2026-split-alpha-pro-divis
83332,1,2026-10-06T15:41:43+00:00,e69f118ae6087c2bf6706c02fb5e27684fd78269efcba5e3763f232b9021fe3d,https://www.vlr.gg/656278/a-team-vs-ace-china-national-tournament-2026-split-alpha-pro-division-w3
164266,1,2026-10-06T15:41:44+00:00,0296cf666fd7ac686d39d9022efbed585926af20f9276bfb25c3bb785a5b8ef0,https://www.vlr.gg/656280/world-sports-invictus-gaming-vs-weibo-gaming-china-national-tournament-2026-split-alpha-pro-divi
206387,1,2026-10-06T15:41:44+00:00,785a8313948eba98f05baf58475672a6be9774382365eee871db7c2d5155f63f,https://www.vlr.gg/656282/any-questions-gaming-vs-octagonal-disposition-gaming-china-national-tournament-2026-split-alpha
177942,1,2026-10-06T15:41:45+00:00,52ccfd4298781d0398e0f10e4e1db223948fb3fc4e844de671a3fc8307f43801,https://www.vlr.gg/656284/rare-atom-vs-keepbest-gaming-china-national-tournament-2026-split-alpha-pro-division-w3
142080,1,2026-10-06T15:41:46+00:00,e9e5cab54fdee69b9f2511e11d9372e0ced3e3c0ea9e59a6dfb578482b4cee22,https://www.vlr.gg/656286/ambitious-legend-gaming-vs-ace-china-national-tournament-2026-split-alpha-pro-division-w3
115545,1,2026-10-06T15:41:47+00:00,0474d398bcf39cc77ff7cb45abd20d8fd7ca4a2a9e9b7deae98edf079107c16b,https://www.vlr.gg/656288/world-sports-invictus-gaming-vs-valenix-china-national-tournament-2026-split-alpha-pro-division
116394,1,2026-10-06T15:41:47+00:00,db1d67d2ccc038395a980d8243edb70149a76e6f0eb285292f4db7c62a6fd941,https://www.vlr.gg/656290/victory-no-limits-gaming-vs-havoc-yonder-china-national-tournament-2026-split-alpha-pro-divisi
205108,1,2026-10-06T15:41:48+00:00,98f5a0c2f8afac5aab71a2e7dcafd5c02de7f4518892ff67148906e94c6c52f6,https://www.vlr.gg/656292/unsettled-resentment-vs-keepbest-gaming-china-national-tournament-2026-split-alpha-pro-division
210152,1,2026-10-06T15:41:48+00:00,11f6a40a344f0123b5118baa5feb8268105f19e31c10a17eb75b32f26088c840,https://www.vlr.gg/656294/a-team-vs-octagonal-disposition-gaming-china-national-tournament-2026-split-alpha-pro-division-w
172839,1,2026-10-06T15:41:49+00:00,af50f9d2dd1f9140c9db91ebc096ca99891957cf8518a2709450e3e4197a806b,https://www.vlr.gg/656296/weibo-gaming-vs-ever-growing-gaming-china-national-tournament-2026-split-alpha-pro-division-w3
142624,1,2026-10-06T15:41:50+00:00,4e7352ce28cf192ab31dccb9f50f4ed34bfc31e0fa1bee1e3d8147b81829627b,https://www.vlr.gg/656317/havoc-yonder-vs-octagonal-disposition-gaming-china-national-tournament-2026-split-alpha-pro-di
166021,1,2026-10-06T15:41:50+00:00,6ea3a04ab457931652cf595ff62937c5926ff8f0e087b00b825d0328fade49b2,https://www.vlr.gg/656318/world-sports-invictus-gaming-vs-rare-atom-china-national-tournament-2026-split-alpha-pro-divisio
200862,1,2026-10-06T15:41:51+00:00,dfb50a29a37faeb5c6e291f214f09b2ecfbf0c28e6a4a4f04bcf20c120142969,https://www.vlr.gg/656319/victory-no-limits-gaming-vs-any-questions-gaming-china-national-tournament-2026-split-alpha-pro
98409,1,2026-10-06T15:41:51+00:00,bc34244a9d453dfe7274fd74261beea64762307f8d2dc5f7c5a1c993236ea0c2,https://www.vlr.gg/656320/valenix-vs-keepbest-gaming-china-national-tournament-2026-split-alpha-pro-division-w4
116964,1,2026-10-06T15:41:52+00:00,1753a841c6fb1821732623d254e1b5c606595313867fb6400a31de0dd4cb38e3,https://www.vlr.gg/656321/a-team-vs-ambitious-legend-gaming-china-national-tournament-2026-split-alpha-pro-division-w4
144337,1,2026-10-06T15:41:53+00:00,d8e1f309e317d3af6be4552d3dd8765d2bc74ce1ffadb0698372ae2278ebe8b6,https://www.vlr.gg/656322/unsettled-resentment-vs-weibo-gaming-china-national-tournament-2026-split-alpha-pro-division-w4
232130,1,2026-10-06T15:38:01+00:00,61f2eef781ca0dd5affd21d7be1d2f78836d6f33fe39f288bfa39fb496bc3a2d,https://www.vlr.gg/656692/nightblood-gaming-vs-division-one-challengers-2026-north-america-ace-stage-2-r6-3-2-vs-2-3
178324,1,2026-10-06T15:38:02+00:00,67dbd1cbe9a67f2a609bffa534030074db6851d2e9f061355f11e52f4d198a9a,https://www.vlr.gg/656693/nrg-academy-vs-sad-esports-challengers-2026-north-america-ace-stage-2-r6-2-3
223876,1,2026-10-06T15:38:03+00:00,4c60db154aed0c3fd8d16d3d2bceeb87c51eb7ff1e19ed6193d64523f8d4549c,https://www.vlr.gg/656694/alliance-guardians-vs-pigeons-challengers-2026-north-america-ace-stage-2-r6-2-3
235566,1,2026-10-06T15:38:03+00:00,34b88dc37120df05ae3f0434a87469a24102b89e381b3dbf7b4e084bebf94e78,https://www.vlr.gg/656695/qor-vs-azure-dragon-gaming-challengers-2026-north-america-ace-stage-2-r6-3-2
189001,1,2026-10-06T15:38:04+00:00,c57ab2826367b39c993a4315db161ca59b1ac931905e85f01654487c37629314,https://www.vlr.gg/656696/evil-geniuses-academy-vs-shopify-rebellion-black-challengers-2026-north-america-ace-stage-2-r6
192355,1,2026-10-06T15:40:51+00:00,1f5debaedba4fcabb53a81455357ef8250b43ceca447620b582281a7807da1f5,https://www.vlr.gg/659474/xi-lai-gaming-vs-titan-esports-club-vct-2026-china-stage-1-ubqf
256080,1,2026-10-06T15:40:52+00:00,9133a4d68518737df389a2968bbc1d06c9f93e9238d453bb0cefc4ba5b8b8870,https://www.vlr.gg/659475/jdg-esports-vs-tyloo-vct-2026-china-stage-1-ubqf
191283,1,2026-10-06T15:40:53+00:00,89337cf79fd3d3f9571652d8991a2a7c45e6bc4e7c06c1e0d49b890069d5eafc,https://www.vlr.gg/659476/all-gamers-vs-trace-esports-vct-2026-china-stage-1-ubqf
254293,1,2026-10-06T15:40:53+00:00,91d3b9d98aef5a9bea45ee8364a04255e1caf65fe2758f3b3214c50c34235cff,https://www.vlr.gg/659477/edward-gaming-vs-dragon-ranger-gaming-vct-2026-china-stage-1-ubqf
268942,1,2026-10-06T15:40:55+00:00,59cb9673928f477988c0ab68a79d08322fc7e27554fbffeaf320b6feb79ea2c4,https://www.vlr.gg/659478/xi-lai-gaming-vs-jdg-esports-vct-2026-china-stage-1-ubsf
217093,1,2026-10-06T15:40:56+00:00,be1407e128beabf1ec01dff659db88b2a5de95a7e7f4ba53d7616e8381b6a972,https://www.vlr.gg/659479/all-gamers-vs-edward-gaming-vct-2026-china-stage-1-ubsf
228936,1,2026-10-06T15:40:58+00:00,bec26866287181df4d8afc5994192d13af89c5db8b95d3595640d3778fc8d24b,https://www.vlr.gg/659480/xi-lai-gaming-vs-edward-gaming-vct-2026-china-stage-1-ubf
391293,1,2026-10-06T15:41:01+00:00,cbbc2baebb20c5f09dbb90e1d650fa2fe63cb14dcb973232ba2795851cbb9f1b,https://www.vlr.gg/659481/edward-gaming-vs-xi-lai-gaming-vct-2026-china-stage-1-gf
244397,1,2026-10-06T15:40:54+00:00,24a2dfddf84a95791654fd56ef40d2b80b25c1e26b0e41b24635ec01a5dc25ba,https://www.vlr.gg/659482/titan-esports-club-vs-tyloo-vct-2026-china-stage-1-lr1
203438,1,2026-10-06T15:40:55+00:00,4575b7ed14e7b69528a1ec2577c4c29f3a36c5eaf99fab97651b10fc9c24ddef,https://www.vlr.gg/659483/trace-esports-vs-dragon-ranger-gaming-vct-2026-china-stage-1-lr1
303510,1,2026-10-06T15:40:57+00:00,664d93ff6aae785ce733ccbb07c27434042bcf4b81b8d6205f011475f91bb012,https://www.vlr.gg/659484/all-gamers-vs-tyloo-vct-2026-china-stage-1-lr2
221368,1,2026-10-06T15:40:57+00:00,f8cdba817a94e96d301e75d6a1396727e1986aa2cd52ac2623351d1eebe2d6b3,https://www.vlr.gg/659485/jdg-esports-vs-dragon-ranger-gaming-vct-2026-china-stage-1-lr2
294973,1,2026-10-06T15:40:59+00:00,e5437d78bcf5086ace0b6b5995f5573ff1c60e8a26b9652aa0a71afc70ffa2c0,https://www.vlr.gg/659486/all-gamers-vs-dragon-ranger-gaming-vct-2026-china-stage-1-lr3
325474,1,2026-10-06T15:41:00+00:00,4eef2ed8e563df84399d35954d5e36391bb908d5f3186b1ce2534e8e9d1c0a74,https://www.vlr.gg/659487/xi-lai-gaming-vs-dragon-ranger-gaming-vct-2026-china-stage-1-lbf
339137,1,2026-10-06T15:39:32+00:00,6a439797cad2e57fcf99826318d49f94791cac1eb56613642ab0c9216299a9c5,https://www.vlr.gg/660369/furia-vs-leviat-n-vct-2026-americas-stage-1-ur1
284998,1,2026-10-06T15:39:33+00:00,d2985867255b2f585f42fcb5f5ee62738832142b252aab74990d2fa92037f7e2,https://www.vlr.gg/660370/g2-esports-vs-100-thieves-vct-2026-americas-stage-1-ur1
335868,1,2026-10-06T15:39:34+00:00,882e8a941762135d2bfcb4127a5777870ff64e44ed633f456065b96977675a66,https://www.vlr.gg/660371/mibr-vs-leviat-n-vct-2026-americas-stage-1-ubsf
279690,1,2026-10-06T15:39:34+00:00,ea9efff75293d2cf62e71c5e1d413bee61d0fd8056bf52207c6ba2806ac1ff4b,https://www.vlr.gg/660372/kr-esports-vs-g2-esports-vct-2026-americas-stage-1-ubsf
325607,1,2026-10-06T15:39:38+00:00,8ef36ead43ea28c20436f94ccd3651954ad1bfbb524828a3fcdbdf16d00806ca,https://www.vlr.gg/660373/leviat-n-vs-g2-esports-vct-2026-americas-stage-1-ubf
516897,1,2026-10-06T15:39:41+00:00,0a1ff1a3f4844b0b18d39098b0c14e9989bd49da6c5426148dc3e6e072d2544a,https://www.vlr.gg/660374/leviat-n-vs-g2-esports-vct-2026-americas-stage-1-gf
253225,1,2026-10-06T15:39:35+00:00,318ded71aafbb95c5552276a685f694806f450ddf2116c21d6f73acd99c6ba08,https://www.vlr.gg/660375/furia-vs-nrg-vct-2026-americas-stage-1-lr1
248246,1,2026-10-06T15:39:36+00:00,12bde92bab8868e8f90cf7b7471ba04a35689d02e36ec0accdad1e7f34e9f274,https://www.vlr.gg/660376/100-thieves-vs-loud-vct-2026-americas-stage-1-lr1
244968,1,2026-10-06T15:39:37+00:00,02203d720867510e8c9104326bd434315bf2c3f078bc946c8c2a90aaad0f35e2,https://www.vlr.gg/660377/kr-esports-vs-nrg-vct-2026-americas-stage-1-lr2
317979,1,2026-10-06T15:39:37+00:00,c7a13e049ff594ddf27aa3efe5136c6ebd67c95d965f420c3e90e425e38c59df,https://www.vlr.gg/660378/mibr-vs-100-thieves-vct-2026-americas-stage-1-lr2
378144,1,2026-10-06T15:39:39+00:00,2ac863b6fc05b211321dc78f619e78585bedfb9684823bfb82b887235e6b2176,https://www.vlr.gg/660379/nrg-vs-100-thieves-vct-2026-americas-stage-1-lr3
448667,1,2026-10-06T15:39:40+00:00,9b259a99ff9d6ae424c4b4f6bc38d764e6e0c8ceb344aea8bf8f367dba4f781e,https://www.vlr.gg/660380/g2-esports-vs-nrg-vct-2026-americas-stage-1-lbf
311982,1,2026-10-06T15:40:09+00:00,5d5424a60e1dac127905100756a9ac0e4847e14b0d5635105c08877cd32974df,https://www.vlr.gg/660381/eternal-fire-vs-team-heretics-vct-2026-emea-stage-1-ur1
327519,1,2026-10-06T15:40:10+00:00,d04dbee80450f0131abac32977b8044196d6ed6d90f4de7afae21613b2e7133a,https://www.vlr.gg/660382/team-liquid-vs-team-vitality-vct-2026-emea-stage-1-ur1
296750,1,2026-10-06T15:40:11+00:00,b02ba7cbcc2933c9e5a7e277d065c748788b7764ea45c061cc6e665e8114da18,https://www.vlr.gg/660383/fut-esports-vs-eternal-fire-vct-2026-emea-stage-1-ubsf
342578,1,2026-10-06T15:40:12+00:00,d3b688badf65f0385b1e09a809a7b0e4838e11ca11ec381ba1a85d0182d1cf6f,https://www.vlr.gg/660384/fnatic-vs-team-vitality-vct-2026-emea-stage-1-ubsf
326432,1,2026-10-06T15:40:16+00:00,92337605172065edfafecdb55d535e794c7ee9945fe611c586620159114e4cff,https://www.vlr.gg/660385/fut-esports-vs-team-vitality-vct-2026-emea-stage-1-ubf
508729,1,2026-10-06T15:40:20+00:00,06b5c04d310b130560f017da17a1d481670bdefd30c53bf7cf8deed4e0946d6c,https://www.vlr.gg/660386/team-vitality-vs-team-heretics-vct-2026-emea-stage-1-gf
246627,1,2026-10-06T15:40:13+00:00,bb80458cf82511087e0c02dcdd22a3a7263142a179b52f0a4ead919388251fe9,https://www.vlr.gg/660387/team-heretics-vs-bbl-esports-vct-2026-emea-stage-1-lr1
319690,1,2026-10-06T15:40:13+00:00,e3a5311cfc1944924b8b26ab19dd008e9246f7e037bf01944270a19980b0ac62,https://www.vlr.gg/660388/team-liquid-vs-gentle-mates-vct-2026-emea-stage-1-lr1
419440,1,2026-10-06T15:40:14+00:00,52d626f275505d0c3d1a3a6147a65a29450e8348d04f7eae115d25c4f2a4e7c4,https://www.vlr.gg/660389/fnatic-vs-team-heretics-vct-2026-emea-stage-1-lr2
229995,1,2026-10-06T15:40:15+00:00,78b3b1f4a757de8773c86ae7fca008a21668149ccbb15b51716e1b2fd4baed54,https://www.vlr.gg/660390/eternal-fire-vs-gentle-mates-vct-2026-emea-stage-1-lr2
374264,1,2026-10-06T15:40:18+00:00,6b968208a11d385908b2f4bd1ec269061705aa38eee9e0125b5376d38591b72b,https://www.vlr.gg/660391/team-heretics-vs-eternal-fire-vct-2026-emea-stage-1-lr3
397752,1,2026-10-06T15:40:19+00:00,01d7f14e764b8ca4d77c42c82b9bb7d68d6a2f609bcc6ee548baf06781df68be,https://www.vlr.gg/660392/fut-esports-vs-team-heretics-vct-2026-emea-stage-1-lbf
174086,1,2026-10-06T15:38:05+00:00,495c4dfdf3fe67d3d9b041d6043c2c344c9d42c46c88ab26a1d36a3b52e538c4,https://www.vlr.gg/661041/azure-dragon-gaming-vs-pigeons-challengers-2026-north-america-ace-stage-2-r7-3-3
183065,1,2026-10-06T15:38:05+00:00,10618797bcc18edc13b18507b93be9a83d114cfaafa7133fab552789d00bbb3c,https://www.vlr.gg/661042/shopify-rebellion-black-vs-nightblood-gaming-challengers-2026-north-america-ace-stage-2-r7-3-3
188148,1,2026-10-06T15:38:06+00:00,96ce0f29b6844e18ba73daf9198fe764db45ddf7d651df932a613d7b56576b88,https://www.vlr.gg/661043/nrg-academy-vs-division-one-challengers-2026-north-america-ace-stage-2-r7-3-3
190262,1,2026-10-06T15:38:07+00:00,838a095a16236e1bbd45e8a0656512488ce35345897eb33e22d8858e393ff949,https://www.vlr.gg/661105/yfp-vs-division-one-challengers-2026-north-america-ace-stage-2-ubqf
186013,1,2026-10-06T15:38:06+00:00,f002124a699e7e8d7c92e84466474fc32c7f17a2b4027f252b7544cb92227fef,https://www.vlr.gg/661106/m80-vs-azure-dragon-gaming-challengers-2026-north-america-ace-stage-2-ubqf
194564,1,2026-10-06T15:38:08+00:00,a06ecbf692711255b829bfb89a8f57c416fd7e2f32cb12dd1c220b9c7056a81f,https://www.vlr.gg/661107/evil-geniuses-academy-vs-qor-challengers-2026-north-america-ace-stage-2-ubqf
200714,1,2026-10-06T15:38:08+00:00,7173776daa219fe710247234d63dd7d53c8ad86d5d698941c595b704f25772ec,https://www.vlr.gg/661108/flyquest-vs-shopify-rebellion-black-challengers-2026-north-america-ace-stage-2-ubqf
198317,1,2026-10-06T15:38:11+00:00,566a3656977bec9f9b9054f9400499cd2809c2046a9a9e154dfc1ac65390d0bc,https://www.vlr.gg/661109/yfp-vs-m80-challengers-2026-north-america-ace-stage-2-ubsf
235747,1,2026-10-06T15:38:11+00:00,712b470c0370233ee0223e6c168bbde892c698ab93a39442a5e8b1014f6ec2e4,https://www.vlr.gg/661110/evil-geniuses-academy-vs-shopify-rebellion-black-challengers-2026-north-america-ace-stage-2-ubsf
203178,1,2026-10-06T15:38:13+00:00,e2f393eed219f548cb84bbd24b0229092d1a63f5685cc23e1fe14889fee3646d,https://www.vlr.gg/661111/m80-vs-shopify-rebellion-black-challengers-2026-north-america-ace-stage-2-ubf
369085,1,2026-10-06T15:38:15+00:00,77b4bd1dcc89438297851c610b873a1a323778d2aa9d6017d984d7f50faf9b2b,https://www.vlr.gg/661112/m80-vs-shopify-rebellion-black-challengers-2026-north-america-ace-stage-2-gf
184331,1,2026-10-06T15:38:09+00:00,eb44410d53f1fdd917d553323dd1a2f9cbcd1712e40ba5b52766505579787c8a,https://www.vlr.gg/661113/division-one-vs-azure-dragon-gaming-challengers-2026-north-america-ace-stage-2-lr1
232189,1,2026-10-06T15:38:10+00:00,9027f375b72d9c6bb38102b08dec3dcc100e2fd4c8b4e703ecdebfb963d59ac1,https://www.vlr.gg/661114/qor-vs-flyquest-challengers-2026-north-america-ace-stage-2-lr1
233575,1,2026-10-06T15:38:12+00:00,5c3255533678e5f5fb6104cc2a0b516260e693eb2b54a0bfca3f3e45ca2d93de,https://www.vlr.gg/661115/evil-geniuses-academy-vs-division-one-challengers-2026-north-america-ace-stage-2-lr2
191923,1,2026-10-06T15:38:13+00:00,fa857d91484f880c305dc7a7f977fb5071b7783abf499786e50135fc0028a14b,https://www.vlr.gg/661116/yfp-vs-flyquest-challengers-2026-north-america-ace-stage-2-lr2
259692,1,2026-10-06T15:38:14+00:00,1c512d7c2769de23299738899492d9276d102ea9cfd39b60e028f5e2fe4e2835,https://www.vlr.gg/661117/division-one-vs-flyquest-challengers-2026-north-america-ace-stage-2-lr3
276036,1,2026-10-06T15:38:15+00:00,db98a7f831af685032d2a1ef0d91d3570590fd3527975f0df75c274dd07fc8c8,https://www.vlr.gg/661118/shopify-rebellion-black-vs-division-one-challengers-2026-north-america-ace-stage-2-lbf
365985,1,2026-10-06T15:35:56+00:00,447f321ae9b9a1ffaf995389154bd1d55d5bea305290e2e83fcf598c915da759,https://www.vlr.gg/666488/rex-regum-qeon-vs-global-esports-vct-2026-pacific-stage-1-ur1
288506,1,2026-10-06T15:35:57+00:00,706fc468cdd268aa796dff760317cb8667ab4297d666706e7fdca9783a8ef882,https://www.vlr.gg/666489/kiwoom-drx-vs-full-sense-vct-2026-pacific-stage-1-ur1
479451,1,2026-10-06T15:35:58+00:00,71aa0900031c5cb7c6a0281816047a5b14f983591f0096c707b7d12ea010c849,https://www.vlr.gg/666490/paper-rex-vs-global-esports-vct-2026-pacific-stage-1-ubsf
276225,1,2026-10-06T15:36:00+00:00,cfb849096cf518d168f8eebecd32c4e2adcfeabd161fe26dbe83fcba637d12d3,https://www.vlr.gg/666491/t1-vs-full-sense-vct-2026-pacific-stage-1-ubsf
410166,1,2026-10-06T15:36:06+00:00,7ea77257e7cdda394fb40038653f600efc13328f1419c0a876d3319ffb986e15,https://www.vlr.gg/666492/global-esports-vs-full-sense-vct-2026-pacific-stage-1-ubf
453967,1,2026-10-06T15:36:11+00:00,47456703d0c890b53529c580b43a345ebfc889af9858ad508839c4b75d2cd1f2,https://www.vlr.gg/666493/full-sense-vs-paper-rex-vct-2026-pacific-stage-1-gf
296028,1,2026-10-06T15:36:01+00:00,8d7d948f8668c9984c3a50eb1782e348067d274559f36fa82ef3aaa4a249fb8e,https://www.vlr.gg/666494/rex-regum-qeon-vs-detonation-focusme-vct-2026-pacific-stage-1-lr1
295215,1,2026-10-06T15:36:02+00:00,7f50427a0adc7cb7256ec3293018c51d3956d38243c13307d4d83e52c791b2ff,https://www.vlr.gg/666495/kiwoom-drx-vs-nongshim-redforce-vct-2026-pacific-stage-1-lr1
322632,1,2026-10-06T15:36:03+00:00,b70aa9733fb1dc66cca668bc21910132b5fa9a4dfb59ae159ec3dd4a67af7cc0,https://www.vlr.gg/666496/t1-vs-rex-regum-qeon-vct-2026-pacific-stage-1-lr2
333110,1,2026-10-06T15:36:04+00:00,1c23af53064e55a0218f5c69790d14f167da0f1ae566d69230cfc58c93bcca4c,https://www.vlr.gg/666497/paper-rex-vs-kiwoom-drx-vct-2026-pacific-stage-1-lr2
441834,1,2026-10-06T15:36:08+00:00,2a28f4451e153f8d3fd187f57058cac66e952e919b58ecc08e180891711f134d,https://www.vlr.gg/666498/t1-vs-paper-rex-vct-2026-pacific-stage-1-lr3
426842,1,2026-10-06T15:36:10+00:00,525dd779e7e6fa78b235f9ee39e7210ba3f6b5c965c6c17fe84785ee7acc2885,https://www.vlr.gg/666499/global-esports-vs-paper-rex-vct-2026-pacific-stage-1-lbf
222264,1,2026-10-06T15:42:04+00:00,0caea6ba66c06904374498716161c6106d48f1fac39b3be3f0d48668b4cddb9c,https://www.vlr.gg/668470/team-solid-vs-tbk-esports-challengers-2026-brazil-gamers-club-stage-2-w1
168189,1,2026-10-06T15:42:05+00:00,8a94bc91eaf87d206f4e9aa06e3a195664152ad6d24a20e790ebfa3f6ad3d3e7,https://www.vlr.gg/668471/peek-vs-abacatudos-challengers-2026-brazil-gamers-club-stage-2-w1
221159,1,2026-10-06T15:42:06+00:00,2e65c7654c34e786251f48416c0bfd60a1e6236fe51f4b8b7ee17be5da84a1ee,https://www.vlr.gg/668472/furia-academy-vs-f4tality-challengers-2026-brazil-gamers-club-stage-2-w1
228237,1,2026-10-06T15:42:06+00:00,8a1cd1a3a044296745ead26d2cd383ac96b97a3a25e0d32cc6a24cd9fb2f6c37,https://www.vlr.gg/668473/2game-esports-vs-elevate-challengers-2026-brazil-gamers-club-stage-2-w1
192569,1,2026-10-06T15:42:07+00:00,23e20528f8a13a295f5462448ac2280d1f2d7845c83e57ca0d3a90b20b9b6ef8,https://www.vlr.gg/668474/red-canids-vs-team-liquid-brazil-challengers-2026-brazil-gamers-club-stage-2-w1
167339,1,2026-10-06T15:42:09+00:00,6fc1ad17653252cf0648cbb0143b7067d8e58df0e7315a19824d1878912e753a,https://www.vlr.gg/668475/la-masia-vs-team-ego-challengers-2026-brazil-gamers-club-stage-2-w1
175447,1,2026-10-06T15:42:09+00:00,7fe7e9416c313b33c623e6d7d7919bc099e2ee1ed175c928937071a9ba6cd5c0,https://www.vlr.gg/668478/team-solid-vs-mibr-academy-challengers-2026-brazil-gamers-club-stage-2-w2
178914,1,2026-10-06T15:42:10+00:00,f0ed784967cb70c2d3942be343bc17ea7450454581a957f6e3d3328201b902a7,https://www.vlr.gg/668479/tbk-esports-vs-peek-challengers-2026-brazil-gamers-club-stage-2-w2
215609,1,2026-10-06T15:42:11+00:00,c1cf1e3ee9bb8b3063ee895df584003c4a83ac0ef49918e981268a46cff9d112,https://www.vlr.gg/668480/f4tality-vs-abacatudos-challengers-2026-brazil-gamers-club-stage-2-w2
224912,1,2026-10-06T15:42:12+00:00,5a74efd0d6b437dd32b20fbf00dd1985e300d6d7f4d15a9443c81ca6e6d0e9ef,https://www.vlr.gg/668481/2game-esports-vs-intz-challengers-2026-brazil-gamers-club-stage-2-w2
220113,1,2026-10-06T15:42:13+00:00,901c6d5182e628ffb582cf1362039c7833a4ce23988b0e2df8f6c38622ad561d,https://www.vlr.gg/668482/elevate-vs-red-canids-challengers-2026-brazil-gamers-club-stage-2-w2
186527,1,2026-10-06T15:42:13+00:00,4c115ec404a98928dc8706c75c0d58dcd85818d005739d64e259c7c72a80a2f7,https://www.vlr.gg/668483/team-ego-vs-team-liquid-brazil-challengers-2026-brazil-gamers-club-stage-2-w2
172434,1,2026-10-06T15:42:15+00:00,b8a0d1681291f2052eeca8d0b4c2cb64cf8a1a2bd127071dd25cd683be329997,https://www.vlr.gg/668487/tbk-esports-vs-f4tality-challengers-2026-brazil-gamers-club-stage-2-w3
218019,1,2026-10-06T15:42:15+00:00,d0bdfde14de4dbf7d16cdc2826e04a7f36d678acb82067e941ce70ed80d79054,https://www.vlr.gg/668488/mibr-academy-vs-furia-academy-challengers-2026-brazil-gamers-club-stage-2-w3
169402,1,2026-10-06T15:42:16+00:00,8df04fbe968db1269607484993202267b65c86aa369e31924258ccb6e0506000,https://www.vlr.gg/668489/team-solid-vs-peek-challengers-2026-brazil-gamers-club-stage-2-w3
174989,1,2026-10-06T15:42:17+00:00,419bd62972dd44f93ceff3edda9559603b0d89a08c3ab6287a43fe392eb57aa7,https://www.vlr.gg/668490/elevate-vs-team-ego-challengers-2026-brazil-gamers-club-stage-2-w3
168099,1,2026-10-06T15:42:18+00:00,2ccfa57ed3b1f5e9cec12c0913bc2937931ea948e77a851b1df090b6073055a8,https://www.vlr.gg/668491/intz-vs-tbd-challengers-2026-brazil-gamers-club-stage-2-w3
183027,1,2026-10-06T15:56:14+00:00,354bb20dc7c98144f957628d24ce47b7689db159fc21e2d207c216bc371f30ca,https://www.vlr.gg/668492/2game-esports-vs-red-canids-challengers-2026-brazil-gamers-club-stage-2-w3
531513,1,2026-10-06T15:35:15+00:00,2ffc118bf5b6c92c7e80c831fd41918648aa6a45a8fb3ce7fd97e27341c2e486,https://www.vlr.gg/670464/g2-esports-vs-xi-lai-gaming-valorant-masters-london-2026-ubqf
514353,1,2026-10-06T15:35:14+00:00,002a9d114d260ffc08c4795ec70ad8e41691afada7bfe239bdc39b919f55a11d,https://www.vlr.gg/670465/edward-gaming-vs-fut-esports-valorant-masters-london-2026-ubqf
456520,1,2026-10-06T15:35:12+00:00,7c6656af035c17590903cb96f66180ef38f0762edfd04c0d20b7ea209abc83bf,https://www.vlr.gg/670466/paper-rex-vs-leviat-n-valorant-masters-london-2026-ubqf
340647,1,2026-10-06T15:35:13+00:00,5ec754bf95e04bc94b52a80bb41e0d653b0e29717d36bd4b05d92baea3edbb13,https://www.vlr.gg/670467/team-heretics-vs-team-vitality-valorant-masters-london-2026-ubqf
401719,1,2026-10-06T15:35:18+00:00,d892d3c328020af966a1780284b288b189b603c20575a920c5a4715a1c179de6,https://www.vlr.gg/670468/xi-lai-gaming-vs-edward-gaming-valorant-masters-london-2026-ubsf
499968,1,2026-10-06T15:35:20+00:00,f3c42cc75771476276fc6b9c0c891d7dc8e458b95c5aebc8af5c5baa3e17e4b3,https://www.vlr.gg/670469/paper-rex-vs-team-vitality-valorant-masters-london-2026-ubsf
615593,1,2026-10-06T15:35:23+00:00,d4f1a68b31524223edfdecfaecc8b50b2927e44ed6a2920cc77de78f6dce1838,https://www.vlr.gg/670470/edward-gaming-vs-paper-rex-valorant-masters-london-2026-ubf
1249279,1,2026-10-06T15:35:28+00:00,2ce954aea52e5f6b7a0ce4018f73bc6cea7d6ea5fb296600618a9fb38c44ecd5,https://www.vlr.gg/670471/paper-rex-vs-leviat-n-valorant-masters-london-2026-gf
351181,1,2026-10-06T15:35:17+00:00,bd9e7261e85e905109f8d17c6ed5d37c68fa18823b1e74ee32d42ce39a08c3d0,https://www.vlr.gg/670472/g2-esports-vs-fut-esports-valorant-masters-london-2026-lr1
377650,1,2026-10-06T15:35:16+00:00,4df450e87e22f90b8fdcc10511eda08534665e8896222397b35f96dcd1513027,https://www.vlr.gg/670473/leviat-n-vs-team-heretics-valorant-masters-london-2026-lr1
344287,1,2026-10-06T15:35:22+00:00,c05b85a02c5d8854ac295f21851ab0730a3c0f338313605399bebde2358c0c16,https://www.vlr.gg/670474/team-vitality-vs-fut-esports-valorant-masters-london-2026-lr2
316647,1,2026-10-06T15:35:21+00:00,51b85714ed960652056903121a2cf0bc327099360e887e99867ea82a9c2c826e,https://www.vlr.gg/670475/xi-lai-gaming-vs-leviat-n-valorant-masters-london-2026-lr2
473162,1,2026-10-06T15:35:25+00:00,2858ecacd8141e5f515c9cd1d0c1fcbdc230aff84048de3b5a99be0765696d6c,https://www.vlr.gg/670476/team-vitality-vs-leviat-n-valorant-masters-london-2026-lr3
444401,1,2026-10-06T15:35:26+00:00,ab1a3d371572f400699b048e782326a7f7cf459cab714491b744e8f2f327cbfa,https://www.vlr.gg/670477/edward-gaming-vs-leviat-n-valorant-masters-london-2026-lbf
171407,1,2026-10-06T15:38:17+00:00,8c1c5a58b0a083e89f11978daefb83b474cd5ae6d74f26fde040d33051dee852,https://www.vlr.gg/674149/shopify-rebellion-gold-vs-evictix-challengers-2026-north-america-ace-stage-2-promo-relegation-ro
170209,1,2026-10-06T15:38:18+00:00,a57b6aa620924da29840e6f35a2e714fc6017baa254c6d5af681af33dae3e1b1,https://www.vlr.gg/674150/rose-vs-shopify-rebellion-gold-challengers-2026-north-america-ace-stage-2-promo-relegation-round
173227,1,2026-10-06T15:38:18+00:00,cc6519cfd247b07fa7bcc03632cecbcb21421498470c2e0f75654ad90f903317,https://www.vlr.gg/674151/evictix-vs-rose-challengers-2026-north-america-ace-stage-2-promo-relegation-round-robin
302465,1,2026-10-06T15:38:19+00:00,8099a887ed608264d0b33b2828838323fab682c59be75e0f6dd45a95e079ee57,https://www.vlr.gg/674153/jackpot-vs-rose-challengers-2026-north-america-ace-stage-2-promo-relegation-promotion
214911,1,2026-10-06T15:38:20+00:00,0507d2725e0927ad4cb7ea6b77c2837a4aeb9da64064fb8b9e46f2deeae32b38,https://www.vlr.gg/674154/tempers-vs-evictix-challengers-2026-north-america-ace-stage-2-promo-relegation-promotion
227397,1,2026-10-06T15:57:08+00:00,a7e9519611795dbf46765b3f3d984994c3378b5b431feabd9e2c6d30ad8fa4b4,https://www.vlr.gg/675268/riddle-order-vs-igzist-challengers-2026-japan-season-finals-prelims
234910,1,2026-10-06T15:57:10+00:00,b139fcbf624417525d29c4cb202f8d68332ddc84516c490a85688fdab32edcd1,https://www.vlr.gg/675269/fennel-vs-crest-gaming-zst-challengers-2026-japan-season-finals-prelims
205080,1,2026-10-06T15:57:12+00:00,27c8b012a24b74013908dfd031b59f02b615174c80227454cbb9c7ea0d7c1b7e,https://www.vlr.gg/675270/reject-vs-igzist-challengers-2026-japan-season-finals-sf
191530,1,2026-10-06T15:57:13+00:00,0ee0ad2f0c08313ac93829f6fed7d80fd6a5f0c21eca4470be7cc2614d0d328b,https://www.vlr.gg/675271/qt-dig-vs-fennel-challengers-2026-japan-season-finals-sf
400323,1,2026-10-06T15:57:14+00:00,d2582ee05ead22d4a78e4ac4b25b0eab93d9609a778e4366842a60a152869125,https://www.vlr.gg/675272/reject-vs-qt-dig-challengers-2026-japan-season-finals-gf
236409,1,2026-10-06T15:41:05+00:00,800aaf41b8ef0883243768801e9f736d4b022f70eaad16c8699aae706d940b5b,https://www.vlr.gg/680274/be-ikta-esports-vs-natus-vincere-junior-challengers-2026-emea-stage-2-a
235249,1,2026-10-06T15:41:10+00:00,34a39a50738df2c8a7964bd201632025a2ae36cf844d2be1854845b8028c5e80,https://www.vlr.gg/680275/natus-vincere-junior-vs-cgn-esports-challengers-2026-emea-stage-2-a
264648,1,2026-10-06T15:41:15+00:00,2746afc5d89a0cc3821733e96fd6654c1fd1ec711db760702aaf5545111f9152,https://www.vlr.gg/680276/be-ikta-esports-vs-cgn-esports-challengers-2026-emea-stage-2-a
232334,1,2026-10-06T15:41:06+00:00,6b8f266d9319c5459f10171e5aa254ce6e2a159783261882c4ceb72b3a49a0f5,https://www.vlr.gg/680277/reborn-vs-enterprise-esports-challengers-2026-emea-stage-2-b
234399,1,2026-10-06T15:41:08+00:00,45a31547b3cf5abc3dfc3d409f0c4261dffa38e74917b59d88a3a04efd5da94c,https://www.vlr.gg/680278/fokus-vs-reborn-challengers-2026-emea-stage-2-b
202103,1,2026-10-06T15:41:12+00:00,fb920daa365c827aa4d796b330d7a7c6149988bf9600531ef47214a23199de32,https://www.vlr.gg/680279/fokus-vs-enterprise-esports-challengers-2026-emea-stage-2-b
186815,1,2026-10-06T15:41:05+00:00,a888b8423136a9c1821533a22eff36b7c1b158d0ee0c292322ac9d35e7fd5215,https://www.vlr.gg/680280/ucam-esports-club-vs-alqadsiah-esports-challengers-2026-emea-stage-2-c
229757,1,2026-10-06T15:41:09+00:00,cc54757b69776bf1efe018602f6513ecd36fb3102349c7c042d9ee6e0a332666,https://www.vlr.gg/680281/mir-vs-wip-esports-challengers-2026-emea-stage-2-c
196238,1,2026-10-06T15:41:15+00:00,8175d1cebd3ab1583aa4efb8c82df1835f255b03ac64b0b29eb67b438e4e6302,https://www.vlr.gg/680282/ucam-esports-club-vs-mir-challengers-2026-emea-stage-2-c
228366,1,2026-10-06T15:41:16+00:00,3005e554d58761679938d92b015d48f964bf06c7f01e4ca88e7d7c7d86f7fa97,https://www.vlr.gg/680283/mir-vs-alqadsiah-esports-challengers-2026-emea-stage-2-c
186508,1,2026-10-06T15:41:17+00:00,c0f3e459354f0b1fccd4ecaafe96f9c489d50ccfe7a8ff6ff8bc328c36d999df,https://www.vlr.gg/680284/ucam-esports-club-vs-wip-esports-challengers-2026-emea-stage-2-c
189678,1,2026-10-06T15:41:20+00:00,04832279f4663911c56e537d59c58869615c4cc14c8e0f8750dbf4029d054a50,https://www.vlr.gg/680285/alqadsiah-esports-vs-wip-esports-challengers-2026-emea-stage-2-c
184753,1,2026-10-06T15:41:08+00:00,1b48569d1fe6419230c8a9d4744ba8aed063447e27eb755f840d1a9806e8a1c8,https://www.vlr.gg/680287/joblife-vs-ghools-esports-challengers-2026-emea-stage-2-d
205080,1,2026-10-06T15:41:11+00:00,efdcc9f93e637e737b627c2bb2d1cebcbaf0590fd64783d32641a95ea3f7311a,https://www.vlr.gg/680288/team-liquid-academy-vs-bar-a-esports-challengers-2026-emea-stage-2-d
262302,1,2026-10-06T15:41:14+00:00,e022288f70b3922460e29373602ed5b0c5a4220f6f3194ad422535e6cfe53ebd,https://www.vlr.gg/680289/ghools-esports-vs-bar-a-esports-challengers-2026-emea-stage-2-d
186583,1,2026-10-06T15:41:18+00:00,93b7a323e1322bd1d81b3089de8d5fdd3ec04956e60966621267070b0c8ce28d,https://www.vlr.gg/680290/team-liquid-academy-vs-ghools-esports-challengers-2026-emea-stage-2-d
185339,1,2026-10-06T15:41:18+00:00,c45b9b31e76d616fc7be8547655a73f1fbae78f9120ed8390a529443adb4ed35,https://www.vlr.gg/680291/joblife-vs-bar-a-esports-challengers-2026-emea-stage-2-d
199548,1,2026-10-06T15:41:19+00:00,a5cab3926cfc12ae884fdb0f8f64b37bfbbcbb5de42af95326b983408213023c,https://www.vlr.gg/680292/joblife-vs-team-liquid-academy-challengers-2026-emea-stage-2-d
180530,1,2026-10-06T15:41:53+00:00,c624d06144d52a78952756f37b86ef77a49381e3e2e452476c7a917ac6e0008c,https://www.vlr.gg/681032/octagonal-disposition-gaming-vs-keepbest-gaming-china-national-tournament-2026-split-alpha-pro-d
210255,1,2026-10-06T15:41:54+00:00,8d12f1bf4a7eb2edff31bd345ef80825095dc5d897bd8b143726f54f4061ff27,https://www.vlr.gg/681033/victory-no-limits-gaming-vs-rare-atom-china-national-tournament-2026-split-alpha-pro-division-ub
116315,1,2026-10-06T15:41:54+00:00,ef25c503ef5a16a0087a4e3cb332ed68808b8dcd804683a991962d7987215fc6,https://www.vlr.gg/681034/any-questions-gaming-vs-unsettled-resentment-china-national-tournament-2026-split-alpha-pro-divi
115843,1,2026-10-06T15:41:55+00:00,cc52117e254b3c9ace5df23f757fc49aada0e6d3fbd21aeea0ed941e69252e23,https://www.vlr.gg/681035/ace-vs-weibo-gaming-china-national-tournament-2026-split-alpha-pro-division-ubqf
142711,1,2026-10-06T15:41:56+00:00,cd3c891c26e14dc3508efa05bb60ffc76f0014dea17ed4eec0d869fd12e60506,https://www.vlr.gg/681036/keepbest-gaming-vs-victory-no-limits-gaming-china-national-tournament-2026-split-alpha-pro-divis
117214,1,2026-10-06T15:41:57+00:00,cabfce6c908a42cc7197eb0ac6b1b1e551c53c44bfda6ee6f6c1ad5ddaacacc8,https://www.vlr.gg/681037/unsettled-resentment-vs-weibo-gaming-china-national-tournament-2026-split-alpha-pro-division-ubs
179277,1,2026-10-06T15:42:00+00:00,00ea5ddefd0bcb14239a7e5a2af3822ef4af94b9e4abf9d569c0a9b871a7da19,https://www.vlr.gg/681038/keepbest-gaming-vs-weibo-gaming-china-national-tournament-2026-split-alpha-pro-division-ubf
166721,1,2026-10-06T15:42:02+00:00,b13af627a9fb52fc92189ecedb0a42bda3df6bbae61685295c5e2e4b087d9aa6,https://www.vlr.gg/681039/keepbest-gaming-vs-unsettled-resentment-china-national-tournament-2026-split-alpha-pro-division
202776,1,2026-10-06T15:41:57+00:00,cbac41f1c5da2d9b99b9f3658b701672c7a9c02c5ce104f48e573309d670a659,https://www.vlr.gg/681040/octagonal-disposition-gaming-vs-rare-atom-china-national-tournament-2026-split-alpha-pro-divisio
47272,1,2026-10-06T15:41:58+00:00,6ba93ba79db91ee719eb58c87ff7c592d1a3e4bbbb1052770f4da0aa88cdee78,https://www.vlr.gg/681041/any-questions-gaming-vs-ace-china-national-tournament-2026-split-alpha-pro-division-lr1
117193,1,2026-10-06T15:41:58+00:00,fc3eb7ba21b053f989a1eec119a912ed91678c2172ac6a21f3d5500c2ef01085,https://www.vlr.gg/681042/unsettled-resentment-vs-rare-atom-china-national-tournament-2026-split-alpha-pro-division-lr2
161217,1,2026-10-06T15:41:59+00:00,e959ad78ae1b6e29f683729a6bae46b98d976db37a819dc40434657710d19151,https://www.vlr.gg/681043/victory-no-limits-gaming-vs-any-questions-gaming-china-national-tournament-2026-split-alpha-pro
117319,1,2026-10-06T15:42:00+00:00,16d36d1893aebf30054bb6679346ae1812f6fcb4eba61e6dae6d1019d2d0a531,https://www.vlr.gg/681044/unsettled-resentment-vs-any-questions-gaming-china-national-tournament-2026-split-alpha-pro-divi
152805,1,2026-10-06T15:42:01+00:00,d16690c331bf2dbe8941a14661d38a8cabc21246b7480077a166a4e66b49b7f9,https://www.vlr.gg/681045/weibo-gaming-vs-unsettled-resentment-china-national-tournament-2026-split-alpha-pro-division-lbf
191272,1,2026-10-06T15:38:23+00:00,a29a12b39c5a2eda48a03284af1abec81e0cc2a9184c16f525d0200cb246d1e3,https://www.vlr.gg/681516/evil-geniuses-academy-vs-nrg-academy-challengers-2026-north-america-ace-stage-3-r1
176759,1,2026-10-06T15:38:24+00:00,b6d9b5eb554ffc8c8d6ca15e10b4bd0c109251a093d23a607936a893808118d4,https://www.vlr.gg/681517/qor-vs-pigeons-challengers-2026-north-america-ace-stage-3-r1
180639,1,2026-10-06T15:38:25+00:00,bbf5b35cc8fed942c0650980a30ae784c71ffd33a1676a5a9696f407890de903,https://www.vlr.gg/681518/m80-vs-rose-challengers-2026-north-america-ace-stage-3-r1
179626,1,2026-10-06T15:38:25+00:00,d7cd80fe26c8d7d14ec6599c4e7cceca78cbecb0ecba7b10427cdf097926202b,https://www.vlr.gg/681519/shopify-rebellion-black-vs-evictix-challengers-2026-north-america-ace-stage-3-r1
241400,1,2026-10-06T15:38:26+00:00,da89e1bfb89a20ac8722a160281f6ae7466f40be9e61460d6c74976d214d7362,https://www.vlr.gg/681520/division-one-vs-dynamo-challengers-2026-north-america-ace-stage-3-r1
245265,1,2026-10-06T15:38:27+00:00,f2443706e185bd6eccf728ba8b4044dee32c5d71107bc8e255955077cd59366e,https://www.vlr.gg/681521/nightblood-gaming-vs-azure-dragon-gaming-challengers-2026-north-america-ace-stage-3-r1
239513,1,2026-10-06T15:38:28+00:00,f10d74d1007996f920db4d8891b5471ebb78cb9136c67825ab0caa65e1ffb131,https://www.vlr.gg/681522/flyquest-vs-alliance-guardians-challengers-2026-north-america-ace-stage-3-r1
187112,1,2026-10-06T15:38:29+00:00,0e668f52e2d915111f5140b9f3e135eae9d1238a9b0cdc666ca55f837afb8f31,https://www.vlr.gg/681523/sad-esports-vs-yfp-challengers-2026-north-america-ace-stage-3-r1
178642,1,2026-10-06T15:56:15+00:00,ebed2d342a9bd0181f7401f2c802f72d6859567236798aecb065128d2e22f481,https://www.vlr.gg/681908/team-solid-vs-furia-academy-challengers-2026-brazil-gamers-club-stage-2-w4
184139,1,2026-10-06T15:56:16+00:00,7f4750731725b68b70125ace6dc60d97e123f6c41385e154f4a99f650b262117,https://www.vlr.gg/681909/peek-vs-f4tality-challengers-2026-brazil-gamers-club-stage-2-w4
168344,1,2026-10-06T15:56:17+00:00,4e7e5a7e062758c81bbae1f7d6f50ca6305870f4f07677132404c6c5c4fa22bf,https://www.vlr.gg/681910/mibr-academy-vs-abacatudos-challengers-2026-brazil-gamers-club-stage-2-w4
175680,1,2026-10-06T15:56:18+00:00,092c6206f017b219bc288de5c4823681e3ab944a87475075b92711d0e5fa3ea9,https://www.vlr.gg/681911/2game-esports-vs-la-masia-challengers-2026-brazil-gamers-club-stage-2-w4
170010,1,2026-10-06T15:56:19+00:00,7b1973e112ad6c0f201a3e2e3263992308982685373c39b3df9347ed02375ded,https://www.vlr.gg/681912/red-canids-vs-team-ego-challengers-2026-brazil-gamers-club-stage-2-w4
176010,1,2026-10-06T15:56:19+00:00,025e0cbdf8aac01e99c28e4d743e29d37a34f5a244f35531b00e53a707a2dea2,https://www.vlr.gg/681913/intz-vs-team-liquid-brazil-challengers-2026-brazil-gamers-club-stage-2-w4
173803,1,2026-10-06T15:56:21+00:00,347279cf45ed1f2da4cb8fb75d7bdf4b2e8e7c0036b07b8bb93d48a9ec44036e,https://www.vlr.gg/681915/team-solid-vs-f4tality-challengers-2026-brazil-gamers-club-stage-2-w5
173516,1,2026-10-06T15:56:22+00:00,70cb3804d6f22e813c41cc3b409b219f2a833b7acddefa675ab1c134bd380cb2,https://www.vlr.gg/681916/furia-academy-vs-tribe-challengers-2026-brazil-gamers-club-stage-2-w5
173799,1,2026-10-06T15:56:22+00:00,46c09b04d5f43e619fcc688e2684d9a4801ce01af114f067f1b2107f19dac184,https://www.vlr.gg/681917/tbk-esports-vs-mibr-academy-challengers-2026-brazil-gamers-club-stage-2-w5
220258,1,2026-10-06T15:56:23+00:00,7a0eec18667f8ab5253df4988435fb810f0ddf2363f6c3dbea8bd4a8bc03d639,https://www.vlr.gg/681918/2game-esports-vs-team-ego-challengers-2026-brazil-gamers-club-stage-2-w5
184977,1,2026-10-06T15:56:25+00:00,f9ced5892f01950949fc981b77378f586119eac191e915749f3bce15d576c72f,https://www.vlr.gg/681919/la-masia-vs-team-liquid-brazil-challengers-2026-brazil-gamers-club-stage-2-w5
220049,1,2026-10-06T15:56:25+00:00,17a1fe336109285671d1f20360d33d4e199c12dbde07d5208bc4d31dd49ed668,https://www.vlr.gg/681920/elevate-vs-intz-challengers-2026-brazil-gamers-club-stage-2-w5
171921,1,2026-10-06T15:56:26+00:00,08a4b06f5bcd58ab43e549b741da778e028da88bceaeebf746f809b66c591f28,https://www.vlr.gg/681922/mibr-academy-vs-peek-challengers-2026-brazil-gamers-club-stage-2-w6
217401,1,2026-10-06T15:56:28+00:00,72ba25d36c30ffd163e2b976ebb6ec9d92f27ea425cc873d0aa7db6e816d7c1b,https://www.vlr.gg/681923/tbk-esports-vs-furia-academy-challengers-2026-brazil-gamers-club-stage-2-w6
167542,1,2026-10-06T15:56:28+00:00,65e91be39b1c04e84034dd3af977aca0fa63b5c23f3ac90f60744c9e187448e9,https://www.vlr.gg/681924/team-solid-vs-tribe-challengers-2026-brazil-gamers-club-stage-2-w6
171359,1,2026-10-06T15:56:29+00:00,10efba4728bc1611210b159ea69706f7ba55c54ed2c096ad91bfa7bb083c5327,https://www.vlr.gg/681925/intz-vs-red-canids-challengers-2026-brazil-gamers-club-stage-2-w6
167075,1,2026-10-06T15:56:30+00:00,a731f475661435619bc678748f998537bda65128777b311857dd253ffcc6ed3f,https://www.vlr.gg/681926/elevate-vs-la-masia-challengers-2026-brazil-gamers-club-stage-2-w6
185907,1,2026-10-06T15:56:31+00:00,bb5f4da85681d000476a1604041b5a56aa59cf9d6c01a8835a504ed89d179b9c,https://www.vlr.gg/681927/2game-esports-vs-team-liquid-brazil-challengers-2026-brazil-gamers-club-stage-2-w6
173186,1,2026-10-06T15:56:32+00:00,b35da6f0936682645f2eb539859395867cf8f238c7ed6d0fdeaf488051bc8716,https://www.vlr.gg/681928/tbk-esports-vs-tribe-challengers-2026-brazil-gamers-club-stage-2-w7
172374,1,2026-10-06T15:56:33+00:00,306bd50a39c1c493f65180934c3bebe57b2a2f0e43e464e9091be163c5a2b27e,https://www.vlr.gg/681930/mibr-academy-vs-f4tality-challengers-2026-brazil-gamers-club-stage-2-w7
180100,1,2026-10-06T15:56:36+00:00,0d37fa2490b1e7bdb7d4340626a300275b866a6dfed7bdc7d6848d0f6894c285,https://www.vlr.gg/681931/intz-vs-team-ego-challengers-2026-brazil-gamers-club-stage-2-w7
178539,1,2026-10-06T15:56:34+00:00,6663ef5df25cd40ddd1c907925c761a747ca3374026c029ad8677745a979e6d2,https://www.vlr.gg/681932/furia-academy-vs-peek-challengers-2026-brazil-gamers-club-stage-2-w7
190245,1,2026-10-06T15:56:36+00:00,b3f9e891cca3e8de7978f8b39e9401dbeb3d86b731c52a7c6c4a581588ac12f2,https://www.vlr.gg/681933/elevate-vs-team-liquid-brazil-challengers-2026-brazil-gamers-club-stage-2-w7
168771,1,2026-10-06T15:56:37+00:00,55c089fe2584f5e5105f0a0c5f00aeddd1cace09dab757918372ff49c3676401,https://www.vlr.gg/681934/red-canids-vs-la-masia-challengers-2026-brazil-gamers-club-stage-2-w7
205340,1,2026-10-06T15:41:20+00:00,92b4e3c0f0a6cade62b28af39d30fb535cea27f00a7cb91736defde13132023f,https://www.vlr.gg/683765/reborn-vs-natus-vincere-junior-challengers-2026-emea-stage-2-ubsf
190635,1,2026-10-06T15:41:21+00:00,37f6c5eef406d888649631fcf5f1c37f401706c982a167487c6a7202a54495de,https://www.vlr.gg/683766/joblife-vs-ucam-esports-club-challengers-2026-emea-stage-2-ubsf
182412,1,2026-10-06T15:41:22+00:00,85c1a2ebf23681ecdc1f971a149f374d89114aab5a677e6cfc096f2a43b3438e,https://www.vlr.gg/683767/natus-vincere-junior-vs-ucam-esports-club-challengers-2026-emea-stage-2-ubf
326747,1,2026-10-06T15:41:24+00:00,05e1bf680af1fd2c09a88fa1f9b25fc7d2fa667dd554c8b9e043ac087e26580a,https://www.vlr.gg/683768/natus-vincere-junior-vs-reborn-challengers-2026-emea-stage-2-gf
203056,1,2026-10-06T15:41:22+00:00,dc647001be56fed4ecf5bed75a4c651511d50adb39ac45aaf7d64d33324384c3,https://www.vlr.gg/683769/reborn-vs-joblife-challengers-2026-emea-stage-2-lr1
251324,1,2026-10-06T15:41:23+00:00,ca084383d3f17f63eded226e53a70cefbac1e48ff4a355756175e128f9dfb89c,https://www.vlr.gg/683770/ucam-esports-club-vs-reborn-challengers-2026-emea-stage-2-lbf
374270,1,2026-10-06T15:35:04+00:00,ec990f52f9e6f4282d81a4f1566da5b98b5c61ed33c1f2d650bbe5f04b12bcab,https://www.vlr.gg/684610/team-vitality-vs-dragon-ranger-gaming-valorant-masters-london-2026-r1
490163,1,2026-10-06T15:35:04+00:00,a675b6c48e876e4763e803a4b453a3da9ea227cccf12dfe4816949e182fa586d,https://www.vlr.gg/684611/full-sense-vs-fut-esports-valorant-masters-london-2026-r1
528691,1,2026-10-06T15:35:06+00:00,5fb950b0174ad6c6c55631bb1f0f9996d4c82254326be9684c08bc47e59bab39,https://www.vlr.gg/684612/leviat-n-vs-global-esports-valorant-masters-london-2026-r1
484662,1,2026-10-06T15:35:02+00:00,786e1fb5fdc180d41612d535a0309f4fd73a9d12d4263357b1e94a27c47cf7dd,https://www.vlr.gg/684613/xi-lai-gaming-vs-nrg-valorant-masters-london-2026-r1
390797,1,2026-10-06T15:35:07+00:00,15c78690c679d5c4505298c373b89445b2c9365c9b58e8778bab4ac3c6ab6ba8,https://www.vlr.gg/684614/team-vitality-vs-fut-esports-valorant-masters-london-2026-r2-1-0
377304,1,2026-10-06T15:35:07+00:00,8e4adba4a4ca4605dc9cc520b28f1f78a5f8a6d73df2937e532838cbdecd997f,https://www.vlr.gg/684615/nrg-vs-leviat-n-valorant-masters-london-2026-r2-1-0
381636,1,2026-10-06T15:35:08+00:00,f34ebf75440a485f475025e09eed1d9882cc51ea4d43b8c7969abc730e8546ca,https://www.vlr.gg/684616/dragon-ranger-gaming-vs-xi-lai-gaming-valorant-masters-london-2026-r2-0-1
502953,1,2026-10-06T15:35:09+00:00,4e1fbc53048fc8d6e8bead4919a4ece8b4b35d1783ca4f6d255ced686450b687,https://www.vlr.gg/684617/global-esports-vs-full-sense-valorant-masters-london-2026-r2-0-1
468028,1,2026-10-06T15:35:11+00:00,94bc9e864c122db117ab3f7b21ee39f3b9c194e4f898c625780a15404bd65d1d,https://www.vlr.gg/684618/global-esports-vs-xi-lai-gaming-valorant-masters-london-2026-r3-1-1
548239,1,2026-10-06T15:35:10+00:00,cfa035a428754d40768be3a65aab7b676f84ec0d62b8636acd9b040f9b88a4e4,https://www.vlr.gg/684619/fut-esports-vs-nrg-valorant-masters-london-2026-r3-1-1
221986,1,2026-10-06T15:38:29+00:00,b432b959659dbaee9b8f803237854a8beedf3ca4691540e99061c15f6942ae8d,https://www.vlr.gg/685246/pigeons-vs-evil-geniuses-academy-challengers-2026-north-america-ace-stage-3-r2-0-1
220853,1,2026-10-06T15:38:30+00:00,33fa7b9259727ba5064a67ea4e2ed73d9bd786b513fd037b9160c65b75019d26,https://www.vlr.gg/685247/evictix-vs-alliance-guardians-challengers-2026-north-america-ace-stage-3-r2-0-1
181733,1,2026-10-06T15:38:32+00:00,a32127eca22190d7e6fb44170e61531ef37d6237adebfe72a4356b664a44b62a,https://www.vlr.gg/685248/rose-vs-yfp-challengers-2026-north-america-ace-stage-3-r2-0-1
180160,1,2026-10-06T15:38:31+00:00,ba31b12faee36131e31e47fdb0473b711f874ee8341a4f879a4df690b87b756f,https://www.vlr.gg/685249/nightblood-gaming-vs-dynamo-challengers-2026-north-america-ace-stage-3-r2-0-1
236737,1,2026-10-06T15:38:33+00:00,5e983a66b1ff1cf168565eb41475ee1e541be7ac9221cb6390511f53eb7dd49c,https://www.vlr.gg/685250/m80-vs-shopify-rebellion-black-challengers-2026-north-america-ace-stage-3-r2-0-1
181628,1,2026-10-06T15:38:34+00:00,b04088854a25ffbd0ac6c89e2c2365018b0e6021a08701375271fc6598ab0bfd,https://www.vlr.gg/685251/qor-vs-nrg-academy-challengers-2026-north-america-ace-stage-3-r2-0-1
177393,1,2026-10-06T15:38:35+00:00,431ba56184538f4a74f4cc445dab711f5e9c9c73234ad36d451fb745bb7ebb91,https://www.vlr.gg/685252/division-one-vs-azure-dragon-gaming-challengers-2026-north-america-ace-stage-3-r2-0-1
191097,1,2026-10-06T15:38:34+00:00,9b53cbe2cfbcca26f078db7ec16aaccee7b40226083f6d1b2a697a0a9f323984,https://www.vlr.gg/685253/sad-esports-vs-flyquest-challengers-2026-north-america-ace-stage-3-r2-0-1
177964,1,2026-10-06T15:38:36+00:00,bfb11f3edca3e870445c7ddee880755d8795d3cbc1e1bb9c7061e515032c525a,https://www.vlr.gg/685987/shopify-rebellion-black-vs-pigeons-challengers-2026-north-america-ace-stage-3-r3-1-1
180169,1,2026-10-06T15:38:36+00:00,34f4a4c4d81e8e838980befeabc80eb8f7f7e6659e0e037fd141feb15c9d18f6,https://www.vlr.gg/685988/dynamo-vs-alliance-guardians-challengers-2026-north-america-ace-stage-3-r3-0-2
176022,1,2026-10-06T15:38:37+00:00,a94674df671dfb5ddfe9432465807091c3afc2cc6aa24e643a061a35281c7822,https://www.vlr.gg/685989/nightblood-gaming-vs-evictix-challengers-2026-north-america-ace-stage-3-r3-1-1
170295,1,2026-10-06T15:38:38+00:00,6305bbf640a98f4854ebea976f7511d5761dd80d94af1261fa88678038c6cc84,https://www.vlr.gg/685990/evil-geniuses-academy-vs-rose-challengers-2026-north-america-ace-stage-3-r3-0-2
241615,1,2026-10-06T15:38:39+00:00,55ec457a5303b4b5b4fa51ab24bce56559086b82c00d5c2917b056e25843fabe,https://www.vlr.gg/685991/sad-esports-vs-nrg-academy-challengers-2026-north-america-ace-stage-3-r3-2-0
206875,1,2026-10-06T15:38:39+00:00,8278e889b9b3d575cf84c582e6bd70834bfe6de79a1559389014bb634b203634,https://www.vlr.gg/685992/azure-dragon-gaming-vs-m80-challengers-2026-north-america-ace-stage-3-r3-2-0
181859,1,2026-10-06T15:38:41+00:00,3793b7c045170369d8be584d6db931639536df9b7cc21ab782e189fe3e6fd0b9,https://www.vlr.gg/685993/qor-vs-flyquest-challengers-2026-north-america-ace-stage-3-r3-1-1
241324,1,2026-10-06T15:38:40+00:00,8a8a58406cd04871ed9f1832b6d2a70d7195ce198443e869f04bd8d07e69c155,https://www.vlr.gg/685994/division-one-vs-yft-challengers-2026-north-america-ace-stage-3-r3-1-1
230263,1,2026-10-06T15:38:41+00:00,b66c2a13b1a0809d7c79179639691ceef259bac855205e7d38194db175e753e8,https://www.vlr.gg/688228/division-one-vs-evictix-challengers-2026-north-america-ace-stage-3-r4-1-2
237212,1,2026-10-06T15:38:42+00:00,434c2cadd4f7585d6cda9a67132ffd87cc3eb299a9a2419bc9bdcd7d027d0bd0,https://www.vlr.gg/688229/alliance-guardians-vs-pigeons-challengers-2026-north-america-ace-stage-3-r4-1-2
184500,1,2026-10-06T15:38:43+00:00,05e60a9732e6f5c04b533919f914d54894ecb32570973a03620c678f0aae3ecb,https://www.vlr.gg/688230/dynamo-vs-rose-challengers-2026-north-america-ace-stage-3-r4-0-3
191577,1,2026-10-06T15:38:43+00:00,76caa26b847365452e2a732dd114a3a9c8a10f0008a824d697c80b5b7cb84847,https://www.vlr.gg/688231/flyquest-vs-evil-geniuses-academy-challengers-2026-north-america-ace-stage-3-r4-1-2
196479,1,2026-10-06T15:38:44+00:00,c4c089a5104bd13ff362f04c35ea4a4d1bcb470db4b37cb535428d4f78f3400b,https://www.vlr.gg/688232/nightblood-gaming-vs-qor-challengers-2026-north-america-ace-stage-3-r4-2-1
197269,1,2026-10-06T15:38:45+00:00,377743072ddb38645f4b5e98da353603ae3c1de07a3466f7ddeda16b49906509,https://www.vlr.gg/688233/shopify-rebellion-black-vs-azure-dragon-gaming-challengers-2026-north-america-ace-stage-3-r4-2
225081,1,2026-10-06T15:38:46+00:00,62d6dc8a20c725db4d5116fe5ec86f65772c90f9439ee5a7e46e34cc54f0dcf7,https://www.vlr.gg/688234/m80-vs-sad-esports-challengers-2026-north-america-ace-stage-3-r4-3-0
227558,1,2026-10-06T15:38:47+00:00,af7aa59fe8dc6e268ce880a075191f302a6b6a276851e7716e479076dc39c54d,https://www.vlr.gg/688235/yft-vs-nrg-academy-challengers-2026-north-america-ace-stage-3-r4-2-1
186268,1,2026-10-06T15:57:19+00:00,774da7c3e46e23bcefec230502cfdf513248c025332708fcdd5cbc45c9dd0fe1,https://www.vlr.gg/688432/natus-vincere-junior-vs-be-ikta-esports-challengers-2026-emea-stage-3-opening-a
182614,1,2026-10-06T15:57:23+00:00,d0c7983710cf10428023b3acfdcdf7c9e49a666f697d74d1f2c3db48a8a565b3,https://www.vlr.gg/688433/mandatory-vs-alqadsiah-esports-challengers-2026-emea-stage-3-opening-a
238625,1,2026-10-06T15:57:29+00:00,5c1edb1724c2cb31dde952baf1e68be4fda7484cf8854161a887ab1d609ef10b,https://www.vlr.gg/688434/natus-vincere-junior-vs-mandatory-challengers-2026-emea-stage-3-winners-a
252868,1,2026-10-06T15:57:35+00:00,04b9a0ea18b1f490adeab0e65714e4de180c7adc17a73c00afaad01a98a3347c,https://www.vlr.gg/688435/be-ikta-esports-vs-alqadsiah-esports-challengers-2026-emea-stage-3-elim-a
208171,1,2026-10-06T15:57:40+00:00,598a317b064f3b205b1acd4be031b0a43a9971766cfe51808be0968979b43669,https://www.vlr.gg/688436/mandatory-vs-be-ikta-esports-challengers-2026-emea-stage-3-decider-a
203860,1,2026-10-06T15:57:20+00:00,410b59f0f8125f5f58e3ab883eacd4a80b2c8bb279b20675ee9a7868de24de37,https://www.vlr.gg/688437/enterprise-esports-vs-bar-a-esports-challengers-2026-emea-stage-3-opening-b
187077,1,2026-10-06T15:57:24+00:00,b085dcfc51fa1c126a4d54db031bfd500f5acb36e781aea99c74bec55c6ad066,https://www.vlr.gg/688438/joblife-vs-cgn-esports-challengers-2026-emea-stage-3-opening-b
229426,1,2026-10-06T15:57:30+00:00,00e1027132c1e26a37896672baa29771fba4a5bfa2dafae723dcb31317adc1da,https://www.vlr.gg/688439/enterprise-esports-vs-joblife-challengers-2026-emea-stage-3-winners-b
232005,1,2026-10-06T15:57:37+00:00,a4481e1e98f193d548fc4ed9358d89de2d6232faa8dd969046704d5b666c6cb0,https://www.vlr.gg/688440/bar-a-esports-vs-cgn-esports-challengers-2026-emea-stage-3-elim-b
247166,1,2026-10-06T15:57:41+00:00,20aead75060de1de11de98b6e3a0f7d7c4df1656f05ab745cdc7d16684a07ed4,https://www.vlr.gg/688441/joblife-vs-bar-a-esports-challengers-2026-emea-stage-3-decider-b
236131,1,2026-10-06T15:57:21+00:00,7bd5508e016a85bb5640fd928f3fbfd42e7c090956d12573ebc625e2be1b608d,https://www.vlr.gg/688442/ucam-esports-club-vs-pixel-lumina-challengers-2026-emea-stage-3-opening-c
238406,1,2026-10-06T15:57:25+00:00,471835ba8f0a4a7058c98967cb98789e667e60f0f78e56bea32ffe4d9788182b,https://www.vlr.gg/688443/fokus-vs-mir-challengers-2026-emea-stage-3-opening-c
228642,1,2026-10-06T15:57:33+00:00,709310338f4503d2acf9fb1ecda662d67675e420cd440c0aa7c0351c9ba00aee,https://www.vlr.gg/688444/ucam-esports-club-vs-mir-challengers-2026-emea-stage-3-winners-c
232865,1,2026-10-06T15:57:38+00:00,c5dc359859875966fcdb2f000aab5873a62527f7efd6fb2019921145f5457943,https://www.vlr.gg/688445/pixel-lumina-vs-fokus-challengers-2026-emea-stage-3-elim-c
239037,1,2026-10-06T15:57:42+00:00,809fc006e03c27b46ee2de8b45f519f3fe65166f393f3ea8e52cd0b58acaa24f,https://www.vlr.gg/688446/ucam-esports-club-vs-fokus-challengers-2026-emea-stage-3-decider-c
179465,1,2026-10-06T15:57:22+00:00,c7cb4628a912b123714374226312d55a579c4afe802a5857b8a02d32a5e7d75d,https://www.vlr.gg/688447/reborn-vs-ghools-esports-challengers-2026-emea-stage-3-opening-d
238923,1,2026-10-06T15:57:27+00:00,74f801be2452c5e5043cb7cf9c9c22640ebc82fb472f12bb24ef0680cf6d7f26,https://www.vlr.gg/688448/team-liquid-academy-vs-misa-esports-challengers-2026-emea-stage-3-opening-d
186956,1,2026-10-06T15:57:34+00:00,1708a4a8a818047a4fda9095c65f527b18b688c8c041f660a0bb889c5a30f7cd,https://www.vlr.gg/688449/reborn-vs-misa-esports-challengers-2026-emea-stage-3-winners-d
182121,1,2026-10-06T15:57:39+00:00,7aca683cb6aae9fb67bbfa2455d163968fbab1ff7f31fe06c6dc58c80df69da0,https://www.vlr.gg/688450/ghools-esports-vs-team-liquid-academy-challengers-2026-emea-stage-3-elim-d
241739,1,2026-10-06T15:57:43+00:00,3a886a920c0311194e0ae4baf70ea69e4c76e8add88ce7919f2cdad7f4a7f8a5,https://www.vlr.gg/688451/misa-esports-vs-team-liquid-academy-challengers-2026-emea-stage-3-decider-d
218470,1,2026-10-06T15:56:39+00:00,dfe9194e14e36bd3f0c223a41554b6c7b5d7189f6f770a12c6415111195471dc,https://www.vlr.gg/701174/team-solid-vs-intz-challengers-2026-brazil-gamers-club-stage-2-ro6
220342,1,2026-10-06T15:56:38+00:00,ca612e9a61359511be2edc6eb84111fcdcb9156cd864f8fe67d7d545d5adad3a,https://www.vlr.gg/701175/elevate-vs-f4tality-challengers-2026-brazil-gamers-club-stage-2-ro6
223484,1,2026-10-06T15:56:41+00:00,e39ef12ffd7a1eb47a58cad8de7c85ad04c97da08af22f2fb89de5772c9a83b6,https://www.vlr.gg/701176/la-masia-vs-intz-challengers-2026-brazil-gamers-club-stage-2-ubsf
179078,1,2026-10-06T15:56:40+00:00,b51026d2cbcf7d20fec6e482910cf6f7d76b01a30fc22f14ce53a1abd7f1d60f,https://www.vlr.gg/701177/f4tality-vs-tbk-esports-challengers-2026-brazil-gamers-club-stage-2-ubsf
172217,1,2026-10-06T15:56:46+00:00,2b7aa4fbc21ee5eaffc9f7fa1233dab12fb94a83750387445b0f8a0638b55756,https://www.vlr.gg/701178/la-masia-vs-f4tality-challengers-2026-brazil-gamers-club-stage-2-ubf
174557,1,2026-10-06T15:56:43+00:00,8cddd00f1ecafa69f63e49bb883a72ea8314aff5d4abf6ff4ed8258abf41636a,https://www.vlr.gg/701179/elevate-vs-intz-challengers-2026-brazil-gamers-club-stage-2-lr1
178252,1,2026-10-06T15:56:42+00:00,e0f30651df9a3fb8759042c572b65b0a422ce1877de1074fa61ba63583703bdf,https://www.vlr.gg/701180/team-solid-vs-tbk-esports-challengers-2026-brazil-gamers-club-stage-2-lr1
174630,1,2026-10-06T15:56:44+00:00,d1f96ed0a47ec1182e23743a45496cbcb78644eea046a3ca0e0707dc4f007c50,https://www.vlr.gg/701181/intz-vs-team-solid-challengers-2026-brazil-gamers-club-stage-2-lr2
263354,1,2026-10-06T15:56:47+00:00,381c4d7da583cc9d36c42f6072599378ed0d380b4a3d5edd8ecd6d42eefeb4f5,https://www.vlr.gg/701182/f4tality-vs-team-solid-challengers-2026-brazil-gamers-club-stage-2-lbf
240177,1,2026-10-06T15:38:47+00:00,e0b74e5f551e6f8a2602155bf8e4d943753ce159002f8706c45f80055db47150,https://www.vlr.gg/701226/azure-dragon-gaming-vs-alliance-guardians-challengers-2026-north-america-ace-stage-3-r5-2-2
225764,1,2026-10-06T15:38:48+00:00,9d938d26e1ae10ae8dae9ff80f024c105066015752476768b795259d819533f7,https://www.vlr.gg/701227/qor-vs-evictix-challengers-2026-north-america-ace-stage-3-r5-2-2
196872,1,2026-10-06T15:38:49+00:00,1bae992d9a862a6c2192bafef5c62f9121025ac1f007dd7a131dccb52c229af0,https://www.vlr.gg/701228/flyquest-vs-division-one-challengers-2026-north-america-ace-stage-3-r5-1-3
175625,1,2026-10-06T15:38:50+00:00,bb6b76e96f999e7bffd0d4b333d80a2e913ff087573d9290d92b0d15ddde0c90,https://www.vlr.gg/701229/rose-vs-pigeons-challengers-2026-north-america-ace-stage-3-r5-1-3
184339,1,2026-10-06T15:38:50+00:00,89d0306f30c79fce239f68f94eee31b2be03a80c73f3ee3f145ddbec1ca69812,https://www.vlr.gg/701230/nrg-academy-vs-shopify-rebellion-black-challengers-2026-north-america-ace-stage-3-r5-3-1
246725,1,2026-10-06T15:38:51+00:00,8965a78c2088da2c24174a1295d58093d14797ead1f212689f8722306af5e78a,https://www.vlr.gg/701231/nightblood-gaming-vs-sad-esports-challengers-2026-north-america-ace-stage-3-r5-3-1
225628,1,2026-10-06T15:38:52+00:00,46b3e074f8826ba5a13e01e3455c42d2dc4a73731238953f23021d5828229aee,https://www.vlr.gg/701232/yft-vs-evil-geniuses-academy-challengers-2026-north-america-ace-stage-3-r5-2-2
218800,1,2026-10-06T15:38:53+00:00,7eb96229ff8d038868ca8cebb79e06130d23e0daa9c4891dbe5c988e0bd38682,https://www.vlr.gg/706323/sad-esports-vs-evictix-challengers-2026-north-america-ace-stage-3-r6-3-2-vs-2-3
204937,1,2026-10-06T15:38:53+00:00,de424aa9e4abe751fe1b030dda477fbd4bb3b81d43989ffc05fd5d5c99275437,https://www.vlr.gg/706324/azure-dragon-gaming-vs-nrg-academy-challengers-2026-north-america-ace-stage-3-r6-3-2
183581,1,2026-10-06T15:38:54+00:00,ddfcb142a5e58f24cc684a854cecbde3b7ef9e4d0bc5e711a6904bca4fc73737,https://www.vlr.gg/706325/division-one-vs-pigeons-challengers-2026-north-america-ace-stage-3-r6-2-3
230329,1,2026-10-06T15:38:54+00:00,8ef8d11a1e83bfbbdc94d67c5a69fa3c1e8a96de44d97a1eaacdba55e062539f,https://www.vlr.gg/706326/evil-geniuses-academy-vs-alliance-guardians-challengers-2026-north-america-ace-stage-3-r6-2-3
221507,1,2026-10-06T15:38:55+00:00,b7e1690cce3097998abc58b2b8b2fd5b0256027039f4bf79c01f6cfeb67c3895,https://www.vlr.gg/706327/qor-vs-yft-challengers-2026-north-america-ace-stage-3-r6-3-2
227078,1,2026-10-06T15:38:56+00:00,841f06d481fc772137d8749142ce1f2ae9274e253cb9f8026c07c95702815ee7,https://www.vlr.gg/707127/division-one-vs-qor-challengers-2026-north-america-ace-stage-3-r7-3-3
258014,1,2026-10-06T15:38:57+00:00,f478eebd6751f41aa2882cfd9fdd1f69d3815578d2c56caf14b21b30f4f0590b,https://www.vlr.gg/707128/azure-dragon-gaming-vs-evil-geniuses-academy-challengers-2026-north-america-ace-stage-3-r7-3-3
173132,1,2026-10-06T15:56:49+00:00,27cecfd16e57130eaa0d837e287a88e734ab4c9f9ae5282464c1aa609fe0c970,https://www.vlr.gg/707203/red-canids-vs-team-solid-challengers-2026-brazil-gamers-club-stage-2-ur1
219083,1,2026-10-06T15:56:49+00:00,41689f5bb333b13fd15dc0d062347096664f5383eb6ee53a35ee0c8c5045f55f,https://www.vlr.gg/707204/furia-academy-vs-la-masia-challengers-2026-brazil-gamers-club-stage-2-ur1
178005,1,2026-10-06T15:56:51+00:00,97e347d6ee96050a5aa0d8d4b244520362b7ca25ca3a55bf9e5bdd9522a6277b,https://www.vlr.gg/707205/mibr-academy-vs-team-solid-challengers-2026-brazil-gamers-club-stage-2-ubsf
216349,1,2026-10-06T15:56:51+00:00,083e957be21d01e33e49e3c44cbc848c3abc8966b723b1311c3a14436559726f,https://www.vlr.gg/707206/2game-esports-vs-furia-academy-challengers-2026-brazil-gamers-club-stage-2-ubsf
185402,1,2026-10-06T15:56:56+00:00,21b1226c2f01c53bafa17c90407c4f36eadbcf08f3efe92209cdf7cf07066c9b,https://www.vlr.gg/707207/team-solid-vs-2game-esports-challengers-2026-brazil-gamers-club-stage-2-ubf
343708,1,2026-10-06T15:56:58+00:00,8f4d071246292caca68ba340acc1e89a19c80b34995a4962f131c5ed1aa7e662,https://www.vlr.gg/707209/2game-esports-vs-la-masia-challengers-2026-brazil-gamers-club-stage-2-gf
174903,1,2026-10-06T15:56:54+00:00,ac44058f076e742ad06f212a5d3bb9e652f7648a4098617a6fd33c3dc2656bba,https://www.vlr.gg/707210/furia-academy-vs-red-canids-challengers-2026-brazil-gamers-club-stage-2-lr1
170801,1,2026-10-06T15:56:52+00:00,49b910f361531a2bb18a3d2a8be0d00b49ca5397c660b50d8150cc38718ddc97,https://www.vlr.gg/707211/la-masia-vs-mibr-academy-challengers-2026-brazil-gamers-club-stage-2-lr1
216855,1,2026-10-06T15:56:55+00:00,a0460fc88d607d0d9f79c03b72e02e762e6fe86d3ce9c2800aa0f598c9d43266,https://www.vlr.gg/707212/red-canids-vs-la-masia-challengers-2026-brazil-gamers-club-stage-2-lr2
265442,1,2026-10-06T15:56:56+00:00,953ca96a984b72695bf3cd36f3096d61ca605ad96eca5ef5295e0d13a2b132fa,https://www.vlr.gg/707213/team-solid-vs-la-masia-challengers-2026-brazil-gamers-club-stage-2-lbf
239075,1,2026-10-06T15:57:00+00:00,2d7a9dfda6ae83bc0b3c26bed22372da2342117c65e90681995506c5a2c9559a,https://www.vlr.gg/707486/abacatudos-vs-team-liquid-brazil-challengers-2026-brazil-gamers-club-stage-2-opening
222419,1,2026-10-06T15:57:01+00:00,17b46c100035a3690edf326c366c87ab8e8ecf283d49ac92dbe736219a5b4a88,https://www.vlr.gg/707487/team-ego-vs-peek-challengers-2026-brazil-gamers-club-stage-2-opening
174774,1,2026-10-06T15:57:03+00:00,ac15c469a6555c408cb1925ee8bdaabda4c3a06c7a08dbcdbe0fcde12f0798bc,https://www.vlr.gg/707488/abacatudos-vs-team-ego-challengers-2026-brazil-gamers-club-stage-2-winners
180234,1,2026-10-06T15:57:02+00:00,9975ca99254b974c55963973a6f1de99de49a6fa283c964455377ec58b406ee0,https://www.vlr.gg/707489/team-liquid-brazil-vs-peek-challengers-2026-brazil-gamers-club-stage-2-elim
216855,1,2026-10-06T15:57:04+00:00,be9db5199f32879dcb223ed62742a86ef58ea9dbb85ca1684495d4aff29a80cd,https://www.vlr.gg/707490/abacatudos-vs-peek-challengers-2026-brazil-gamers-club-stage-2-decider
240059,1,2026-10-06T15:57:45+00:00,88e65d0237c73a34ad09c69cda9b1351e4a5d606614f6dd20d39cca8a1bf2c47,https://www.vlr.gg/707697/natus-vincere-junior-vs-fokus-challengers-2026-emea-stage-3-ubqf
186496,1,2026-10-06T15:57:46+00:00,76a4056951f02c21c42314716ea3d6d0a2e467e13807aa85867895791c303f4e,https://www.vlr.gg/707698/enterprise-esports-vs-mandatory-challengers-2026-emea-stage-3-ubqf
181843,1,2026-10-06T15:57:49+00:00,3ba104cd92637a73e0bf9facabc094daecea81347b36cafc7139d7d90b5ced13,https://www.vlr.gg/707699/mir-vs-misa-esports-challengers-2026-emea-stage-3-ubqf
232748,1,2026-10-06T15:57:47+00:00,4781a6be65b2f8eefc939e1553f48988b069e4ecde0a117ab7cc68a402b0d5fe,https://www.vlr.gg/707700/reborn-vs-joblife-challengers-2026-emea-stage-3-ubqf
242438,1,2026-10-06T15:57:50+00:00,363bcc09bcec88088f0030c43f851772b73bce519214df0c2984d7e7c03cb2e7,https://www.vlr.gg/707701/natus-vincere-junior-vs-enterprise-esports-challengers-2026-emea-stage-3-ubsf
190574,1,2026-10-06T15:57:52+00:00,b4a527ae053dc9011ee12fc66d1d458e13e185f3767b4ea1093087beb747594b,https://www.vlr.gg/707702/misa-esports-vs-reborn-challengers-2026-emea-stage-3-ubsf
245798,1,2026-10-06T15:57:59+00:00,2f84089656a5f62a495dd4c859ae0bc5ea4d9198d456c565cfe5913299bfbe42,https://www.vlr.gg/707703/enterprise-esports-vs-reborn-challengers-2026-emea-stage-3-ubf
254241,1,2026-10-06T15:58:04+00:00,81014aba6702cd46321a694fd004b8da9427c0eb4ca99edc2ad7868f6253ffed,https://www.vlr.gg/707704/enterprise-esports-vs-reborn-challengers-2026-emea-stage-3-gf
191575,1,2026-10-06T15:57:54+00:00,64be9ddeaa631616b230c23a1820dc59b65a21029a57844be36b2f216bde3e11,https://www.vlr.gg/707705/fokus-vs-mandatory-challengers-2026-emea-stage-3-lr1
226638,1,2026-10-06T15:57:53+00:00,9075c556136e4e3e7c716ede28430fd6d501ef6ce88b052238d7ff26cfe00f53,https://www.vlr.gg/707706/mir-vs-joblife-challengers-2026-emea-stage-3-lr1
190835,1,2026-10-06T15:57:55+00:00,98997d85fe3bba8a3524b490307dbaf296021a5cb25cb01938295a2caf3d04fd,https://www.vlr.gg/707707/misa-esports-vs-fokus-challengers-2026-emea-stage-3-lr2
229337,1,2026-10-06T15:57:56+00:00,6e722749127fcba695d384c80e3c821fb560f01342d5e8ad68d70e76eb25939f,https://www.vlr.gg/707708/natus-vincere-junior-vs-joblife-challengers-2026-emea-stage-3-lr2
271666,1,2026-10-06T15:58:01+00:00,70395ffd8c99410fa443af8dbc359e0fe69429fb18075f7686c108b490be8da8,https://www.vlr.gg/707709/fokus-vs-joblife-challengers-2026-emea-stage-3-lr3
291888,1,2026-10-06T15:58:03+00:00,0c7a0e6c171c6c2193e84fb11bd4c92659ec332a5529fb48efc7ba3b44bd2f53,https://www.vlr.gg/707710/reborn-vs-joblife-challengers-2026-emea-stage-3-lbf
178549,1,2026-10-06T15:38:58+00:00,45e96cd5b70555a6359b4a75b21655d4488684bfec2c98b7c561b5e4e031f483,https://www.vlr.gg/707767/m80-vs-qor-challengers-2026-north-america-ace-stage-3-ubqf
229134,1,2026-10-06T15:38:58+00:00,96af033d4ae4d47f3250d2d4459ac08dff3f151065e3f76ebdfe65a7c9053265,https://www.vlr.gg/707768/nightblood-gaming-vs-yft-challengers-2026-north-america-ace-stage-3-ubqf
183251,1,2026-10-06T15:38:59+00:00,2c97b54ad7a5dc27cb54854559e5fc6436767d058147a69d9e7ea1b15593c12a,https://www.vlr.gg/707769/sad-esports-vs-nrg-academy-challengers-2026-north-america-ace-stage-3-ubqf
184502,1,2026-10-06T15:39:00+00:00,43e256298f4037328c703fe903f97a33991a61d8f2dfada1a4a4ec1601d098e3,https://www.vlr.gg/707770/shopify-rebellion-black-vs-evil-geniuses-academy-challengers-2026-north-america-ace-stage-3-ubqf
188594,1,2026-10-06T15:39:02+00:00,e9dbce46613700d9dd1977a2e09325c80877888c4332235a10d7c200af5f1667,https://www.vlr.gg/707771/m80-vs-nightblood-gaming-challengers-2026-north-america-ace-stage-3-ubsf
238061,1,2026-10-06T15:39:02+00:00,ec0f1d77cb7d25ee7845599f049c1ecaf177e8cb6fd566eae20687f1c4daa1c6,https://www.vlr.gg/707772/sad-esports-vs-shopify-rebellion-black-challengers-2026-north-america-ace-stage-3-ubsf
192959,1,2026-10-06T15:39:04+00:00,862c827cfeddd44abc968aee18c12c6617952a436ef4389fe244d71d3ecc1d74,https://www.vlr.gg/707773/m80-vs-sad-esports-challengers-2026-north-america-ace-stage-3-ubf
331194,1,2026-10-06T15:39:07+00:00,70137598204068646ca54bda9616851218a00755e96760d6f094fc7362f7c40d,https://www.vlr.gg/707774/m80-vs-shopify-rebellion-black-challengers-2026-north-america-ace-stage-3-gf
204460,1,2026-10-06T15:39:01+00:00,2728301083e6768cb39ce4e556f0afc459fde4144b8d3f368a332e0c56c606ea,https://www.vlr.gg/707775/qor-vs-yft-challengers-2026-north-america-ace-stage-3-lr1
237759,1,2026-10-06T15:39:00+00:00,d8e8b86b5666a3f55a3763bab6949f9a6b4ab5a43be66192c8fcf844ac339def,https://www.vlr.gg/707776/nrg-academy-vs-evil-geniuses-academy-challengers-2026-north-america-ace-stage-3-lr1
229576,1,2026-10-06T15:39:03+00:00,2485f1f00c12c9e7ee83e485580ea99602978f259cc1b55b27cbde6795b174d2,https://www.vlr.gg/707777/shopify-rebellion-black-vs-qor-challengers-2026-north-america-ace-stage-3-lr2
234308,1,2026-10-06T15:39:03+00:00,c8ae02c1dd337531a0c2fc2dcdce7ae137c030f6659ae10f7b055f650a644eba,https://www.vlr.gg/707778/nightblood-gaming-vs-nrg-academy-challengers-2026-north-america-ace-stage-3-lr2
240639,1,2026-10-06T15:39:05+00:00,25b2faa5a241de77dda8dca4e02d2c890b448d254bb49ff7cd63fcd8cb3e7347,https://www.vlr.gg/707779/shopify-rebellion-black-vs-nrg-academy-challengers-2026-north-america-ace-stage-3-lr3
241904,1,2026-10-06T15:39:06+00:00,e4306ce468e20ec3e1a40f256b6a41b0e72669ef285b289d735405c27505a0bb,https://www.vlr.gg/707780/sad-esports-vs-shopify-rebellion-black-challengers-2026-north-america-ace-stage-3-lbf
337104,1,2026-10-06T15:58:09+00:00,c75b307164020ef631581b1ea96ea34a32b824af02dcff49cd4dc8d9be17cd66,https://www.vlr.gg/711000/555-vs-no-salary-peek-challengers-2026-pacific-last-chance-qualifier-ubsf
262556,1,2026-10-06T15:58:11+00:00,2e61e76419a34a3cdefe509af6b2d0ea42a65e54f28abf85ea543d0759d739eb,https://www.vlr.gg/711001/fancy-united-esports-vs-yi-jing-challengers-2026-pacific-last-chance-qualifier-ubsf
231362,1,2026-10-06T15:58:12+00:00,b7c06b357df1ea373f3ceaae673d578c47c2a32d69542b5ba737c9673c3b7e83,https://www.vlr.gg/711002/555-vs-fancy-united-esports-challengers-2026-pacific-last-chance-qualifier-ubf
282441,1,2026-10-06T15:58:17+00:00,0bb738a4f11a62bc25b683835d0e3cabd105d558025f1f64957cfc1239c81e70,https://www.vlr.gg/711003/fancy-united-esports-vs-555-challengers-2026-pacific-last-chance-qualifier-gf
246435,1,2026-10-06T15:58:14+00:00,be9f82d380f37b0ddf628c0525f5c116effa72aa334995820e42b6f7ab32feb5,https://www.vlr.gg/711004/no-salary-peek-vs-yi-jing-challengers-2026-pacific-last-chance-qualifier-lr1
318405,1,2026-10-06T15:58:15+00:00,494a8c772b620e42553e82a6041bd5abf64126a8dbb6c804e5fbfd0d895b3e87,https://www.vlr.gg/711005/555-vs-yi-jing-challengers-2026-pacific-last-chance-qualifier-lbf
76326,1,2026-10-06T15:34:32+00:00,4888121eccc8da73415a64c27d92ca7fb018ead97c750cdcc06a32f4e2f67f09,https://www.vlr.gg/event/matches/2760/?group=all
76438,1,2026-10-06T15:35:01+00:00,96762b82eafff23ca68a4c084fd8130470e078646a667ef3daa1bcf48adee884,https://www.vlr.gg/event/matches/2765/?group=all
115527,1,2026-10-06T15:35:32+00:00,b8d21b573933686fea16401e9562af63bde3ddaca5ecfc1ca405f6155f6a7387,https://www.vlr.gg/event/matches/2775/?group=all
72135,1,2026-10-06T15:36:14+00:00,ab4d6efc06f09c2ced527971dfaf05693f21921fa4c01c1d86a016c1b65a03c5,https://www.vlr.gg/event/matches/2782/?group=all
170235,1,2026-10-06T15:36:38+00:00,1e42ccef6e81dca024fa633aa606519ff084ca6464ac6705d3be24a069e62456,https://www.vlr.gg/event/matches/2783/?group=all
172547,1,2026-10-06T15:37:32+00:00,d61dceff19f21093090d24f161751c995d3a62ab910de1de4c03fad8510d4291,https://www.vlr.gg/event/matches/2857/?group=all
157901,1,2026-10-06T15:38:23+00:00,8d838d234492eb2ea3640e0bc01a544da3a8ba65673ea0c10c44f72618da4d14,https://www.vlr.gg/event/matches/2858/?group=all
115113,1,2026-10-06T15:39:08+00:00,3bfe1a1013e666efb86248015b48f535fb84668fa74c6a9da1734f5a92a9963d,https://www.vlr.gg/event/matches/2860/?group=all
115569,1,2026-10-06T15:39:44+00:00,d61d2f92f90a53a2827e80b60e0cac40414fedba144cfbe6241037b42ae71f9e,https://www.vlr.gg/event/matches/2863/?group=all
125209,1,2026-10-06T15:40:23+00:00,ac2f19ae536d5560415075a767c7bd3ee2d77b4dec838dc8f19d9d0db081224b,https://www.vlr.gg/event/matches/2864/?group=all
74004,1,2026-10-06T15:41:04+00:00,b133ef4e5b6fe9005d64b31d77e4ace2d8f6c95903d5b5d6c3972adc5b7bc8e1,https://www.vlr.gg/event/matches/2925/?group=all
140621,1,2026-10-06T15:41:26+00:00,33da0f0956a5b759e88bd823a8b3862460d5b60e15cdf48b7d05d252fdf06cf7,https://www.vlr.gg/event/matches/2934/?group=all
171973,1,2026-10-06T15:42:03+00:00,4630a6f58c72665d96e95f8b318d3d989f20eae20ecb0c80e698162a3e11961c,https://www.vlr.gg/event/matches/2962/?group=all
28343,1,2026-10-06T15:57:08+00:00,367a9240d4fa58a335fcbe9ce6f897a19169740950587702d14d0deb15dc3374,https://www.vlr.gg/event/matches/2991/?group=all
97066,1,2026-10-06T15:57:18+00:00,cdc391ebb71568fd08708001c5dfe27d2dadd4d2ee3064d1b29577fe840c7515,https://www.vlr.gg/event/matches/3016/?group=all
31146,1,2026-10-06T15:58:09+00:00,de7206ce9a4d3ae96993b0ba52da4ee246fc68dc7e9ed25624aad712c0a89458,https://www.vlr.gg/event/matches/3039/?group=all
182817,1,2026-10-06T15:34:01+00:00,f75116a9c90c7a82923aef577a35640ccfcd43ee3f4d1d136753bcf56d23107d,https://www.vlr.gg/event/stats/2682?min_rounds=0
177034,1,2026-10-06T15:34:02+00:00,38f4c876ae00d74cf772b907551eedad0678fea64fcb8ead8f553ad367828035,https://www.vlr.gg/event/stats/2683?min_rounds=0
179856,1,2026-10-06T15:34:02+00:00,9f194ea526dcf4cb70c9e57b0e9e49539d70afb3a920986fb2d0edda667625a1,https://www.vlr.gg/event/stats/2684?min_rounds=0
173874,1,2026-10-06T15:34:03+00:00,6b0036316fe70ba75ef0a25dced485211ddf94d557e5b2e37d8f0c04495a4dfb,https://www.vlr.gg/event/stats/2685?min_rounds=0
173469,1,2026-10-06T15:34:31+00:00,aac7304971e51b581313697398a6a4fbb659fcf68c4f20a6c5ad6e9ea7475ab5,https://www.vlr.gg/event/stats/2760?min_rounds=0
178060,1,2026-10-06T15:35:01+00:00,0b5ce44055f8cc3b7dbb9a779732ab9545ffc94a63f732b2de29a3c3126d67af,https://www.vlr.gg/event/stats/2765?min_rounds=0
220197,1,2026-10-06T15:34:03+00:00,e5656813302f122eef5cfdf3874545175139e84dc295ce7d50d317a3fc4d2a20,https://www.vlr.gg/event/stats/2766?min_rounds=0
188588,1,2026-10-06T15:35:31+00:00,d248a8331a4f15dfbba30626a321058ace3bb81f443346ffe25b7fc28660be75,https://www.vlr.gg/event/stats/2775?min_rounds=0
238606,1,2026-10-06T15:34:04+00:00,200f8cd2475f32063f066991a90a8ec61d998feae15c7eac8ee5e509015fbfa8,https://www.vlr.gg/event/stats/2776?min_rounds=0
169952,1,2026-10-06T15:34:05+00:00,a12bf7fab6970bf4b89affa1b73633ad9f54fc743e0da5d49a5b15d5b630c0e0,https://www.vlr.gg/event/stats/2777?min_rounds=0
179651,1,2026-10-06T15:34:06+00:00,30a66f05a2785579af4b04daf5b292c96af5a936603aeefaaa9fb92e51a4992e,https://www.vlr.gg/event/stats/2778?min_rounds=0
163293,1,2026-10-06T15:34:06+00:00,e84ac46263bb03a74f8d93c5105efe4c361c9e759b452c31ca33b40f0278a841,https://www.vlr.gg/event/stats/2779?min_rounds=0
142389,1,2026-10-06T15:34:07+00:00,193f614f432bfd679f6aa3d0b9bf26db00b546dcbd98a4396e1eaf7df5ea154d,https://www.vlr.gg/event/stats/2780?min_rounds=0
185431,1,2026-10-06T15:36:13+00:00,03df439fe5f9572de9a9672d074cae72eeaea073e276828ddb400ced1f31c22d,https://www.vlr.gg/event/stats/2782?min_rounds=0
269187,1,2026-10-06T15:36:37+00:00,3f9e8ef5ff4655294ab3ddb761542eb10d5d51e98e90a636622ef2353173a8f1,https://www.vlr.gg/event/stats/2783?min_rounds=0
271194,1,2026-10-06T15:34:08+00:00,08b250e8d4459d92160d3915213851e39a7cd5083df4c24c22c7d63f5c8ca0c4,https://www.vlr.gg/event/stats/2787?min_rounds=0
230434,1,2026-10-06T15:34:09+00:00,aeecbb40e87b90867dfb222743c6e26b59340c74cadb23626ad2799aa4662fe3,https://www.vlr.gg/event/stats/2823?min_rounds=0
255346,1,2026-10-06T15:34:10+00:00,9e61186e20838b0d5f58c2e57d64da6122558a0489f16fd7796a0bbfed61fdb2,https://www.vlr.gg/event/stats/2825?min_rounds=0
307901,1,2026-10-06T15:34:10+00:00,5e1d525a13fc1658113d1e066da6bdfd42f67794ca40a60da33290ddcc564bb4,https://www.vlr.gg/event/stats/2830?min_rounds=0
133222,1,2026-10-06T15:34:12+00:00,d5562e1c31900c21a0f791644ff81c091c39fc41df492426aa40767ec17ce8dd,https://www.vlr.gg/event/stats/2842?min_rounds=0
268767,1,2026-10-06T15:34:12+00:00,772114f1120b0c0d3225bf090a9b7323d10d91877fcb400d0f442b1fc480808f,https://www.vlr.gg/event/stats/2847?min_rounds=0
264722,1,2026-10-06T15:37:31+00:00,36d59f70fdc62ec4a1450ad029550aac72c0aacfd5f337ebe3326e8fd7fa409f,https://www.vlr.gg/event/stats/2857?min_rounds=0
255728,1,2026-10-06T15:38:22+00:00,16866193f5388a7ab0620c0ccb7aa38d6b37f567733305d1a59119dc57bb7050,https://www.vlr.gg/event/stats/2858?min_rounds=0
190816,1,2026-10-06T15:39:08+00:00,d8e23e9c12be372391237bdbca88cffcf04da014104df37169a36899c6dfb3fa,https://www.vlr.gg/event/stats/2860?min_rounds=0
185235,1,2026-10-06T15:39:43+00:00,95941b8fe927ff27420eebc5e54d54a021a69518d086a4c20e6c029f04325ae6,https://www.vlr.gg/event/stats/2863?min_rounds=0
176250,1,2026-10-06T15:40:22+00:00,a523dc71888d6c8fcdb32ac8ace37e9ee64242858d15beffc44c9b1d251418be,https://www.vlr.gg/event/stats/2864?min_rounds=0
846637,1,2026-10-06T15:34:13+00:00,e980369a5d3bda125a3ac55ba9fa4fccda929e351c25d6ce9aa06f6554c372fa,https://www.vlr.gg/event/stats/2880?min_rounds=0
559536,1,2026-10-06T15:34:17+00:00,052417c4600f6a708d2a24c369abbeae8c31269f27902835ee523b7abdaf7917,https://www.vlr.gg/event/stats/2884?min_rounds=0
156651,1,2026-10-06T15:34:18+00:00,634b262bf5546498c571653921418c6b4a1fcdd538b62f948bdaa9aa8dd2f024,https://www.vlr.gg/event/stats/2907?min_rounds=0
146800,1,2026-10-06T15:34:19+00:00,2c00af595a99ea49b04e16afdb4a35cad23dd0f20697aa34dc005a90589ebba6,https://www.vlr.gg/event/stats/2908?min_rounds=0
138155,1,2026-10-06T15:34:20+00:00,53857a856081c63635accdb21effc4981cee1231a3d515d07c7da0d38d9a9739,https://www.vlr.gg/event/stats/2919?min_rounds=0
133672,1,2026-10-06T15:34:20+00:00,e00ef2e2baa77babb9e42cc0db35956341251e74ce59993a757c8234b83e9791,https://www.vlr.gg/event/stats/2920?min_rounds=0
166091,1,2026-10-06T15:34:21+00:00,6547cb98418c1e777e69f9847ae3950caf3074bb3e40fb37c38ce3645de42855,https://www.vlr.gg/event/stats/2921?min_rounds=0
140050,1,2026-10-06T15:34:22+00:00,765907156b14e597c83881ceb0bcc3396548f4705ff2ee07ccfbe680399d3e21,https://www.vlr.gg/event/stats/2922?min_rounds=0
138122,1,2026-10-06T15:34:22+00:00,02545ca9dc0eebbc52aedb79a636c5353e7e0dc59f4bfcf6e37ec6c83e3121c6,https://www.vlr.gg/event/stats/2923?min_rounds=0
202919,1,2026-10-06T15:41:04+00:00,0d00ab612dee269b73b7e2bf21fa73f7de4533855b04f0f04e94c05df4be2940,https://www.vlr.gg/event/stats/2925?min_rounds=0
19574,1,2026-10-06T15:41:25+00:00,919655baa8258055d69f841861d020aa019d8a1449284af7120fc30dce26b9e6,https://www.vlr.gg/event/stats/2934?min_rounds=0
222559,1,2026-10-06T15:42:03+00:00,41d8b225671b994276721218ce627d0c9bbe4704946b1f07a5ae2b99b4413bfb,https://www.vlr.gg/event/stats/2962?min_rounds=0
331454,1,2026-10-06T15:34:23+00:00,852a92d5df88974e0d4d0f723917a8130196e23b9f1413412aba52631c672b23,https://www.vlr.gg/event/stats/2968?min_rounds=0
162161,1,2026-10-06T15:34:24+00:00,d652fda533de9a95e9ac4ebca149d2df0f36b121446bc5cdc7a02f683285cafb,https://www.vlr.gg/event/stats/2973?min_rounds=0
228023,1,2026-10-06T15:34:25+00:00,ab7e4aa231bd42951a39ce5a3eac2a36e829cf7981550f4389f6f62b7b68e2a5,https://www.vlr.gg/event/stats/2974?min_rounds=0
234472,1,2026-10-06T15:34:26+00:00,651321b7048a6cf7377ced43577489f7358dc59ec361574f35205f3803745689,https://www.vlr.gg/event/stats/2976?min_rounds=0
230928,1,2026-10-06T15:34:27+00:00,0455b41e24cf7083e20df82428baa21af2910780a47aabf772c16dfffc8266af,https://www.vlr.gg/event/stats/2977?min_rounds=0
200214,1,2026-10-06T15:34:27+00:00,419ca4b65c03ab9bbdf314771d872e59d4fe23f9c3327c9bc53c10c3bb0f4c5c,https://www.vlr.gg/event/stats/2978?min_rounds=0
101639,1,2026-10-06T15:57:07+00:00,8d97ef317c31a028cadb7c833a6fcf672f66f6dd58523819f92aa88f39dfe8be,https://www.vlr.gg/event/stats/2991?min_rounds=0
234412,1,2026-10-06T15:57:17+00:00,ec6acf8ee0277370f243e39a5fc35128cac05aea3fd8e94f593a5b6ded408e5f,https://www.vlr.gg/event/stats/3016?min_rounds=0
583514,1,2026-10-06T15:34:28+00:00,e5c47c5478539635cf51e440be06043db1dc24c797a9dab959747a300a407b76,https://www.vlr.gg/event/stats/3018?min_rounds=0
80931,1,2026-10-06T15:58:07+00:00,85586ee33bc4016e10d2737805aa4f8ea9c52df386921a7ab2285a58e23883dc,https://www.vlr.gg/event/stats/3039?min_rounds=0
55266,1,2026-10-06T15:34:30+00:00,868c46e0ff4fcbc6be299aae17d16d8916e2347ac7f6ed660837a1c7354d7e3b,https://www.vlr.gg/event/stats/3062?min_rounds=0
67795,1,2026-10-06T15:34:30+00:00,43ef5421307f05dd5d72f42194a1b73cef048bbd8192e29d38ce512c9675b13e,https://www.vlr.gg/event/stats/3063?min_rounds=0
97239,1,2026-10-06T16:00:33+00:00,e48f462feaf274fcf03aa6b43321e6bf690cf3c42669c637e423cc92cf49b2cb,https://www.vlr.gg/player/10053/fireballops
65174,1,2026-10-06T16:00:34+00:00,c8f33d3a204d8037599cc073bc421ef888f5879ed6664deb7696dbd542427329,https://www.vlr.gg/player/10160/izzy
61303,1,2026-10-06T16:00:35+00:00,48e5b9623275398ea3f2c98609f6739d53d3c13faced70deb3f4820eb6183e9c,https://www.vlr.gg/player/10307/marteen
60189,1,2026-10-06T16:00:35+00:00,29f894968458c7201db69560928174e9d562e2927a7e93ebd477005e809a6869,https://www.vlr.gg/player/10557/darker
69346,1,2026-10-06T16:00:36+00:00,7388a02a59d7fcc4daeff7dd7dbd8f0ea23d0ac536aba2edca2939a30ae7c267,https://www.vlr.gg/player/10698/nephh
58876,1,2026-10-06T16:00:36+00:00,8998361098897d2ae1288471506e89ae73637f392e49b1c10b65390f224b32f0,https://www.vlr.gg/player/10739/shiro
47325,1,2026-10-06T16:00:37+00:00,080f46125470f33503e995684a7c0484436db7bbcb6d9354a6a8389f0b7e12fb,https://www.vlr.gg/player/10769/nobita
68173,1,2026-10-06T16:00:38+00:00,f131609142fd505bc9c15378b8ad1b7b4f2b5cc2cf396b6703ac2eb5f9d75b8e,https://www.vlr.gg/player/10821/delb
65026,1,2026-10-06T15:58:30+00:00,c43ece8ab26fd155e442d7eb36e36886230a8519589202b4c8beaf17cde8e6e2,https://www.vlr.gg/player/109/ange1
65762,1,2026-10-06T16:00:38+00:00,4118deaeb8a5f05c6df6b9ba989f732ed88a1ce281f624b4ad39f6ab560b3868,https://www.vlr.gg/player/10971/riens
71880,1,2026-10-06T15:58:24+00:00,1d48a1678dac7f34d906b452dced04bdd952a0edcd505b7e30d18cfa7367539f,https://www.vlr.gg/player/11/zyppan
82695,1,2026-10-06T16:00:39+00:00,7ebfe94d8021743e0f1e2b193e5f7d1b0519d51b23afcbdd82a713df7a0dfc5e,https://www.vlr.gg/player/11118/skuba
62777,1,2026-10-06T16:00:39+00:00,60a79e82fc5e4ff822b82fa13c9dbe2188b4f713dd4e7cd2899e35b74aca3fb5,https://www.vlr.gg/player/11134/kicks
73012,1,2026-10-06T16:00:40+00:00,f2a16662f56bde934c804cc07d586814fc48eeea9eefe00ccb66e88a2336a215,https://www.vlr.gg/player/11218/yuicaw
70360,1,2026-10-06T16:00:42+00:00,8a0409d0126eed972e5f8f1a5a3b77804cc86acb0f3f9549ee9abec9355fe020,https://www.vlr.gg/player/11225/ethan
73775,1,2026-10-06T15:58:52+00:00,0ced0a4e0008720529fc3ebf3d7e25ee910c167efc49d1add9adf71970663e8c,https://www.vlr.gg/player/1129/rossy
65512,1,2026-10-06T16:00:43+00:00,8476339183a491932fdcc6e2cafc296fe65bc5cf6fe331b82268420e6b2055e0,https://www.vlr.gg/player/11332/ara
72954,1,2026-10-06T15:58:53+00:00,44ca5642ae7a73d3a52672e2a7074e540a9f3e561fc13953db78ee4e1f5b8adf,https://www.vlr.gg/player/1144/boo
64867,1,2026-10-06T16:00:43+00:00,73a04fb04b663348199a03a25581cbc48129592ce10dab527d0cbaef1e562cf7,https://www.vlr.gg/player/11494/keiko
65731,1,2026-10-06T16:00:44+00:00,e262a3583c0583c191f687019fc008c0de12fcf9ebe3f7fed0903ed210591d73,https://www.vlr.gg/player/11524/nicc
64568,1,2026-10-06T16:00:45+00:00,005ae083e6d42998b1213ede02a4e7c23ba46cc2f4b856517d62a4c6f3c79a48,https://www.vlr.gg/player/11527/noman
72377,1,2026-10-06T15:58:53+00:00,04d357e209d3b4bec1f04ed40fa7d4659a4f47952e4e0bbd636abf225631e6cb,https://www.vlr.gg/player/1155/buld
59028,1,2026-10-06T16:00:45+00:00,b92242d599faa45a773388c4d27f489d4f07ac54d15bc99e4a7bc4a76fb4f1f2,https://www.vlr.gg/player/11600/foxy9
64371,1,2026-10-06T16:00:46+00:00,2d13a92a19e9f761d5f34212f10c54f072be5e363d030afc021e34fb6d6ab7d6,https://www.vlr.gg/player/11704/styron
60552,1,2026-10-06T16:00:46+00:00,279a579c0063c99d51a6a72b1839dd8d12e82e88bc0928fef5a96e66de8ff417,https://www.vlr.gg/player/11737/xan
39029,1,2026-10-06T16:00:47+00:00,c1346d9b3db25f975d46e36a796af7ea4a6f1bb353cfd449907fbb2071f2157a,https://www.vlr.gg/player/11843/yoyo
64535,1,2026-10-06T16:00:48+00:00,832c56e855f5c0532970adda7d937bb3eb6cde32c57b434c8946b6b8045f2a8d,https://www.vlr.gg/player/11917/exit
71088,1,2026-10-06T16:00:48+00:00,e7c9de18b0659d5cade5132e945bc0bc9c376f520c59cf8b8d31524b058bcf54,https://www.vlr.gg/player/12098/kadoom
62552,1,2026-10-06T16:00:49+00:00,f0f86ac206855806d4b164724103ac59277605292a1fe2edb386656aa375b133,https://www.vlr.gg/player/12365/coconut
73070,1,2026-10-06T15:58:54+00:00,50d37aed87bc86382fab27329bdad641d768a02b9ad55fe1fc537cbbc0c474f4,https://www.vlr.gg/player/1265/johnqt
63159,1,2026-10-06T16:00:50+00:00,3b2d7b640d916cf0ac5098ce19d636d7bf51c30ae4b6da5bb15f9fb365ef147b,https://www.vlr.gg/player/12670/nekky
57328,1,2026-10-06T16:00:50+00:00,7b21d0c8f63218f15242b49e70cd35ed9fd8020e8e32f3d97b1ec636cee6def2,https://www.vlr.gg/player/12793/xeus
65439,1,2026-10-06T16:00:51+00:00,a33969c304e79182e9e49858a9fa22534116b78ba6d4e16daf7a780d54f68a08,https://www.vlr.gg/player/12795/crewen
72117,1,2026-10-06T15:58:55+00:00,f32dee632cac04a2418a66db5de0f81d46337f9b2b148ea5329ac07d79e06e59,https://www.vlr.gg/player/1281/molsi
65537,1,2026-10-06T16:00:51+00:00,ac4ef166231b23b7ec7b50fd08c964cb839233687af7ca3a6b41507b219e5f56,https://www.vlr.gg/player/12872/david
57104,1,2026-10-06T16:00:52+00:00,511f05417ec9803683003b4ee32aae1762221bd295627684121848c0c291a2d3,https://www.vlr.gg/player/12990/syouta
55484,1,2026-10-06T16:00:53+00:00,f4eb0eb9002b521fe72f853e3cfb8e1a6b4d10b48164df36bb9c1aa2f360a81a,https://www.vlr.gg/player/13002/akame
66135,1,2026-10-06T16:00:53+00:00,8f665a7032a08fdcc0d2ad72af7e4deacc770e356e46dd75b8f33c6445148034,https://www.vlr.gg/player/13039/meteor
68332,1,2026-10-06T15:58:55+00:00,6cc3658e8fcaa0c76539021b7b8a152a6e9dce848ecfaeea36ee18290ba9f77c,https://www.vlr.gg/player/1311/melser
61386,1,2026-10-06T16:00:54+00:00,a85a00cd484b570d90b839f214c95fae6bdcd3fd185b258ecb118292d7b7e1c4,https://www.vlr.gg/player/13258/cyvoph
76328,1,2026-10-06T15:58:56+00:00,f55f9dfc9056cf5e3a8c1a9886fb8a0726bcda97398eadfa91c14e69324dc2d5,https://www.vlr.gg/player/1369/doma
68311,1,2026-10-06T16:00:54+00:00,39cd4258cd7696ceaf2bc2e49e049be9e46187685e3a4bc3a53553d6c356ec7a,https://www.vlr.gg/player/13744/patmen
61184,1,2026-10-06T16:00:55+00:00,bf44c157cbdd3ab85c91c10b4aef4ab7578d752edbd475c03bc0518df828114b,https://www.vlr.gg/player/13768/s1mon
63906,1,2026-10-06T16:00:56+00:00,5c9c0fadee002effedcc4acb0d51f6443e73cd71f6a8489101207bea1c62bdc4,https://www.vlr.gg/player/13784/killua
58917,1,2026-10-06T16:00:56+00:00,696845ac5b88151db315340c9c929e01792e35e1441fade52f07495e0c047441,https://www.vlr.gg/player/13788/jitboys
53067,1,2026-10-06T15:58:56+00:00,e70638b6941c2c2277acfd3b6740b71bdad98fd955af08074c49f7333ca4d23f,https://www.vlr.gg/player/1395/tennn
70059,1,2026-10-06T15:58:57+00:00,4a634b3030492942ae30193d37e51ce8d8677a87ccebb9bc3312bf0346b95251,https://www.vlr.gg/player/1399/sterben
81444,1,2026-10-06T16:00:57+00:00,2d38f9c078048ac37a343952d50cfad74b59bacf90c9acfb093ff1e3ce140e2f,https://www.vlr.gg/player/14048/zerona
71161,1,2026-10-06T16:00:58+00:00,4fe55ae9434487270eb506c8ad69890789874d951088597fc366b541ac856484,https://www.vlr.gg/player/14125/spring
74224,1,2026-10-06T15:58:58+00:00,fdf7df4ae2fb201158ac433fb2a76d04b0f5b0fdf0c7e2e8619885fa7ac3b80e,https://www.vlr.gg/player/1427/redgar
65136,1,2026-10-06T15:58:59+00:00,bfcad217bdf1884a9e516e4fb73c3acae3556c1f91cfa97ad18e5bbb88321690,https://www.vlr.gg/player/1428/sheydos
74270,1,2026-10-06T15:58:59+00:00,fde54bbe02538a43dd6a198a0b0eea9f1c614925c4567d2651afa5ce4ef1c4e2,https://www.vlr.gg/player/1430/crazyguy
42319,1,2026-10-06T16:00:59+00:00,3dc5113011e848c2888fd015698abf63e94476df46926c61139a018438069df4,https://www.vlr.gg/player/14439/ffs
52178,1,2026-10-06T16:00:59+00:00,f9083f9a6a869f6d561f738bcefc495ee73c0d5750d41e0d107b76dc092aaaf7,https://www.vlr.gg/player/14441/aluba
64891,1,2026-10-06T16:01:00+00:00,09ed9d2db2f86bfb7d19af46edc283afc13dcfa28c9ea3f53f385098666f8c99,https://www.vlr.gg/player/14681/kamo
69113,1,2026-10-06T15:59:00+00:00,0b343f0ae343762928a48282fa5fb4c661e1f9123b39adc3a1ca05f67e5cbe8a,https://www.vlr.gg/player/1470/simond4rk
69125,1,2026-10-06T15:59:00+00:00,ce30528fcc32b544cd71e19f5e8021538dff952eb36923af0246fedbd48dbf38,https://www.vlr.gg/player/1475/kamyk
61908,1,2026-10-06T16:01:00+00:00,63fc4e83922d5484bce9de1db7000a429055ef939db45931354633fb2b0bf75d,https://www.vlr.gg/player/14950/gobera
77281,1,2026-10-06T15:59:01+00:00,4881ace80ba79227a63ff5806246f09d6d82d0053cce01f4d5c5dd1ad0053db1,https://www.vlr.gg/player/1533/derrek
54626,1,2026-10-06T16:01:01+00:00,3e5362ba954204cd6f4e13f98da6fb489e2c58fb9d77e4bce101c493bcde46eb,https://www.vlr.gg/player/15361/swag
69308,1,2026-10-06T16:01:02+00:00,8c3f91a70e9d8b554b5e110ea7a36e4e7127e0733bc2d28fcadec2d54ad2ce5f,https://www.vlr.gg/player/15500/trent
71656,1,2026-10-06T16:01:02+00:00,0841e13e7f1e6b6cfb779557950b24d94660d93655ab0b40e6a0b894ee52397f,https://www.vlr.gg/player/15559/chichoo
85526,1,2026-10-06T16:01:03+00:00,18978d476e84329ad18310697922f0126daa96f208124c526baf59e7e0292f20,https://www.vlr.gg/player/15639/chloric
61203,1,2026-10-06T15:59:02+00:00,a83b864f506de4cacf93d574a1a63c5e7d6942d66329b4ac6a24b96c53b7f12f,https://www.vlr.gg/player/1566/prozin
62191,1,2026-10-06T16:01:03+00:00,67b19ada8128a30631a1531a5fe7e9dd6f5d25147b9f41df8083081a4089746f,https://www.vlr.gg/player/15735/krostaly
64140,1,2026-10-06T15:59:02+00:00,47536569d49073bd6f1aa5f5f4ccf4edf024b36549e95f758023dda04816310a,https://www.vlr.gg/player/1575/qck
59456,1,2026-10-06T16:01:05+00:00,f23c6aa1bd1c61b1544c9e4a521c649c218639de69d4f66018fcd5c58c6e2fcc,https://www.vlr.gg/player/15897/apinya
62887,1,2026-10-06T15:59:03+00:00,4e92655e841902853fbc021d9022aaeb3a63a2f9e95521619423e04a3f4e6bcb,https://www.vlr.gg/player/1618/spyzera
60871,1,2026-10-06T16:01:05+00:00,58af9e828650a1c3ef489daec23aea44588875a6ee71bc33f06df6632aeed68e,https://www.vlr.gg/player/16209/famsii
58349,1,2026-10-06T16:01:06+00:00,5d5b2d27a18ac8d6225924dfbfe95304308a090a76db53618bf3b5724e1cd763,https://www.vlr.gg/player/16215/dos9
56195,1,2026-10-06T16:01:06+00:00,ec05f765c6983e148a29b1185781752e85bb091d78cf2ef6ef8ef34f3589d34a,https://www.vlr.gg/player/16852/nakya
52094,1,2026-10-06T16:01:07+00:00,03d081a77527955d1f2e2bdef75311d18520f44f746f5daac3a689b9e3b9c76a,https://www.vlr.gg/player/17049/hermes
65018,1,2026-10-06T16:01:08+00:00,d5b8c5dc63bba35103122126a5bead7474e03eaa116ee100b91b5ba9d041a62f,https://www.vlr.gg/player/17086/something
56807,1,2026-10-06T15:59:03+00:00,b5f1159add3c25074ff0e100b7b531d7e247249d8558d7cd65c1301aa8264778,https://www.vlr.gg/player/1743/blazek1ng
92684,1,2026-10-06T16:01:08+00:00,c257df6b03cdb3e4d21a34f52d3fe4444cda81dcfcf27ae498be05149fc592c9,https://www.vlr.gg/player/17770/alvinboy
78956,1,2026-10-06T16:01:09+00:00,32fb6685a8b7c6eec8875024791b14bbfb363500112a1f1b6fde1b263ca44283,https://www.vlr.gg/player/17976/florescent
57256,1,2026-10-06T16:01:09+00:00,b2d7517b389862101cd695b7071209eff809d5b44682c078afcd113d7c8dc7c1,https://www.vlr.gg/player/18162/serial
71954,1,2026-10-06T15:59:04+00:00,18434e97779c32cb4153bf600f420cca649715d22ccffaba4bbc4e9d746f2634,https://www.vlr.gg/player/1818/tex
60693,1,2026-10-06T16:01:10+00:00,5b204b9d5307ad487655c7387801a653fc6d4ac9c408c2eac61a90e9080517fd,https://www.vlr.gg/player/18350/miniboo
59476,1,2026-10-06T16:01:11+00:00,33e2c7cf40d8f6b7f8100f7f644c839211475d923484bdc9a90627f607cefc4f,https://www.vlr.gg/player/18400/bipo
55142,1,2026-10-06T16:01:11+00:00,3af25bb09d03e994eb3f681b8f9295e4f047a102239f70057d3ff03905c46bfe,https://www.vlr.gg/player/18677/ruxic
63032,1,2026-10-06T16:01:12+00:00,5d7d35ce29986374bcb8aa60b53c7c7decc4b66ab6eb5323cf8b7980fc89d93c,https://www.vlr.gg/player/18796/oxy
69871,1,2026-10-06T15:59:05+00:00,439d3b77065c6e90cac7e745f7dbac9dbe08b4486c9708340d58d10cd109c244,https://www.vlr.gg/player/1885/purp0
57915,1,2026-10-06T15:59:05+00:00,e3cdc53b945c7a98992b505cbdd0ce39a450409181f3c9b3cf25da8c2c4e8376,https://www.vlr.gg/player/1916/free1ng
66447,1,2026-10-06T16:01:13+00:00,96b9bd63b133f9f116ab2f2c0f7740bbcd71e98a533472c7c4fce398c5188473,https://www.vlr.gg/player/19530/aaaay
68577,1,2026-10-06T15:59:06+00:00,762bd3cb4d76456ab4d51844e566c4e375b52a8e92efa05c87a253ce71d86943,https://www.vlr.gg/player/1960/eko
90542,1,2026-10-06T16:01:13+00:00,4a6be5e3e1a516e78860453380458d5dc6033456c7b228fbfbdc8bbbdf98b50b,https://www.vlr.gg/player/19677/lucas
62132,1,2026-10-06T16:01:14+00:00,c9a06f0fa4c8361914b0ffda0eb99484401956363e6c044f2855a6b4271c01f7,https://www.vlr.gg/player/19691/tomaszy
60220,1,2026-10-06T15:59:06+00:00,b2613a73d39a1019347850dfe10878498eae059b29d555043b9ba76b9b7674a7,https://www.vlr.gg/player/1970/neth
61163,1,2026-10-06T16:01:14+00:00,5dd5c573ff7a2c92067a2e9078cf326a7a2f41ca3fcab41e3f458f8d287fe317,https://www.vlr.gg/player/20140/vora
63207,1,2026-10-06T16:01:15+00:00,c4dd7fa27dee553dba1a62702b54c2e7f68558d2eb0dbf1ae86449fccf5a0c4e,https://www.vlr.gg/player/20144/lewn
56651,1,2026-10-06T16:01:16+00:00,c2cf9f583828863994f94b5d5a903ff07a7740ed3609bcd310428e29aba13c88,https://www.vlr.gg/player/20240/xenom
84219,1,2026-10-06T16:01:16+00:00,bb22a0149bab9601212a73adf19586287a4fdee309d9d9f9ea25b58c3c2903ae,https://www.vlr.gg/player/20957/stunna
93186,1,2026-10-06T16:01:17+00:00,ca05be2b45539487fc18ddfe320d5e4c880cb2039b8139de0a4f8910bce8db81,https://www.vlr.gg/player/20959/toozy
57456,1,2026-10-06T16:01:17+00:00,abf7d8364b73c936204cb333bb538230d7a40aaeaecc992a55c13313e9992ca2,https://www.vlr.gg/player/21216/f4ngeer
50728,1,2026-10-06T16:01:18+00:00,70d1fe938043133478adafe36d91e13bdc4b14d953a04b9275c48d4b20a862e4,https://www.vlr.gg/player/21251/blowz
59910,1,2026-10-06T16:01:19+00:00,b3db7e7b746308fb561fa4dcc52cc6a157a32abb402de463c96a52e3b39c19c0,https://www.vlr.gg/player/21328/wo0t
46708,1,2026-10-06T16:01:19+00:00,0028ab268783c649a53a529ea702b7204ad56d0a837e05e99d0cbcd8b40cd301,https://www.vlr.gg/player/21438/ssees
52501,1,2026-10-06T15:59:07+00:00,fbd9272847394899be57a869a72012625c4081eb339798c7cfeda8d6912f634e,https://www.vlr.gg/player/2149/c1nder
61790,1,2026-10-06T16:01:20+00:00,4ebc674678265411a80daa7dc01b911ce217220abce61b9203fe5daee6867f36,https://www.vlr.gg/player/21610/runner
89111,1,2026-10-06T15:59:08+00:00,b961f08fb9657a25c7588f74b9355d4585dfa35dcf4c890faf471157e6c5ef56,https://www.vlr.gg/player/2164/paincakes
58789,1,2026-10-06T16:01:21+00:00,7b2271ee7045385516b6b1b099c401656b7cf2123e5a30d7efbe60e5c35a93e5,https://www.vlr.gg/player/21659/sato
49460,1,2026-10-06T16:01:21+00:00,4e7d6ec519afbddd6ec64ada486bbf0779a7babb0a2377a67ac66bbe6c683654,https://www.vlr.gg/player/21661/spike
74422,1,2026-10-06T16:01:22+00:00,a42f2f797d2edd41084852bfc760b53d46d9066929bc181cad78c36da9ced63f,https://www.vlr.gg/player/21668/verno
65102,1,2026-10-06T15:59:08+00:00,e7fb86c9564cf6d836f1528341dc932511a0f247171d2bda3f851b5165f380aa,https://www.vlr.gg/player/2168/trexx
60558,1,2026-10-06T15:59:09+00:00,8dfef296e64ab068d6fe24182c101c96ba36821aa8809484f4fbceb09d13d12a,https://www.vlr.gg/player/2170/babybay
89190,1,2026-10-06T15:59:09+00:00,8f7fcb0838e2b3f3c3df5239a8ae9cbc2416885acb621e589f750a8ef5748d08,https://www.vlr.gg/player/2172/brawk
68631,1,2026-10-06T15:59:10+00:00,9fe87705bf4940ea3e2448c9a8043196294dd861a9079152aa890a9d69607756,https://www.vlr.gg/player/2173/magnum
48515,1,2026-10-06T16:01:22+00:00,383475891c2e587243babb9643aab96871c63ef632c712abcceb0eff3d7efbf1,https://www.vlr.gg/player/21778/p0ppin
67557,1,2026-10-06T15:59:11+00:00,f98a6d294b7e53aa99b3e8e95b9d366984409066abf7f5c401a676cdf3ec6ca0,https://www.vlr.gg/player/2190/baddyg
58183,1,2026-10-06T16:01:23+00:00,0462c5a1a938e470c530d6e068cd4a9fcab2e6e0862cda994e64db9deeb02361,https://www.vlr.gg/player/22047/rarga
54597,1,2026-10-06T16:01:24+00:00,782f819919abf5b4e73261c850331fd305ab8d9190323a1889addb5479c59530,https://www.vlr.gg/player/22964/forbanz
57266,1,2026-10-06T16:01:24+00:00,eafac61cf1858c93adc924a185891e705bcd51b05f7250dc04916d18cd8808cf,https://www.vlr.gg/player/23062/surf
63137,1,2026-10-06T16:01:25+00:00,3abb6356555172683c930689876904ac8d852d2e1d4d9319d68850a06847c7ef,https://www.vlr.gg/player/23169/minny
49419,1,2026-10-06T16:01:25+00:00,0a2193069f007460eb802b8044bf82ead0eefe98d8572aac4ca6d5d7e8e3e678,https://www.vlr.gg/player/23365/koshmaras
47308,1,2026-10-06T16:01:26+00:00,537dcc92017da5ad3a0150f51bc84de554229b2661a928462226cc78805ecad8,https://www.vlr.gg/player/23930/potter
46474,1,2026-10-06T16:01:27+00:00,abc8a536c37660ff40b4fa14e4431975e1090e9dbfee0aa412375f142864bf17,https://www.vlr.gg/player/23971/ask
58561,1,2026-10-06T16:01:27+00:00,dc418e78088a6f82321f2a461b8d9746e19e54f912314783eb3032c4f6f8e289,https://www.vlr.gg/player/24007/shyy
70678,1,2026-10-06T15:59:11+00:00,3b40b74a420569175e34ed406c54401efed01e0e45ad9b7b2578294b1ad7361f,https://www.vlr.gg/player/2408/tuyz
63448,1,2026-10-06T16:01:28+00:00,3647c4d77ac2e82b632411f38b4d2c7915c6acf1002816ee1076e90f24ac65c8,https://www.vlr.gg/player/24228/smoke
52965,1,2026-10-06T16:01:29+00:00,71970c8eadcd0f2450e83324f030aa2d418c352ea82dd59944d2553b739396ee,https://www.vlr.gg/player/24308/wsleo
57168,1,2026-10-06T16:01:29+00:00,399d375037a75970387ce75c9bff7dd2f07172d99c1e5e15732e34f67458e5cf,https://www.vlr.gg/player/24344/loita
62505,1,2026-10-06T16:01:30+00:00,f88107e7b129cf2214b877eab5957a86208cbc96203730854771e314fc0860b3,https://www.vlr.gg/player/24424/pa1ze
82845,1,2026-10-06T16:01:30+00:00,48ba593dfd996be61e86883f5f000485240d1427a148cf1447e463fa753e9781,https://www.vlr.gg/player/24553/boni
64628,1,2026-10-06T15:59:12+00:00,06ec0320fcc2ee1b931744bd80478a9454623f445815575b07328e27d5ff2072,https://www.vlr.gg/player/2462/keznit
69929,1,2026-10-06T15:59:13+00:00,cb4d52ee871e8ff6b406b62c1d12a78d19f0323720391ba05b471d07be1041bd,https://www.vlr.gg/player/2489/munchkin
62062,1,2026-10-06T16:01:31+00:00,90466ae6ee133d988b1dd18ac58c74537b493f99057a77455450c8ed28ca3624,https://www.vlr.gg/player/24895/jemkin
53338,1,2026-10-06T16:01:32+00:00,84b3c77c9def14bef041ffcdb5c468092566fef2b62424737b1cb5f39b794028,https://www.vlr.gg/player/25017/ash
49249,1,2026-10-06T16:01:32+00:00,40fa64279a64838ceba9ba5583a597f0d2ead406e9549fe9329189d44ad4e9fa,https://www.vlr.gg/player/25053/wolverine
46254,1,2026-10-06T16:01:33+00:00,ec76d69c4353090f43bb9c8b72bd9b74fa2856a1a507ec497f7f4209016d7d06,https://www.vlr.gg/player/25089/cabeza
72868,1,2026-10-06T15:58:30+00:00,5c35abf9276f64669757d5e5290c88c0dcf64ba2af7302a24c2d27f6d1b3a228,https://www.vlr.gg/player/251/b1sk
67049,1,2026-10-06T15:58:31+00:00,54c2731a1b51cb219e5b88a7d93b29ac297bde309c0363dc18721b8156b93c3b,https://www.vlr.gg/player/252/d3ffo
56232,1,2026-10-06T16:01:34+00:00,25fd7eac26eff0cd769dc5a355275e693c44bae91f83c75503717ee277dd2ec5,https://www.vlr.gg/player/25221/xdll
51482,1,2026-10-06T16:01:34+00:00,7e5c3806a513d2995c29dd1ce349b7988245d4ef65f501447c73fe10fbab8b9f,https://www.vlr.gg/player/25255/primmie
54457,1,2026-10-06T16:01:35+00:00,4a4de7d2c92210cede2e0d110b441f41f550cd62c318b5342d46627e241c14cb,https://www.vlr.gg/player/25494/shr1mp
54331,1,2026-10-06T16:01:36+00:00,0fb662142b217417b5c83ebd0abb1c11eaf94703d8b0ee3b05ef749f6f500c0b,https://www.vlr.gg/player/25743/raafa
53623,1,2026-10-06T16:01:36+00:00,045f3ab60708b8c6a5bf40646e907f84b499866f9f37d31ac1a3660040899bb7,https://www.vlr.gg/player/25858/sw
46440,1,2026-10-06T16:01:37+00:00,dfd12f5312660c9c169623c06ce9cf838963562e28e1aab900bd830d0559f432,https://www.vlr.gg/player/25915/brian
63626,1,2026-10-06T15:58:32+00:00,643533261d06295606434a196519c0b71828beaf311602d2591a228b19ea6cb6,https://www.vlr.gg/player/261/victor
59893,1,2026-10-06T15:59:13+00:00,d799754661464855784cb9154613b5dca48b7875bb58bd20b8fa38e05b857cc4,https://www.vlr.gg/player/2610/klaus
50474,1,2026-10-06T16:01:37+00:00,4283b84bf7b429e48ad31f33ec6864378a8c5378f6e6a8a8942e8d94dda16ec5,https://www.vlr.gg/player/26102/bethany-davie
51236,1,2026-10-06T15:59:14+00:00,ffb9ac1420576b64e6ccfb2f55bff5b27d2d04ed37ac692be37b8482b23be1c4,https://www.vlr.gg/player/2615/clz
63974,1,2026-10-06T16:01:38+00:00,395dc6ab0ef0d3aef556841cdefd124cd72c93ead14112f6a03cd470f88d5ce6,https://www.vlr.gg/player/26171/demon1
61414,1,2026-10-06T15:58:32+00:00,f6c2fe399d47feaef0cdb9b9a78130717faf21798cd57c8b062b208e67c831f9,https://www.vlr.gg/player/263/marved
74944,1,2026-10-06T15:59:14+00:00,3c579b3ceaf27e9cc39b2a67bba2caa2496ea4bf3b573ca9cc08f5fcccaba1c3,https://www.vlr.gg/player/2653/jesse
94888,1,2026-10-06T16:01:39+00:00,df2164ca3c5f42556baa26d543d9e839b3d8be84f723bbbefcebdd3f65ee0fe4,https://www.vlr.gg/player/26848/zeek
60764,1,2026-10-06T16:01:39+00:00,564389ce0df67639c08c07e1647467a67090703e358be5d9ae9d0102c3b29bd3,https://www.vlr.gg/player/27149/brinks
56873,1,2026-10-06T16:01:40+00:00,8b016c9fda4413c58ad2647807504c59aea7253cc43ff903a3484d1bfba88e9b,https://www.vlr.gg/player/27244/seph1roth
42897,1,2026-10-06T16:01:40+00:00,c33f1e5ba51b8ebfdb8250f64da4a0a03ea6458ddbbe1b5ee99dc0b88edc4fbc,https://www.vlr.gg/player/27384/jaxe
52610,1,2026-10-06T16:01:41+00:00,2e11bd4e1e06a178c2f17d32cac581d9460465bc09e87128f508f177a7398970,https://www.vlr.gg/player/28400/hyunmin
72905,1,2026-10-06T15:59:15+00:00,ad2db40f84d1a428d682118aa8cf7a2730c1afec996a5caa062973c5053a5c05,https://www.vlr.gg/player/2858/suygetsu
52037,1,2026-10-06T16:01:41+00:00,1990da9e2a401552b1178e3c1e39c70104abae2f955b86c93e285a030f78fa48,https://www.vlr.gg/player/28716/lukxo
55872,1,2026-10-06T16:01:42+00:00,062c29c44c6068cddfce150ed13eaabcddf786831d8cc95f8d712b7271836af1,https://www.vlr.gg/player/28948/ninja
97252,1,2026-10-06T16:01:43+00:00,8cd8f2b0ecb75f4952ab81b72b105789a46a005b50f6627f33f6d79ff4e0d532,https://www.vlr.gg/player/29074/sonofcar
86444,1,2026-10-06T16:01:44+00:00,7737cd37870bbd1ae001b0a1549620564f3ba58fd2472d3bed6f89f733b78e2e,https://www.vlr.gg/player/29076/satellite
53937,1,2026-10-06T16:01:45+00:00,23ad316a0e65675edf1830ae254a87c312637421ee3f102cc5d7b10d029657d9,https://www.vlr.gg/player/29242/erde
53468,1,2026-10-06T16:01:46+00:00,3d40f4bb487528b871ada7899ec3bfc902a39b53115697b42bcd94fe1f3098e6,https://www.vlr.gg/player/29243/neon
60976,1,2026-10-06T16:01:46+00:00,409d765fae3cb495214d90ad297f5f6568072cd420612b99af1707cc4e2e7da1,https://www.vlr.gg/player/29559/javelin
56589,1,2026-10-06T16:01:47+00:00,4b1f5399d934a39291c8c8b456bf02068a1d1b831bdac2a0bc5d7b391fc67e3d,https://www.vlr.gg/player/29833/izu
49875,1,2026-10-06T16:01:47+00:00,a0efb4dfccd21943a41d19005e52ed7a9fffe59c828a4e88838e8011929c7658,https://www.vlr.gg/player/29839/tenten
48998,1,2026-10-06T16:01:48+00:00,01daa0982ad439fe1543cd07d8882aac1f20712e923f1e1ea54dc8b9be0270c8,https://www.vlr.gg/player/29841/caedye
49026,1,2026-10-06T16:01:49+00:00,9686842282232f2db76b25347d46ad0b1974d61369b77ab279635fd327281493,https://www.vlr.gg/player/29843/yatsuka
53953,1,2026-10-06T16:01:49+00:00,65aeb6432db841c7131845fa39b2b3cc0c1f2dac149e427c5e10e6e0afe4d3a3,https://www.vlr.gg/player/29867/hiro
61123,1,2026-10-06T16:01:50+00:00,cc2456b5cbb77236b4bc97f80c1333dcba33d6cdfe86ff7e218e3f78198ab381,https://www.vlr.gg/player/29873/benjyfishy
68249,1,2026-10-06T16:01:50+00:00,ec80e348decc022755bff6407ebed9aaa2da2c822743eec1e6b1a92da5fe0db4,https://www.vlr.gg/player/29893/timotino
91094,1,2026-10-06T15:59:16+00:00,e6d72d04dd61c08e2aa037eb49f09db1a5d2f0ef0b3faf7dcf70100f3aa25a53,https://www.vlr.gg/player/3007/tdawgg
70849,1,2026-10-06T15:59:16+00:00,3280888758a6e1e1ee68fff71955cc702d3370ab6c93a99a5c26cd1d5b1c16b5,https://www.vlr.gg/player/3017/nobody
72834,1,2026-10-06T15:59:17+00:00,a9008e30d3c4448a5b9f377c1ddce798ebc386476d9d800144ced851bb15b681,https://www.vlr.gg/player/3028/life
31282,1,2026-10-06T15:59:17+00:00,59e382f90e68930ca897ec698777d14d7cf20cfc61009ab6e81277156e5d6e43,https://www.vlr.gg/player/3031/septem7
64493,1,2026-10-06T15:59:18+00:00,e50901b260d2844e83d299d85bcbe8efdf6a96a7b517c0717c1006864940dedd,https://www.vlr.gg/player/3045/luok1ng
68341,1,2026-10-06T16:01:51+00:00,2706b43fed9b124e68d60bfcf131f64690a40939f369a8252ceac1dbdf905908,https://www.vlr.gg/player/30470/kyu
66743,1,2026-10-06T16:01:52+00:00,d87057c8267a4930ad841d98ee8777cb463d91bba9e1d218a2ea2798db2c271d,https://www.vlr.gg/player/30556/exa
58126,1,2026-10-06T16:01:53+00:00,8d131a06815a287c911d3caebb35e3cae4a2c2438da27856af3f929dc1fdc502,https://www.vlr.gg/player/31305/lar0k
34214,1,2026-10-06T16:01:53+00:00,4e9269a91b1d361be10e09304c2d7a89760b12fbc35a3ee42859b56948cda8bb,https://www.vlr.gg/player/31376/tarik
48207,1,2026-10-06T16:01:54+00:00,e3deb9ff1ba33c51498b690b9619fb93b4762eb7dae16bbf9638e884901ee590,https://www.vlr.gg/player/31476/mephisto
56618,1,2026-10-06T16:01:55+00:00,f76a39f9ed4eaf6a8d5f325fb24e0a605187870d41fc2382ccbeeaf7d02a73c9,https://www.vlr.gg/player/31632/zenox
54175,1,2026-10-06T16:01:55+00:00,1c8ca6688f6716e4a0d5ad23668d32ab444d3f02539f573d6008393ca43eb2d2,https://www.vlr.gg/player/31753/spiritz1
55643,1,2026-10-06T16:01:56+00:00,b20d2d96073be9b42bc319f8768c97a5c69a9a8a780b5c9d874604253fa5a7a4,https://www.vlr.gg/player/31827/dambi
55638,1,2026-10-06T16:01:57+00:00,4151f032c6ef5e27c0e14587682285fe73e317532aa073c100761163841e93cf,https://www.vlr.gg/player/31828/francis
56036,1,2026-10-06T16:01:57+00:00,15a97b57bb68e40e1926f39b3b89acc386b828fd95f77edc6a2db707aad6c149,https://www.vlr.gg/player/31829/ivy
68200,1,2026-10-06T15:58:33+00:00,8488701a47ce0b54ee4509ab1b860aab6294a6280dc69b8e8ace8df5aa473eea,https://www.vlr.gg/player/321/chiwa
45812,1,2026-10-06T16:01:58+00:00,a22e591b847b35e898a8b6f179e779b5e39075e7b41c67f04fdcc9841c638ea7,https://www.vlr.gg/player/32183/dannyy
61504,1,2026-10-06T16:01:58+00:00,32512c707a5a7559f1df918d95556101e30c54904a882f4c258c6a20a9d311a2,https://www.vlr.gg/player/33358/shinnok
50971,1,2026-10-06T16:01:59+00:00,b5a2da0e3613d4ecfa875a8fe1afa3f8442ff1f92ee959cc6a1fccb481cff17b,https://www.vlr.gg/player/33570/chubizin
52095,1,2026-10-06T16:02:00+00:00,e11abfee96bc8ecf1c309536a7927bfc62e04d75ea388f6c3c427c896f8c59a0,https://www.vlr.gg/player/33902/sayonara
77769,1,2026-10-06T15:59:19+00:00,309b424b2707da39e1be878219b3f240f24f7054be19a4f0cf5313eaed1b954b,https://www.vlr.gg/player/3401/ptc
72405,1,2026-10-06T16:02:01+00:00,368161b412c81808273913c5d9e68390b92fb369b9cfae262672bd724cdc7fce,https://www.vlr.gg/player/34057/jerrwin
62548,1,2026-10-06T16:02:01+00:00,cc8a6e03beab1738cd8ea081d9597562ed40d0a6585e7a1257782d71e6799592,https://www.vlr.gg/player/34400/bao
54356,1,2026-10-06T16:02:02+00:00,08de81191c67bc91d117215bf08263c20ec6b984e336f8fa021f47c552978632,https://www.vlr.gg/player/34684/westside
40846,1,2026-10-06T16:02:03+00:00,e82159a977a13accdb8d05af1a3f85ee05bf7e6e6b665e072efae9d107cfb890,https://www.vlr.gg/player/34775/sota
50127,1,2026-10-06T16:02:03+00:00,d0970fd9275dbf0a967c2e25fbb752e3815808d24977d66a43045cff98d251ae,https://www.vlr.gg/player/34776/absol
45325,1,2026-10-06T16:02:04+00:00,b68a840da3d0d175aa91d16df06684bd49db3936eafdffe84bb309c3a9c737c6,https://www.vlr.gg/player/34785/yowamu
47628,1,2026-10-06T16:02:04+00:00,9f8be72a0694edb11126fe463e4cb3b1cb8050316a5bb0e77a2a09dfd1b8905a,https://www.vlr.gg/player/34926/oonzmlp
56113,1,2026-10-06T16:02:05+00:00,54b3764356238408c80d6b8b986ae1caa2d5569dfd346f6f93b9123da6230404,https://www.vlr.gg/player/34974/karon
32722,1,2026-10-06T15:59:20+00:00,b0969087dd8c3a8e1b7b0677509f7628718d675bea20587830c54b8d97761530,https://www.vlr.gg/player/3518/cxyy
58776,1,2026-10-06T15:59:20+00:00,57948acd4241a13cc78c7396df3f6bb0a09c8d183eef5332426749ae629e6304,https://www.vlr.gg/player/3519/jkuro
76468,1,2026-10-06T15:59:21+00:00,5eea7fcf1ff80114ae986e0640ee0e59f8ae54939e82ec02e7e3d5254bdde36a,https://www.vlr.gg/player/3520/zmjjkk
43374,1,2026-10-06T16:02:06+00:00,38ffd64ed7dc771ab3740528018a1986276e620bd83b10b8f3c575e9728702f0,https://www.vlr.gg/player/35302/eggsterr
59570,1,2026-10-06T15:59:21+00:00,232017e0a5640f054f499e69e1d04f879301798d2df170c1810f12cf6924823b,https://www.vlr.gg/player/3547/ninebody
45679,1,2026-10-06T16:02:06+00:00,5cf675324a2ff83176b237ffdc4c4607b7001b076be0ae0c032946cf3b0b10bb,https://www.vlr.gg/player/36070/zimo
59497,1,2026-10-06T16:02:07+00:00,76496e409b0625c1950c02d548f4cfd8bdaa66d3cbdf639858df4bbd27243ee5,https://www.vlr.gg/player/36245/n4rrate
29759,1,2026-10-06T16:02:07+00:00,1bfef9601fcd15b57de6efda5a47dcccad915d7ceee24680c9955fe127fb1aa1,https://www.vlr.gg/player/36513/guran
41260,1,2026-10-06T16:02:08+00:00,586bd23297b8376a14f131349dcf3dfd5f269250731688d54a815a8753dcdd34,https://www.vlr.gg/player/36670/obone
56454,1,2026-10-06T16:02:09+00:00,02ba752f8b9c81a56d9d95c53703ef9fe531250fcc3d4f0e800436b171f2f0cf,https://www.vlr.gg/player/36685/splash
58465,1,2026-10-06T16:02:09+00:00,6bfd7e44ea08393a73ae462e7a31d02e50c6ac88fb93bffd3df06758a87cf1b8,https://www.vlr.gg/player/36748/czester
93353,1,2026-10-06T15:59:22+00:00,33ffb819f7cacd184f552b93a40cd13b1f380f2d1f647471a3e6af9ccfa5c6fc,https://www.vlr.gg/player/3685/flyuh
53250,1,2026-10-06T16:02:10+00:00,7ee923affced1a2f12c6c1846501862a0005fffa9328a69628bfaee2715c5407,https://www.vlr.gg/player/37105/loss
78364,1,2026-10-06T15:59:23+00:00,f2e54554f4feeff40ba2d46304e70cf19e36fbafc99b56cd74a9615298106541,https://www.vlr.gg/player/3722/koalanoob
49405,1,2026-10-06T16:02:11+00:00,9e5e6270787398d0eeeb827ba2db6e5b040fe5890b6cfefc35bd7a8efd1883f4,https://www.vlr.gg/player/37354/basic
75054,1,2026-10-06T15:59:23+00:00,41192dd5c17d68ee1a9dae8b7490d901e401c602614a008e94414c1d5cf79f93,https://www.vlr.gg/player/3741/vo0kashu
60373,1,2026-10-06T16:02:11+00:00,44967f58d90f1fe8147935903498a2c880081edd7183b547ed2aff690aeb68cc,https://www.vlr.gg/player/37489/lysoar
55848,1,2026-10-06T16:02:12+00:00,16972cfda445efcc12af8b11be25c5462c1192b501c91ae2dfc950dec9e72138,https://www.vlr.gg/player/37494/kai
45789,1,2026-10-06T16:02:12+00:00,d011c855aa07c0b13e09dada11f093c6014e238f273019259596ebb9bc6974cb,https://www.vlr.gg/player/37532/zexy
55504,1,2026-10-06T16:02:13+00:00,4d16728e0c39f77b99d30ca4e6c2ec4629cc17bb37a27ca5ac43f3cf4baeb031,https://www.vlr.gg/player/37925/kolosha
56921,1,2026-10-06T16:02:14+00:00,5454078762b93292ed4b4c81a486155b3c9b2afa63b589f6d6166961c2905a71,https://www.vlr.gg/player/37927/happywei
68729,1,2026-10-06T15:59:24+00:00,c7dfb22e3f09c44b17343988184ceacbd8b24b53d82be0840629bad0e726bed9,https://www.vlr.gg/player/3828/tacolilla
64524,1,2026-10-06T15:58:33+00:00,3216f1932c58b1caa0af01164237cb4cc9245ae7526941b272a307e17b2b698b,https://www.vlr.gg/player/384/shao
76362,1,2026-10-06T15:59:25+00:00,cbfa6527e3e3ab46f9f117d8ab49966598978aa082d51ba0199e35dc614ae15d,https://www.vlr.gg/player/3880/bang
82538,1,2026-10-06T15:59:25+00:00,03dc27bd7bbcbd1baf5aa0ea118e20d302e84c939e43714007b3ad9efe2a78da,https://www.vlr.gg/player/3885/valyn
83332,1,2026-10-06T16:02:14+00:00,be43deb69858058e40504d954df8c12da703af5f66b5602afcbba1031d232adc,https://www.vlr.gg/player/39021/notexxd
42491,1,2026-10-06T16:02:15+00:00,e895c52293a36c67fd6fdcccd80f85fc9ff0240b179bbedc3229b642639bc2c1,https://www.vlr.gg/player/39180/echo
54225,1,2026-10-06T16:02:15+00:00,e3e167f7e7d69199ee5bf456f359d855bcf8174dcb883acc19804baab5928850,https://www.vlr.gg/player/39351/wezzy
50519,1,2026-10-06T16:02:16+00:00,707acfc322a1c283654494f073819c8084154cda5f9956a5b1fa0f74d702a670,https://www.vlr.gg/player/39357/s0pp
49560,1,2026-10-06T16:02:17+00:00,4aeff33b6fd7133c835a9565570fad89188c93189f4fcc9bda0a994509c51db0,https://www.vlr.gg/player/39485/scales
49135,1,2026-10-06T16:02:17+00:00,1d2e829f9b30486bd065309e11dceebc472eaf75b5ca6e4b678cd39ade1e8ab8,https://www.vlr.gg/player/39697/cb
68349,1,2026-10-06T15:59:26+00:00,91be5d74c014c509550186b40dd60262514ce9dced1a35554f2f6ee93beb6b58,https://www.vlr.gg/player/3977/crws
82369,1,2026-10-06T15:59:27+00:00,426f3d71527ac9b79785dd435fdebb27212239858ff5dcccc0cd0eac1675058c,https://www.vlr.gg/player/3983/virtyy
79335,1,2026-10-06T15:59:27+00:00,77759340c25f65ce11812f895b837a2d34239f0515c2e4ebd0f7e6da0ce69878,https://www.vlr.gg/player/3993/jawgemo
68243,1,2026-10-06T15:58:23+00:00,1166d5ec96dc970491b5885c359c21b393a627cd4ad438739d4b5283730b43d6,https://www.vlr.gg/player/4/crashies
84246,1,2026-10-06T15:59:28+00:00,d10c3860dc6d21524afc853c9e27cb6552a07b1ce8f68f3d0f4acfa5ccb7efb3,https://www.vlr.gg/player/4004/zekken
50662,1,2026-10-06T15:59:28+00:00,207b73e99db5198777bfed8853b03adefbaee37462642f9e1099bff43e39a9f7,https://www.vlr.gg/player/4038/bangnan
50664,1,2026-10-06T16:02:18+00:00,38ad4cc27b08f87a382aa302bbecc04d25d8e958c27ac08b0649c615707de91e,https://www.vlr.gg/player/40511/niz
57796,1,2026-10-06T15:59:29+00:00,970907d89224f6c93b32db01332bee794cc0effb9967b2f8eaa56a65b39cade2,https://www.vlr.gg/player/4056/sylvan
52242,1,2026-10-06T16:02:19+00:00,4e2413c2ff585a29ad2b28be81ff1a0ce0976c13da41f9520901f839c77e5d7f,https://www.vlr.gg/player/40843/audaz
55126,1,2026-10-06T16:02:19+00:00,d6a84900d7d2b2af8de0406f58362e8cee287aa6b6c8fcbd781501d3db8a2a8b,https://www.vlr.gg/player/40935/lovers-rock
30901,1,2026-10-06T16:02:20+00:00,bb3dd4aeaca3f30353573c194b03355c5c572ef5857ef968d30a86656c512212,https://www.vlr.gg/player/41029/z1yan
50507,1,2026-10-06T16:02:21+00:00,7724cef39fd9d672a030b4002bd2c2237d2e11795ddeb612bfa22d12e528eccc,https://www.vlr.gg/player/41054/guang
47603,1,2026-10-06T16:02:21+00:00,35ecb7a0243d80abb6f0c82ebbfd038fb75c44205924caff7d30d3b33fa741c8,https://www.vlr.gg/player/41135/dantedeu5
51275,1,2026-10-06T15:59:30+00:00,d7e69f01cc3e81244516421d6fd1f9568159ee6e4672478543e268bdf0932b3c,https://www.vlr.gg/player/4122/persia
79356,1,2026-10-06T15:59:30+00:00,fa14f866fcb825a9a6ecb81919177950a0b9f468116714ffe824fa37bfaf9db6,https://www.vlr.gg/player/4147/cryocells
53050,1,2026-10-06T15:38:27+00:00,5f0cadf6ae2b7fa0d59515617fe25246fc9d34dc8472898636c876b74e399416,https://www.vlr.gg/player/4164/s0m
49083,1,2026-10-06T16:02:22+00:00,44fd54b06204ac7d8ef765b0cc49d1fea09b223349cb51e0771ca39382b3073f,https://www.vlr.gg/player/41694/endoist
48552,1,2026-10-06T16:02:22+00:00,d1f35b2cec4c23b437e55e0aba59e6dcc1bbb115ce4d256555c8e454ee169558,https://www.vlr.gg/player/41720/favian
53760,1,2026-10-06T16:02:23+00:00,14761160ecc44cf1bd4bf174257097cd338922c7966457e57418f6870bb3e1f7,https://www.vlr.gg/player/41739/slowly
59958,1,2026-10-06T16:02:24+00:00,df49c22373508d778bfb9b8315a752696be29640cbba570a087674bc386198f8,https://www.vlr.gg/player/41798/nightz
67804,1,2026-10-06T15:59:31+00:00,422c0ba86291e8f936364680a9a61d00b6cfee513bfcc39922c4b30b50b36422,https://www.vlr.gg/player/4181/cloud
47410,1,2026-10-06T16:02:24+00:00,c3078795eb679c6059a3c081c0418c03a026e779911c913f7262a519feb3fe4e,https://www.vlr.gg/player/42235/dynamite
45081,1,2026-10-06T16:02:25+00:00,d781e55d22d0edbe21eb71ec086f7da9b26fadab1630623e48cc8e175f624d9e,https://www.vlr.gg/player/42358/darxcioo
56929,1,2026-10-06T15:58:34+00:00,28997d50f575238eed41391466d25523c860e51e96e9ccd3c0bc3e7b946ce4cf,https://www.vlr.gg/player/424/dep
66716,1,2026-10-06T15:59:32+00:00,715159e1abe07b116c087b7737d5214d40268883eec2f046d8b0895164291f54,https://www.vlr.gg/player/4244/yaboilewis
42454,1,2026-10-06T16:02:25+00:00,f10a0c778530b579acd5ca97e1f9a0fc40fcedca5a9b48de3fa2f09fde9bb5de,https://www.vlr.gg/player/42454/sizo
50501,1,2026-10-06T16:02:26+00:00,a235608b6c25f7f360ccff5075ca7769651c984fd19c3d803756dad76f6aaade,https://www.vlr.gg/player/42651/avey
43278,1,2026-10-06T16:02:27+00:00,d791c3301cc9370a2a7fbf9f43dfb4b85da921df230db4dd707852c6e7799fbc,https://www.vlr.gg/player/42721/awayk
43890,1,2026-10-06T16:02:27+00:00,5ac1f70c6627e71a3a379ecb9b10aa000e04983de671a6553cc7a300555f3ee1,https://www.vlr.gg/player/42733/xuna
41262,1,2026-10-06T16:02:28+00:00,e4f40a2a20f5ac34fc2d29fe15f4020edb37087d0181718d5791e041080a2e68,https://www.vlr.gg/player/42755/shu
43289,1,2026-10-06T16:02:29+00:00,b36eedecd020c5d7fb6cb2e9075d4b00318143cf049594f1e91fe277a79da265,https://www.vlr.gg/player/42769/wezzy
48840,1,2026-10-06T16:02:29+00:00,e30ddcd1ec614ddfbe5bb98b2497f2eed2fbc569b48220e8bd0bbc485205e3b4,https://www.vlr.gg/player/42772/xross
44427,1,2026-10-06T16:02:30+00:00,cadac946e99f33cebbe870dc762aa9c3ec8daa9396e8ffa471fee30df83cc0a6,https://www.vlr.gg/player/42793/kally
41652,1,2026-10-06T16:02:30+00:00,4fff940febc8039dcc90926a3c7826453b844a82a4fb21694d913f2c7ff90237,https://www.vlr.gg/player/42901/thyy
41869,1,2026-10-06T16:02:31+00:00,1cf71fdc24957166ec6d071c2c93e715dc62b718f8deb9ffff6cae3d51234c34,https://www.vlr.gg/player/43007/qiutian
69757,1,2026-10-06T15:58:35+00:00,062ffb15c5e314cde8f76f030da564688c81d0c3c7f2d72ddd51eaca84a9f89b,https://www.vlr.gg/player/438/boaster
62612,1,2026-10-06T15:59:33+00:00,a0dbf5180c0135ef93137785c05f389e9b8797ed9142e776274682485fc15b04,https://www.vlr.gg/player/4382/sscary
41553,1,2026-10-06T15:59:33+00:00,2051140e0a80fc20ebb2bcb8cb6aa62f43111786b4124386a3b5671f34b0a5b7,https://www.vlr.gg/player/4426/klaus
63955,1,2026-10-06T15:59:34+00:00,44b665e2aaf8c7738c78c59f3c422de2d0ccd2d80a97ad720cf8c9c1c91366af,https://www.vlr.gg/player/4428/udotan
66393,1,2026-10-06T15:59:34+00:00,3b10988f2dcbfa9b6b5ce4c2e6ccdb6f16eab99af5d8369e18fe8eabfb4e9e59,https://www.vlr.gg/player/4462/mako
68914,1,2026-10-06T16:02:32+00:00,70c512fee0e7d8dbc125df4b49e1f95d3f7bbe4af3912200ef5a01b413b9622e,https://www.vlr.gg/player/44842/jackk
63366,1,2026-10-06T15:59:35+00:00,8d450d9ea141c1411c6626e183366a4b3dd3a4ea22df89b61f72578def4e8b41,https://www.vlr.gg/player/4521/unfake
65565,1,2026-10-06T15:58:35+00:00,f678e3f5ebfd8e522a144926cbea95ce3c67e70f11fd15762dd310b68b5ff3e3,https://www.vlr.gg/player/454/dapr
64519,1,2026-10-06T15:59:36+00:00,b097a9b6ea53be56a3476b620b4ba9ea602f750f5b52a5917740d6a4efdae470,https://www.vlr.gg/player/4544/filu
51353,1,2026-10-06T16:02:32+00:00,2d45309f5ac2b74e613f4f14344a2e141fceb0edf5d5b842fc4c5e522e83ec4b,https://www.vlr.gg/player/45492/swagzor
54749,1,2026-10-06T16:02:33+00:00,525c583da197ec05adcbc5aeaaa4092c0ad31bc72c98c55745a2b83daa1fabcc,https://www.vlr.gg/player/45494/proxh
75318,1,2026-10-06T15:58:36+00:00,4c54ab91baaf9ab7df8214da703c5429e48999f8bb5c753ae47f85135965c328,https://www.vlr.gg/player/457/nats
76975,1,2026-10-06T15:58:37+00:00,213c899a7e73830d423e690af3b43091fedd4910ef6d6434c11d3deb6106509e,https://www.vlr.gg/player/458/chronicle
70237,1,2026-10-06T15:59:36+00:00,128512282a7a1c45f377176e200282f6689228ed43f5c2534e81693f493c5dcc,https://www.vlr.gg/player/4581/jonahp
41096,1,2026-10-06T16:02:33+00:00,067a4fca00aa2701a2bb801ac5a73fa6ebccb654b04ed64582e427f10d60288d,https://www.vlr.gg/player/45962/ken
50713,1,2026-10-06T15:58:25+00:00,6d7c7c22a2280a661c924c0b653dc2b85106a63ecd31c700ab5856ce650ae682,https://www.vlr.gg/player/46/shahzeb-khan
40098,1,2026-10-06T16:02:34+00:00,2bebe3cea91dc763d87632e44ccbf49edb2eb3d88ef3398f8d879d6029d1ec16,https://www.vlr.gg/player/46040/youze
45878,1,2026-10-06T16:02:35+00:00,650f0cd36e2ac931ecc6bbe3ab2b60d02333d523f753661ebfbd4c8ce34d1382,https://www.vlr.gg/player/46135/zeus
50192,1,2026-10-06T16:02:35+00:00,cbd8fb0a4ebc666d55829e21c66244ca3380790cfe0472417800d71554562550,https://www.vlr.gg/player/46446/titoune
46320,1,2026-10-06T16:02:36+00:00,387af7a749ed0364cfe043728640f203ab158f8d7c08962a073435de37abfb22,https://www.vlr.gg/player/46460/ezeir
41302,1,2026-10-06T16:02:36+00:00,7911c2bd583c72d31fda01ea4c95ece5937e448fb3339b415292ed3e987e1ce8,https://www.vlr.gg/player/46532/satoshi
36456,1,2026-10-06T15:59:37+00:00,bfa3bcc57d083d0da6840ef25d02db4c274811a0b765961f515bc1652ece8896,https://www.vlr.gg/player/4666/acme
50181,1,2026-10-06T16:02:37+00:00,3f9dc0529d0e05c07ca39447c9df0cf610b66dde4fb2344da85d5f6c9833ffb9,https://www.vlr.gg/player/46748/k1ra
63110,1,2026-10-06T15:59:37+00:00,b3ac74d3923d90f62a986fab80b4f86c043d021cf32e74380f415263efa5c975,https://www.vlr.gg/player/4678/beyn
51877,1,2026-10-06T15:58:25+00:00,7ccf2b04018a4c5ff7dc1c35cd55af9ffbb2d0409a666d29bd954cff881a0113,https://www.vlr.gg/player/47/zombs
44639,1,2026-10-06T16:02:38+00:00,7f40a884fae9b0ba6462cce9a2dc23cf8e5215e936f7e84e2796b9213b7b6784,https://www.vlr.gg/player/47101/5cm
59549,1,2026-10-06T15:59:38+00:00,f54392fa0b1cd40d441ff927b3d370189fc6b1ccd4834e1579abe5609a9be326,https://www.vlr.gg/player/4712/heybay
66306,1,2026-10-06T15:59:39+00:00,8e8a62fcd5dd11d74c2636ad97f18a34a8445ff64d39d8861ca6b68806630dea,https://www.vlr.gg/player/4720/haodong
47697,1,2026-10-06T16:02:38+00:00,7af9543c665088a80e469d71742af51bfcee4b357d386802407b47c7dd75ef1c,https://www.vlr.gg/player/47212/ecco
69417,1,2026-10-06T15:59:39+00:00,e952826b2abca0ed243b88b861692b4de78ff4dad046bc26b56806b6e6b25630,https://www.vlr.gg/player/4742/smoggy
47400,1,2026-10-06T16:02:39+00:00,f7e961056301db5aecbedf0f06684e3b9e17a1cd4fa63ca4c392b4e0ff219e3a,https://www.vlr.gg/player/47629/coco
62234,1,2026-10-06T15:59:40+00:00,aaacebcef15260ef5a6de1f730947182471c8944bff7260aabe4742528c6874e,https://www.vlr.gg/player/4770/fengf
48713,1,2026-10-06T15:59:41+00:00,9f65e9be46c897f3c166e41b86797364b65e8b309f965fccb027f81e9d505358,https://www.vlr.gg/player/4771/ICEKING
67040,1,2026-10-06T15:59:41+00:00,e83c630309772925f5497f790f8c1a382dc890296755e20004ba3db7522a67b5,https://www.vlr.gg/player/4774/knight
22684,1,2026-10-06T16:02:40+00:00,71fa1b1962d61eda05aedc51a18051b6099f09d64435d3aaf5594b528e48e6a0,https://www.vlr.gg/player/47753/leo
72445,1,2026-10-06T16:02:40+00:00,a9471965baf1239cb8abdf3f03992feaef124eda68f47100a6e88aff8b54b38c,https://www.vlr.gg/player/47858/leo
71495,1,2026-10-06T15:59:42+00:00,44b4fba2b65a1578d0ca10cd7bc4202e3c7c68c419e947f81a7ae88d2bec3072,https://www.vlr.gg/player/4828/nismo
40704,1,2026-10-06T16:02:41+00:00,1787acbdaec118a3dd6b4ba2da2ce187c03c81433ae2c1235f99d692d91b3866,https://www.vlr.gg/player/48439/rimuru
73004,1,2026-10-06T15:58:37+00:00,a26ab4e312aa2b424ec8ac48763db5b594bf281d5af47123655f19a7c57d8ef6,https://www.vlr.gg/player/485/stax
67530,1,2026-10-06T15:59:42+00:00,67cf8faedc27acd7deaf5d35a3f9f23d712fd302c0eefd52e7b51a6556ac7d80,https://www.vlr.gg/player/4866/kushy
74075,1,2026-10-06T15:59:43+00:00,523f1eca114d388022eec7b8cd54d1b13a3d831c929f7d287cebc7c70f6276d5,https://www.vlr.gg/player/4871/xffero
69560,1,2026-10-06T15:59:44+00:00,7d73c0923d5253326b83a0a1925d7de5aaa4dc55f5ebc46db9cca53cade1fd3a,https://www.vlr.gg/player/4874/berserx
73767,1,2026-10-06T15:58:38+00:00,ad43d8d79be79590929982ef07bd3fa5e27480701e03eba1edd3fc22295c218c,https://www.vlr.gg/player/488/rb
51861,1,2026-10-06T15:59:44+00:00,93cdd075769271a7bc0972dc1fbfd8521a92d40ac01db75c882591c20312aa4c,https://www.vlr.gg/player/4881/spitfires
67313,1,2026-10-06T15:59:45+00:00,16576cbd2f48ab6c52266f19f81973ba85eaa6cfccff1dbc471406be73d7f1d9,https://www.vlr.gg/player/4885/whzy
51468,1,2026-10-06T16:02:42+00:00,f9739e6239b4fc4c9fc5d150f694576bc1e48aa4b3246ab7be9f27259e57b4fe,https://www.vlr.gg/player/48878/rushia
57102,1,2026-10-06T15:59:46+00:00,00aa7dc0c21d3a403a62893fe8f507e74bde71049ca588fdba7a6b0a69a99886,https://www.vlr.gg/player/4892/mersa
45505,1,2026-10-06T16:02:42+00:00,f2301c9c266e9f0462c0521bd5d474534047991891dfb7d635cc282553287a87,https://www.vlr.gg/player/48925/raxcal
69987,1,2026-10-06T15:59:46+00:00,1da7c1b5be65fe9d3065106ef40b7000277070814dd2f33aaacbf92b56e90cfe,https://www.vlr.gg/player/4927/nature
46731,1,2026-10-06T16:02:43+00:00,26da412a7847cfd55bd2e603c85a3652869dfbdf59aee5f5d8e1057a3c3f9cae,https://www.vlr.gg/player/49346/echo
45323,1,2026-10-06T16:02:43+00:00,f60539a83007d20b4cbc8704920d27f095ab289bc287c9e76b496e3decb9561a,https://www.vlr.gg/player/49476/zhe
47152,1,2026-10-06T16:02:44+00:00,a0e3ba1330e5fab20e043bbd45d394673dad348660435df4db04f9eef20941e7,https://www.vlr.gg/player/49973/glacier
50704,1,2026-10-06T16:02:45+00:00,2384268ea3dc7b8ddc9031035fd9f136763dd440ff630ad7924ef8dd53292ce8,https://www.vlr.gg/player/50025/setrod
60383,1,2026-10-06T15:59:47+00:00,e6ac5b583f3a54f53e9df551cc224125cf5fd79bb7e6e93d6e81d51c5bc5ea36,https://www.vlr.gg/player/5004/natank
36793,1,2026-10-06T16:02:45+00:00,d8ac97c2c48bffea4440a82ca04551ccfa5346c722029d8685a281363cecb519,https://www.vlr.gg/player/50080/lsn
51997,1,2026-10-06T15:59:47+00:00,9d9b93df3e9f509d9abdebdebc632544d4d1ca597119ad1b7b9cca0c34a45edc,https://www.vlr.gg/player/5011/abo
74122,1,2026-10-06T15:59:48+00:00,c4b05f184462eba31fd1eca2009c884db59a8129ee8af395c015bcf4a0266075,https://www.vlr.gg/player/5022/derke
49138,1,2026-10-06T16:02:46+00:00,11a908fc1f27e419c8b92377d8e73e51111bdfad6fa626c7e841ccadeddff48a,https://www.vlr.gg/player/50776/influx
39972,1,2026-10-06T16:02:47+00:00,ef610af29cf8cf64ef88714c19f3e29d296ac1e6a9bb6afea4861bb5a07af2a9,https://www.vlr.gg/player/50826/ramgi
43920,1,2026-10-06T16:02:48+00:00,7ba87e1e45d54e0bd9549fe432fae98206c9b3280df62f6cef6209f04fc95ae3,https://www.vlr.gg/player/51100/flicker
44165,1,2026-10-06T16:02:48+00:00,1645a3b51637e2d2a0cc4e51845b952b7951516e782794f62526bceba778873c,https://www.vlr.gg/player/51238/yong
47072,1,2026-10-06T16:02:49+00:00,ce79fa189c9cb0b7810411bbef95c99e133a272241991cf50a33cab0c9ed51c2,https://www.vlr.gg/player/51244/jieni7
41455,1,2026-10-06T16:02:49+00:00,28ebea0c1e7c460c2c31b68857401f585f61eafed006a775ee0c510ad3bf7e9d,https://www.vlr.gg/player/51250/ying
79210,1,2026-10-06T15:59:49+00:00,9a6c9d4e64fda8b28cac2043851b9d379c58ad1b244a5c94ac6050b4cf34ea35,https://www.vlr.gg/player/5132/mada
42192,1,2026-10-06T16:02:50+00:00,3e5093410ac7ed2e61c33b34a2c3b12203ec36c59b5d8d300fa694fbee0c5f67,https://www.vlr.gg/player/52101/bai
36730,1,2026-10-06T16:02:51+00:00,3b21f60d1ff04780f4606cf252e9d1d297e6ec3eb08fe6e844f66c73505cd10b,https://www.vlr.gg/player/52723/yutaro
39594,1,2026-10-06T15:59:50+00:00,3c1d2f4df9384f66f669bafbebc745750fab4d2459cb827d3617523c5b87d7d0,https://www.vlr.gg/player/5283/bunny
45966,1,2026-10-06T16:02:51+00:00,eae3e6fa21990604fa9943c916f8db2fb33a05c5849c12e24cdc38eeeddc3280,https://www.vlr.gg/player/52904/akeman
61527,1,2026-10-06T15:59:50+00:00,3a82783e5807a0e99e556c0e89267d9027c2af3b4e8f9c9fccd29cccc15da891,https://www.vlr.gg/player/5292/al0rante
44585,1,2026-10-06T16:02:52+00:00,9d61853a0822f9c22214f5c823bfcf73422487babc4cebf6c99d178a777c8b9b,https://www.vlr.gg/player/52965/oroni
59042,1,2026-10-06T15:58:26+00:00,cd3be31011872b14e88cf0be76d8cd81bf82dda2ba358bbe74473522d4e5690e,https://www.vlr.gg/player/53/inspire
59182,1,2026-10-06T15:59:51+00:00,69ae274a7c4dea437de6ae1fc9cb9520e9e992e5d9120a64712feaf96e1d2e27,https://www.vlr.gg/player/5351/rglmeister
60499,1,2026-10-06T15:59:51+00:00,49b0b7512c88d66dc053bae1f0de8363dcc0bc24852e3fdab4aa565c177ef62d,https://www.vlr.gg/player/5395/cortezia
46851,1,2026-10-06T16:02:53+00:00,32ec180825f40ba987aa025e6e99c5545ea0ee37b1ad01da923a3495873a55f3,https://www.vlr.gg/player/54487/xlele
64435,1,2026-10-06T15:59:52+00:00,c8ad60627d390054efb5ad854c4460976b5cf1a828a11fcc2c5ec15b4545c2d7,https://www.vlr.gg/player/5500/docent
44511,1,2026-10-06T16:02:53+00:00,9935e143e81ad48247b5e2c7f4ed4219ed2784c7f2050d999720bbf1e5418b49,https://www.vlr.gg/player/55085/erv
35714,1,2026-10-06T16:02:54+00:00,ea753533bc8929242427d97e7b266af81ed4bc6f5c1dbcbca0fd6dc159a94047,https://www.vlr.gg/player/55495/meep
69361,1,2026-10-06T15:59:53+00:00,fa25baa97ee2c048e2888bf58dcafe1a825393f9977f7b9373a1d1515cffd01f,https://www.vlr.gg/player/5550/grubinho
66007,1,2026-10-06T15:59:53+00:00,309728120a45919a8af7c5eb07d0b215720e71d3fe59ab66b5a0ca61be7163c0,https://www.vlr.gg/player/5554/profek
63895,1,2026-10-06T15:59:54+00:00,75b3cf7d723cb80874f2cc35a82a12231531d358ee462e91014e7f573646d0d9,https://www.vlr.gg/player/5565/ros
66218,1,2026-10-06T15:59:55+00:00,69016b50255dbd306e6026247d74bac2a793e06fc1324eef53a9613b1bdc38ae,https://www.vlr.gg/player/5568/sociablee
44404,1,2026-10-06T16:02:54+00:00,981e8202a802cf8b0cdc21fb551758ebeb9665c5b3ff0dfc50a807d73cbb41a4,https://www.vlr.gg/player/55681/kozzy
41708,1,2026-10-06T16:02:55+00:00,f76bce3d9bc6c3d4ed714dcbe466b43d0b576223990b70e65c1d0b02187b27a1,https://www.vlr.gg/player/55817/verse
30391,1,2026-10-06T16:02:56+00:00,ecaba4318bd23a1f485744667b9134e947c1b19c0c4ea96eb0e144ee84471a44,https://www.vlr.gg/player/55823/ben1ley
47625,1,2026-10-06T16:02:56+00:00,cb6cbaa2db3706fe4476a8ae631015a49ca3aecfa6d34ed9f268bb88ce52eaf8,https://www.vlr.gg/player/56062/devicehp
71462,1,2026-10-06T15:58:39+00:00,a5d00cd9bf1672364c6e023c0537c675fc230dfe29a2c83ca5f3a39d2a6c11f8,https://www.vlr.gg/player/562/zeek
71054,1,2026-10-06T15:58:39+00:00,de617c033a5a1f6bcd3e5ec26c1fce89ca0967370d989d3fa8df2df31f8e4ad3,https://www.vlr.gg/player/565/starxo
70457,1,2026-10-06T15:59:55+00:00,eb2645f2e667079fc7a9a26b635b7608d5c424934a264744c08a608c234281e8,https://www.vlr.gg/player/5654/avez
73350,1,2026-10-06T15:58:40+00:00,c30b8ad93567d9ecd547c538b86f4e2fb966712bef10b4319193ec5aeddc7a2e,https://www.vlr.gg/player/573/cned
66331,1,2026-10-06T15:59:57+00:00,6b8f31df1975691c251ce35b3777fbcc179171c899f689841809c07bc5f5498c,https://www.vlr.gg/player/5795/sickrey
67631,1,2026-10-06T15:59:58+00:00,66e121c32c22032f114f93f34802866bf5b85b7de381bf9c984f598c29c19fc2,https://www.vlr.gg/player/5796/kr1stal
43193,1,2026-10-06T16:02:57+00:00,c14aa813804efdbe132b0a05ea0515f2f09aa7cdf78d3a30152ad27027c7821e,https://www.vlr.gg/player/58959/iamgrq
62865,1,2026-10-06T15:59:58+00:00,fbe57af0244950ad5e20df3d729593cabbbb834efc6a52cb289eacb47f96c4e6,https://www.vlr.gg/player/5957/artzin
40175,1,2026-10-06T16:02:58+00:00,e8b727bb5e9710fcdc5453608e0dc37bb16ce58710a42376642e8e566b4df108,https://www.vlr.gg/player/59613/teasohot
73185,1,2026-10-06T15:58:40+00:00,f37c263c8e0c6b39bdd71bf58c02997c80286e48d4dcd4ac3c37ce8f6344fc85,https://www.vlr.gg/player/601/asuna
21539,1,2026-10-06T16:02:58+00:00,a20058498685fbb7fe1f1f79f4148388c3834eb48289232a8a981b4c35c2032a,https://www.vlr.gg/player/60184/ninja
65954,1,2026-10-06T15:59:59+00:00,5e33cd4ae3a54a2182de21a50826ddb05bc2d78a09fa0d8550c9352b85e4cdab,https://www.vlr.gg/player/6022/yosemite
72132,1,2026-10-06T15:58:41+00:00,18cc657126fef1dc955ee0016bb009e45a99a272a458a747c2d66d3498ef94f4,https://www.vlr.gg/player/604/boostio
39690,1,2026-10-06T16:02:59+00:00,854484dd963967a5bb7667ef6e03b4e3d93e2e7fb805e3fa398dbe95af9c59da,https://www.vlr.gg/player/60576/ray
63108,1,2026-10-06T15:59:59+00:00,aaa51db854a6a2d731b401dddb325cdfadcdd1f7e3a0b33e151c9040d9369b57,https://www.vlr.gg/player/6126/sibeastw0w
35750,1,2026-10-06T16:02:59+00:00,3bbccc59c6a74217017d8fa18bf954ad48493cee8907a690128343436e51695a,https://www.vlr.gg/player/61305/moose
76021,1,2026-10-06T15:58:42+00:00,87836fd7a9b6b6f4b421189911ec11d64174b5e7f688b0a1a664821b31598f97,https://www.vlr.gg/player/619/c0m
53462,1,2026-10-06T16:00:00+00:00,81409b19f281651d637d475b97f56ece59ddc9dacf862546af1401d047ff8d61,https://www.vlr.gg/player/6193/cauanzin
39677,1,2026-10-06T16:03:00+00:00,f9246fc940dd41ff4ce9a58d4280a141994cfd998382a33b7830c5f5023165cf,https://www.vlr.gg/player/62291/xiesta
62270,1,2026-10-06T16:00:01+00:00,9a7f3142344150bcc1bd59d2601e05e04bdca1a5aa5323f68067da853d399ddf,https://www.vlr.gg/player/6238/urango
30857,1,2026-10-06T16:03:01+00:00,ee8b4cba28503e8c4c926cb04e99f3c416ebf94fd5bcf6a58cb0789319e86d80,https://www.vlr.gg/player/62764/killua
17641,1,2026-10-06T16:03:01+00:00,1e7a04f1727dbed5fa90a579b4ae1d02e5b478fb5cc4796cf73bdf80c4e7b69a,https://www.vlr.gg/player/62879/killua
17592,1,2026-10-06T16:03:02+00:00,41ff19e52eb74c94b8d1b42f657b9d49d5cbcc345bb35ea4161184ee8c8da7c0,https://www.vlr.gg/player/62914/leo
41347,1,2026-10-06T16:03:02+00:00,236c65044ef6518568a3bfc393feda77e663b3fe26e269449017daca6a63583f,https://www.vlr.gg/player/64029/ft
40995,1,2026-10-06T16:03:03+00:00,c67fc2cd838545e5384f70fa79f27c0956064162fae371e751af82d50c77d098,https://www.vlr.gg/player/64969/crownfisher
68678,1,2026-10-06T15:58:42+00:00,2acd6ffaabdc3928c67c48fbd966324cf06aef4d8c4d30c5d5353e200f5d12fa,https://www.vlr.gg/player/651/frz
61143,1,2026-10-06T15:58:43+00:00,c2393e0a5eff67bd558a907140dda6aeb6a1bf1b0281cfe422e9d03dcedd4829,https://www.vlr.gg/player/659/sacy
57929,1,2026-10-06T16:00:01+00:00,c3496742ae3497e96177dc87cb575c2c376b201128dbc85576a565c81db21777,https://www.vlr.gg/player/6668/sugarz3ro
57868,1,2026-10-06T16:00:02+00:00,df0a3eac7b11ca6e8b440263a30ea1f921fd772530fe3d26762bdff55bce97f2,https://www.vlr.gg/player/6672/meiy
51189,1,2026-10-06T16:00:02+00:00,4701a8ecde230518437b5178c56d2a201b87288e810ad4a5196a787160256c4c,https://www.vlr.gg/player/6702/bazz
60506,1,2026-10-06T15:58:44+00:00,84651e8a50d902ce8213316645e473d925d65047e3ee9e95ef3cecd0af976ae8,https://www.vlr.gg/player/683/pancada
66333,1,2026-10-06T16:00:03+00:00,a4184ace9b07ba9fec7815b24200176598b11cebf29e763ff0fd5813b8b34b8c,https://www.vlr.gg/player/6925/chadi
58580,1,2026-10-06T16:00:04+00:00,aca4c350df212602e8877487cbe97108351c37693309d1d2703893264d2ac9b3,https://www.vlr.gg/player/6959/flickless
64403,1,2026-10-06T16:00:05+00:00,da53d82c454a5b94277fc5aaacde956a36fb7fb051b4c2d02e2664480a58a3ed,https://www.vlr.gg/player/7043/ncslasher
65803,1,2026-10-06T16:00:06+00:00,5a9f3fa1b0c1fc6e0018f121f66b208eadd4e208a49e170fad188100ec497a0f,https://www.vlr.gg/player/7049/natz
61955,1,2026-10-06T16:00:06+00:00,94d588a66e43dd460c240bbaf5b0acfe860b4a2e706bf6243122a35cdcacb396,https://www.vlr.gg/player/7105/qpert
50681,1,2026-10-06T15:58:26+00:00,df1c9d6a691a94a2a596ac7c6cc693536b50660b24396bd959c80468d63a5781,https://www.vlr.gg/player/72/WARDELL
64957,1,2026-10-06T15:58:44+00:00,9ad68de5f9c7d4b073eeebb2378784ebbade933ffdaa99dc78707e99fb395bb3,https://www.vlr.gg/player/727/saadhak
75126,1,2026-10-06T15:58:45+00:00,2e86bdd6808b3d4047359a7031fc810933d22690c9e3b114de8759e419fea54c,https://www.vlr.gg/player/729/zellsis
91766,1,2026-10-06T15:58:45+00:00,473a7be521ea59ee835cbb9d3a6e33656b626a135f1ab133b6dd0127430107d1,https://www.vlr.gg/player/733/stellar
64191,1,2026-10-06T16:00:07+00:00,f252c0e02124f9727eeb6a1fbe1a93925e38a58d1f45a48a10f0780373ac27e0,https://www.vlr.gg/player/7353/glovee
73860,1,2026-10-06T16:00:07+00:00,55e4755cae56c1e6b76756a3ddd0753658630efcdbac046d336337fe4cd34ef2,https://www.vlr.gg/player/7378/jinggg
57062,1,2026-10-06T16:00:08+00:00,0163a4f33886cfb2e593f63dcea648a68201192ff8e0715a11fbb11674442ba3,https://www.vlr.gg/player/7405/jremy
70521,1,2026-10-06T16:00:09+00:00,0d2afc890eb203aa32ff4b874a468162b0bc6e552a8cd104ff2dc6638aa9754a,https://www.vlr.gg/player/7426/juicy
62128,1,2026-10-06T16:00:09+00:00,21a3515170d9c9ea27aac6f4e03584875bdd4e79cdcdaeaa8c7a767bb59798ed,https://www.vlr.gg/player/7437/kellys
101606,1,2026-10-06T16:00:10+00:00,81add3626509aa9328b67848007984ebee5c47fdaf2852d490fa1fc4376855d7,https://www.vlr.gg/player/7458/moose
46405,1,2026-10-06T15:58:27+00:00,73d865f4f4fe0f6de1d028b8097e02b93b7673917a391b18df4172b61f5ff211,https://www.vlr.gg/player/75/subroza
68112,1,2026-10-06T16:00:10+00:00,28aef25647b2012aa5ad0998f36775d4a1a0c177b5b6f9f0e57ced5f80f99e25,https://www.vlr.gg/player/7603/mazino
67357,1,2026-10-06T15:58:46+00:00,5996ae06aacd50e690bddc4e2b34b7f94ad62051a487ac5e07edfce301839efe,https://www.vlr.gg/player/773/lakia
55898,1,2026-10-06T16:00:11+00:00,e620b3e67b53268dff6c4b5b3a33a963038b626d0114f4915aec9714a0de2f5d,https://www.vlr.gg/player/7745/yoshiii
73566,1,2026-10-06T16:00:12+00:00,7edd58c3813e32e361d9a6ed84923ebb1933d40ca53e46b475bd1b2e247e9b1e,https://www.vlr.gg/player/7754/xavi8k
74767,1,2026-10-06T16:00:13+00:00,bd02efbb61d11e017b654c09db2e2ccc30b5dcc222c98e8023d2830101b6fbf4,https://www.vlr.gg/player/7849/siufatbb
76206,1,2026-10-06T16:00:13+00:00,76a873d74275441bfb1486737ef1b9f27779915f8ae6dbecd5ba930f1fbc075d,https://www.vlr.gg/player/7857/berlin
50180,1,2026-10-06T16:00:14+00:00,9aa1e9f5584e1b4041a7f126df26194c5091f6e695d7c3c8c7a1612460cf43af,https://www.vlr.gg/player/7866/click
67294,1,2026-10-06T16:00:15+00:00,96c3b72b4d51f0386d583e6c6630e3d4e36f737e50f219576337883f756c41aa,https://www.vlr.gg/player/7873/leaf
67546,1,2026-10-06T15:58:47+00:00,ff5e804c2bfa79e6badfaa9c1f398cf1cbef69dc665baa853cbeaed2e7215f85,https://www.vlr.gg/player/796/eeiu
68307,1,2026-10-06T16:00:15+00:00,c8947ff39cf0b31aa80afbac543cbefd2ed02e6202bf1602a0f82884a11f20ca,https://www.vlr.gg/player/7987/kovaq
75992,1,2026-10-06T15:58:47+00:00,df899dbeb762f39ec6dcad0d18fcd1f655719b9f55cbcfc4f6297299714b2d28,https://www.vlr.gg/player/804/buzz
80637,1,2026-10-06T16:00:16+00:00,2278ecdc218c3ab882286132f1e63c267927428f2b4f6f89d77a10fdaf59812a,https://www.vlr.gg/player/8082/zander
61348,1,2026-10-06T15:37:32+00:00,3ce4e7ac60d3bdfb17dee71b2e88d65886ce3ead7f1f5f0dada2a7455764a092,https://www.vlr.gg/player/817/fns
69292,1,2026-10-06T15:58:48+00:00,c26da5154beeb0596d9778dcb7e11593ab0989747208d129f7bb47980fffe747,https://www.vlr.gg/player/818/mummay
65034,1,2026-10-06T15:58:48+00:00,5998eefc2e7d192e985e212d10a31c4aceeb67cf64d820a2f4e0843994aa6a00,https://www.vlr.gg/player/826/supamen
116270,1,2026-10-06T16:00:16+00:00,67413233f52ddc69fac8887621db8aa1d94dd89aa34984a24625a63f8d8e3717,https://www.vlr.gg/player/8286/glyph
60107,1,2026-10-06T16:00:17+00:00,8613c4e1da2680c6074329b225b76d330416599f651e3ed2f26e00b1f166947c,https://www.vlr.gg/player/8369/yetujey
83860,1,2026-10-06T16:00:18+00:00,d091f8cd820b9a9b551ce11ac6fb3741ecae80c3f8a6604562676d3fccd75d0b,https://www.vlr.gg/player/8373/okeanos
86078,1,2026-10-06T16:00:18+00:00,15c48e342b8bea9e138850e2a94737993e02fef14f5b2fe323a41ffb47d74532,https://www.vlr.gg/player/8376/seven
90133,1,2026-10-06T16:00:19+00:00,4c0c27b3f617f07f57d16cc9dc502558ec8ac1d3f5e9206044ae2b5dc9e03119,https://www.vlr.gg/player/8419/reduxx
99035,1,2026-10-06T16:00:20+00:00,f71082a1690fe8d2f1934c87dbf40265df1362cbe3e3363285dfe400ff5aac32,https://www.vlr.gg/player/8422/spaz
63439,1,2026-10-06T16:00:21+00:00,82fb1f21bf6e8dd74681c489cd4804b827a00598d7e71bb155578dcbcb1fa06c,https://www.vlr.gg/player/8447/less
67170,1,2026-10-06T16:00:21+00:00,6b650b609f019debd452b481c004a578bd5d5f966db39c42ab68fb554d35ebbe,https://www.vlr.gg/player/8480/aspas
64701,1,2026-10-06T16:00:22+00:00,bc71d7ae84dbd8f3263731d7ea3968d66d0db4ed51bb4ceab7b50cc1aaf9c321,https://www.vlr.gg/player/8502/olizera
67554,1,2026-10-06T16:00:22+00:00,19757f32ce07e500f2068ec46379b71cf4fd5f1f87560afc3eca44bc33698467,https://www.vlr.gg/player/8504/invy
63758,1,2026-10-06T16:00:23+00:00,2839c96099900161c60f299dc579ebf7ff0abc305d22b771b5a81e0e33e6eed2,https://www.vlr.gg/player/8549/kingg
72019,1,2026-10-06T16:00:24+00:00,fc0e2a60853b3e3c177c5d01528e311daa217a059835a2fd85d38dd69ca7af92,https://www.vlr.gg/player/8582/laz
61016,1,2026-10-06T16:00:24+00:00,69916d560845c60a49faf6665e3f2306511296e03cfed097b7eddfcbf611d6a1,https://www.vlr.gg/player/8673/heat
58202,1,2026-10-06T16:00:25+00:00,74e4a8a2476cef76f901288eb4073b2a1a268e079062392f55a665bedc12173a,https://www.vlr.gg/player/8706/havoc
79431,1,2026-10-06T15:58:49+00:00,d2cbe690b2ac1c316e9fab8690eb3ff70c6729066c69f6ccf57cb06a1ee26d34,https://www.vlr.gg/player/872/autumn
56773,1,2026-10-06T16:00:25+00:00,62377faadacdfd53e8ee986fe040778e4f5b05f3c302b3759aff02daddf74ecc,https://www.vlr.gg/player/8808/pyrolll
58620,1,2026-10-06T15:58:50+00:00,766af03d20562649041a4052ca5dd4a43c6a1cdb04d3b0454bb5f7af63fff7ec,https://www.vlr.gg/player/881/yay
64945,1,2026-10-06T16:00:26+00:00,957bbda398380427b9ac1a7e0584874167ef9398c68a376c84a04f1e0ad91d34,https://www.vlr.gg/player/8873/dgzin
57718,1,2026-10-06T15:58:23+00:00,78882b15bd22eef57c9f0cede2c1b9e4b01b6bc3a97dd4225a2dc85425c98cd0,https://www.vlr.gg/player/9/tenz
78432,1,2026-10-06T16:00:27+00:00,b682c0b61d9ede6116d8cd4d85f5a12f8602a139ab408e0d951355cc66d2e45f,https://www.vlr.gg/player/9063/infiltrator
72308,1,2026-10-06T16:00:27+00:00,7426cc35c42183e1abbaaa096b950a734cd6d60e136df131d7207de94fe87591,https://www.vlr.gg/player/9152/deryeon
48292,1,2026-10-06T16:00:28+00:00,43fa7ed76817ef6ec0140ee22273affb43a2fa752db95bd2b69bb36fc08314df,https://www.vlr.gg/player/9192/cloudy
64994,1,2026-10-06T16:00:29+00:00,305da6387ba544d192709fdc4c27cadc100ab4fbb9deb862b26c1c64a6350d1b,https://www.vlr.gg/player/9196/t3xture
52699,1,2026-10-06T15:58:28+00:00,c7c0528b0c36ff3ef0bb051eb00be80e9974aada7285caec42f9234a71b25df7,https://www.vlr.gg/player/92/scream
53839,1,2026-10-06T15:58:28+00:00,8cddc4aab63547d400e4a6df343afcc576eb462dd71a0d9492c9a6d5880343c0,https://www.vlr.gg/player/93/mixwell
61300,1,2026-10-06T15:58:51+00:00,8d15b8da31a7ad7febde5f7a7b8b418f7d022c043e99b1bc8f28eae0086a1750,https://www.vlr.gg/player/939/mwzera
70811,1,2026-10-06T16:00:29+00:00,e7a937e80c69c21373226c8c049152de384a58d5939c04f1b0f34fd5dd746a45,https://www.vlr.gg/player/9554/kaajak
68263,1,2026-10-06T16:00:30+00:00,b8d0bef9e568ee2396f9a4e227c7d759a7b704b09f884ffa2e2205853698ed21,https://www.vlr.gg/player/9780/jamppi
60089,1,2026-10-06T15:58:29+00:00,abf209026bdbd992a4cc134d646be24df319e9a07d90c2d0708f98b4928e82b2,https://www.vlr.gg/player/98/ardiis
54707,1,2026-10-06T16:00:30+00:00,e6e02b17ba01515949837884de3228a950cd34ceb35562047733c09ad010fc3f,https://www.vlr.gg/player/9800/mindfreak
75641,1,2026-10-06T16:00:31+00:00,00a1285a0d95c913c9c37f846b3341f6ceccf078309b78724deb86d5dd57d804,https://www.vlr.gg/player/9801/f0rsaken
73315,1,2026-10-06T16:00:32+00:00,a2a66e18c919e66487fff0b39002e832a3817f6dbe9a175cfa32fa09481662cb,https://www.vlr.gg/player/9803/d4v41
62682,1,2026-10-06T16:00:32+00:00,48ce5474acdc09926da70c2d3d3702e8aa6cc2a3140efcaa6a9cbffefa4b9274,https://www.vlr.gg/player/9810/alfajer
54847,1,2026-10-06T15:58:52+00:00,9e7dba27146e63767c5668c5825709278f7ff2f36f8375208f41cb98fff7dfdf,https://www.vlr.gg/player/985/efina
51,1,2026-10-06T15:34:00+00:00,8ed1e7642b9cedf88634deed3a4de1d82f8e95b0f1dbec6f049fc330047bdd70,https://www.vlr.gg/robots.txt
