vlr_player_id,handle,events,rounds,quality_signal,roster_status,review_state
64,gMd,3,1156,62.65,unverified,identity_and_contract_status_required
114,Enzo,2,328,60.47,unverified,identity_and_contract_status_required
122,luckeRRR,1,294,64.87,unverified,identity_and_contract_status_required
126,NowaXxZang,3,1115,60.81,unverified,identity_and_contract_status_required
195,Desmo,1,58,71.59,unverified,identity_and_contract_status_required
201,ALLIN,1,247,60.99,unverified,identity_and_contract_status_required
203,kENZ,1,247,63.77,unverified,identity_and_contract_status_required
292,Fit1nho,5,1252,61.31,unverified,identity_and_contract_status_required
301,TakaS,4,1460,64.21,unverified,identity_and_contract_status_required
309,paTiTek,2,662,70.15,unverified,identity_and_contract_status_required
362,Tian,1,247,67.46,unverified,identity_and_contract_status_required
384,Shao,1,261,68.33,unverified,identity_and_contract_status_required
440,AKUMAAAAA,1,412,58.08,unverified,identity_and_contract_status_required
562,zeek,2,870,67.78,unverified,identity_and_contract_status_required
569,pAura,4,1135,61.29,unverified,identity_and_contract_status_required
586,sickLy,1,36,61.25,unverified,identity_and_contract_status_required
593,Fresht,3,684,59.1,unverified,identity_and_contract_status_required
612,mitch,2,699,61.1,unverified,identity_and_contract_status_required
662,pryze,2,789,65.25,unverified,identity_and_contract_status_required
725,nzr,1,346,63.97,unverified,identity_and_contract_status_required
726,Pule,1,21,63.3,unverified,identity_and_contract_status_required
740,aproto,1,288,63.7,unverified,identity_and_contract_status_required
754,nerve,4,796,71.13,unverified,identity_and_contract_status_required
765,Jerk,1,321,60.72,unverified,identity_and_contract_status_required
766,Ange,3,1446,63.41,unverified,identity_and_contract_status_required
783,murizzz,2,888,59.5,unverified,identity_and_contract_status_required
806,Moothie,1,615,58.62,unverified,identity_and_contract_status_required
844,bdog,2,979,61.46,unverified,identity_and_contract_status_required
873,Bob,3,888,62.07,unverified,identity_and_contract_status_required
893,RetrQ,3,1039,63.81,unverified,identity_and_contract_status_required
993,Medusa,2,395,64.0,unverified,identity_and_contract_status_required
1003,Reita,1,276,66.86,unverified,identity_and_contract_status_required
1023,XXiF,2,818,66.14,unverified,identity_and_contract_status_required
1089,Andersin,3,999,61.34,unverified,identity_and_contract_status_required
1120,ALEKSANDAR,1,79,63.97,unverified,identity_and_contract_status_required
1209,SWERL,1,200,55.92,unverified,identity_and_contract_status_required
1284,mikee,2,941,63.86,unverified,identity_and_contract_status_required
1291,bnj,2,454,54.46,unverified,identity_and_contract_status_required
1294,NagZ,4,1333,65.51,unverified,identity_and_contract_status_required
1328,Javiierh,3,683,64.57,unverified,identity_and_contract_status_required
1437,YESicaN,3,825,69.04,unverified,identity_and_contract_status_required
1524,H1ber,4,1338,70.0,unverified,identity_and_contract_status_required
1578,shion,2,916,65.54,unverified,identity_and_contract_status_required
1581,GuhRVN,2,1180,68.82,unverified,identity_and_contract_status_required
1586,v1nny,2,961,62.7,unverified,identity_and_contract_status_required
1615,Destrian,2,679,58.17,unverified,identity_and_contract_status_required
1671,kon4n,2,888,69.55,unverified,identity_and_contract_status_required
1835,elllement,4,725,64.28,unverified,identity_and_contract_status_required
1971,oitaN,3,888,64.97,unverified,identity_and_contract_status_required
2119,renz,3,1446,61.87,unverified,identity_and_contract_status_required
2148,INPA,1,200,54.18,unverified,identity_and_contract_status_required
2252,Anq,2,1067,76.15,unverified,identity_and_contract_status_required
2256,Jady,3,642,66.99,unverified,identity_and_contract_status_required
2333,BORKUM,2,646,63.72,unverified,identity_and_contract_status_required
2334,JessieVash,2,402,71.39,unverified,identity_and_contract_status_required
2366,aLerT,4,1314,62.97,unverified,identity_and_contract_status_required
2377,aduka,1,185,61.71,unverified,identity_and_contract_status_required
2380,ZesBeeW,1,185,66.51,unverified,identity_and_contract_status_required
2431,basya,1,231,62.6,unverified,identity_and_contract_status_required
2432,moner,1,231,62.52,unverified,identity_and_contract_status_required
2472,BennY,1,63,62.13,unverified,identity_and_contract_status_required
2486,pollo,2,916,65.41,unverified,identity_and_contract_status_required
2511,TENSAI,1,226,63.24,unverified,identity_and_contract_status_required
2525,szimpli,4,725,61.04,unverified,identity_and_contract_status_required
2567,liazzi,2,1180,66.25,unverified,identity_and_contract_status_required
2570,roxie,2,570,56.26,unverified,identity_and_contract_status_required
2585,tinchoff,1,544,63.71,unverified,identity_and_contract_status_required
2586,HANLING,1,101,63.85,unverified,identity_and_contract_status_required
2610,Klaus,2,662,64.03,unverified,identity_and_contract_status_required
2617,Leare,4,725,65.36,unverified,identity_and_contract_status_required
2622,Newzera,1,412,59.6,unverified,identity_and_contract_status_required
2625,sh1n,4,1460,67.44,unverified,identity_and_contract_status_required
2650,PMC,1,107,64.62,unverified,identity_and_contract_status_required
2671,popogachi,3,888,65.7,unverified,identity_and_contract_status_required
2690,hoody,3,1115,70.56,unverified,identity_and_contract_status_required
2700,jas,2,341,62.07,unverified,identity_and_contract_status_required
2701,maniek,1,465,61.48,unverified,identity_and_contract_status_required
2753,BandiCoot,2,362,63.72,unverified,identity_and_contract_status_required
2818,neto,3,838,60.77,unverified,identity_and_contract_status_required
2864,ease,1,465,63.71,unverified,identity_and_contract_status_required
2881,LohaN,1,34,71.3,unverified,identity_and_contract_status_required
2894,Kiles,1,150,63.24,unverified,identity_and_contract_status_required
2909,alca,3,1136,66.43,unverified,identity_and_contract_status_required
2931,vaiZ,3,932,67.77,unverified,identity_and_contract_status_required
2968,jPacheco,1,578,61.41,unverified,identity_and_contract_status_required
3021,Biank,1,201,71.56,unverified,identity_and_contract_status_required
3049,sword9,2,865,70.35,unverified,identity_and_contract_status_required
3063,meL,2,281,61.14,unverified,identity_and_contract_status_required
3079,alexis,2,390,60.97,unverified,identity_and_contract_status_required
3127,MONSTEERR,4,1226,72.59,unverified,identity_and_contract_status_required
3156,chase,1,55,64.49,unverified,identity_and_contract_status_required
3157,gaabxx,1,210,57.87,unverified,identity_and_contract_status_required
3169,Zap,2,888,65.7,unverified,identity_and_contract_status_required
3227,ScrewFace,3,997,64.03,unverified,identity_and_contract_status_required
3277,Harshhh,1,207,59.17,unverified,identity_and_contract_status_required
3281,psy,1,90,60.23,unverified,identity_and_contract_status_required
3424,Siduzord,2,1151,67.39,unverified,identity_and_contract_status_required
3455,Zanatsu,3,1110,70.04,unverified,identity_and_contract_status_required
3480,theDoctorr,1,227,64.31,unverified,identity_and_contract_status_required
3502,Ri0,1,176,64.8,unverified,identity_and_contract_status_required
3519,jkuro,4,1616,72.02,unverified,identity_and_contract_status_required
3549,Touven,1,33,61.32,unverified,identity_and_contract_status_required
3582,keloqz,1,412,64.18,unverified,identity_and_contract_status_required
3626,Lightningfast,3,1327,71.77,unverified,identity_and_contract_status_required
3627,hellff,3,1327,63.54,unverified,identity_and_contract_status_required
3628,DEATHMAKER,1,58,66.22,unverified,identity_and_contract_status_required
3639,Hoax,2,979,64.6,unverified,identity_and_contract_status_required
3674,iluri,5,1754,65.93,unverified,identity_and_contract_status_required
3702,sym,1,236,53.98,unverified,identity_and_contract_status_required
3784,Katu,1,163,61.32,unverified,identity_and_contract_status_required
3826,adverso,3,932,64.36,unverified,identity_and_contract_status_required
3839,Prti,4,1292,60.7,unverified,identity_and_contract_status_required
3862,DeepMans,2,679,65.71,unverified,identity_and_contract_status_required
3865,frictiOn,1,32,62.3,unverified,identity_and_contract_status_required
3934,eleo,1,160,58.31,unverified,identity_and_contract_status_required
3980,Governor,1,164,68.82,unverified,identity_and_contract_status_required
4037,snax,1,107,65.11,unverified,identity_and_contract_status_required
4059,rolex,1,289,59.91,unverified,identity_and_contract_status_required
4095,SkRossi,2,1067,61.28,unverified,identity_and_contract_status_required
4127,Felix,1,325,59.98,unverified,identity_and_contract_status_required
4163,alain,1,231,62.75,unverified,identity_and_contract_status_required
4201,m4xikk,1,186,62.95,unverified,identity_and_contract_status_required
4325,musashi,4,1226,67.08,unverified,identity_and_contract_status_required
4329,Vince,4,1034,65.63,unverified,identity_and_contract_status_required
4382,sScary,1,141,70.14,unverified,identity_and_contract_status_required
4385,monSi,3,780,63.77,unverified,identity_and_contract_status_required
4426,Klaus,3,661,72.56,unverified,identity_and_contract_status_required
4477,LOB,1,226,64.25,unverified,identity_and_contract_status_required
4488,WIX,1,23,64.99,unverified,identity_and_contract_status_required
4519,Kamisseq,2,277,65.6,unverified,identity_and_contract_status_required
4525,Stix,3,643,61.93,unverified,identity_and_contract_status_required
4540,Sferon,2,538,61.12,unverified,identity_and_contract_status_required
4589,Burzzy,4,1135,65.59,unverified,identity_and_contract_status_required
4613,JohnieBoy,2,533,64.2,unverified,identity_and_contract_status_required
4614,Madaô,5,727,63.67,unverified,identity_and_contract_status_required
4615,Syratch,2,533,64.74,unverified,identity_and_contract_status_required
4629,azury,4,1226,69.15,unverified,identity_and_contract_status_required
4663,JoXJo,3,1060,67.81,unverified,identity_and_contract_status_required
4664,GangPin,3,919,64.17,unverified,identity_and_contract_status_required
4705,Flex1n,3,969,70.8,unverified,identity_and_contract_status_required
4796,strixx,1,107,64.84,unverified,identity_and_contract_status_required
4807,bstrdd,1,139,65.45,unverified,identity_and_contract_status_required
4894,JN3v1cEEE,1,356,66.99,unverified,identity_and_contract_status_required
4917,Kaoticc,3,963,67.01,unverified,identity_and_contract_status_required
4969,Shazeon,2,576,56.27,unverified,identity_and_contract_status_required
5006,NRK,1,364,60.4,unverified,identity_and_contract_status_required
5009,LOVE,2,730,58.67,unverified,identity_and_contract_status_required
5035,Blahst,1,441,64.44,unverified,identity_and_contract_status_required
5093,Logan,2,537,69.9,unverified,identity_and_contract_status_required
5166,CHAROD,3,787,62.45,unverified,identity_and_contract_status_required
5199,Guardy,5,1252,65.4,unverified,identity_and_contract_status_required
5203,Bati,1,152,67.99,unverified,identity_and_contract_status_required
5228,Minimise,2,689,65.96,unverified,identity_and_contract_status_required
5303,awake,1,97,62.57,unverified,identity_and_contract_status_required
5342,duhT,2,1042,62.13,unverified,identity_and_contract_status_required
5476,Minty,3,1060,63.33,unverified,identity_and_contract_status_required
5477,Leon,2,445,61.28,unverified,identity_and_contract_status_required
5498,Kipperman,2,679,64.17,unverified,identity_and_contract_status_required
5540,mw1,1,207,63.68,unverified,identity_and_contract_status_required
5541,tryst,1,50,65.2,unverified,identity_and_contract_status_required
5564,DeadInk,5,1546,65.18,unverified,identity_and_contract_status_required
5593,Luc1d,1,310,63.33,unverified,identity_and_contract_status_required
5599,KHaaLiD,3,443,63.79,unverified,identity_and_contract_status_required
5609,fr1,1,119,64.18,unverified,identity_and_contract_status_required
5612,prefox,1,119,65.04,unverified,identity_and_contract_status_required
5614,xelouz,1,119,60.77,unverified,identity_and_contract_status_required
5618,DVDOV,1,139,63.03,unverified,identity_and_contract_status_required
5619,Ebeeee,1,41,64.13,unverified,identity_and_contract_status_required
5621,TTyke,1,139,62.76,unverified,identity_and_contract_status_required
5639,Shalaby,1,127,60.71,unverified,identity_and_contract_status_required
5642,chrollo,1,35,61.42,unverified,identity_and_contract_status_required
5722,prince,1,583,60.58,unverified,identity_and_contract_status_required
5810,kryo,2,475,64.04,unverified,identity_and_contract_status_required
5886,Flaring,1,489,68.31,unverified,identity_and_contract_status_required
5893,RobbieBk,1,71,59.67,unverified,identity_and_contract_status_required
5927,Anoxai,1,231,64.37,unverified,identity_and_contract_status_required
6101,kvmil,1,182,62.36,unverified,identity_and_contract_status_required
6195,lz,2,1316,60.95,unverified,identity_and_contract_status_required
6202,guuih,2,1151,60.94,unverified,identity_and_contract_status_required
6437,Dark3st,3,1251,71.16,unverified,identity_and_contract_status_required
6503,Sand,3,315,62.76,unverified,identity_and_contract_status_required
6505,RockeT,2,284,63.84,unverified,identity_and_contract_status_required
6544,screwdriver,1,172,65.29,unverified,identity_and_contract_status_required
6582,neT,3,874,67.59,unverified,identity_and_contract_status_required
6642,Wildfire,2,560,62.85,unverified,identity_and_contract_status_required
6659,Dragon,1,200,61.98,unverified,identity_and_contract_status_required
6700,Anthem,3,919,64.93,unverified,identity_and_contract_status_required
6742,bbx,2,210,58.7,unverified,identity_and_contract_status_required
6828,pa1ka,1,186,64.99,unverified,identity_and_contract_status_required
6998,nvrfear,1,297,65.61,unverified,identity_and_contract_status_required
7107,neveR,1,752,73.43,unverified,identity_and_contract_status_required
7162,wackie,2,570,64.59,unverified,identity_and_contract_status_required
7173,soren,2,779,63.4,unverified,identity_and_contract_status_required
7176,askoo,2,482,54.02,unverified,identity_and_contract_status_required
7220,Saiz,2,748,65.12,unverified,identity_and_contract_status_required
7231,kya,2,245,62.22,unverified,identity_and_contract_status_required
7288,Ninjas,1,119,58.28,unverified,identity_and_contract_status_required
7292,aimhunterr,1,139,64.38,unverified,identity_and_contract_status_required
7293,kasper,1,139,64.12,unverified,identity_and_contract_status_required
7353,glovee,1,341,62.71,unverified,identity_and_contract_status_required
7410,Karl,1,146,66.1,unverified,identity_and_contract_status_required
7416,skye,1,44,72.85,unverified,identity_and_contract_status_required
7458,moose,3,1561,67.2,unverified,identity_and_contract_status_required
7490,aNguiSt,1,473,61.17,unverified,identity_and_contract_status_required
7513,markL,1,139,61.81,unverified,identity_and_contract_status_required
7530,kimmy,2,273,62.08,unverified,identity_and_contract_status_required
7560,JayH,1,185,65.94,unverified,identity_and_contract_status_required
7580,Edw4rd,1,190,56.17,unverified,identity_and_contract_status_required
7616,Feniz,3,1127,75.46,unverified,identity_and_contract_status_required
7618,theory,5,1229,63.83,unverified,identity_and_contract_status_required
7639,ezznap,3,1046,66.6,unverified,identity_and_contract_status_required
7652,Tuli,3,1208,61.22,unverified,identity_and_contract_status_required
7660,Fizzy,4,1226,71.01,unverified,identity_and_contract_status_required
7716,penny,2,503,73.63,unverified,identity_and_contract_status_required
7749,Nexi,1,338,69.1,unverified,identity_and_contract_status_required
7764,Lmemore,2,373,58.49,unverified,identity_and_contract_status_required
7804,severiNe,1,63,63.76,unverified,identity_and_contract_status_required
7807,ValdyN,1,227,64.94,unverified,identity_and_contract_status_required
7865,n1co,1,60,64.53,unverified,identity_and_contract_status_required
7871,Xeppaa,2,603,76.01,unverified,identity_and_contract_status_required
7888,BlackWiz,2,593,60.22,unverified,identity_and_contract_status_required
7994,brazy,1,146,67.79,unverified,identity_and_contract_status_required
8014,Vašek,2,618,69.04,unverified,identity_and_contract_status_required
8041,Brave,4,1135,63.21,unverified,identity_and_contract_status_required
8044,MrFaliN,1,187,73.82,unverified,identity_and_contract_status_required
8056,Mited,3,684,64.99,unverified,identity_and_contract_status_required
8124,forkeN,1,207,63.23,unverified,identity_and_contract_status_required
8225,f1cio,3,825,66.52,unverified,identity_and_contract_status_required
8226,waddle,2,755,68.9,unverified,identity_and_contract_status_required
8237,Depyro,2,284,60.95,unverified,identity_and_contract_status_required
8240,Layla,1,118,73.67,unverified,identity_and_contract_status_required
8278,KNZY,3,1136,59.04,unverified,identity_and_contract_status_required
8375,bones,1,353,61.89,unverified,identity_and_contract_status_required
8405,Awkua,1,104,66.58,unverified,identity_and_contract_status_required
8410,cuz,3,999,66.27,unverified,identity_and_contract_status_required
8434,nabil,1,232,65.84,unverified,identity_and_contract_status_required
8440,puggy,2,558,63.05,unverified,identity_and_contract_status_required
8497,Monyet,3,1221,73.96,unverified,identity_and_contract_status_required
8742,jakee,3,1459,65.64,unverified,identity_and_contract_status_required
8746,dynamic,2,1043,65.41,unverified,identity_and_contract_status_required
8790,MiniNiwde,3,1017,62.98,unverified,identity_and_contract_status_required
8792,Xhowi,3,1029,62.38,unverified,identity_and_contract_status_required
8834,bucher,1,354,61.15,unverified,identity_and_contract_status_required
8872,mazin,3,1172,63.21,unverified,identity_and_contract_status_required
8889,ryotzz,1,41,64.19,unverified,identity_and_contract_status_required
8892,snw,2,888,64.78,unverified,identity_and_contract_status_required
8896,Loweed,2,1042,60.46,unverified,identity_and_contract_status_required
9017,moobs,3,1176,59.36,unverified,identity_and_contract_status_required
9094,Kess,3,1127,70.33,unverified,identity_and_contract_status_required
9185,dodonut,2,350,57.15,unverified,identity_and_contract_status_required
9192,Cloudy,3,1334,65.89,unverified,identity_and_contract_status_required
9202,RXFLEX,1,190,55.74,unverified,identity_and_contract_status_required
9263,sayoo,3,906,64.12,unverified,identity_and_contract_status_required
9266,Tisora,2,1151,60.78,unverified,identity_and_contract_status_required
9279,Kylee,1,123,63.16,unverified,identity_and_contract_status_required
9290,Madelyn,1,517,66.34,unverified,identity_and_contract_status_required
9354,Cebando,2,758,59.76,unverified,identity_and_contract_status_required
9371,1szaqt,1,101,65.41,unverified,identity_and_contract_status_required
9508,Leosen,2,576,60.31,unverified,identity_and_contract_status_required
9530,pryxi,2,404,60.46,unverified,identity_and_contract_status_required
9556,demek,2,616,62.1,unverified,identity_and_contract_status_required
9557,NeFi,2,616,64.98,unverified,identity_and_contract_status_required
9558,Wolfen,4,1034,65.78,unverified,identity_and_contract_status_required
9571,Demiurge,1,376,63.25,unverified,identity_and_contract_status_required
9698,MonOkson,3,765,65.42,unverified,identity_and_contract_status_required
9717,Lilo,1,164,62.85,unverified,identity_and_contract_status_required
9735,2GE,1,338,61.25,unverified,identity_and_contract_status_required
9740,Wild0reoo,1,338,58.84,unverified,identity_and_contract_status_required
9745,Georggyyy,1,338,70.14,unverified,identity_and_contract_status_required
9747,Emman,1,364,62.45,unverified,identity_and_contract_status_required
9797,Saucee,1,50,66.58,unverified,identity_and_contract_status_required
9943,mezoky,1,151,67.62,unverified,identity_and_contract_status_required
10114,baha,1,187,66.6,unverified,identity_and_contract_status_required
10137,ip0TT,2,876,65.55,unverified,identity_and_contract_status_required
10141,SnapS,2,367,57.49,unverified,identity_and_contract_status_required
10143,VASQUEZ,1,199,62.93,unverified,identity_and_contract_status_required
10146,reazy,5,1546,68.86,unverified,identity_and_contract_status_required
10152,Padisah,2,539,66.64,unverified,identity_and_contract_status_required
10161,QutionerX,4,1135,66.0,unverified,identity_and_contract_status_required
10190,GabbyDiz,1,313,65.94,unverified,identity_and_contract_status_required
10203,tesseract,2,603,66.63,unverified,identity_and_contract_status_required
10217,marky,2,603,62.53,unverified,identity_and_contract_status_required
10251,slathom999,2,603,64.28,unverified,identity_and_contract_status_required
10338,Lime,5,1754,70.27,unverified,identity_and_contract_status_required
10375,Braso,2,397,67.27,unverified,identity_and_contract_status_required
10378,ALMO,1,159,57.97,unverified,identity_and_contract_status_required
10429,Luvjix,2,789,59.03,unverified,identity_and_contract_status_required
10448,Kozok,1,110,62.2,unverified,identity_and_contract_status_required
10458,phaze,1,159,60.66,unverified,identity_and_contract_status_required
10463,Paradox,2,875,65.15,unverified,identity_and_contract_status_required
10556,drakk,2,390,64.09,unverified,identity_and_contract_status_required
10581,Ryu,1,409,63.87,unverified,identity_and_contract_status_required
10582,Panaek,2,432,62.08,unverified,identity_and_contract_status_required
10584,Seoldam,3,1060,67.48,unverified,identity_and_contract_status_required
10588,hiroronn,1,363,59.36,unverified,identity_and_contract_status_required
10627,Art,2,395,64.03,unverified,identity_and_contract_status_required
10628,Misaya,4,1119,63.5,unverified,identity_and_contract_status_required
10642,Jan,2,433,65.11,unverified,identity_and_contract_status_required
10738,heyNF,1,348,65.33,unverified,identity_and_contract_status_required
10739,Shiro,2,395,67.01,unverified,identity_and_contract_status_required
10749,k1ngkappa,3,1206,68.02,unverified,identity_and_contract_status_required
10758,Kohliii,2,1197,63.98,unverified,identity_and_contract_status_required
10760,SmokeA,2,788,69.91,unverified,identity_and_contract_status_required
10761,Kucf,1,102,69.11,unverified,identity_and_contract_status_required
10885,DaviH,4,1433,71.32,unverified,identity_and_contract_status_required
11046,deigara,2,592,55.87,unverified,identity_and_contract_status_required
11232,daiki,2,529,61.17,unverified,identity_and_contract_status_required
11236,antG,3,502,58.69,unverified,identity_and_contract_status_required
11259,conir,1,139,62.95,unverified,identity_and_contract_status_required
11322,Sevire,4,1460,69.55,unverified,identity_and_contract_status_required
11495,archiw0w,1,691,69.56,unverified,identity_and_contract_status_required
11516,dRKY,1,577,63.8,unverified,identity_and_contract_status_required
11578,Hotsauz,1,510,66.97,unverified,identity_and_contract_status_required
11666,ray4c,2,373,62.84,unverified,identity_and_contract_status_required
11696,Zoestol,1,290,58.53,unverified,identity_and_contract_status_required
11886,ROACH,1,102,60.82,unverified,identity_and_contract_status_required
11888,ChromnZ,1,39,62.97,unverified,identity_and_contract_status_required
11921,silentzz,1,335,69.59,unverified,identity_and_contract_status_required
12098,Kadoom,3,944,66.7,unverified,identity_and_contract_status_required
12143,Bizerra,2,529,60.91,unverified,identity_and_contract_status_required
12226,sturNN,2,516,63.97,unverified,identity_and_contract_status_required
12322,NDG,2,646,69.78,unverified,identity_and_contract_status_required
12323,RvK,2,1067,65.11,unverified,identity_and_contract_status_required
12474,Tag,1,388,65.37,unverified,identity_and_contract_status_required
12475,Penab,1,115,57.97,unverified,identity_and_contract_status_required
12514,Spocki,2,585,59.7,unverified,identity_and_contract_status_required
12519,Ticey,2,475,66.06,unverified,identity_and_contract_status_required
12528,disisjohn,2,532,66.25,unverified,identity_and_contract_status_required
12593,Felix,1,378,69.31,unverified,identity_and_contract_status_required
12673,Bard0lf,3,562,64.56,unverified,identity_and_contract_status_required
12774,Anima,1,341,68.17,unverified,identity_and_contract_status_required
12928,Veqaj,2,635,77.15,unverified,identity_and_contract_status_required
12932,geeza,3,1446,61.07,unverified,identity_and_contract_status_required
12979,MrTenzouEz,2,729,74.15,unverified,identity_and_contract_status_required
13000,RedLight,1,540,54.27,unverified,identity_and_contract_status_required
13093,jzz,3,1172,64.05,unverified,identity_and_contract_status_required
13114,dvL,1,121,66.44,unverified,identity_and_contract_status_required
13219,Papi,1,251,64.49,unverified,identity_and_contract_status_required
13220,JA,1,510,64.46,unverified,identity_and_contract_status_required
13221,azys,1,510,70.71,unverified,identity_and_contract_status_required
13234,summoNN,2,210,61.45,unverified,identity_and_contract_status_required
13274,Hazard,2,618,59.54,unverified,identity_and_contract_status_required
13545,WerlasS,2,461,64.83,unverified,identity_and_contract_status_required
13557,Zeask,2,539,65.26,unverified,identity_and_contract_status_required
13571,musz3kk,1,465,70.84,unverified,identity_and_contract_status_required
13654,NoHelp,1,231,55.36,unverified,identity_and_contract_status_required
13754,Kouf,3,999,60.42,unverified,identity_and_contract_status_required
13784,Killua,4,1273,76.13,unverified,identity_and_contract_status_required
13823,PxS,2,606,64.59,unverified,identity_and_contract_status_required
13860,rubkkoide,3,932,68.64,unverified,identity_and_contract_status_required
13937,MEHA,1,362,60.89,unverified,identity_and_contract_status_required
14208,Kishi,2,735,67.88,unverified,identity_and_contract_status_required
14213,ting2k5,2,265,55.36,unverified,identity_and_contract_status_required
14366,Shniider,2,284,67.34,unverified,identity_and_contract_status_required
14386,isaa,2,529,55.28,unverified,identity_and_contract_status_required
14431,monk,1,118,74.17,unverified,identity_and_contract_status_required
14444,Eren,1,118,73.34,unverified,identity_and_contract_status_required
14608,VqZ,1,170,58.17,unverified,identity_and_contract_status_required
14612,lux9,2,779,61.77,unverified,identity_and_contract_status_required
15051,sacred,3,1124,64.01,unverified,identity_and_contract_status_required
15064,Kajuks,5,1252,63.7,unverified,identity_and_contract_status_required
15210,TNKJ,1,118,61.9,unverified,identity_and_contract_status_required
15264,Zami,1,140,65.93,unverified,identity_and_contract_status_required
15265,Kyojin,1,140,59.54,unverified,identity_and_contract_status_required
15266,1KAPUMBA,1,39,62.65,unverified,identity_and_contract_status_required
15297,Joojina,2,529,56.06,unverified,identity_and_contract_status_required
15318,Asitte,1,39,63.92,unverified,identity_and_contract_status_required
15361,swag,1,403,63.07,unverified,identity_and_contract_status_required
15363,Mast3r,1,58,64.76,unverified,identity_and_contract_status_required
15364,1TaPGoD,1,176,62.36,unverified,identity_and_contract_status_required
15395,gbz,2,789,64.0,unverified,identity_and_contract_status_required
15455,tr1ck,1,38,63.6,unverified,identity_and_contract_status_required
15462,ZinG,1,39,63.46,unverified,identity_and_contract_status_required
15473,YuNo,2,748,66.24,unverified,identity_and_contract_status_required
15491,MaximN,1,182,66.53,unverified,identity_and_contract_status_required
15681,Palla,3,1413,68.68,unverified,identity_and_contract_status_required
15891,KRX,1,118,62.78,unverified,identity_and_contract_status_required
15916,jotinha,3,1233,62.21,unverified,identity_and_contract_status_required
15924,Winter,1,497,56.32,unverified,identity_and_contract_status_required
15931,Peloncito,5,1634,58.66,unverified,identity_and_contract_status_required
15969,Yuta,3,1115,65.51,unverified,identity_and_contract_status_required
16012,Akira,1,557,59.02,unverified,identity_and_contract_status_required
16028,Klamran,1,103,64.39,unverified,identity_and_contract_status_required
16029,KHS,1,104,63.47,unverified,identity_and_contract_status_required
16045,Rudi,1,171,62.39,unverified,identity_and_contract_status_required
16117,luluvich,1,247,62.21,unverified,identity_and_contract_status_required
16262,Che,1,136,62.64,unverified,identity_and_contract_status_required
16268,egoisT,1,126,65.78,unverified,identity_and_contract_status_required
16447,d3mur,1,175,69.29,unverified,identity_and_contract_status_required
16459,Elite,4,1135,67.27,unverified,identity_and_contract_status_required
16671,welyy,3,1388,66.29,unverified,identity_and_contract_status_required
16757,Cohburg,3,999,64.16,unverified,identity_and_contract_status_required
16842,Mojer,1,251,61.24,unverified,identity_and_contract_status_required
16924,stew,3,871,74.28,unverified,identity_and_contract_status_required
16942,Reverie,1,255,63.62,unverified,identity_and_contract_status_required
16953,ZYND,2,603,62.34,unverified,identity_and_contract_status_required
17010,yaki,1,67,60.38,unverified,identity_and_contract_status_required
17022,Taco,2,210,59.93,unverified,identity_and_contract_status_required
17050,Lynx,1,57,64.65,unverified,identity_and_contract_status_required
17091,Zan,1,143,59.47,unverified,identity_and_contract_status_required
17111,Allen,2,1003,61.89,unverified,identity_and_contract_status_required
17169,muto,2,395,68.12,unverified,identity_and_contract_status_required
17292,CortezZ,1,22,64.69,unverified,identity_and_contract_status_required
17294,HyBr1D,1,509,57.98,unverified,identity_and_contract_status_required
17295,DominiK,1,58,67.05,unverified,identity_and_contract_status_required
17397,Noia,2,350,64.74,unverified,identity_and_contract_status_required
17433,v1c,4,1328,72.85,unverified,identity_and_contract_status_required
17690,Jow,3,1127,67.67,unverified,identity_and_contract_status_required
17694,prask,3,876,62.5,unverified,identity_and_contract_status_required
17751,Tim,3,1039,58.84,unverified,identity_and_contract_status_required
17814,toggle,1,185,59.24,unverified,identity_and_contract_status_required
17977,lidyuh,1,69,61.22,unverified,identity_and_contract_status_required
18384,Bully,1,171,62.09,unverified,identity_and_contract_status_required
18461,snk,1,62,62.93,unverified,identity_and_contract_status_required
18615,batujnax,5,1546,68.3,unverified,identity_and_contract_status_required
18702,Deadly10,2,836,63.36,unverified,identity_and_contract_status_required
18784,Cfax,3,634,63.52,unverified,identity_and_contract_status_required
18995,RozsteR,1,652,65.4,unverified,identity_and_contract_status_required
19007,FalcoN,1,140,63.2,unverified,identity_and_contract_status_required
19207,1mp2k,1,80,62.48,unverified,identity_and_contract_status_required
19231,kibojn,2,1197,66.78,unverified,identity_and_contract_status_required
19248,gallo,1,22,62.16,unverified,identity_and_contract_status_required
19292,jowa,2,542,71.6,unverified,identity_and_contract_status_required
19301,Braxxyy,1,207,61.82,unverified,identity_and_contract_status_required
19505,Szalony,2,358,60.12,unverified,identity_and_contract_status_required
19526,rexxtoned,4,1292,67.49,unverified,identity_and_contract_status_required
19776,JrayN,2,539,61.37,unverified,identity_and_contract_status_required
19791,melissa,1,139,57.26,unverified,identity_and_contract_status_required
19912,Ahu,1,39,62.36,unverified,identity_and_contract_status_required
20180,Kenshiro,1,80,64.49,unverified,identity_and_contract_status_required
20238,Askia,2,1151,73.51,unverified,identity_and_contract_status_required
20251,vit9ine,1,453,61.84,unverified,identity_and_contract_status_required
20292,Akai,1,50,64.05,unverified,identity_and_contract_status_required
20302,Jini,1,44,63.84,unverified,identity_and_contract_status_required
20443,Brädi,1,151,58.81,unverified,identity_and_contract_status_required
20538,LiNLiN,2,299,56.51,unverified,identity_and_contract_status_required
20657,Yotaa,2,600,60.73,unverified,identity_and_contract_status_required
20806,Yaoming,1,578,63.11,unverified,identity_and_contract_status_required
20828,CreamZ,1,576,63.52,unverified,identity_and_contract_status_required
20871,Kada,4,1460,66.02,unverified,identity_and_contract_status_required
20942,ONEHUNDRED,1,57,63.55,unverified,identity_and_contract_status_required
21108,ponix,3,502,58.63,unverified,identity_and_contract_status_required
21195,Teddy,1,272,59.7,unverified,identity_and_contract_status_required
21324,LuciA,1,39,61.97,unverified,identity_and_contract_status_required
21428,CRUNCH,5,1634,66.97,unverified,identity_and_contract_status_required
21435,Jelly,2,529,64.09,unverified,identity_and_contract_status_required
21486,sarahcat,2,350,59.9,unverified,identity_and_contract_status_required
21558,micaela,3,502,57.17,unverified,identity_and_contract_status_required
21584,deminatiX,2,876,64.8,unverified,identity_and_contract_status_required
21840,LilHieu,1,89,65.82,unverified,identity_and_contract_status_required
21878,snarly,1,271,59.96,unverified,identity_and_contract_status_required
21886,furbsa,1,392,60.75,unverified,identity_and_contract_status_required
21887,stallion,3,1161,66.71,unverified,identity_and_contract_status_required
22042,Arishikii,2,585,65.55,unverified,identity_and_contract_status_required
22054,Yamiii,1,331,68.56,unverified,identity_and_contract_status_required
22154,pika,1,182,59.31,unverified,identity_and_contract_status_required
22188,jimbk,1,503,61.45,unverified,identity_and_contract_status_required
22191,Bouncy,1,31,61.47,unverified,identity_and_contract_status_required
22291,Razziss,1,150,66.0,unverified,identity_and_contract_status_required
22334,Turbo,2,238,62.25,unverified,identity_and_contract_status_required
22617,Vitie,1,230,69.42,unverified,identity_and_contract_status_required
22671,PhuRME,1,219,61.42,unverified,identity_and_contract_status_required
22687,Xérox,1,153,61.3,unverified,identity_and_contract_status_required
22698,exe,1,153,60.99,unverified,identity_and_contract_status_required
22716,Antsy,1,465,62.13,unverified,identity_and_contract_status_required
22735,Nyanist,1,193,69.84,unverified,identity_and_contract_status_required
22798,Kel,1,313,62.53,unverified,identity_and_contract_status_required
22912,PKX,2,874,66.09,unverified,identity_and_contract_status_required
22914,HiiiK,2,908,59.54,unverified,identity_and_contract_status_required
22997,waved,1,139,63.26,unverified,identity_and_contract_status_required
23010,nicksz,2,961,61.05,unverified,identity_and_contract_status_required
23056,Loop,3,380,63.7,unverified,identity_and_contract_status_required
23152,haint,1,186,69.4,unverified,identity_and_contract_status_required
23197,Knowbii,1,503,62.57,unverified,identity_and_contract_status_required
23278,miracle,1,172,57.67,unverified,identity_and_contract_status_required
23407,Pa1nt,3,1331,64.39,unverified,identity_and_contract_status_required
23487,Flick,2,367,61.79,unverified,identity_and_contract_status_required
23596,Harilza,1,78,63.79,unverified,identity_and_contract_status_required
23633,Hanks,1,78,58.6,unverified,identity_and_contract_status_required
23686,Kahlheit,1,225,65.34,unverified,identity_and_contract_status_required
23691,TeukuUmar,1,78,58.62,unverified,identity_and_contract_status_required
23799,caiobaz,2,409,61.4,unverified,identity_and_contract_status_required
23832,lucks,1,403,61.36,unverified,identity_and_contract_status_required
23861,LeeoLoos,1,108,66.34,unverified,identity_and_contract_status_required
23976,Crus,2,265,63.28,unverified,identity_and_contract_status_required
24021,Snapss,3,860,62.18,unverified,identity_and_contract_status_required
24026,GeneralSteak,3,1021,66.99,unverified,identity_and_contract_status_required
24232,ghost,1,55,64.05,unverified,identity_and_contract_status_required
24322,Assass1N,1,146,61.62,unverified,identity_and_contract_status_required
24329,Zaps,2,125,61.55,unverified,identity_and_contract_status_required
24359,Faska,2,748,62.21,unverified,identity_and_contract_status_required
24426,WillyG,1,171,66.42,unverified,identity_and_contract_status_required
24439,Yohpa,3,727,67.74,unverified,identity_and_contract_status_required
24553,Boni,4,1464,74.1,unverified,identity_and_contract_status_required
24628,wayne,3,897,73.77,unverified,identity_and_contract_status_required
24653,Vera,1,489,66.65,unverified,identity_and_contract_status_required
24654,Tempz,1,527,71.86,unverified,identity_and_contract_status_required
24737,parscofield,2,356,64.37,unverified,identity_and_contract_status_required
24812,akku,1,61,62.31,unverified,identity_and_contract_status_required
24820,Babooshka,1,218,62.57,unverified,identity_and_contract_status_required
24829,DeDli,1,218,68.66,unverified,identity_and_contract_status_required
24839,Starry Night,1,102,64.36,unverified,identity_and_contract_status_required
24912,NekO,1,106,59.07,unverified,identity_and_contract_status_required
24979,Cloy,1,466,58.17,unverified,identity_and_contract_status_required
25048,SID,3,888,62.26,unverified,identity_and_contract_status_required
25053,Wolverine,3,1334,66.35,unverified,identity_and_contract_status_required
25080,empty,2,370,55.23,unverified,identity_and_contract_status_required
25082,Rico,2,1006,61.6,unverified,identity_and_contract_status_required
25089,CabezA,2,982,64.06,unverified,identity_and_contract_status_required
25097,solution,3,966,67.96,unverified,identity_and_contract_status_required
25330,khelthuzad,2,104,63.37,unverified,identity_and_contract_status_required
25663,dods,2,268,62.45,unverified,identity_and_contract_status_required
25683,desire,2,847,59.42,unverified,identity_and_contract_status_required
25745,kumi,3,1561,65.59,unverified,identity_and_contract_status_required
25834,h1perZ,1,108,64.36,unverified,identity_and_contract_status_required
25846,injaguar,1,108,62.84,unverified,identity_and_contract_status_required
25902,Shondex,3,1446,65.65,unverified,identity_and_contract_status_required
25906,alexiiik,1,473,65.23,unverified,identity_and_contract_status_required
26221,son1c,1,67,62.53,unverified,identity_and_contract_status_required
26280,Lusadris,1,78,64.58,unverified,identity_and_contract_status_required
26376,deecee,3,1312,65.9,unverified,identity_and_contract_status_required
26398,indra,1,103,58.09,unverified,identity_and_contract_status_required
26404,Zneva,2,654,61.45,unverified,identity_and_contract_status_required
26565,jas0n,1,42,61.08,unverified,identity_and_contract_status_required
26569,Slammed,3,798,64.9,unverified,identity_and_contract_status_required
26757,otaQ,3,920,66.48,unverified,identity_and_contract_status_required
26809,Tenshi,2,679,63.3,unverified,identity_and_contract_status_required
26826,6ixKey,1,225,63.71,unverified,identity_and_contract_status_required
26829,damaraa,2,679,64.59,unverified,identity_and_contract_status_required
26848,zeek,2,840,61.9,unverified,identity_and_contract_status_required
27061,nAyte,2,779,64.08,unverified,identity_and_contract_status_required
27073,ESMONDE,1,255,64.73,unverified,identity_and_contract_status_required
27173,Sovano,2,373,64.77,unverified,identity_and_contract_status_required
27254,Leviathan,3,779,73.35,unverified,identity_and_contract_status_required
27299,Koji,1,222,64.67,unverified,identity_and_contract_status_required
27321,Izuki,1,119,65.78,unverified,identity_and_contract_status_required
27326,redwesty,2,397,60.57,unverified,identity_and_contract_status_required
27336,Venka,2,979,68.58,unverified,identity_and_contract_status_required
27384,JaXe,2,982,67.94,unverified,identity_and_contract_status_required
27442,Impact,2,924,66.0,unverified,identity_and_contract_status_required
27444,Banger,2,1003,67.46,unverified,identity_and_contract_status_required
27458,EscO,1,230,66.79,unverified,identity_and_contract_status_required
27755,anxiety,1,35,62.77,unverified,identity_and_contract_status_required
27756,SavageYoddha,2,818,63.61,unverified,identity_and_contract_status_required
27765,ToXicSumit,1,58,61.32,unverified,identity_and_contract_status_required
27767,EL1TE,2,234,64.59,unverified,identity_and_contract_status_required
27775,Techno,2,979,66.33,unverified,identity_and_contract_status_required
27789,deyten,2,558,66.38,unverified,identity_and_contract_status_required
27813,zery,2,585,63.34,unverified,identity_and_contract_status_required
27879,Clewy,2,592,63.26,unverified,identity_and_contract_status_required
28024,Thander,1,44,61.13,unverified,identity_and_contract_status_required
28114,devy,1,465,63.89,unverified,identity_and_contract_status_required
28401,Pkm,4,1148,67.76,unverified,identity_and_contract_status_required
28480,Marky,1,115,64.1,unverified,identity_and_contract_status_required
28612,tricky,2,828,65.52,unverified,identity_and_contract_status_required
28715,hunterx,1,216,60.55,unverified,identity_and_contract_status_required
28870,k0rupt,3,881,59.86,unverified,identity_and_contract_status_required
28879,299,2,630,62.35,unverified,identity_and_contract_status_required
28892,Muddy,3,1139,65.73,unverified,identity_and_contract_status_required
28948,NINJA,3,797,71.92,unverified,identity_and_contract_status_required
29240,skyppervz,3,1312,66.04,unverified,identity_and_contract_status_required
29241,MiradaNinja,3,1112,65.31,unverified,identity_and_contract_status_required
29244,M1key,3,1230,60.58,unverified,identity_and_contract_status_required
29340,cunhaa,4,731,64.46,unverified,identity_and_contract_status_required
29547,ion,2,904,65.21,unverified,identity_and_contract_status_required
29553,DaGG3r,2,789,66.8,unverified,identity_and_contract_status_required
29617,chillin,1,104,61.79,unverified,identity_and_contract_status_required
29629,adore,2,635,60.82,unverified,identity_and_contract_status_required
29630,porkychop,1,17,63.98,unverified,identity_and_contract_status_required
29688,mikeE,2,1005,62.7,unverified,identity_and_contract_status_required
29691,dhawk,1,195,62.11,unverified,identity_and_contract_status_required
29823,mizzy,1,139,59.83,unverified,identity_and_contract_status_required
29840,yuran,4,1119,64.92,unverified,identity_and_contract_status_required
29994,Xini,1,170,62.54,unverified,identity_and_contract_status_required
30286,karam1l,2,1197,74.46,unverified,identity_and_contract_status_required
30305,gurbby,1,151,64.84,unverified,identity_and_contract_status_required
30456,Nass,1,93,65.27,unverified,identity_and_contract_status_required
30467,Zamal,3,999,63.2,unverified,identity_and_contract_status_required
30479,Terra,1,72,59.63,unverified,identity_and_contract_status_required
30563,ZEPHE,1,171,64.89,unverified,identity_and_contract_status_required
30575,r1seN,2,1197,64.88,unverified,identity_and_contract_status_required
30693,Makaveli,2,792,62.18,unverified,identity_and_contract_status_required
30733,Tootsie,1,55,61.17,unverified,identity_and_contract_status_required
30743,Fair,2,756,65.66,unverified,identity_and_contract_status_required
30750,eNes,1,354,57.73,unverified,identity_and_contract_status_required
30877,Lilboi,2,859,63.4,unverified,identity_and_contract_status_required
30901,ianto,2,682,65.27,unverified,identity_and_contract_status_required
30911,r1zvaN,1,151,65.66,unverified,identity_and_contract_status_required
31059,Bishepss,5,1251,61.56,unverified,identity_and_contract_status_required
31116,Nail,2,533,67.61,unverified,identity_and_contract_status_required
31276,rehn,2,685,59.45,unverified,identity_and_contract_status_required
31298,Luca,1,226,69.09,unverified,identity_and_contract_status_required
31300,Drog,1,171,64.1,unverified,identity_and_contract_status_required
31307,Yigox,1,381,64.05,unverified,identity_and_contract_status_required
31333,Gauransh,1,547,63.98,unverified,identity_and_contract_status_required
31350,Deqadz,2,789,67.57,unverified,identity_and_contract_status_required
31355,AceStaRRRRR,1,509,64.58,unverified,identity_and_contract_status_required
31371,Trinity,2,1158,66.91,unverified,identity_and_contract_status_required
31374,btaps,1,149,55.82,unverified,identity_and_contract_status_required
31476,Mephisto,3,1088,71.69,unverified,identity_and_contract_status_required
31575,ZekeNotGio,1,29,61.62,unverified,identity_and_contract_status_required
31830,Jiha,1,50,61.27,unverified,identity_and_contract_status_required
31831,Aru,1,41,63.39,unverified,identity_and_contract_status_required
31844,MK,1,229,63.33,unverified,identity_and_contract_status_required
31845,Chay,1,453,61.66,unverified,identity_and_contract_status_required
31855,Celasun,2,730,67.07,unverified,identity_and_contract_status_required
31910,Scottie,2,868,61.97,unverified,identity_and_contract_status_required
32303,delamac,2,605,65.84,unverified,identity_and_contract_status_required
32351,cullumx,1,86,61.58,unverified,identity_and_contract_status_required
32654,atlas,3,978,63.71,unverified,identity_and_contract_status_required
32675,Kring,2,770,70.37,unverified,identity_and_contract_status_required
32693,Blastz,1,108,59.54,unverified,identity_and_contract_status_required
32717,maestr0,2,888,68.15,unverified,identity_and_contract_status_required
32725,lilo,2,824,59.42,unverified,identity_and_contract_status_required
32732,Yeah,1,23,64.43,unverified,identity_and_contract_status_required
32745,frozeN,1,448,52.74,unverified,identity_and_contract_status_required
32801,turkish,2,770,70.23,unverified,identity_and_contract_status_required
32802,Luid,2,770,63.97,unverified,identity_and_contract_status_required
32823,Lafura,1,230,60.33,unverified,identity_and_contract_status_required
33070,khz,1,226,62.17,unverified,identity_and_contract_status_required
33121,Stwz1,2,959,62.03,unverified,identity_and_contract_status_required
33177,none,1,234,54.1,unverified,identity_and_contract_status_required
33190,Zoom,1,193,67.76,unverified,identity_and_contract_status_required
33274,Psych,1,103,62.38,unverified,identity_and_contract_status_required
33417,fukukeN,2,808,64.5,unverified,identity_and_contract_status_required
33453,SaQR,1,37,64.47,unverified,identity_and_contract_status_required
33464,Avvix,1,222,70.58,unverified,identity_and_contract_status_required
33522,BeX,1,356,62.59,unverified,identity_and_contract_status_required
33527,wtex,2,1177,64.83,unverified,identity_and_contract_status_required
33551,Slaughter,2,1177,66.94,unverified,identity_and_contract_status_required
33576,margaret,4,1119,69.74,unverified,identity_and_contract_status_required
33731,stonezy,5,1252,63.91,unverified,identity_and_contract_status_required
33840,luky,2,618,66.34,unverified,identity_and_contract_status_required
33974,appA,2,279,63.08,unverified,identity_and_contract_status_required
33986,kendo,1,226,63.51,unverified,identity_and_contract_status_required
33994,Creamydreamy,2,475,66.74,unverified,identity_and_contract_status_required
34005,petals,1,93,69.71,unverified,identity_and_contract_status_required
34031,Inf,1,272,60.53,unverified,identity_and_contract_status_required
34082,tupai,1,123,63.77,unverified,identity_and_contract_status_required
34100,SCar,2,373,63.22,unverified,identity_and_contract_status_required
34104,capeesha,1,225,62.86,unverified,identity_and_contract_status_required
34181,GREEN,2,355,70.2,unverified,identity_and_contract_status_required
34624,iansn,1,103,63.51,unverified,identity_and_contract_status_required
34705,e9Lair,1,230,63.91,unverified,identity_and_contract_status_required
34717,taru,1,164,63.44,unverified,identity_and_contract_status_required
34727,kAyle,3,888,65.54,unverified,identity_and_contract_status_required
34760,MeatPieN,2,1007,63.47,unverified,identity_and_contract_status_required
34774,zerurun,1,164,60.51,unverified,identity_and_contract_status_required
34775,Sota,1,240,62.65,unverified,identity_and_contract_status_required
34785,YoWamu,2,593,65.07,unverified,identity_and_contract_status_required
34825,Han,1,143,60.24,unverified,identity_and_contract_status_required
34827,Hals,3,919,64.91,unverified,identity_and_contract_status_required
34869,int,1,42,61.28,unverified,identity_and_contract_status_required
34883,Distinct,1,306,63.22,unverified,identity_and_contract_status_required
34884,Guntz,1,42,62.49,unverified,identity_and_contract_status_required
34938,R3SET,1,39,64.59,unverified,identity_and_contract_status_required
34951,Kity,1,42,60.86,unverified,identity_and_contract_status_required
34970,tenac1ous,1,23,63.27,unverified,identity_and_contract_status_required
34973,apeX,2,893,68.08,unverified,identity_and_contract_status_required
34982,Athan,2,893,68.02,unverified,identity_and_contract_status_required
34993,ExG,1,39,63.54,unverified,identity_and_contract_status_required
35377,beeb,1,213,73.1,unverified,identity_and_contract_status_required
35504,tomix,1,333,60.92,unverified,identity_and_contract_status_required
35513,samed,4,1034,65.94,unverified,identity_and_contract_status_required
35547,Raquinuki,2,51,62.6,unverified,identity_and_contract_status_required
35590,freizydeuS,1,317,53.98,unverified,identity_and_contract_status_required
35619,Sxnti,3,647,64.58,unverified,identity_and_contract_status_required
35650,Dlasqx1,3,720,63.24,unverified,identity_and_contract_status_required
35660,tok1o,3,502,61.55,unverified,identity_and_contract_status_required
35662,Zebeej,1,39,64.46,unverified,identity_and_contract_status_required
35754,Tarbosh,1,90,61.24,unverified,identity_and_contract_status_required
35919,Rayz,1,84,58.09,unverified,identity_and_contract_status_required
35927,Dano,1,19,63.29,unverified,identity_and_contract_status_required
35943,Crz,1,107,63.23,unverified,identity_and_contract_status_required
35965,Yukxx,1,251,63.51,unverified,identity_and_contract_status_required
35967,TAPHTAPH,1,251,57.85,unverified,identity_and_contract_status_required
36036,practo,2,737,62.46,unverified,identity_and_contract_status_required
36046,p0seidon,1,271,60.68,unverified,identity_and_contract_status_required
36073,AL7B,1,172,68.79,unverified,identity_and_contract_status_required
36106,skz,2,715,66.36,unverified,identity_and_contract_status_required
36168,Kimbo,3,1209,65.45,unverified,identity_and_contract_status_required
36169,mta,3,751,64.87,unverified,identity_and_contract_status_required
36389,izana,2,679,65.36,unverified,identity_and_contract_status_required
36402,kubfu,2,772,65.75,unverified,identity_and_contract_status_required
36405,maliqeye,1,185,67.61,unverified,identity_and_contract_status_required
36415,Viva,2,683,71.34,unverified,identity_and_contract_status_required
36433,phc,2,673,65.5,unverified,identity_and_contract_status_required
36616,FNooB,2,886,60.62,unverified,identity_and_contract_status_required
36626,Gam3rBl3ak,1,44,63.92,unverified,identity_and_contract_status_required
36627,HELL BOY,2,83,62.35,unverified,identity_and_contract_status_required
36639,azaziN,2,748,59.16,unverified,identity_and_contract_status_required
36756,drepeex,1,752,63.86,unverified,identity_and_contract_status_required
36886,Nicolee,1,44,64.12,unverified,identity_and_contract_status_required
37022,who,1,22,62.29,unverified,identity_and_contract_status_required
37046,slightslash,1,78,60.63,unverified,identity_and_contract_status_required
37067,Lee,1,225,63.52,unverified,identity_and_contract_status_required
37091,peixeh,2,589,68.99,unverified,identity_and_contract_status_required
37095,kwn,2,1000,61.36,unverified,identity_and_contract_status_required
37098,Tiezzi,2,961,66.21,unverified,identity_and_contract_status_required
37393,Luca,3,1060,65.65,unverified,identity_and_contract_status_required
37475,Kaily,1,187,65.56,unverified,identity_and_contract_status_required
37535,JaebiN,2,807,63.41,unverified,identity_and_contract_status_required
37639,Hyuse,2,265,58.1,unverified,identity_and_contract_status_required
37646,Ao,2,520,63.14,unverified,identity_and_contract_status_required
37697,Dro9,1,136,65.65,unverified,identity_and_contract_status_required
37704,heartless,1,290,65.25,unverified,identity_and_contract_status_required
37705,Nino,1,143,63.46,unverified,identity_and_contract_status_required
37796,bangz,1,139,64.01,unverified,identity_and_contract_status_required
37841,nosby,2,108,61.16,unverified,identity_and_contract_status_required
37847,Fighter,1,150,61.78,unverified,identity_and_contract_status_required
38345,tsägä,1,97,62.35,unverified,identity_and_contract_status_required
38347,Keks u,1,97,57.85,unverified,identity_and_contract_status_required
38353,Saud,1,222,59.67,unverified,identity_and_contract_status_required
38369,Only1,2,593,63.49,unverified,identity_and_contract_status_required
38627,Aljassmi,1,98,69.15,unverified,identity_and_contract_status_required
38857,benG,4,1333,65.34,unverified,identity_and_contract_status_required
38912,yuno,1,68,60.84,unverified,identity_and_contract_status_required
38921,Fotzy,1,270,55.55,unverified,identity_and_contract_status_required
39062,Terrox,2,585,64.42,unverified,identity_and_contract_status_required
39124,Bearrett,1,69,59.19,unverified,identity_and_contract_status_required
39157,xanic,1,153,64.12,unverified,identity_and_contract_status_required
39180,echo,1,180,56.16,unverified,identity_and_contract_status_required
39239,payne,3,1388,65.73,unverified,identity_and_contract_status_required
39245,Soerzz,1,42,60.68,unverified,identity_and_contract_status_required
39285,Fezisss,2,786,67.89,unverified,identity_and_contract_status_required
39351,wezzy,4,853,64.34,unverified,identity_and_contract_status_required
39352,Rensz,1,97,59.8,unverified,identity_and_contract_status_required
39538,Bull3tZ,2,739,60.3,unverified,identity_and_contract_status_required
39557,Xalleby,1,213,52.79,unverified,identity_and_contract_status_required
39602,Recoil,3,1344,64.7,unverified,identity_and_contract_status_required
39682,WanZeru,4,1292,63.69,unverified,identity_and_contract_status_required
39695,sunfloweR,2,1220,70.86,unverified,identity_and_contract_status_required
40003,Wintxrr,2,728,61.23,unverified,identity_and_contract_status_required
40004,globeX,5,1208,72.27,unverified,identity_and_contract_status_required
40057,BatmaN,2,420,66.92,unverified,identity_and_contract_status_required
40066,Raez10,1,209,58.85,unverified,identity_and_contract_status_required
40074,Kladenstein,2,994,61.07,unverified,identity_and_contract_status_required
40089,SALT,1,80,62.26,unverified,identity_and_contract_status_required
40106,Anir,1,47,62.9,unverified,identity_and_contract_status_required
40212,Naifma7,1,150,55.75,unverified,identity_and_contract_status_required
40218,FuRy,1,246,64.35,unverified,identity_and_contract_status_required
40279,NGen,2,468,72.0,unverified,identity_and_contract_status_required
40310,felito,2,445,60.6,unverified,identity_and_contract_status_required
40511,NIZ,2,595,70.74,unverified,identity_and_contract_status_required
40587,nysHAA,1,192,65.66,unverified,identity_and_contract_status_required
40591,ComeBack,2,503,72.67,unverified,identity_and_contract_status_required
40665,YappA,4,634,62.03,unverified,identity_and_contract_status_required
40667,mazen,4,634,58.34,unverified,identity_and_contract_status_required
40668,CHADONjr,3,300,63.1,unverified,identity_and_contract_status_required
40670,Block,1,141,63.29,unverified,identity_and_contract_status_required
40697,hAwksinho,2,570,63.22,unverified,identity_and_contract_status_required
40702,bênjiro,2,428,63.1,unverified,identity_and_contract_status_required
40726,Gwangboong,2,395,68.59,unverified,identity_and_contract_status_required
40734,Hands,1,193,62.95,unverified,identity_and_contract_status_required
40736,Kapi,1,143,56.31,unverified,identity_and_contract_status_required
40738,KillAA,1,226,63.95,unverified,identity_and_contract_status_required
40841,kabzi,1,796,67.28,unverified,identity_and_contract_status_required
40842,ibonata,2,1177,62.34,unverified,identity_and_contract_status_required
40858,raised,2,957,65.84,unverified,identity_and_contract_status_required
40859,taka,2,959,61.62,unverified,identity_and_contract_status_required
40889,decoy,2,836,68.17,unverified,identity_and_contract_status_required
40891,Batenkh,2,836,63.0,unverified,identity_and_contract_status_required
40892,diky,2,836,62.93,unverified,identity_and_contract_status_required
40910,consz,1,462,66.4,unverified,identity_and_contract_status_required
40948,falc0n,1,78,61.29,unverified,identity_and_contract_status_required
40972,Pa2Z,1,140,63.87,unverified,identity_and_contract_status_required
41076,Heizzy,1,146,67.79,unverified,identity_and_contract_status_required
41087,soull,1,246,59.25,unverified,identity_and_contract_status_required
41088,ImNotD7o,1,86,62.6,unverified,identity_and_contract_status_required
41089,potato484,1,160,62.3,unverified,identity_and_contract_status_required
41128,Mathi,3,1067,66.27,unverified,identity_and_contract_status_required
41134,nx1,3,932,68.95,unverified,identity_and_contract_status_required
41220,krejz,1,340,65.63,unverified,identity_and_contract_status_required
41224,tkzin,5,1748,70.0,unverified,identity_and_contract_status_required
41225,kramarick,2,961,67.08,unverified,identity_and_contract_status_required
41390,troizyyy,1,340,62.62,unverified,identity_and_contract_status_required
41409,vandals,2,431,61.91,unverified,identity_and_contract_status_required
41449,Campos,2,443,57.7,unverified,identity_and_contract_status_required
41456,mxnor,1,263,60.16,unverified,identity_and_contract_status_required
41466,mixyce,1,195,70.39,unverified,identity_and_contract_status_required
41482,dth,2,832,67.02,unverified,identity_and_contract_status_required
41550,zaj,3,1388,67.02,unverified,identity_and_contract_status_required
41552,doozy,2,391,62.48,unverified,identity_and_contract_status_required
41694,endoist,4,1314,74.4,unverified,identity_and_contract_status_required
41702,canady,4,1196,65.49,unverified,identity_and_contract_status_required
41718,Spear,3,669,70.46,unverified,identity_and_contract_status_required
41719,mepeezy,2,1177,64.36,unverified,identity_and_contract_status_required
41731,JulCáesar,1,174,58.2,unverified,identity_and_contract_status_required
41765,Lituu,1,126,61.0,unverified,identity_and_contract_status_required
41834,Panda,2,105,62.59,unverified,identity_and_contract_status_required
41840,NoMeRcY,2,207,63.39,unverified,identity_and_contract_status_required
41864,rodd,1,583,56.92,unverified,identity_and_contract_status_required
41866,theusz,1,142,63.79,unverified,identity_and_contract_status_required
41894,icie,1,158,63.63,unverified,identity_and_contract_status_required
42008,pAwn1,1,299,57.5,unverified,identity_and_contract_status_required
42064,hieu,2,775,55.63,unverified,identity_and_contract_status_required
42199,Rei,3,996,64.31,unverified,identity_and_contract_status_required
42317,Krish,1,193,64.49,unverified,identity_and_contract_status_required
42318,Ssqkkii,1,193,63.38,unverified,identity_and_contract_status_required
42348,Elyxo,2,391,63.52,unverified,identity_and_contract_status_required
42365,ViiZiionZzz,2,789,65.23,unverified,identity_and_contract_status_required
42371,T0BA,1,581,63.75,unverified,identity_and_contract_status_required
42491,Kaito,1,67,59.61,unverified,identity_and_contract_status_required
42513,Dingwei,1,118,68.62,unverified,identity_and_contract_status_required
42570,Necro,1,138,63.04,unverified,identity_and_contract_status_required
42633,Bjorn,1,151,61.9,unverified,identity_and_contract_status_required
42638,Amcar,2,416,66.0,unverified,identity_and_contract_status_required
42661,BarcK,2,584,64.07,unverified,identity_and_contract_status_required
42662,obx,1,138,67.77,unverified,identity_and_contract_status_required
42702,Krizz,1,493,65.66,unverified,identity_and_contract_status_required
42714,Raon,1,94,63.24,unverified,identity_and_contract_status_required
42721,Awayk,2,1100,65.76,unverified,identity_and_contract_status_required
42727,G4mM4,1,16,62.8,unverified,identity_and_contract_status_required
42755,shu,2,982,69.64,unverified,identity_and_contract_status_required
42767,VaNish,1,45,65.31,unverified,identity_and_contract_status_required
42769,wezzy,2,638,62.56,unverified,identity_and_contract_status_required
42770,XirZz,1,45,62.87,unverified,identity_and_contract_status_required
42771,Nameless,1,45,64.02,unverified,identity_and_contract_status_required
42773,Foxar,1,45,64.29,unverified,identity_and_contract_status_required
42790,SPARE,1,39,61.19,unverified,identity_and_contract_status_required
42791,sikkaN,1,39,60.89,unverified,identity_and_contract_status_required
42792,Quokka,1,39,62.35,unverified,identity_and_contract_status_required
42793,Kally,2,982,65.13,unverified,identity_and_contract_status_required
42811,cl1p,2,135,60.67,unverified,identity_and_contract_status_required
42821,DaiLy,1,43,63.63,unverified,identity_and_contract_status_required
42824,Dong2,1,93,62.8,unverified,identity_and_contract_status_required
42827,Fiesta,1,93,67.46,unverified,identity_and_contract_status_required
42828,Space,1,16,62.72,unverified,identity_and_contract_status_required
42829,AshER,1,50,63.36,unverified,identity_and_contract_status_required
42830,Fister,1,64,64.21,unverified,identity_and_contract_status_required
42834,MasterSeochanwoo,1,41,63.99,unverified,identity_and_contract_status_required
42840,J1nKyy,1,43,64.21,unverified,identity_and_contract_status_required
42842,Axe1,2,426,57.31,unverified,identity_and_contract_status_required
42843,fl0wy,1,510,62.09,unverified,identity_and_contract_status_required
42844,StreN,1,50,62.25,unverified,identity_and_contract_status_required
42879,aztex,2,770,61.54,unverified,identity_and_contract_status_required
42953,Mathias,1,108,58.87,unverified,identity_and_contract_status_required
43029,Lipsum,1,244,58.36,unverified,identity_and_contract_status_required
43045,dabuchi,1,226,63.9,unverified,identity_and_contract_status_required
43057,DH,3,821,69.07,unverified,identity_and_contract_status_required
43064,Aace,3,919,67.87,unverified,identity_and_contract_status_required
43074,Satwoshi,2,1069,57.06,unverified,identity_and_contract_status_required
43075,Excel,1,143,58.75,unverified,identity_and_contract_status_required
43090,Keimaru,1,280,64.19,unverified,identity_and_contract_status_required
43093,RIFE,1,244,54.3,unverified,identity_and_contract_status_required
43125,KADIRI,1,200,64.46,unverified,identity_and_contract_status_required
43128,FLOGA,1,200,60.9,unverified,identity_and_contract_status_required
43389,YasH,1,547,64.1,unverified,identity_and_contract_status_required
43395,Sanak,1,197,53.85,unverified,identity_and_contract_status_required
43399,LaFlame,2,398,67.17,unverified,identity_and_contract_status_required
43404,SNIPST,1,39,64.83,unverified,identity_and_contract_status_required
43405,Lavish,1,39,61.15,unverified,identity_and_contract_status_required
43408,Garv,2,836,58.76,unverified,identity_and_contract_status_required
43420,seb1rt,1,37,62.68,unverified,identity_and_contract_status_required
43428,Akdemon,2,398,64.5,unverified,identity_and_contract_status_required
43441,Bhindi,1,176,64.3,unverified,identity_and_contract_status_required
43448,Shanks,1,279,51.19,unverified,identity_and_contract_status_required
43449,bumbo,2,404,59.25,unverified,identity_and_contract_status_required
43905,Cross,1,191,58.4,unverified,identity_and_contract_status_required
43924,KaZe,1,191,64.12,unverified,identity_and_contract_status_required
43935,ruso,3,1136,62.87,unverified,identity_and_contract_status_required
43958,Yuna,1,56,59.75,unverified,identity_and_contract_status_required
43997,RYKER,3,948,62.71,unverified,identity_and_contract_status_required
44075,dedmos,5,1634,65.71,unverified,identity_and_contract_status_required
44085,Booey,1,55,60.88,unverified,identity_and_contract_status_required
44128,XiaoFeng,1,141,60.71,unverified,identity_and_contract_status_required
44139,MAREK,1,108,62.58,unverified,identity_and_contract_status_required
44170,niwt,1,163,63.96,unverified,identity_and_contract_status_required
44186,d3nZ,1,222,66.3,unverified,identity_and_contract_status_required
44251,Dignified,2,518,66.09,unverified,identity_and_contract_status_required
44259,yokam,1,510,64.81,unverified,identity_and_contract_status_required
44294,eur,1,333,56.44,unverified,identity_and_contract_status_required
44309,fish,2,1000,67.51,unverified,identity_and_contract_status_required
44344,shawz,2,607,65.05,unverified,identity_and_contract_status_required
44348,ducq,3,1078,65.49,unverified,identity_and_contract_status_required
44417,dre,3,1208,64.89,unverified,identity_and_contract_status_required
44548,NoMiss,2,207,61.68,unverified,identity_and_contract_status_required
44586,ANNYEON,2,889,65.79,unverified,identity_and_contract_status_required
44613,Yamada,1,388,55.08,unverified,identity_and_contract_status_required
44787,RayUndaunted,1,340,58.79,unverified,identity_and_contract_status_required
44838,Racoone,2,798,58.3,unverified,identity_and_contract_status_required
44903,Fw,1,583,63.57,unverified,identity_and_contract_status_required
44919,aplycs,1,272,61.47,unverified,identity_and_contract_status_required
45140,loll9,2,397,67.26,unverified,identity_and_contract_status_required
45150,RAVENCLAW,1,44,61.61,unverified,identity_and_contract_status_required
45358,yearn,1,356,62.98,unverified,identity_and_contract_status_required
45484,MAX,2,730,65.01,unverified,identity_and_contract_status_required
45500,gepard,1,93,59.72,unverified,identity_and_contract_status_required
45696,vita,2,901,65.03,unverified,identity_and_contract_status_required
45699,solada,3,1100,64.51,unverified,identity_and_contract_status_required
45706,Roses,1,197,55.3,unverified,identity_and_contract_status_required
45769,Waddles,2,786,67.88,unverified,identity_and_contract_status_required
45834,aidan,1,226,61.12,unverified,identity_and_contract_status_required
45836,Corsa,2,644,64.68,unverified,identity_and_contract_status_required
45864,Bruxo,2,893,61.58,unverified,identity_and_contract_status_required
45918,clutchz,3,859,61.96,unverified,identity_and_contract_status_required
45921,v1bz,1,68,59.86,unverified,identity_and_contract_status_required
45922,Sitolui,1,347,60.3,unverified,identity_and_contract_status_required
46011,haeyoday,1,555,68.32,unverified,identity_and_contract_status_required
46040,Youze,1,293,65.65,unverified,identity_and_contract_status_required
46046,Iceyyy,1,527,63.86,unverified,identity_and_contract_status_required
46048,R0meo,2,421,66.24,unverified,identity_and_contract_status_required
46050,elchuluno,1,114,63.25,unverified,identity_and_contract_status_required
46051,Yuvi,2,1067,64.64,unverified,identity_and_contract_status_required
46056,Jaggi,2,615,64.51,unverified,identity_and_contract_status_required
46058,s1mple,1,170,59.89,unverified,identity_and_contract_status_required
46059,Decroit,1,254,65.85,unverified,identity_and_contract_status_required
46060,luc1d,2,398,58.71,unverified,identity_and_contract_status_required
46062,hYpeF,1,58,65.75,unverified,identity_and_contract_status_required
46082,jcz,2,565,61.34,unverified,identity_and_contract_status_required
46098,Layman,1,228,65.6,unverified,identity_and_contract_status_required
46104,Envy2K,2,1195,69.17,unverified,identity_and_contract_status_required
46105,Cyrax,1,153,63.04,unverified,identity_and_contract_status_required
46121,Marcai,1,123,68.01,unverified,identity_and_contract_status_required
46126,Mighty,1,388,64.14,unverified,identity_and_contract_status_required
46182,FLAMEE,1,221,56.45,unverified,identity_and_contract_status_required
46277,huphh,1,104,70.03,unverified,identity_and_contract_status_required
46309,oteN,1,182,64.83,unverified,identity_and_contract_status_required
46360,foreign,2,1043,65.13,unverified,identity_and_contract_status_required
46440,Helas,2,414,63.57,unverified,identity_and_contract_status_required
46441,k9lyos,1,828,62.17,unverified,identity_and_contract_status_required
46442,molecule,1,126,63.49,unverified,identity_and_contract_status_required
46446,TITOUNE,2,556,65.98,unverified,identity_and_contract_status_required
46456,shed3rik,2,718,60.31,unverified,identity_and_contract_status_required
46463,twilight,3,825,65.05,unverified,identity_and_contract_status_required
46568,above,2,851,67.1,unverified,identity_and_contract_status_required
46601,om3y,1,85,60.38,unverified,identity_and_contract_status_required
46746,DrealeXJ,1,46,60.41,unverified,identity_and_contract_status_required
46901,maxhinh9,3,414,62.0,unverified,identity_and_contract_status_required
47098,Sentiro,1,43,64.49,unverified,identity_and_contract_status_required
47107,Nilo,1,59,64.54,unverified,identity_and_contract_status_required
47259,Shaimon,2,618,66.09,unverified,identity_and_contract_status_required
47467,Ady,2,1069,72.51,unverified,identity_and_contract_status_required
47472,r4bbit,1,237,61.33,unverified,identity_and_contract_status_required
47474,Russeyll,1,244,62.8,unverified,identity_and_contract_status_required
47481,Frxeez,3,888,60.25,unverified,identity_and_contract_status_required
47482,flora,3,923,66.69,unverified,identity_and_contract_status_required
47522,Kaaru,1,226,67.77,unverified,identity_and_contract_status_required
47523,Raz,5,1251,63.12,unverified,identity_and_contract_status_required
47551,sanoj,2,770,65.65,unverified,identity_and_contract_status_required
47588,Aston,1,121,67.07,unverified,identity_and_contract_status_required
47690,WooDyy,1,42,60.88,unverified,identity_and_contract_status_required
47739,mokiii,1,174,61.8,unverified,identity_and_contract_status_required
47740,Lucid,1,41,61.45,unverified,identity_and_contract_status_required
47745,Riptide,1,42,62.61,unverified,identity_and_contract_status_required
47751,Drago2Washed,1,78,60.63,unverified,identity_and_contract_status_required
47753,Leo,1,43,61.19,unverified,identity_and_contract_status_required
47754,masterz,1,205,64.68,unverified,identity_and_contract_status_required
47756,CLowNx,1,396,67.23,unverified,identity_and_contract_status_required
47761,MyTh VoiD,1,89,65.68,unverified,identity_and_contract_status_required
47764,Shivam,1,53,59.95,unverified,identity_and_contract_status_required
47773,MasK,2,328,58.09,unverified,identity_and_contract_status_required
47791,RonniE,1,44,64.45,unverified,identity_and_contract_status_required
47798,kxbiR,1,43,63.15,unverified,identity_and_contract_status_required
47801,TripleNinja,1,36,62.03,unverified,identity_and_contract_status_required
47804,sAmar,2,454,68.18,unverified,identity_and_contract_status_required
47806,GHO5T,2,80,62.59,unverified,identity_and_contract_status_required
47812,Qontra,1,44,63.62,unverified,identity_and_contract_status_required
47815,devashhessh,2,234,62.8,unverified,identity_and_contract_status_required
47816,zer0,1,62,60.95,unverified,identity_and_contract_status_required
47818,GearZ,1,62,63.06,unverified,identity_and_contract_status_required
47820,Toxii,1,62,67.33,unverified,identity_and_contract_status_required
47835,xeon,2,833,62.47,unverified,identity_and_contract_status_required
47837,gioØ2x,3,1105,61.45,unverified,identity_and_contract_status_required
47852,Boomy,2,1043,61.87,unverified,identity_and_contract_status_required
47858,Leo,3,955,64.62,unverified,identity_and_contract_status_required
47861,calamity,2,1043,60.67,unverified,identity_and_contract_status_required
47944,Itachi,1,107,66.31,unverified,identity_and_contract_status_required
47950,kappi,1,136,65.34,unverified,identity_and_contract_status_required
47958,resistance,2,238,65.43,unverified,identity_and_contract_status_required
47982,sorex,3,1100,68.56,unverified,identity_and_contract_status_required
48004,twigz,1,104,62.33,unverified,identity_and_contract_status_required
48011,Jaizerra,1,101,57.48,unverified,identity_and_contract_status_required
48012,Hada,1,561,77.51,unverified,identity_and_contract_status_required
48017,traded,2,629,71.34,unverified,identity_and_contract_status_required
48025,alym,3,747,71.42,unverified,identity_and_contract_status_required
48052,Carmine,1,142,61.99,unverified,identity_and_contract_status_required
48054,RBS,1,61,67.61,unverified,identity_and_contract_status_required
48264,Sin,1,118,69.27,unverified,identity_and_contract_status_required
48265,Letha,1,118,65.03,unverified,identity_and_contract_status_required
48272,eetu,1,118,61.99,unverified,identity_and_contract_status_required
48313,Leooo,1,107,65.85,unverified,identity_and_contract_status_required
48316,myhn,1,107,61.13,unverified,identity_and_contract_status_required
48403,xannn,1,31,62.42,unverified,identity_and_contract_status_required
48426,ghostxD,1,44,61.16,unverified,identity_and_contract_status_required
48431,Kippei,4,1119,68.82,unverified,identity_and_contract_status_required
48492,Mametu,1,193,58.52,unverified,identity_and_contract_status_required
48502,loley,1,228,64.17,unverified,identity_and_contract_status_required
48516,doffy,4,1314,65.81,unverified,identity_and_contract_status_required
48551,E13,2,127,62.97,unverified,identity_and_contract_status_required
48553,Yarwiz,1,408,61.09,unverified,identity_and_contract_status_required
48574,Nia,3,825,67.35,unverified,identity_and_contract_status_required
48575,bucute,3,825,66.0,unverified,identity_and_contract_status_required
48577,gyen,3,1060,63.81,unverified,identity_and_contract_status_required
48581,jota,1,118,64.48,unverified,identity_and_contract_status_required
48592,ada,2,277,66.22,unverified,identity_and_contract_status_required
48656,Shadow1,1,136,63.45,unverified,identity_and_contract_status_required
48705,Chaza,2,448,59.42,unverified,identity_and_contract_status_required
48729,w1sh,1,123,65.74,unverified,identity_and_contract_status_required
48763,Novacane,1,123,66.19,unverified,identity_and_contract_status_required
48800,strongtallguy62,1,416,56.76,unverified,identity_and_contract_status_required
48802,Dragon,2,684,66.02,unverified,identity_and_contract_status_required
48808,cai,1,227,66.33,unverified,identity_and_contract_status_required
48809,Jake,1,193,65.11,unverified,identity_and_contract_status_required
48862,cl4yerr,1,191,63.96,unverified,identity_and_contract_status_required
48863,Mystizip,3,1097,64.76,unverified,identity_and_contract_status_required
48864,mrtnssj,3,981,62.27,unverified,identity_and_contract_status_required
48869,Iggy,1,229,65.18,unverified,identity_and_contract_status_required
48879,SIN,1,143,61.61,unverified,identity_and_contract_status_required
48908,Xizen,1,435,58.03,unverified,identity_and_contract_status_required
48938,Keatz,1,178,58.46,unverified,identity_and_contract_status_required
48948,clush,2,259,57.22,unverified,identity_and_contract_status_required
48950,Zeni,2,259,59.14,unverified,identity_and_contract_status_required
48951,Hassan,2,748,64.88,unverified,identity_and_contract_status_required
48964,lowz,2,983,62.7,unverified,identity_and_contract_status_required
48965,khaikky,1,142,66.11,unverified,identity_and_contract_status_required
48981,nevoy,2,1180,65.58,unverified,identity_and_contract_status_required
48984,Kramz,3,466,62.93,unverified,identity_and_contract_status_required
49001,Secre,1,251,64.9,unverified,identity_and_contract_status_required
49318,Meracle,1,17,62.55,unverified,identity_and_contract_status_required
49326,mimi,1,280,65.19,unverified,identity_and_contract_status_required
49327,Lucky,1,164,58.57,unverified,identity_and_contract_status_required
49335,Mikasa,1,174,58.41,unverified,identity_and_contract_status_required
49336,MiniDLL,1,193,61.44,unverified,identity_and_contract_status_required
49341,sh0ut,1,320,62.79,unverified,identity_and_contract_status_required
49346,echo,2,868,74.59,unverified,identity_and_contract_status_required
49464,clapie,1,68,59.76,unverified,identity_and_contract_status_required
49570,Rinsat,1,547,71.2,unverified,identity_and_contract_status_required
49571,paganus,5,1634,62.21,unverified,identity_and_contract_status_required
49608,enzo,1,195,57.94,unverified,identity_and_contract_status_required
49680,Airy,1,193,61.74,unverified,identity_and_contract_status_required
49681,keisu,1,230,63.68,unverified,identity_and_contract_status_required
49711,Fitch,1,170,67.94,unverified,identity_and_contract_status_required
49713,Pure,1,74,60.58,unverified,identity_and_contract_status_required
49719,shawN,1,138,63.97,unverified,identity_and_contract_status_required
49728,beNca,1,227,63.46,unverified,identity_and_contract_status_required
49740,Demonn,1,115,62.52,unverified,identity_and_contract_status_required
49746,Gingi,1,113,63.39,unverified,identity_and_contract_status_required
49749,etnaa,1,186,62.39,unverified,identity_and_contract_status_required
49817,brast,1,37,61.04,unverified,identity_and_contract_status_required
49830,Kleine,1,46,60.53,unverified,identity_and_contract_status_required
49857,zanks,1,37,63.02,unverified,identity_and_contract_status_required
49871,Yuno,1,41,62.52,unverified,identity_and_contract_status_required
49876,Mora,1,555,62.74,unverified,identity_and_contract_status_required
49906,HoneyBunny,2,729,62.17,unverified,identity_and_contract_status_required
50018,Bosh,2,397,60.69,unverified,identity_and_contract_status_required
50021,vurtex,2,397,58.51,unverified,identity_and_contract_status_required
50064,CorSa,1,126,59.42,unverified,identity_and_contract_status_required
50070,AleZ,1,189,64.03,unverified,identity_and_contract_status_required
50075,Movv,2,605,59.01,unverified,identity_and_contract_status_required
50094,Rin,1,62,61.73,unverified,identity_and_contract_status_required
50186,qu1ckz,2,702,66.82,unverified,identity_and_contract_status_required
50206,sulunist,1,384,60.72,unverified,identity_and_contract_status_required
50223,kízy,1,115,64.04,unverified,identity_and_contract_status_required
50246,Kev,1,138,58.4,unverified,identity_and_contract_status_required
50253,Oak,1,523,66.4,unverified,identity_and_contract_status_required
50267,Br0zgA,1,61,64.03,unverified,identity_and_contract_status_required
50270,prevail,2,635,58.48,unverified,identity_and_contract_status_required
50272,rens,1,69,61.12,unverified,identity_and_contract_status_required
50288,narky,2,786,64.56,unverified,identity_and_contract_status_required
50293,Ert,1,74,62.84,unverified,identity_and_contract_status_required
50310,Cheat,1,74,60.32,unverified,identity_and_contract_status_required
50335,stark,1,152,61.2,unverified,identity_and_contract_status_required
50349,xexxar,2,1067,68.89,unverified,identity_and_contract_status_required
50423,ExpMoe,2,298,65.13,unverified,identity_and_contract_status_required
50459,tunaso,3,981,68.13,unverified,identity_and_contract_status_required
50461,deev,3,536,62.59,unverified,identity_and_contract_status_required
50581,Vecious,1,218,63.25,unverified,identity_and_contract_status_required
50623,Byucho,1,101,60.81,unverified,identity_and_contract_status_required
50625,Joluma,1,101,65.65,unverified,identity_and_contract_status_required
50758,Lroll,1,280,70.35,unverified,identity_and_contract_status_required
50759,R14h,1,237,67.92,unverified,identity_and_contract_status_required
50762,Acherron,1,237,61.62,unverified,identity_and_contract_status_required
50768,spm,2,773,59.63,unverified,identity_and_contract_status_required
50770,dny,1,81,58.4,unverified,identity_and_contract_status_required
50786,Renna,1,142,65.38,unverified,identity_and_contract_status_required
50788,140,2,836,63.98,unverified,identity_and_contract_status_required
50800,Zephyr,1,121,63.39,unverified,identity_and_contract_status_required
50813,GSR,5,1298,72.08,unverified,identity_and_contract_status_required
50814,Fractioned,3,413,61.99,unverified,identity_and_contract_status_required
50826,Ramgi,2,982,65.79,unverified,identity_and_contract_status_required
50827,Gnadel,2,953,63.75,unverified,identity_and_contract_status_required
51093,ayuta,1,179,61.03,unverified,identity_and_contract_status_required
51094,Falk,2,593,65.36,unverified,identity_and_contract_status_required
51098,hatto,1,179,59.96,unverified,identity_and_contract_status_required
51099,ZynX,2,405,71.59,unverified,identity_and_contract_status_required
51142,kuro,1,230,59.91,unverified,identity_and_contract_status_required
51249,FKEY,1,647,61.35,unverified,identity_and_contract_status_required
51254,Ko0da,1,156,61.21,unverified,identity_and_contract_status_required
51474,BSK,1,193,65.33,unverified,identity_and_contract_status_required
51475,admirooo,1,82,60.47,unverified,identity_and_contract_status_required
51536,Lethal,1,44,65.04,unverified,identity_and_contract_status_required
51542,AlphaWarrior,1,50,66.58,unverified,identity_and_contract_status_required
51543,SangraM,1,67,64.09,unverified,identity_and_contract_status_required
51546,AaG,1,67,65.83,unverified,identity_and_contract_status_required
51548,pauly,1,36,63.8,unverified,identity_and_contract_status_required
51549,kidnyuh,1,212,61.28,unverified,identity_and_contract_status_required
51555,Ichigo,1,78,65.96,unverified,identity_and_contract_status_required
51558,Exile,1,96,66.86,unverified,identity_and_contract_status_required
51559,ArfernoX,1,68,65.15,unverified,identity_and_contract_status_required
51560,HASH,1,96,64.12,unverified,identity_and_contract_status_required
51561,R1ntaro,2,178,63.71,unverified,identity_and_contract_status_required
51562,Corvus,2,53,62.7,unverified,identity_and_contract_status_required
51583,ARJUN,1,32,61.82,unverified,identity_and_contract_status_required
51585,ALT F4 B4 2L8,1,36,62.88,unverified,identity_and_contract_status_required
51589,Ext1nct,1,96,64.54,unverified,identity_and_contract_status_required
51590,ITz INSANE,1,96,64.15,unverified,identity_and_contract_status_required
51592,Zaidan,1,218,66.66,unverified,identity_and_contract_status_required
51593,RaJ,1,111,63.18,unverified,identity_and_contract_status_required
51596,Blitz,1,111,63.62,unverified,identity_and_contract_status_required
51597,INST1NCT,1,125,62.44,unverified,identity_and_contract_status_required
51599,Zaraki,1,199,64.48,unverified,identity_and_contract_status_required
51601,ScaR,2,420,66.64,unverified,identity_and_contract_status_required
51603,liam,1,101,66.45,unverified,identity_and_contract_status_required
51605,ka1ser,1,41,62.5,unverified,identity_and_contract_status_required
51613,SappyHyper,1,36,63.21,unverified,identity_and_contract_status_required
51617,ManOp,2,323,62.69,unverified,identity_and_contract_status_required
51626,RowdyCS,1,111,66.97,unverified,identity_and_contract_status_required
51628,TERMI,2,369,59.8,unverified,identity_and_contract_status_required
51629,IAMPrasad,1,276,61.41,unverified,identity_and_contract_status_required
51630,Baaz,1,276,61.89,unverified,identity_and_contract_status_required
51631,Morpheus,1,276,71.08,unverified,identity_and_contract_status_required
51632,KonsTanT,1,276,64.01,unverified,identity_and_contract_status_required
51634,Saddy,1,125,66.72,unverified,identity_and_contract_status_required
51635,Pace,1,58,64.3,unverified,identity_and_contract_status_required
51637,RawHawkeye,1,44,61.81,unverified,identity_and_contract_status_required
51638,Aman,1,44,62.15,unverified,identity_and_contract_status_required
51640,Lxgacy,1,35,61.34,unverified,identity_and_contract_status_required
51645,snowman,1,40,61.44,unverified,identity_and_contract_status_required
51652,RedoxInn,1,176,64.44,unverified,identity_and_contract_status_required
51655,Elev3n,2,345,62.3,unverified,identity_and_contract_status_required
51657,Aero,1,42,63.2,unverified,identity_and_contract_status_required
51676,prayy,1,354,64.16,unverified,identity_and_contract_status_required
51695,Gambo,2,299,65.98,unverified,identity_and_contract_status_required
51696,SynX,2,819,65.78,unverified,identity_and_contract_status_required
51818,phish,1,78,58.89,unverified,identity_and_contract_status_required
51893,minh2,2,265,65.8,unverified,identity_and_contract_status_required
52080,kkoruna,1,338,62.09,unverified,identity_and_contract_status_required
52356,saranghae,1,228,69.07,unverified,identity_and_contract_status_required
52500,pennywise,1,228,61.72,unverified,identity_and_contract_status_required
52501,Neft,1,228,61.8,unverified,identity_and_contract_status_required
52527,flank,1,171,61.37,unverified,identity_and_contract_status_required
52535,poeth,2,520,71.62,unverified,identity_and_contract_status_required
52536,ZeyNo,1,415,61.81,unverified,identity_and_contract_status_required
52537,SWINGG0D,1,97,60.36,unverified,identity_and_contract_status_required
52538,yaggert,2,259,64.66,unverified,identity_and_contract_status_required
52539,gaara,1,84,62.12,unverified,identity_and_contract_status_required
52542,LART1K3,1,114,57.15,unverified,identity_and_contract_status_required
52545,skonikS,1,66,63.29,unverified,identity_and_contract_status_required
52797,Kneehawl,1,84,60.8,unverified,identity_and_contract_status_required
52924,Jawad,2,414,62.06,unverified,identity_and_contract_status_required
52930,LALO,1,227,64.6,unverified,identity_and_contract_status_required
52931,REZE,2,533,65.03,unverified,identity_and_contract_status_required
52976,henky,1,608,59.98,unverified,identity_and_contract_status_required
53059,ASPY,1,146,65.3,unverified,identity_and_contract_status_required
53114,M0dy,1,110,65.48,unverified,identity_and_contract_status_required
53124,Suu1tan,1,246,62.57,unverified,identity_and_contract_status_required
53131,Sabortzz,3,1046,65.43,unverified,identity_and_contract_status_required
53155,ativik,1,301,60.88,unverified,identity_and_contract_status_required
53196,DarK,2,953,62.5,unverified,identity_and_contract_status_required
53324,Tenkai,1,135,61.46,unverified,identity_and_contract_status_required
53353,LIAN,1,55,60.97,unverified,identity_and_contract_status_required
53438,ayxrus,1,142,63.42,unverified,identity_and_contract_status_required
53488,CLINTOR,2,244,66.19,unverified,identity_and_contract_status_required
53490,P0WER,2,299,66.25,unverified,identity_and_contract_status_required
53491,introvert,1,218,62.12,unverified,identity_and_contract_status_required
53493,Hawk,1,111,63.74,unverified,identity_and_contract_status_required
53833,max,1,195,64.36,unverified,identity_and_contract_status_required
54011,LEVA,1,147,60.53,unverified,identity_and_contract_status_required
54016,SmiLe,1,200,55.66,unverified,identity_and_contract_status_required
54017,yuki,2,241,64.37,unverified,identity_and_contract_status_required
54082,Weegle,3,920,67.33,unverified,identity_and_contract_status_required
54124,Galdex,2,259,57.65,unverified,identity_and_contract_status_required
54175,DaNa,1,42,66.98,unverified,identity_and_contract_status_required
54412,myoo,1,118,58.72,unverified,identity_and_contract_status_required
54425,Tr0mA,2,414,63.81,unverified,identity_and_contract_status_required
54431,Lucio,2,482,63.7,unverified,identity_and_contract_status_required
54469,cobra,1,320,62.07,unverified,identity_and_contract_status_required
54723,Rabity,1,44,64.07,unverified,identity_and_contract_status_required
54802,santnas,2,836,66.33,unverified,identity_and_contract_status_required
54806,JKCF,1,121,67.8,unverified,identity_and_contract_status_required
54807,Hanaa,1,121,65.64,unverified,identity_and_contract_status_required
54967,azume,1,415,59.11,unverified,identity_and_contract_status_required
54973,Neptunee,2,484,68.99,unverified,identity_and_contract_status_required
54977,Wanlast,1,171,60.92,unverified,identity_and_contract_status_required
55008,Ju4nn,2,161,58.79,unverified,identity_and_contract_status_required
55031,Mxfia,1,135,65.18,unverified,identity_and_contract_status_required
55038,Au1,2,416,69.91,unverified,identity_and_contract_status_required
55040,fvrdrms1,1,127,65.4,unverified,identity_and_contract_status_required
55081,VdekJeNN,1,153,62.19,unverified,identity_and_contract_status_required
55083,Whiteslow,1,299,64.29,unverified,identity_and_contract_status_required
55192,chadu,1,453,66.69,unverified,identity_and_contract_status_required
55371,drakz,1,193,57.98,unverified,identity_and_contract_status_required
55459,SebZz,2,605,66.83,unverified,identity_and_contract_status_required
55461,lored,1,77,60.56,unverified,identity_and_contract_status_required
55690,lowless,2,482,59.95,unverified,identity_and_contract_status_required
55694,hezacoil,5,1546,70.71,unverified,identity_and_contract_status_required
55699,naxeu,1,97,65.81,unverified,identity_and_contract_status_required
55741,ScelzeR,2,404,59.84,unverified,identity_and_contract_status_required
55747,Opex,2,558,59.42,unverified,identity_and_contract_status_required
55748,verity,2,605,63.87,unverified,identity_and_contract_status_required
55749,Katuzo,2,557,60.98,unverified,identity_and_contract_status_required
55845,13RD,1,313,67.51,unverified,identity_and_contract_status_required
56064,her,2,265,57.43,unverified,identity_and_contract_status_required
56126,eswell,1,190,59.31,unverified,identity_and_contract_status_required
56127,HarmonY,1,190,55.43,unverified,identity_and_contract_status_required
56260,bud,1,435,70.19,unverified,identity_and_contract_status_required
56305,Folykiki,1,118,71.66,unverified,identity_and_contract_status_required
56432,Zayce,1,141,67.27,unverified,identity_and_contract_status_required
56541,akakiryuuu,1,186,61.51,unverified,identity_and_contract_status_required
56665,Kyra,2,893,63.98,unverified,identity_and_contract_status_required
56679,Kassielsy,1,141,68.48,unverified,identity_and_contract_status_required
56785,Darky,3,509,64.06,unverified,identity_and_contract_status_required
56788,tdr,1,254,62.5,unverified,identity_and_contract_status_required
56908,scarlet,1,44,61.54,unverified,identity_and_contract_status_required
56935,znajder,2,1042,68.07,unverified,identity_and_contract_status_required
56936,artru,1,129,64.16,unverified,identity_and_contract_status_required
57171,whitecat,2,603,63.57,unverified,identity_and_contract_status_required
57175,jzn,1,390,60.58,unverified,identity_and_contract_status_required
57188,tonza,3,1100,62.36,unverified,identity_and_contract_status_required
57211,onrazor,2,685,67.74,unverified,identity_and_contract_status_required
57336,Jamelinho213,4,1226,69.69,unverified,identity_and_contract_status_required
57372,Mitsuya,1,170,57.68,unverified,identity_and_contract_status_required
57377,noryy,1,222,61.52,unverified,identity_and_contract_status_required
57477,Levi,3,560,63.36,unverified,identity_and_contract_status_required
57479,Muz,2,319,62.34,unverified,identity_and_contract_status_required
57920,kospa1n,5,1251,63.93,unverified,identity_and_contract_status_required
57990,bense,2,625,62.18,unverified,identity_and_contract_status_required
57992,zetaisha,2,593,64.97,unverified,identity_and_contract_status_required
57995,Duz,2,662,62.42,unverified,identity_and_contract_status_required
58008,Tonk,1,112,74.01,unverified,identity_and_contract_status_required
58009,Krst1Ng,1,112,71.86,unverified,identity_and_contract_status_required
58018,mont1,3,1147,67.99,unverified,identity_and_contract_status_required
58038,chris,1,107,59.97,unverified,identity_and_contract_status_required
58119,rekich,1,74,58.72,unverified,identity_and_contract_status_required
58162,Sayu,2,1003,62.35,unverified,identity_and_contract_status_required
58193,Soa,1,200,59.57,unverified,identity_and_contract_status_required
58194,gan,1,200,57.92,unverified,identity_and_contract_status_required
58195,yuta,1,200,64.84,unverified,identity_and_contract_status_required
58219,EMPkido,2,174,63.35,unverified,identity_and_contract_status_required
58220,Ralack,1,254,65.85,unverified,identity_and_contract_status_required
58259,Dream1,1,185,63.61,unverified,identity_and_contract_status_required
58260,DEMON,1,185,68.03,unverified,identity_and_contract_status_required
58290,77even,3,1251,69.06,unverified,identity_and_contract_status_required
58292,metroneo,1,343,62.35,unverified,identity_and_contract_status_required
58324,Kryger,1,82,59.29,unverified,identity_and_contract_status_required
58327,Kejser,1,82,62.29,unverified,identity_and_contract_status_required
58328,mauxy,1,82,63.49,unverified,identity_and_contract_status_required
58332,Uzuharu,1,82,61.95,unverified,identity_and_contract_status_required
58373,krish,2,367,62.59,unverified,identity_and_contract_status_required
58374,ef1sS,2,876,63.66,unverified,identity_and_contract_status_required
58385,reltzy,1,80,58.32,unverified,identity_and_contract_status_required
58496,Kachoww,5,1546,73.41,unverified,identity_and_contract_status_required
58522,reblyik,5,1251,63.64,unverified,identity_and_contract_status_required
58532,Flux,1,229,65.04,unverified,identity_and_contract_status_required
58533,Chocolatte,1,229,62.3,unverified,identity_and_contract_status_required
58534,kaspas,1,229,56.43,unverified,identity_and_contract_status_required
58538,RONY,2,736,63.08,unverified,identity_and_contract_status_required
58540,Kennosuke,1,237,62.47,unverified,identity_and_contract_status_required
58541,ren,1,179,65.92,unverified,identity_and_contract_status_required
58542,Milk,1,237,59.28,unverified,identity_and_contract_status_required
58547,gray9,1,226,61.59,unverified,identity_and_contract_status_required
58549,winnable,1,50,63.61,unverified,identity_and_contract_status_required
58631,innersavage,2,718,65.5,unverified,identity_and_contract_status_required
58679,Goodnight,1,20,63.61,unverified,identity_and_contract_status_required
58707,b3zginn,2,391,56.98,unverified,identity_and_contract_status_required
58740,Esconardo,1,170,69.66,unverified,identity_and_contract_status_required
58750,Frostt,2,391,65.75,unverified,identity_and_contract_status_required
58751,Ro0t,1,224,62.26,unverified,identity_and_contract_status_required
58753,X3ryo,1,167,60.0,unverified,identity_and_contract_status_required
58913,Sami,1,67,60.73,unverified,identity_and_contract_status_required
58914,Kenma,1,67,59.25,unverified,identity_and_contract_status_required
58915,Lunar,1,34,61.3,unverified,identity_and_contract_status_required
59027,Yehia,1,52,63.8,unverified,identity_and_contract_status_required
59034,GhostaS,2,662,57.41,unverified,identity_and_contract_status_required
59036,Axhyt,1,51,64.05,unverified,identity_and_contract_status_required
59057,lucki,2,568,58.08,unverified,identity_and_contract_status_required
59061,bandz,1,143,66.41,unverified,identity_and_contract_status_required
59062,foe,1,752,67.24,unverified,identity_and_contract_status_required
59095,leadssj,3,932,67.55,unverified,identity_and_contract_status_required
59166,caioziN,1,227,58.16,unverified,identity_and_contract_status_required
59179,SykTap,1,365,53.87,unverified,identity_and_contract_status_required
59184,zankuoo,1,191,64.34,unverified,identity_and_contract_status_required
59265,mazeofmemory,2,336,66.66,unverified,identity_and_contract_status_required
59287,jinwoo,1,116,62.9,unverified,identity_and_contract_status_required
59320,George,1,143,64.85,unverified,identity_and_contract_status_required
59374,ztmonarch,1,110,63.53,unverified,identity_and_contract_status_required
59376,b00nrealcul,1,648,66.26,unverified,identity_and_contract_status_required
59514,Naroks,1,123,58.0,unverified,identity_and_contract_status_required
59559,HZBY,1,225,63.88,unverified,identity_and_contract_status_required
59715,Bích Ngọc,1,43,61.3,unverified,identity_and_contract_status_required
59810,Proxers,1,126,60.47,unverified,identity_and_contract_status_required
59863,Weenix,1,93,60.87,unverified,identity_and_contract_status_required
59960,Toastie,1,93,61.73,unverified,identity_and_contract_status_required
60063,XaiinZ,1,73,58.91,unverified,identity_and_contract_status_required
60126,impulse,1,111,66.05,unverified,identity_and_contract_status_required
60127,pryx,1,37,61.11,unverified,identity_and_contract_status_required
60134,HJ,2,171,62.31,unverified,identity_and_contract_status_required
60137,MimiS1mppp,1,63,64.81,unverified,identity_and_contract_status_required
60138,SkreaM,1,15,63.22,unverified,identity_and_contract_status_required
60142,StarKid,1,82,59.1,unverified,identity_and_contract_status_required
60143,SLASH,2,171,62.23,unverified,identity_and_contract_status_required
60145,peekaaaaaaaaa,2,171,67.64,unverified,identity_and_contract_status_required
60148,Space,1,42,66.56,unverified,identity_and_contract_status_required
60149,J33T,1,42,61.27,unverified,identity_and_contract_status_required
60151,Soka,2,119,64.66,unverified,identity_and_contract_status_required
60152,OBITO,2,119,61.85,unverified,identity_and_contract_status_required
60154,SCAR,1,14,63.45,unverified,identity_and_contract_status_required
60155,CLICKED,1,16,63.9,unverified,identity_and_contract_status_required
60157,MangoMan,1,30,61.55,unverified,identity_and_contract_status_required
60158,Moonn,2,125,61.64,unverified,identity_and_contract_status_required
60159,once he was,1,131,58.37,unverified,identity_and_contract_status_required
60162,Dp,2,135,61.53,unverified,identity_and_contract_status_required
60165,icy,1,42,61.88,unverified,identity_and_contract_status_required
60166,not high,1,28,62.35,unverified,identity_and_contract_status_required
60170,SnyXS,2,119,63.73,unverified,identity_and_contract_status_required
60172,Pacho,2,80,60.93,unverified,identity_and_contract_status_required
60184,Ninja,1,35,61.6,unverified,identity_and_contract_status_required
60188,Dracula,1,47,60.34,unverified,identity_and_contract_status_required
60201,FUT xeus,1,41,60.79,unverified,identity_and_contract_status_required
60205,Xatas,1,45,63.27,unverified,identity_and_contract_status_required
60209,ozy,1,73,63.47,unverified,identity_and_contract_status_required
60212,Kerio,1,94,62.39,unverified,identity_and_contract_status_required
60217,051,2,476,62.87,unverified,identity_and_contract_status_required
60218,juns2o,1,97,69.58,unverified,identity_and_contract_status_required
60220,Midro,2,452,71.59,unverified,identity_and_contract_status_required
60222,Daniel,1,83,60.77,unverified,identity_and_contract_status_required
60226,iwinter,1,41,62.25,unverified,identity_and_contract_status_required
60227,핑크돌고래,1,41,60.75,unverified,identity_and_contract_status_required
60229,양준서,1,41,60.86,unverified,identity_and_contract_status_required
60237,유즈하 리코,1,43,65.75,unverified,identity_and_contract_status_required
60238,formis9,1,94,67.29,unverified,identity_and_contract_status_required
60239,Kafka Hibino,1,94,64.95,unverified,identity_and_contract_status_required
60240,Roseanne,1,94,62.45,unverified,identity_and_contract_status_required
60341,hosedo,1,21,62.97,unverified,identity_and_contract_status_required
60346,sora,2,718,70.03,unverified,identity_and_contract_status_required
60536,dragneel,2,718,63.9,unverified,identity_and_contract_status_required
60537,exie,1,629,58.44,unverified,identity_and_contract_status_required
60540,rxgak,1,114,59.45,unverified,identity_and_contract_status_required
60541,VIPEX,1,260,64.16,unverified,identity_and_contract_status_required
60576,Ray,3,1334,72.45,unverified,identity_and_contract_status_required
60577,Faither,1,280,52.29,unverified,identity_and_contract_status_required
60585,TK,1,164,59.16,unverified,identity_and_contract_status_required
60586,PaiN,1,164,55.98,unverified,identity_and_contract_status_required
60637,JESKO,1,83,63.62,unverified,identity_and_contract_status_required
60638,Krexx,1,83,60.92,unverified,identity_and_contract_status_required
60639,DG09,1,83,64.34,unverified,identity_and_contract_status_required
60640,Xrizz,1,83,65.47,unverified,identity_and_contract_status_required
60650,Satoru,2,953,69.22,unverified,identity_and_contract_status_required
60669,Aspire,1,176,59.43,unverified,identity_and_contract_status_required
60671,Zenichi,2,142,65.66,unverified,identity_and_contract_status_required
60674,Rokrop,1,105,59.98,unverified,identity_and_contract_status_required
60676,Martin,1,42,67.1,unverified,identity_and_contract_status_required
60694,Clashy,1,39,60.89,unverified,identity_and_contract_status_required
60705,Ilaxo,1,191,64.38,unverified,identity_and_contract_status_required
60718,jacoblofi,1,227,62.53,unverified,identity_and_contract_status_required
60737,admr,2,90,63.95,unverified,identity_and_contract_status_required
60738,Adrianne Lenker,1,111,64.79,unverified,identity_and_contract_status_required
60739,ado enjoyer,2,440,64.36,unverified,identity_and_contract_status_required
60742,ZappY,1,35,61.94,unverified,identity_and_contract_status_required
60782,Forykoo,1,93,61.79,unverified,identity_and_contract_status_required
60806,aint,1,180,63.14,unverified,identity_and_contract_status_required
60897,Susano,1,222,63.87,unverified,identity_and_contract_status_required
60900,Senor,1,320,63.3,unverified,identity_and_contract_status_required
60901,yellowflash,1,320,61.74,unverified,identity_and_contract_status_required
60903,Facade,1,320,60.05,unverified,identity_and_contract_status_required
60907,soufy,1,320,65.13,unverified,identity_and_contract_status_required
61028,nepalwarrior,1,143,60.51,unverified,identity_and_contract_status_required
61039,soguja,1,70,64.62,unverified,identity_and_contract_status_required
61043,Corte,1,227,67.77,unverified,identity_and_contract_status_required
61044,doventor,1,172,61.11,unverified,identity_and_contract_status_required
61045,Nrk,1,172,69.62,unverified,identity_and_contract_status_required
61078,dksla,1,85,67.43,unverified,identity_and_contract_status_required
61079,xiongdi,1,284,67.53,unverified,identity_and_contract_status_required
61080,kaiju,1,161,60.87,unverified,identity_and_contract_status_required
61081,XIV,2,1050,58.18,unverified,identity_and_contract_status_required
61318,fang,2,635,70.3,unverified,identity_and_contract_status_required
61319,striker,1,163,61.32,unverified,identity_and_contract_status_required
61320,depressed abuser,1,138,61.57,unverified,identity_and_contract_status_required
61428,Tron,1,225,53.37,unverified,identity_and_contract_status_required
61846,vynz,1,470,59.4,unverified,identity_and_contract_status_required
61965,백서연,1,93,63.17,unverified,identity_and_contract_status_required
61966,Eva999,1,93,65.8,unverified,identity_and_contract_status_required
61967,TarZan,1,93,66.17,unverified,identity_and_contract_status_required
61968,Kellan,2,426,66.66,unverified,identity_and_contract_status_required
61969,감있는사나이,1,64,65.33,unverified,identity_and_contract_status_required
61970,사나이,1,64,64.56,unverified,identity_and_contract_status_required
61971,가짜사나이,1,64,67.18,unverified,identity_and_contract_status_required
61972,KˉRae,1,16,63.34,unverified,identity_and_contract_status_required
61973,ChaS2r,1,16,62.79,unverified,identity_and_contract_status_required
61974,Pochita,1,16,63.57,unverified,identity_and_contract_status_required
61975,XLG Lysoar,1,57,64.3,unverified,identity_and_contract_status_required
61976,Carry,1,57,63.42,unverified,identity_and_contract_status_required
61977,Husenai,1,57,65.47,unverified,identity_and_contract_status_required
61978,Prix,1,45,63.03,unverified,identity_and_contract_status_required
61979,KID,1,45,61.88,unverified,identity_and_contract_status_required
61980,홍도성V1,1,45,62.27,unverified,identity_and_contract_status_required
61981,이쁘니,1,45,62.06,unverified,identity_and_contract_status_required
61982,エスデス 에스데스,1,45,64.0,unverified,identity_and_contract_status_required
61983,1030,1,50,62.74,unverified,identity_and_contract_status_required
61984,Jereg,1,43,61.31,unverified,identity_and_contract_status_required
61985,Zoltraak,2,478,63.11,unverified,identity_and_contract_status_required
62014,naykoo,1,93,58.86,unverified,identity_and_contract_status_required
62029,Cazkla,2,736,54.63,unverified,identity_and_contract_status_required
62030,distinct,2,736,58.22,unverified,identity_and_contract_status_required
62031,Jinbay,1,421,60.35,unverified,identity_and_contract_status_required
62032,tarkun,2,736,65.22,unverified,identity_and_contract_status_required
62033,daydus,1,193,61.41,unverified,identity_and_contract_status_required
62034,Karaage,2,1069,59.75,unverified,identity_and_contract_status_required
62035,winter,1,179,71.21,unverified,identity_and_contract_status_required
62165,MattsLP,1,69,58.95,unverified,identity_and_contract_status_required
62183,caqu,1,23,64.57,unverified,identity_and_contract_status_required
62259,penny,2,137,62.56,unverified,identity_and_contract_status_required
62270,Spare10,1,60,63.97,unverified,identity_and_contract_status_required
62287,Lolo,3,718,58.81,unverified,identity_and_contract_status_required
62402,KiTae,3,1145,65.5,unverified,identity_and_contract_status_required
62403,Fric,2,1002,63.96,unverified,identity_and_contract_status_required
62404,Sovereign,2,1002,62.44,unverified,identity_and_contract_status_required
62405,RgoN,2,1002,63.49,unverified,identity_and_contract_status_required
62406,Day1,2,370,60.35,unverified,identity_and_contract_status_required
62407,Zayn,1,325,63.87,unverified,identity_and_contract_status_required
62445,Le0,2,60,64.5,unverified,identity_and_contract_status_required
62466,Sof1ane,1,58,65.04,unverified,identity_and_contract_status_required
62764,killua,1,198,61.38,unverified,identity_and_contract_status_required
62765,Trippie,1,198,61.99,unverified,identity_and_contract_status_required
62766,Ark,1,198,62.23,unverified,identity_and_contract_status_required
62767,BratZ,1,198,62.02,unverified,identity_and_contract_status_required
62768,S one,1,198,64.82,unverified,identity_and_contract_status_required
62771,alvi2k,1,185,63.65,unverified,identity_and_contract_status_required
62772,Frenzy,1,185,64.01,unverified,identity_and_contract_status_required
62773,Flexx,1,185,61.69,unverified,identity_and_contract_status_required
62774,Hackelllllllllll,1,130,65.23,unverified,identity_and_contract_status_required
62775,Trident,1,209,66.49,unverified,identity_and_contract_status_required
62776,Cau7ion,1,209,67.29,unverified,identity_and_contract_status_required
62777,HopSta,2,251,64.45,unverified,identity_and_contract_status_required
62778,TRIXUMP,1,176,64.4,unverified,identity_and_contract_status_required
62779,GODSPREE,1,176,70.15,unverified,identity_and_contract_status_required
62780,BADSHAH,1,276,60.56,unverified,identity_and_contract_status_required
62781,zFROST,1,64,60.78,unverified,identity_and_contract_status_required
62782,Tall Feminist,1,64,67.88,unverified,identity_and_contract_status_required
62783,DiviNE,1,64,66.24,unverified,identity_and_contract_status_required
62784,DeepiT,1,64,66.83,unverified,identity_and_contract_status_required
62785,hyokA,1,64,60.5,unverified,identity_and_contract_status_required
62786,Lisan al Gaib,1,89,66.21,unverified,identity_and_contract_status_required
62787,modu,1,68,65.55,unverified,identity_and_contract_status_required
62788,garry,1,68,60.55,unverified,identity_and_contract_status_required
62789,Awqwrd,1,68,59.68,unverified,identity_and_contract_status_required
62790,MADTOi,1,68,61.01,unverified,identity_and_contract_status_required
62791,C0mPact L0vER,1,101,67.02,unverified,identity_and_contract_status_required
62792,S1N,1,101,65.72,unverified,identity_and_contract_status_required
62793,Vyom,1,101,60.15,unverified,identity_and_contract_status_required
62794,Terrox,1,101,63.67,unverified,identity_and_contract_status_required
62795,RekoN,1,101,61.54,unverified,identity_and_contract_status_required
62796,Reaper,1,44,60.64,unverified,identity_and_contract_status_required
62797,SaVage,1,44,64.04,unverified,identity_and_contract_status_required
62798,Mr Cyberx,2,311,54.65,unverified,identity_and_contract_status_required
62800,AKKAZA,1,40,63.72,unverified,identity_and_contract_status_required
62801,eze,2,141,64.17,unverified,identity_and_contract_status_required
62802,b0nkFR,2,141,65.84,unverified,identity_and_contract_status_required
62803,snoww,1,40,63.44,unverified,identity_and_contract_status_required
62804,Tsurugi,1,35,63.33,unverified,identity_and_contract_status_required
62805,Alive,1,35,63.74,unverified,identity_and_contract_status_required
62806,Dallu,2,72,61.98,unverified,identity_and_contract_status_required
62807,PeePeePooPoo,1,35,62.15,unverified,identity_and_contract_status_required
62808,Eagle,1,35,63.11,unverified,identity_and_contract_status_required
62809,RevelK,1,35,62.93,unverified,identity_and_contract_status_required
62810,BabyMeoW,1,35,62.41,unverified,identity_and_contract_status_required
62811,KUROKAMI,1,35,62.55,unverified,identity_and_contract_status_required
62813,Russel,1,62,66.1,unverified,identity_and_contract_status_required
62814,0xygen,1,46,62.42,unverified,identity_and_contract_status_required
62815,Rusty,1,46,63.16,unverified,identity_and_contract_status_required
62816,DeadlyGod,1,46,63.02,unverified,identity_and_contract_status_required
62817,sobisno1,1,46,62.4,unverified,identity_and_contract_status_required
62818,ep1c,1,46,62.2,unverified,identity_and_contract_status_required
62822,GhostyXD,2,119,63.65,unverified,identity_and_contract_status_required
62823,MumbaiHater,1,41,63.73,unverified,identity_and_contract_status_required
62824,INDRAJEET,1,30,61.55,unverified,identity_and_contract_status_required
62825,Homie,1,30,61.55,unverified,identity_and_contract_status_required
62826,BruhWTF,1,30,61.63,unverified,identity_and_contract_status_required
62827,HarshWho,1,36,61.57,unverified,identity_and_contract_status_required
62828,Khan,1,28,61.7,unverified,identity_and_contract_status_required
62829,風中的屁,1,28,61.71,unverified,identity_and_contract_status_required
62830,sensei,1,28,62.1,unverified,identity_and_contract_status_required
62831,x0k,1,28,61.7,unverified,identity_and_contract_status_required
62832,Swagzera,1,38,61.55,unverified,identity_and_contract_status_required
62833,neo,1,38,61.87,unverified,identity_and_contract_status_required
62834,Night Wolf 27,1,38,61.11,unverified,identity_and_contract_status_required
62835,7000,1,38,66.71,unverified,identity_and_contract_status_required
62836,TFS,1,38,61.11,unverified,identity_and_contract_status_required
62837,N 1 N J 4,1,146,63.57,unverified,identity_and_contract_status_required
62838,MoTo MoTo,1,146,62.66,unverified,identity_and_contract_status_required
62839,Luttappy,1,146,63.65,unverified,identity_and_contract_status_required
62840,fr0sty,1,146,60.49,unverified,identity_and_contract_status_required
62841,PoTaTO,1,174,59.95,unverified,identity_and_contract_status_required
62842,69gunner,1,174,61.8,unverified,identity_and_contract_status_required
62843,gates of olympus,1,174,62.41,unverified,identity_and_contract_status_required
62844,muthlab enjoyer,1,133,64.44,unverified,identity_and_contract_status_required
62845,Cry me a river,1,117,60.64,unverified,identity_and_contract_status_required
62846,s1lent,1,117,59.32,unverified,identity_and_contract_status_required
62847,Azrael,1,117,66.22,unverified,identity_and_contract_status_required
62848,Flickzz,1,117,61.25,unverified,identity_and_contract_status_required
62849,Embrace It,1,117,57.01,unverified,identity_and_contract_status_required
62850,Jerk,1,19,64.79,unverified,identity_and_contract_status_required
62851,Zipline,2,440,64.4,unverified,identity_and_contract_status_required
62852,V1Ren,2,440,63.63,unverified,identity_and_contract_status_required
62853,DhruvxBot,2,440,64.9,unverified,identity_and_contract_status_required
62854,Raptor,2,323,66.89,unverified,identity_and_contract_status_required
62855,Vexyy,1,111,61.0,unverified,identity_and_contract_status_required
62856,strawberry,1,78,60.24,unverified,identity_and_contract_status_required
62857,arzvak,1,78,63.76,unverified,identity_and_contract_status_required
62858,HeadshotAccident,1,102,57.48,unverified,identity_and_contract_status_required
62859,Atomix,1,102,59.99,unverified,identity_and_contract_status_required
62860,RXDirewolf,1,42,64.34,unverified,identity_and_contract_status_required
62861,Ab,1,42,67.3,unverified,identity_and_contract_status_required
62862,Attack on towers,1,125,65.07,unverified,identity_and_contract_status_required
62863,ItsBlank,1,125,62.33,unverified,identity_and_contract_status_required
62864,Suho Kim,1,125,64.31,unverified,identity_and_contract_status_required
62865,senaRio,1,111,66.05,unverified,identity_and_contract_status_required
62866,Levi,1,84,63.1,unverified,identity_and_contract_status_required
62867,Kiritooo,1,84,64.49,unverified,identity_and_contract_status_required
62868,SCΛR,1,37,62.39,unverified,identity_and_contract_status_required
62869,Ashborn,1,84,64.66,unverified,identity_and_contract_status_required
62870,Martin,1,63,61.79,unverified,identity_and_contract_status_required
62871,d3vanshfps,1,105,63.46,unverified,identity_and_contract_status_required
62872,MhAtrE,1,105,63.51,unverified,identity_and_contract_status_required
62873,d0mvlr,1,105,67.91,unverified,identity_and_contract_status_required
62874,FURYY,1,20,62.35,unverified,identity_and_contract_status_required
62875,howaboutn0,1,43,64.22,unverified,identity_and_contract_status_required
62876,igoontoher,1,23,63.35,unverified,identity_and_contract_status_required
62877,peri peri,1,44,64.42,unverified,identity_and_contract_status_required
62878,Neha,1,32,61.78,unverified,identity_and_contract_status_required
62879,Killua,1,32,61.86,unverified,identity_and_contract_status_required
62880,Fanom,1,32,62.01,unverified,identity_and_contract_status_required
62881,GOKU69,1,32,62.52,unverified,identity_and_contract_status_required
62882,Fuse,1,68,64.84,unverified,identity_and_contract_status_required
62883,narcissism,1,68,63.57,unverified,identity_and_contract_status_required
62884,Kratos,2,107,62.11,unverified,identity_and_contract_status_required
62886,hurricane,1,41,62.22,unverified,identity_and_contract_status_required
62887,TurretDestroyer,1,41,60.9,unverified,identity_and_contract_status_required
62888,SAM,1,41,64.55,unverified,identity_and_contract_status_required
62889,Nexus,1,41,64.91,unverified,identity_and_contract_status_required
62890,ZXR,1,41,63.33,unverified,identity_and_contract_status_required
62891,Lasthope4,1,61,65.48,unverified,identity_and_contract_status_required
62892,akku,1,61,64.33,unverified,identity_and_contract_status_required
62893,XENON,1,61,60.69,unverified,identity_and_contract_status_required
62894,I Miss Her,1,61,60.48,unverified,identity_and_contract_status_required
62895,Art1st,2,125,65.55,unverified,identity_and_contract_status_required
62896,Apocalypse,1,78,61.92,unverified,identity_and_contract_status_required
62897,Modi,1,78,63.51,unverified,identity_and_contract_status_required
62898,FireBalL,1,78,65.1,unverified,identity_and_contract_status_required
62899,NoMad,1,37,61.08,unverified,identity_and_contract_status_required
62900,Mahika,1,37,65.32,unverified,identity_and_contract_status_required
62901,Arin,1,37,61.25,unverified,identity_and_contract_status_required
62902,GurmaanSingh,1,37,61.8,unverified,identity_and_contract_status_required
62903,SicaN,1,37,64.44,unverified,identity_and_contract_status_required
62904,ThatDude16,1,32,62.08,unverified,identity_and_contract_status_required
62905,ProBot,1,32,61.73,unverified,identity_and_contract_status_required
62906,shot deke gayab,1,32,61.4,unverified,identity_and_contract_status_required
62907,notyourßΔKΔ,1,32,62.6,unverified,identity_and_contract_status_required
62908,pomme,2,104,63.08,unverified,identity_and_contract_status_required
62909,scooty,1,65,65.15,unverified,identity_and_contract_status_required
62910,Max surya,1,65,62.67,unverified,identity_and_contract_status_required
62911,Zealous,1,65,60.36,unverified,identity_and_contract_status_required
62912,BehindYouBro,1,47,63.76,unverified,identity_and_contract_status_required
62913,ReignOfWrath,1,47,64.16,unverified,identity_and_contract_status_required
62914,Leo,1,47,64.05,unverified,identity_and_contract_status_required
62915,DesTinY Pew Pew,1,47,64.98,unverified,identity_and_contract_status_required
62916,cyboorg3,1,47,64.0,unverified,identity_and_contract_status_required
62917,Rio,1,41,65.23,unverified,identity_and_contract_status_required
62918,Atomi6,1,41,62.28,unverified,identity_and_contract_status_required
62919,ImaGine,1,41,61.25,unverified,identity_and_contract_status_required
62920,FlicK,1,41,62.44,unverified,identity_and_contract_status_required
62921,Hemtej,1,42,62.63,unverified,identity_and_contract_status_required
62922,Tan,1,42,61.6,unverified,identity_and_contract_status_required
62923,F7ASH,1,42,63.73,unverified,identity_and_contract_status_required
62924,smollmodda,1,42,64.65,unverified,identity_and_contract_status_required
62925,ZazzyXO,1,42,63.71,unverified,identity_and_contract_status_required
62944,UDeaD,1,140,59.37,unverified,identity_and_contract_status_required
62945,A n x i e t y,1,207,60.11,unverified,identity_and_contract_status_required
62946,XEBEC,1,79,59.4,unverified,identity_and_contract_status_required
62947,yilai,1,259,74.25,unverified,identity_and_contract_status_required
63008,Yusung,1,61,65.58,unverified,identity_and_contract_status_required
63093,dlak,1,92,63.42,unverified,identity_and_contract_status_required
63107,ra1ny,1,415,76.0,unverified,identity_and_contract_status_required
63152,meyern,1,191,59.54,unverified,identity_and_contract_status_required
63153,sanpwee,1,101,64.13,unverified,identity_and_contract_status_required
63154,XoNs,3,625,61.93,unverified,identity_and_contract_status_required
63180,wertlle,1,55,64.74,unverified,identity_and_contract_status_required
63199,Esqetic,1,93,61.56,unverified,identity_and_contract_status_required
63200,noasZ,1,93,64.82,unverified,identity_and_contract_status_required
63201,juny,1,93,58.65,unverified,identity_and_contract_status_required
63203,dekspook,1,172,61.75,unverified,identity_and_contract_status_required
63204,Joe Goldberg,1,87,61.08,unverified,identity_and_contract_status_required
63215,joe goldberg,1,56,61.45,unverified,identity_and_contract_status_required
63512,kztnotrui,1,374,61.91,unverified,identity_and_contract_status_required
63666,Matkazeta,2,506,58.1,unverified,identity_and_contract_status_required
63725,aiwas,2,106,62.48,unverified,identity_and_contract_status_required
63726,koszer,1,109,59.39,unverified,identity_and_contract_status_required
64134,WexijZX,1,108,61.68,unverified,identity_and_contract_status_required
64135,Rai Caa,1,108,62.22,unverified,identity_and_contract_status_required
64286,xirxia,1,36,61.11,unverified,identity_and_contract_status_required
64340,Lokii,1,33,62.98,unverified,identity_and_contract_status_required
64512,Tacobencota,1,40,61.29,unverified,identity_and_contract_status_required
64692,kiersaz,1,87,68.55,unverified,identity_and_contract_status_required
64693,Xeno,1,101,62.32,unverified,identity_and_contract_status_required
64694,YΛSH,1,212,63.02,unverified,identity_and_contract_status_required
64695,Zodiac,1,86,62.98,unverified,identity_and_contract_status_required
64696,MisF0rtunE,1,78,59.98,unverified,identity_and_contract_status_required
64697,Phantom,1,61,63.36,unverified,identity_and_contract_status_required
64698,final boss,1,47,63.7,unverified,identity_and_contract_status_required
64699,phoT0N,1,47,65.58,unverified,identity_and_contract_status_required
64700,Kelzier,1,47,61.8,unverified,identity_and_contract_status_required
64701,pissbaby,1,42,60.83,unverified,identity_and_contract_status_required
64702,jin,1,42,64.73,unverified,identity_and_contract_status_required
64734,Rody,1,179,65.61,unverified,identity_and_contract_status_required
64735,YzaE,1,435,52.98,unverified,identity_and_contract_status_required
64736,Kitsch,1,435,60.48,unverified,identity_and_contract_status_required
64737,wish,1,45,61.7,unverified,identity_and_contract_status_required
64738,Fr1ght,1,45,60.48,unverified,identity_and_contract_status_required
64739,rsd,1,513,59.85,unverified,identity_and_contract_status_required
64740,Taegeuk,1,513,65.92,unverified,identity_and_contract_status_required
64741,Beom,1,513,58.11,unverified,identity_and_contract_status_required
64742,YJ,1,513,63.94,unverified,identity_and_contract_status_required
64747,Kylerr,1,244,64.44,unverified,identity_and_contract_status_required
64748,Hisuy,1,244,57.32,unverified,identity_and_contract_status_required
64749,Yota,1,280,61.15,unverified,identity_and_contract_status_required
64752,ショットガン脇田,1,280,58.37,unverified,identity_and_contract_status_required
64753,Shimons,1,315,60.13,unverified,identity_and_contract_status_required
64755,Aho,1,200,58.26,unverified,identity_and_contract_status_required
65194,LAT Gen08,1,39,61.3,unverified,identity_and_contract_status_required
65389,skuzy,1,256,62.24,unverified,identity_and_contract_status_required
65392,Ease,1,87,63.58,unverified,identity_and_contract_status_required
65394,Akira,1,78,58.75,unverified,identity_and_contract_status_required
65396,Sane,1,98,59.12,unverified,identity_and_contract_status_required
65401,Spare5,1,98,60.45,unverified,identity_and_contract_status_required
65402,msh,1,123,61.27,unverified,identity_and_contract_status_required
65403,demonn,1,68,61.07,unverified,identity_and_contract_status_required
